TIMESTAMP,CPU_CYCLES,INSTRUCTIONS,CACHE_MISSES,BRANCH_MISSES,LABEL
00:47:58:801,228529,194138,0,194,0
00:47:59:001,120001524,46936663,2267264,110,0
00:47:59:201,120001020,47273173,2278311,112,0
00:47:59:401,120001349,47196241,2270153,115,0
00:47:59:601,120001249,47248243,2276409,109,0
00:47:59:801,120001098,47215609,2271640,109,0
00:48:00:001,120001389,47124493,2262085,106,0
00:48:00:201,120001250,47243966,2275397,107,0
00:48:00:401,120001400,47226600,2273758,109,0
00:48:00:601,120000705,47172283,2267156,103,0
00:48:00:801,120000854,47090675,2273704,109,0
00:48:01:001,120000859,47054981,2273329,102,0
00:48:01:201,120000634,47048854,2272968,102,0
00:48:01:401,120001127,47084289,2267474,103,0
00:48:01:601,120001513,47247046,2275075,102,0
00:48:01:801,120001448,47189248,2269001,100,0
00:48:02:001,120001381,47192948,2269047,98,0
00:48:02:201,120001492,47158036,2265668,105,0
00:48:02:401,120000806,47069098,2265857,119,0
00:48:02:601,120000868,47002643,2273114,104,0
00:48:02:801,120000936,47150115,2274318,114,0
00:48:03:001,120001408,46943246,2261596,109,0
00:48:03:201,120001147,47111479,2260570,105,0
00:48:03:401,120001289,47198549,2270079,102,0
00:48:03:601,120000513,47175011,2268149,107,0
00:48:03:801,120000618,46946954,2272233,102,0
00:48:04:001,120000762,47390951,2278344,110,0
00:48:04:201,120000507,47194592,2275332,106,0
00:48:04:401,120000574,47095452,2274475,106,0
00:48:04:601,120000919,47179779,2275076,107,0
00:48:04:801,120000641,47200437,2275552,104,0
00:48:05:001,120000821,47288945,2276894,112,0
00:48:05:201,120000846,47279043,2276612,106,0
00:48:05:401,120000758,47257475,2276422,100,0
00:48:05:601,120000538,47275877,2276634,106,0
00:48:05:801,120000688,47401709,2278162,110,0
00:48:06:001,120000954,47334087,2276882,98,0
00:48:06:201,120000711,47306787,2277058,111,0
00:48:06:401,120000994,47454045,2285044,112,0
00:48:06:601,120001400,47355361,2287987,105,0
00:48:06:801,120001050,47385331,2290890,116,0
00:48:07:001,120000614,47544497,2286236,109,0
00:48:07:201,120000779,47240939,2275970,110,0
00:48:07:401,120000743,47318412,2276959,101,0
00:48:07:601,120000687,47572892,2280428,108,0
00:48:07:801,120001829,47455468,2294116,104,0
00:48:08:001,120001080,47291155,2280415,116,0
00:48:08:201,120001273,47361778,2288824,108,0
00:48:08:401,120001307,47245795,2275624,102,0
00:48:08:601,120000620,47417266,2286508,107,0
00:48:08:801,120000798,47417457,2278896,106,0
00:48:09:001,120000628,47371020,2277765,108,0
00:48:09:201,120000509,47425292,2278924,99,0
00:48:09:401,120001263,47470564,2290614,106,0
00:48:09:601,120001381,47244355,2275944,101,0
00:48:09:801,120001296,47295018,2280771,103,0
00:48:10:001,120001047,47453814,2298794,104,0
00:48:10:201,120000708,47421712,2280130,110,0
00:48:10:401,120000598,47482093,2279030,106,0
00:48:10:601,120000775,47432474,2278164,115,0
00:48:10:801,120000664,47143515,2273991,108,0
00:48:11:001,120000868,47459812,2279512,114,0
00:48:11:201,120001289,47424364,2295221,110,0
00:48:11:401,120001344,47342914,2285946,104,0
00:48:11:601,120000480,47547717,2289887,115,0
00:48:11:801,120000595,47314652,2277179,105,0
00:48:12:001,120000510,47618220,2281102,107,0
00:48:12:201,120001023,47468262,2297006,105,0
00:48:12:401,120000940,47267883,2278594,105,0
00:48:12:601,120001489,47342196,2286505,105,0
00:48:12:801,120000520,47466258,2286780,112,0
00:48:13:001,120000517,47510067,2279667,107,0
00:48:13:201,120000474,47404931,2278064,105,0
00:48:13:401,120001259,47387998,2280893,111,0
00:48:13:601,120000807,47430048,2296102,113,0
00:48:14:201,120000448,265134560,403,163,0
00:48:14:201,120000448,265134560,403,163,0
00:48:14:401,120001206,59169217,2167198,119,0
00:48:14:601,120001389,47325472,2283594,114,0
00:48:14:801,120000815,47582009,2281794,118,0
00:48:15:001,120000940,47582595,2280263,106,0
00:48:15:201,120001732,47361033,2287886,104,0
00:48:15:401,120001114,47298832,2280843,114,0
00:48:15:601,120001124,47432745,2297014,109,0
00:48:15:801,120000764,47569768,2284291,116,0
00:48:16:001,120000566,47498001,2279528,103,0
00:48:16:201,120001366,47420169,2281354,121,0
00:48:16:401,120001275,47413942,2294130,98,0
00:48:16:601,120000621,47480858,2295786,109,0
00:48:16:801,120000791,47540923,2279472,108,0
00:48:17:001,120000796,47493356,2279380,104,0
00:48:17:201,120001271,47385464,2284585,113,0
00:48:17:401,120001419,47395366,2291626,111,0
00:48:17:601,120000840,47441506,2294664,114,0
00:48:17:801,120000628,47582010,2280791,114,0
00:48:18:001,120000957,47602374,2285603,107,0
00:48:18:201,120001727,47450559,2298878,113,0
00:48:18:401,120000676,47397586,2289176,120,0
00:48:18:601,120001496,47921403,2289148,100,0
00:48:18:801,120001074,47362795,2288369,103,0
00:48:19:001,120000824,47568328,2301410,105,0
00:48:19:201,120000792,47336467,2277072,100,0
00:48:19:401,120001091,47744626,2284841,108,0
00:48:19:601,120001345,47474165,2301274,113,0
00:48:19:801,120000675,47386448,2290163,105,0
00:48:20:001,120000495,47598444,2280275,110,0
00:48:20:201,120000694,47438179,2279117,112,0
00:48:20:401,120001227,47529947,2296400,105,0
00:48:20:601,120002528,47278015,2278742,101,0
00:48:20:801,120000974,47592783,2298206,111,0
00:48:21:001,120000483,47683882,2281725,108,0
00:48:21:201,120001407,47381627,2284965,101,0
00:48:21:401,120001411,47361418,2288093,106,0
00:48:21:601,120001102,47353156,2287499,104,0
00:48:21:801,120000692,47682995,2290448,104,0
00:48:22:001,120001455,47663161,2291640,116,0
00:48:22:201,120000947,47400089,2293260,115,0
00:48:22:401,120001465,47341332,2286068,102,0
00:48:22:601,120000553,47375954,2280879,112,0
00:48:22:801,120000812,47427699,2278498,110,0
00:48:23:001,120000625,47571310,2280249,120,0
00:48:23:201,120000598,47253953,2277075,107,0
00:48:23:401,120001248,47368011,2282744,117,0
00:48:23:601,120001160,47513059,2305175,110,0
00:48:23:801,120000724,47415552,2283975,109,0
00:48:24:001,120000708,47795139,2283236,116,0
00:48:24:201,120001408,47461619,2298673,110,0
00:48:24:401,120000692,47486307,2295360,116,0
00:48:24:601,120000750,47536705,2280057,104,0
00:48:24:801,120000595,47475452,2279045,105,0
00:48:25:001,120001158,47400187,2284816,113,0
00:48:25:201,120001405,47442643,2297409,106,0
00:48:25:401,120001184,47300371,2281945,104,0
00:48:25:601,120000521,47572958,2286153,107,0
00:48:25:801,120000772,47441783,2279328,100,0
00:48:26:001,120001289,47624467,2297243,98,0
00:48:26:201,120001269,47410587,2293961,108,0
00:48:26:401,120000909,47423216,2281776,111,0
00:48:26:601,120000837,47513432,2279341,108,0
00:48:26:801,120000781,47354422,2277116,112,0
00:48:27:001,120001158,47527747,2291260,109,0
00:48:27:201,120001074,47481109,2301480,95,0
00:48:27:401,120001000,47622126,2283642,105,0
00:48:27:601,120001405,47621563,2286281,103,0
00:48:27:801,120001214,47343859,2286182,118,0
00:48:28:002,120001151,47422339,2295399,110,0
00:48:28:202,120001017,47434144,2283032,100,0
00:48:28:402,120000743,47733029,2282643,107,0
00:48:28:602,120001631,47426531,2291651,112,0
00:48:28:802,120001324,47373073,2289991,96,0
00:48:29:002,120000823,47399640,2289072,109,0
00:48:29:602,120000463,265141469,401,158,0
00:48:29:602,120000463,265141469,401,158,0
00:48:29:802,120001325,106749773,1664098,125,0
00:48:30:002,120001171,47373613,2290070,102,0
00:48:30:202,120000765,47565576,2285488,105,0
00:48:30:402,120000893,47413736,2278413,111,0
00:48:30:602,120001656,47526948,2284168,114,0
00:48:30:802,120001385,47349475,2286307,110,0
00:48:31:002,120001240,47359699,2288280,101,0
00:48:31:202,120001067,47380224,2289006,109,0
00:48:31:402,120000668,47710145,2282364,112,0
00:48:31:602,120001180,47590187,2295580,103,0
00:48:31:802,120001242,47336029,2286193,105,0
00:48:32:002,120000759,47608889,2293484,102,0
00:48:32:202,120000623,47300811,2276319,111,0
00:48:32:402,120000809,47482035,2279429,104,0
00:48:32:602,120001584,47542066,2293954,109,0
00:48:32:802,120001657,47411692,2294497,101,0
00:48:33:002,120000874,47435776,2286083,111,0
00:48:33:202,120000759,47629365,2281489,110,0
00:48:33:402,120001733,47445529,2281307,99,0
00:48:33:602,120001293,47441601,2296501,107,0
00:48:33:802,120000808,47493540,2294237,99,0
00:48:34:002,120000904,47310853,2277257,112,0
00:48:34:202,120000796,47574070,2280142,99,0
00:48:34:402,120000812,47417840,2278235,107,0
00:48:34:602,120001407,47489936,2300776,114,0
00:48:34:802,120000756,47567737,2294698,100,0
00:48:35:002,120000899,47517795,2279142,105,0
00:48:35:202,120001094,47554457,2287750,109,0
00:48:35:402,120001304,47405208,2292919,108,0
00:48:35:602,120001580,47223862,2272939,107,0
00:48:35:802,120000775,47524992,2295430,109,0
00:48:36:002,120001024,47427414,2278173,103,0
00:48:36:202,120000721,47429420,2279284,109,0
00:48:36:402,120000843,47411889,2278662,119,0
00:48:36:602,120001516,47378646,2287080,120,0
00:48:36:802,120001166,47300534,2282191,99,0
00:48:37:002,120001171,47362986,2288084,103,0
00:48:37:202,120000728,47824818,2295420,111,0
00:48:37:402,120001592,47541138,2289006,115,0
00:48:37:602,120001004,47281545,2279382,101,0
00:48:37:802,120001085,47268071,2277784,109,0
00:48:38:002,120001132,47440249,2296894,107,0
00:48:38:202,120000852,47537363,2284153,110,0
00:48:38:402,120001172,47678429,2283249,111,0
00:48:38:602,120000958,47433634,2296667,115,0
00:48:38:802,120000804,47520024,2297083,115,0
00:48:39:002,120000861,47807837,2283260,99,0
00:48:39:202,120001401,47320329,2282972,110,0
00:48:39:402,120001516,47425075,2295645,107,0
00:48:39:602,120001144,47292514,2280741,105,0
00:48:39:802,120000523,47687290,2291484,103,0
00:48:40:002,120000743,47549173,2280584,108,0
00:48:40:202,120001046,47379302,2288757,118,0
00:48:40:402,120001145,47493142,2303429,109,0
00:48:40:602,120000843,47368880,2279443,112,0
00:48:40:802,120000656,47276612,2276738,106,0
00:48:41:002,120001378,47822322,2287314,106,0
00:48:41:202,120001300,47449636,2298357,115,0
00:48:41:402,120000977,47340475,2285701,103,0
00:48:41:602,120001258,47274775,2278770,101,0
00:48:41:802,120000674,47531044,2282006,102,0
00:48:42:002,120001324,47668491,2283517,105,0
00:48:42:202,120001215,47350256,2287219,108,0
00:48:42:402,120000819,47522867,2304344,104,0
00:48:42:602,120000773,47448917,2278712,104,0
00:48:42:802,120000883,47535737,2279796,105,0
00:48:43:002,120001154,47517875,2290375,101,0
00:48:43:202,120001264,47313187,2282331,104,0
00:48:43:402,120001367,47324347,2283858,122,0
00:48:43:602,120000771,47591744,2293323,110,0
00:48:43:802,120000662,47569980,2279911,104,0
00:48:44:002,120001092,47466956,2288030,121,0
00:48:44:202,120001352,47349034,2287320,101,0
00:48:44:402,120001320,47396995,2292386,107,0
00:48:45:002,120000444,265133554,403,169,0
00:48:45:002,120000444,265133554,403,169,0
00:48:45:202,120001373,149848342,1200191,135,0
00:48:45:402,120001265,47398813,2292154,115,0
00:48:45:602,120001960,47345047,2286134,109,0
00:48:45:802,120000646,47695756,2291718,104,0
00:48:46:002,120001111,47472219,2279197,112,0
00:48:46:202,120000704,47251747,2276217,110,0
00:48:46:402,120000874,47627427,2309798,111,0
00:48:46:602,120000670,47482536,2286494,108,0
00:48:46:802,120000826,47740469,2281881,105,0
00:48:47:002,120002608,47494377,2301875,105,0
00:48:47:202,120000833,47455004,2292190,107,0
00:48:47:402,120000692,47489545,2278765,109,0
00:48:47:602,120000903,47563651,2280008,107,0
00:48:47:802,120000730,47190595,2275568,112,0
00:48:48:002,120000668,47321701,2276439,114,0
00:48:48:202,120001290,47363619,2285581,99,0
00:48:48:402,120001485,47334071,2286122,107,0
00:48:48:602,120001142,47319397,2283942,111,0
00:48:48:802,120000806,47425545,2292740,118,0
00:48:49:002,120000667,47565729,2280611,108,0
00:48:49:202,120001363,47579804,2282264,115,0
00:48:49:402,120001211,47421106,2295016,99,0
00:48:49:602,120001219,47294460,2280189,107,0
00:48:49:802,120001155,47390326,2290935,109,0
00:48:50:002,120001018,47250106,2275963,106,0
00:48:50:202,120001377,47217769,2271927,99,0
00:48:50:402,120000814,47466920,2283055,106,0
00:48:50:602,120001229,47806719,2290671,109,0
00:48:50:802,120001074,47443475,2297417,106,0
00:48:51:002,120000634,47701047,2292188,99,0
00:48:51:202,120001432,47585331,2283732,104,0
00:48:51:402,120001479,47422044,2295129,103,0
00:48:51:602,120001175,47409271,2293733,114,0
00:48:51:802,120000741,47480670,2280791,109,0
00:48:52:002,120000779,47500858,2279335,118,0
00:48:52:202,120000806,47235573,2276108,102,0
00:48:52:402,120000536,47390305,2278310,101,0
00:48:52:602,120001318,47371044,2281761,112,0
00:48:52:802,120001345,47358052,2288388,99,0
00:48:53:002,120001433,47340179,2286346,107,0
00:48:53:202,120000524,47406914,2290065,100,0
00:48:53:402,120001307,47180725,2270468,104,0
00:48:53:602,120000478,47641609,2285621,107,0
00:48:53:802,120000656,47351391,2277404,111,0
00:48:54:002,120001109,47463816,2279174,104,0
00:48:54:202,120001126,47384179,2291389,106,0
00:48:54:402,120000655,47556505,2303314,113,0
00:48:54:602,120000739,47704447,2281722,100,0
00:48:54:802,120001209,47515150,2292064,108,0
00:48:55:002,120001184,47409244,2294439,119,0
00:48:55:202,120000670,47584497,2288734,110,0
00:48:55:402,120000748,47527811,2280237,105,0
00:48:55:602,120001303,47563595,2298454,115,0
00:48:55:802,120001230,47270852,2278488,103,0
00:48:56:002,120000642,47526386,2295857,104,0
00:48:56:202,120000512,47424742,2278261,99,0
00:48:56:402,120000475,47424744,2278196,99,0
00:48:56:602,120000626,47376333,2277766,112,0
00:48:56:802,120001825,47380028,2283081,112,0
00:48:57:002,120000972,47438287,2296389,106,0
00:48:57:202,120001039,47323348,2284031,101,0
00:48:57:402,120000540,47318606,2283183,103,0
00:48:57:602,120000508,47326862,2277113,98,0
00:48:57:802,120000721,47480947,2278996,105,0
00:48:58:002,120001043,47493171,2279285,103,0
00:48:58:202,120001184,47404780,2283055,109,0
00:48:58:402,120000989,47394241,2292138,103,0
00:48:58:602,120001112,47363882,2288546,110,0
00:48:58:802,120000605,47502051,2286435,116,0
00:48:59:002,120000479,47597676,2280745,105,0
00:48:59:202,120001186,47492237,2290124,114,0
00:48:59:402,120001041,47186233,2269328,113,0
00:48:59:602,120001356,47357179,2288009,106,0
00:48:59:802,120001107,47252052,2275842,107,0
00:49:00:402,120000473,265141280,401,155,0
00:49:00:402,120000473,265141280,401,155,0
00:49:00:602,120001252,191681149,758985,133,0
00:49:00:802,120001598,47354012,2288247,110,0
00:49:01:002,120001105,47402899,2292860,110,0
00:49:01:202,120000826,47525098,2283974,110,0
00:49:01:402,120000511,47129308,2274333,104,0
00:49:01:602,120000677,47694794,2281951,108,0
00:49:01:802,120000476,47012716,2272984,105,0
00:49:02:002,120000586,47259253,2276324,99,0
00:49:02:202,120000570,47416698,2277780,94,0
00:49:02:402,120001690,47457127,2282501,103,0
00:49:02:602,120000973,47455369,2298928,120,0
00:49:02:802,120001554,47351003,2286784,116,0
00:49:03:002,120000611,47316473,2279620,104,0
00:49:03:202,120000530,47723849,2282518,106,0
00:49:03:402,120000589,47363086,2277549,104,0
00:49:03:602,120001184,47455429,2294490,110,0
00:49:03:802,120001277,47454811,2299037,111,0
00:49:04:002,120000877,47783344,2283211,110,0
00:49:04:202,120001476,47482445,2289024,106,0
00:49:04:402,120001131,47325694,2284076,111,0
00:49:04:602,120000485,47453274,2298216,106,0
00:49:05:002,120000809,47736895,2282494,101,0
00:49:05:202,120001085,47410959,2288792,107,0
00:49:05:402,120000955,47322133,2283183,102,0
00:49:05:602,120001431,47367655,2288781,101,0
00:49:05:802,120000998,47323058,2283610,102,0
00:49:06:002,120000598,47739152,2282827,108,0
00:49:06:202,120001021,47501985,2287941,101,0
00:49:06:402,120001088,47366171,2288943,105,0
00:49:06:602,120000766,47527934,2296518,111,0
00:49:06:802,120000638,47733637,2282732,101,0
00:49:07:002,120001316,47471275,2294267,101,0
00:49:07:202,120001255,47360357,2288625,109,0
00:49:07:402,120000716,47619136,2291439,112,0
00:49:07:602,120001307,47745389,2292230,110,0
00:49:07:802,120001029,47378059,2289958,107,0
00:49:08:002,120000727,47601806,2294800,102,0
00:49:08:202,120000494,47536675,2280707,114,0
00:49:08:402,120001281,47434062,2280771,108,0
00:49:08:602,120001284,47408832,2293619,96,0
00:49:08:802,120001211,47379373,2290282,120,0
00:49:09:002,120000474,47416673,2285274,109,0
00:49:09:202,120000694,47266506,2276333,101,0
00:49:09:402,120000519,47356824,2278056,105,0
00:49:09:602,120000580,47464807,2279277,97,0
00:49:09:802,120000468,47440437,2278050,111,0
00:49:10:002,120001071,47481842,2298565,104,0
00:49:10:202,120001111,47383774,2290525,109,0
00:49:10:402,120000495,47625736,2285407,111,0
00:49:10:602,120001149,47715999,2295532,111,0
00:49:10:802,120000511,47499904,2301921,110,0
00:49:11:002,120000622,47424509,2278462,104,0
00:49:11:202,120000478,47593874,2280778,113,0
00:49:11:402,120001381,47486965,2289701,108,0
00:49:11:602,120001432,47367234,2289259,114,0
00:49:11:802,120001083,47412624,2291747,108,0
00:49:12:002,120000927,47486291,2278873,106,0
00:49:12:202,120000873,47483651,2279626,108,0
00:49:12:402,120001109,47466196,2283254,111,0
00:49:12:602,120001363,47454667,2299401,103,0
00:49:12:802,120001020,47878136,2296533,107,0
00:49:13:002,120001057,47545931,2293708,108,0
00:49:13:202,120001467,47351761,2286809,109,0
00:49:13:402,120000991,47765922,2295751,119,0
00:49:13:602,120000723,47328019,2276939,105,0
00:49:13:802,120001037,47432659,2278748,101,0
00:49:14:002,120001627,47315797,2281765,112,0
00:49:14:202,120001196,47412313,2293846,108,0
00:49:14:402,120000944,47330683,2284748,117,0
00:49:14:602,120001245,47243869,2275189,112,0
00:49:14:802,120000912,47477934,2287328,104,0
00:49:15:002,120000889,47556906,2280053,101,0
00:49:15:202,120001581,47486612,2281786,112,0
00:49:15:402,120001743,47350843,2286935,110,0
00:49:15:802,120000536,254733344,114213,175,0
00:49:16:002,120001523,234766019,313702,152,0
00:49:16:202,120001180,47322034,2283539,111,0
00:49:16:402,120001485,47399083,2292421,106,0
00:49:16:602,120000892,47745600,2290537,109,0
00:49:16:802,120001675,47524207,2282797,104,0
00:49:17:002,120001192,47478517,2301664,102,0
00:49:17:202,120000982,47498512,2290320,102,0
00:49:17:402,120000915,47474926,2278576,108,0
00:49:17:602,120001526,47594158,2285680,112,0
00:49:17:802,120001432,47309602,2282584,113,0
00:49:18:002,120001033,47331767,2284616,104,0
00:49:18:202,120001275,47325022,2283803,103,0
00:49:18:402,120001188,47326147,2284618,107,0
00:49:18:602,120001351,47267107,2278285,113,0
00:49:18:802,120000651,47628926,2283307,100,0
00:49:19:002,120001561,47575957,2283134,104,0
00:49:19:202,120001419,47452660,2298626,121,0
00:49:19:402,120001361,47293243,2280586,102,0
00:49:19:602,120000697,47634682,2292204,106,0
00:49:19:802,120000803,47496961,2279394,106,0
00:49:20:002,120000857,47378947,2277958,110,0
00:49:20:202,120001169,47349076,2286121,107,0
00:49:20:402,120001266,47382426,2291164,103,0
00:49:20:602,120001372,47329452,2284936,102,0
00:49:20:802,120000663,47411874,2284914,104,0
00:49:21:002,120000902,47629217,2281164,102,0
00:49:21:202,120000998,47338003,2277069,104,0
00:49:21:402,120001178,47459300,2289274,108,0
00:49:21:602,120001193,47420647,2294755,106,0
00:49:21:802,120001411,47329072,2284605,110,0
00:49:22:002,120000804,47600375,2282141,111,0
00:49:22:202,120001584,47621795,2285369,109,0
00:49:22:402,120001021,47424573,2295739,107,0
00:49:22:602,120000723,47432888,2293653,103,0
00:49:22:802,120000712,47512803,2279750,111,0
00:49:23:002,120000989,47737997,2294848,109,0
00:49:23:202,120001146,47411089,2293634,101,0
00:49:23:402,120000645,47436321,2287519,116,0
00:49:23:602,120000953,47452381,2278937,113,0
00:49:23:802,120000963,47547880,2279761,109,0
00:49:24:002,120001069,47396385,2285856,110,0
00:49:24:202,120001065,47339343,2285913,106,0
00:49:24:402,120001335,47357395,2288049,107,0
00:49:24:602,120000801,47592616,2290046,104,0
00:49:24:802,120000845,47475707,2278425,98,0
00:49:25:002,120001374,47484539,2283754,110,0
00:49:25:202,120001207,47386150,2291228,105,0
00:49:25:402,120001423,47405666,2293314,101,0
00:49:25:602,120000831,47715568,2285509,111,0
00:49:25:802,120000697,47417019,2278016,109,0
00:49:26:002,120000701,47311419,2276409,109,0
00:49:26:202,120001257,47359493,2288186,105,0
00:49:26:402,120001269,47414255,2294344,99,0
00:49:26:602,120000961,47502795,2289596,106,0
00:49:26:802,120000611,47574571,2280830,111,0
00:49:27:002,120000969,47533657,2289925,115,0
00:49:27:202,120001082,47415949,2294262,104,0
00:49:27:402,120000624,47356020,2287946,109,0
00:49:27:602,120000970,47639368,2281433,114,0
00:49:27:802,120000824,47352915,2277236,104,0
00:49:28:002,120001354,47588155,2297075,107,0
00:49:28:202,120001138,47335039,2285598,109,0
00:49:28:402,120001394,47334400,2284833,102,0
00:49:28:602,120000862,47608457,2284921,116,0
00:49:28:802,120000575,47396577,2277840,101,0
00:49:29:002,120001805,47597105,2296144,109,0
00:49:29:202,120001243,47326028,2284760,104,0
00:49:29:402,120000840,47631306,2294752,101,0
00:49:29:602,120000863,47502890,2279306,101,0
00:49:29:802,120001248,47480797,2285360,106,0
00:49:30:002,120001343,47394828,2291830,122,0
00:49:30:202,120000782,47493808,2295143,101,0
00:49:30:402,120000832,47667459,2282236,105,0
00:49:30:602,120001398,47493961,2288016,106,0
00:49:30:802,120001167,47489380,2302950,105,0
00:49:31:402,120000443,265132963,403,166,0
00:49:31:402,120000443,265132963,403,166,0
00:49:31:602,120001069,61115652,2133777,126,0
00:49:31:802,120000954,47587557,2293486,104,0
00:49:32:002,120001118,47407651,2292834,104,0
00:49:32:202,120000628,47617889,2289584,110,0
00:49:32:402,120000767,47609731,2280681,100,0
00:49:32:602,120001341,47362709,2286736,98,0
00:49:32:802,120001401,47356441,2288236,117,0
00:49:33:002,120001188,47292917,2280564,109,0
00:49:33:202,120000876,47364345,2289127,102,0
00:49:33:402,120000655,47773464,2285301,119,0
00:49:33:602,120001196,47439686,2281619,107,0
00:49:33:802,120001184,47447066,2297658,105,0
00:49:34:002,120000873,47453998,2291937,104,0
00:49:34:202,120000681,47743868,2283437,109,0
00:49:34:402,120000592,47331678,2277034,122,0
00:49:34:602,120001349,47324321,2282638,108,0
00:49:34:802,120001095,47349556,2286799,103,0
00:49:35:002,120001221,47393674,2292052,115,0
00:49:35:202,120000973,47546816,2287548,104,0
00:49:35:402,120001031,47619939,2280765,104,0
00:49:35:602,120001518,47421243,2288621,107,0
00:49:35:802,120001379,47454730,2298750,113,0
00:49:36:002,120000501,47454906,2284889,116,0
00:49:36:202,120000845,47710955,2282069,101,0
00:49:36:402,120001341,47574203,2306513,104,0
00:49:36:602,120001096,47332843,2285289,108,0
00:49:36:802,120000940,47745544,2285093,111,0
00:49:37:002,120001171,47440527,2279135,109,0
00:49:37:202,120001243,47323231,2283887,105,0
00:49:37:402,120001220,47388211,2291701,117,0
00:49:37:602,120001241,47298355,2281179,100,0
00:49:37:802,120001200,47335541,2285667,104,0
00:49:38:002,120000790,47580113,2283598,109,0
00:49:38:202,120000765,47575798,2280310,99,0
00:49:38:402,120001364,47419805,2291709,104,0
00:49:38:602,120001051,47436674,2296620,105,0
00:49:38:802,120000820,47757365,2287526,98,0
00:49:39:002,120001438,47502294,2285034,107,0
00:49:39:202,120001030,47445478,2297711,101,0
00:49:39:402,120000800,47441248,2291199,109,0
00:49:39:602,120000996,47586725,2280518,107,0
00:49:39:802,120001397,47548289,2284229,114,0
00:49:40:002,120001435,47278098,2279202,101,0
00:49:40:202,120001027,47380076,2289949,107,0
00:49:40:402,120001437,47413933,2294329,107,0
00:49:40:602,120000888,47550448,2281494,109,0
00:49:40:802,120000720,47548395,2279938,101,0
00:49:41:002,120001291,47518549,2298457,106,0
00:49:41:202,120000779,47431486,2295051,109,0
00:49:41:402,120000735,47327925,2276714,102,0
00:49:41:602,120000778,47441889,2278991,104,0
00:49:41:802,120000760,47312421,2276491,101,0
00:49:42:002,120001298,47656857,2290844,117,0
00:49:42:202,120001338,47341411,2286610,114,0
00:49:42:402,120001300,47310595,2282676,112,0
00:49:42:602,120000925,47507648,2292876,107,0
00:49:42:802,120000665,47537948,2279312,105,0
00:49:43:002,120000718,47456503,2278947,99,0
00:49:43:202,120000966,47382159,2285916,115,0
00:49:43:402,120001238,47451895,2298842,95,0
00:49:43:602,120000599,47487316,2287652,103,0
00:49:43:802,120000607,47730052,2281747,114,0
00:49:44:002,120001048,47457644,2296399,108,0
00:49:44:202,120001341,47420674,2294989,109,0
00:49:44:402,120000656,47675785,2284166,105,0
00:49:44:602,120001142,47581091,2287510,108,0
00:49:44:802,120000949,47392558,2292143,105,0
00:49:45:002,120000744,47537302,2295194,112,0
00:49:45:202,120000652,47492341,2279391,100,0
00:49:45:402,120001239,47585473,2285649,106,0
00:49:45:602,120000457,47078556,2268344,115,0
00:49:45:802,120001097,47422315,2283056,105,0
00:49:46:002,120001423,47351878,2287659,108,0
00:49:46:202,120001482,47456062,2298606,101,0
00:49:46:802,120000454,265133927,403,158,0
00:49:46:802,120000454,265133927,403,158,0
00:49:47:002,120001099,103122568,1691676,129,0
00:49:47:202,120001105,47404343,2292660,114,0
00:49:47:402,120001121,47402107,2292913,121,0
00:49:47:602,120000872,47569308,2286112,109,0
00:49:47:802,120000857,47427248,2278219,110,0
00:49:48:002,120001516,47682469,2302100,108,0
00:49:48:202,120001291,47369680,2289574,108,0
00:49:48:402,120000707,47648247,2285548,108,0
00:49:48:602,120000463,47497002,2280049,106,0
00:49:48:802,120000805,47080713,2273410,101,0
00:49:49:002,120000645,47323555,2276927,101,0
00:49:49:202,120001364,47572553,2295766,97,0
00:49:49:402,120001132,47363623,2288063,113,0
00:49:49:602,120001050,47451388,2287817,102,0
00:49:49:802,120000657,47451781,2279118,106,0
00:49:50:002,120000781,47368865,2277464,108,0
00:49:50:202,120001112,47578724,2289509,102,0
00:49:50:402,120001220,47437801,2296768,109,0
00:49:50:602,120000773,47603363,2289668,115,0
00:49:50:802,120000651,47283217,2276822,106,0
00:49:51:002,120001226,47625604,2282000,104,0
00:49:51:202,120001044,47300722,2281788,109,0
00:49:51:402,120001185,47505076,2304095,113,0
00:49:51:602,120000742,47703273,2287156,102,0
00:49:51:802,120001088,47619627,2291237,109,0
00:49:52:002,120000624,47585465,2306192,108,0
00:49:52:202,120000766,47736324,2282331,109,0
00:49:52:402,120001157,47432515,2286848,109,0
00:49:52:602,120001089,47316549,2283436,101,0
00:49:52:802,120001281,47336465,2285542,112,0
00:49:53:002,120000663,47504400,2292671,104,0
00:49:53:202,120000525,47543580,2280180,105,0
00:49:53:402,120000535,47481160,2279079,119,0
00:49:53:602,120001370,47469661,2298230,109,0
00:49:53:802,120000605,47465700,2296104,107,0
00:49:54:002,120000984,47357729,2277417,96,0
00:49:54:202,120000878,47349779,2277966,106,0
00:49:54:402,120000966,47404052,2278340,103,0
00:49:54:602,120000589,47484974,2278506,96,0
00:49:54:802,120001245,47453225,2296839,105,0
00:49:55:002,120001234,47275747,2278722,113,0
00:49:55:202,120001253,47364048,2289201,104,0
00:49:55:402,120000469,47351765,2282546,104,0
00:49:55:602,120000499,47778643,2283358,107,0
00:49:55:802,120001134,47550969,2301178,113,0
00:49:56:002,120000631,47629523,2296355,115,0
00:49:56:202,120000728,47656694,2281737,112,0
00:49:56:402,120001143,47411169,2290940,107,0
00:49:56:602,120001086,47456125,2298802,113,0
00:49:56:802,120000585,47644535,2284259,105,0
00:49:57:002,120001055,47695692,2296517,116,0
00:49:57:202,120000811,47467411,2299770,107,0
00:49:57:402,120000668,47683720,2282602,114,0
00:49:57:602,120000505,47275500,2276567,102,0
00:49:57:802,120001135,47496939,2283355,113,0
00:49:58:002,120001048,47335275,2285313,109,0
00:49:58:202,120001299,47376619,2290735,107,0
00:49:58:402,120000505,47537522,2291942,106,0
00:49:58:602,120000805,47271379,2276117,109,0
00:49:58:802,120000931,47503444,2279249,113,0
00:49:59:002,120001185,47498987,2282620,97,0
00:49:59:202,120000830,47379463,2289865,100,0
00:49:59:402,120001085,47369873,2288735,104,0
00:49:59:602,120000582,47558665,2290091,108,0
00:49:59:802,120000495,47246180,2275780,102,0
00:50:00:002,120000584,47597028,2280786,107,0
00:50:00:202,120001412,47457891,2288790,107,0
00:50:00:402,120001252,47378725,2290210,99,0
00:50:00:602,120001145,47371849,2289320,105,0
00:50:00:802,120000556,47621879,2282931,104,0
00:50:01:002,120001163,47584003,2283158,103,0
00:50:01:202,120001030,47542669,2308796,107,0
00:50:01:402,120000730,47629303,2286447,107,0
00:50:01:602,120001273,47634105,2286392,115,0
00:50:02:202,120000447,265141886,401,158,0
00:50:02:202,120000447,265141886,401,158,0
00:50:02:402,120000607,145945829,1243611,132,0
00:50:02:602,120000955,47567793,2296465,119,0
00:50:02:802,120001475,47340574,2286146,110,0
00:50:03:002,120001224,47251899,2275788,101,0
00:50:03:202,120000599,47633624,2292544,109,0
00:50:03:402,120000484,47460460,2279004,99,0
00:50:03:602,120000560,47366148,2278363,111,0
00:50:03:802,120001060,47405200,2285849,110,0
00:50:04:002,120001258,47378500,2289941,110,0
00:50:04:202,120000993,47278861,2278564,104,0
00:50:04:402,120001047,47346476,2286466,113,0
00:50:04:602,120000499,47350647,2281573,105,0
00:50:04:802,120000486,47406291,2278042,100,0
00:50:05:002,120000784,47531955,2279365,105,0
00:50:05:202,120001302,47491739,2286984,114,0
00:50:05:402,120000973,47418236,2294247,101,0
00:50:05:602,120000458,47544250,2292006,103,0
00:50:05:802,120000505,47583685,2280662,115,0
00:50:06:002,120001240,47544735,2294036,103,0
00:50:06:202,120001106,47331178,2285082,115,0
00:50:06:402,120000688,47555313,2294580,101,0
00:50:06:602,120000645,47765299,2283916,118,0
00:50:06:802,120000838,47368051,2289256,103,0
00:50:07:002,120000914,47265316,2277002,118,0
00:50:07:202,120001761,47341915,2286117,106,0
00:50:07:402,120000748,47363425,2288236,102,0
00:50:07:603,120001399,47948563,2289450,112,0
00:50:07:803,120001225,47358225,2288397,105,0
00:50:08:003,120001337,47333140,2285369,116,0
00:50:08:203,120000610,47547077,2296316,111,0
00:50:08:403,120000698,47650326,2281559,99,0
00:50:08:603,120001272,47492403,2290410,108,0
00:50:08:803,120001217,47406257,2293230,107,0
00:50:09:003,120001792,47319703,2283657,106,0
00:50:09:203,120000939,47422087,2281998,108,0
00:50:09:403,120000637,47467395,2279138,114,0
00:50:09:603,120000993,47332059,2277199,108,0
00:50:09:803,120000747,47361147,2276650,108,0
00:50:10:003,120001425,47534979,2296576,115,0
00:50:10:203,120001414,47309731,2282266,116,0
00:50:10:403,120001092,47292019,2281039,108,0
00:50:10:603,120001256,47331043,2284761,108,0
00:50:10:803,120000963,47302600,2279948,105,0
00:50:11:003,120000731,47436077,2278782,111,0
00:50:11:203,120000665,47436003,2278472,120,0
00:50:11:403,120001615,47579742,2287169,99,0
00:50:11:603,120001386,47270941,2277583,103,0
00:50:11:803,120001033,47397292,2292376,111,0
00:50:12:003,120001127,47313925,2283284,106,0
00:50:12:203,120000692,47538347,2287568,105,0
00:50:12:403,120000778,47451694,2278845,108,0
00:50:12:603,120000859,47313019,2277036,109,0
00:50:12:803,120001504,47525151,2288957,107,0
00:50:13:003,120001093,47367126,2289268,109,0
00:50:13:203,120001051,47517587,2296116,101,0
00:50:13:403,120000868,47704645,2281750,106,0
00:50:13:603,120000995,47345654,2277412,111,0
00:50:13:803,120001143,47430949,2295921,105,0
00:50:14:003,120001811,47412223,2294371,97,0
00:50:14:203,120000827,47662867,2285569,108,0
00:50:14:403,120001238,47608083,2287714,103,0
00:50:14:603,120001202,47297214,2280883,106,0
00:50:14:803,120001310,47340457,2286245,113,0
00:50:15:003,120001048,47318587,2283423,115,0
00:50:15:203,120001260,47324923,2284322,105,0
00:50:15:403,120000861,47478976,2281890,109,0
00:50:15:603,120000687,47507109,2279705,116,0
00:50:15:803,120001181,47488702,2283877,104,0
00:50:16:003,120001047,47387988,2291299,102,0
00:50:16:203,120001030,47206366,2271232,111,0
00:50:16:403,120001377,47335859,2285861,110,0
00:50:16:603,120001145,47284450,2280027,102,0
00:50:16:803,120000716,47630067,2292613,105,0
00:50:17:003,120000871,47437299,2278463,106,0
00:50:17:603,120000466,265133897,403,166,0
00:50:17:603,120000466,265133897,403,166,0
00:50:17:803,120001490,187899019,806483,143,0
00:50:18:003,120001148,47372225,2289254,113,0
00:50:18:203,120001130,47408886,2293624,111,0
00:50:18:403,120001269,47249449,2276065,104,0
00:50:18:603,120000686,47523379,2283719,111,0
00:50:18:803,120000740,47406741,2277962,106,0
00:50:19:003,120001162,47557170,2283431,111,0
00:50:19:203,120001038,47343328,2286804,118,0
00:50:19:403,120001342,47375998,2290238,102,0
00:50:19:603,120001192,47223970,2273378,103,0
00:50:19:803,120001399,47312521,2283498,112,0
00:50:20:003,120000974,47281309,2278909,110,0
00:50:20:203,120001110,47216725,2271686,107,0
00:50:20:403,120001080,47254750,2276200,101,0
00:50:20:603,120000878,47660372,2289882,124,0
00:50:20:803,120001204,47641055,2286401,120,0
00:50:21:003,120001305,47366584,2288406,97,0
00:50:21:203,120001252,47395060,2292443,109,0
00:50:21:403,120002173,47262810,2277444,108,0
00:50:21:603,120000928,47392680,2282163,107,0
00:50:21:803,120000868,47660981,2281502,100,0
00:50:22:003,120001540,47493337,2288047,104,0
00:50:22:203,120001221,47335219,2285033,110,0
00:50:22:403,120001120,47382883,2291334,103,0
00:50:22:603,120000800,47416272,2284648,101,0
00:50:22:803,120000687,47660420,2281686,104,0
00:50:23:003,120001520,47458946,2284417,104,0
00:50:23:203,120001101,47375530,2289352,109,0
00:50:23:603,120000926,47492494,2279479,102,0
00:50:23:803,120000737,47462419,2278525,105,0
00:50:24:003,120001210,47447188,2285239,108,0
00:50:24:203,120001289,47370049,2289524,113,0
00:50:24:403,120001929,47369887,2289515,114,0
00:50:24:603,120000869,47416930,2285269,103,0
00:50:24:803,120000906,47532766,2279458,109,0
00:50:25:003,120001700,47623668,2289662,101,0
00:50:25:203,120001010,47402386,2293178,111,0
00:50:25:403,120000894,47662585,2294143,115,0
00:50:25:603,120000788,47589469,2280587,108,0
00:50:25:803,120002027,47423125,2291609,108,0
00:50:26:003,120001110,47497844,2302535,110,0
00:50:26:203,120000757,47523603,2279840,103,0
00:50:26:403,120000744,47541829,2280025,114,0
00:50:26:603,120001367,47600578,2306524,105,0
00:50:26:803,120000692,47468841,2288206,102,0
00:50:27:003,120000874,47442515,2278605,95,0
00:50:27:203,120001481,47621924,2283036,107,0
00:50:27:403,120001454,47277034,2278949,101,0
00:50:27:603,120001533,47419124,2295043,120,0
00:50:27:803,120001535,47375867,2290110,112,0
00:50:28:003,120000866,47688832,2284954,121,0
00:50:28:203,120000700,47495768,2279622,103,0
00:50:28:403,120001423,47342198,2285495,105,0
00:50:28:603,120001461,47461039,2299678,103,0
00:50:28:803,120000792,47758725,2290293,108,0
00:50:29:003,120001122,47636723,2296934,108,0
00:50:29:203,120001350,47321467,2283916,105,0
00:50:29:403,120001121,47276339,2279280,106,0
00:50:29:603,120001578,47361231,2288846,113,0
00:50:29:803,120000909,47618502,2281271,102,0
00:50:30:003,120000460,47293930,2276878,107,0
00:50:30:203,120001292,47562231,2286568,110,0
00:50:30:403,120001137,47435551,2296876,110,0
00:50:30:603,120001041,47437992,2291284,103,0
00:50:30:803,120000817,47577363,2281075,110,0
00:50:31:003,120001399,47621441,2290402,107,0
00:50:31:203,120000611,47527612,2306176,106,0
00:50:31:403,120000645,47431635,2278075,114,0
00:50:31:603,120000914,47503731,2279346,111,0
00:50:31:803,120001352,47678840,2302681,109,0
00:50:32:003,120001169,47379508,2290781,112,0
00:50:32:203,120000533,47455451,2281607,116,0
00:50:32:403,120000731,47585217,2281098,105,0
00:50:32:603,120001193,47553587,2295413,108,0
00:50:33:003,120000528,259983373,55899,171,0
00:50:33:203,120001523,230913310,357396,164,0
00:50:33:403,120001163,47489040,2301736,111,0
00:50:33:603,120001019,47331916,2285459,113,0
00:50:33:803,120000924,47360665,2280750,101,0
00:50:34:003,120000510,47627082,2280775,106,0
00:50:34:203,120001322,47534423,2287422,109,0
00:50:34:403,120001371,47288023,2280141,101,0
00:50:34:603,120000988,47260811,2277935,104,0
00:50:34:803,120001247,47401622,2293112,110,0
00:50:35:003,120000679,47382902,2287348,110,0
00:50:35:203,120001012,47548632,2280479,110,0
00:50:35:403,120000990,47356670,2277344,96,0
00:50:35:603,120000669,47376556,2277750,111,0
00:50:35:803,120001296,47534881,2298397,109,0
00:50:36:003,120001073,47438939,2296285,96,0
00:50:36:203,120000745,47441324,2278576,103,0
00:50:36:403,120001625,47737195,2284621,106,0
00:50:36:603,120001483,47291958,2279717,116,0
00:50:36:803,120001337,47357521,2288272,105,0
00:50:37:003,120000506,47539491,2299525,107,0
00:50:37:203,120000946,47493841,2279172,110,0
00:50:37:403,120000932,47493827,2279381,110,0
00:50:37:603,120000926,47314067,2277060,106,0
00:50:37:803,120001728,47333611,2283484,109,0
00:50:38:003,120001148,47432883,2295666,116,0
00:50:38:203,120000726,47393577,2290957,106,0
00:50:38:403,120000880,47349939,2277892,103,0
00:50:38:603,120000542,47676332,2282387,102,0
00:50:38:803,120001185,47503467,2292928,106,0
00:50:39:003,120001180,47299165,2281508,104,0
00:50:39:203,120001149,47330584,2284829,108,0
00:50:39:403,120001075,47342248,2285928,111,0
00:50:39:603,120000516,47299255,2278328,115,0
00:50:39:803,120000591,47723530,2282182,107,0
00:50:40:003,120001189,47493119,2287143,116,0
00:50:40:203,120001345,47318848,2283668,113,0
00:50:40:403,120001314,47368771,2288992,109,0
00:50:40:603,120000837,47500787,2289304,111,0
00:50:40:803,120000494,47544044,2279337,104,0
00:50:41:003,120001056,47616223,2295941,104,0
00:50:41:203,120000605,47687788,2303546,104,0
00:50:41:403,120001468,47750699,2288704,104,0
00:50:41:603,120001136,47375251,2290146,110,0
00:50:41:803,120001972,47277675,2278674,106,0
00:50:42:003,120000718,47506873,2295787,107,0
00:50:42:203,120000731,47488403,2279691,102,0
00:50:42:403,120001328,47597753,2283502,106,0
00:50:42:603,120001429,47441293,2297352,113,0
00:50:42:803,120001138,47245651,2274763,108,0
00:50:43:003,120001104,47401099,2293008,96,0
00:50:43:203,120000601,47484920,2281192,112,0
00:50:43:403,120001265,47728043,2286158,111,0
00:50:43:603,120001131,47530771,2306942,107,0
00:50:43:803,120000598,47747545,2287277,105,0
00:50:44:003,120001028,47557238,2289576,109,0
00:50:44:203,120001170,47350312,2287334,103,0
00:50:44:403,120001325,47352499,2287691,105,0
00:50:44:603,120000622,47503897,2287106,104,0
00:50:44:803,120000641,47408679,2278472,104,0
00:50:45:003,120000783,47450961,2278103,107,0
00:50:45:203,120001405,47448514,2286695,111,0
00:50:45:403,120001036,47429591,2296500,107,0
00:50:45:603,120001408,47355030,2287072,107,0
00:50:45:803,120000612,47671154,2283087,111,0
00:50:46:003,120001322,47575577,2287921,103,0
00:50:46:203,120001275,47396563,2292301,112,0
00:50:46:403,120000803,47487304,2294799,106,0
00:50:46:603,120000753,47424955,2278296,108,0
00:50:46:803,120001291,47674731,2284295,121,0
00:50:47:003,120001035,47369563,2288800,110,0
00:50:47:203,120001095,47453758,2298517,110,0
00:50:47:403,120000520,47448394,2281227,103,0
00:50:47:603,120001030,47753802,2284774,111,0
00:50:47:803,120001128,47346874,2286781,114,0
00:50:48:003,120000989,47442076,2297372,103,0
00:50:48:603,120000451,265133675,403,151,0
00:50:48:603,120000451,265133675,403,151,0
00:50:48:803,120000841,55801062,2182759,122,0
00:50:49:003,120001183,47552294,2286358,109,0
00:50:49:203,120001152,47386546,2290548,110,0
00:50:49:403,120001432,47325910,2284300,106,0
00:50:49:603,120001128,47336825,2285322,108,0
00:50:49:803,120000921,47588718,2281106,104,0
00:50:50:003,120001234,47587102,2281278,110,0
00:50:50:203,120001116,47520161,2306051,103,0
00:50:50:403,120000630,47469139,2287851,101,0
00:50:50:603,120000706,47394721,2278255,110,0
00:50:50:803,120000751,47421443,2278600,110,0
00:50:51:003,120001408,47514212,2284856,105,0
00:50:51:203,120001044,47376396,2289387,110,0
00:50:51:403,120001172,47416579,2294453,111,0
00:50:51:603,120000773,47700457,2285288,109,0
00:50:51:803,120001227,47647363,2297649,114,0
00:50:52:003,120001113,47407426,2293059,119,0
00:50:52:203,120000756,47579491,2285885,102,0
00:50:52:403,120001408,47707189,2288653,104,0
00:50:52:603,120001262,47272718,2278287,108,0
00:50:52:803,120001139,47226009,2273778,112,0
00:50:53:003,120001173,47474255,2300635,106,0
00:50:53:203,120000736,47644385,2289221,102,0
00:50:53:403,120001308,47638347,2285507,100,0
00:50:53:603,120001153,47390875,2291558,113,0
00:50:53:803,120001182,47422629,2295515,101,0
00:50:54:003,120000903,47477656,2280975,105,0
00:50:54:203,120000611,47521560,2280132,106,0
00:50:54:403,120001148,47507550,2287414,107,0
00:50:54:603,120001476,47255668,2276674,102,0
00:50:54:803,120001595,47455884,2299221,108,0
00:50:55:003,120001159,47204476,2270923,105,0
00:50:55:203,120000597,47514922,2292619,96,0
00:50:55:403,120000598,47449658,2278547,100,0
00:50:55:603,120000625,47466348,2278939,105,0
00:50:55:803,120000642,47323884,2277581,109,0
00:50:56:003,120001205,47329931,2280633,117,0
00:50:56:203,120002301,47424328,2295287,104,0
00:50:56:403,120000634,47464916,2294178,109,0
00:50:56:603,120000760,47375573,2278138,101,0
00:50:56:803,120000844,47712337,2282734,106,0
00:50:57:003,120000912,47515059,2304300,110,0
00:50:57:203,120000784,47495562,2290966,114,0
00:50:57:403,120000728,47370997,2277627,109,0
00:50:57:603,120000707,47585837,2280226,105,0
00:50:57:803,120001327,47491010,2295457,102,0
00:50:58:003,120001289,47267573,2278202,103,0
00:50:58:203,120000512,47498717,2298745,103,0
00:50:58:403,120000670,47469562,2278684,101,0
00:50:58:603,120000971,47662054,2284081,111,0
00:50:58:803,120001725,47341821,2286100,104,0
00:50:59:003,120001269,47464193,2299482,110,0
00:50:59:203,120000659,47345407,2280819,111,0
00:50:59:403,120001068,47906987,2289573,110,0
00:50:59:603,120001098,47437117,2296047,107,0
00:50:59:803,120000591,47421995,2291698,113,0
00:51:00:003,120000689,47252083,2275548,96,0
00:51:00:203,120000783,47820032,2283667,119,0
00:51:00:403,120001541,47440015,2292808,106,0
00:51:00:603,120001182,47380903,2290432,112,0
00:51:00:803,120000636,47467922,2288579,106,0
00:51:01:003,120000501,47548243,2280191,117,0
00:51:01:203,120000939,47537609,2284372,109,0
00:51:01:403,120000942,47314692,2283102,117,0
00:51:01:603,120001131,47305744,2281911,108,0
00:51:01:803,120000935,47394736,2291991,112,0
00:51:02:003,120000502,47367046,2284739,108,0
00:51:02:203,120000479,47407172,2278139,111,0
00:51:02:403,120000434,47505677,2279687,113,0
00:51:02:603,120001287,47565105,2291137,103,0
00:51:02:803,120000497,47359051,2288266,112,0
00:51:03:003,120001388,47398318,2292626,111,0
00:51:03:203,120000823,47383046,2278283,106,0
00:51:03:403,120001328,47892260,2295658,116,0
00:51:04:003,120000452,265141759,401,162,0
00:51:04:003,120000452,265141759,401,162,0
00:51:04:203,120000521,98781787,1734485,122,0
00:51:04:403,120001330,47732075,2291040,113,0
00:51:04:603,120001445,47345083,2286738,105,0
00:51:04:803,120001169,47423788,2295456,101,0
00:51:05:003,120000893,47452330,2280892,100,0
00:51:05:203,120000847,47536453,2279261,104,0
00:51:05:403,120001342,47595667,2295907,106,0
00:51:05:603,120001393,47428551,2296516,120,0
00:51:05:803,120001554,47280724,2280333,109,0
00:51:06:003,120000709,47776031,2283992,103,0
00:51:06:203,120001734,47425187,2282199,113,0
00:51:06:403,120001521,47361499,2288731,116,0
00:51:06:603,120001108,47374189,2289591,105,0
00:51:06:803,120000848,47424542,2288365,104,0
00:51:07:003,120000757,47388653,2277645,113,0
00:51:07:203,120000822,47436819,2278535,102,0
00:51:07:403,120001302,47615603,2289745,121,0
00:51:07:603,120001168,47496806,2303265,106,0
00:51:07:803,120000780,47760292,2285704,112,0
00:51:08:003,120001181,47521764,2288578,112,0
00:51:08:203,120001225,47403754,2292985,108,0
00:51:08:403,120000991,47490336,2291441,117,0
00:51:08:603,120000946,47449147,2278638,112,0
00:51:08:803,120001578,47680051,2290290,106,0
00:51:09:003,120001075,47406445,2292938,100,0
00:51:09:203,120001321,47341609,2286243,108,0
00:51:09:403,120000820,47565792,2283513,109,0
00:51:09:603,120000757,47455203,2278540,108,0
00:51:09:803,120000703,47351541,2277750,103,0
00:51:10:003,120001346,47564883,2303131,109,0
00:51:10:203,120000990,47562392,2292905,102,0
00:51:10:403,120000712,47484921,2278960,110,0
00:51:10:603,120001360,47549955,2285227,115,0
00:51:10:803,120001595,47262445,2277594,105,0
00:51:11:003,120001560,47423788,2295393,104,0
00:51:11:203,120001269,47374432,2289755,106,0
00:51:11:403,120001291,47931240,2287892,107,0
00:51:11:603,120001409,47345155,2285931,109,0
00:51:11:803,120001234,47294611,2280343,105,0
00:51:12:003,120000844,47528128,2301801,113,0
00:51:12:203,120000855,47481893,2279119,103,0
00:51:12:403,120000909,47562561,2280260,102,0
00:51:12:603,120001415,47448083,2291643,126,0
00:51:12:803,120001600,47397699,2292343,100,0
00:51:13:003,120000671,47629515,2289912,108,0
00:51:13:203,120001619,47687068,2289194,115,0
00:51:13:403,120001064,47465845,2299244,112,0
00:51:13:603,120000740,47375951,2285326,111,0
00:51:13:803,120000754,47519407,2279973,105,0
00:51:14:003,120000772,47568244,2279791,104,0
00:51:14:203,120001226,47509755,2301807,101,0
00:51:14:403,120001275,47352121,2287370,109,0
00:51:14:603,120000878,47488876,2284526,127,0
00:51:14:803,120000533,47307836,2276889,108,0
00:51:15:003,120000980,47548721,2280429,106,0
00:51:15:203,120001516,47560373,2299915,110,0
00:51:15:403,120001099,47353975,2286940,116,0
00:51:15:603,120000951,47464011,2286217,108,0
00:51:15:803,120000804,47721317,2282455,108,0
00:51:16:003,120001388,47303481,2277858,102,0
00:51:16:203,120001779,47278133,2278740,107,0
00:51:16:403,120001321,47293955,2281463,114,0
00:51:16:603,120001191,47263335,2277290,111,0
00:51:16:803,120001218,47274023,2278049,104,0
00:51:17:003,120001415,47385844,2291991,103,0
00:51:17:203,120001009,47431953,2290561,104,0
00:51:17:403,120000680,47442195,2278895,106,0
00:51:17:603,120001643,47684823,2283973,109,0
00:51:17:803,120002381,47304279,2282554,104,0
00:51:18:003,120001400,47438035,2296908,103,0
00:51:18:203,120000598,47389467,2288564,118,0
00:51:18:403,120001010,47324577,2277677,107,0
00:51:18:603,120000846,47241267,2275639,109,0
00:51:18:803,120001048,47515395,2279354,104,0
00:51:19:403,120000457,265133797,403,164,0
00:51:19:403,120000457,265133797,403,164,0
00:51:19:603,120000823,140791381,1293357,135,0
00:51:19:803,120001788,47434543,2282532,111,0
00:51:20:003,120001425,47510269,2305003,104,0
00:51:20:203,120000842,47570128,2286791,116,0
00:51:20:403,120000938,47333123,2276878,110,0
00:51:20:603,120001730,47602026,2283228,110,0
00:51:20:803,120001564,47384596,2291026,105,0
00:51:21:003,120001279,47403905,2293195,109,0
00:51:21:203,120000639,47333265,2282767,109,0
00:51:21:403,120000849,47544427,2279130,109,0
00:51:21:603,120000562,47499879,2278983,103,0
00:51:21:803,120001579,47609803,2307655,112,0
00:51:22:003,120000628,47367328,2287809,103,0
00:51:22:203,120000733,47495644,2279333,100,0
00:51:22:403,120000589,47603004,2280247,104,0
00:51:22:603,120001593,47422902,2290445,110,0
00:51:22:803,120001174,47329540,2284867,101,0
00:51:23:003,120000958,47382919,2290809,111,0
00:51:23:203,120000798,47475578,2282685,105,0
00:51:23:403,120000615,47593278,2280770,101,0
00:51:23:603,120001683,47400641,2280321,123,0
00:51:23:803,120001771,47257450,2276874,105,0
00:51:24:003,120001585,47310084,2282736,105,0
00:51:24:203,120001208,47318346,2284020,104,0
00:51:24:403,120001209,47305285,2281875,99,0
00:51:24:603,120001217,47306707,2281862,105,0
00:51:24:803,120000909,47387192,2288663,103,0
00:51:25:003,120000681,47544416,2280795,104,0
00:51:25:203,120000922,47483047,2278565,110,0
00:51:25:403,120001261,47470395,2290380,113,0
00:51:25:603,120001198,47353435,2286855,101,0
00:51:25:803,120001234,47362967,2287637,116,0
00:51:26:003,120001075,47646373,2285594,102,0
00:51:26:203,120000871,47555835,2280062,112,0
00:51:26:403,120001009,47252340,2276232,110,0
00:51:26:603,120000857,47187514,2275329,104,0
00:51:26:803,120001410,47510789,2299728,102,0
00:51:27:003,120001002,47416309,2294720,113,0
00:51:27:203,120000895,47519166,2280703,100,0
00:51:27:403,120001423,47705308,2287133,101,0
00:51:27:603,120001175,47345938,2287052,99,0
00:51:27:803,120001109,47373379,2289637,106,0
00:51:28:003,120000813,47598377,2290433,109,0
00:51:28:203,120000839,47336019,2277679,113,0
00:51:28:403,120001140,47662730,2290113,109,0
00:51:28:603,120001231,47422069,2295344,107,0
00:51:28:803,120000982,47353057,2287569,111,0
00:51:29:003,120000687,47543091,2281077,108,0
00:51:29:203,120000678,47434979,2278496,109,0
00:51:29:403,120000734,47289489,2276560,105,0
00:51:29:603,120001346,47451403,2283631,104,0
00:51:29:803,120001090,47521600,2307133,109,0
00:51:30:003,120000752,47649829,2286703,110,0
00:51:30:203,120001237,47719622,2297548,119,0
00:51:30:403,120001308,47435510,2296561,106,0
00:51:30:603,120000742,47563109,2283259,112,0
00:51:30:803,120000682,47296187,2276304,120,0
00:51:31:003,120000973,47311499,2277050,101,0
00:51:31:203,120001186,47649735,2294722,120,0
00:51:31:403,120001304,47337964,2285606,101,0
00:51:31:603,120000945,47378898,2290103,108,0
00:51:31:803,120000712,47470822,2281525,100,0
00:51:32:003,120000794,47337929,2277247,100,0
00:51:32:203,120000892,47522226,2279334,112,0
00:51:32:403,120002025,47396995,2282064,105,0
00:51:32:603,120001183,47334922,2285140,106,0
00:51:32:803,120001308,47288068,2280588,117,0
00:51:33:003,120001018,47435236,2296341,108,0
00:51:33:203,120000739,47458739,2281251,119,0
00:51:33:403,120000936,47274463,2276135,111,0
00:51:33:603,120000753,47322037,2276723,107,0
00:51:33:803,120000790,47316227,2277684,112,0
00:51:34:003,120000682,47561811,2281056,101,0
00:51:34:203,120001217,47313833,2281676,108,0
00:51:34:803,120000471,265133734,403,157,0
00:51:34:803,120000471,265133734,403,157,0
00:51:35:003,120000687,183713839,845178,143,0
00:51:35:203,120001168,47635012,2283346,110,0
00:51:35:403,120000968,47352850,2287304,108,0
00:51:35:603,120001434,47377888,2290383,108,0
00:51:35:803,120000835,47425908,2290511,109,0
00:51:36:003,120000596,47520218,2278959,112,0
00:51:36:203,120001055,47596044,2281227,104,0
00:51:36:403,120001107,47398714,2291946,107,0
00:51:36:603,120001741,47392700,2292159,106,0
00:51:36:803,120001214,47316654,2283441,103,0
00:51:37:003,120000736,47354742,2279410,116,0
00:51:37:203,120000629,47353205,2278588,105,0
00:51:37:403,120001006,47731978,2284041,106,0
00:51:37:603,120001166,47404006,2293334,110,0
00:51:37:803,120001576,47393782,2291466,110,0
00:51:38:003,120000781,47392164,2283920,109,0
00:51:38:203,120000671,47556426,2280092,109,0
00:51:38:403,120000643,47421528,2278515,103,0
00:51:38:603,120001383,47394543,2282026,107,0
00:51:38:803,120001207,47390524,2291920,104,0
00:51:39:003,120000974,47265307,2277340,102,0
00:51:39:203,120001765,47315788,2283257,113,0
00:51:39:403,120001392,47283582,2279897,102,0
00:51:39:603,120000802,47554596,2288201,109,0
00:51:39:803,120000713,47563804,2280226,106,0
00:51:40:003,120000840,47423668,2284225,113,0
00:51:40:203,120001179,47354650,2287661,110,0
00:51:40:403,120001256,47245696,2275642,102,0
00:51:40:603,120001317,47325380,2284565,105,0
00:51:40:803,120000997,47253294,2276710,103,0
00:51:41:003,120001275,47352635,2287334,112,0
00:51:41:203,120000729,47783033,2287306,109,0
00:51:41:403,120001050,47498755,2287252,123,0
00:51:41:603,120001179,47280589,2278708,107,0
00:51:41:803,120001116,47326849,2284143,108,0
00:51:42:003,120001096,47333275,2284896,108,0
00:51:42:203,120000813,47581576,2291195,104,0
00:51:42:603,120000730,47454079,2278477,109,0
00:51:42:803,120001261,47482669,2301403,113,0
00:51:43:003,120000746,47623554,2295442,119,0
00:51:43:204,120001513,47805283,2295541,108,0
00:51:43:404,120001406,47396167,2291839,105,0
00:51:43:604,120000914,47456226,2289042,106,0
00:51:43:804,120001247,47916811,2295649,107,0
00:51:44:004,120001092,47487148,2302778,103,0
00:51:44:204,120000926,47812248,2284959,110,0
00:51:44:404,120001218,47562770,2299415,106,0
00:51:44:604,120000947,47355012,2288132,113,0
00:51:44:804,120000631,47396881,2285011,108,0
00:51:45:004,120000824,47441299,2278195,104,0
00:51:45:204,120001430,47796899,2298856,104,0
00:51:45:404,120001106,47413024,2293541,105,0
00:51:45:604,120001237,47295079,2281377,105,0
00:51:45:804,120000826,47758528,2283750,109,0
00:51:46:004,120001123,47619590,2301277,109,0
00:51:46:204,120001034,47358432,2288296,108,0
00:51:46:404,120000622,47654902,2287017,101,0
00:51:46:604,120000543,47526863,2280137,105,0
00:51:46:804,120001279,47367536,2286232,103,0
00:51:47:004,120001016,47370368,2289627,114,0
00:51:47:204,120000729,47509575,2296283,102,0
00:51:47:404,120000631,47398515,2277604,109,0
00:51:47:604,120000534,47569508,2280822,105,0
00:51:47:804,120000679,47327965,2277299,112,0
00:51:48:004,120001230,47427115,2293222,112,0
00:51:48:204,120001291,47283777,2279245,102,0
00:51:48:404,120001110,47424427,2295178,104,0
00:51:48:604,120000730,47769144,2284588,113,0
00:51:48:804,120001029,47433505,2281560,107,0
00:51:49:004,120001265,47336849,2285873,101,0
00:51:49:204,120001247,47423721,2294969,111,0
00:51:49:404,120001215,47296442,2281184,99,0
00:51:49:604,120000770,47605216,2284726,103,0
00:51:49:804,120000962,47607092,2281969,117,0
00:51:50:204,120000512,263753128,18775,172,0
00:51:50:404,120000648,226768966,400175,160,0
00:51:50:604,120000703,47540675,2280005,109,0
00:51:50:804,120000965,47338433,2278208,106,0
00:51:51:004,120001120,47435173,2296550,104,0
00:51:51:204,120001272,47411188,2293661,109,0
00:51:51:404,120000760,47578684,2281847,113,0
00:51:51:604,120001096,47695767,2292277,104,0
00:51:51:804,120001465,47441419,2297174,111,0
00:51:52:004,120000820,47408098,2286011,109,0
00:51:52:204,120000604,47483071,2279939,108,0
00:51:52:404,120000618,47223776,2276131,104,0
00:51:52:604,120001114,47681113,2286742,105,0
00:51:52:804,120001195,47492179,2303468,105,0
00:51:53:004,120000614,47596907,2287817,102,0
00:51:53:204,120000754,47555505,2280950,110,0
00:51:53:404,120001056,47476907,2293129,98,0
00:51:53:604,120000852,47518209,2301411,108,0
00:51:53:804,120000663,47658012,2281847,110,0
00:51:54:004,120000941,47487542,2282126,105,0
00:51:54:204,120001197,47416696,2294548,108,0
00:51:54:404,120001241,47355955,2288053,110,0
00:51:54:604,120000658,47498485,2286785,108,0
00:51:54:804,120000649,47632807,2280559,98,0
00:51:55:004,120001400,47383932,2281005,111,0
00:51:55:204,120001239,47419067,2295137,115,0
00:51:55:404,120001178,47281075,2279160,111,0
00:51:55:604,120000510,47519904,2293498,104,0
00:51:55:804,120000535,47580308,2280615,115,0
00:51:56:004,120000575,47307539,2276940,106,0
00:51:56:204,120000407,47480723,2287726,115,0
00:51:56:404,120001236,47393714,2291889,121,0
00:51:56:604,120000279,47524146,2293709,110,0
00:51:56:804,120000932,47205283,2275327,105,0
00:51:57:004,120000731,47553299,2279613,107,0
00:51:57:204,120001527,47574699,2285311,108,0
00:51:57:404,120001126,47372812,2290066,116,0
00:51:57:604,120001413,47446450,2297783,95,0
00:51:57:804,120001325,47932489,2287605,107,0
00:51:58:004,120001469,47585961,2313788,110,0
00:51:58:204,120000709,47522865,2280791,107,0
00:51:58:404,120000962,47574549,2280664,111,0
00:51:58:604,120001297,47339391,2278728,110,0
00:51:58:804,120001163,47404413,2293089,99,0
00:51:59:004,120000931,47398579,2292351,101,0
00:51:59:204,120000875,47362000,2282880,110,0
00:51:59:404,120000779,47235587,2275663,104,0
00:51:59:604,120000678,47722595,2282243,103,0
00:51:59:804,120001143,47520669,2290831,104,0
00:52:00:004,120001725,47496877,2303533,103,0
00:52:00:204,120000792,47723965,2282530,102,0
00:52:00:404,120001559,47536635,2290255,112,0
00:52:00:604,120001239,47284963,2280012,106,0
00:52:00:804,120001241,47355325,2288134,102,0
00:52:01:004,120000881,47480008,2292106,107,0
00:52:01:204,120000849,47754033,2283198,113,0
00:52:01:404,120001258,47398939,2286731,119,0
00:52:01:604,120001334,47417299,2294869,99,0
00:52:01:804,120000819,47474880,2289982,105,0
00:52:02:004,120000628,47446632,2279173,107,0
00:52:02:204,120000756,47370864,2277252,104,0
00:52:02:404,120000681,47339986,2277066,114,0
00:52:02:604,120001154,47564299,2296949,110,0
00:52:02:804,120000854,47558117,2299909,106,0
00:52:03:004,120000844,47770718,2282767,103,0
00:52:03:204,120002063,47390174,2288506,106,0
00:52:03:404,120001209,47427833,2295586,110,0
00:52:03:604,120000991,47393024,2286388,113,0
00:52:03:804,120000849,47721013,2282716,99,0
00:52:04:004,120001527,47457545,2286098,101,0
00:52:04:204,120001195,47469715,2300560,100,0
00:52:04:404,120000683,47512048,2287116,109,0
00:52:04:604,120000702,47543386,2279571,110,0
00:52:04:804,120001248,47543634,2290772,102,0
00:52:05:004,120001155,47302117,2282340,101,0
00:52:05:204,120001081,47393107,2291573,104,0
00:52:05:804,120000462,265141461,401,159,0
00:52:05:804,120000462,265141461,401,159,0
00:52:06:004,120001702,51112885,2241816,111,0
00:52:06:204,120001212,47353903,2287967,104,0
00:52:06:404,120001143,47441779,2297391,106,0
00:52:06:604,120000899,47509836,2281587,115,0
00:52:06:804,120000946,47493305,2279657,109,0
00:52:07:004,120001455,47559864,2293408,105,0
00:52:07:204,120001153,47445748,2297956,107,0
00:52:07:404,120000649,47457394,2282647,102,0
00:52:07:604,120000682,47374746,2278007,114,0
00:52:07:804,120001558,47639301,2283608,106,0
00:52:08:004,120001239,47355433,2287520,111,0
00:52:08:204,120001245,47421403,2295206,106,0
00:52:08:404,120001322,47285467,2279193,108,0
00:52:08:604,120000821,47526101,2283800,105,0
00:52:08:804,120000839,47641424,2281419,103,0
00:52:09:004,120001407,47348473,2283491,106,0
00:52:09:204,120001293,47222278,2272788,100,0
00:52:09:404,120001381,47364055,2288624,100,0
00:52:09:604,120001019,47388652,2291491,125,0
00:52:09:804,120000802,47446360,2287777,106,0
00:52:10:004,120000966,47484823,2279088,110,0
00:52:10:204,120001557,47581071,2281808,103,0
00:52:10:404,120001685,47478859,2301496,111,0
00:52:10:604,120000900,47478824,2292064,112,0
00:52:10:804,120001067,47510344,2280066,106,0
00:52:11:004,120001112,47568970,2282122,107,0
00:52:11:204,120001413,47266763,2277954,109,0
00:52:11:404,120001229,47378018,2290088,109,0
00:52:11:604,120001168,47376898,2289947,113,0
00:52:11:804,120000888,47425776,2287003,115,0
00:52:12:004,120000792,47754443,2283171,110,0
00:52:12:204,120001538,47378043,2283409,107,0
00:52:12:404,120001274,47245192,2275898,101,0
00:52:12:604,120001537,47279021,2279939,106,0
00:52:12:804,120001173,47438704,2296358,105,0
00:52:13:004,120001144,47315464,2283087,108,0
00:52:13:204,120000625,47428005,2282178,101,0
00:52:13:404,120000730,47566274,2280653,101,0
00:52:13:604,120001608,47517529,2286192,110,0
00:52:13:804,120001355,47316211,2282965,99,0
00:52:14:004,120001535,47491117,2302632,112,0
00:52:14:204,120000967,47706214,2282296,106,0
00:52:14:404,120000919,47430643,2278378,105,0
00:52:14:604,120001035,47407275,2290783,120,0
00:52:14:804,120001363,47341987,2286185,109,0
00:52:15:004,120000800,47546688,2294036,105,0
00:52:15:204,120000775,47549187,2280210,107,0
00:52:15:404,120001410,47500180,2283141,112,0
00:52:15:604,120001196,47420755,2294735,96,0
00:52:15:804,120001294,47288707,2280505,112,0
00:52:16:004,120000507,47397801,2289988,108,0
00:52:16:204,120000658,47645260,2281469,104,0
00:52:16:404,120001630,47519147,2282360,100,0
00:52:16:604,120001237,47372614,2289612,104,0
00:52:16:804,120001292,47415522,2294089,104,0
00:52:17:004,120000517,47386535,2284047,105,0
00:52:17:204,120000682,47814705,2283769,105,0
00:52:17:404,120001317,47431811,2294458,100,0
00:52:17:604,120000989,47346461,2287183,107,0
00:52:17:804,120000817,47640307,2291721,103,0
00:52:18:004,120001360,47707012,2289575,108,0
00:52:18:204,120001357,47395664,2292389,115,0
00:52:18:404,120001173,47294467,2280400,101,0
00:52:18:604,120001161,47346919,2286887,106,0
00:52:18:804,120000906,47511813,2280327,113,0
00:52:19:004,120001169,47759884,2292933,113,0
00:52:19:204,120001209,47287564,2279017,97,0
00:52:19:404,120001065,47308426,2282928,107,0
00:52:19:604,120001025,47344984,2286420,107,0
00:52:19:804,120000538,47339125,2285495,101,0
00:52:20:004,120000863,47819699,2283071,104,0
00:52:20:204,120001085,47470819,2292000,114,0
00:52:20:404,120001428,47469895,2301038,113,0
00:52:20:604,120000964,47531238,2281637,113,0
00:52:21:204,120000458,265133588,403,155,0
00:52:21:204,120000458,265133588,403,155,0
00:52:21:404,120000664,93968398,1787914,120,0
00:52:21:604,120001259,47414402,2278562,114,0
00:52:21:804,120001103,47454300,2298472,96,0
00:52:22:004,120000668,47609683,2296421,98,0
00:52:22:204,120001217,47786457,2290041,115,0
00:52:22:404,120001225,47370148,2289140,101,0
00:52:22:604,120001214,47329803,2284544,110,0
00:52:22:804,120000698,47443376,2287680,114,0
00:52:23:004,120000535,47492446,2278623,105,0
00:52:23:204,120001014,47562913,2279758,103,0
00:52:23:404,120001433,47339751,2284624,114,0
00:52:23:604,120001474,47332816,2285169,100,0
00:52:23:804,120001023,47406382,2293219,110,0
00:52:24:004,120001193,47295376,2280528,112,0
00:52:24:204,120000657,47419553,2278923,105,0
00:52:24:404,120000631,47618405,2281312,112,0
00:52:24:604,120001111,47454705,2285866,112,0
00:52:24:804,120001232,47390650,2291704,102,0
00:52:25:004,120000886,47454330,2295041,108,0
00:52:25:204,120000773,47555675,2279231,108,0
00:52:25:404,120001222,47599669,2284198,114,0
00:52:25:604,120001288,47269267,2278037,108,0
00:52:25:804,120001404,47256858,2277251,105,0
00:52:26:004,120001284,47267980,2278400,99,0
00:52:26:204,120001162,47389795,2291443,113,0
00:52:26:404,120001633,47278051,2279337,110,0
00:52:26:604,120000635,47543051,2292578,107,0
00:52:26:804,120000507,47384122,2277680,108,0
00:52:27:004,120001332,47630276,2283142,103,0
00:52:27:204,120001201,47247336,2276286,108,0
00:52:27:404,120001136,47397085,2291451,114,0
00:52:27:604,120001444,47330404,2284767,102,0
00:52:27:804,120000777,47546221,2293344,103,0
00:52:28:004,120000653,47448383,2279101,107,0
00:52:28:204,120000724,47372398,2277860,108,0
00:52:28:404,120001324,47575241,2294912,113,0
00:52:28:604,120001200,47301795,2280491,105,0
00:52:28:804,120000541,47425632,2294757,111,0
00:52:29:004,120000551,47407966,2278052,101,0
00:52:29:204,120000715,47469650,2278483,105,0
00:52:29:404,120000640,47314219,2276590,105,0
00:52:29:604,120001217,47641288,2298106,107,0
00:52:29:804,120000628,47706803,2301386,111,0
00:52:30:004,120000620,47486508,2279136,107,0
00:52:30:204,120001292,47485290,2286104,111,0
00:52:30:404,120001052,47371140,2289577,105,0
00:52:30:604,120001297,47411251,2293804,107,0
00:52:30:804,120000730,47642816,2283264,113,0
00:52:31:004,120001580,47571803,2283682,98,0
00:52:31:204,120001405,47466221,2300185,108,0
00:52:31:404,120001192,47329578,2284342,108,0
00:52:31:604,120000811,47455743,2283325,102,0
00:52:31:804,120000895,47586191,2280621,106,0
00:52:32:004,120000943,47422343,2279471,111,0
00:52:32:204,120001067,47333716,2284932,113,0
00:52:32:404,120001633,47353786,2288238,101,0
00:52:32:604,120000583,47575593,2297577,113,0
00:52:32:804,120001980,47839996,2291177,107,0
00:52:33:004,120001275,47282434,2280236,116,0
00:52:33:204,120001329,47298299,2281861,98,0
00:52:33:404,120001368,47445003,2297606,106,0
00:52:33:604,120000599,47475688,2280464,104,0
00:52:33:804,120001048,47720834,2283453,111,0
00:52:34:004,120001073,47468077,2300115,102,0
00:52:34:204,120001508,47316870,2282883,103,0
00:52:34:404,120000470,47366945,2284309,104,0
00:52:34:604,120000464,47551852,2280398,116,0
00:52:34:804,120001318,47610316,2286190,111,0
00:52:35:004,120001202,47431863,2296149,103,0
00:52:35:204,120000979,47372812,2289727,97,0
00:52:35:404,120000596,47346601,2278962,100,0
00:52:35:604,120000461,47800972,2283096,112,0
00:52:35:804,120001213,47374891,2287100,102,0
00:52:36:004,120001413,47482956,2301629,126,0
00:52:36:604,120000450,265141594,401,166,0
00:52:36:604,120000450,265141594,401,166,0
00:52:36:804,120000528,136032856,1344159,142,0
00:52:37:004,120001133,47412841,2287364,110,0
00:52:37:204,120001020,47357269,2288133,114,0
00:52:37:404,120001049,47333095,2285049,115,0
00:52:37:604,120000744,47540188,2288981,110,0
00:52:37:804,120000505,47482892,2279326,112,0
00:52:38:004,120000925,47490420,2280396,101,0
00:52:38:204,120001180,47410718,2293411,105,0
00:52:38:404,120001082,47408976,2293552,125,0
00:52:38:604,120000485,47438385,2283487,110,0
00:52:38:804,120000800,47549475,2280099,123,0
00:52:39:004,120001047,47569344,2290282,112,0
00:52:39:204,120001362,47190193,2269038,106,0
00:52:39:404,120001147,47385522,2291439,105,0
00:52:39:604,120001164,47325283,2284290,104,0
00:52:39:804,120001098,47275070,2278834,95,0
00:52:40:004,120000506,47489591,2289545,98,0
00:52:40:204,120000512,47542099,2280421,110,0
00:52:40:404,120000670,47364635,2277487,111,0
00:52:40:604,120001413,47394883,2279926,105,0
00:52:40:804,120001708,47452417,2298688,102,0
00:52:41:004,120000908,47482186,2293003,103,0
00:52:41:204,120000841,47692307,2282045,104,0
00:52:41:404,120001307,47393228,2279711,105,0
00:52:41:604,120001630,47398334,2291983,103,0
00:52:41:804,120001186,47321991,2284313,111,0
00:52:42:004,120000766,47376331,2290369,101,0
00:52:42:204,120000994,47414680,2280082,106,0
00:52:42:404,120000869,47401637,2277918,108,0
00:52:42:604,120000732,47444641,2278511,104,0
00:52:42:804,120000830,47369979,2277033,114,0
00:52:43:004,120001446,47337987,2280855,104,0
00:52:43:204,120001307,47326696,2285162,107,0
00:52:43:404,120001532,47316445,2283401,99,0
00:52:43:604,120001444,47367934,2289010,114,0
00:52:43:804,120000683,47499999,2287093,103,0
00:52:44:004,120000770,47582363,2280425,107,0
00:52:44:204,120001186,47490707,2288198,102,0
00:52:44:404,120001329,47446380,2297711,101,0
00:52:44:604,120000886,47492828,2286904,108,0
00:52:44:804,120000801,47693575,2282341,107,0
00:52:45:004,120001351,47397041,2286882,107,0
00:52:45:204,120001300,47391451,2291525,105,0
00:52:45:404,120001331,47400482,2292112,112,0
00:52:45:604,120000901,47848821,2284086,101,0
00:52:45:804,120001411,47419569,2289647,114,0
00:52:46:004,120001394,47445919,2297833,105,0
00:52:46:204,120000938,47474204,2284786,110,0
00:52:46:404,120000996,47408915,2278221,105,0
00:52:46:604,120001525,47606716,2282462,106,0
00:52:46:804,120001273,47394709,2292131,108,0
00:52:47:004,120001118,47314672,2283353,107,0
00:52:47:204,120001458,47352355,2287602,110,0
00:52:47:404,120000686,47560816,2283732,104,0
00:52:47:604,120001337,47666961,2284446,109,0
00:52:47:804,120001344,47337829,2285835,110,0
00:52:48:004,120001139,47416595,2294453,103,0
00:52:48:204,120000905,47431592,2287615,105,0
00:52:48:404,120000835,47249043,2276315,123,0
00:52:48:604,120000860,47511413,2279504,110,0
00:52:48:804,120000852,47424825,2278966,114,0
00:52:49:004,120001094,47403245,2280002,110,0
00:52:49:204,120001220,47481570,2301939,99,0
00:52:49:404,120000721,47385488,2290734,102,0
00:52:49:604,120000726,47603973,2280579,104,0
00:52:49:804,120000752,47239993,2275529,103,0
00:52:50:004,120001576,47662371,2291266,109,0
00:52:50:204,120001171,47421484,2295139,112,0
00:52:50:404,120001141,47261050,2276885,105,0
00:52:50:604,120000750,47405810,2286557,112,0
00:52:50:804,120000798,47529667,2279155,101,0
00:52:51:004,120001617,47605271,2284921,109,0
00:52:51:204,120001275,47393252,2292543,100,0
00:52:51:404,120000883,47517435,2297910,108,0
00:52:52:004,120000454,265133760,403,161,0
00:52:52:004,120000454,265133760,403,161,0
00:52:52:204,120000803,179103738,896875,141,0
00:52:52:404,120001538,47548884,2292220,121,0
00:52:52:604,120001054,47299930,2281984,111,0
00:52:52:804,120001305,47459904,2298031,103,0
00:52:53:004,120000574,47458300,2279201,103,0
00:52:53:204,120000923,47695493,2282686,119,0
00:52:53:404,120001702,47303159,2281444,108,0
00:52:53:604,120001153,47400760,2292748,104,0
00:52:53:804,120000816,47457324,2294878,109,0
00:52:54:004,120000643,47694080,2282063,106,0
00:52:54:204,120000593,47362636,2278552,104,0
00:52:54:404,120001529,47373739,2284003,107,0
00:52:54:604,120001133,47470489,2300355,110,0
00:52:54:804,120000969,47652762,2290251,106,0
00:52:55:004,120001372,47626164,2284278,101,0
00:52:55:204,120000847,47353075,2287244,106,0
00:52:55:404,120000990,47359321,2287990,106,0
00:52:55:604,120001092,47301685,2282163,105,0
00:52:55:804,120000904,47351913,2285145,102,0
00:52:56:004,120001060,47208366,2273063,115,0
00:52:56:204,120000547,47468083,2281210,96,0
00:52:56:404,120000754,47637354,2281360,124,0
00:52:56:604,120001540,47427550,2287582,106,0
00:52:56:804,120001014,47393386,2291551,102,0
00:52:57:004,120001272,47286115,2279589,114,0
00:52:57:204,120000613,47386643,2286986,102,0
00:52:57:404,120000833,47610563,2280934,102,0
00:52:57:604,120001256,47611665,2290693,120,0
00:52:57:804,120001096,47448961,2297535,101,0
00:52:58:004,120000685,47437002,2285701,116,0
00:52:58:204,120000836,47555939,2280012,102,0
00:52:58:404,120000869,47414963,2278344,100,0
00:52:58:604,120001772,47380284,2282935,111,0
00:52:58:804,120000999,47449242,2297800,104,0
00:52:59:004,120000615,47372696,2289264,107,0
00:52:59:204,120000666,47332179,2277153,105,0
00:52:59:404,120000949,47787027,2282781,106,0
00:52:59:604,120001133,47528641,2303625,106,0
00:52:59:804,120000960,47404444,2291065,108,0
00:53:00:004,120000956,47706625,2282453,103,0
00:53:00:204,120001384,47499555,2286450,101,0
00:53:00:404,120001184,47360950,2288989,114,0
00:53:00:604,120001254,47246983,2275183,112,0
00:53:00:804,120001320,47388848,2291027,108,0
00:53:01:004,120001327,47269719,2277745,117,0
00:53:01:404,120000686,47604949,2280479,119,0
00:53:01:604,120001229,47439418,2289582,103,0
00:53:01:804,120001138,47438215,2297440,102,0
00:53:02:004,120000903,47409467,2284890,103,0
00:53:02:204,120001392,47844401,2286953,115,0
00:53:02:404,120001353,47479885,2302237,109,0
00:53:02:604,120000973,47740546,2294060,103,0
00:53:02:804,120001248,47670626,2295186,101,0
00:53:03:004,120001420,47365540,2288139,100,0
00:53:03:204,120000820,47604257,2292029,112,0
00:53:03:404,120001487,47712341,2285896,107,0
00:53:03:604,120001205,47430790,2296744,103,0
00:53:03:804,120001536,47323330,2283933,113,0
00:53:04:004,120000626,47916372,2293285,106,0
00:53:04:204,120001436,47351977,2279880,110,0
00:53:04:404,120001321,47394691,2291777,111,0
00:53:04:604,120001225,47418766,2294949,99,0
00:53:04:804,120000852,47385845,2281075,105,0
00:53:05:004,120000757,47539333,2279834,107,0
00:53:05:204,120000747,47261798,2276432,102,0
00:53:05:404,120001227,47549743,2284416,105,0
00:53:05:604,120001096,47486554,2302491,99,0
00:53:05:804,120000711,47547410,2289087,103,0
00:53:06:004,120001005,47725306,2283936,103,0
00:53:06:204,120001325,47288979,2280247,112,0
00:53:06:404,120001205,47390956,2290978,115,0
00:53:06:604,120000992,47344921,2286805,105,0
00:53:06:804,120000887,47667202,2289296,111,0
00:53:07:004,120000674,47541443,2279501,109,0
00:53:07:404,120000460,265141478,402,170,0
00:53:07:604,120000753,222013633,448331,140,0
00:53:07:804,120000846,47646467,2281087,98,0
00:53:08:004,120001214,47470964,2295808,118,0
00:53:08:204,120001404,47367117,2288813,106,0
00:53:08:404,120000610,47462086,2287212,99,0
00:53:08:604,120000697,47718047,2282163,105,0
00:53:08:804,120001668,47410063,2287997,117,0
00:53:09:004,120001089,47370139,2290059,97,0
00:53:09:204,120001237,47328676,2285172,123,0
00:53:09:404,120000587,47420736,2285652,105,0
00:53:09:604,120000789,47341751,2277074,113,0
00:53:09:804,120000805,47353167,2277210,110,0
00:53:10:004,120001201,47737995,2294474,112,0
00:53:10:204,120001115,47330188,2284716,108,0
00:53:10:404,120000780,47481127,2296321,110,0
00:53:10:604,120000764,47425851,2277980,107,0
00:53:10:804,120000495,47505876,2280126,112,0
00:53:11:004,120001064,47582986,2296620,107,0
00:53:11:204,120000991,47401108,2292358,103,0
00:53:11:404,120000894,47712448,2288489,108,0
00:53:11:604,120001178,47524997,2282169,103,0
00:53:11:804,120001223,47548402,2308790,106,0
00:53:12:004,120000733,47515968,2285368,109,0
00:53:12:204,120000805,47559315,2280042,111,0
00:53:12:404,120001583,47598467,2301294,116,0
00:53:12:604,120001147,47406211,2292877,102,0
00:53:12:804,120000830,47726986,2283337,103,0
00:53:13:004,120001259,47553945,2291347,107,0
00:53:13:204,120000916,47376450,2290055,107,0
00:53:13:404,120001286,47349709,2287160,96,0
00:53:13:604,120000782,47841198,2286986,105,0
00:53:13:804,120001497,47397300,2283002,106,0
00:53:14:004,120001355,47452597,2298805,112,0
00:53:14:204,120000661,47440249,2290961,104,0
00:53:14:404,120000881,47280643,2276192,106,0
00:53:14:604,120000874,47618307,2281166,104,0
00:53:14:804,120001564,47473509,2281760,107,0
00:53:15:004,120001104,47491811,2303223,118,0
00:53:15:204,120000597,47517470,2290062,106,0
00:53:15:404,120001318,47777413,2286631,104,0
00:53:15:604,120000991,47371354,2289540,107,0
00:53:15:804,120001233,47411314,2294398,111,0
00:53:16:004,120000965,47260421,2277506,118,0
00:53:16:204,120000717,47702516,2287208,109,0
00:53:16:404,120000994,47556458,2284864,118,0
00:53:16:604,120001095,47357042,2288134,109,0
00:53:16:804,120001438,47387765,2291290,106,0
00:53:17:004,120000675,47669890,2288900,113,0
00:53:17:204,120001307,47616277,2286417,109,0
00:53:17:404,120001096,47379663,2290199,108,0
00:53:17:604,120001305,47338882,2285697,106,0
00:53:17:804,120000564,47371186,2287556,111,0
00:53:18:004,120000689,47674396,2281269,106,0
00:53:18:204,120000959,47548063,2287865,111,0
00:53:18:404,120001146,47326327,2284061,114,0
00:53:18:604,120001205,47280806,2279496,102,0
00:53:18:804,120001245,47435515,2296430,107,0
00:53:19:004,120000651,47399607,2278207,103,0
00:53:19:204,120001108,47808795,2288239,111,0
00:53:19:404,120000759,47143684,2269218,108,0
00:53:19:604,120002026,47475764,2294829,104,0
00:53:19:805,120001296,47357827,2287906,104,0
00:53:20:005,120000614,47613445,2290232,114,0
00:53:20:205,120000623,47370689,2277026,116,0
00:53:20:405,120001315,47563545,2283097,102,0
00:53:20:605,120001222,47310705,2282383,101,0
00:53:20:805,120001198,47395202,2292001,101,0
00:53:21:005,120000693,47659309,2294682,113,0
00:53:21:205,120000518,47564756,2279902,119,0
00:53:21:405,120000900,47576339,2305526,107,0
00:53:21:605,120000710,47503793,2290360,108,0
00:53:21:805,120000678,47548797,2279686,100,0
00:53:22:005,120000684,47362708,2277438,106,0
00:53:22:205,120001084,47373814,2278958,116,0
00:53:22:405,120001084,47351880,2287698,107,0
00:53:22:805,120000509,221582045,463150,159,0
00:53:23:005,120000773,264968742,1100,161,0
00:53:23:205,120000814,47412531,2277806,110,0
00:53:23:405,120000850,47397907,2279141,106,0
00:53:23:605,120001315,47587739,2284136,109,0
00:53:23:805,120001332,47381444,2290884,107,0
00:53:24:005,120001128,47345011,2286467,101,0
00:53:24:205,120000713,47480048,2289990,103,0
00:53:24:405,120000848,47527188,2279664,110,0
00:53:24:605,120000470,47478200,2278345,113,0
00:53:24:805,120001203,47474783,2297898,101,0
00:53:25:005,120001043,47413915,2293950,113,0
00:53:25:205,120000688,47440944,2280352,103,0
00:53:25:405,120000887,47608395,2280607,106,0
00:53:25:605,120001130,47429651,2283701,110,0
00:53:25:805,120001236,47376682,2290457,108,0
00:53:26:005,120001250,47442931,2297369,107,0
00:53:26:205,120000740,47498108,2279584,105,0
00:53:26:405,120000461,47406026,2278136,105,0
00:53:26:605,120000587,47500195,2279734,101,0
00:53:26:805,120001262,47411531,2293405,109,0
00:53:27:005,120001063,47346746,2286043,110,0
00:53:27:205,120001166,47348748,2286596,98,0
00:53:27:405,120000614,47596561,2283788,111,0
00:53:27:605,120000734,47434699,2278762,113,0
00:53:27:805,120000854,47385563,2277940,115,0
00:53:28:005,120000700,47358852,2286196,110,0
00:53:28:205,120001087,47482225,2301423,109,0
00:53:28:405,120000598,47458677,2284091,112,0
00:53:28:605,120000491,47514234,2279617,107,0
00:53:28:805,120000646,47221948,2275412,109,0
00:53:29:005,120000791,47474803,2279055,108,0
00:53:29:205,120001063,47428893,2290922,115,0
00:53:29:405,120001213,47365934,2288687,106,0
00:53:29:605,120001234,47260649,2277308,105,0
00:53:29:805,120001065,47361364,2288548,103,0
00:53:30:005,120000521,47696197,2282411,113,0
00:53:30:205,120001213,47502611,2282718,111,0
00:53:30:405,120001224,47387961,2290525,103,0
00:53:30:605,120001242,47359681,2287886,97,0
00:53:30:805,120001031,47312998,2283069,108,0
00:53:31:005,120000610,47356579,2280312,117,0
00:53:31:205,120000593,47423557,2277918,104,0
00:53:31:405,120001317,47753491,2291781,106,0
00:53:31:605,120001551,47318985,2283377,95,0
00:53:31:805,120001239,47322025,2284454,105,0
00:53:32:005,120001259,47354180,2287213,107,0
00:53:32:205,120000889,47865997,2287735,109,0
00:53:32:405,120001303,47506234,2297332,116,0
00:53:32:605,120001258,47391325,2291634,103,0
00:53:32:805,120000963,47449212,2284138,115,0
00:53:33:005,120001389,47047958,2267741,103,0
00:53:33:205,120000818,47398290,2283553,116,0
00:53:33:405,120000888,47515809,2279698,104,0
00:53:33:605,120000981,47544586,2279893,111,0
00:53:33:805,120000799,47219582,2275751,105,0
00:53:34:005,120001341,47422264,2290443,109,0
00:53:34:205,120001270,47354020,2287153,107,0
00:53:34:405,120001307,47386321,2291520,104,0
00:53:34:605,120000878,47457477,2280177,117,0
00:53:34:805,120000863,47269587,2276413,105,0
00:53:35:005,120000827,47652029,2281457,102,0
00:53:35:205,120001407,47412120,2290399,111,0
00:53:35:405,120001330,47415835,2294022,98,0
00:53:35:605,120000831,47418960,2286322,104,0
00:53:35:805,120000988,47679299,2281996,106,0
00:53:36:005,120000825,47280867,2276620,107,0
00:53:36:205,120001402,47408299,2282842,109,0
00:53:36:405,120001114,47459923,2299674,103,0
00:53:36:605,120001194,47311315,2283015,100,0
00:53:36:805,120000692,47641760,2286845,112,0
00:53:37:005,120001534,47682299,2292074,107,0
00:53:37:205,120001271,47287357,2280306,111,0
00:53:37:405,120001299,47376688,2290334,111,0
00:53:37:605,120001250,47280989,2279040,115,0
00:53:37:805,120001056,47558439,2287687,112,0
00:53:38:405,120000447,265141418,401,157,0
00:53:38:405,120000447,265141418,401,157,0
00:53:38:605,120000860,89550596,1838865,131,0
00:53:38:805,120001123,47328490,2277102,113,0
00:53:39:005,120001294,47342646,2285867,119,0
00:53:39:205,120001216,47345054,2286325,108,0
00:53:39:405,120001276,47295142,2281213,108,0
00:53:39:605,120001170,47374020,2290047,107,0
00:53:39:805,120000645,47370905,2279803,103,0
00:53:40:005,120001423,47852707,2288872,108,0
00:53:40:205,120001167,47377898,2289961,104,0
00:53:40:405,120000626,47508634,2298721,107,0
00:53:40:605,120000583,47619484,2280524,106,0
00:53:40:805,120001208,47483874,2280074,102,0
00:53:41:005,120001334,47367613,2288860,105,0
00:53:41:205,120000967,47368681,2288847,107,0
00:53:41:405,120001137,47373181,2289650,115,0
00:53:41:605,120000803,47424242,2279326,101,0
00:53:41:805,120000769,47495809,2278984,100,0
00:53:42:005,120000940,47357715,2276841,104,0
00:53:42:205,120001118,47447379,2284107,112,0
00:53:42:405,120001219,47402900,2292946,115,0
00:53:42:605,120001087,47306635,2282282,109,0
00:53:42:805,120000990,47630690,2292236,106,0
00:53:43:005,120000736,47633442,2281328,109,0
00:53:43:205,120001424,47324281,2283913,117,0
00:53:43:405,120001165,47296483,2280665,105,0
00:53:43:605,120001015,47345029,2286527,102,0
00:53:43:805,120001588,47344435,2286345,103,0
00:53:44:005,120001429,47250763,2276159,108,0
00:53:44:205,120000634,47641368,2288484,105,0
00:53:44:405,120001019,47532147,2279850,121,0
00:53:44:605,120000991,47465603,2294379,100,0
00:53:44:805,120001230,47278510,2279215,106,0
00:53:45:005,120000719,47534557,2298959,109,0
00:53:45:205,120000969,47605723,2280670,104,0
00:53:45:405,120001534,47509343,2284745,116,0
00:53:45:605,120001222,47380480,2290621,112,0
00:53:45:805,120001027,47589671,2299717,110,0
00:53:46:005,120000801,47675068,2281720,110,0
00:53:46:205,120001673,47575403,2304478,100,0
00:53:46:405,120001318,47381614,2290452,104,0
00:53:46:605,120000523,47593070,2280829,108,0
00:53:46:805,120001246,47631156,2287212,109,0
00:53:47:005,120001331,47443750,2297382,113,0
00:53:47:205,120000966,47588941,2291395,108,0
00:53:47:405,120000594,47586901,2281228,109,0
00:53:47:605,120001233,47503641,2293678,104,0
00:53:47:805,120001217,47442994,2297316,111,0
00:53:48:005,120000677,47570403,2283041,110,0
00:53:48:205,120000914,47277681,2276468,106,0
00:53:48:405,120001585,47624381,2284745,108,0
00:53:48:605,120001319,47422870,2294977,98,0
00:53:48:805,120001267,47374279,2290290,105,0
00:53:49:005,120001038,47280699,2279063,102,0
00:53:49:205,120000791,47365850,2279223,114,0
00:53:49:405,120000684,47437148,2278782,111,0
00:53:49:605,120001240,47670866,2287665,105,0
00:53:49:805,120000942,47490316,2302666,110,0
00:53:50:005,120000468,47621122,2288112,112,0
00:53:50:205,120000634,47506593,2280143,108,0
00:53:50:405,120001040,47369403,2278187,122,0
00:53:50:605,120001327,47385779,2291146,114,0
00:53:50:805,120000777,47479360,2301343,114,0
00:53:51:005,120000943,47483939,2279649,114,0
00:53:51:205,120000836,47313699,2276638,110,0
00:53:51:405,120000722,47566403,2280046,114,0
00:53:51:605,120001158,47430868,2291133,103,0
00:53:51:805,120001255,47407586,2293056,108,0
00:53:52:005,120000658,47487616,2287086,100,0
00:53:52:205,120001183,47788720,2286654,114,0
00:53:52:405,120001173,47473294,2301038,104,0
00:53:52:605,120001259,47314973,2283757,119,0
00:53:52:805,120000506,47431965,2283380,107,0
00:53:53:005,120000731,47493625,2279167,113,0
00:53:53:205,120000634,47436250,2279199,98,0
00:53:53:805,120000451,265133670,403,150,0
00:53:53:805,120000451,265133670,403,150,0
00:53:54:005,120000909,132530772,1390239,130,0
00:53:54:205,120001127,47628468,2288063,112,0
00:53:54:405,120001449,47372227,2289658,105,0
00:53:54:605,120001356,47420899,2295388,115,0
00:53:54:805,120000837,47520816,2280668,111,0
00:53:55:005,120000503,47307473,2277021,114,0
00:53:55:205,120000723,47392830,2278165,105,0
00:53:55:405,120001011,47593677,2295130,114,0
00:53:55:605,120001342,47298481,2281258,101,0
00:53:55:805,120001273,47246796,2275904,111,0
00:53:56:005,120001039,47364181,2288388,104,0
00:53:56:205,120000949,47429943,2285202,103,0
00:53:56:405,120000834,47416213,2277997,113,0
00:53:56:605,120000857,47355809,2277753,105,0
00:53:56:805,120001518,47567480,2283530,119,0
00:53:57:005,120001235,47472044,2301360,104,0
00:53:57:205,120000476,47394083,2289620,107,0
00:53:57:405,120001472,47914831,2288634,99,0
00:53:57:605,120001151,47357399,2287884,110,0
00:53:57:805,120001188,47338257,2285924,110,0
00:53:58:005,120001186,47341397,2286179,119,0
00:53:58:205,120000689,47520499,2284740,106,0
00:53:58:405,120000694,47619804,2281083,109,0
00:53:58:605,120001270,47447337,2290599,101,0
00:53:58:805,120001146,47416300,2294715,107,0
00:53:59:005,120001725,47318180,2283661,98,0
00:53:59:205,120000726,47525167,2281605,107,0
00:53:59:405,120000996,47715187,2288661,103,0
00:53:59:605,120001021,47408299,2293518,105,0
00:53:59:805,120001395,47396239,2292557,106,0
00:54:00:005,120000734,47434710,2278159,104,0
00:54:00:205,120000752,47576650,2280771,103,0
00:54:00:405,120001095,47432397,2281226,107,0
00:54:00:605,120000930,47270833,2277836,104,0
00:54:00:805,120001237,47283523,2279882,103,0
00:54:01:005,120001139,47339035,2285475,106,0
00:54:01:205,120001203,47378347,2289911,108,0
00:54:01:405,120000589,47398633,2285413,108,0
00:54:01:605,120000536,47201172,2275639,103,0
00:54:01:805,120000461,47750636,2283191,103,0
00:54:02:005,120001426,47503355,2290856,107,0
00:54:02:205,120001085,47370634,2290168,118,0
00:54:02:405,120001187,47358610,2287789,113,0
00:54:02:605,120000471,47540837,2282264,101,0
00:54:02:805,120001340,47677177,2284846,109,0
00:54:03:005,120001211,47338225,2285870,112,0
00:54:03:205,120001330,47448223,2297710,109,0
00:54:03:405,120000506,47556030,2285512,99,0
00:54:03:605,120000485,47642356,2281176,114,0
00:54:03:805,120001127,47382218,2289292,102,0
00:54:04:005,120001064,47396815,2292242,107,0
00:54:04:205,120000836,47527776,2290193,111,0
00:54:04:405,120000693,47363014,2278409,104,0
00:54:04:605,120001379,47688751,2288232,106,0
00:54:04:805,120001025,47352364,2287587,107,0
00:54:05:005,120001573,47451319,2297871,111,0
00:54:05:205,120000914,47676453,2282678,105,0
00:54:05:405,120001046,47216859,2275706,109,0
00:54:05:605,120001283,47555294,2282941,106,0
00:54:05:805,120001357,47361904,2288266,113,0
00:54:06:005,120001186,47313763,2283683,104,0
00:54:06:205,120001124,47367502,2289509,102,0
00:54:06:405,120000801,47555895,2285589,107,0
00:54:06:605,120000697,47466625,2279371,110,0
00:54:06:805,120001349,47474528,2282978,111,0
00:54:07:005,120000988,47425021,2295110,103,0
00:54:07:205,120001264,47342239,2285715,110,0
00:54:07:405,120000832,47598377,2287963,110,0
00:54:07:605,120000623,47325203,2277073,110,0
00:54:07:805,120001611,47603110,2284954,108,0
00:54:08:005,120001305,47249944,2276648,104,0
00:54:08:205,120001102,47440699,2298123,110,0
00:54:08:405,120001452,47332078,2285586,105,0
00:54:08:605,120000999,47230342,2273813,98,0
00:54:09:205,120000474,265142147,401,152,0
00:54:09:205,120000474,265142147,401,152,0
00:54:09:405,120000633,174438818,944653,139,0
00:54:09:605,120000953,47382068,2277754,106,0
00:54:09:805,120001295,47495539,2283582,112,0
00:54:10:005,120001230,47368987,2289617,106,0
00:54:10:205,120001203,47310523,2282673,97,0
00:54:10:405,120000601,47421427,2292715,108,0
00:54:10:605,120000957,47297185,2277063,115,0
00:54:10:805,120000792,47541941,2280607,107,0
00:54:11:005,120001206,47609323,2286505,110,0
00:54:11:205,120001294,47447593,2297643,110,0
00:54:11:405,120000652,47469473,2290437,110,0
00:54:11:605,120000796,47420027,2278322,113,0
00:54:11:805,120000849,47467679,2279055,97,0
00:54:12:005,120000951,47431103,2279024,106,0
00:54:12:205,120001516,47477563,2302172,114,0
00:54:12:405,120001212,47366539,2289148,105,0
00:54:12:605,120000504,47411645,2281011,119,0
00:54:12:805,120001101,47783304,2284818,104,0
00:54:13:005,120001144,47341512,2286265,103,0
00:54:13:205,120001328,47349799,2287169,109,0
00:54:13:405,120001297,47387906,2291506,112,0
00:54:13:605,120000775,47525922,2283197,103,0
00:54:13:805,120001253,47696779,2285556,109,0
00:54:14:005,120001301,47289355,2280254,109,0
00:54:14:205,120001187,47344579,2287173,110,0
00:54:14:405,120001608,47440843,2297366,114,0
00:54:14:605,120000774,47438236,2279942,114,0
00:54:14:805,120000755,47250681,2275707,113,0
00:54:15:005,120000496,47475218,2279434,112,0
00:54:15:205,120001453,47544803,2282784,104,0
00:54:15:405,120001120,47426133,2296023,111,0
00:54:15:605,120001293,47289323,2280498,104,0
00:54:15:805,120001347,47271382,2278950,103,0
00:54:16:005,120001175,47327506,2284839,98,0
00:54:16:205,120000886,47621013,2283685,111,0
00:54:16:405,120000603,47464876,2279278,105,0
00:54:16:605,120001526,47437771,2287031,113,0
00:54:16:805,120001249,47282936,2279346,110,0
00:54:17:005,120001320,47318656,2283479,100,0
00:54:17:205,120001265,47363011,2288777,110,0
00:54:17:405,120000840,47356912,2285329,103,0
00:54:17:605,120000818,47599834,2281030,98,0
00:54:17:805,120001571,47584733,2285331,106,0
00:54:18:005,120001206,47417875,2294744,106,0
00:54:18:205,120001601,47318002,2283731,107,0
00:54:18:405,120000709,47625337,2288864,102,0
00:54:18:605,120001328,47705868,2290320,106,0
00:54:18:805,120001472,47259898,2277532,105,0
00:54:19:005,120001439,47391514,2291730,106,0
00:54:19:205,120001282,47307436,2282291,104,0
00:54:19:405,120000506,47553003,2288197,107,0
00:54:19:605,120000734,47319043,2277381,113,0
00:54:19:805,120000812,47166945,2274390,100,0
00:54:20:205,120001204,47375611,2279743,114,0
00:54:20:405,120001071,47408668,2293563,108,0
00:54:20:605,120001216,47380442,2290746,112,0
00:54:20:805,120000842,47663422,2287879,105,0
00:54:21:005,120001742,47671223,2292733,113,0
00:54:21:205,120001437,47421097,2295685,102,0
00:54:21:405,120000609,47366953,2286237,110,0
00:54:21:605,120000620,47528536,2279534,108,0
00:54:21:805,120001321,47655404,2285900,108,0
00:54:22:005,120001319,47436308,2296627,106,0
00:54:22:205,120000763,47432079,2291605,111,0
00:54:22:405,120000709,47466222,2279241,96,0
00:54:22:605,120001249,47723168,2289303,114,0
00:54:22:805,120001058,47348350,2287015,114,0
00:54:23:005,120001209,47364451,2289015,104,0
00:54:23:205,120001402,47232268,2273857,102,0
00:54:23:405,120000576,47438565,2288311,113,0
00:54:23:605,120000946,47322974,2276483,103,0
00:54:23:805,120000673,47651388,2281282,101,0
00:54:24:005,120001233,47502356,2294451,107,0
00:54:24:205,120001378,47364154,2289366,107,0
00:54:24:605,120000466,265133708,404,159,0
00:54:24:805,120000744,217671082,498697,149,0
00:54:25:005,120001210,47735003,2292066,110,0
00:54:25:205,120001999,47355289,2287613,115,0
00:54:25:405,120001184,47341303,2285944,99,0
00:54:25:605,120000706,47672527,2289121,108,0
00:54:25:805,120001318,47593988,2284247,115,0
00:54:26:005,120001269,47403250,2293332,101,0
00:54:26:205,120000927,47276170,2278518,106,0
00:54:26:405,120000614,47464778,2295042,106,0
00:54:26:605,120000883,47567429,2280541,105,0
00:54:26:805,120001097,47579762,2284024,104,0
00:54:27:005,120001689,47501908,2304536,120,0
00:54:27:205,120001359,47317642,2283323,102,0
00:54:27:405,120000712,47665152,2282780,110,0
00:54:27:605,120001528,47529667,2281824,106,0
00:54:27:805,120001154,47514418,2305840,101,0
00:54:28:005,120000472,47358890,2286193,117,0
00:54:28:205,120000899,47692659,2281777,111,0
00:54:28:405,120000471,47391228,2278136,105,0
00:54:28:605,120001199,47350520,2282321,101,0
00:54:28:805,120001088,47408875,2294219,99,0
00:54:29:005,120001260,47348728,2287191,109,0
00:54:29:205,120001231,47314096,2283605,101,0
00:54:29:405,120000841,47507033,2280269,105,0
00:54:29:605,120001108,47731787,2289518,103,0
00:54:29:805,120001111,47446576,2297994,104,0
00:54:30:005,120000831,47422644,2288722,109,0
00:54:30:205,120000736,47460907,2278582,100,0
00:54:30:405,120000839,47601725,2280955,106,0
00:54:30:605,120001317,47374681,2286278,115,0
00:54:30:805,120001335,47335066,2285424,101,0
00:54:31:005,120001126,47276332,2278627,126,0
00:54:31:205,120001244,47335838,2285517,107,0
00:54:31:405,120000995,47701623,2290151,107,0
00:54:31:605,120000739,47268913,2275936,109,0
00:54:31:805,120001290,47582715,2286448,112,0
00:54:32:005,120001119,47418046,2294971,115,0
00:54:32:205,120000595,47530462,2294095,106,0
00:54:32:405,120000874,47429907,2278377,96,0
00:54:32:605,120000569,47395100,2278082,103,0
00:54:32:805,120001178,47623939,2297725,110,0
00:54:33:005,120001226,47401252,2293128,118,0
00:54:33:205,120001230,47289130,2279686,103,0
00:54:33:405,120000487,47448046,2280027,111,0
00:54:33:605,120000467,47474950,2279345,107,0
00:54:33:805,120001243,47528771,2282703,115,0
00:54:34:005,120001073,47349772,2287199,111,0
00:54:34:205,120001155,47299417,2281975,102,0
00:54:34:405,120001127,47421988,2295068,107,0
00:54:34:605,120000832,47751352,2285398,102,0
00:54:34:805,120000887,47510690,2287280,115,0
00:54:35:005,120001243,47403169,2292777,108,0
00:54:35:205,120000622,47498597,2293087,104,0
00:54:35:405,120000581,47675827,2282006,107,0
00:54:35:605,120000799,47307086,2276829,107,0
00:54:35:805,120001139,47530415,2300641,107,0
00:54:36:005,120001493,47365387,2289204,105,0
00:54:36:205,120000792,47476258,2283365,106,0
00:54:36:405,120000476,47449192,2279470,103,0
00:54:36:605,120001566,47580695,2285472,121,0
00:54:36:805,120001266,47292523,2280703,112,0
00:54:37:005,120001177,47386321,2291269,107,0
00:54:37:205,120001046,47308750,2282552,106,0
00:54:37:405,120000470,47402608,2286948,112,0
00:54:37:605,120000750,47523054,2279621,108,0
00:54:37:805,120001199,47660054,2289835,110,0
00:54:38:005,120001050,47385439,2291063,112,0
00:54:38:205,120000533,47558414,2295619,107,0
00:54:38:405,120000543,47680597,2282872,111,0
00:54:38:605,120001178,47332661,2278303,109,0
00:54:38:805,120001435,47356948,2287647,99,0
00:54:39:005,120001375,47363857,2288926,99,0
00:54:39:205,120000467,47389960,2291494,118,0
00:54:39:405,120000481,47654274,2282041,111,0
00:54:39:605,120001262,47577966,2287322,113,0
00:54:40:005,120000508,226379534,411849,160,0
00:54:40:205,120000525,259674326,52716,161,0
00:54:40:405,120000625,47480127,2279030,108,0
00:54:40:605,120001536,47491866,2281985,116,0
00:54:40:805,120001454,47394934,2292185,117,0
00:54:41:005,120001089,47193532,2269932,101,0
00:54:41:205,120001121,47435704,2296801,103,0
00:54:41:405,120001235,47303971,2282188,106,0
00:54:41:605,120000474,47653010,2283555,108,0
00:54:41:805,120000518,47510323,2279584,108,0
00:54:42:005,120000404,47384532,2288799,106,0
00:54:42:205,120001435,47294244,2280725,101,0
00:54:42:405,120001195,47252113,2276207,111,0
00:54:42:605,120001200,47330395,2284836,108,0
00:54:42:805,120001021,47290894,2280514,99,0
00:54:43:005,120000692,47642252,2291395,114,0
00:54:43:205,120001639,47650955,2285207,106,0
00:54:43:405,120001899,47406148,2292805,116,0
00:54:43:605,120001328,47320234,2283831,101,0
00:54:43:805,120000913,47461370,2289018,102,0
00:54:44:005,120000613,47547430,2280429,108,0
00:54:44:205,120001399,47568038,2286396,98,0
00:54:44:405,120001821,47468419,2300397,101,0
00:54:44:605,120001166,47326004,2285020,102,0
00:54:44:805,120000863,47600418,2282650,106,0
00:54:45:005,120001373,47749948,2300327,102,0
00:54:45:205,120001107,47466733,2298268,110,0
00:54:45:405,120000950,47340035,2277608,111,0
00:54:45:605,120000913,47583751,2280598,103,0
00:54:45:805,120000619,47346472,2277528,104,0
00:54:46:005,120001088,47538052,2295910,104,0
00:54:46:205,120000705,47545257,2300128,110,0
00:54:46:405,120000799,47364771,2277703,107,0
00:54:46:605,120000611,47385887,2278035,109,0
00:54:46:805,120000655,47491047,2279204,106,0
00:54:47:005,120001618,47394555,2284744,98,0
00:54:47:205,120001199,47400361,2292938,104,0
00:54:47:405,120000852,47553322,2295726,108,0
00:54:47:605,120000578,47340012,2277952,109,0
00:54:47:805,120000781,47571731,2280456,106,0
00:54:48:005,120001322,47475821,2290180,106,0
00:54:48:205,120001262,47425687,2295803,106,0
00:54:48:405,120000781,47527740,2287189,105,0
00:54:48:605,120000897,47605849,2280416,119,0
00:54:48:805,120001367,47409580,2283324,113,0
00:54:49:005,120001368,47365306,2288725,121,0
00:54:49:205,120001179,47409829,2294209,110,0
00:54:49:405,120000888,47555008,2284996,116,0
00:54:49:605,120000838,47326867,2276961,116,0
00:54:49:805,120001602,47586574,2281702,103,0
00:54:50:005,120001606,47371806,2290282,114,0
00:54:50:205,120001725,47276233,2279015,103,0
00:54:50:405,120001382,47309034,2282737,112,0
00:54:50:605,120001151,47310385,2282744,107,0
00:54:50:805,120000750,47421626,2287598,111,0
00:54:51:005,120000672,47748777,2282750,107,0
00:54:51:205,120001064,47496354,2295478,102,0
00:54:51:405,120001457,47339818,2286472,101,0
00:54:51:605,120000790,47413920,2290298,106,0
00:54:51:805,120000834,47758060,2283235,104,0
00:54:52:005,120001216,47480379,2290482,106,0
00:54:52:205,120001062,47311631,2283202,103,0
00:54:52:405,120001117,47405968,2292838,123,0
00:54:52:605,120000856,47701501,2285480,110,0
00:54:52:805,120000915,47396062,2277891,105,0
00:54:53:005,120001177,47458107,2290409,111,0
00:54:53:205,120001371,47312602,2282530,112,0
00:54:53:405,120001285,47441446,2297068,101,0
00:54:53:605,120000652,47715967,2282931,108,0
00:54:53:805,120000802,47417891,2278615,101,0
00:54:54:005,120001158,47416945,2291519,109,0
00:54:54:205,120001460,47342140,2286794,111,0
00:54:54:405,120001482,47276260,2279149,108,0
00:54:54:605,120000535,47426011,2290456,104,0
00:54:54:805,120000799,47455889,2278732,104,0
00:54:55:005,120000779,47608771,2280932,118,0
00:54:55:605,120000452,265141589,401,146,0
00:54:55:605,120000452,265141589,401,146,0
00:54:55:805,120001186,85222505,1887947,113,0
00:54:56:005,120001457,47414737,2287402,108,0
00:54:56:205,120001051,47394929,2292483,106,0
00:54:56:405,120001253,47351581,2287252,103,0
00:54:56:605,120000948,47359888,2279955,113,0
00:54:56:805,120000942,47564035,2280395,114,0
00:54:57:005,120000943,47347475,2278050,114,0
00:54:57:205,120001438,47460731,2283238,111,0
00:54:57:405,120001245,47275603,2278217,109,0
00:54:57:606,120001036,47319595,2283640,107,0
00:54:57:806,120001566,47486446,2302905,109,0
00:54:58:006,120000985,47685629,2282043,110,0
00:54:58:206,120001265,47575858,2290232,102,0
00:54:58:406,120001263,47394974,2292106,114,0
00:54:58:606,120001459,47307985,2282169,112,0
00:54:58:806,120000720,47558384,2286788,106,0
00:54:59:006,120000578,47582145,2280742,107,0
00:54:59:206,120001157,47480330,2292664,112,0
00:54:59:406,120001315,47380255,2291257,116,0
00:54:59:606,120000587,47561537,2290225,108,0
00:54:59:806,120000974,47515643,2279723,118,0
00:55:00:006,120001120,47444643,2279376,104,0
00:55:00:206,120001214,47452363,2298441,108,0
00:55:00:406,120001242,47323368,2284352,111,0
00:55:00:606,120000911,47349396,2285539,102,0
00:55:00:806,120000792,47810803,2283942,108,0
00:55:01:006,120001510,47467939,2292526,108,0
00:55:01:206,120001214,47309515,2282178,112,0
00:55:01:406,120001073,47380201,2290133,101,0
00:55:01:606,120000691,47437946,2284522,110,0
00:55:01:806,120000714,47678867,2281202,108,0
00:55:02:006,120001412,47386540,2281799,120,0
00:55:02:206,120001273,47277234,2279372,106,0
00:55:02:406,120001295,47333788,2285474,109,0
00:55:02:606,120001297,47438125,2297126,107,0
00:55:02:806,120001025,47533601,2283112,109,0
00:55:03:006,120000844,47571187,2280706,113,0
00:55:03:206,120001289,47469145,2291208,106,0
00:55:03:406,120001816,47341231,2285740,104,0
00:55:03:606,120001097,47293405,2280669,107,0
00:55:03:806,120000704,47463683,2290552,102,0
00:55:04:006,120000815,47598611,2280504,110,0
00:55:04:206,120001103,47548890,2288431,102,0
00:55:04:406,120001225,47340484,2286238,102,0
00:55:04:606,120000629,47552953,2299370,107,0
00:55:04:806,120000841,47738933,2282436,106,0
00:55:05:006,120001266,47412358,2287668,112,0
00:55:05:206,120001113,47424056,2295678,109,0
00:55:05:406,120001162,47343537,2286868,109,0
00:55:05:606,120000805,47300256,2277022,114,0
00:55:05:806,120001329,47883115,2286808,100,0
00:55:06:006,120001318,47455965,2298995,114,0
00:55:06:206,120001183,47341456,2286281,100,0
00:55:06:406,120000585,47681981,2287433,109,0
00:55:06:606,120001414,47574301,2284607,103,0
00:55:06:806,120001330,47422728,2295534,105,0
00:55:07:006,120001109,47341987,2286720,113,0
00:55:07:206,120000775,47444869,2285479,107,0
00:55:07:406,120000853,47267022,2276520,107,0
00:55:07:606,120000677,47739077,2282697,110,0
00:55:07:806,120000866,47059364,2273964,100,0
00:55:08:006,120001229,47497824,2281333,106,0
00:55:08:206,120001397,47412556,2294295,104,0
00:55:08:406,120001419,47376603,2290340,108,0
00:55:08:606,120000768,47402753,2283995,107,0
00:55:08:806,120000693,47506104,2279726,100,0
00:55:09:006,120000613,47307785,2276103,107,0
00:55:09:206,120000846,47379747,2277607,102,0
00:55:09:406,120001199,47461385,2287087,104,0
00:55:09:606,120001169,47314771,2283139,105,0
00:55:09:806,120001116,47423491,2295324,113,0
00:55:10:006,120000671,47646786,2286138,112,0
00:55:10:206,120001018,47564089,2280265,112,0
00:55:10:406,120001065,47459402,2299515,107,0
00:55:11:006,120000448,265133785,403,154,0
00:55:11:006,120000448,265133785,403,154,0
00:55:11:206,120000893,128194764,1438941,134,0
00:55:11:406,120000637,47558293,2280228,111,0
00:55:11:606,120001366,47357878,2281714,102,0
00:55:11:806,120001782,47416745,2294705,107,0
00:55:12:006,120001485,47361904,2288189,98,0
00:55:12:206,120000622,47310712,2281975,105,0
00:55:12:406,120001311,47940627,2289856,109,0
00:55:12:606,120001440,47360968,2288580,98,0
00:55:12:806,120000606,47499277,2300133,107,0
00:55:13:006,120000495,47576778,2280767,105,0
00:55:13:206,120000643,47416019,2278054,106,0
00:55:13:406,120001212,47519613,2292810,104,0
00:55:13:606,120001260,47353617,2287458,107,0
00:55:13:806,120001224,47324122,2284664,102,0
00:55:14:006,120000645,47310540,2281783,116,0
00:55:14:206,120000701,47552762,2280872,103,0
00:55:14:406,120001462,47624133,2283033,113,0
00:55:14:606,120000626,47186716,2273869,108,0
00:55:14:806,120001360,47437799,2291687,109,0
00:55:15:006,120001547,47372254,2289993,108,0
00:55:15:206,120000696,47384626,2289014,105,0
00:55:15:406,120000616,47358260,2277278,104,0
00:55:15:606,120000777,47462326,2278416,111,0
00:55:15:806,120000568,47372074,2277470,104,0
00:55:16:006,120001263,47555419,2290800,115,0
00:55:16:206,120001151,47359897,2288429,111,0
00:55:16:406,120001138,47394007,2292429,108,0
00:55:16:606,120000461,47421087,2280110,106,0
00:55:16:806,120000690,47413064,2278122,115,0
00:55:17:006,120000482,47408439,2278342,106,0
00:55:17:206,120001304,47466809,2282424,127,0
00:55:17:406,120001080,47328640,2284738,103,0
00:55:17:606,120001464,47394376,2292123,103,0
00:55:17:806,120000644,47614162,2292638,112,0
00:55:18:006,120000942,47663378,2282376,123,0
00:55:18:206,120001124,47309947,2282510,102,0
00:55:18:406,120000993,47248675,2275985,102,0
00:55:18:606,120001511,47330457,2285113,111,0
00:55:18:806,120001303,47377465,2289951,107,0
00:55:19:006,120001097,47305350,2282676,100,0
00:55:19:206,120000642,47612160,2285739,104,0
00:55:19:406,120000513,47476623,2279329,102,0
00:55:19:606,120001257,47389859,2279772,112,0
00:55:19:806,120001215,47402611,2293602,103,0
00:55:20:006,120001076,47421664,2294725,103,0
00:55:20:206,120000493,47379688,2281098,114,0
00:55:20:406,120000523,47455733,2278978,111,0
00:55:20:606,120000524,47474798,2279434,105,0
00:55:20:806,120001437,47538318,2294644,108,0
00:55:21:006,120001257,47299091,2281180,114,0
00:55:21:206,120001038,47356848,2287507,112,0
00:55:21:406,120000729,47603328,2286891,108,0
00:55:21:606,120001477,47640829,2283064,109,0
00:55:21:806,120001046,47400577,2293042,106,0
00:55:22:006,120001191,47329027,2285142,102,0
00:55:22:206,120001126,47317570,2283276,110,0
00:55:22:406,120000801,47432175,2284235,106,0
00:55:22:606,120000713,47408606,2278145,104,0
00:55:22:806,120000533,47533172,2279653,101,0
00:55:23:006,120001415,47494179,2294121,117,0
00:55:23:206,120001786,47345972,2286356,107,0
00:55:23:406,120001014,47255513,2276539,101,0
00:55:23:606,120000508,47455682,2291649,109,0
00:55:23:806,120000733,47553091,2280035,114,0
00:55:24:006,120001449,47590238,2286500,112,0
00:55:24:206,120001435,47273920,2278323,114,0
00:55:24:406,120001061,47321458,2284505,105,0
00:55:24:606,120000962,47383900,2291492,110,0
00:55:24:806,120000842,47531848,2287834,106,0
00:55:25:006,120000901,47298732,2276549,106,0
00:55:25:206,120001003,47606547,2280717,105,0
00:55:25:406,120000902,47273563,2276254,103,0
00:55:25:606,120000845,47251163,2276248,113,0
00:55:25:806,120001616,47391099,2288230,108,0
00:55:26:406,120000463,265134078,403,164,0
00:55:26:406,120000463,265134078,403,164,0
00:55:26:606,120000659,170285423,994914,141,0
00:55:26:806,120000836,47411729,2278605,106,0
00:55:27:006,120001252,47453419,2289738,107,0
00:55:27:206,120001334,47303683,2282031,111,0
00:55:27:406,120001013,47334994,2285780,100,0
00:55:27:606,120001118,47288212,2280812,101,0
00:55:27:806,120000821,47581440,2288622,103,0
00:55:28:006,120000874,47275347,2276529,102,0
00:55:28:206,120000717,47559694,2279895,117,0
00:55:28:406,120001488,47451368,2290098,110,0
00:55:28:606,120001018,47311434,2283068,114,0
00:55:28:806,120001419,47338765,2285294,110,0
00:55:29:006,120000922,47399761,2288360,108,0
00:55:29:206,120000873,47547963,2279833,101,0
00:55:29:406,120000821,47524013,2279686,110,0
00:55:29:606,120001972,47392234,2287945,107,0
00:55:29:806,120001230,47313826,2283209,112,0
00:55:30:006,120001087,47433076,2297017,111,0
00:55:30:206,120000710,47637937,2283320,121,0
00:55:30:406,120001789,47581596,2283512,105,0
00:55:30:606,120001217,47430608,2296049,110,0
00:55:30:806,120000900,47445409,2293673,108,0
00:55:31:006,120000670,47638149,2281417,98,0
00:55:31:206,120000940,47488200,2279672,100,0
00:55:31:406,120001591,47307027,2282252,113,0
00:55:31:606,120001159,47521397,2305681,110,0
00:55:31:806,120000657,47565461,2284697,113,0
00:55:32:006,120000700,47375608,2277999,109,0
00:55:32:206,120000734,47503635,2279621,110,0
00:55:32:406,120001059,47393969,2291256,103,0
00:55:32:606,120001267,47427453,2296034,101,0
00:55:32:806,120000782,47637024,2287282,108,0
00:55:33:006,120001532,47658667,2288612,100,0
00:55:33:206,120001456,47382019,2291284,106,0
00:55:33:406,120001353,47204755,2270584,106,0
00:55:33:606,120001127,47359321,2287973,115,0
00:55:33:806,120001032,47302522,2281843,108,0
00:55:34:006,120000902,47421923,2284064,115,0
00:55:34:206,120000800,47707402,2281759,120,0
00:55:34:406,120001551,47393108,2283486,106,0
00:55:34:606,120001212,47444189,2297369,116,0
00:55:34:806,120001174,47304477,2281688,105,0
00:55:35:006,120001422,47288311,2280441,107,0
00:55:35:206,120000963,47710104,2285091,107,0
00:55:35:406,120001148,47541892,2286177,111,0
00:55:35:606,120001220,47341897,2285918,108,0
00:55:35:806,120001269,47393188,2291863,106,0
00:55:36:006,120000828,47533168,2287065,102,0
00:55:36:206,120000643,47543324,2279781,110,0
00:55:36:406,120000666,47353672,2276888,102,0
00:55:36:606,120001414,47445454,2292802,104,0
00:55:36:806,120001486,47375539,2290162,105,0
00:55:37:006,120000703,47660592,2291883,108,0
00:55:37:206,120001246,47610194,2281122,108,0
00:55:37:406,120001175,47353716,2287618,104,0
00:55:37:606,120001202,47256417,2276427,101,0
00:55:37:806,120001195,47345031,2286546,120,0
00:55:38:006,120001209,47186018,2268944,109,0
00:55:38:206,120002280,47406499,2293408,111,0
00:55:38:406,120001249,47288136,2280104,111,0
00:55:38:606,120000803,47745695,2286239,113,0
00:55:39:006,120001145,47373571,2287693,114,0
00:55:39:206,120001104,47431753,2296015,119,0
00:55:39:406,120001482,47238813,2274182,105,0
00:55:39:606,120000799,47404891,2288047,99,0
00:55:39:806,120000909,47598325,2280635,111,0
00:55:40:006,120001678,47626956,2293117,101,0
00:55:40:206,120001006,47406598,2293440,106,0
00:55:40:406,120000676,47556035,2289178,113,0
00:55:40:606,120000811,47608217,2281026,107,0
00:55:40:806,120001341,47441091,2288455,110,0
00:55:41:006,120000974,47376900,2289763,113,0
00:55:41:206,120000642,47403592,2292095,105,0
00:55:41:406,120000825,47348099,2277122,100,0
00:55:41:806,120000474,265134600,404,167,0
00:55:42:006,120000735,213159331,545801,154,0
00:55:42:206,120000866,47497544,2279304,108,0
00:55:42:406,120000683,47313259,2277093,106,0
00:55:42:606,120000810,47496827,2279041,106,0
00:55:42:806,120001226,47544427,2306130,109,0
00:55:43:006,120000580,47730745,2293074,106,0
00:55:43:206,120001374,47612918,2288998,101,0
00:55:43:406,120001269,47416606,2294144,114,0
00:55:43:606,120000610,47652874,2293637,112,0
00:55:43:806,120000936,47590677,2280759,104,0
00:55:44:006,120001109,47418841,2290698,106,0
00:55:44:206,120001168,47440096,2297566,100,0
00:55:44:406,120000709,47524053,2284918,111,0
00:55:44:606,120001390,47743171,2287726,110,0
00:55:44:806,120000897,47414394,2294516,106,0
00:55:45:006,120000714,47611898,2296164,99,0
00:55:45:206,120001492,47785484,2291686,107,0
00:55:45:406,120001251,47404969,2293546,104,0
00:55:45:606,120001373,47331467,2285368,109,0
00:55:45:806,120000890,47355157,2281926,106,0
00:55:46:006,120000859,47539568,2279132,101,0
00:55:46:206,120000916,47270931,2276447,107,0
00:55:46:406,120001148,47633478,2289446,103,0
00:55:46:606,120001038,47294062,2280790,113,0
00:55:46:806,120001522,47303323,2281635,108,0
00:55:47:006,120000582,47498441,2298034,113,0
00:55:47:206,120000912,47513210,2279290,108,0
00:55:47:406,120000734,47501822,2279894,105,0
00:55:47:606,120001207,47348483,2278278,100,0
00:55:47:806,120001404,47407795,2293328,100,0
00:55:48:006,120000595,47638887,2302040,103,0
00:55:48:206,120000831,47366859,2277816,110,0
00:55:48:406,120000568,47531180,2280227,113,0
00:55:48:606,120001332,47528972,2299296,109,0
00:55:48:806,120001349,47352418,2286923,109,0
00:55:49:006,120000758,47538640,2287356,102,0
00:55:49:206,120000805,47432163,2278355,106,0
00:55:49:406,120000680,47461944,2279404,113,0
00:55:49:606,120001338,47377862,2285623,98,0
00:55:49:806,120001381,47498909,2302971,106,0
00:55:50:006,120000702,47555823,2284052,107,0
00:55:50:206,120000754,47479811,2278596,108,0
00:55:50:406,120001628,47475859,2284787,113,0
00:55:50:606,120001041,47328433,2284680,109,0
00:55:50:806,120001456,47444740,2297708,108,0
00:55:51:006,120000608,47624322,2285414,107,0
00:55:51:206,120001174,47593971,2282137,102,0
00:55:51:406,120001419,47424965,2295609,109,0
00:55:51:606,120000990,47427705,2295388,110,0
00:55:51:806,120001339,47256096,2276319,117,0
00:55:52:006,120000667,47686611,2281939,109,0
00:55:52:206,120001420,47584811,2291878,110,0
00:55:52:406,120001201,47447611,2298182,104,0
00:55:52:606,120000712,47443881,2284599,103,0
00:55:52:806,120000682,47564155,2279963,109,0
00:55:53:006,120000916,47274515,2276457,103,0
00:55:53:206,120001653,47484581,2284192,103,0
00:55:53:406,120001442,47353183,2287379,105,0
00:55:53:606,120001340,47308057,2282054,106,0
00:55:53:806,120000805,47511869,2295882,106,0
00:55:54:006,120000774,47451939,2278493,100,0
00:55:54:206,120001310,47676347,2287669,116,0
00:55:54:406,120001379,47453299,2298046,106,0
00:55:54:606,120000751,47444965,2289943,113,0
00:55:54:806,120001221,47900613,2292969,103,0
00:55:55:006,120001184,47539348,2308392,105,0
00:55:55:206,120000895,47883616,2284865,103,0
00:55:55:406,120001603,47398539,2289811,110,0
00:55:55:606,120001097,47386987,2291203,105,0
00:55:55:806,120001230,47339845,2286266,107,0
00:55:56:006,120000503,47536326,2282801,113,0
00:55:56:206,120000822,47617155,2281058,100,0
00:55:56:406,120001550,47450123,2295414,104,0
00:55:56:606,120001469,47399974,2293025,110,0
00:55:56:806,120000778,47582525,2285943,105,0
00:55:57:206,120000522,233856836,340781,161,0
00:55:57:406,120001198,255993720,93711,161,0
00:55:57:606,120000643,47852224,2289181,110,0
00:55:57:806,120001351,47484599,2291487,106,0
00:55:58:006,120001037,47396968,2292645,100,0
00:55:58:206,120000908,47462200,2288516,99,0
00:55:58:406,120000821,47746766,2282520,106,0
00:55:58:606,120001349,47505977,2299911,105,0
00:55:58:806,120000587,47422114,2295100,110,0
00:55:59:006,120000562,47781508,2282702,101,0
00:55:59:206,120001659,47447907,2286544,107,0
00:55:59:406,120001222,47333596,2284816,105,0
00:55:59:606,120001412,47347423,2287388,113,0
00:55:59:806,120000963,47694948,2293336,111,0
00:56:00:006,120000465,47330876,2277169,113,0
00:56:00:206,120000691,47365404,2277226,106,0
00:56:00:406,120001460,47403995,2279968,120,0
00:56:00:606,120001227,47301739,2281690,107,0
00:56:00:806,120000930,47433427,2296965,114,0
00:56:01:006,120001242,47346010,2286879,103,0
00:56:01:206,120000716,47452721,2281762,102,0
00:56:01:406,120000648,47166219,2274628,107,0
00:56:01:606,120000559,47518828,2280629,111,0
00:56:01:806,120001230,47600051,2286225,107,0
00:56:02:006,120001205,47449699,2298287,105,0
00:56:02:206,120000488,47619323,2293319,106,0
00:56:02:406,120000707,47408561,2277732,114,0
00:56:02:606,120001864,47603091,2290070,112,0
00:56:02:806,120001030,47433834,2296502,111,0
00:56:03:006,120001132,47315293,2282891,111,0
00:56:03:206,120000703,47422560,2280576,106,0
00:56:03:406,120000602,47635189,2281570,114,0
00:56:03:606,120001359,47493518,2290388,100,0
00:56:03:806,120001234,47343431,2285960,114,0
00:56:04:006,120001328,47374315,2290010,103,0
00:56:04:206,120000935,47364061,2281151,100,0
00:56:04:406,120000693,47511806,2278888,111,0
00:56:04:606,120000617,47211262,2275365,102,0
00:56:04:806,120000490,47365258,2277219,110,0
00:56:05:006,120001006,47513852,2280169,105,0
00:56:05:206,120001340,47348971,2287824,111,0
00:56:05:406,120001025,47197024,2270349,102,0
00:56:05:606,120001134,47290246,2280597,108,0
00:56:05:806,120001220,47409289,2294100,109,0
00:56:06:006,120001151,47338477,2285948,100,0
00:56:06:206,120000579,47428992,2282057,113,0
00:56:06:406,120000807,47657532,2281073,113,0
00:56:06:606,120001118,47431771,2285854,119,0
00:56:06:806,120001123,47365522,2288453,113,0
00:56:07:006,120000478,47582147,2298343,101,0
00:56:07:206,120000509,47498019,2279666,107,0
00:56:07:406,120000633,47522371,2280099,104,0
00:56:07:606,120001172,47483035,2301621,112,0
00:56:07:806,120000519,47437672,2291359,101,0
00:56:08:006,120000552,47274717,2276756,115,0
00:56:08:206,120000873,47700844,2282179,103,0
00:56:08:406,120000935,47461104,2286458,108,0
00:56:08:606,120000462,47380139,2290120,114,0
00:56:08:806,120001211,47372686,2289792,103,0
00:56:09:006,120000817,47393953,2282210,118,0
00:56:09:206,120000740,47388833,2278559,104,0
00:56:09:406,120000801,47514184,2279170,111,0
00:56:09:606,120000799,47374238,2278046,104,0
00:56:09:806,120001506,47368881,2286253,112,0
00:56:10:006,120001285,47361805,2288435,106,0
00:56:10:206,120000827,47652466,2297897,112,0
00:56:10:406,120000596,47361571,2277541,113,0
00:56:10:606,120000838,47430865,2278996,109,0
00:56:10:806,120001021,47530065,2293012,107,0
00:56:11:006,120001172,47349853,2286734,109,0
00:56:11:206,120000754,47640997,2293381,102,0
00:56:11:406,120000848,47254654,2276350,114,0
00:56:11:606,120000731,47481787,2279133,103,0
00:56:11:806,120001681,47459807,2283367,113,0
00:56:12:006,120001179,47364464,2288398,113,0
00:56:12:206,120001187,47299552,2281411,102,0
00:56:12:806,120000450,265141274,401,154,0
00:56:12:806,120000450,265141274,401,154,0
00:56:13:006,120000992,81447013,1930791,123,0
00:56:13:206,120000777,47335893,2277533,109,0
00:56:13:406,120001020,47659585,2281692,108,0
00:56:13:606,120001497,47444843,2289024,112,0
00:56:13:806,120001278,47405131,2293431,103,0
00:56:14:006,120001275,47350123,2287095,118,0
00:56:14:206,120000890,47833056,2285157,104,0
00:56:14:406,120001376,47404882,2284392,113,0
00:56:14:606,120001201,47372011,2289560,108,0
00:56:14:806,120001237,47318904,2283280,114,0
00:56:15:006,120000929,47385261,2290248,109,0
00:56:15:206,120000747,47571479,2280914,100,0
00:56:15:406,120000931,47455127,2278561,103,0
00:56:15:606,120001302,47426080,2283981,110,0
00:56:15:806,120001265,47437254,2296795,116,0
00:56:16:006,120001360,47288187,2280609,109,0
00:56:16:206,120001203,47321251,2283519,119,0
00:56:16:406,120000864,47470752,2281356,115,0
00:56:16:606,120000478,47619084,2281466,100,0
00:56:16:806,120001104,47499512,2294744,114,0
00:56:17:006,120001310,47354616,2288015,106,0
00:56:17:206,120001634,47269825,2277815,105,0
00:56:17:406,120000753,47526944,2288912,104,0
00:56:17:606,120001235,47741243,2284338,115,0
00:56:17:806,120001496,47270707,2278179,106,0
00:56:18:006,120001188,47343996,2286718,102,0
00:56:18:206,120002046,47379517,2290014,97,0
00:56:18:406,120001256,47352949,2287893,108,0
00:56:18:606,120000731,47490021,2280061,107,0
00:56:18:806,120000886,47567286,2280032,115,0
00:56:19:006,120001350,47542825,2297723,110,0
00:56:19:206,120001294,47353442,2287214,103,0
00:56:19:406,120000681,47582730,2290239,107,0
00:56:19:606,120000787,47605271,2280511,108,0
00:56:19:806,120001464,47401711,2286334,115,0
00:56:20:006,120001146,47314655,2283004,106,0
00:56:20:206,120001217,47366350,2289165,105,0
00:56:20:406,120000652,47415586,2288804,103,0
00:56:20:606,120000849,47703387,2281898,124,0
00:56:20:806,120001148,47429587,2281698,108,0
00:56:21:006,120001933,47282999,2279757,99,0
00:56:21:206,120001111,47369781,2289584,114,0
00:56:21:406,120001430,47350429,2287051,106,0
00:56:21:606,120001009,47406976,2287164,108,0
00:56:21:806,120000794,47649427,2281266,102,0
00:56:22:006,120000833,47199443,2275945,104,0
00:56:22:206,120001253,47574059,2287603,105,0
00:56:22:406,120001167,47342408,2286086,110,0
00:56:22:606,120001478,47314872,2283242,112,0
00:56:22:806,120000493,47393783,2291255,94,0
00:56:23:006,120000834,47790888,2283611,94,0
00:56:23:206,120001302,47451399,2287686,116,0
00:56:23:406,120001376,47331205,2284747,107,0
00:56:23:606,120001487,47354108,2286679,111,0
00:56:23:806,120000810,47431291,2288264,110,0
00:56:24:006,120000682,47572215,2279818,107,0
00:56:24:206,120001051,47540220,2283158,108,0
00:56:24:406,120001257,47386699,2290354,107,0
00:56:24:606,120001077,47435497,2297070,111,0
00:56:24:806,120001008,47462922,2281231,106,0
00:56:25:006,120001204,47729028,2283376,100,0
00:56:25:206,120001086,47425633,2294942,103,0
00:56:25:406,120001229,47366773,2288766,108,0
00:56:25:606,120000926,47386993,2284786,108,0
00:56:25:806,120000704,47563381,2280282,98,0
00:56:26:006,120000782,47489128,2279665,99,0
00:56:26:206,120001625,47354519,2283955,106,0
00:56:26:406,120001241,47304577,2282110,111,0
00:56:26:606,120001147,47357845,2287516,112,0
00:56:26:806,120001116,47359105,2288096,108,0
00:56:27:006,120000850,47508480,2283207,100,0
00:56:27:206,120000572,47498268,2279040,108,0
00:56:27:406,120000873,47340547,2277164,105,0
00:56:27:606,120001155,47434426,2286142,103,0
00:56:28:206,120000452,265133713,403,159,0
00:56:28:206,120000452,265133713,403,159,0
00:56:28:406,120001182,122580760,1494362,130,0
00:56:28:606,120001290,47460733,2299948,111,0
00:56:28:806,120000626,47435147,2293781,108,0
00:56:29:006,120000793,47645985,2281320,97,0
00:56:29:206,120001173,47566329,2288876,116,0
00:56:29:406,120001015,47307717,2281884,105,0
00:56:29:606,120001400,47337163,2285719,105,0
00:56:29:806,120001075,47375387,2289481,105,0
00:56:30:006,120000743,47409994,2279913,108,0
00:56:30:206,120000824,47741873,2282520,99,0
00:56:30:406,120001252,47449876,2296229,111,0
00:56:30:606,120001098,47385538,2290884,104,0
00:56:30:806,120000702,47582522,2286373,117,0
00:56:31:006,120000830,47499315,2278958,101,0
00:56:31:206,120000896,47313683,2276952,116,0
00:56:31:406,120000990,47345476,2278623,110,0
00:56:31:606,120000905,47425579,2295423,110,0
00:56:31:806,120001015,47257963,2276706,105,0
00:56:32:006,120000510,47581817,2297554,107,0
00:56:32:206,120000997,47759124,2283253,98,0
00:56:32:406,120001156,47341586,2286143,102,0
00:56:32:606,120001127,47412394,2294377,101,0
00:56:32:806,120000821,47375820,2288463,115,0
00:56:33:006,120000628,47247137,2275967,116,0
00:56:33:206,120000522,47825921,2284280,113,0
00:56:33:406,120001234,47527974,2299680,101,0
00:56:33:606,120000580,47490919,2295825,107,0
00:56:33:806,120000979,47747229,2282447,111,0
00:56:34:006,120001661,47462595,2290825,112,0
00:56:34:206,120000925,47296681,2281900,113,0
00:56:34:406,120001301,47332994,2284670,107,0
00:56:34:606,120001482,47357249,2287654,108,0
00:56:34:807,120000697,47431381,2280169,106,0
00:56:35:007,120001067,47789211,2287544,114,0
00:56:35:207,120001352,47403837,2293298,117,0
00:56:35:407,120001451,47396203,2292056,111,0
00:56:35:607,120000564,47663457,2284229,108,0
00:56:35:807,120001742,47593644,2287745,109,0
00:56:36:007,120001415,47301730,2281960,100,0
00:56:36:207,120001208,47222944,2273139,105,0
00:56:36:407,120001400,47353462,2287827,108,0
00:56:36:607,120001114,47410171,2293577,104,0
00:56:36:807,120000680,47276536,2278325,105,0
00:56:37:007,120000720,47285671,2276109,99,0
00:56:37:207,120000793,47353003,2277437,108,0
00:56:37:407,120000543,47539268,2279697,118,0
00:56:37:607,120001143,47562643,2289052,104,0
00:56:37:807,120001081,47386924,2290958,100,0
00:56:38:007,120000655,47559965,2295041,108,0
00:56:38:207,120000645,47682434,2281628,106,0
00:56:38:407,120001337,47526284,2300185,107,0
00:56:38:607,120000595,47644447,2296796,103,0
00:56:38:807,120000512,47505420,2279377,105,0
00:56:39:007,120001237,47575230,2295830,114,0
00:56:39:207,120001021,47264337,2277772,102,0
00:56:39:407,120000510,47655848,2301585,114,0
00:56:39:607,120000900,47537651,2279865,95,0
00:56:39:807,120001113,47544684,2291209,116,0
00:56:40:007,120001807,47215123,2272092,99,0
00:56:40:207,120001113,47205999,2270863,108,0
00:56:40:407,120001385,47462011,2299897,104,0
00:56:40:607,120001096,47260744,2277282,104,0
00:56:40:807,120000645,47367784,2288000,105,0
00:56:41:007,120000584,47690604,2281609,107,0
00:56:41:207,120001542,47646855,2299286,104,0
00:56:41:407,120001145,47402215,2292889,109,0
00:56:41:607,120000611,47647985,2284226,112,0
00:56:41:807,120000619,47519332,2279760,108,0
00:56:42:007,120001021,47382093,2288087,115,0
00:56:42:207,120001111,47413366,2294327,111,0
00:56:42:407,120001199,47341438,2286267,116,0
00:56:42:607,120000906,47410112,2279568,105,0
00:56:42:807,120000588,47492878,2278772,112,0
00:56:43:007,120000912,47558866,2283684,103,0
00:56:43:607,120000460,265141984,401,157,0
00:56:43:607,120000460,265141984,401,157,0
00:56:43:807,120000833,165543740,1044002,141,0
00:56:44:007,120000597,47436787,2278855,107,0
00:56:44:207,120001500,47544623,2294137,112,0
00:56:44:407,120001312,47405718,2293635,108,0
00:56:44:607,120000904,47674864,2289591,113,0
00:56:44:807,120001132,47649627,2290484,110,0
00:56:45:007,120001144,47315779,2282655,107,0
00:56:45:207,120001131,47407291,2292999,101,0
00:56:45:407,120000483,47658689,2287382,107,0
00:56:45:607,120000530,47501468,2279531,107,0
00:56:45:807,120001053,47506820,2298522,109,0
00:56:46:007,120001316,47403178,2293430,102,0
00:56:46:207,120000634,47800242,2286000,116,0
00:56:46:407,120001174,47426761,2282727,110,0
00:56:46:607,120001210,47386220,2291829,104,0
00:56:46:807,120001272,47396826,2292079,108,0
00:56:47:007,120000787,47732896,2287212,124,0
00:56:47:207,120000625,47409870,2278665,105,0
00:56:47:407,120001194,47460176,2293684,104,0
00:56:47:607,120001182,47339258,2285538,109,0
00:56:47:807,120000623,47409142,2291741,107,0
00:56:48:007,120000580,47699538,2281748,96,0
00:56:48:207,120000691,47300915,2276614,109,0
00:56:48:407,120001112,47473083,2286998,113,0
00:56:48:607,120001176,47237146,2273854,111,0
00:56:48:807,120001001,47478334,2301723,109,0
00:56:49:007,120001263,47306378,2282665,98,0
00:56:49:207,120000467,47293616,2278709,101,0
00:56:49:407,120000494,47523172,2280601,99,0
00:56:49:607,120001127,47675119,2287710,101,0
00:56:49:807,120001039,47403520,2293228,106,0
00:56:50:007,120000612,47461769,2293794,100,0
00:56:50:207,120000545,47312321,2276741,110,0
00:56:50:407,120001049,47172204,2275522,115,0
00:56:50:607,120000712,47632654,2280755,101,0
00:56:50:807,120001436,47574354,2288629,108,0
00:56:51:007,120001331,47310884,2282706,106,0
00:56:51:207,120001038,47452363,2298585,110,0
00:56:51:407,120000606,47473706,2281714,110,0
00:56:51:607,120000818,47461560,2278691,108,0
00:56:51:807,120001507,47565054,2286739,108,0
00:56:52:007,120001444,47497625,2303577,105,0
00:56:52:207,120000784,47379177,2283671,116,0
00:56:52:407,120000995,47292171,2277000,107,0
00:56:52:607,120000791,47228629,2275952,114,0
00:56:52:807,120000758,47471139,2279128,108,0
00:56:53:007,120000748,47264289,2275814,115,0
00:56:53:207,120001048,47672664,2289400,108,0
00:56:53:407,120001318,47351311,2286844,112,0
00:56:53:607,120000937,47510336,2298175,103,0
00:56:53:807,120000699,47587512,2280601,106,0
00:56:54:007,120001415,47516358,2281248,104,0
00:56:54:207,120001440,47350744,2287832,111,0
00:56:54:407,120001191,47394169,2292219,112,0
00:56:54:607,120001246,47355258,2287722,102,0
00:56:54:807,120000914,47629392,2282305,105,0
00:56:55:007,120000839,47381465,2277840,106,0
00:56:55:207,120000746,47240707,2276050,108,0
00:56:55:407,120001520,47456755,2282608,100,0
00:56:55:607,120001227,47348233,2286895,109,0
00:56:55:807,120001704,47382163,2290611,105,0
00:56:56:007,120000714,47722666,2293287,105,0
00:56:56:207,120001517,47677515,2294671,103,0
00:56:56:407,120000930,47538912,2303070,109,0
00:56:56:607,120001062,47639811,2281605,102,0
00:56:56:807,120000925,47428645,2278406,102,0
00:56:57:007,120001050,47477561,2297566,107,0
00:56:57:207,120001304,47420899,2295376,108,0
00:56:57:407,120000883,47496272,2280956,106,0
00:56:57:807,120001150,47541498,2285393,108,0
00:56:58:007,120001243,47394394,2291808,103,0
00:56:58:207,120001604,47416624,2294301,106,0
00:56:58:407,120000937,47659037,2282662,118,0
00:56:58:607,120001102,47671043,2297837,106,0
00:56:59:007,120000465,265133700,404,153,0
00:56:59:207,120001412,208457862,593770,145,0
00:56:59:407,120000815,47493158,2279775,110,0
00:56:59:607,120000488,47501684,2279680,112,0
00:56:59:807,120001391,47483548,2285700,109,0
00:57:00:007,120001077,47393798,2292253,103,0
00:57:00:207,120001383,47356605,2287343,104,0
00:57:00:407,120000559,47211350,2271359,107,0
00:57:00:607,120000729,47444854,2288782,104,0
00:57:00:807,120000792,47467667,2279077,106,0
00:57:01:007,120000753,47420629,2278420,105,0
00:57:01:207,120001273,47466438,2282524,106,0
00:57:01:407,120001233,47441239,2296960,108,0
00:57:01:607,120001151,47311972,2282273,105,0
00:57:01:807,120000508,47567271,2288062,105,0
00:57:02:007,120001035,47550435,2280247,110,0
00:57:02:207,120001139,47484136,2290126,106,0
00:57:02:407,120001354,47469364,2300692,114,0
00:57:02:607,120000897,47277941,2279336,105,0
00:57:02:807,120001013,47448896,2280875,113,0
00:57:03:007,120000736,47539091,2279419,105,0
00:57:03:207,120001752,47477431,2282073,107,0
00:57:03:407,120001269,47351360,2287514,101,0
00:57:03:607,120001298,47363569,2289620,106,0
00:57:03:807,120001214,47363353,2288586,98,0
00:57:04:007,120000872,47900741,2285767,108,0
00:57:04:207,120000963,47486403,2300921,101,0
00:57:04:407,120000580,47428797,2292581,111,0
00:57:04:607,120001514,47948992,2292507,104,0
00:57:04:807,120001070,47549095,2309106,111,0
00:57:05:007,120000851,47818669,2284558,111,0
00:57:05:207,120001479,47467491,2291194,109,0
00:57:05:407,120001595,47358252,2287480,104,0
00:57:05:607,120001165,47306829,2282041,102,0
00:57:05:807,120000846,47737685,2290255,109,0
00:57:06:007,120001390,47663045,2297070,109,0
00:57:06:207,120001039,47400055,2293088,115,0
00:57:06:407,120001263,47314064,2283432,103,0
00:57:06:607,120000791,47611210,2280960,101,0
00:57:06:807,120001010,47617055,2288123,109,0
00:57:07:007,120001181,47380082,2290340,102,0
00:57:07:207,120001288,47287242,2280279,105,0
00:57:07:407,120001157,47306941,2281871,109,0
00:57:07:607,120000608,47670706,2289880,109,0
00:57:07:807,120001044,47707135,2295238,111,0
00:57:08:007,120001093,47310237,2282857,105,0
00:57:08:207,120000589,47433120,2295709,101,0
00:57:08:407,120001045,47900911,2284641,113,0
00:57:08:607,120000746,47681812,2318317,107,0
00:57:08:807,120000844,47543286,2279867,105,0
00:57:09:007,120001254,47593851,2284570,104,0
00:57:09:207,120001096,47285690,2280295,104,0
00:57:09:407,120001164,47344410,2286162,112,0
00:57:09:607,120001662,47385484,2291364,101,0
00:57:09:807,120001006,47560233,2287604,104,0
00:57:10:007,120000726,47393686,2277869,105,0
00:57:10:207,120001405,47585686,2286031,112,0
00:57:10:407,120001149,47380986,2291164,108,0
00:57:10:607,120000913,47433234,2296500,104,0
00:57:10:807,120000635,47544819,2280058,102,0
00:57:11:007,120001139,47811275,2303000,102,0
00:57:11:207,120001100,47334805,2285408,99,0
00:57:11:407,120000761,47402017,2286821,109,0
00:57:11:607,120000805,47500529,2279549,101,0
00:57:11:807,120001673,47639598,2285239,105,0
00:57:12:007,120001095,47418699,2295043,102,0
00:57:12:207,120000938,47426391,2293669,108,0
00:57:12:407,120000910,47476737,2279695,106,0
00:57:12:607,120000538,47145724,2274880,106,0
00:57:12:807,120000984,47441699,2279109,103,0
00:57:13:007,120000902,47545364,2280089,103,0
00:57:13:207,120001024,47411659,2289763,113,0
00:57:13:407,120001215,47365522,2289112,109,0
00:57:13:607,120000960,47361994,2288360,114,0
00:57:13:807,120000925,47614874,2283314,111,0
00:57:14:007,120001455,47609600,2283995,121,0
00:57:14:407,120000535,235519374,311368,162,0
00:57:14:607,120001273,251583684,141786,155,0
00:57:14:807,120000874,47557819,2286982,109,0
00:57:15:007,120000923,47387251,2277414,106,0
00:57:15:207,120001557,47546619,2280978,111,0
00:57:15:407,120001556,47366539,2289150,114,0
00:57:15:607,120001124,47263066,2277392,105,0
00:57:15:807,120001088,47448457,2298460,103,0
00:57:16:007,120000806,47721531,2284669,111,0
00:57:16:207,120000819,47442003,2278775,104,0
00:57:16:407,120001940,47309147,2280256,114,0
00:57:16:607,120001222,47381632,2291440,101,0
00:57:16:807,120001282,47368582,2288732,103,0
00:57:17:007,120000598,47455445,2288385,102,0
00:57:17:207,120000745,47329237,2276538,119,0
00:57:17:407,120000684,47711470,2281609,114,0
00:57:17:607,120001010,47376507,2290183,111,0
00:57:17:807,120001100,47263219,2277390,107,0
00:57:18:007,120001596,47365945,2288512,107,0
00:57:18:207,120000501,47650650,2294007,108,0
00:57:18:407,120000869,47721660,2291501,114,0
00:57:18:607,120002132,47446171,2297155,108,0
00:57:18:807,120000781,47715474,2290769,114,0
00:57:19:007,120000761,47525315,2280287,109,0
00:57:19:207,120001519,47403090,2292149,106,0
00:57:19:407,120001118,47359411,2288423,106,0
00:57:19:607,120001154,47343922,2286528,100,0
00:57:19:807,120000812,47532666,2281715,110,0
00:57:20:007,120000934,47656467,2282330,106,0
00:57:20:207,120001164,47300497,2281484,98,0
00:57:20:407,120001146,47275477,2279249,104,0
00:57:20:607,120001370,47421340,2294828,104,0
00:57:20:807,120000788,47625446,2292810,111,0
00:57:21:007,120000985,47703761,2287146,111,0
00:57:21:207,120001220,47309020,2281623,102,0
00:57:21:407,120001391,47472764,2300434,110,0
00:57:21:607,120000506,47639434,2284899,103,0
00:57:21:807,120000743,47509093,2279507,108,0
00:57:22:007,120000950,47449791,2292736,108,0
00:57:22:207,120001041,47284837,2279183,104,0
00:57:22:407,120000869,47541848,2299019,112,0
00:57:22:607,120001157,47847220,2288136,104,0
00:57:22:807,120001246,47315680,2283535,103,0
00:57:23:007,120001649,47442094,2297009,106,0
00:57:23:207,120001304,47275387,2278002,119,0
00:57:23:407,120000606,47647582,2286218,105,0
00:57:23:607,120001051,47723767,2298354,105,0
00:57:23:807,120001223,47330908,2284834,106,0
00:57:24:007,120001086,47381416,2291161,107,0
00:57:24:207,120000633,47879130,2284732,111,0
00:57:24:407,120001185,47353019,2284549,107,0
00:57:24:607,120001146,47423907,2295382,102,0
00:57:24:807,120001207,47289706,2280551,102,0
00:57:25:007,120000559,47345979,2285891,103,0
00:57:25:207,120000830,47744762,2282752,105,0
00:57:25:407,120001327,47533979,2292183,118,0
00:57:25:607,120001244,47338531,2285736,99,0
00:57:25:807,120001426,47329460,2285550,97,0
00:57:26:007,120000887,47340272,2284490,110,0
00:57:26:207,120000637,47866544,2284511,109,0
00:57:26:407,120001165,47413618,2291397,98,0
00:57:26:607,120001167,47347344,2286861,106,0
00:57:26:807,120001294,47319307,2283357,98,0
00:57:27:007,120000506,47672793,2289080,105,0
00:57:27:207,120000499,47482120,2279728,107,0
00:57:27:407,120001295,47464391,2292069,107,0
00:57:27:607,120001570,47371795,2289504,99,0
00:57:27:807,120001152,47349025,2286368,105,0
00:57:28:007,120000871,47399802,2279722,107,0
00:57:28:207,120000519,47460220,2278824,106,0
00:57:28:407,120000716,47444643,2279129,105,0
00:57:28:607,120001315,47445428,2285532,108,0
00:57:28:807,120001072,47439927,2296804,107,0
00:57:29:007,120000758,47565536,2291374,105,0
00:57:29:207,120000739,47317231,2277720,113,0
00:57:29:407,120000474,47334108,2277351,108,0
00:57:30:007,120000456,265133861,403,163,0
00:57:30:007,120000456,265133861,403,163,0
00:57:30:207,120001207,76851159,1973058,113,0
00:57:30:407,120000554,47542121,2285694,107,0
00:57:30:607,120000986,47717452,2286109,120,0
00:57:30:807,120001384,47462137,2299866,105,0
00:57:31:007,120000458,47401147,2290146,106,0
00:57:31:207,120000519,47789150,2282432,103,0
00:57:31:407,120001265,47410703,2284894,108,0
00:57:31:607,120001362,47315088,2282986,109,0
00:57:31:807,120000988,47459176,2299258,106,0
00:57:32:007,120000508,47447544,2281971,105,0
00:57:32:207,120000527,47594432,2280794,104,0
00:57:32:407,120001128,47469290,2286169,108,0
00:57:32:607,120001303,47406706,2293665,102,0
00:57:32:807,120000539,47577403,2294294,105,0
00:57:33:007,120000513,47293011,2277061,105,0
00:57:33:207,120000483,47462626,2279418,104,0
00:57:33:407,120000909,47432156,2278335,107,0
00:57:33:607,120001181,47479059,2297889,116,0
00:57:33:807,120000945,47431267,2296225,109,0
00:57:34:007,120000818,47548799,2280136,106,0
00:57:34:207,120000437,47390149,2277850,109,0
00:57:34:407,120001392,47507131,2283177,105,0
00:57:34:607,120001547,47371750,2289172,112,0
00:57:34:807,120001203,47436082,2296330,109,0
00:57:35:007,120001019,47549712,2282569,106,0
00:57:35:207,120001432,47756050,2293972,106,0
00:57:35:407,120001204,47281549,2279603,110,0
00:57:35:607,120001194,47403488,2293239,98,0
00:57:35:807,120001051,47281012,2279469,115,0
00:57:36:007,120000792,47385058,2282344,109,0
00:57:36:207,120000568,47621162,2280960,113,0
00:57:36:407,120001089,47462793,2280040,108,0
00:57:36:607,120001249,47247271,2275291,105,0
00:57:36:807,120001475,47351977,2287932,103,0
00:57:37:007,120001396,47253625,2275660,103,0
00:57:37:207,120001177,47360491,2287582,100,0
00:57:37:407,120000852,47436924,2293695,108,0
00:57:37:607,120000799,47729075,2282208,106,0
00:57:37:807,120001136,47395901,2278743,103,0
00:57:38:007,120001090,47474188,2301444,106,0
00:57:38:207,120000913,47438566,2292617,103,0
00:57:38:407,120000908,47491075,2279812,107,0
00:57:38:607,120000845,47564323,2280521,106,0
00:57:38:807,120001077,47443645,2291275,115,0
00:57:39:007,120001194,47407777,2292999,109,0
00:57:39:207,120000865,47442768,2287777,108,0
00:57:39:407,120000813,47755371,2283026,105,0
00:57:39:607,120001000,47414476,2289835,105,0
00:57:39:807,120001196,47356585,2287896,100,0
00:57:40:007,120001267,47349313,2287512,105,0
00:57:40:207,120000964,47507148,2284999,111,0
00:57:40:407,120000826,47596979,2280762,111,0
00:57:40:607,120001312,47413852,2283923,106,0
00:57:40:807,120001230,47337253,2286094,106,0
00:57:41:007,120001020,47446810,2297525,99,0
00:57:41:207,120000884,47498135,2282494,109,0
00:57:41:407,120000542,47685132,2281646,103,0
00:57:41:607,120001380,47343731,2284929,106,0
00:57:41:807,120001119,47414347,2294736,107,0
00:57:42:007,120001334,47291083,2280228,111,0
00:57:42:207,120000768,47611386,2289675,111,0
00:57:42:407,120000649,47304168,2276643,109,0
00:57:42:607,120001179,47580356,2280197,107,0
00:57:42:807,120001274,47496441,2303442,102,0
00:57:43:007,120000834,47441546,2290930,115,0
00:57:43:207,120001293,47888691,2289450,105,0
00:57:43:407,120001067,47399389,2292452,105,0
00:57:43:607,120001172,47351113,2287576,108,0
00:57:43:807,120000986,47415896,2284999,107,0
00:57:44:007,120000876,47601955,2280796,108,0
00:57:44:207,120001098,47615581,2295713,110,0
00:57:44:407,120001381,47417839,2294893,104,0
00:57:44:607,120000749,47552212,2285782,106,0
00:57:44:807,120000794,47629923,2281023,113,0
00:57:45:407,120000448,265134219,403,159,0
00:57:45:407,120000448,265134219,403,159,0
00:57:45:607,120000953,118896422,1535069,131,0
00:57:45:807,120000766,47502163,2280280,118,0
00:57:46:007,120001149,47584212,2282225,127,0
00:57:46:207,120001019,47317379,2283671,117,0
00:57:46:407,120000785,47401650,2293035,111,0
00:57:46:607,120000729,47554570,2292716,106,0
00:57:46:807,120000943,47567265,2280393,107,0
00:57:47:007,120001730,47553067,2293288,123,0
00:57:47:207,120000972,47273371,2278775,105,0
00:57:47:407,120001458,47283595,2279768,110,0
00:57:47:607,120001210,47354803,2288024,105,0
00:57:47:807,120000809,47606446,2289105,105,0
00:57:48:007,120000873,47556295,2279887,109,0
00:57:48:207,120001188,47412738,2285768,112,0
00:57:48:407,120001198,47450226,2299208,99,0
00:57:48:607,120001083,47294131,2280932,110,0
00:57:48:807,120000808,47434733,2283156,109,0
00:57:49:007,120000940,47652497,2281412,104,0
00:57:49:207,120002082,47416839,2282995,107,0
00:57:49:407,120001632,47403454,2293565,105,0
00:57:49:607,120000712,47545098,2296890,108,0
00:57:49:807,120000737,47456113,2278551,106,0
00:57:50:007,120001165,47627028,2285491,102,0
00:57:50:207,120001224,47403574,2293459,108,0
00:57:50:407,120001183,47397904,2291748,102,0
00:57:50:607,120000636,47778172,2285400,115,0
00:57:50:807,120000821,47288215,2276696,104,0
00:57:51:007,120001895,47485179,2289849,109,0
00:57:51:207,120000919,47378482,2290447,104,0
00:57:51:407,120001256,47358196,2287807,103,0
00:57:51:607,120000687,47510312,2281947,112,0
00:57:51:807,120000955,47488251,2279189,106,0
00:57:52:007,120001044,47268835,2275607,111,0
00:57:52:207,120001076,47520756,2289923,106,0
00:57:52:407,120001172,47377357,2289278,111,0
00:57:52:607,120000985,47213359,2272147,111,0
00:57:52:807,120001090,47296043,2281099,109,0
00:57:53:007,120001243,47324653,2283852,109,0
00:57:53:207,120001002,47550144,2285717,115,0
00:57:53:407,120000577,47491963,2279639,117,0
00:57:53:607,120001550,47467987,2282972,108,0
00:57:53:807,120001393,47324077,2283927,106,0
00:57:54:007,120001012,47229497,2273456,116,0
00:57:54:207,120001196,47394052,2292206,112,0
00:57:54:407,120000626,47424700,2292095,100,0
00:57:54:607,120001020,47768727,2282581,111,0
00:57:54:807,120000949,47321059,2277057,105,0
00:57:55:007,120001378,47376763,2286270,112,0
00:57:55:207,120001018,47330530,2285171,106,0
00:57:55:407,120000877,47411692,2294249,102,0
00:57:55:607,120000760,47598074,2286172,106,0
00:57:55:807,120000640,47522915,2278661,111,0
00:57:56:007,120001481,47549836,2301444,103,0
00:57:56:207,120000962,47488589,2294644,107,0
00:57:56:407,120001080,47502101,2279703,120,0
00:57:56:607,120000880,47564577,2280391,105,0
00:57:56:807,120001392,47278715,2278184,114,0
00:57:57:007,120001969,47402107,2292842,103,0
00:57:57:207,120001058,47354299,2287525,112,0
00:57:57:407,120001006,47256802,2276207,105,0
00:57:57:607,120001297,47310501,2282555,97,0
00:57:57:807,120000765,47579665,2284140,112,0
00:57:58:007,120000662,47390044,2277864,104,0
00:57:58:207,120001102,47566253,2288749,104,0
00:57:58:407,120001382,47447471,2298342,102,0
00:57:58:607,120000664,47558642,2288976,107,0
00:57:58:807,120000563,47668428,2281822,101,0
00:57:59:007,120001521,47377337,2288962,110,0
00:57:59:207,120001091,47446360,2297807,112,0
00:57:59:407,120001920,47326139,2283927,115,0
00:57:59:607,120000857,47447557,2279238,117,0
00:57:59:807,120000814,47333666,2277644,114,0
00:58:00:007,120001092,47626372,2281683,103,0
00:58:00:207,120001206,47311304,2282653,106,0
00:58:00:807,120000469,265141463,401,156,0
00:58:00:807,120000469,265141463,401,156,0
00:58:01:007,120001421,162049614,1081924,143,0
00:58:01:207,120000613,47624886,2287276,114,0
00:58:01:407,120000504,47559836,2280372,119,0
00:58:01:607,120001090,47321533,2280808,104,0
00:58:01:807,120000648,145618573,699913,74581,0
00:58:02:007,120000469,168356313,387966,84680,0
00:58:02:207,120000576,167962963,384384,87730,0
00:58:02:407,120000475,168642207,387065,81202,0
00:58:02:607,120000608,167812134,384563,89154,0
00:58:02:807,120000454,168790884,386179,79763,0
00:58:03:007,120000581,167701006,385598,89899,0
00:58:03:207,120000582,168067397,384940,86184,0
00:58:03:407,120000587,168476569,386060,83084,0
00:58:03:607,120000582,167919814,385655,88079,0
00:58:03:807,120000596,168689330,386332,80827,0
00:58:04:007,120000588,167749406,386418,89248,0
00:58:04:207,120000587,168371287,385406,81213,0
00:58:04:407,120000594,168157995,385083,88527,0
00:58:04:607,120000579,168023571,385544,86634,0
00:58:04:807,120000587,168528015,386269,82469,0
00:58:05:007,120000534,167838452,386168,88506,0
00:58:05:207,120000592,168766911,386113,80465,0
00:58:05:407,120000458,167716594,383889,89639,0
00:58:05:607,120000596,168240342,384733,84246,0
00:58:05:807,120000516,168322557,386465,85537,0
00:58:06:007,120000573,167914337,386705,87255,0
00:58:06:207,120000451,168625442,386027,81628,0
00:58:06:407,120000566,167819905,384707,88909,0
00:58:06:607,120000571,168812942,385494,79950,0
00:58:06:807,120000569,167695387,385669,89797,0
00:58:07:007,120000573,168117834,385753,85281,0
00:58:07:207,120000561,168456026,385659,83985,0
00:58:07:407,120000567,167900020,385878,87747,0
00:58:07:607,120000595,168680582,385011,80970,0
00:58:07:807,120000563,167802801,385191,88991,0
00:58:08:007,120000580,168472774,386721,79792,0
00:58:08:207,120000571,168019326,385932,89856,0
00:58:08:407,120000566,168037384,385810,86487,0
00:58:08:607,120000571,168535008,385545,82689,0
00:58:08:807,120000483,167869208,385978,88339,0
00:58:09:007,120000575,168699317,387200,80505,0
00:58:09:207,120000449,167782916,384125,89338,0
00:58:09:407,120000573,168294719,386031,82370,0
00:58:09:607,120000509,168210523,386473,87153,0
00:58:09:807,120000582,168013316,384999,87168,0
00:58:10:007,120000579,168579665,386075,81806,0
00:58:10:207,120000547,167830542,386194,88626,0
00:58:10:407,120000574,168750685,386599,80187,0
00:58:10:607,120000561,167773017,383693,89530,0
00:58:10:807,120000574,168152265,385939,84705,0
00:58:11:007,120000576,168367597,387104,84596,0
00:58:11:207,120000581,167943688,385204,87374,0
00:58:11:407,120000564,168650564,386322,81333,0
00:58:11:607,120000575,167787627,384065,88947,0
00:58:11:807,120000461,168816496,387139,79879,0
00:58:12:007,120000572,167695038,386429,89840,0
00:58:12:207,120000563,168104940,385342,85728,0
00:58:12:407,120000577,168445311,387113,83394,0
00:58:12:607,120000471,167890095,385293,87952,0
00:58:12:807,120000556,168731759,385182,80767,0
00:58:13:007,120000452,167729946,387164,89140,0
00:58:13:207,120000564,168408706,385060,81142,0
00:58:13:407,120000573,168109879,385454,88475,0
00:58:13:607,120000581,168037883,384384,86515,0
00:58:13:807,120000565,168577943,385423,82302,0
00:58:14:007,120000573,167840869,387030,88370,0
00:58:14:207,120000572,168789694,385281,80267,0
00:58:14:407,120000566,167712097,385477,89463,0
00:58:14:607,120000576,168279306,385376,83282,0
00:58:14:807,120000561,168245119,385926,86170,0
00:58:15:007,120000576,167982410,386656,87233,0
00:58:15:207,120000560,168635341,384900,81569,0
00:58:15:407,120000560,167826351,384668,88819,0
00:58:15:607,120000580,168801512,386750,79936,0
00:58:15:807,120000566,167685339,385712,89821,0
00:58:16:007,120000452,168109699,386453,85413,0
00:58:16:207,120000572,168424830,384053,83999,0
00:58:16:407,120000449,167952493,385555,87759,0
00:58:17:007,120000464,265142299,401,159,0
00:58:17:007,120000464,265142299,401,159,0
00:58:17:207,120000602,250287576,55648,18366,0
00:58:17:407,120000586,168781795,385649,80010,0
00:58:17:607,120000463,167719709,384869,89617,0
00:58:17:807,120000576,168155768,386310,84602,0
00:58:18:007,120000518,168379183,384263,84624,0
00:58:18:207,120000598,167975622,385689,87573,0
00:58:18:407,120000451,168640678,385698,81141,0
00:58:18:607,120000553,167801254,385620,88887,0
00:58:18:807,120000570,168825736,386510,79780,0
00:58:19:207,120000571,168061062,386532,86030,0
00:58:19:408,120000577,168461538,386806,83022,0
00:58:19:608,120000578,167895297,386390,87852,0
00:58:19:808,120000573,168719126,386498,80732,0
00:58:20:008,120000566,167757877,383869,89184,0
00:58:20:208,120000574,168397463,386223,81105,0
00:58:20:408,120000574,168152092,385372,88487,0
00:58:20:608,120000471,167990328,386657,86626,0
00:58:20:808,120000567,168542907,387760,82402,0
00:58:21:008,120000558,167859267,384486,88426,0
00:58:21:208,120000573,168771463,386867,80318,0
00:58:21:408,120000484,167712240,384762,89562,0
00:58:21:608,120000567,168256679,385730,84180,0
00:58:21:808,120000472,168301046,385633,85340,0
00:58:22:008,120000573,167953880,384622,87335,0
00:58:22:208,120000575,168621898,386884,81659,0
00:58:22:408,120000570,167808572,385355,88926,0
00:58:22:608,120000571,168808768,386709,79906,0
00:58:22:808,120000569,167686061,386061,89820,0
00:58:23:008,120000571,168124488,384830,85289,0
00:58:23:208,120000461,168441124,385058,83919,0
00:58:23:408,120000572,167910653,386208,87820,0
00:58:23:608,120000568,168667671,387585,80987,0
00:58:23:808,120000575,167793177,384561,89157,0
00:58:24:008,120000474,168490118,385234,79791,0
00:58:24:208,120000583,168015557,387019,89793,0
00:58:24:408,120000578,168038632,385833,86383,0
00:58:24:608,120000577,168514379,386829,82616,0
00:58:24:808,120000545,167904740,385872,88295,0
00:58:25:008,120000574,168706303,385963,80486,0
00:58:25:208,120000533,167778891,385367,89395,0
00:58:25:408,120000570,168278106,387204,82265,0
00:58:25:608,120000455,168221545,385848,87174,0
00:58:25:808,120000560,168017683,385158,86884,0
00:58:26:008,120000574,168568087,385264,81883,0
00:58:26:208,120000566,167850580,384917,88577,0
00:58:26:408,120000578,168753102,387030,80214,0
00:58:26:608,120000464,167741103,384197,89639,0
00:58:26:808,120000577,168164008,386287,84779,0
00:58:27:008,120000574,168375714,385490,84622,0
00:58:27:208,120000571,167930529,385344,87479,0
00:58:27:408,120000456,168640351,386525,81392,0
00:58:27:608,120000571,167804156,384788,88977,0
00:58:27:808,120000523,168817185,385908,79845,0
00:58:28:008,120000574,167699831,383865,89918,0
00:58:28:208,120000448,168112328,385114,85749,0
00:58:28:408,120000560,168461160,386345,83505,0
00:58:28:608,120000457,167878184,386641,88026,0
00:58:28:808,120000573,168703074,386298,80777,0
00:58:29:008,120000458,167764129,385067,89314,0
00:58:29:208,120000568,168415999,384193,81182,0
00:58:29:408,120000573,168100869,386737,88411,0
00:58:29:608,120000567,168028589,385404,86602,0
00:58:29:808,120000571,168572182,385319,82329,0
00:58:30:008,120000567,167851412,384878,88386,0
00:58:30:208,120000577,168762853,386039,80312,0
00:58:30:408,120000558,167714425,386558,89459,0
00:58:30:608,120000576,168259104,384859,83268,0
00:58:30:808,120000565,168278521,384876,86233,0
00:58:31:008,120000573,167988201,384667,87107,0
00:58:31:208,120000536,168622620,386452,81521,0
00:58:31:408,120000578,167824801,386689,88743,0
00:58:31:608,120000546,168801495,385246,79976,0
00:58:31:808,120000579,167691505,385151,89916,0
00:58:32:008,120000555,168114003,386386,85275,0
00:58:32:408,120000510,254409174,44902,6489,0
00:58:32:608,120000618,257795755,26325,11530,0
00:58:32:808,120000562,168562353,384412,82697,0
00:58:33:008,120000578,167843285,386615,88457,0
00:58:33:208,120000456,168697673,387431,80560,0
00:58:33:408,120000574,167779898,384776,89416,0
00:58:33:608,120000453,168320532,386056,82368,0
00:58:33:808,120000594,168205068,385246,87253,0
00:58:34:008,120000487,167998661,385113,87131,0
00:58:34:208,120000558,168604182,386449,81783,0
00:58:34:408,120000605,167836036,385676,88571,0
00:58:34:608,120000570,168747014,387151,80047,0
00:58:34:808,120000584,167754587,384258,89613,0
00:58:35:008,120000576,168140211,386497,84716,0
00:58:35:208,120000576,168366819,386912,84614,0
00:58:35:408,120000563,167968887,385008,87392,0
00:58:35:608,120000579,168657386,385456,81392,0
00:58:35:808,120000464,167767984,385316,88949,0
00:58:36:008,120000580,168835719,386591,79876,0
00:58:36:208,120000561,167680749,385858,89871,0
00:58:36:408,120000561,168089737,385576,86002,0
00:58:36:608,120000577,168450809,386387,83107,0
00:58:36:808,120000577,167886434,386170,87858,0
00:58:37:008,120000451,168739016,385697,80878,0
00:58:37:208,120000573,167722631,386015,89242,0
00:58:37:408,120000442,168397254,386352,81264,0
00:58:37:608,120000572,168133148,384838,88434,0
00:58:37:808,120000570,168013582,385169,86644,0
00:58:38:008,120000573,168566050,385413,82401,0
00:58:38:208,120000563,167831238,386609,88510,0
00:58:38:408,120000578,168787852,385260,80335,0
00:58:38:608,120000577,167699559,385411,89514,0
00:58:38:808,120000560,168286918,384692,83368,0
00:58:39:008,120000569,168243975,386137,86054,0
00:58:39:208,120000575,167978445,385224,87138,0
00:58:39:408,120000582,168627976,385629,81568,0
00:58:39:608,120000567,167827516,384537,88763,0
00:58:39:808,120000577,168812047,386343,79879,0
00:58:40:008,120000509,167694005,385390,89811,0
00:58:40:208,120000574,168107292,386448,85294,0
00:58:40:408,120000434,168412698,385853,83976,0
00:58:40:608,120000572,167949938,384211,87884,0
00:58:40:808,120000519,168665215,386135,81016,0
00:58:41:008,120000576,167812073,385097,89170,0
00:58:41:208,120000566,168483759,386247,79868,0
00:58:41:408,120000568,167997763,385776,89852,0
00:58:41:608,120000572,168040502,386372,86442,0
00:58:41:808,120000572,168500125,385436,82709,0
00:58:42:008,120000574,167903676,385133,88226,0
00:58:42:208,120000574,168705134,387650,80652,0
00:58:42:408,120000577,167756780,384550,89444,0
00:58:42:608,120000566,168304587,385745,82501,0
00:58:42:808,120000574,168232559,384512,87185,0
00:58:43:008,120000460,167997331,385331,86845,0
00:58:43:208,120000580,168554053,386927,82124,0
00:58:43:408,120000525,167834612,385636,88578,0
00:58:43:608,120000577,168781048,387213,80171,0
00:58:43:808,120000456,167719428,383638,89587,0
00:58:44:008,120000573,168212896,385384,84821,0
00:58:44:208,120000445,168352901,386610,84788,0
00:58:44:408,120000570,167915086,385592,87458,0
00:58:44:608,120000579,168643463,385170,81390,0
00:58:44:808,120000578,167817679,384693,88854,0
00:58:45:008,120000574,168819833,386458,79723,0
00:58:45:208,120000582,167686630,385492,89833,0
00:58:45:408,120000573,168103968,384048,85713,0
00:58:45:608,120000565,168498124,385458,83557,0
00:58:45:808,120000573,167879382,386028,87931,0
00:58:46:008,120000564,168680029,386564,80861,0
00:58:46:208,120000568,167772432,386693,89291,0
00:58:46:408,120000468,168409919,384639,81198,0
00:58:46:608,120000570,168093680,386465,88456,0
00:58:46:808,120000492,168028757,385091,86626,0
00:58:47:008,120000571,168571105,385391,82410,0
00:58:47:208,120000488,167849592,387190,88331,0
00:58:47:408,120000573,168707583,386963,80379,0
00:58:48:008,120000450,265134006,403,155,0
00:58:48:008,120000450,265134006,403,155,0
00:58:48:208,120000618,177602919,344492,82377,0
00:58:48:408,120000537,168732263,386445,80826,0
00:58:48:608,120000578,167725369,386105,89237,0
00:58:48:808,120000452,168401519,386244,81257,0
00:58:49:008,120000574,168131474,385276,88475,0
00:58:49:208,120000467,168002600,385338,86640,0
00:58:49:408,120000562,168564978,386112,82379,0
00:58:49:608,120000577,167839585,385335,88535,0
00:58:49:808,120000601,168778756,385286,80394,0
00:58:50:008,120000581,167698106,386768,89566,0
00:58:50:208,120000561,168282867,384677,83606,0
00:58:50:408,120000578,168260334,385911,85947,0
00:58:50:608,120000576,167956077,386985,87345,0
00:58:50:808,120000574,168631724,385812,81591,0
00:58:51:008,120000582,167813511,385114,88790,0
00:58:51:208,120000574,168821986,385003,79942,0
00:58:51:408,120000569,167688399,386281,89750,0
00:58:51:608,120000578,168111063,385711,85275,0
00:58:51:808,120000443,168417048,385840,84031,0
00:58:52:008,120000581,167945750,385599,87775,0
00:58:52:208,120000551,168668266,386227,80983,0
00:58:52:408,120000574,167818356,384894,89060,0
00:58:52:608,120000449,168484828,385883,79718,0
00:58:52:808,120000568,168009687,386789,89863,0
00:58:53:008,120000578,168056130,385196,86377,0
00:58:53:208,120000578,168509542,384849,82674,0
00:58:53:408,120000578,167909480,386495,88137,0
00:58:53:608,120000577,168693995,387109,80614,0
00:58:53:808,120000571,167773485,384936,89378,0
00:58:54:008,120000573,168286277,387027,82446,0
00:58:54:208,120000578,168233373,384322,87165,0
00:58:54:408,120000558,168021072,385023,86826,0
00:58:54:608,120000572,168538451,387006,82075,0
00:58:54:808,120000534,167839101,385242,88577,0
00:58:55:008,120000577,168779106,386390,80139,0
00:58:55:208,120000472,167727673,383367,89555,0
00:58:55:408,120000577,168202688,384923,84762,0
00:58:55:608,120000465,168356930,387469,84683,0
00:58:55:808,120000579,167919283,386123,87396,0
00:58:56:008,120000451,168644436,385472,81341,0
00:58:56:208,120000578,167810459,385770,88870,0
00:58:56:408,120000583,168825688,386683,79723,0
00:58:56:608,120000577,167680633,386079,89767,0
00:58:56:808,120000576,168114989,383788,85772,0
00:58:57:008,120000579,168492489,385824,83517,0
00:58:57:208,120000576,167867482,387784,87903,0
00:58:57:408,120000566,168696625,386520,80737,0
00:58:57:608,120000570,167774294,385510,89212,0
00:58:57:808,120000565,168422022,384152,81111,0
00:58:58:008,120000566,168113515,386083,88365,0
00:58:58:208,120000574,168020166,386441,86586,0
00:58:58:408,120000573,168584433,385040,82342,0
00:58:58:608,120000575,167837406,385944,88358,0
00:58:58:808,120000575,168744117,386442,80303,0
00:58:59:008,120000536,167733516,385388,89524,0
00:58:59:208,120000574,168232963,386417,83332,0
00:58:59:408,120000441,168274037,385946,86196,0
00:58:59:608,120000583,167993084,385133,87186,0
00:58:59:808,120000566,168639533,384859,81657,0
00:59:00:008,120000564,167838875,384987,88623,0
00:59:00:208,120000574,168784713,386813,79906,0
00:59:00:408,120000571,167702353,384291,89808,0
00:59:00:608,120000560,168114889,386148,85290,0
00:59:00:808,120000571,168426466,385021,83986,0
00:59:01:008,120000563,167949174,385435,87641,0
00:59:01:208,120000571,168661749,386040,81191,0
00:59:01:408,120000572,167775280,385208,89038,0
00:59:01:608,120000548,168591390,385482,79893,0
00:59:01:808,120000572,167951724,385622,89891,0
00:59:02:008,120000553,168044457,386737,86268,0
00:59:02:208,120000568,168474180,386554,82928,0
00:59:02:408,120000444,167877118,385063,88078,0
00:59:02:608,120000569,168750775,385487,80648,0
00:59:02:808,120000440,167720587,386781,89348,0
00:59:03:408,120000456,265141697,401,156,0
00:59:03:408,120000456,265141697,401,156,0
00:59:03:608,120000601,193923127,282068,63952,0
00:59:03:808,120000579,167758567,384897,89248,0
00:59:04:008,120000458,168385612,386011,81209,0
00:59:04:208,120000578,168162664,385048,88457,0
00:59:04:408,120000452,167990644,385731,86644,0
00:59:04:608,120000601,168548526,385902,82349,0
00:59:04:808,120000579,167857047,384671,88508,0
00:59:05:008,120000574,168763108,386250,80350,0
00:59:05:208,120000602,167728924,384500,89554,0
00:59:05:408,120000561,168230131,386060,84249,0
00:59:05:608,120000572,168335757,384725,85493,0
00:59:05:808,120000568,167927109,386412,87374,0
00:59:06:008,120000582,168610415,386475,81652,0
00:59:06:208,120000579,167819085,385260,88941,0
00:59:06:408,120000571,168801741,387107,79949,0
00:59:06:608,120000566,167696705,384804,89904,0
00:59:06:808,120000576,168129956,384595,85232,0
00:59:07:008,120000517,168439156,385596,84016,0
00:59:07:208,120000567,167910231,385915,87711,0
00:59:07:408,120000453,168667502,387098,80985,0
00:59:07:608,120000572,167798888,383910,89151,0
00:59:07:808,120000541,168486731,385756,79805,0
00:59:08:008,120000581,168007842,387517,89856,0
00:59:08:208,120000442,168047204,385554,86386,0
00:59:08:408,120000566,168523115,386617,82635,0
00:59:08:608,120000581,167905319,384313,88268,0
00:59:08:808,120000570,168694643,386918,80500,0
00:59:09:008,120000585,167772791,385674,89454,0
00:59:09:208,120000577,168287292,385010,82347,0
00:59:09:408,120000564,168216874,385978,87199,0
00:59:09:608,120000577,168022824,383985,87125,0
00:59:09:808,120000577,168578409,385810,81750,0
00:59:10:008,120000455,167831309,386301,88611,0
00:59:10:208,120000576,168758403,386496,80189,0
00:59:10:408,120000573,167739581,385189,89671,0
00:59:10:608,120000562,168161219,384841,84785,0
00:59:10:808,120000465,168371844,386020,84636,0
00:59:11:008,120000579,167934433,385309,87499,0
00:59:11:208,120000451,168651839,385655,81354,0
00:59:11:408,120000573,167782537,385693,88949,0
00:59:11:608,120000458,168822117,386121,79751,0
00:59:11:808,120000568,167706461,384736,89770,0
00:59:12:008,120000562,168106567,385856,85772,0
00:59:12:208,120000571,168449887,386323,83492,0
00:59:12:408,120000568,167877596,386815,88010,0
00:59:12:608,120000459,168720042,384954,80850,0
00:59:12:808,120000580,167756117,385885,89171,0
00:59:13:008,120000572,168408553,384788,81135,0
00:59:13:208,120000579,168108133,385790,88424,0
00:59:13:408,120000582,168024661,386500,86575,0
00:59:13:608,120000574,168575869,385228,82296,0
00:59:13:808,120000559,167847407,385266,88462,0
00:59:14:008,120000569,168762579,386801,80283,0
00:59:14:208,120000500,167724585,384169,89542,0
00:59:14:408,120000567,168270792,385609,83368,0
00:59:14:608,120000445,168252670,385642,86219,0
00:59:14:808,120000569,167978586,385382,87414,0
00:59:15:008,120000455,168623537,385808,81614,0
00:59:15:208,120000573,167829797,383982,88904,0
00:59:15:408,120000568,168807836,386707,79935,0
00:59:15:608,120000570,167685421,385427,89756,0
00:59:15:808,120000575,168107789,387474,85253,0
00:59:16:008,120000574,168422736,385093,83930,0
00:59:16:208,120000574,167956923,384977,87722,0
00:59:16:408,120000568,168656734,385803,81025,0
00:59:16:608,120000566,167791041,386172,88954,0
00:59:16:808,120000577,168538004,386005,79825,0
00:59:17:008,120000565,167977622,385919,89748,0
00:59:17:208,120000564,168046241,386813,86444,0
00:59:17:408,120000571,168496812,384798,82716,0
00:59:17:608,120000451,167874364,386044,88094,0
00:59:17:808,120000563,168722143,387439,80690,0
00:59:18:008,120000455,167734373,384650,89368,0
00:59:18:208,120000574,168331679,386178,82435,0
00:59:18:808,120000466,265133977,403,161,0
00:59:18:808,120000466,265133977,403,161,0
00:59:19:008,120000604,209309185,218322,53936,0
00:59:19:208,120000462,168371540,385475,81177,0
00:59:19:408,120000573,168123183,386985,88525,0
00:59:19:608,120000543,168023438,387088,86658,0
00:59:19:808,120000583,168521526,386203,82276,0
00:59:20:008,120000489,167851795,385034,88417,0
00:59:20:208,120000569,168768106,386491,80380,0
00:59:20:408,120000571,167719856,385173,89611,0
00:59:20:608,120000607,168219267,385917,84199,0
00:59:20:808,120000575,168323282,387999,85437,0
00:59:21:008,120000580,167928260,385339,87211,0
00:59:21:208,120000576,168627804,385379,81594,0
00:59:21:408,120000569,167823095,385127,88761,0
00:59:21:608,120000569,168806344,386047,79915,0
00:59:21:808,120000577,167676717,387338,89739,0
00:59:22:008,120000574,168144608,384189,85236,0
00:59:22:208,120000554,168458555,384887,83948,0
00:59:22:408,120000571,167894664,385668,87737,0
00:59:22:608,120000443,168674232,385569,80929,0
00:59:22:808,120000578,167788419,386153,89122,0
00:59:23:008,120000485,168484905,385275,79855,0
00:59:23:208,120000580,168022076,386168,89779,0
00:59:23:408,120000446,168038143,386409,86376,0
00:59:23:608,120000555,168556952,384854,82644,0
00:59:23:808,120000578,167851486,386278,88282,0
00:59:24:008,120000579,168708201,386330,80459,0
00:59:24:208,120000566,167782694,383699,89375,0
00:59:24:408,120000521,168310310,386423,82329,0
00:59:24:608,120000579,168190982,386853,87171,0
00:59:24:808,120000573,167994362,386187,87018,0
00:59:25:008,120000578,168612606,385251,81749,0
00:59:25:208,120000563,167844945,384625,88641,0
00:59:25:408,120000570,168749981,386297,80162,0
00:59:25:608,120000558,167742268,385022,89655,0
00:59:25:808,120000574,168136085,387367,84619,0
00:59:26:008,120000560,168372805,386258,84604,0
00:59:26:208,120000579,167970957,385068,87371,0
00:59:26:408,120000566,168649845,386433,81287,0
00:59:26:608,120000574,167763539,385963,88923,0
00:59:26:808,120000450,168820080,388021,79740,0
00:59:27:008,120000565,167715222,383676,89788,0
00:59:27:208,120000576,168088338,386091,86087,0
00:59:27:408,120000565,168452116,386266,83191,0
00:59:27:608,120000577,167877302,386700,87901,0
00:59:27:808,120000561,168732463,386049,80815,0
00:59:28:008,120000574,167742737,385313,89091,0
00:59:28:208,120000574,168402518,386069,81087,0
00:59:28:408,120000567,168118825,385576,88503,0
00:59:28:608,120000563,168005761,385813,86706,0
00:59:28:808,120000575,168566724,386203,82287,0
00:59:29:008,120000578,167852125,385241,88346,0
00:59:29:208,120000579,168787872,385780,80342,0
00:59:29:408,120000553,167696195,386616,89472,0
00:59:29:608,120000573,168272349,385654,83330,0
00:59:29:808,120000453,168242785,385903,86136,0
00:59:30:008,120000566,167984033,386084,87166,0
00:59:30:208,120000454,168631198,384791,81635,0
00:59:30:408,120000571,167812186,386520,88757,0
00:59:30:608,120000557,168808277,386394,79909,0
00:59:30:808,120000578,167693868,385588,89742,0
00:59:31:008,120000577,168120691,386144,85223,0
00:59:31:208,120000584,168429110,383973,83969,0
00:59:31:408,120000575,167943853,386401,87738,0
00:59:31:608,120000567,168643951,386852,81041,0
00:59:31:808,120000578,167816978,385088,89135,0
00:59:32:008,120000577,168494649,386065,79796,0
00:59:32:208,120000572,168012366,384163,89820,0
00:59:32:408,120000471,168055476,384810,86391,0
00:59:32:608,120000580,168492804,386570,82616,0
00:59:32:808,120000455,167913032,384972,87984,0
00:59:33:008,120000565,168713981,388037,80652,0
00:59:33:208,120000465,167768524,383040,89299,0
00:59:33:408,120000584,168312216,385560,82412,0
00:59:33:608,120000451,168215149,386080,87214,0
00:59:34:208,120000460,265141464,401,160,0
00:59:34:208,120000460,265141464,401,160,0
00:59:34:408,120000486,225775319,153660,35586,0
00:59:34:608,120000574,168103349,386052,88451,0
00:59:34:808,120000477,168010775,386092,86723,0
00:59:35:008,120000554,168566110,386457,82353,0
00:59:35:208,120000455,167861767,385624,88422,0
00:59:35:408,120000596,168715872,386867,80399,0
00:59:35:608,120000577,167770149,384547,89480,0
00:59:35:808,120000577,168225194,387195,83345,0
00:59:36:008,120000605,168279287,386562,86100,0
00:59:36:208,120000580,167998683,386214,87207,0
00:59:36:408,120000569,168611546,384769,81510,0
00:59:36:608,120000463,167824968,384655,88619,0
00:59:36:808,120000573,168759539,387746,80134,0
00:59:37:008,120000560,167734517,385025,89756,0
00:59:37:208,120000578,168121346,385994,85248,0
00:59:37:408,120000504,168411117,386101,83988,0
00:59:37:608,120000573,167923468,385669,87538,0
00:59:37:808,120000560,168693198,385761,81095,0
00:59:38:008,120000577,167759901,385143,88956,0
00:59:38:208,120000556,168645947,386689,79799,0
00:59:38:408,120000571,167887017,384551,89831,0
00:59:38:608,120000451,168065733,385718,86097,0
00:59:38:808,120000571,168497467,385419,83009,0
00:59:39:008,120000581,167864996,386191,88128,0
00:59:39:208,120000558,168748359,386302,80628,0
00:59:39:408,120000578,167731437,385233,89369,0
00:59:39:608,120000572,168347632,384160,82341,0
00:59:39:808,120000585,168186423,386414,87106,0
00:59:40:008,120000575,167986829,386817,86879,0
00:59:40:208,120000566,168583830,386164,82076,0
00:59:40:408,120000557,167847143,384778,88591,0
00:59:40:608,120000579,168794124,385407,80179,0
00:59:40:808,120000573,167700510,385950,89578,0
00:59:41:008,120000580,168206433,385365,84131,0
00:59:41:208,120000452,168329388,384589,85369,0
00:59:41:408,120000579,167960212,386431,87481,0
00:59:41:608,120000542,168640153,386015,81325,0
00:59:41:808,120000580,167820623,385533,88870,0
00:59:42:008,120000453,168808823,387052,79759,0
00:59:42:208,120000581,167700808,383487,89737,0
00:59:42:408,120000573,168089102,386723,85673,0
00:59:42:608,120000577,168445043,385441,83397,0
00:59:42:808,120000588,167949064,385439,87945,0
00:59:43:008,120000579,168658567,387646,80775,0
00:59:43:208,120000577,167811062,383650,89099,0
00:59:43:408,120000552,168480684,384901,79863,0
00:59:43:608,120000576,168012441,386687,89817,0
00:59:43:808,120000572,168046930,385019,86747,0
00:59:44:008,120000574,168507942,386986,82374,0
00:59:44:208,120000452,167872611,384938,88392,0
00:59:44:408,120000576,168740556,386199,80573,0
00:59:44:608,120000462,167735435,384151,89589,0
00:59:44:808,120000561,168251640,386511,83508,0
00:59:45:008,120000479,168284502,386263,86249,0
00:59:45:208,120000579,167952235,385318,87150,0
00:59:45:408,120000445,168597690,386418,81804,0
00:59:45:608,120000570,167824129,385591,88736,0
00:59:45:808,120000444,168790964,387170,80085,0
00:59:46:008,120000568,167701842,385369,89738,0
00:59:46:208,120000573,168200459,384549,84866,0
00:59:46:408,120000557,168384115,385135,84810,0
00:59:46:608,120000579,167891778,386669,87671,0
00:59:46:808,120000572,168656363,386275,81206,0
00:59:47:008,120000576,167791874,385894,89125,0
00:59:47:208,120000522,168722860,384567,79808,0
00:59:47:408,120000568,167798372,385624,89794,0
00:59:47:608,120000577,168056150,385959,86144,0
00:59:47:808,120000582,168529756,385697,83005,0
00:59:48:008,120000565,167858525,385838,88226,0
00:59:48:208,120000577,168699185,386645,80658,0
00:59:48:408,120000542,167777672,384929,89308,0
00:59:48:608,120000546,168391123,386047,81431,0
00:59:48:808,120000452,168113378,386442,88199,0
00:59:49:008,120000573,168011953,385063,86900,0
00:59:49:608,120000456,265134000,403,155,0
00:59:49:608,120000456,265134000,403,155,0
00:59:49:808,120000614,241954407,88982,24415,0
00:59:50:008,120000475,168034987,385963,86437,0
00:59:50:208,120000574,168543545,386232,82670,0
00:59:50:408,120000504,167850394,386404,88344,0
00:59:50:608,120000561,168755246,386978,80535,0
00:59:50:808,120000467,167723531,385301,89541,0
00:59:51:008,120000555,168320329,385231,83080,0
00:59:51:208,120000574,168213784,385408,86332,0
00:59:51:408,120000572,167981235,386046,87163,0
00:59:51:808,120000576,167830755,384984,88711,0
00:59:52:008,120000571,168803528,386082,80204,0
00:59:52:208,120000561,167684220,384934,89756,0
00:59:52:408,120000572,168149803,386159,84727,0
00:59:52:608,120000574,168376883,386067,84630,0
00:59:52:808,120000580,167949378,386366,87628,0
00:59:53:008,120000540,168649167,385626,81201,0
00:59:53:208,120000561,167807338,386318,88953,0
00:59:53:408,120000532,168814130,386564,79656,0
00:59:53:608,120000576,167688533,384513,89947,0
00:59:53:808,120000464,168055558,386764,86136,0
00:59:54:008,120000581,168474440,385651,83043,0
00:59:54:208,120000450,167897775,386595,88057,0
00:59:54:408,120000573,168694985,386962,80805,0
00:59:54:608,120000580,167745679,386035,89158,0
00:59:54:808,120000575,168386226,386155,81252,0
00:59:55:008,120000577,168164908,384660,88408,0
00:59:55:208,120000458,168000639,385947,86650,0
00:59:55:408,120000576,168544254,385801,82421,0
00:59:55:608,120000573,167854900,384627,88451,0
00:59:55:808,120000574,168765450,386732,80362,0
00:59:56:008,120000566,167731703,383081,89575,0
00:59:56:208,120000563,168237327,386287,84132,0
00:59:56:408,120000565,168312506,385943,85363,0
00:59:56:608,120000576,167935232,387511,87304,0
00:59:56:808,120000487,168621683,386530,81535,0
00:59:57:008,120000571,167829160,384040,88821,0
00:59:57:208,120000553,168794965,387503,80017,0
00:59:57:408,120000574,167695612,385069,89793,0
00:59:57:608,120000450,168119379,384830,85342,0
00:59:57:808,120000561,168438291,386040,84060,0
00:59:58:008,120000577,167922692,384376,87818,0
00:59:58:208,120000583,168664786,386930,81021,0
00:59:58:408,120000578,167791442,384151,89227,0
00:59:58:608,120000577,168493628,385344,79864,0
00:59:58:808,120000577,168011107,386973,89898,0
00:59:59:008,120000578,168053530,383839,86530,0
00:59:59:208,120000577,168531878,385697,82644,0
00:59:59:408,120000576,167881490,386552,88386,0
00:59:59:608,120000570,168690532,386810,80548,0
00:59:59:808,120000560,167778127,385053,89477,0
01:00:00:008,120000579,168300336,384234,82324,0
01:00:00:208,120000529,168215159,386438,87196,0
01:00:00:408,120000575,168008339,385523,87070,0
01:00:00:608,120000449,168567549,386370,81724,0
01:00:00:808,120000574,167824319,386450,88576,0
01:00:01:008,120000440,168763145,386122,80208,0
01:00:01:208,120000569,167751162,384334,89669,0
01:00:01:408,120000577,168161465,385637,84739,0
01:00:01:608,120000577,168370085,386639,84693,0
01:00:01:808,120000577,167925292,386155,87381,0
01:00:02:008,120000527,168671938,384006,81365,0
01:00:02:208,120000583,167781568,386226,89056,0
01:00:02:408,120000577,168810281,386475,79774,0
01:00:02:608,120000580,167694801,384951,89970,0
01:00:02:808,120000449,168094407,386482,85748,0
01:00:03:008,120000571,168472923,385961,83469,0
01:00:03:208,120000560,167882251,386839,88077,0
01:00:03:408,120000575,168706929,386397,80858,0
01:00:03:608,120000548,167753671,385822,89371,0
01:00:03:808,120000561,168396002,385827,81214,0
01:00:04:008,120000453,168099168,386362,88493,0
01:00:04:208,120000576,168019999,385863,86649,0
01:00:04:408,120000437,168572121,385113,82424,0
01:00:04:608,120000581,167846354,385636,88450,0
01:00:05:008,120000519,262492260,11473,1712,0
01:00:05:208,120000578,258099168,24507,11403,0
01:00:05:408,120000596,168484402,386158,82672,0
01:00:05:608,120000456,167867089,386056,88194,0
01:00:05:808,120000573,168733058,386743,80662,0
01:00:06:008,120000453,167739434,384631,89341,0
01:00:06:208,120000582,168338815,385493,82438,0
01:00:06:408,120000603,168234780,384816,87121,0
01:00:06:608,120000571,167966148,385485,86840,0
01:00:06:808,120000574,168575931,387187,82087,0
01:00:07:008,120000593,167834919,385720,88528,0
01:00:07:208,120000582,168787142,385490,80207,0
01:00:07:408,120000577,167702353,384450,89864,0
01:00:07:608,120000569,168231920,384762,84320,0
01:00:07:808,120000445,168307661,386792,85214,0
01:00:08:008,120000565,167938536,386145,87465,0
01:00:08:208,120000554,168637960,386031,81328,0
01:00:08:408,120000568,167818891,384432,88905,0
01:00:08:608,120000592,168813802,386546,79851,0
01:00:08:808,120000574,167678449,385591,89958,0
01:00:09:008,120000461,168091910,386206,85753,0
01:00:09:208,120000577,168471407,385324,83406,0
01:00:09:408,120000490,167911157,385078,87999,0
01:00:09:608,120000571,168681854,386981,80865,0
01:00:09:808,120000569,167786352,384631,89140,0
01:00:10:008,120000568,168446477,384003,80818,0
01:00:10:208,120000566,168072490,386128,88798,0
01:00:10:408,120000574,168029721,385434,86559,0
01:00:10:608,120000577,168552813,385949,82329,0
01:00:10:808,120000560,167874876,386282,88243,0
01:00:11:008,120000563,168717773,386774,80434,0
01:00:11:208,120000562,167776961,384107,89497,0
01:00:11:408,120000577,168231800,386361,83304,0
01:00:11:608,120000562,168279127,385714,86176,0
01:00:11:808,120000571,168003075,384907,87049,0
01:00:12:008,120000462,168595995,385564,81732,0
01:00:12:208,120000568,167819720,385747,88659,0
01:00:12:408,120000453,168772055,387085,80055,0
01:00:12:608,120000580,167730389,385901,89677,0
01:00:12:808,120000459,168128661,385890,85355,0
01:00:13:008,120000570,168421898,384768,83965,0
01:00:13:208,120000572,167910202,385313,87639,0
01:00:13:408,120000561,168672078,386503,81158,0
01:00:13:608,120000573,167770735,386573,89127,0
01:00:13:808,120000536,168657900,386335,79814,0
01:00:14:008,120000572,167852822,384209,89919,0
01:00:14:208,120000558,168050924,385588,86240,0
01:00:14:408,120000576,168522716,385004,83082,0
01:00:14:608,120000577,167871497,386470,88213,0
01:00:14:808,120000577,168716189,386457,80622,0
01:00:15:008,120000571,167757455,384065,89360,0
01:00:15:208,120000583,168355335,384754,82374,0
01:00:15:408,120000525,168167251,386114,87137,0
01:00:15:608,120000574,168014638,386152,86751,0
01:00:15:808,120000555,168594634,384813,82018,0
01:00:16:008,120000570,167844749,384965,88581,0
01:00:16:208,120000552,168795536,385156,80144,0
01:00:16:408,120000561,167705005,386099,89517,0
01:00:16:608,120000578,168205087,385126,83993,0
01:00:16:808,120000574,168333387,385874,85297,0
01:00:17:008,120000575,167978163,383987,87459,0
01:00:17:208,120000579,168635719,386366,81336,0
01:00:17:408,120000578,167811074,386612,89001,0
01:00:17:608,120000583,168799602,386289,79834,0
01:00:17:808,120000565,167679645,385519,89789,0
01:00:18:008,120000577,168095809,384993,85722,0
01:00:18:208,120000577,168459345,385354,83458,0
01:00:18:408,120000560,167943099,385733,87643,0
01:00:18:608,120000562,168678249,385578,81041,0
01:00:18:808,120000486,167787282,384699,89115,0
01:00:19:008,120000576,168481395,386071,79768,0
01:00:19:208,120000479,168042199,385855,89819,0
01:00:19:408,120000568,168029944,386663,86549,0
01:00:19:608,120000458,168501923,386325,82475,0
01:00:19:808,120000576,167869119,384454,88369,0
01:00:20:008,120000451,168746110,387264,80516,0
01:00:20:608,120000457,265142158,401,160,0
01:00:20:608,120000457,265142158,401,160,0
01:00:20:808,120000520,177429543,344690,82556,0
01:00:21:008,120000566,168683176,386910,80664,0
01:00:21:208,120000446,167790409,383730,89353,0
01:00:21:408,120000569,168365854,386730,81103,0
01:00:21:608,120000582,168137693,384572,88559,0
01:00:21:808,120000606,168024248,384761,86938,0
01:00:22:008,120000583,168551612,385620,82085,0
01:00:22:208,120000553,167845944,385797,88544,0
01:00:22:408,120000603,168749178,386678,80350,0
01:00:22:608,120000561,167761608,383544,89453,0
01:00:22:808,120000561,168196534,385652,84241,0
01:00:23:008,120000571,168335856,385309,85324,0
01:00:23:208,120000574,167944775,386458,87271,0
01:00:23:408,120000468,168611759,386605,81622,0
01:00:23:608,120000573,167814971,384617,88863,0
01:00:23:808,120000569,168805752,386123,79943,0
01:00:24:008,120000581,167701611,385789,89828,0
01:00:24:208,120000560,168149269,385549,85277,0
01:00:24:408,120000583,168418222,386380,84062,0
01:00:24:608,120000463,167879599,386858,87804,0
01:00:24:808,120000567,168686487,384968,81086,0
01:00:25:008,120000461,167775266,385963,89250,0
01:00:25:208,120000577,168476924,385947,79794,0
01:00:25:408,120000576,168021993,385990,89780,0
01:00:25:608,120000577,168043679,385258,86501,0
01:00:25:808,120000581,168559007,384905,82762,0
01:00:26:008,120000564,167851793,385500,88372,0
01:00:26:208,120000576,168722361,386181,80486,0
01:00:26:408,120000563,167757145,384626,89412,0
01:00:26:608,120000566,168331221,386019,82372,0
01:00:26:808,120000583,168182697,386148,87253,0
01:00:27:008,120000575,168005986,384616,87106,0
01:00:27:208,120000567,168612500,385818,81838,0
01:00:27:408,120000573,167837962,385548,88696,0
01:00:27:608,120000457,168750979,386870,80069,0
01:00:27:808,120000579,167735367,383579,89737,0
01:00:28:008,120000452,168151787,386361,84772,0
01:00:28:208,120000567,168369511,386575,84641,0
01:00:28:408,120000437,167972773,384287,87679,0
01:00:28:608,120000563,168643899,385617,81344,0
01:00:28:808,120000572,167790809,384899,89010,0
01:00:29:008,120000563,168825624,386667,79827,0
01:00:29:208,120000582,167686123,385731,89972,0
01:00:29:408,120000580,168066046,385704,86189,0
01:00:29:608,120000576,168452423,387495,82965,0
01:00:29:808,120000560,167887764,384372,88108,0
01:00:30:008,120000579,168741581,385057,80808,0
01:00:30:208,120000567,167713126,387064,89273,0
01:00:30:408,120000578,168409460,385199,81132,0
01:00:30:608,120000552,168141949,385446,88490,0
01:00:30:808,120000582,168007749,384945,86694,0
01:00:31:008,120000553,168560180,385969,82455,0
01:00:31:208,120000576,167838202,385866,88411,0
01:00:31:408,120000455,168768225,385871,80405,0
01:00:31:608,120000576,167708915,386290,89617,0
01:00:31:808,120000434,168267004,384580,83811,0
01:00:32:008,120000585,168272054,386334,85765,0
01:00:32:208,120000575,167956777,386620,87312,0
01:00:32:408,120000571,168613060,386365,81656,0
01:00:32:608,120000571,167808291,386360,88944,0
01:00:32:808,120000577,168807246,385676,80032,0
01:00:33:008,120000577,167691012,385251,89854,0
01:00:33:208,120000578,168119541,385139,85249,0
01:00:33:408,120000579,168422418,384922,84014,0
01:00:33:608,120000577,167935675,385865,87811,0
01:00:33:808,120000573,168674361,385483,81017,0
01:00:34:008,120000556,167808441,384795,89225,0
01:00:34:208,120000535,168489556,386116,79746,0
01:00:34:408,120000460,168003387,386206,89794,0
01:00:34:608,120000576,168044169,385979,86361,0
01:00:34:808,120000459,168503987,385152,82682,0
01:00:35:008,120000566,167911832,385797,88243,0
01:00:35:208,120000449,168692309,387734,80653,0
01:00:35:408,120000555,167760232,384465,89486,0
01:00:36:008,120000457,265133829,403,152,0
01:00:36:008,120000457,265133829,403,152,0
01:00:36:208,120000610,193706748,282934,64022,0
01:00:36:408,120000468,167769908,385642,89414,0
01:00:36:608,120000565,168398169,386733,81113,0
01:00:36:808,120000445,168108358,386694,88394,0
01:00:37:008,120000577,168006193,385283,87001,0
01:00:37:208,120000599,168582906,385179,82107,0
01:00:37:408,120000545,167858521,385451,88476,0
01:00:37:608,120000570,168719421,387008,80327,0
01:00:37:808,120000587,167765228,385009,89616,0
01:00:38:008,120000563,168186342,386105,84117,0
01:00:38:208,120000565,168346406,384757,85295,0
01:00:38:408,120000578,167990172,385286,87231,0
01:00:38:608,120000566,168602495,386465,81613,0
01:00:38:808,120000575,167795279,385194,88940,0
01:00:39:008,120000455,168788911,387497,79993,0
01:00:39:208,120000571,167736703,383261,89762,0
01:00:39:408,120000477,168114743,385321,85810,0
01:00:39:608,120000575,168416719,386856,83436,0
01:00:39:808,120000451,167899236,385445,87819,0
01:00:40:008,120000559,168713950,385649,80935,0
01:00:40:208,120000449,167746280,385998,89113,0
01:00:40:408,120000572,168494370,385300,79763,0
01:00:40:608,120000574,168014219,385937,89800,0
01:00:40:808,120000568,168033582,386519,86342,0
01:00:41:008,120000582,168546593,385439,82599,0
01:00:41:208,120000566,167857647,385563,88270,0
01:00:41:408,120000576,168768073,385182,80441,0
01:00:41:608,120000572,167714135,386247,89458,0
01:00:41:808,120000570,168320318,384637,83059,0
01:00:42:008,120000561,168210112,386434,86470,0
01:00:42:208,120000577,167990725,385983,87173,0
01:00:42:408,120000563,168615942,384842,81834,0
01:00:42:608,120000568,167822048,385723,88750,0
01:00:42:808,120000581,168806551,386391,80062,0
01:00:43:008,120000575,167685155,385874,89718,0
01:00:43:208,120000460,168161516,385310,84648,0
01:00:43:408,120000576,168380930,385465,84605,0
01:00:43:608,120000448,167952072,385054,87717,0
01:00:43:808,120000563,168648053,386439,81177,0
01:00:44:008,120000569,167817995,384793,89103,0
01:00:44:208,120000570,168802183,386619,79788,0
01:00:44:408,120000572,167687926,384455,90004,0
01:00:44:608,120000578,168057552,385263,86146,0
01:00:44:808,120000577,168468704,386741,83030,0
01:00:45:008,120000464,167909986,385331,87996,0
01:00:45:208,120000579,168705440,385716,80854,0
01:00:45:408,120000459,167767451,384578,89188,0
01:00:45:608,120000573,168376803,386606,81190,0
01:00:45:808,120000574,168158105,385263,88451,0
01:00:46:008,120000566,168007784,386318,86504,0
01:00:46:208,120000544,168535168,385659,82336,0
01:00:46:408,120000568,167860254,385159,88355,0
01:00:46:608,120000485,168758759,387168,80399,0
01:00:46:808,120000571,167718027,384981,89522,0
01:00:47:008,120000460,168234536,386052,84211,0
01:00:47:208,120000565,168332706,385375,85411,0
01:00:47:408,120000576,167937153,386289,87186,0
01:00:47:608,120000574,168628834,385841,81546,0
01:00:47:808,120000569,167815680,385216,88863,0
01:00:48:008,120000577,168800011,386455,79953,0
01:00:48:208,120000565,167708945,383517,89724,0
01:00:48:408,120000560,168127300,385138,85269,0
01:00:48:608,120000573,168456624,385500,83967,0
01:00:48:808,120000571,167894447,386430,87759,0
01:00:49:008,120000574,168683127,385384,80991,0
01:00:49:208,120000555,167780926,385738,89246,0
01:00:49:408,120000574,168493933,385093,79789,0
01:00:49:608,120000524,168017361,386560,89772,0
01:00:49:808,120000569,168047458,386274,86293,0
01:00:50:008,120000560,168554110,384065,82699,0
01:00:50:208,120000574,167860139,387261,88295,0
01:00:50:408,120000451,168695492,387015,80509,0
01:00:50:608,120000569,167778387,384777,89436,0
01:00:50:808,120000581,168289649,386717,82395,0
01:00:51:408,120000448,265134141,403,154,0
01:00:51:408,120000448,265134141,403,154,0
01:00:51:608,120000496,209539712,218167,53819,0
01:00:51:808,120000584,168409475,384655,81272,0
01:00:52:008,120000447,168092445,387732,88442,0
01:00:52:208,120000571,168022515,386608,86710,0
01:00:52:408,120000579,168560406,386394,82367,0
01:00:52:608,120000604,167851486,384819,88453,0
01:00:52:808,120000566,168765479,386077,80432,0
01:00:53:008,120000560,167711681,385966,89581,0
01:00:53:208,120000608,168251828,385656,83381,0
01:00:53:408,120000572,168241388,388080,86263,0
01:00:53:608,120000566,167987743,383825,87312,0
01:00:53:808,120000574,168617121,386558,81603,0
01:00:54:008,120000574,167823147,386609,88785,0
01:00:54:208,120000564,168778877,386892,79968,0
01:00:54:408,120000577,167695962,385534,89764,0
01:00:54:608,120000536,168108376,386431,85336,0
01:00:54:808,120000573,168401311,387979,83989,0
01:00:55:008,120000562,167953834,384577,87650,0
01:00:55:208,120000568,168672645,385270,81245,0
01:00:55:408,120000443,167758860,386247,89040,0
01:00:55:608,120000537,168596657,385958,79913,0
01:00:55:808,120000566,167930108,386282,89796,0
01:00:56:008,120000556,168056105,385438,86239,0
01:00:56:208,120000570,168483533,385776,82904,0
01:00:56:408,120000572,167869675,384652,88253,0
01:00:56:608,120000575,168751205,385676,80682,0
01:00:56:808,120000577,167717755,387489,89347,0
01:00:57:008,120000577,168351775,383765,82396,0
01:00:57:208,120000464,168211781,386161,87124,0
01:00:57:408,120000580,167974991,386466,86877,0
01:00:57:608,120000569,168581534,386019,82113,0
01:00:57:808,120000574,167830070,386732,88558,0
01:00:58:008,120000529,168784479,384845,80254,0
01:00:58:208,120000571,167703748,386617,89619,0
01:00:58:408,120000459,168232879,384777,84062,0
01:00:58:608,120000572,168318504,385412,85362,0
01:00:58:808,120000473,167941628,386858,87492,0
01:00:59:008,120000576,168634579,386032,81385,0
01:00:59:208,120001055,167807016,384507,89011,0
01:00:59:408,120000577,168817356,386949,79794,0
01:00:59:608,120000579,167695576,383896,89904,0
01:00:59:808,120000578,168083659,386606,85715,0
01:01:00:008,120000577,168472161,383422,83413,0
01:01:00:208,120000579,167922316,386075,88004,0
01:01:00:408,120000575,168674812,386718,80935,0
01:01:00:608,120000582,167798672,384466,89322,0
01:01:00:808,120000568,168447887,386204,80276,0
01:01:01:008,120000555,168027381,386218,89465,0
01:01:01:208,120000572,168024700,386820,86732,0
01:01:01:409,120000474,168520269,385270,82517,0
01:01:01:609,120000565,167883486,385753,88320,0
01:01:01:809,120000452,168723715,387413,80479,0
01:01:02:009,120000570,167747406,384731,89443,0
01:01:02:209,120000547,168243240,386122,83495,0
01:01:02:409,120000572,168298403,384576,86185,0
01:01:02:609,120000451,167964968,386727,87106,0
01:01:02:809,120000569,168589713,386173,81842,0
01:01:03:009,120000561,167813264,385904,88817,0
01:01:03:209,120000573,168792812,387140,80046,0
01:01:03:409,120000584,167699583,384680,89757,0
01:01:03:609,120000559,168190052,385482,84929,0
01:01:03:809,120000573,168390633,386176,84473,0
01:01:04:009,120000579,167880663,387157,87611,0
01:01:04:209,120000577,168654247,386845,81252,0
01:01:04:409,120000567,167788251,385458,89154,0
01:01:04:609,120000542,168711748,385870,79827,0
01:01:04:809,120000579,167798384,384994,89933,0
01:01:05:009,120000579,168068318,385826,86163,0
01:01:05:209,120000547,168519536,385364,83070,0
01:01:05:409,120000579,167857753,385942,88241,0
01:01:05:609,120000450,168695034,386510,80662,0
01:01:05:809,120000576,167779248,384269,89439,0
01:01:06:009,120000450,168393213,385120,81515,0
01:01:06:209,120000579,168117965,386293,88132,0
01:01:06:809,120000460,265133640,403,154,0
01:01:06:809,120000460,265133640,403,154,0
01:01:07:009,120000612,226113314,152707,33953,0
01:01:07:209,120000546,168066210,384840,89946,0
01:01:07:409,120000564,168015654,386414,86498,0
01:01:07:609,120000446,168503838,387038,82743,0
01:01:07:809,120000569,167856189,385312,88347,0
01:01:08:009,120000601,168769202,384671,80480,0
01:01:08:209,120000570,167726577,385258,89380,0
01:01:08:409,120000572,168272162,386497,83361,0
01:01:08:609,120000484,168258812,386453,86109,0
01:01:08:809,120000574,167959342,386558,87070,0
01:01:09:009,120000578,168609536,385816,81719,0
01:01:09:209,120000577,167829555,385725,88615,0
01:01:09:409,120000491,168787753,386468,80031,0
01:01:09:609,120000573,167692378,386092,89759,0
01:01:09:809,120000469,168154992,386093,84673,0
01:01:10:009,120000578,168374957,385814,84678,0
01:01:10:209,120000554,167942290,385372,87704,0
01:01:10:409,120000574,168659261,385434,81238,0
01:01:10:609,120000488,167798309,384856,89127,0
01:01:10:809,120000578,168759122,387735,79780,0
01:01:11:009,120000483,167737212,384496,89838,0
01:01:11:209,120000567,168067116,385939,86129,0
01:01:11:409,120000570,168489494,384751,83057,0
01:01:11:609,120000574,167925397,385405,88101,0
01:01:11:809,120000564,168674406,387183,80720,0
01:01:12:009,120000557,167777176,384867,89314,0
01:01:12:209,120000578,168370124,385505,81140,0
01:01:12:409,120000564,168138501,385222,88485,0
01:01:12:609,120000578,168030432,386257,86813,0
01:01:12:809,120000530,168519393,386627,82078,0
01:01:13:009,120000575,167853115,385872,88504,0
01:01:13:209,120000545,168742431,387209,80401,0
01:01:13:409,120000577,167743978,384554,89513,0
01:01:13:609,120000562,168211253,385667,84225,0
01:01:13:809,120000577,168337472,385649,85392,0
01:01:14:009,120000454,167928338,386634,87205,0
01:01:14:209,120000571,168622182,386026,81615,0
01:01:14:409,120000460,167803712,386678,88903,0
01:01:14:609,120000577,168805270,386273,79968,0
01:01:14:809,120000576,167690815,384926,89862,0
01:01:15:009,120000561,168126047,386434,85360,0
01:01:15:209,120000559,168454578,384895,84036,0
01:01:15:409,120000580,167881290,386444,87711,0
01:01:15:609,120000578,168683568,384668,81014,0
01:01:15:809,120000578,167779904,386627,89132,0
01:01:16:009,120000571,168485148,385915,79806,0
01:01:16:209,120000583,168030703,385392,89811,0
01:01:16:409,120000577,168037924,385883,86447,0
01:01:16:609,120000560,168568642,383821,82692,0
01:01:16:809,120000578,167846399,386042,88287,0
01:01:17:009,120000467,168698507,387306,80511,0
01:01:17:209,120000565,167770711,385081,89385,0
01:01:17:409,120000454,168323341,386199,82334,0
01:01:17:609,120000576,168196617,385681,87256,0
01:01:17:809,120000461,167995900,385520,87069,0
01:01:18:009,120000563,168610473,385817,81784,0
01:01:18:209,120000576,167848028,385180,88558,0
01:01:18:409,120000577,168742402,387340,80046,0
01:01:18:609,120000573,167755135,383728,89585,0
01:01:18:809,120000570,168134179,387046,84778,0
01:01:19:009,120000574,168366366,386477,84627,0
01:01:19:209,120000569,167973428,385129,87409,0
01:01:19:409,120000578,168656961,386793,81311,0
01:01:19:609,120000469,167772233,385540,88839,0
01:01:19:809,120000576,168845830,385851,79701,0
01:01:20:009,120000551,167697837,385022,89779,0
01:01:20:209,120000570,168083901,385140,86179,0
01:01:20:409,120000562,168461323,385739,82944,0
01:01:20:609,120000572,167890943,384885,87942,0
01:01:20:809,120000477,168746808,385573,80781,0
01:01:21:009,120000576,167723392,386678,89212,0
01:01:21:209,120000445,168404793,385239,81185,0
01:01:21:409,120000569,168148132,385477,88420,0
01:01:21:609,120000579,167993324,386194,86631,0
01:01:22:209,120000463,265133817,403,166,0
01:01:22:209,120000463,265133817,403,166,0
01:01:22:409,120000511,241751947,89893,24649,0
01:01:22:609,120000574,168044617,385745,86663,0
01:01:22:809,120000457,168493782,387364,82310,0
01:01:23:009,120000571,167857502,385409,88447,0
01:01:23:209,120000573,168741690,387772,80552,0
01:01:23:409,120000600,167736115,384398,89428,0
01:01:23:609,120000571,168275380,385988,83358,0
01:01:23:809,120000574,168295027,385614,86168,0
01:01:24:009,120000580,167931091,386390,86990,0
01:01:24:409,120000571,167828189,385669,88655,0
01:01:24:609,120000579,168803019,385828,80043,0
01:01:24:809,120000573,167698551,384832,89792,0
01:01:25:009,120000560,168186062,385186,84826,0
01:01:25:209,120000576,168391412,385040,84695,0
01:01:25:409,120000552,167895142,386936,87659,0
01:01:25:609,120000581,168669374,384867,81156,0
01:01:25:809,120000536,167786160,386463,89146,0
01:01:26:009,120000526,168717667,385789,79829,0
01:01:26:209,120000450,167790226,385188,89891,0
01:01:26:409,120000576,168065226,385698,86125,0
01:01:26:609,120000572,168533735,384140,83084,0
01:01:26:809,120000582,167864765,387097,88086,0
01:01:27:009,120000578,168696540,386848,80607,0
01:01:27:209,120000567,167787261,384743,89259,0
01:01:27:409,120000578,168406348,385205,81420,0
01:01:27:609,120000576,168117360,386995,87991,0
01:01:27:809,120000572,168010512,385303,86908,0
01:01:28:009,120000562,168571429,387092,82014,0
01:01:28:209,120000577,167867212,385495,88367,0
01:01:28:409,120000468,168724821,386521,80190,0
01:01:28:609,120000573,167779571,384186,89482,0
01:01:28:809,120000539,168173914,386734,84098,0
01:01:29:009,120000575,168328965,386245,85259,0
01:01:29:209,120000545,167990857,384488,87191,0
01:01:29:409,120000560,168631542,385863,81453,0
01:01:29:609,120000446,167784620,385134,88868,0
01:01:29:809,120000563,168814098,385627,79930,0
01:01:30:009,120000574,167708025,385953,89768,0
01:01:30:209,120000568,168108696,384352,85822,0
01:01:30:409,120000574,168440439,385999,83475,0
01:01:30:609,120000575,167890545,385706,87761,0
01:01:30:809,120000570,168714854,386095,81014,0
01:01:31:009,120000571,167730464,387030,89013,0
01:01:31:209,120000573,168492724,385320,79720,0
01:01:31:409,120000463,168056247,384957,89738,0
01:01:31:609,120000580,168026072,385754,86439,0
01:01:31:809,120000577,168542621,385758,82696,0
01:01:32:009,120000570,167833958,387681,88394,0
01:01:32:209,120000551,168759919,385381,80575,0
01:01:32:409,120000578,167724354,385165,89476,0
01:01:32:609,120000460,168304325,384617,83388,0
01:01:32:809,120000573,168218520,385818,86236,0
01:01:33:009,120000456,167976582,386461,87213,0
01:01:33:209,120000576,168610228,385766,81700,0
01:01:33:409,120000566,167829734,384778,88722,0
01:01:33:609,120000582,168809414,385923,80063,0
01:01:33:809,120000576,167677226,386830,89783,0
01:01:34:009,120000578,168144190,385656,84739,0
01:01:34:209,120000573,168383428,385631,84596,0
01:01:34:409,120000582,167948876,386010,87623,0
01:01:34:609,120000571,168652763,385118,81272,0
01:01:34:809,120000552,167805057,386227,88963,0
01:01:35:009,120000575,168799054,387409,79773,0
01:01:35:209,120000578,167679862,385871,89952,0
01:01:35:409,120000578,168064302,386134,86170,0
01:01:35:609,120000544,168478622,385467,83085,0
01:01:35:809,120000573,167912220,385413,87954,0
01:01:36:009,120000478,168691345,387112,80784,0
01:01:36:209,120000576,167759915,385675,89183,0
01:01:36:409,120000458,168382321,386242,81124,0
01:01:36:609,120000576,168174768,384414,88462,0
01:01:36:809,120000453,167998980,386201,86557,0
01:01:37:009,120000571,168531334,387233,82373,0
01:01:37:209,120000576,167856727,385431,88442,0
01:01:37:609,120000527,262717732,10371,1597,0
01:01:37:809,120000598,257855971,26030,11470,0
01:01:38:009,120000480,168543476,384408,82695,0
01:01:38:209,120000571,167864725,386632,88453,0
01:01:38:409,120000571,168685548,387678,80567,0
01:01:38:609,120000580,167775031,385010,89560,0
01:01:38:809,120000578,168284164,386139,82441,0
01:01:39:009,120000606,168221025,385358,87300,0
01:01:39:209,120000575,168013469,385278,87235,0
01:01:39:409,120000464,168559165,386302,81816,0
01:01:39:609,120000614,167836167,385935,88632,0
01:01:39:809,120000584,168742565,387624,80206,0
01:01:40:009,120000576,167748524,384175,89616,0
01:01:40:209,120000574,168156760,385555,84744,0
01:01:40:409,120000579,168371298,385811,84695,0
01:01:40:609,120000453,167936883,385166,87501,0
01:01:40:809,120000582,168639092,387342,81382,0
01:01:41:009,120000525,167786270,385655,88865,0
01:01:41:209,120000576,168812020,387001,79790,0
01:01:41:409,120000472,167695193,384044,89935,0
01:01:41:609,120000568,168115122,385649,85707,0
01:01:41:809,120000448,168473864,385170,83388,0
01:01:42:009,120000577,167881444,386496,87951,0
01:01:42:209,120000581,168730275,384869,80761,0
01:01:42:409,120000571,167746739,386729,89225,0
01:01:42:609,120000566,168413729,384682,81125,0
01:01:42:809,120000585,168104290,386817,88326,0
01:01:43:009,120000573,168039118,384793,86613,0
01:01:43:209,120000575,168563713,386064,82336,0
01:01:43:409,120000571,167845367,385650,88429,0
01:01:43:609,120000567,168761583,386203,80389,0
01:01:43:809,120000567,167714814,386393,89527,0
01:01:44:009,120000462,168274860,384554,83283,0
01:01:44:209,120000569,168263536,387061,86093,0
01:01:44:409,120000560,167972488,385768,87166,0
01:01:44:609,120000574,168630389,386131,81566,0
01:01:44:809,120000451,167822045,386269,88791,0
01:01:45:009,120000553,168802680,385291,80010,0
01:01:45:209,120000511,167687254,385495,89794,0
01:01:45:409,120000564,168109764,386922,85317,0
01:01:45:609,120000574,168417115,386430,84030,0
01:01:45:809,120000559,167952458,385282,87674,0
01:01:46:009,120000565,168662252,385474,81171,0
01:01:46:209,120000449,167781040,385442,89135,0
01:01:46:409,120000582,168549648,386341,79887,0
01:01:46:609,120000577,167969726,385688,89813,0
01:01:46:809,120000581,168041063,386637,86312,0
01:01:47:009,120000561,168468589,387224,82778,0
01:01:47:209,120000568,167876755,384320,88255,0
01:01:47:409,120000555,168744784,385249,80712,0
01:01:47:609,120000571,167730889,385023,89455,0
01:01:47:809,120000537,168324457,386031,82376,0
01:01:48:009,120000571,168224385,385902,87176,0
01:01:48:209,120000445,167970178,385725,86907,0
01:01:48:409,120000563,168589143,385377,82109,0
01:01:48:609,120000448,167836942,385975,88463,0
01:01:48:809,120000566,168775554,386228,80231,0
01:01:49:009,120000568,167711541,385260,89620,0
01:01:49:209,120000564,168245255,384145,84043,0
01:01:49:409,120000581,168319933,386180,85266,0
01:01:49:609,120000566,167948937,385120,87426,0
01:01:49:809,120000573,168631238,386963,81359,0
01:01:50:009,120000564,167817649,383676,88977,0
01:01:50:209,120000574,168821777,386903,79743,0
01:01:50:409,120000577,167678355,385745,89876,0
01:01:50:609,120000577,168090852,386142,85752,0
01:01:50:809,120000463,168451291,386924,83514,0
01:01:51:009,120000565,167914713,384798,88025,0
01:01:51:209,120000481,168675929,386836,80900,0
01:01:51:409,120000579,167791362,384002,89246,0
01:01:51:609,120000519,168447165,384863,80743,0
01:01:51:809,120000573,168048964,387862,88855,0
01:01:52:009,120000511,168040567,384404,86554,0
01:01:52:209,120000578,168543938,386385,82245,0
01:01:52:409,120000577,167891109,385055,88366,0
01:01:52:609,120000578,168708930,386707,80465,0
01:01:53:209,120000444,265133544,403,155,0
01:01:53:209,120000444,265133544,403,155,0
01:01:53:409,120000617,177189848,346638,82762,0
01:01:53:609,120000461,168725254,385596,80739,0
01:01:53:809,120000581,167739884,385577,89343,0
01:01:54:009,120000576,168345660,385914,82498,0
01:01:54:209,120000574,168159285,386436,87207,0
01:01:54:409,120000599,168021152,384240,86931,0
01:01:54:609,120000568,168587417,385818,82055,0
01:01:54:809,120000578,167829025,386785,88563,0
01:01:55:009,120000588,168760123,387366,80261,0
01:01:55:209,120000566,167719746,384955,89704,0
01:01:55:409,120000566,168199887,385279,84077,0
01:01:55:609,120000585,168327848,386454,85342,0
01:01:55:809,120000556,167977239,385228,87339,0
01:01:56:009,120000574,168640272,386137,81373,0
01:01:56:209,120000562,167813198,385566,88813,0
01:01:56:409,120000557,168819023,384764,79952,0
01:01:56:609,120000452,167694440,385680,89817,0
01:01:56:809,120000576,168087106,385026,85739,0
01:01:57:009,120000450,168451468,386254,83433,0
01:01:57:209,120000549,167934297,385522,87680,0
01:01:57:409,120000575,168685940,386073,80975,0
01:01:57:609,120000567,167772138,384694,89171,0
01:01:57:809,120000580,168470608,386704,79733,0
01:01:58:009,120000573,168065272,385443,89829,0
01:01:58:209,120000576,168031865,386010,86262,0
01:01:58:409,120000579,168510424,385336,82628,0
01:01:58:609,120000581,167870301,384370,88332,0
01:01:58:809,120000566,168739567,387568,80536,0
01:01:59:009,120000575,167725400,385228,89452,0
01:01:59:209,120000573,168290126,383812,83386,0
01:01:59:409,120000571,168277619,386105,86237,0
01:01:59:609,120000558,167954428,385802,87087,0
01:01:59:809,120000567,168592402,386939,81836,0
01:02:00:009,120000504,167822775,384904,88796,0
01:02:00:209,120000578,168793281,386257,80056,0
01:02:00:409,120000441,167702997,384209,89762,0
01:02:00:609,120000571,168177392,384775,84802,0
01:02:00:809,120000574,168376622,386439,84715,0
01:02:01:009,120000579,167930101,385751,87555,0
01:02:01:209,120000572,168664699,385636,81110,0
01:02:01:409,120000566,167800107,383722,89071,0
01:02:01:609,120000571,168745332,386447,79776,0
01:02:01:809,120000576,167745339,387833,89930,0
01:02:02:009,120000572,168083694,384331,86055,0
01:02:02:209,120000448,168501594,385274,83019,0
01:02:02:409,120000571,167904508,384924,88098,0
01:02:02:609,120000574,168686367,387023,80648,0
01:02:02:809,120000565,167782636,385746,89292,0
01:02:03:009,120000502,168397655,384530,81139,0
01:02:03:209,120000568,168109645,387161,88542,0
01:02:03:409,120000456,168016124,385047,86969,0
01:02:03:609,120000568,168550402,386518,82131,0
01:02:03:809,120000454,167851633,386278,88382,0
01:02:04:009,120000572,168738422,386762,80349,0
01:02:04:209,120000580,167768747,383836,89558,0
01:02:04:409,120000577,168189601,385989,84143,0
01:02:04:609,120000577,168329642,385862,85425,0
01:02:04:809,120000561,167938467,386623,87291,0
01:02:05:009,120000573,168615207,386239,81630,0
01:02:05:209,120000571,167793139,386600,88866,0
01:02:05:409,120000572,168808199,385539,79983,0
01:02:05:609,120000471,167699352,384315,89799,0
01:02:05:809,120000567,168154818,384934,85307,0
01:02:06:009,120000567,168409085,385944,83924,0
01:02:06:209,120000569,167891779,387987,87764,0
01:02:06:409,120000475,168683320,385075,81020,0
01:02:06:609,120000572,167782699,385657,89054,0
01:02:06:809,120000541,168476696,386253,79900,0
01:02:07:009,120000582,168023022,385575,89765,0
01:02:07:209,120000458,168042398,386440,86412,0
01:02:07:409,120000546,168563717,384604,82681,0
01:02:07:609,120000570,167850336,386418,88306,0
01:02:07:809,120000563,168723831,386671,80520,0
01:02:08:009,120000574,167743694,385594,89438,0
01:02:08:609,120000457,265134169,403,148,0
01:02:08:609,120000457,265134169,403,148,0
01:02:08:809,120000494,193546487,281954,64165,0
01:02:09:009,120000593,167723817,385674,89401,0
01:02:09:209,120000573,168327731,385416,82389,0
01:02:09:409,120000577,168191614,386593,87185,0
01:02:09:609,120000572,167986757,386094,86864,0
01:02:09:809,120000600,168594465,385314,82085,0
01:02:10:009,120000577,167842850,386157,88550,0
01:02:10:209,120000574,168779840,386412,80214,0
01:02:10:409,120000592,167698427,386052,89669,0
01:02:10:609,120000455,168203738,385980,84106,0
01:02:10:809,120000574,168339677,384562,85296,0
01:02:11:009,120000569,167970612,385220,87405,0
01:02:11:209,120000573,168633385,386692,81376,0
01:02:11:409,120000475,167814700,384619,88916,0
01:02:11:609,120000576,168814725,385905,79793,0
01:02:11:809,120000457,167690292,384642,89798,0
01:02:12:009,120000572,168096539,386467,85642,0
01:02:12:209,120000442,168446046,385939,83359,0
01:02:12:409,120000573,167947185,385075,88046,0
01:02:12:609,120000569,168666670,386972,80867,0
01:02:12:809,120000562,167809256,384416,89128,0
01:02:13:009,120000574,168471394,385943,79963,0
01:02:13:209,120000578,168028141,386584,89543,0
01:02:13:409,120000566,168038951,385047,86660,0
01:02:13:609,120000572,168517260,386002,82336,0
01:02:13:809,120000575,167872752,385897,88303,0
01:02:14:009,120000579,168730605,387103,80464,0
01:02:14:209,120000571,167738193,385651,89484,0
01:02:14:409,120000581,168258815,385326,83338,0
01:02:14:609,120000571,168291993,385331,86156,0
01:02:14:809,120000465,167945559,386867,87033,0
01:02:15:009,120000574,168598639,386296,81823,0
01:02:15:209,120000512,167810389,387132,88730,0
01:02:15:409,120000578,168804960,385510,80056,0
01:02:15:609,120000443,167709605,384649,89675,0
01:02:15:809,120000557,168194483,385611,84929,0
01:02:16:009,120001139,168390617,386066,84550,0
01:02:16:209,120000570,167884024,387495,87671,0
01:02:16:409,120000577,168662111,385194,81184,0
01:02:16:609,120000576,167802566,385553,89111,0
01:02:16:809,120000582,168711753,385997,79783,0
01:02:17:009,120000569,167792257,385692,89871,0
01:02:17:209,120000574,168051067,385864,86226,0
01:02:17:409,120000566,168518333,384931,83104,0
01:02:17:609,120000580,167862679,386165,88127,0
01:02:17:809,120000560,168702678,386710,80588,0
01:02:18:009,120000568,167778226,385022,89230,0
01:02:18:209,120000549,168388113,386533,81541,0
01:02:18:409,120000576,168111649,386700,88006,0
01:02:18:609,120000574,168005490,385944,86794,0
01:02:18:809,120000575,168583641,385784,82157,0
01:02:19:009,120000453,167855761,385268,88546,0
01:02:19:209,120000573,168710445,387347,80271,0
01:02:19:409,120000465,167763498,385130,89539,0
01:02:19:609,120000571,168164133,386907,84154,0
01:02:19:809,120000570,168340197,384352,85376,0
01:02:20:009,120000556,167982203,385782,87257,0
01:02:20:209,120000582,168617383,385458,81551,0
01:02:20:409,120000560,167778370,386354,88858,0
01:02:20:609,120000573,168801835,386891,79902,0
01:02:20:809,120000462,167720808,383468,89935,0
01:02:21:009,120000569,168109374,386597,85848,0
01:02:21:209,120000571,168424900,385773,83539,0
01:02:21:409,120000573,167893816,386128,87783,0
01:02:21:609,120000558,168701872,385727,81082,0
01:02:21:809,120000572,167739763,386532,89222,0
01:02:22:009,120000486,168484830,385849,79811,0
01:02:22:209,120000574,168039967,384435,89769,0
01:02:22:409,120000450,168047037,385680,86320,0
01:02:22:609,120000582,168545054,385530,82664,0
01:02:22:809,120000451,167855176,385727,88335,0
01:02:23:009,120000562,168740858,387120,80558,0
01:02:23:209,120000570,167733034,385516,89353,0
01:02:23:409,120000566,168320958,384866,83019,0
01:02:24:009,120000454,265133737,403,153,0
01:02:24:009,120000454,265133737,403,153,0
01:02:24:209,120000605,209346448,218752,53959,0
01:02:24:409,120000453,168388631,385063,81195,0
01:02:24:609,120000572,168141213,386280,88502,0
01:02:24:809,120000569,168014042,386344,86629,0
01:02:25:009,120000559,168525689,386169,82351,0
01:02:25:209,120000610,167851231,385099,88405,0
01:02:25:409,120000573,168776326,385896,80324,0
01:02:25:609,120000582,167710517,385627,89494,0
01:02:25:809,120000608,168242323,384885,84142,0
01:02:26:009,120000566,168334946,385311,85432,0
01:02:26:209,120000569,167936129,385819,87257,0
01:02:26:409,120000577,168634515,385843,81510,0
01:02:26:609,120000565,167812617,386363,88758,0
01:02:26:809,120000571,168804674,386298,79919,0
01:02:27:009,120000452,167685758,385224,89835,0
01:02:27:209,120000575,168136565,384215,85309,0
01:02:27:409,120000549,168456517,385408,84032,0
01:02:27:609,120000566,167885908,387054,87844,0
01:02:27:809,120000444,168668202,385887,81039,0
01:02:28:009,120000561,167788600,385725,89223,0
01:02:28:209,120000539,168486360,385354,79822,0
01:02:28:409,120000572,168020739,385513,89900,0
01:02:28:609,120000576,168031954,386492,86451,0
01:02:28:809,120000566,168537233,384958,82659,0
01:02:29:009,120000570,167884030,385979,88335,0
01:02:29:209,120000566,168697077,386825,80595,0
01:02:29:409,120000569,167777798,384046,89465,0
01:02:29:609,120000522,168278494,387238,82339,0
01:02:29:809,120000568,168221539,385814,87196,0
01:02:30:009,120000556,168002488,386437,87173,0
01:02:30:209,120000573,168587772,385149,81781,0
01:02:30:409,120000460,167830690,385042,88658,0
01:02:30:609,120000573,168744771,387135,80215,0
01:02:30:809,120000557,167755185,384600,89500,0
01:02:31:009,120000575,168147324,386566,84758,0
01:02:31:209,120000459,168371968,386141,84577,0
01:02:31:409,120000569,167940598,385873,87506,0
01:02:31:609,120000574,168653045,385779,81420,0
01:02:31:809,120000571,167773630,385734,89078,0
01:02:32:009,120000572,168815804,387409,79797,0
01:02:32:209,120000560,167697930,384350,89900,0
01:02:32:409,120000573,168112512,385860,85694,0
01:02:32:609,120000568,168459876,385770,83484,0
01:02:32:809,120000569,167886258,386388,87949,0
01:02:33:009,120000458,168713756,386176,80790,0
01:02:33:209,120000574,167755770,385699,89247,0
01:02:33:409,120000575,168401191,385171,81209,0
01:02:33:609,120000576,168111173,386112,88417,0
01:02:33:809,120000551,168024428,386436,86522,0
01:02:34:009,120000566,168565274,386054,82358,0
01:02:34:209,120000469,167849896,385733,88410,0
01:02:34:409,120000564,168773634,386108,80310,0
01:02:34:609,120000471,167707889,386237,89552,0
01:02:34:809,120000580,168266545,385869,83224,0
01:02:35:009,120000574,168251706,386743,86175,0
01:02:35:209,120000566,167976737,385247,87205,0
01:02:35:409,120000574,168633453,385592,81537,0
01:02:35:609,120000568,167818115,386155,88891,0
01:02:35:809,120000582,168804581,386084,79887,0
01:02:36:009,120000572,167689806,384697,89849,0
01:02:36:209,120000571,168113662,386836,85275,0
01:02:36:409,120000572,168427300,383996,84026,0
01:02:36:609,120000565,167952084,386190,87774,0
01:02:36:809,120000560,168645808,386324,81124,0
01:02:37:009,120000574,167786796,386098,89073,0
01:02:37:209,120000506,168546852,386733,79833,0
01:02:37:409,120000564,167986579,383492,89767,0
01:02:37:609,120000452,168044697,386415,86475,0
01:02:37:809,120000572,168469020,386734,82791,0
01:02:38:009,120000471,167865779,385666,88160,0
01:02:38:209,120000564,168733516,387159,80630,0
01:02:38:409,120000578,167728457,384328,89368,0
01:02:38:609,120000566,168339801,385544,82419,0
01:02:38:809,120000577,168235603,383907,87175,0
01:02:39:409,120000468,265134100,403,166,0
01:02:39:409,120000468,265134100,403,166,0
01:02:39:609,120000494,225856290,153298,35532,0
01:02:39:809,120000560,168076620,386826,88640,0
01:02:40:009,120000577,168015391,385538,86739,0
01:02:40:209,120000565,168530051,386814,82423,0
01:02:40:409,120000573,167883595,386304,88425,0
01:02:40:609,120000596,168717345,386337,80426,0
01:02:40:809,120000574,167766325,384171,89582,0
01:02:41:009,120000571,168221578,385875,83529,0
01:02:41:209,120000587,168282684,385360,86271,0
01:02:41:409,120000549,167984594,386491,87044,0
01:02:41:609,120000578,168579082,386601,81859,0
01:02:41:809,120000471,167813359,385139,88860,0
01:02:42:009,120000570,168799403,385966,80095,0
01:02:42:209,120000467,167718848,384436,89876,0
01:02:42:409,120000581,168143129,386319,85550,0
01:02:42:609,120000472,168387961,386114,84139,0
01:02:42:809,120000571,167899709,387752,87627,0
01:02:43:009,120000453,168674523,384702,81191,0
01:02:43:209,120000575,167778384,386427,89160,0
01:02:43:409,120000569,168676369,386306,79924,0
01:02:43:609,120000573,167812141,385930,89877,0
01:02:43:809,120000572,168055228,386639,86151,0
01:02:44:009,120000581,168520345,385296,83147,0
01:02:44:209,120000578,167846766,387362,88177,0
01:02:44:409,120000568,168713895,384798,80699,0
01:02:44:609,120000574,167772549,385049,89375,0
01:02:44:809,120000578,168362343,385219,82227,0
01:02:45:009,120000577,168148032,385933,87429,0
01:02:45:209,120000569,168001690,385779,86956,0
01:02:45:409,120000573,168604560,384506,82211,0
01:02:45:609,120000548,167839362,384848,88534,0
01:02:45:809,120000575,168743167,386834,80199,0
01:02:46:009,120000479,167731669,385399,89612,0
01:02:46:209,120000573,168186703,386610,84062,0
01:02:46:409,120000435,168331243,385364,85349,0
01:02:46:609,120000560,167986680,385363,87513,0
01:02:46:809,120000577,168628056,386252,81470,0
01:02:47:009,120000561,167787310,385739,88869,0
01:02:47:209,120000571,168802560,386848,79954,0
01:02:47:409,120000551,167720783,384254,89802,0
01:02:47:609,120000574,168078858,386846,85874,0
01:02:47:809,120000573,168435193,386137,83636,0
01:02:48:009,120000574,167901829,385737,87900,0
01:02:48:209,120000571,168724622,385338,81060,0
01:02:48:409,120000582,167739681,385480,89215,0
01:02:48:609,120000566,168484892,385858,79848,0
01:02:48:809,120000568,168056543,384634,89847,0
01:02:49:009,120000471,168020898,386144,86385,0
01:02:49:209,120000573,168525530,386402,82734,0
01:02:49:409,120000478,167862514,385954,88253,0
01:02:49:609,120000578,168774755,384574,80582,0
01:02:49:809,120000452,167711993,385991,89431,0
01:02:50:009,120000572,168283598,385554,83424,0
01:02:50:209,120000461,168244534,385600,86210,0
01:02:50:409,120000571,167975245,386842,87105,0
01:02:50:609,120000579,168615215,385359,81782,0
01:02:50:809,120000578,167818758,385626,88765,0
01:02:51:009,120000565,168785960,386675,80030,0
01:02:51:209,120000572,167703007,385581,89644,0
01:02:51:409,120000570,168160151,385237,84752,0
01:02:51:609,120000571,168380217,384943,84609,0
01:02:51:809,120000571,167953056,385378,87577,0
01:02:52:009,120000568,168646361,386705,81110,0
01:02:52:209,120000574,167806131,385321,89177,0
01:02:52:409,120000516,168786730,386332,79782,0
01:02:52:609,120000573,167719006,384454,89852,0
01:02:52:809,120000536,168062328,385735,86134,0
01:02:53:009,120000574,168470405,385885,83047,0
01:02:53:209,120000553,167932514,384919,88207,0
01:02:53:409,120000581,168679626,387790,80795,0
01:02:53:609,120000513,167780460,384052,89364,0
01:02:53:809,120000567,168368977,385115,81188,0
01:02:54:009,120000575,168139289,385966,88544,0
01:02:54:209,120000560,168024753,385726,86793,0
01:02:54:809,120000465,265141714,401,160,0
01:02:54:809,120000465,265141714,401,160,0
01:02:55:009,120000618,241988223,89454,24466,0
01:02:55:209,120000465,168042231,385846,86471,0
01:02:55:409,120000571,168545660,385631,82681,0
01:02:55:609,120000572,167848316,386021,88349,0
01:02:55:809,120000557,168716542,387156,80594,0
01:02:56:009,120000602,167756628,384175,89380,0
01:02:56:209,120000554,168343292,385292,82356,0
01:02:56:409,120000574,168177423,386354,87188,0
01:02:56:609,120000571,167986755,385981,87039,0
01:02:57:009,120000561,167826705,385620,88625,0
01:02:57:209,120000574,168765896,386237,80107,0
01:02:57:409,120000468,167718161,385046,89743,0
01:02:57:609,120000579,168140080,386456,84834,0
01:02:57:809,120000459,168373768,385904,84625,0
01:02:58:009,120000559,167966649,384957,87630,0
01:02:58:209,120000469,168652486,385002,81403,0
01:02:58:409,120000579,167779295,386285,89008,0
01:02:58:609,120000519,168827806,386272,79872,0
01:02:58:809,120000564,167700575,384497,89992,0
01:02:59:009,120000566,168061818,386090,86194,0
01:02:59:209,120000563,168447489,386200,83097,0
01:02:59:409,120000573,167889933,385242,88093,0
01:02:59:609,120000581,168739895,384963,80857,0
01:02:59:809,120000578,167727456,386142,89357,0
01:03:00:009,120000576,168389890,386255,81247,0
01:03:00:209,120000576,168139015,384482,88544,0
01:03:00:409,120000549,167993135,386199,86646,0
01:03:00:609,120000565,168568315,385375,82380,0
01:03:00:809,120000554,167840339,385341,88471,0
01:03:01:009,120000581,168764053,386974,80404,0
01:03:01:209,120000447,167702218,386764,89529,0
01:03:01:409,120000549,168274616,384933,83615,0
01:03:01:609,120000466,168259328,384978,85986,0
01:03:01:809,120000574,167964117,386998,87298,0
01:03:02:009,120000455,168613748,385980,81590,0
01:03:02:209,120000561,167825186,385332,88824,0
01:03:02:409,120000571,168804476,386255,79924,0
01:03:02:609,120000569,167698187,384395,89817,0
01:03:02:809,120000572,168114384,387184,85231,0
01:03:03:009,120000574,168413915,385474,83993,0
01:03:03:209,120000573,167941767,386126,87808,0
01:03:03:409,120000571,168638665,387988,81085,0
01:03:03:609,120000573,167811178,384533,89169,0
01:03:03:809,120000566,168487955,386978,79815,0
01:03:04:009,120000565,167994238,385085,89855,0
01:03:04:209,120000475,168044261,386791,86401,0
01:03:04:409,120000580,168483748,386605,82683,0
01:03:04:609,120000452,167882586,386029,88246,0
01:03:04:809,120000574,168716321,387713,80639,0
01:03:05:009,120000450,167756845,383408,89330,0
01:03:05:209,120000573,168317548,386970,82377,0
01:03:05:409,120000453,168236323,385259,87210,0
01:03:05:609,120000573,167977907,386074,86824,0
01:03:05:809,120000581,168558591,387577,82078,0
01:03:06:009,120000568,167847914,384369,88482,0
01:03:06:209,120000573,168776452,387160,80217,0
01:03:06:409,120000572,167709484,384605,89549,0
01:03:06:609,120000572,168216689,385847,84628,0
01:03:06:809,120000566,168353491,386238,84777,0
01:03:07:009,120000572,167931951,385210,87413,0
01:03:07:209,120000572,168632617,387079,81336,0
01:03:07:409,120000571,167799329,385773,88941,0
01:03:07:609,120000560,168815590,386652,79761,0
01:03:07:809,120000576,167689602,385090,89786,0
01:03:08:009,120000544,168091246,385487,85724,0
01:03:08:209,120000576,168494502,385831,83331,0
01:03:08:409,120000448,167874703,386540,87907,0
01:03:08:609,120000577,168690598,386777,80791,0
01:03:08:809,120000453,167776111,385232,89249,0
01:03:09:009,120000581,168433777,384456,81099,0
01:03:09:209,120000574,168087557,387319,88493,0
01:03:09:409,120000569,168016226,385746,86696,0
01:03:09:609,120000565,168567163,386210,82313,0
01:03:09:809,120000582,167867373,386154,88392,0
01:03:10:209,120000514,262401504,11600,1785,0
01:03:10:409,120000475,257636419,26427,11578,0
01:03:10:609,120000565,168541211,385231,82669,0
01:03:10:809,120000572,167862094,385341,88237,0
01:03:11:009,120000577,168769521,385869,80407,0
01:03:11:209,120000575,167727967,384395,89380,0
01:03:11:409,120000576,168299144,385710,83353,0
01:03:11:609,120000606,168229549,385935,86031,0
01:03:11:809,120000566,167983989,386244,87080,0
01:03:12:009,120000573,168597826,387322,81738,0
01:03:12:209,120000602,167827111,384843,88722,0
01:03:12:409,120000580,168801132,387140,80025,0
01:03:12:609,120000576,167698334,384634,89785,0
01:03:12:809,120000577,168152998,385632,84741,0
01:03:13:009,120000453,168362889,386308,84679,0
01:03:13:209,120000563,167953335,385485,87697,0
01:03:13:409,120000470,168643343,386877,81170,0
01:03:13:609,120000576,167819431,384852,88966,0
01:03:13:809,120000459,168795353,385986,79691,0
01:03:14:009,120000578,167693139,385107,89917,0
01:03:14:209,120000566,168061803,385896,86177,0
01:03:14:409,120000573,168478249,386165,83060,0
01:03:14:609,120000572,167915992,385749,87992,0
01:03:14:809,120000573,168698597,386584,80766,0
01:03:15:009,120000584,167768593,384379,89184,0
01:03:15:209,120000571,168380360,385763,81123,0
01:03:15:409,120000573,168158037,385142,88429,0
01:03:15:609,120000558,168026569,385370,86549,0
01:03:15:809,120000572,168521002,386447,82382,0
01:03:16:009,120000548,167833609,386621,88373,0
01:03:16:209,120000578,168769735,386349,80429,0
01:03:16:409,120000439,167716207,384887,89613,0
01:03:16:609,120000563,168237281,385284,84211,0
01:03:16:809,120000516,168335031,386050,85383,0
01:03:17:009,120000570,167916236,386892,87276,0
01:03:17:209,120000455,168619171,386581,81626,0
01:03:17:409,120000569,167802696,386357,88962,0
01:03:17:609,120000577,168813302,385628,79931,0
01:03:17:809,120000577,167691589,385400,89805,0
01:03:18:009,120000580,168108661,385811,85399,0
01:03:18:209,120000566,168449764,386371,84006,0
01:03:18:409,120000577,167894334,386768,87786,0
01:03:18:609,120000571,168668151,385440,81069,0
01:03:18:809,120000571,167796137,384657,89184,0
01:03:19:009,120000577,168489731,384129,79860,0
01:03:19:209,120000577,168029122,386280,89847,0
01:03:19:409,120000571,168030343,385967,86426,0
01:03:19:609,120000568,168537021,385347,82576,0
01:03:19:809,120000528,167883327,385650,88357,0
01:03:20:009,120000575,168700606,386814,80482,0
01:03:20:209,120000480,167778541,385137,89395,0
01:03:20:409,120000576,168288931,386027,82255,0
01:03:20:609,120000555,168224083,385398,87189,0
01:03:20:809,120000577,168012832,385007,87093,0
01:03:21:009,120000580,168579240,386276,81749,0
01:03:21:209,120000569,167824063,386296,88678,0
01:03:21:409,120000576,168743573,386898,80265,0
01:03:21:609,120000562,167754464,384037,89728,0
01:03:21:809,120000576,168153977,385298,84826,0
01:03:22:009,120000564,168376413,385628,84647,0
01:03:22:209,120000573,167930336,385755,87546,0
01:03:22:409,120000462,168643815,386658,81357,0
01:03:22:609,120000565,167783364,386056,88925,0
01:03:22:809,120000526,168805044,387073,79810,0
01:03:23:009,120000579,167695013,384631,89970,0
01:03:23:209,120000461,168111826,384876,85805,0
01:03:23:409,120000571,168449946,387045,83461,0
01:03:23:609,120000503,167882007,385808,87990,0
01:03:23:809,120000572,168711329,385467,80866,0
01:03:24:009,120000447,167758349,385119,89285,0
01:03:24:209,120000578,168408250,384754,81215,0
01:03:24:409,120000454,168091137,387300,88478,0
01:03:24:609,120000574,168028927,386241,86688,0
01:03:24:809,120000564,168567410,385233,82444,0
01:03:25:009,120000578,167846293,385537,88386,0
01:03:25:209,120000577,168758720,386361,80343,0
01:03:25:809,120000453,265133718,403,163,0
01:03:25:809,120000453,265133718,403,163,0
01:03:26:009,120000614,177486368,345178,82461,0
01:03:26:209,120000590,168671449,387687,80779,0
01:03:26:409,120000575,167762367,385420,89302,0
01:03:26:609,120000571,168371985,386036,81126,0
01:03:26:809,120000566,168151815,386054,88392,0
01:03:27:009,120000588,168034930,384239,86735,0
01:03:27:209,120000572,168513375,387330,82238,0
01:03:27:409,120000573,167835116,385731,88520,0
01:03:27:609,120000607,168770980,386365,80317,0
01:03:27:809,120000448,167700075,385008,89753,0
01:03:28:009,120000576,168232041,385793,84188,0
01:03:28:209,120000557,168344077,385444,85351,0
01:03:28:409,120000568,167928340,385790,87247,0
01:03:28:609,120000534,168622599,386270,81668,0
01:03:28:809,120000566,167799913,386640,88859,0
01:03:29:009,120000450,168803759,386252,79986,0
01:03:29:209,120000580,167691221,385256,89824,0
01:03:29:409,120000450,168128289,384868,85319,0
01:03:29:609,120000550,168456897,386119,83944,0
01:03:29:809,120000570,167894051,385978,87825,0
01:03:30:009,120000583,168669293,386117,80981,0
01:03:30:209,120000571,167781152,385726,89181,0
01:03:30:409,120000565,168490015,384651,79834,0
01:03:30:609,120000576,168025330,386426,89832,0
01:03:30:809,120000576,168023554,386612,86432,0
01:03:31:009,120000577,168539043,386302,82645,0
01:03:31:209,120000577,167866733,385575,88356,0
01:03:31:409,120000578,168711718,385821,80556,0
01:03:31:609,120000574,167771294,385710,89466,0
01:03:31:809,120000584,168283441,386610,82399,0
01:03:32:009,120000576,168215808,386967,87252,0
01:03:32:209,120000573,168007571,385380,87097,0
01:03:32:409,120000456,168582137,385451,81776,0
01:03:32:609,120000563,167844485,385257,88617,0
01:03:32:809,120000442,168745116,386872,80141,0
01:03:33:009,120000565,167742852,385839,89664,0
01:03:33:209,120000580,168139258,386707,84843,0
01:03:33:409,120000577,168374450,386037,84647,0
01:03:33:609,120000577,167952958,384253,87408,0
01:03:33:809,120000461,168646543,386430,81333,0
01:03:34:009,120000580,167785653,385311,88999,0
01:03:34:209,120000560,168799469,388130,79768,0
01:03:34:409,120000577,167710352,384254,89903,0
01:03:34:609,120000467,168100469,385513,85789,0
01:03:34:809,120000568,168468274,385917,83386,0
01:03:35:009,120000560,167883806,386063,88051,0
01:03:35:209,120000572,168698807,386999,80841,0
01:03:35:409,120000461,167749469,386269,89139,0
01:03:35:609,120000576,168408608,385142,81081,0
01:03:35:809,120000443,168111225,385235,88451,0
01:03:36:009,120000569,168024963,386518,86548,0
01:03:36:209,120000443,168556460,386145,82408,0
01:03:36:409,120000579,167858476,385319,88451,0
01:03:36:609,120000575,168771726,386103,80316,0
01:03:36:809,120000577,167718931,385043,89479,0
01:03:37:009,120000578,168282840,384400,83216,0
01:03:37:209,120000571,168242230,387727,86138,0
01:03:37:409,120000574,167996935,383963,87195,0
01:03:37:609,120000577,168627704,385878,81540,0
01:03:37:809,120000569,167822039,386310,88762,0
01:03:38:009,120000577,168804446,386169,79972,0
01:03:38:209,120000570,167677452,386542,89722,0
01:03:38:409,120000571,168121968,385457,85249,0
01:03:38:609,120000572,168419799,386474,83955,0
01:03:38:809,120000563,167951658,385347,87703,0
01:03:39:009,120000570,168655777,385969,81019,0
01:03:39:209,120000555,167782515,386443,89029,0
01:03:39:409,120000565,168552147,384401,79842,0
01:03:39:609,120000442,167976123,385522,89822,0
01:03:39:809,120000578,168046768,385999,86446,0
01:03:40:009,120000577,168480469,387008,82656,0
01:03:40:209,120000578,167875943,385455,88105,0
01:03:40:409,120000565,168738495,385976,80666,0
01:03:40:609,120000577,167729062,385628,89362,0
01:03:41:209,120000459,265141626,401,159,0
01:03:41:209,120000459,265141626,401,159,0
01:03:41:409,120000617,193757126,283002,63925,0
01:03:41:609,120000576,167789800,384315,89367,0
01:03:41:809,120000518,168380309,386316,81112,0
01:03:42:009,120000567,168113334,386934,88540,0
01:03:42:209,120000577,168008762,386163,86818,0
01:03:42:409,120000602,168555114,385439,82081,0
01:03:42:609,120000461,167850891,385981,88510,0
01:03:42:809,120000576,168736683,386929,80351,0
01:03:43:009,120000587,167747621,385542,89553,0
01:03:43:210,120000568,168183347,387201,84108,0
01:03:43:410,120000559,168337648,384544,85352,0
01:03:43:610,120000569,167952154,386073,87278,0
01:03:43:810,120000462,168618074,385689,81565,0
01:03:44:010,120000573,167810403,386045,88891,0
01:03:44:210,120000468,168789571,387931,79910,0
01:03:44:410,120000579,167706451,384315,89798,0
01:03:44:610,120000544,168159957,385223,85246,0
01:03:44:810,120000574,168414910,385236,84074,0
01:03:45:010,120000567,167900685,386129,87807,0
01:03:45:210,120000575,168668022,386877,81016,0
01:03:45:410,120000574,167782869,385365,89133,0
01:03:45:610,120000571,168486391,385585,79813,0
01:03:45:810,120000573,168028498,384643,89898,0
01:03:46:010,120000573,168052124,385575,86382,0
01:03:46:210,120000576,168545112,386075,82683,0
01:03:46:410,120000567,167859176,384762,88397,0
01:03:46:610,120000577,168742282,386242,80508,0
01:03:46:810,120000543,167738352,385958,89427,0
01:03:47:010,120000573,168339911,385495,82411,0
01:03:47:210,120000552,168153826,388931,87126,0
01:03:47:410,120000575,168002595,384871,87027,0
01:03:47:610,120000445,168604628,387210,81823,0
01:03:47:810,120000572,167841484,384822,88633,0
01:03:48:010,120000463,168767890,386484,79984,0
01:03:48:210,120000568,167713449,386153,89584,0
01:03:48:410,120000571,168146844,386328,84716,0
01:03:48:610,120000572,168364942,386845,84621,0
01:03:48:810,120000574,167987378,383224,87648,0
01:03:49:010,120000573,168647130,385938,81244,0
01:03:49:210,120000571,167778017,386744,88844,0
01:03:49:410,120000560,168829061,386896,79814,0
01:03:49:610,120000574,167691917,384957,89943,0
01:03:49:810,120000574,168067787,384965,86201,0
01:03:50:010,120000575,168470176,385495,82981,0
01:03:50:210,120000462,167885316,385358,87994,0
01:03:50:410,120000569,168728424,386160,80804,0
01:03:50:610,120000452,167728655,386489,89213,0
01:03:50:810,120000574,168412743,385481,81159,0
01:03:51:010,120000570,168139662,385731,88471,0
01:03:51:210,120000580,167985218,386743,86618,0
01:03:51:410,120000443,168555959,386752,82396,0
01:03:51:610,120000577,167851550,385136,88473,0
01:03:51:810,120000572,168775620,385478,80396,0
01:03:52:010,120000571,167715624,385629,89500,0
01:03:52:210,120000570,168260094,385552,83863,0
01:03:52:410,120000568,168273403,385479,85755,0
01:03:52:610,120000577,167953258,386878,87319,0
01:03:52:810,120000568,168631911,385102,81631,0
01:03:53:010,120000576,167824889,385048,88811,0
01:03:53:210,120000571,168796935,386361,79924,0
01:03:53:410,120000561,167682164,385632,89804,0
01:03:53:610,120000576,168118814,386372,85263,0
01:03:53:810,120000578,168425745,384924,84024,0
01:03:54:010,120000468,167936990,385230,87828,0
01:03:54:210,120000575,168659077,387293,81009,0
01:03:54:410,120000483,167801442,384486,89188,0
01:03:54:610,120000565,168491665,385762,79769,0
01:03:54:810,120000465,168021430,385608,89767,0
01:03:55:010,120000569,168049650,385013,86465,0
01:03:55:210,120000580,168503985,386182,82710,0
01:03:55:410,120000569,167898782,386029,88161,0
01:03:55:610,120000579,168695871,387305,80695,0
01:03:55:810,120000564,167775272,384262,89350,0
01:03:56:010,120000575,168301153,385800,82383,0
01:03:56:610,120000446,265133917,403,161,0
01:03:56:610,120000446,265133917,403,161,0
01:03:56:810,120000610,209603412,217407,53704,0
01:03:57:010,120000571,168414104,383882,81203,0
01:03:57:210,120000577,168100748,386158,88490,0
01:03:57:410,120000574,168033759,385051,86600,0
01:03:57:610,120000569,168570292,385654,82373,0
01:03:57:810,120000598,167851850,384194,88426,0
01:03:58:010,120000575,168754633,386737,80295,0
01:03:58:210,120000559,167724980,386330,89470,0
01:03:58:410,120000610,168243055,386167,83402,0
01:03:58:610,120000573,168270344,386163,86198,0
01:03:58:810,120000566,167990066,384242,87219,0
01:03:59:010,120000579,168631639,385186,81608,0
01:03:59:210,120000556,167816710,386406,88816,0
01:03:59:410,120000566,168781824,386038,79962,0
01:03:59:610,120000568,167706041,385046,89763,0
01:03:59:810,120000457,168114166,385471,85338,0
01:04:00:010,120000567,168418574,386309,84001,0
01:04:00:210,120000560,167937883,385795,87759,0
01:04:00:410,120000579,168671436,385109,81189,0
01:04:00:610,120000575,167765570,385475,89033,0
01:04:00:810,120000575,168593386,385305,79859,0
01:04:01:010,120000579,167944058,384803,89759,0
01:04:01:210,120000555,168054044,386107,86155,0
01:04:01:410,120000582,168481972,385837,82929,0
01:04:01:610,120000572,167870327,386061,88123,0
01:04:01:810,120000566,168750234,385777,80635,0
01:04:02:010,120000563,167732880,385296,89418,0
01:04:02:210,120000575,168333095,386210,82309,0
01:04:02:410,120000485,168210541,385255,87181,0
01:04:02:610,120000576,167967429,386815,86878,0
01:04:02:810,120000519,168599958,384948,82061,0
01:04:03:010,120000570,167843553,385102,88577,0
01:04:03:210,120000450,168778797,387091,80201,0
01:04:03:410,120000576,167709240,384950,89617,0
01:04:03:610,120000475,168228187,385231,84183,0
01:04:03:810,120000569,168327754,385145,85395,0
01:04:04:010,120000583,167934699,386354,87520,0
01:04:04:210,120000576,168634787,386953,81380,0
01:04:04:410,120000566,167801835,385455,88993,0
01:04:04:610,120000577,168810919,386950,79851,0
01:04:04:810,120000566,167703046,383510,89893,0
01:04:05:010,120000579,168097004,385121,85688,0
01:04:05:210,120000575,168468490,385573,83485,0
01:04:05:410,120000582,167913340,385515,88049,0
01:04:05:610,120000572,168679254,386789,80854,0
01:04:05:810,120000584,167798784,384295,89329,0
01:04:06:010,120000553,168442360,386051,80525,0
01:04:06:210,120000473,168048169,386021,89148,0
01:04:06:410,120000569,168024432,385577,86702,0
01:04:06:610,120000463,168526205,385995,82408,0
01:04:06:810,120000547,167892502,385336,88272,0
01:04:07:010,120000460,168714475,386838,80536,0
01:04:07:210,120000559,167756207,385457,89415,0
01:04:07:410,120000579,168231744,386842,83402,0
01:04:07:610,120000580,168275866,385212,86211,0
01:04:07:810,120000577,167979434,386045,87096,0
01:04:08:010,120000572,168588520,385774,81770,0
01:04:08:210,120000572,167826265,385830,88785,0
01:04:08:410,120000577,168790638,386945,80101,0
01:04:08:610,120000580,167735972,382156,89721,0
01:04:08:810,120000575,168168170,385468,85343,0
01:04:09:010,120000572,168390735,385949,84032,0
01:04:09:210,120000571,167897555,387464,87648,0
01:04:09:410,120000580,168653574,386377,81161,0
01:04:09:610,120000457,167794090,385398,89090,0
01:04:09:810,120000535,168698711,385310,79847,0
01:04:10:010,120000447,167821540,384705,89786,0
01:04:10:210,120000569,168067816,385665,86116,0
01:04:10:410,120000457,168529888,385837,82925,0
01:04:10:610,120000576,167873317,385443,88118,0
01:04:10:810,120000572,168706886,386431,80657,0
01:04:11:010,120000577,167757173,385439,89375,0
01:04:11:210,120000575,168363245,385231,82330,0
01:04:11:410,120000579,168151570,387098,87185,0
01:04:12:010,120000476,265141853,401,153,0
01:04:12:010,120000476,265141853,401,153,0
01:04:12:210,120000610,225599055,154349,35655,0
01:04:12:410,120000579,168117237,384790,88534,0
01:04:12:610,120000593,168005478,386714,86707,0
01:04:12:810,120000582,168567652,385424,82346,0
01:04:13:010,120000579,167852674,386160,88382,0
01:04:13:210,120000602,168779258,385848,80334,0
01:04:13:410,120000576,167715230,384947,89550,0
01:04:13:610,120000571,168285566,384750,83232,0
01:04:13:810,120000586,168254333,384876,86185,0
01:04:14:010,120000569,167987873,385867,87194,0
01:04:14:210,120000489,168624291,385551,81582,0
01:04:14:410,120000572,167820481,385150,88753,0
01:04:14:610,120000504,168801744,387883,79876,0
01:04:14:810,120000569,167691682,385072,89772,0
01:04:15:010,120000459,168116356,387195,85326,0
01:04:15:210,120000582,168425047,385002,84006,0
01:04:15:410,120000454,167943490,385831,87817,0
01:04:15:610,120000568,168646095,388314,81028,0
01:04:15:810,120000578,167808482,384293,89131,0
01:04:16:010,120000578,168506685,385694,79831,0
01:04:16:210,120000568,167991007,385793,89865,0
01:04:16:410,120000566,168043188,385749,86487,0
01:04:16:610,120000574,168490520,386842,82721,0
01:04:16:810,120000451,167887474,385484,88229,0
01:04:17:010,120000566,168722871,386965,80599,0
01:04:17:210,120000468,167758912,384742,89338,0
01:04:17:410,120000564,168316609,386391,82432,0
01:04:17:610,120000562,168241206,383995,87128,0
01:04:17:810,120000579,167979839,386235,86759,0
01:04:18:010,120000554,168574157,385449,82057,0
01:04:18:210,120000576,167831438,386269,88506,0
01:04:18:410,120000515,168775574,386545,80195,0
01:04:18:610,120000579,167706169,385271,89613,0
01:04:18:810,120000452,168216812,385162,84774,0
01:04:19:010,120000555,168368447,385126,84683,0
01:04:19:210,120000570,167908258,387013,87344,0
01:04:19:410,120000572,168639660,385838,81331,0
01:04:19:610,120000572,167814531,385563,88928,0
01:04:19:810,120000577,168814876,387072,79705,0
01:04:20:010,120000563,167705048,383531,89772,0
01:04:20:210,120000574,168091119,385836,85731,0
01:04:20:410,120000580,168491347,385923,83466,0
01:04:20:610,120000572,167882132,386445,87856,0
01:04:20:810,120000582,168688124,386656,80767,0
01:04:21:010,120000529,167783576,384909,89236,0
01:04:21:210,120000582,168425327,385252,81159,0
01:04:21:410,120000461,168086893,387246,88432,0
01:04:21:610,120000577,168029892,385046,86610,0
01:04:21:810,120000551,168577946,384383,82327,0
01:04:22:010,120000576,167860315,384939,88495,0
01:04:22:210,120000458,168713030,386080,80376,0
01:04:22:410,120000565,167758598,385608,89538,0
01:04:22:610,120000572,168233502,385791,83310,0
01:04:22:810,120000571,168279917,385653,86214,0
01:04:23:010,120000574,168002101,384443,87295,0
01:04:23:210,120000564,168610303,385859,81627,0
01:04:23:410,120000569,167795822,386555,88755,0
01:04:23:610,120000567,168774440,386024,80085,0
01:04:23:810,120000573,167749170,384086,89772,0
01:04:24:010,120000509,168111525,384784,85369,0
01:04:24:210,120000571,168416564,386276,83964,0
01:04:24:410,120000448,167914243,386065,87637,0
01:04:24:610,120000575,168688979,386027,81272,0
01:04:24:810,120000455,167757431,385308,89065,0
01:04:25:010,120000571,168655820,384999,79876,0
01:04:25:210,120000442,167893448,384667,89843,0
01:04:25:410,120000572,168050659,386675,86142,0
01:04:25:610,120000457,168491183,386133,83038,0
01:04:25:810,120000570,167873987,385428,88191,0
01:04:26:010,120000578,168758150,385271,80660,0
01:04:26:210,120000579,167723683,385818,89411,0
01:04:26:410,120000581,168332152,385886,82443,0
01:04:26:610,120000572,168194886,385433,87189,0
01:04:26:810,120000580,168006391,386115,86956,0
01:04:27:410,120000465,265134148,403,169,0
01:04:27:410,120000465,265134148,403,169,0
01:04:27:610,120000612,241823922,89446,24622,0
01:04:27:810,120000555,168032299,385727,86450,0
01:04:28:010,120000572,168505580,386229,82626,0
01:04:28:210,120000574,167856775,385010,88359,0
01:04:28:410,120000572,168742400,387275,80556,0
01:04:28:610,120000600,167727286,384502,89528,0
01:04:28:810,120000567,168277609,385128,83455,0
01:04:29:010,120000556,168278565,386531,86144,0
01:04:29:210,120000573,167946585,386046,87116,0
01:04:29:610,120000572,167832842,385385,88685,0
01:04:29:810,120000511,168788846,386998,80057,0
01:04:30:010,120000579,167701169,385922,89667,0
01:04:30:210,120000444,168173082,385671,84696,0
01:04:30:410,120000580,168393502,385965,84611,0
01:04:30:610,120000539,167918486,386276,87664,0
01:04:30:810,120000574,168668306,384574,81155,0
01:04:31:010,120000572,167789901,386622,89023,0
01:04:31:210,120000571,168734903,386172,79827,0
01:04:31:410,120000580,167754501,386659,89966,0
01:04:31:610,120000577,168069450,385568,86133,0
01:04:31:810,120000577,168508970,384600,83017,0
01:04:32:010,120000571,167882001,386856,88136,0
01:04:32:210,120000571,168683365,386890,80741,0
01:04:32:410,120000577,167792150,384845,89355,0
01:04:32:610,120000578,168393720,385023,81044,0
01:04:32:810,120000485,168128025,384667,88499,0
01:04:33:010,120000580,168018373,385966,86815,0
01:04:33:210,120000463,168551972,386442,82078,0
01:04:33:410,120000572,167874148,384948,88472,0
01:04:33:610,120000524,168736115,387352,80306,0
01:04:33:810,120000559,167776875,382983,89534,0
01:04:34:010,120000536,168189831,386079,84151,0
01:04:34:210,120000574,168321425,386385,85350,0
01:04:34:410,120000574,167964068,385007,87322,0
01:04:34:610,120000555,168624595,385571,81613,0
01:04:34:810,120000578,167798579,384973,88877,0
01:04:35:010,120000584,168805610,386621,79982,0
01:04:35:210,120000578,167703420,385558,89773,0
01:04:35:410,120000557,168128137,386047,85451,0
01:04:35:610,120000578,168419174,386077,83803,0
01:04:35:810,120000566,167890796,386962,87855,0
01:04:36:010,120000579,168701994,385241,80996,0
01:04:36:210,120000555,167760406,385796,89157,0
01:04:36:410,120000577,168492949,384993,79827,0
01:04:36:610,120000461,168011451,385927,89915,0
01:04:36:810,120000571,168055255,384687,86429,0
01:04:37:010,120000566,168551381,385362,82612,0
01:04:37:210,120000571,167850726,386173,88317,0
01:04:37:410,120000461,168733096,386335,80539,0
01:04:37:610,120000569,167743568,385103,89485,0
01:04:37:810,120000454,168330406,385224,82715,0
01:04:38:010,120000574,168191932,386850,86907,0
01:04:38:210,120000575,167984340,385836,87152,0
01:04:38:410,120000577,168611647,385820,81784,0
01:04:38:610,120000566,167826783,386671,88764,0
01:04:38:810,120000567,168782689,385588,80178,0
01:04:39:010,120000572,167710903,384814,89735,0
01:04:39:210,120000574,168139327,386597,84803,0
01:04:39:410,120000572,168386927,385818,84652,0
01:04:39:610,120000567,167970074,384839,87690,0
01:04:39:810,120000581,168642092,385961,81165,0
01:04:40:010,120000564,167809092,385122,88891,0
01:04:40:210,120000550,168824641,386368,79805,0
01:04:40:410,120000476,167686831,384833,89971,0
01:04:40:610,120000580,168062873,385256,86170,0
01:04:40:810,120000451,168470812,385660,83128,0
01:04:41:010,120000572,167906691,384916,88074,0
01:04:41:210,120000452,168708841,386084,80790,0
01:04:41:410,120000573,167741516,385628,89316,0
01:04:41:610,120000574,168403717,385536,81072,0
01:04:41:810,120000553,168156189,384287,88527,0
01:04:42:010,120000579,168000953,385815,86612,0
01:04:42:210,120000575,168529270,388099,82360,0
01:04:42:410,120000575,167857998,385076,88395,0
01:04:42:810,120000509,262689064,10638,1610,0
01:04:43:010,120000602,257907365,25433,11462,0
01:04:43:210,120000594,168531990,385125,82643,0
01:04:43:410,120000573,167904771,386519,88226,0
01:04:43:610,120000577,168691611,387988,80472,0
01:04:43:810,120000577,167794329,382969,89380,0
01:04:44:010,120000576,168279612,387270,82264,0
01:04:44:210,120000593,168228117,384525,87245,0
01:04:44:410,120000575,168017305,385349,87041,0
01:04:44:610,120000454,168548377,386635,81806,0
01:04:44:810,120000608,167855453,384023,88581,0
01:04:45:010,120000556,168760372,387419,80137,0
01:04:45:210,120000568,167736681,384545,89686,0
01:04:45:410,120000574,168165417,385514,84773,0
01:04:45:610,120000577,168378250,385998,84688,0
01:04:45:810,120000471,167942132,384436,87527,0
01:04:46:010,120000576,168645599,386887,81337,0
01:04:46:210,120000437,167783550,385999,88881,0
01:04:46:410,120000568,168827110,386118,79753,0
01:04:46:610,120000578,167713330,383668,89900,0
01:04:46:810,120000464,168109936,385726,85780,0
01:04:47:010,120000571,168459493,386309,83451,0
01:04:47:210,120000578,167869900,386137,88023,0
01:04:47:410,120000574,168716656,386053,80886,0
01:04:47:610,120000565,167754194,385265,89243,0
01:04:47:810,120000569,168416109,384518,81123,0
01:04:48:010,120000564,168105515,385675,88495,0
01:04:48:210,120000573,168025148,386077,86564,0
01:04:48:410,120000566,168573867,385561,82338,0
01:04:48:610,120000582,167848527,385727,88379,0
01:04:48:810,120000560,168776526,384674,80376,0
01:04:49:010,120000571,167721492,385520,89554,0
01:04:49:210,120000445,168258346,385975,83206,0
01:04:49:410,120000570,168264004,385897,86178,0
01:04:49:610,120000451,167987271,384561,87225,0
01:04:49:810,120000569,168620337,386810,81532,0
01:04:50:010,120000564,167829538,386077,88758,0
01:04:50:210,120000576,168804387,387163,79937,0
01:04:50:410,120000576,167696913,384194,89756,0
01:04:50:610,120000578,168123824,385252,85285,0
01:04:50:810,120000578,168410090,386661,83936,0
01:04:51:010,120000577,167968614,384964,87721,0
01:04:51:210,120000577,168661254,385870,80909,0
01:04:51:410,120000552,167804391,383751,89023,0
01:04:51:610,120000574,168518182,386203,79904,0
01:04:51:810,120000577,167972572,386816,89746,0
01:04:52:010,120000578,168054407,385837,86437,0
01:04:52:210,120000472,168491389,386204,82652,0
01:04:52:410,120000582,167895328,384220,88189,0
01:04:52:610,120000481,168735171,386029,80576,0
01:04:52:810,120000566,167746583,385192,89327,0
01:04:53:010,120000452,168326236,384762,82384,0
01:04:53:210,120000574,168238537,384731,87335,0
01:04:53:410,120000581,167969412,386150,86900,0
01:04:53:610,120000577,168569003,385648,82118,0
01:04:53:810,120000565,167829352,386353,88656,0
01:04:54:010,120000577,168772511,387424,80210,0
01:04:54:210,120000577,167708273,385008,89632,0
01:04:54:410,120000561,168229956,383888,84592,0
01:04:54:610,120000574,168362646,384568,84858,0
01:04:54:810,120000557,167910078,387065,87434,0
01:04:55:010,120000582,168642850,385124,81378,0
01:04:55:210,120000578,167803421,385720,88985,0
01:04:55:410,120000573,168820023,386177,79840,0
01:04:55:610,120000569,167689867,384407,89908,0
01:04:55:810,120000578,168085770,386605,85753,0
01:04:56:010,120000567,168482129,385120,83477,0
01:04:56:210,120000568,167870222,387260,88043,0
01:04:56:410,120000442,168685101,386288,80790,0
01:04:56:610,120000575,167791316,384831,89229,0
01:04:56:810,120000579,168421317,386550,81103,0
01:04:57:010,120000578,168087116,386473,88303,0
01:04:57:210,120000572,168022982,385352,86687,0
01:04:57:410,120000454,168545920,386487,82370,0
01:04:57:610,120000573,167888477,385223,88464,0
01:04:57:810,120000581,168703198,387022,80371,0
01:04:58:410,120000447,265141728,401,162,0
01:04:58:410,120000447,265141728,401,162,0
01:04:58:610,120000612,177243040,346651,82600,0
01:04:58:810,120000573,168704826,386738,80619,0
01:04:59:010,120000564,167751835,385500,89400,0
01:04:59:210,120000578,168372801,385228,82245,0
01:04:59:410,120000572,168155840,386019,87230,0
01:04:59:610,120000589,168012936,385817,86935,0
01:04:59:810,120000574,168609219,384975,82070,0
01:05:00:010,120000578,167825006,386823,88602,0
01:05:00:210,120000499,168745763,386311,80260,0
01:05:00:410,120000579,167742969,384493,89558,0
01:05:00:610,120000543,168183180,386620,84124,0
01:05:00:810,120000574,168333179,386088,85291,0
01:05:01:010,120000440,167983213,384473,87439,0
01:05:01:210,120000574,168636247,385881,81384,0
01:05:01:410,120000556,167793908,385783,88840,0
01:05:01:610,120000566,168807868,385871,79889,0
01:05:01:810,120000582,167719235,385039,89829,0
01:05:02:010,120000576,168066819,386240,85753,0
01:05:02:210,120000577,168450274,386453,83482,0
01:05:02:410,120000560,167900233,385712,87818,0
01:05:02:610,120000558,168717023,385297,80954,0
01:05:02:810,120000563,167737523,385635,89150,0
01:05:03:010,120000575,168478251,386252,79787,0
01:05:03:210,120000567,168069843,384713,89774,0
01:05:03:410,120000581,168023583,386343,86431,0
01:05:03:610,120000574,168514718,386895,82670,0
01:05:03:810,120000566,167866118,385333,88371,0
01:05:04:010,120000519,168748843,385995,80577,0
01:05:04:210,120000581,167711176,387172,89416,0
01:05:04:410,120000447,168284573,385353,83355,0
01:05:04:610,120000571,168254165,385690,86098,0
01:05:04:810,120000448,167974499,386600,86976,0
01:05:05:010,120000567,168598877,386853,81781,0
01:05:05:210,120000566,167834575,385410,88665,0
01:05:05:410,120000565,168790528,385431,80067,0
01:05:05:610,120000569,167702254,386115,89756,0
01:05:05:810,120000577,168159411,385604,84769,0
01:05:06:010,120000578,168363738,386675,84636,0
01:05:06:210,120000571,167953171,385472,87666,0
01:05:06:410,120000571,168650239,387450,81151,0
01:05:06:610,120000577,167810695,384163,88992,0
01:05:06:810,120000572,168782663,386020,79825,0
01:05:07:010,120000567,167711477,385939,89856,0
01:05:07:210,120000567,168067358,385240,86108,0
01:05:07:410,120000464,168472597,386372,83068,0
01:05:07:610,120000568,167935920,384429,88144,0
01:05:07:810,120000531,168684738,386939,80757,0
01:05:08:010,120000557,167782501,384876,89174,0
01:05:08:210,120000459,168368619,385352,81124,0
01:05:08:410,120000570,168144271,386447,88461,0
01:05:08:610,120000578,168046186,384722,86729,0
01:05:08:810,120000573,168529103,385874,82056,0
01:05:09:010,120000569,167843954,386201,88440,0
01:05:09:210,120000574,168759454,386249,80314,0
01:05:09:410,120000573,167740620,384234,89451,0
01:05:09:610,120000576,168220997,384944,84186,0
01:05:09:810,120000577,168343168,385294,85334,0
01:05:10:010,120000568,167931227,386441,87207,0
01:05:10:210,120000580,168628944,385934,81524,0
01:05:10:410,120000578,167818487,385598,88830,0
01:05:10:610,120000577,168812679,386086,79863,0
01:05:10:810,120000458,167691422,385647,89824,0
01:05:11:010,120000568,168153734,385906,85179,0
01:05:11:210,120000477,168439642,384798,84006,0
01:05:11:410,120000575,167895012,386939,87702,0
01:05:11:610,120000459,168669790,385522,80984,0
01:05:11:810,120000566,167785705,386447,89113,0
01:05:12:010,120000455,168477968,386532,79852,0
01:05:12:210,120000570,168037469,384470,89765,0
01:05:12:410,120000568,168042654,386534,86350,0
01:05:12:610,120000584,168558044,385031,82732,0
01:05:12:810,120000575,167842413,386172,88323,0
01:05:13:010,120000561,168711224,387138,80569,0
01:05:13:210,120000558,167761520,384428,89498,0
01:05:13:810,120000455,265133751,403,163,0
01:05:13:810,120000455,265133751,403,163,0
01:05:14:010,120000619,193571192,283442,64206,0
01:05:14:210,120000579,167723370,386459,89448,0
01:05:14:410,120000569,168338547,385271,82415,0
01:05:14:610,120000576,168171269,387444,87111,0
01:05:14:810,120000579,168007834,386240,86800,0
01:05:15:010,120000595,168594231,384882,82019,0
01:05:15:210,120000583,167836431,386026,88614,0
01:05:15:410,120000560,168776622,386897,80160,0
01:05:15:610,120000599,167701979,386300,89623,0
01:05:15:810,120000526,168183779,386630,84156,0
01:05:16:010,120000568,168338917,385773,85388,0
01:05:16:210,120000470,167976444,385360,87430,0
01:05:16:410,120000574,168628961,387063,81330,0
01:05:16:610,120000459,167828814,385793,88853,0
01:05:16:810,120000584,168811932,386178,79774,0
01:05:17:010,120000449,167688775,384706,89744,0
01:05:17:210,120000569,168094958,385523,85747,0
01:05:17:410,120000576,168436170,387646,83468,0
01:05:17:610,120000564,167941203,385157,87779,0
01:05:17:810,120000582,168673391,386645,81004,0
01:05:18:010,120000455,167776446,385152,89110,0
01:05:18:210,120000574,168496357,384762,79814,0
01:05:18:410,120000576,168038331,385945,89915,0
01:05:18:610,120000585,168038676,385749,86476,0
01:05:18:810,120000568,168486875,387632,82561,0
01:05:19:010,120000571,167867799,384924,88297,0
01:05:19:210,120000545,168762023,385849,80498,0
01:05:19:410,120000581,167712915,385767,89583,0
01:05:19:610,120000575,168273671,385410,83395,0
01:05:19:810,120000569,168271891,386887,86176,0
01:05:20:010,120000452,167954536,384669,87155,0
01:05:20:210,120000582,168609238,386011,81848,0
01:05:20:410,120000449,167813477,385673,88815,0
01:05:20:610,120000561,168796383,386173,80104,0
01:05:20:810,120000575,167686209,386783,89770,0
01:05:21:010,120000571,168171517,384856,84773,0
01:05:21:210,120000575,168378112,386281,84644,0
01:05:21:410,120000573,167921136,385245,87685,0
01:05:21:610,120000566,168660596,385804,81202,0
01:05:21:810,120000572,167793954,385218,89043,0
01:05:22:010,120000568,168749078,386892,79830,0
01:05:22:210,120000573,167745965,385838,89934,0
01:05:22:410,120000572,168070922,384540,86144,0
01:05:22:610,120000467,168500103,385153,82996,0
01:05:22:810,120000570,167898141,386421,88142,0
01:05:23:010,120000495,168681911,388069,80667,0
01:05:23:210,120000573,167796147,385402,89428,0
01:05:23:410,120000443,168377340,385230,81079,0
01:05:23:610,120000574,168131422,384988,88479,0
01:05:23:810,120000445,168013274,385428,86953,0
01:05:24:010,120000567,168537707,386294,82156,0
01:05:24:210,120000583,167861664,386253,88478,0
01:05:24:410,120000571,168735713,387397,80477,0
01:05:24:610,120000580,167749001,384596,89583,0
01:05:24:810,120000580,168189960,386315,84249,0
01:05:25:010,120000576,168328300,385947,85403,0
01:05:25:210,120000553,167929983,387434,87169,0
01:05:25:410,120000578,168614594,385800,81662,0
01:05:25:610,120000579,167817761,385160,88876,0
01:05:25:810,120000571,168808050,386255,79917,0
01:05:26:010,120000467,167695305,384452,89880,0
01:05:26:210,120000562,168144603,385776,85341,0
01:05:26:410,120000476,168433013,384779,84017,0
01:05:26:610,120000576,167885478,386707,87855,0
01:05:26:810,120000475,168680690,384606,81108,0
01:05:27:010,120000568,167787625,385946,89130,0
01:05:27:210,120000453,168478641,386143,79856,0
01:05:27:410,120000560,168024394,385143,89789,0
01:05:27:610,120000574,168042220,386331,86459,0
01:05:27:810,120000568,168560415,384915,82721,0
01:05:28:010,120000566,167848130,385389,88306,0
01:05:28:210,120000543,168724593,386501,80450,0
01:05:28:410,120000561,167751593,384764,89519,0
01:05:28:610,120000561,168334762,384942,82368,0
01:05:29:210,120000464,265141915,401,157,0
01:05:29:210,120000464,265141915,401,157,0
01:05:29:410,120000606,209375218,218603,53955,0
01:05:29:610,120000583,168410892,385023,81171,0
01:05:29:810,120000560,168157752,385040,88398,0
01:05:30:010,120000573,168016413,384676,86572,0
01:05:30:210,120000572,168541966,386110,82384,0
01:05:30:410,120000598,167845311,385176,88520,0
01:05:30:610,120000557,168764478,386622,80414,0
01:05:30:810,120000574,167711313,385327,89546,0
01:05:31:010,120000589,168243705,385063,84249,0
01:05:31:210,120000578,168303435,386574,85404,0
01:05:31:410,120000561,167942781,385853,87275,0
01:05:31:610,120000571,168633414,385334,81574,0
01:05:31:810,120000540,167813035,385404,88891,0
01:05:32:010,120000564,168808020,386668,79930,0
01:05:32:210,120000462,167688070,386390,89804,0
01:05:32:410,120000572,168120384,384691,85353,0
01:05:32:610,120000579,168442610,385879,83997,0
01:05:32:810,120000577,167901246,385537,87869,0
01:05:33:010,120000571,168670776,386425,81042,0
01:05:33:210,120000569,167785027,386146,89153,0
01:05:33:410,120000529,168491218,385538,79874,0
01:05:33:610,120000575,168019032,386254,89781,0
01:05:33:810,120000572,168035122,386226,86472,0
01:05:34:010,120000460,168512083,386116,82720,0
01:05:34:210,120000568,167895324,386476,88334,0
01:05:34:410,120000555,168695187,386753,80540,0
01:05:34:610,120000574,167792731,383650,89459,0
01:05:34:810,120000518,168279999,386757,82329,0
01:05:35:010,120000579,168223498,385161,87213,0
01:05:35:210,120000538,168010103,386520,86993,0
01:05:35:410,120000564,168562754,386362,81983,0
01:05:35:610,120000455,167839480,386187,88576,0
01:05:35:810,120000576,168763696,387319,80148,0
01:05:36:010,120000576,167732934,384792,89642,0
01:05:36:210,120000569,168167825,386189,84815,0
01:05:36:410,120000572,168371562,385799,84664,0
01:05:36:610,120000569,167921743,386510,87512,0
01:05:36:810,120000581,168650876,385621,81427,0
01:05:37:010,120000577,167777997,386855,89093,0
01:05:37:210,120000577,168818996,387105,79772,0
01:05:37:410,120000561,167688776,383707,89920,0
01:05:37:610,120000574,168099991,386121,85837,0
01:05:37:810,120000574,168486416,384957,83582,0
01:05:38:010,120000572,167874385,386883,88033,0
01:05:38:210,120000459,168688124,386297,80875,0
01:05:38:410,120000561,167770762,385704,89194,0
01:05:38:610,120000573,168413425,384585,81153,0
01:05:38:810,120000571,168105378,386904,88518,0
01:05:39:010,120000448,168021201,386181,86587,0
01:05:39:210,120000567,168581003,385165,82357,0
01:05:39:410,120000575,167836016,386119,88396,0
01:05:39:610,120000579,168738341,386310,80383,0
01:05:39:810,120000575,167747628,384870,89561,0
01:05:40:010,120000572,168238254,386401,83325,0
01:05:40:210,120000577,168277414,386303,86179,0
01:05:40:410,120000571,167979432,385855,87285,0
01:05:40:610,120000567,168632115,386379,81607,0
01:05:40:810,120000558,167809549,385797,88828,0
01:05:41:010,120000580,168785816,386321,79970,0
01:05:41:210,120000568,167723986,384992,89727,0
01:05:41:410,120000569,168108363,386157,85183,0
01:05:41:610,120000544,168422612,385078,83891,0
01:05:41:810,120000578,167946023,385947,87593,0
01:05:42:010,120000476,168664935,385894,81203,0
01:05:42:210,120000568,167764860,386312,88945,0
01:05:42:410,120000455,168605491,386282,79786,0
01:05:42:610,120000557,167950950,384463,89870,0
01:05:42:810,120000575,168055816,386352,86213,0
01:05:43:010,120000577,168474119,385998,82975,0
01:05:43:210,120000577,167875598,385637,88124,0
01:05:43:410,120000578,168739704,387166,80738,0
01:05:43:610,120000579,167740308,384649,89404,0
01:05:43:810,120000566,168327232,386445,82430,0
01:05:44:010,120000577,168207000,385647,87210,0
01:05:44:610,120000467,265133877,403,157,0
01:05:44:610,120000467,265133877,403,157,0
01:05:44:810,120000603,225936657,153365,34860,0
01:05:45:010,120000562,168051473,386553,89062,0
01:05:45:210,120000569,168024147,385814,86668,0
01:05:45:410,120000559,168522931,386182,82394,0
01:05:45:610,120000582,167880659,386157,88318,0
01:05:45:810,120000599,168713273,387293,80519,0
01:05:46:010,120000576,167763495,384954,89407,0
01:05:46:210,120000576,168231420,386487,83405,0
01:05:46:410,120000601,168282203,385487,86168,0
01:05:46:610,120000467,167963811,387216,87029,0
01:05:46:810,120000580,168594878,384964,81829,0
01:05:47:010,120000457,167818765,385890,88870,0
01:05:47:210,120000573,168794386,386572,80064,0
01:05:47:410,120000462,167700048,384495,89799,0
01:05:47:610,120000556,168177278,386178,85153,0
01:05:47:810,120000572,168387765,386234,84356,0
01:05:48:010,120000572,167885884,387897,87692,0
01:05:48:210,120000580,168669690,384477,81139,0
01:05:48:410,120000572,167798878,385378,89079,0
01:05:48:610,120000534,168702246,386557,79765,0
01:05:48:810,120000581,167795700,386069,89713,0
01:05:49:010,120000566,168064632,386243,86034,0
01:05:49:210,120000578,168540127,384430,83072,0
01:05:49:410,120000577,167862594,386022,88064,0
01:05:49:610,120000448,168694384,386303,80662,0
01:05:49:810,120000574,167771988,385412,89384,0
01:05:50:010,120000555,168376605,385825,81926,0
01:05:50:210,120000576,168151766,385072,87563,0
01:05:50:410,120000472,168004251,385568,86955,0
01:05:50:610,120000555,168595792,386018,82098,0
01:05:50:810,120000458,167829285,385873,88644,0
01:05:51:010,120000574,168729688,386988,80226,0
01:05:51:210,120000450,167759631,384341,89592,0
01:05:51:410,120000568,168185175,386381,84064,0
01:05:51:610,120000582,168316887,386226,85425,0
01:05:51:810,120000559,167972727,385889,87381,0
01:05:52:010,120000569,168618717,386811,81567,0
01:05:52:210,120000524,167781936,385359,88986,0
01:05:52:410,120000569,168815196,386073,79923,0
01:05:52:610,120000567,167708559,385501,89869,0
01:05:52:810,120000579,168095088,386368,85829,0
01:05:53:010,120000508,168435866,385476,83489,0
01:05:53:210,120000577,167896568,385433,87806,0
01:05:53:410,120000564,168711106,385854,81093,0
01:05:53:610,120000580,167742767,385855,89227,0
01:05:53:810,120000473,168479388,386300,79783,0
01:05:54:010,120000575,168042532,384681,89912,0
01:05:54:210,120000470,168013639,386330,86525,0
01:05:54:410,120000564,168545884,385221,82760,0
01:05:54:610,120000448,167863240,385538,88309,0
01:05:54:810,120000556,168762650,385699,80537,0
01:05:55:010,120000574,167714718,385750,89532,0
01:05:55:210,120000576,168301301,384795,83265,0
01:05:55:410,120000581,168207509,386376,86316,0
01:05:55:610,120000576,167986200,386090,87245,0
01:05:55:810,120000574,168606358,385627,81823,0
01:05:56:010,120000571,167832322,384232,88764,0
01:05:56:210,120000578,168796921,387031,80058,0
01:05:56:410,120000560,167690662,384684,89799,0
01:05:56:610,120000575,168153121,386427,84776,0
01:05:56:810,120000563,168382151,384144,84651,0
01:05:57:010,120000583,167957397,385567,87694,0
01:05:57:210,120000474,168633259,386483,81250,0
01:05:57:410,120000561,167806999,386007,89104,0
01:05:57:610,120000454,168805582,387301,79796,0
01:05:57:810,120000568,167694665,383497,89917,0
01:05:58:010,120000456,168058279,386377,86222,0
01:05:58:210,120000572,168469402,386181,83052,0
01:05:58:410,120000580,167911371,385637,88039,0
01:05:58:610,120000569,168694121,387107,80805,0
01:05:58:810,120000575,167771939,383453,89290,0
01:05:59:010,120000573,168373834,387225,81200,0
01:05:59:210,120000581,168163928,385165,88481,0
01:05:59:410,120000458,167999800,385497,86617,0
01:06:00:010,120000465,265141449,401,162,0
01:06:00:010,120000465,265141449,401,162,0
01:06:00:210,120000607,241579917,90935,24751,0
01:06:00:410,120000590,168029742,385448,86621,0
01:06:00:610,120000558,168557206,385444,82374,0
01:06:00:810,120000575,167860322,385660,88588,0
01:06:01:010,120000575,168695117,388350,80338,0
01:06:01:210,120000606,167778359,384515,89572,0
01:06:01:410,120000583,168223342,386697,83334,0
01:06:01:610,120000571,168274604,385708,86273,0
01:06:01:810,120000549,167993323,385333,87241,0
01:06:02:210,120000458,167789344,386558,88784,0
01:06:02:410,120000575,168792388,385420,80015,0
01:06:02:610,120000489,167741128,384140,89763,0
01:06:02:810,120000580,168128889,386262,85457,0
01:06:03:010,120000451,168399507,386356,84039,0
01:06:03:210,120000569,167914206,385837,87647,0
01:06:03:410,120000568,168676052,386340,81235,0
01:06:03:610,120000580,167772872,385413,89112,0
01:06:03:810,120000577,168663338,385680,79837,0
01:06:04:010,120000560,167845219,385219,89882,0
01:06:04:210,120000571,168060064,385811,86208,0
01:06:04:410,120000568,168509962,385960,83015,0
01:06:04:610,120000578,167871491,386033,88191,0
01:06:04:810,120000460,168735849,385245,80680,0
01:06:05:010,120000583,167738768,385762,89364,0
01:06:05:210,120000473,168338454,385177,82449,0
01:06:05:410,120000585,168170052,386789,87203,0
01:06:05:610,120000544,168006028,386598,86839,0
01:06:05:810,120000576,168599317,385143,82035,0
01:06:06:010,120000556,167834728,385808,88607,0
01:06:06:210,120000564,168766240,387294,80157,0
01:06:06:410,120000452,167715265,385639,89574,0
01:06:06:610,120000581,168198263,385719,84048,0
01:06:06:810,120000578,168333067,385202,85355,0
01:06:07:010,120000577,167973777,385191,87412,0
01:06:07:210,120000578,168633153,385816,81395,0
01:06:07:410,120000560,167823719,385565,88934,0
01:06:07:610,120000572,168797194,388260,79883,0
01:06:07:810,120000572,167690510,384280,89889,0
01:06:08:010,120000578,168083410,385412,85813,0
01:06:08:210,120000557,168435578,386782,83461,0
01:06:08:410,120000577,167929886,385211,87829,0
01:06:08:610,120000566,168682271,386464,81058,0
01:06:08:810,120000582,167768650,384131,89183,0
01:06:09:010,120000455,168479488,386017,79748,0
01:06:09:210,120000558,168068242,384864,89821,0
01:06:09:410,120000543,168033123,385484,86347,0
01:06:09:610,120000572,168502476,386771,82703,0
01:06:09:810,120000437,167853477,385494,88326,0
01:06:10:010,120000575,168761995,385901,80507,0
01:06:10:210,120000574,167712649,385759,89454,0
01:06:10:410,120000564,168284522,384922,83467,0
01:06:10:610,120000577,168270338,386729,86166,0
01:06:10:810,120000565,167957155,385849,87102,0
01:06:11:010,120000574,168599590,387079,81777,0
01:06:11:210,120000560,167810274,386572,88689,0
01:06:11:410,120000565,168793427,386473,80100,0
01:06:11:610,120000580,167686156,386106,89740,0
01:06:11:810,120000575,168169896,383304,84782,0
01:06:12:010,120000474,168387706,384922,84727,0
01:06:12:210,120000561,167938422,385564,87657,0
01:06:12:410,120000518,168657413,386051,81174,0
01:06:12:610,120000574,167794057,384862,89132,0
01:06:12:810,120000446,168762505,385429,79820,0
01:06:13:010,120000573,167738399,385872,89993,0
01:06:13:210,120000479,168059450,385889,86188,0
01:06:13:410,120000579,168486460,385150,83095,0
01:06:13:610,120000577,167913698,385928,88273,0
01:06:13:810,120000578,168676270,387047,80718,0
01:06:14:010,120000572,167794900,384068,89394,0
01:06:14:210,120000563,168364867,385784,81182,0
01:06:14:410,120000576,168139956,385742,88420,0
01:06:14:610,120000580,168026915,385906,86885,0
01:06:14:810,120000575,168541684,385026,82068,0
01:06:15:010,120000457,167873215,384993,88396,0
01:06:15:410,120000521,262845776,9526,1534,0
01:06:15:610,120000615,257688647,26469,11575,0
01:06:15:810,120000563,168548014,384937,82636,0
01:06:16:010,120000563,167855634,386159,88311,0
01:06:16:210,120000563,168741636,386291,80533,0
01:06:16:410,120000574,167737182,385583,89410,0
01:06:16:610,120000569,168319794,385715,82858,0
01:06:16:810,120000608,168204578,385174,86803,0
01:06:17:010,120000580,167987922,385387,87171,0
01:06:17:210,120000573,168593341,386823,81855,0
01:06:17:410,120000501,167825909,386430,88802,0
01:06:17:610,120000566,168781945,387503,80048,0
01:06:17:810,120000526,167710947,382461,89806,0
01:06:18:010,120000575,168150692,386771,84698,0
01:06:18:210,120000451,168376188,385259,84595,0
01:06:18:410,120000573,167968299,385887,87624,0
01:06:18:610,120000563,168638334,386914,81106,0
01:06:18:810,120000557,167807744,385237,88906,0
01:06:19:010,120000574,168828908,386571,79759,0
01:06:19:210,120000575,167680017,384920,89833,0
01:06:19:410,120000581,168058985,386244,86169,0
01:06:19:610,120000573,168457853,387349,83039,0
01:06:19:810,120000584,167907274,385163,87952,0
01:06:20:010,120000563,168710431,386773,80824,0
01:06:20:210,120000577,167742065,385438,89211,0
01:06:20:410,120000578,168396956,385619,81173,0
01:06:20:610,120000577,168145392,386059,88463,0
01:06:20:810,120000462,168003406,385625,86631,0
01:06:21:010,120000568,168550264,386735,82362,0
01:06:21:210,120000455,167845793,385794,88378,0
01:06:21:410,120000570,168772918,385836,80397,0
01:06:21:610,120000459,167711888,385499,89559,0
01:06:21:810,120000576,168261134,383976,84250,0
01:06:22:010,120000569,168303653,386659,85256,0
01:06:22:210,120000571,167944652,386552,87217,0
01:06:22:410,120000575,168620718,386400,81579,0
01:06:22:610,120000568,167818286,385303,88740,0
01:06:22:810,120000571,168812071,386060,79857,0
01:06:23:010,120000581,167684392,386411,89744,0
01:06:23:210,120000575,168117470,385582,85337,0
01:06:23:410,120000472,168434009,386042,83948,0
01:06:23:610,120000561,167915244,385535,87828,0
01:06:23:810,120000557,168680813,385816,80994,0
01:06:24:010,120000571,167799331,384123,89201,0
01:06:24:210,120000465,168479928,386167,79779,0
01:06:24:410,120000570,168013819,387442,89898,0
01:06:24:610,120000524,168036423,385573,86488,0
01:06:24:810,120000582,168517980,385460,82769,0
01:06:25:011,120000451,167909652,385391,88351,0
01:06:25:211,120000570,168688068,386864,80582,0
01:06:25:411,120001138,167778702,385018,89512,0
01:06:25:611,120000569,168274196,387047,82366,0
01:06:25:811,120000577,168229480,385165,87211,0
01:06:26:011,120000546,168024611,384469,86982,0
01:06:26:211,120000578,168553251,386542,81912,0
01:06:26:411,120000561,167832635,385338,88649,0
01:06:26:611,120000572,168755971,388226,80222,0
01:06:26:811,120000463,167729783,383908,89694,0
01:06:27:011,120000569,168183776,384661,84819,0
01:06:27:211,120000563,168372721,385765,84596,0
01:06:27:411,120000585,167923602,385979,87475,0
01:06:27:611,120000469,168621773,387287,81490,0
01:06:27:811,120000573,167799011,385818,89047,0
01:06:28:011,120000524,168810148,386936,79821,0
01:06:28:211,120000579,167707038,382930,89857,0
01:06:28:411,120000449,168104865,385057,85792,0
01:06:28:611,120000572,168470633,386985,83510,0
01:06:28:811,120000443,167861975,386570,88213,0
01:06:29:011,120000572,168693400,386094,80862,0
01:06:29:211,120000573,167773820,385223,89325,0
01:06:29:411,120000577,168408509,385301,81160,0
01:06:29:611,120000570,168091447,387358,88439,0
01:06:29:811,120000574,168026417,386305,86675,0
01:06:30:011,120000579,168571035,386066,82379,0
01:06:30:211,120000573,167836386,385744,88432,0
01:06:30:411,120000572,168735999,385683,80419,0
01:06:31:011,120000437,265134510,403,167,0
01:06:31:011,120000437,265134510,403,167,0
01:06:31:211,120000613,177022288,347428,82761,0
01:06:31:411,120000572,168748533,385206,80697,0
01:06:31:611,120000570,167714596,385861,89485,0
01:06:31:811,120000577,168336471,385706,82377,0
01:06:32:011,120000569,168221689,385595,87231,0
01:06:32:211,120000592,167973148,385630,86897,0
01:06:32:411,120000566,168591717,386024,82040,0
01:06:32:611,120000540,167831179,385289,88579,0
01:06:32:811,120000610,168791250,385523,80157,0
01:06:33:011,120000475,167708736,385564,89625,0
01:06:33:211,120000579,168235478,385095,84153,0
01:06:33:411,120000455,168314469,386588,85276,0
01:06:33:611,120000578,167934025,386487,87409,0
01:06:33:811,120000458,168638715,386666,81342,0
01:06:34:011,120000564,167818675,384325,88860,0
01:06:34:211,120000577,168826797,385863,79790,0
01:06:34:411,120000573,167694584,384837,89837,0
01:06:34:611,120000575,168089565,385785,85733,0
01:06:34:811,120000449,168478798,384532,83481,0
01:06:35:011,120000571,167912834,385816,87953,0
01:06:35:211,120000563,168672303,387564,80778,0
01:06:35:411,120000580,167792532,385485,89174,0
01:06:35:611,120000554,168435181,386126,80781,0
01:06:35:811,120000583,168073771,385257,88914,0
01:06:36:011,120000575,168036307,384708,86632,0
01:06:36:211,120000577,168531938,386864,82357,0
01:06:36:411,120000547,167890479,385178,88346,0
01:06:36:611,120000581,168712198,387508,80428,0
01:06:36:811,120000517,167777143,384165,89381,0
01:06:37:011,120000576,168238612,385902,83226,0
01:06:37:211,120000454,168266404,386491,86211,0
01:06:37:411,120000559,168006457,384618,87004,0
01:06:37:611,120000575,168587421,385795,81763,0
01:06:37:811,120000569,167805736,385987,88731,0
01:06:38:011,120000585,168799475,385272,80108,0
01:06:38:211,120000461,167708998,385620,89757,0
01:06:38:411,120000580,168141367,386042,85432,0
01:06:38:611,120000566,168394811,385709,83969,0
01:06:38:811,120000578,167918995,384809,87716,0
01:06:39:011,120000463,168684010,385514,81143,0
01:06:39:211,120000569,167764740,386548,89112,0
01:06:39:411,120000519,168669316,386146,79927,0
01:06:39:611,120000581,167829884,385929,89858,0
01:06:39:811,120000451,168070656,384464,86212,0
01:06:40:011,120000561,168526152,385913,83013,0
01:06:40:211,120000537,167863352,387011,88052,0
01:06:40:411,120000564,168724647,386322,80612,0
01:06:40:611,120000439,167749512,386369,89293,0
01:06:40:811,120000577,168366699,383573,82374,0
01:06:41:011,120000577,168171237,385644,87107,0
01:06:41:211,120000569,167997748,386516,86804,0
01:06:41:411,120000577,168599724,384865,81978,0
01:06:41:611,120000578,167839404,385455,88469,0
01:06:41:811,120000578,168774759,386546,80186,0
01:06:42:011,120000564,167710160,385407,89665,0
01:06:42:211,120000578,168195277,384870,84110,0
01:06:42:411,120000578,168330754,385881,85228,0
01:06:42:611,120000581,167966834,385748,87507,0
01:06:42:811,120000561,168641027,384793,81424,0
01:06:43:011,120000570,167819076,386031,88941,0
01:06:43:211,120000544,168808059,386339,79859,0
01:06:43:411,120000566,167687001,385240,89819,0
01:06:43:611,120000540,168077887,385707,85820,0
01:06:43:811,120000575,168458345,385037,83460,0
01:06:44:011,120000464,167928261,385415,87788,0
01:06:44:211,120000577,168680294,386155,81036,0
01:06:44:411,120000569,167749928,386053,89284,0
01:06:44:611,120000580,168474013,386800,79832,0
01:06:44:811,120000569,168072881,384364,89973,0
01:06:45:011,120000564,168035884,385523,86366,0
01:06:45:211,120000570,168499534,386992,82624,0
01:06:45:411,120000572,167850017,385483,88320,0
01:06:45:611,120000565,168750001,387548,80486,0
01:06:45:811,120000577,167723858,385792,89437,0
01:06:46:411,120000451,265141573,401,162,0
01:06:46:411,120000451,265141573,401,162,0
01:06:46:611,120000609,193814461,282498,63992,0
01:06:46:811,120000593,167792744,384255,89379,0
01:06:47:011,120000549,168340622,387090,81131,0
01:06:47:211,120000581,168139466,385834,88589,0
01:06:47:411,120000552,168021000,385647,86815,0
01:06:47:611,120000608,168523889,385798,82238,0
01:06:47:811,120000446,167844388,386524,88538,0
01:06:48:011,120000580,168760383,386738,80376,0
01:06:48:211,120000500,167734630,384174,89575,0
01:06:48:411,120000574,168208458,386522,84193,0
01:06:48:611,120000460,168341673,385380,85339,0
01:06:48:811,120000578,167933018,386328,87167,0
01:06:49:011,120000444,168621860,385849,81511,0
01:06:49:211,120000580,167823416,385333,88842,0
01:06:49:411,120000577,168785661,388152,79879,0
01:06:49:611,120000572,167696646,384315,89933,0
01:06:49:811,120000568,168140182,385123,85298,0
01:06:50:011,120000571,168452580,385235,84087,0
01:06:50:211,120000579,167886320,386187,87718,0
01:06:50:411,120000573,168649515,386683,81100,0
01:06:50:611,120000581,167785102,385386,89274,0
01:06:50:811,120000578,168477670,385979,79892,0
01:06:51:011,120000579,168029814,385183,89830,0
01:06:51:211,120000584,168041844,385837,86460,0
01:06:51:411,120000569,168537439,386406,82699,0
01:06:51:611,120000474,167864902,385908,88337,0
01:06:51:811,120000582,168692792,387795,80552,0
01:06:52:011,120000474,167775709,384091,89450,0
01:06:52:211,120000574,168306717,385603,82397,0
01:06:52:411,120000447,168192334,386573,87274,0
01:06:52:611,120000560,168010807,384321,87142,0
01:06:52:811,120000568,168575781,387892,81788,0
01:06:53:011,120000563,167831307,385913,88684,0
01:06:53:211,120000576,168734683,387703,80264,0
01:06:53:411,120000557,167750249,384499,89732,0
01:06:53:611,120000577,168154131,385262,84802,0
01:06:53:811,120000563,168365734,386159,84616,0
01:06:54:011,120000582,167950578,384679,87507,0
01:06:54:211,120000510,168648785,386099,81372,0
01:06:54:411,120000576,167785772,385133,88978,0
01:06:54:611,120000452,168826598,386537,79882,0
01:06:54:811,120000580,167699945,384819,89870,0
01:06:55:011,120000554,168100931,385588,85802,0
01:06:55:211,120000568,168446430,386564,83480,0
01:06:55:411,120000452,167883771,385375,87953,0
01:06:55:611,120000569,168732449,385528,80759,0
01:06:55:811,120000446,167730980,386812,89237,0
01:06:56:011,120000570,168408504,384984,81089,0
01:06:56:211,120000576,168108219,386629,88381,0
01:06:56:411,120000570,168040950,384841,86532,0
01:06:56:611,120000574,168580811,384751,82301,0
01:06:56:811,120000576,167839055,386497,88456,0
01:06:57:011,120000580,168777980,385306,80377,0
01:06:57:211,120000563,167710166,385428,89580,0
01:06:57:411,120000571,168277995,384834,83295,0
01:06:57:611,120000574,168245503,385857,86247,0
01:06:57:811,120000578,167979314,385650,87217,0
01:06:58:011,120000563,168627644,384782,81589,0
01:06:58:211,120000574,167819228,385633,88884,0
01:06:58:411,120000561,168811863,386381,80011,0
01:06:58:611,120000580,167680475,385813,89811,0
01:06:58:811,120000516,168105859,387148,85305,0
01:06:59:011,120000573,168412862,385810,83991,0
01:06:59:211,120000450,167947370,386546,87802,0
01:06:59:411,120000567,168658104,384950,81050,0
01:06:59:611,120000569,167806342,385006,89020,0
01:06:59:811,120000571,168524445,386121,79847,0
01:07:00:011,120000562,167974793,386024,89813,0
01:07:00:211,120000569,168051327,385938,86362,0
01:07:00:411,120000577,168492901,385812,82739,0
01:07:00:611,120000561,167882445,385269,88143,0
01:07:00:811,120000572,168724879,386858,80681,0
01:07:01:011,120000526,167738423,385485,89359,0
01:07:01:211,120000561,168331503,386426,82342,0
01:07:01:811,120000459,265133512,403,142,0
01:07:01:811,120000459,265133512,403,142,0
01:07:02:011,120000610,209194502,218854,54077,0
01:07:02:211,120000564,168412820,385284,81083,0
01:07:02:411,120000564,168095990,386960,88392,0
01:07:02:611,120000556,168026920,384437,86885,0
01:07:02:811,120000578,168568172,386549,82067,0
01:07:03:011,120000583,167863249,385211,88490,0
01:07:03:211,120000583,168726852,386640,80381,0
01:07:03:411,120000546,167756400,385097,89581,0
01:07:03:611,120000608,168178521,386777,84118,0
01:07:03:811,120000461,168327496,386288,85291,0
01:07:04:011,120000566,167977873,384816,87259,0
01:07:04:211,120000454,168624376,385935,81588,0
01:07:04:411,120000583,167785486,386203,88829,0
01:07:04:611,120000575,168799119,386692,79970,0
01:07:04:811,120000561,167719363,384564,89837,0
01:07:05:011,120000567,168129017,384901,85735,0
01:07:05:211,120000574,168428578,385575,83609,0
01:07:05:411,120000575,167885212,386103,87921,0
01:07:05:611,120000457,168697066,384880,81090,0
01:07:05:811,120000574,167758973,386852,89172,0
01:07:06:011,120000566,168492789,384650,79837,0
01:07:06:211,120000571,168037730,385607,89786,0
01:07:06:411,120000561,168021465,386434,86479,0
01:07:06:611,120000573,168542038,385602,82725,0
01:07:06:811,120000570,167850239,386255,88268,0
01:07:07:011,120000578,168752424,384962,80509,0
01:07:07:211,120000554,167728427,386099,89558,0
01:07:07:411,120000558,168318674,385924,82785,0
01:07:07:611,120000455,168184259,386813,86797,0
01:07:07:811,120000574,167985817,386839,87130,0
01:07:08:011,120000452,168612470,384899,81779,0
01:07:08:211,120000579,167829934,385786,88768,0
01:07:08:411,120000575,168779306,387159,80149,0
01:07:08:611,120000577,167700071,385272,89715,0
01:07:08:811,120000574,168150020,387248,84717,0
01:07:09:011,120000567,168366562,385821,84723,0
01:07:09:211,120000575,167968350,385884,87706,0
01:07:09:411,120000572,168641771,385293,81311,0
01:07:09:611,120000575,167797235,385711,88983,0
01:07:09:811,120000548,168823925,387418,79798,0
01:07:10:011,120000576,167689116,385010,89986,0
01:07:10:211,120000534,168059238,386277,86169,0
01:07:10:411,120000572,168470043,385488,83147,0
01:07:10:611,120000465,167881148,386072,88063,0
01:07:10:811,120000568,168719229,386373,80966,0
01:07:11:011,120000448,167730645,386375,89254,0
01:07:11:211,120000583,168390018,387745,81195,0
01:07:11:411,120000552,168145964,384455,88482,0
01:07:11:611,120000574,167995773,386618,86670,0
01:07:11:811,120000577,168566225,385616,82362,0
01:07:12:011,120000583,167844411,385354,88621,0
01:07:12:211,120000566,168763203,386606,80398,0
01:07:12:411,120000566,167704097,385674,89706,0
01:07:12:611,120000566,168267852,384691,83936,0
01:07:12:811,120000470,168277020,385287,85733,0
01:07:13:011,120000576,167961738,385918,87298,0
01:07:13:211,120000577,168618011,386181,81614,0
01:07:13:411,120000577,167815355,384596,88885,0
01:07:13:611,120000497,168814539,385728,79917,0
01:07:13:811,120000574,167696178,385301,89829,0
01:07:14:011,120000514,168115090,386453,85283,0
01:07:14:211,120000583,168425466,385776,83933,0
01:07:14:411,120000498,167932902,385239,87831,0
01:07:14:611,120000572,168672834,386097,81033,0
01:07:14:811,120000446,167802011,385119,89185,0
01:07:15:011,120000578,168478042,386178,79839,0
01:07:15:211,120000576,168010328,385752,89813,0
01:07:15:411,120000579,168037244,385859,86515,0
01:07:15:611,120000576,168500665,385641,82766,0
01:07:15:811,120000568,167906604,385214,88253,0
01:07:16:011,120000579,168700902,386193,80712,0
01:07:16:211,120000562,167762735,385156,89498,0
01:07:16:411,120000580,168280957,386837,82464,0
01:07:16:611,120000566,168223201,385282,87229,0
01:07:17:211,120000472,265141486,401,154,0
01:07:17:211,120000472,265141486,401,154,0
01:07:17:411,120000604,225660992,153625,35658,0
01:07:17:611,120000581,168109865,385590,88455,0
01:07:17:811,120000573,168014212,386284,86611,0
01:07:18:011,120000571,168568994,385769,82399,0
01:07:18:211,120000578,167851461,385690,88425,0
01:07:18:411,120000604,168756539,386097,80457,0
01:07:18:611,120000535,167735562,384060,89609,0
01:07:18:811,120000571,168255629,385583,83333,0
01:07:19:011,120000541,168260082,386585,86132,0
01:07:19:211,120000567,167976977,386146,87326,0
01:07:19:411,120000459,168630129,385651,81550,0
01:07:19:611,120000581,167838128,385244,88713,0
01:07:19:811,120000452,168787185,386292,79864,0
01:07:20:011,120000573,167700476,384957,89645,0
01:07:20:211,120000574,168104895,387433,85280,0
01:07:20:411,120000575,168428311,385104,83841,0
01:07:20:611,120000563,167967465,385250,87550,0
01:07:20:811,120000573,168651246,386259,81034,0
01:07:21:011,120000576,167780678,385849,88983,0
01:07:21:211,120000542,168560495,385918,79832,0
01:07:21:411,120000576,167979335,384886,89851,0
01:07:21:611,120000555,168052477,385152,86445,0
01:07:21:811,120000573,168488471,386205,82618,0
01:07:22:011,120000459,167869877,385810,88156,0
01:07:22:211,120000574,168747051,385719,80657,0
01:07:22:411,120000463,167726062,385763,89320,0
01:07:22:611,120000566,168329360,386479,82416,0
01:07:22:811,120000535,168232242,385113,87137,0
01:07:23:011,120000578,167965843,386727,86808,0
01:07:23:211,120000446,168593358,385639,82044,0
01:07:23:411,120000576,167838074,385662,88549,0
01:07:23:611,120000573,168770144,386732,80186,0
01:07:23:811,120000575,167708551,385147,89672,0
01:07:24:011,120000571,168232709,385515,84238,0
01:07:24:211,120000568,168345337,384811,85106,0
01:07:24:411,120000580,167914569,387837,87512,0
01:07:24:611,120000571,168632266,386152,81431,0
01:07:24:811,120000569,167812566,385255,88958,0
01:07:25:011,120000580,168810993,387283,79799,0
01:07:25:211,120000576,167695284,383289,89911,0
01:07:25:411,120000578,168080304,386733,85800,0
01:07:25:611,120000584,168465921,385524,83500,0
01:07:25:811,120000483,167903167,385820,88002,0
01:07:26:011,120000574,168670382,388306,80828,0
01:07:26:211,120000449,167801463,382973,89298,0
01:07:26:411,120000566,168438591,386272,80848,0
01:07:26:611,120000463,168061165,385806,88884,0
01:07:26:811,120000575,168024166,385920,86662,0
01:07:27:011,120000575,168528712,387312,82303,0
01:07:27:211,120000566,167881564,385199,88370,0
01:07:27:411,120000582,168712366,387527,80494,0
01:07:27:611,120000560,167774294,383435,89539,0
01:07:27:811,120000584,168232752,386371,83423,0
01:07:28:011,120000570,168272603,385836,86206,0
01:07:28:211,120000572,167988535,385424,87075,0
01:07:28:411,120000470,168583015,385946,81758,0
01:07:28:611,120000575,167825705,384768,88716,0
01:07:28:811,120000570,168795578,386643,80114,0
01:07:29:011,120000576,167709283,385401,89757,0
01:07:29:211,120000558,168155127,385064,85481,0
01:07:29:411,120000574,168396908,386050,84049,0
01:07:29:611,120000455,167894587,387558,87750,0
01:07:29:811,120000572,168676496,384670,81122,0
01:07:30:011,120000455,167776890,386594,89078,0
01:07:30:211,120000575,168690826,385317,79877,0
01:07:30:411,120000572,167823348,386023,89797,0
01:07:30:611,120000575,168065261,385370,86175,0
01:07:30:811,120000570,168527438,385977,83055,0
01:07:31:011,120000568,167857750,386126,88179,0
01:07:31:211,120000569,168716309,386142,80702,0
01:07:31:411,120000565,167759316,385512,89366,0
01:07:31:611,120000577,168358007,384975,82458,0
01:07:31:811,120000572,168155206,386784,87184,0
01:07:32:011,120000574,167997294,386167,86887,0
01:07:32:611,120000484,265134100,403,153,0
01:07:32:611,120000484,265134100,403,153,0
01:07:32:811,120000610,241876840,89252,24516,0
01:07:33:011,120000458,168025421,386123,86456,0
01:07:33:211,120000580,168504262,387131,82713,0
01:07:33:411,120000579,167854052,385663,88377,0
01:07:33:611,120000577,168751366,386970,80492,0
01:07:33:811,120000606,167723515,384850,89452,0
01:07:34:011,120000574,168285101,385565,83453,0
01:07:34:211,120000454,168253616,385790,86148,0
01:07:34:411,120000569,167961067,386872,87103,0
01:07:34:611,120000581,168599201,386777,81800,0
01:07:35:011,120000459,168781026,387033,80054,0
01:07:35:211,120000569,167696599,385598,89749,0
01:07:35:411,120000569,168165621,384745,84736,0
01:07:35:611,120000572,168374697,385084,84687,0
01:07:35:811,120000574,167941239,386104,87740,0
01:07:36:011,120000564,168651398,387135,81214,0
01:07:36:211,120000566,167809909,385434,89063,0
01:07:36:411,120000577,168783213,386556,79768,0
01:07:36:611,120000572,167712086,385789,89938,0
01:07:36:811,120000574,168052265,386384,86142,0
01:07:37:011,120000577,168465770,386349,83088,0
01:07:37:211,120000561,167923979,385009,88020,0
01:07:37:411,120000565,168689955,386414,80780,0
01:07:37:611,120000560,167771882,385209,89243,0
01:07:37:811,120000578,168369899,386102,81189,0
01:07:38:011,120000453,168141766,385661,88580,0
01:07:38:211,120000551,168021244,386301,86694,0
01:07:38:411,120000449,168509022,387186,82418,0
01:07:38:611,120000582,167850047,385113,88469,0
01:07:38:811,120000582,168763722,386550,80441,0
01:07:39:011,120000572,167716537,384821,89553,0
01:07:39:211,120000578,168232599,385682,84158,0
01:07:39:411,120000558,168331890,385882,85370,0
01:07:39:611,120000577,167929070,386755,87119,0
01:07:39:811,120000568,168624787,385623,81559,0
01:07:40:011,120000574,167813253,385999,88824,0
01:07:40:211,120000568,168794854,387070,79924,0
01:07:40:411,120000563,167700856,385006,89723,0
01:07:40:611,120000448,168135216,385263,85260,0
01:07:40:811,120000579,168457594,385167,84039,0
01:07:41:011,120000566,167894709,386440,87765,0
01:07:41:211,120000572,168657955,386684,80981,0
01:07:41:411,120000532,167793579,385307,89010,0
01:07:41:611,120000568,168492439,385794,79759,0
01:07:41:811,120000464,168021146,386269,89773,0
01:07:42:011,120000568,168042553,386442,86461,0
01:07:42:211,120000694,168537156,385542,82693,0
01:07:42:411,120000568,167871769,385855,88327,0
01:07:42:611,120000575,168700701,387770,80499,0
01:07:42:811,120000581,167779375,384037,89363,0
01:07:43:011,120000573,168301200,386755,82297,0
01:07:43:211,120000581,168208202,385935,87142,0
01:07:43:411,120000577,168011610,384089,87054,0
01:07:43:611,120000566,168596834,386099,81769,0
01:07:43:811,120000577,167831981,385576,88652,0
01:07:44:011,120000524,168740693,386595,80204,0
01:07:44:211,120000580,167741698,384684,89669,0
01:07:44:411,120000577,168138270,386780,84870,0
01:07:44:611,120000577,168368720,387131,84692,0
01:07:44:811,120000458,167940745,385220,87455,0
01:07:45:011,120000571,168651093,386417,81424,0
01:07:45:211,120000445,167769027,386095,89009,0
01:07:45:411,120000577,168815811,386820,79853,0
01:07:45:611,120000454,167675151,386252,89952,0
01:07:45:811,120000565,168102038,385161,85896,0
01:07:46:011,120000567,168462621,385856,83435,0
01:07:46:211,120000569,167879990,386414,88086,0
01:07:46:411,120000583,168714113,385213,80881,0
01:07:46:611,120000571,167739094,386853,89249,0
01:07:46:811,120000578,168413686,384907,81250,0
01:07:47:011,120000576,168113602,385529,88475,0
01:07:47:211,120000567,168028872,385505,86710,0
01:07:47:411,120000572,168559209,385813,82434,0
01:07:47:611,120000566,167832030,386489,88509,0
01:07:48:011,120000511,262505788,11342,1709,0
01:07:48:211,120000594,257500460,27030,11937,0
01:07:48:411,120000568,168503698,385850,82581,0
01:07:48:611,120000565,167853607,386109,88395,0
01:07:48:811,120000563,168740664,386799,80571,0
01:07:49:011,120000524,167719109,384676,89576,0
01:07:49:211,120000575,168263191,386209,83546,0
01:07:49:411,120000586,168295316,383936,86200,0
01:07:49:611,120000580,167950034,385941,87147,0
01:07:49:811,120000542,168604407,386037,81775,0
01:07:50:011,120000591,167825187,386116,88691,0
01:07:50:211,120000546,168795251,386394,80072,0
01:07:50:411,120000578,167705740,384118,89775,0
01:07:50:611,120000466,168174312,385805,84722,0
01:07:50:811,120000568,168390821,385227,84675,0
01:07:51:011,120000565,167908869,386637,87734,0
01:07:51:211,120000576,168639908,387235,81233,0
01:07:51:411,120000570,167801715,384236,89146,0
01:07:51:611,120000577,168736343,385941,79858,0
01:07:51:811,120000577,167771438,384920,89942,0
01:07:52:011,120000577,168061967,385309,86223,0
01:07:52:211,120000573,168492267,385780,83090,0
01:07:52:411,120000575,167897658,385278,88175,0
01:07:52:611,120000560,168693136,386809,80698,0
01:07:52:811,120000568,167785409,384027,89465,0
01:07:53:011,120000577,168385086,386064,81102,0
01:07:53:211,120000486,168104033,386644,88490,0
01:07:53:411,120000578,168023805,385501,86911,0
01:07:53:611,120000451,168541538,386944,82082,0
01:07:53:811,120000572,167871425,384862,88433,0
01:07:54:011,120000442,168739593,386653,80292,0
01:07:54:211,120000567,167750253,384305,89640,0
01:07:54:411,120000567,168188591,386892,84186,0
01:07:54:611,120000574,168341989,384737,85309,0
01:07:54:811,120000569,167958297,386231,87186,0
01:07:55:011,120000548,168623619,385726,81645,0
01:07:55:211,120000573,167790141,386038,88884,0
01:07:55:411,120000572,168803416,386621,79909,0
01:07:55:611,120000575,167710079,385144,89837,0
01:07:55:811,120000554,168141130,385263,85522,0
01:07:56:011,120000577,168418088,385834,83963,0
01:07:56:211,120000572,167874957,387745,87910,0
01:07:56:411,120000578,168686971,385710,81083,0
01:07:56:611,120000517,167764557,386797,89106,0
01:07:56:811,120000580,168490860,385017,79838,0
01:07:57:011,120000458,168027244,385132,89907,0
01:07:57:211,120000565,168041268,385648,86452,0
01:07:57:411,120000450,168549684,386176,82727,0
01:07:57:611,120000573,167842798,385982,88338,0
01:07:57:811,120000579,168735442,386009,80527,0
01:07:58:011,120000563,167745769,385853,89483,0
01:07:58:211,120000569,168341423,385115,82380,0
01:07:58:411,120000574,168172274,386893,87325,0
01:07:58:611,120000565,167987855,385474,87121,0
01:07:58:811,120000579,168615254,386424,81808,0
01:07:59:011,120000578,167837165,385378,88624,0
01:07:59:211,120000452,168765453,386086,80072,0
01:07:59:411,120000580,167728289,385020,89683,0
01:07:59:611,120000575,168128109,387750,84740,0
01:07:59:811,120000580,168376330,386318,84615,0
01:08:00:011,120000546,167968425,385850,87477,0
01:08:00:211,120000568,168653887,384985,81347,0
01:08:00:411,120000464,167780560,385858,88921,0
01:08:00:611,120000555,168816377,387902,79820,0
01:08:00:811,120000460,167694662,384984,89960,0
01:08:01:011,120000577,168069015,385477,86273,0
01:08:01:211,120000578,168453065,386316,83065,0
01:08:01:411,120000571,167894053,384442,88057,0
01:08:01:611,120000577,168728174,386724,80869,0
01:08:01:811,120000575,167728850,385639,89304,0
01:08:02:011,120000579,168396808,386144,81280,0
01:08:02:211,120000463,168141388,384601,88458,0
01:08:02:411,120000580,168003963,385218,86669,0
01:08:02:611,120000569,168545878,387232,82440,0
01:08:02:811,120000568,167846763,386392,88576,0
01:08:03:011,120000557,168764290,386407,80375,0
01:08:03:611,120000459,265141642,401,172,0
01:08:03:611,120000459,265141642,401,172,0
01:08:03:811,120000483,190225190,81,164217,0
01:08:04:011,120000459,184328292,0,186460,0
01:08:04:211,120000449,184292851,0,187232,0
01:08:04:411,120000445,184296466,0,187223,0
01:08:04:611,120000451,184333216,0,186187,0
01:08:04:811,120000477,184272831,0,187854,0
01:08:05:011,120000456,184320851,0,186772,0
01:08:05:211,120000451,184348837,0,186497,0
01:08:05:411,120000453,184335543,0,186270,0
01:08:05:611,120000457,184302341,0,186942,0
01:08:05:811,120000462,184317394,0,186924,0
01:08:06:011,120000446,184400421,0,185490,0
01:08:06:211,120000458,184323923,0,186859,0
01:08:06:411,120000453,184322482,0,186422,0
01:08:06:611,120000453,184277636,0,187582,0
01:08:06:811,120000457,184296445,0,186973,0
01:08:07:011,120000458,184278053,0,187536,0
01:08:07:211,120000445,184347715,0,186355,0
01:08:07:411,120000456,184306650,0,186717,0
01:08:07:611,120000466,184309399,0,186653,0
01:08:07:811,120000459,184285886,0,187298,0
01:08:08:011,120000458,184285557,0,187334,0
01:08:08:211,120000450,184309723,0,186605,0
01:08:08:411,120000448,184311311,0,186586,0
01:08:08:611,120000452,184318884,1,186387,0
01:08:08:811,120000453,184288582,0,187194,0
01:08:09:011,120000464,184374801,0,185842,0
01:08:09:211,120000458,184393364,0,185597,0
01:08:09:411,120000456,184391192,0,185693,0
01:08:09:611,120000443,184378782,0,185533,0
01:08:09:811,120000444,184364035,0,185944,0
01:08:10:011,120000441,184294146,0,187134,0
01:08:10:211,120000457,184381144,0,185968,0
01:08:10:411,120000457,184394217,0,185638,0
01:08:10:611,120000449,184312149,0,186709,0
01:08:10:811,120000462,184386789,0,185800,0
01:08:11:011,120000461,184389897,0,185784,0
01:08:11:211,120000458,184310948,1,186791,0
01:08:11:411,120000437,184300021,0,186951,0
01:08:11:611,120000452,184325665,0,186488,0
01:08:11:811,120000454,184399527,1,185443,0
01:08:12:011,120000461,184363227,0,186127,0
01:08:12:211,120000445,184311477,0,186571,0
01:08:12:411,120000447,184374858,0,185887,0
01:08:12:611,120000458,184350316,0,186306,0
01:08:12:811,120000450,184390623,0,185683,0
01:08:13:011,120000457,184389771,0,185791,0
01:08:13:211,120000447,184372855,0,186181,0
01:08:13:411,120000460,184398390,0,185550,0
01:08:13:611,120000446,184391724,0,185627,0
01:08:13:811,120000452,184385726,0,185997,0
01:08:14:011,120000453,184387685,1,186010,0
01:08:14:211,120000461,184391201,0,185918,0
01:08:14:411,120000452,184400543,0,185391,0
01:08:14:611,120000449,184386053,0,185686,0
01:08:14:811,120000451,184296858,0,187053,0
01:08:15:011,120000453,184296190,0,187019,0
01:08:15:211,120000447,184275166,0,187647,0
01:08:15:411,120000449,184391021,0,185771,0
01:08:15:611,120000446,184387756,0,185980,0
01:08:15:811,120000458,184306153,0,187007,0
01:08:16:011,120000440,184301186,0,186825,0
01:08:16:211,120000453,184296390,0,187019,0
01:08:16:411,120000456,184305105,0,186829,0
01:08:16:611,120000442,184348559,0,186391,0
01:08:16:811,120000460,184394608,0,185639,0
01:08:17:011,120000447,184297430,0,186941,0
01:08:17:211,120000445,184305964,0,186861,0
01:08:17:411,120000461,184325657,0,186833,0
01:08:17:611,120000458,184394406,0,185591,0
01:08:17:811,120000454,184345414,0,186314,0
01:08:18:011,120000457,184392425,0,185636,0
01:08:18:211,120000458,184379412,0,185897,0
01:08:18:411,120000457,184386261,0,185797,0
01:08:19:011,120000460,265133921,403,152,0
01:08:19:011,120000460,265133921,403,152,0
01:08:19:211,120000449,195180100,58,160862,0
01:08:19:411,120000444,184391620,0,185605,0
01:08:19:611,120000456,184399796,0,185382,0
01:08:19:811,120000452,184396201,0,185588,0
01:08:20:011,120000453,184400499,0,185447,0
01:08:20:211,120000480,184394364,0,185580,0
01:08:20:411,120000459,184399489,0,185406,0
01:08:20:611,120000456,184392778,0,185612,0
01:08:20:811,120000453,184390070,0,185805,0
01:08:21:011,120000483,184378212,0,185635,0
01:08:21:211,120000452,184298477,0,187027,0
01:08:21:411,120000451,184304715,0,186755,0
01:08:21:611,120000445,184312537,0,186535,0
01:08:21:811,120000453,184302548,1,187034,0
01:08:22:011,120000455,184314389,0,186930,0
01:08:22:211,120000452,184299674,0,187035,0
01:08:22:411,120000443,184340577,0,186326,0
01:08:22:611,120000461,184371872,0,185969,0
01:08:22:811,120000458,184384709,1,185607,0
01:08:23:011,120000446,184315179,0,186663,0
01:08:23:211,120000449,184368551,0,185885,0
01:08:23:411,120000460,184377220,0,185994,0
01:08:23:611,120000447,184376997,0,185930,0
01:08:23:811,120000453,184294434,0,187073,0
01:08:24:011,120000450,184349347,0,186162,0
01:08:24:211,120000457,184395270,0,185618,0
01:08:24:411,120000458,184388410,0,185793,0
01:08:24:611,120000440,184324935,0,186773,0
01:08:24:811,120000457,184393099,0,185588,0
01:08:25:011,120000456,184383353,0,186050,0
01:08:25:211,120000455,184396508,0,185633,0
01:08:25:411,120000457,184393579,0,185606,0
01:08:25:611,120000446,184398755,0,185457,0
01:08:25:811,120000455,184399126,0,185471,0
01:08:26:011,120000450,184367445,0,186355,0
01:08:26:211,120000456,184398192,1,185528,0
01:08:26:411,120000458,184319295,0,186816,0
01:08:26:611,120000453,184316772,0,186622,0
01:08:26:811,120000453,184386094,0,185669,0
01:08:27:011,120000463,184284943,0,187569,0
01:08:27:211,120000448,184304791,1,186766,0
01:08:27:411,120000459,184324857,0,186272,0
01:08:27:611,120000451,184400248,0,185442,0
01:08:27:811,120000463,184391512,0,185630,0
01:08:28:011,120000466,184390396,0,185829,0
01:08:28:211,120000458,184388527,0,185512,0
01:08:28:411,120000454,184319499,0,186356,0
01:08:28:611,120000461,184313101,0,186657,0
01:08:28:811,120000448,184300096,0,186874,0
01:08:29:011,120000449,184306844,0,186772,0
01:08:29:211,120000458,184294324,0,187088,0
01:08:29:411,120000448,184295704,0,187024,0
01:08:29:611,120000453,184299286,0,187013,0
01:08:29:811,120000454,184320355,2,186648,0
01:08:30:011,120000457,184321902,0,186368,0
01:08:30:211,120000465,184375960,0,185905,0
01:08:30:411,120000454,184394083,0,185592,0
01:08:30:611,120000445,184396571,0,185390,0
01:08:30:811,120000458,184331559,1,186957,0
01:08:31:011,120000454,184393243,0,185889,0
01:08:31:211,120000448,184392268,0,185636,0
01:08:31:411,120000458,184400523,0,185446,0
01:08:31:611,120000444,184334724,0,186347,0
01:08:31:811,120000451,184312396,0,186557,0
01:08:32:011,120000456,184281197,0,187482,0
01:08:32:211,120000445,184291172,0,187202,0
01:08:32:411,120000444,184324031,0,186697,0
01:08:32:611,120000460,184293145,0,187038,0
01:08:32:811,120000453,184335682,0,186207,0
01:08:33:011,120000440,184397630,0,185440,0
01:08:33:211,120000450,184396085,0,185583,0
01:08:33:411,120000451,184395955,0,185617,0
01:08:33:611,120000453,184387067,0,185776,0
01:08:33:811,120000446,184388612,0,185791,0
01:08:34:411,120000449,265141358,401,161,0
01:08:34:411,120000449,265141358,401,161,0
01:08:34:611,120000452,208720385,126,129774,0
01:08:34:811,120000450,184393699,0,185609,0
01:08:35:011,120000463,184389282,0,185784,0
01:08:35:211,120000449,184388221,0,185684,0
01:08:35:411,120000446,184396847,0,185604,0
01:08:35:611,120000466,184337102,0,186967,0
01:08:35:811,120000460,184313253,0,186581,0
01:08:36:011,120000456,184297941,1,186985,0
01:08:36:211,120000453,184293143,0,187113,0
01:08:36:411,120000449,184357180,0,186156,0
01:08:36:611,120000438,184396375,0,185381,0
01:08:36:811,120000458,184391153,0,185649,0
01:08:37:011,120000444,184323602,0,186432,0
01:08:37:211,120000450,184293804,0,187061,0
01:08:37:411,120000453,184315138,0,186531,0
01:08:37:611,120000457,184391379,0,185537,0
01:08:37:811,120000449,184394789,0,185582,0
01:08:38:011,120000454,184398481,0,185402,0
01:08:38:211,120000449,184393004,0,185596,0
01:08:38:411,120000467,184390040,0,185812,0
01:08:38:611,120000446,184398004,0,185442,0
01:08:38:811,120000450,184397551,0,185580,0
01:08:39:011,120000464,184399870,0,185449,0
01:08:39:211,120000448,184357383,0,186051,0
01:08:39:411,120000451,184351043,0,186201,0
01:08:39:611,120000442,184302923,0,186794,0
01:08:39:811,120000449,184320204,0,186550,0
01:08:40:011,120000449,184288071,0,187209,0
01:08:40:211,120000458,184303741,0,186820,0
01:08:40:411,120000437,184321047,1,186671,0
01:08:40:611,120000461,184342514,0,186402,0
01:08:40:811,120000447,184296842,0,187075,0
01:08:41:011,120000454,184275784,0,187573,0
01:08:41:211,120000456,184312145,0,186632,0
01:08:41:411,120000455,184314360,0,186500,0
01:08:41:611,120000455,184370733,0,185992,0
01:08:41:811,120000453,184379021,0,185730,0
01:08:42:011,120000445,184300455,0,186881,0
01:08:42:211,120000445,184289539,0,187227,0
01:08:42:411,120000453,184311241,0,186562,0
01:08:42:611,120000450,184370931,0,185814,0
01:08:42:811,120000465,184397090,0,185642,0
01:08:43:011,120000451,184396672,0,185417,0
01:08:43:211,120000457,184400670,0,185434,0
01:08:43:411,120000448,184396110,0,185516,0
01:08:43:611,120000462,184397068,0,185421,0
01:08:43:811,120000445,184401019,0,185429,0
01:08:44:011,120000462,184396361,0,185598,0
01:08:44:211,120000456,184386870,0,185843,0
01:08:44:411,120000455,184398018,0,185420,0
01:08:44:611,120000448,184392018,0,185618,0
01:08:44:811,120000455,184298040,1,187082,0
01:08:45:011,120000457,184287463,0,187219,0
01:08:45:211,120000445,184389601,0,185807,0
01:08:45:411,120000448,184391982,0,185621,0
01:08:45:611,120000456,184337298,0,186560,0
01:08:45:811,120000456,184335835,0,186438,0
01:08:46:011,120000453,184324708,0,186268,0
01:08:46:211,120000451,184321415,0,186741,0
01:08:46:411,120000448,184341364,0,186350,0
01:08:46:611,120000445,184378330,0,185743,0
01:08:46:811,120000445,184385301,0,185824,0
01:08:47:011,120000452,184388286,0,185804,0
01:08:47:211,120000453,184401109,0,185422,0
01:08:47:411,120000459,184392750,0,185613,0
01:08:47:611,120000453,184389822,0,185825,0
01:08:47:811,120000454,184382589,0,185567,0
01:08:48:011,120000462,184316342,0,186413,0
01:08:48:211,120000441,184309812,0,186667,0
01:08:48:411,120000455,184388917,0,185617,0
01:08:48:611,120000460,184351747,0,186025,0
01:08:48:811,120000450,184305589,0,186980,0
01:08:49:011,120000450,184344621,0,186211,0
01:08:49:211,120000459,184401795,0,185415,0
01:08:49:811,120000463,265133883,403,155,0
01:08:49:811,120000463,265133883,403,155,0
01:08:50:011,120000467,222273516,192,98670,0
01:08:50:211,120000448,184365129,0,186117,0
01:08:50:411,120000461,184303818,0,186904,0
01:08:50:611,120000453,184318502,0,186732,0
01:08:50:811,120000451,184302277,0,186854,0
01:08:51:011,120000462,184291947,0,187253,0
01:08:51:211,120000448,184302185,0,186815,0
01:08:51:411,120000445,184373153,0,185912,0
01:08:51:611,120000453,184363917,0,186202,0
01:08:51:811,120000456,184304353,0,186791,0
01:08:52:011,120000460,184382101,0,185814,0
01:08:52:211,120000456,184348692,0,185910,0
01:08:52:411,120000466,184292047,0,187125,0
01:08:52:611,120000455,184311076,0,186606,0
01:08:52:811,120000459,184350034,0,186210,0
01:08:53:011,120000445,184318765,0,186445,0
01:08:53:211,120000453,184383028,0,185586,0
01:08:53:411,120000454,184384194,0,185837,0
01:08:53:611,120000454,184400221,1,185438,0
01:08:53:811,120000459,184399437,0,185436,0
01:08:54:011,120000452,184396371,0,185632,0
01:08:54:211,120000465,184393990,0,185611,0
01:08:54:411,120000458,184402214,0,185404,0
01:08:54:611,120000455,184395968,0,185576,0
01:08:54:811,120000449,184392970,0,185627,0
01:08:55:011,120000451,184283935,0,187392,0
01:08:55:211,120000457,184286132,0,187314,0
01:08:55:411,120000457,184287983,0,187301,0
01:08:55:611,120000454,184325700,0,186544,0
01:08:55:811,120000454,184317082,0,186799,0
01:08:56:011,120000457,184393971,0,185624,0
01:08:56:211,120000453,184392152,0,185650,0
01:08:56:411,120000461,184304895,0,186870,0
01:08:56:611,120000456,184329052,0,186496,0
01:08:56:811,120000445,184326812,0,186458,0
01:08:57:011,120000462,184314358,0,186580,0
01:08:57:211,120000449,184316885,0,186660,0
01:08:57:411,120000465,184313834,0,186691,0
01:08:57:611,120000449,184296295,0,186981,0
01:08:57:811,120000457,184309732,0,186688,0
01:08:58:011,120000440,184285297,0,187373,0
01:08:58:211,120000455,184296527,0,186934,0
01:08:58:411,120000451,184292890,0,187184,0
01:08:58:611,120000459,184281428,0,187412,0
01:08:58:811,120000453,184299250,0,186979,0
01:08:59:011,120000449,184316785,0,187054,0
01:08:59:211,120000451,184390924,0,185623,0
01:08:59:411,120000452,184354454,0,186326,0
01:08:59:611,120000452,184339393,0,186236,0
01:08:59:811,120000462,184299900,0,186950,0
01:09:00:011,120000442,184310625,0,187058,0
01:09:00:211,120000446,184320556,0,186761,0
01:09:00:411,120000453,184354277,0,186308,0
01:09:00:611,120000441,184398436,0,185395,0
01:09:00:811,120000455,184395179,0,185624,0
01:09:01:011,120000447,184322142,0,186584,0
01:09:01:211,120000449,184286970,0,187266,0
01:09:01:411,120000458,184319337,0,186452,0
01:09:01:611,120000451,184281405,0,187368,0
01:09:01:811,120000460,184330622,0,186459,0
01:09:02:011,120000450,184368318,0,185775,0
01:09:02:211,120000445,184325543,0,186293,0
01:09:02:411,120000458,184313234,0,186748,0
01:09:02:611,120000449,184323837,0,186261,0
01:09:02:811,120000454,184289116,0,187220,0
01:09:03:011,120000457,184312228,0,186529,0
01:09:03:211,120000446,184313518,0,186608,0
01:09:03:411,120000445,184310751,0,186590,0
01:09:03:611,120000457,184392632,0,185616,0
01:09:03:811,120000453,184344029,0,186230,0
01:09:04:011,120000449,184298416,0,186943,0
01:09:04:211,120000445,184309752,0,186720,0
01:09:04:411,120000455,184303609,0,187003,0
01:09:04:611,120000443,184394629,0,185611,0
01:09:05:211,120000479,265141061,401,148,0
01:09:05:211,120000479,265141061,401,148,0
01:09:05:411,120000452,235814463,260,67597,0
01:09:05:611,120000434,184402269,0,185420,0
01:09:05:811,120000458,184349831,0,185873,0
01:09:06:011,120000454,184325923,0,186457,0
01:09:06:211,120000448,184294818,0,187111,0
01:09:06:411,120000469,184300440,0,186823,0
01:09:06:611,120000449,184358396,0,186368,0
01:09:06:811,120000462,184352102,1,186236,0
01:09:07:011,120000448,184398132,0,185416,0
01:09:07:211,120000457,184396557,0,185589,0
01:09:07:611,120000440,184381901,0,185794,0
01:09:07:811,120000455,184363341,0,186110,0
01:09:08:011,120000447,184329371,0,186445,0
01:09:08:211,120000458,184323199,0,186721,0
01:09:08:411,120000456,184358142,0,186033,0
01:09:08:611,120000459,184304759,0,186883,0
01:09:08:811,120000454,184333080,0,186617,0
01:09:09:011,120000452,184391798,0,185570,0
01:09:09:211,120000450,184339621,0,186388,0
01:09:09:411,120000457,184305232,0,186744,0
01:09:09:611,120000454,184349832,0,186302,0
01:09:09:811,120000457,184369214,0,185889,0
01:09:10:011,120000455,184290454,0,187186,0
01:09:10:211,120000459,184306020,0,186841,0
01:09:10:411,120000466,184385500,0,185767,0
01:09:10:611,120000449,184313717,0,186780,0
01:09:10:811,120000452,184328572,0,186351,0
01:09:11:011,120000461,184347072,0,186099,0
01:09:11:211,120000450,184330421,0,186164,0
01:09:11:411,120000458,184317844,0,186783,0
01:09:11:611,120000445,184319347,1,186405,0
01:09:11:811,120000464,184313072,0,186573,0
01:09:12:011,120000437,184360925,0,186160,0
01:09:12:211,120000451,184385080,0,185720,0
01:09:12:411,120000463,184291965,0,187135,0
01:09:12:611,120000457,184300630,0,186977,0
01:09:12:811,120000448,184314401,0,186498,0
01:09:13:011,120000445,184306775,0,186770,0
01:09:13:211,120000455,184306591,0,186866,0
01:09:13:411,120000446,184320614,0,187100,0
01:09:13:611,120000446,184313091,0,186938,0
01:09:13:811,120000448,184301336,0,186859,0
01:09:14:011,120000456,184329765,0,186616,0
01:09:14:211,120000442,184317790,0,186593,0
01:09:14:411,120000453,184337384,0,186383,0
01:09:14:611,120000462,184389225,0,185659,0
01:09:14:811,120000448,184288993,0,187287,0
01:09:15:011,120000446,184382820,0,185678,0
01:09:15:211,120000453,184346756,0,186348,0
01:09:15:411,120000455,184364590,0,186142,0
01:09:15:611,120000454,184324953,1,186642,0
01:09:15:811,120000453,184347424,0,185887,0
01:09:16:011,120000461,184289491,0,187190,0
01:09:16:212,120000446,184372254,0,185998,0
01:09:16:412,120000445,184387367,0,185626,0
01:09:16:612,120000465,184352912,0,186053,0
01:09:16:812,120000469,184337808,0,186267,0
01:09:17:012,120000462,184292775,0,187154,0
01:09:17:212,120000466,184268160,0,187761,0
01:09:17:412,120000458,184394388,0,185682,0
01:09:17:612,120000454,184337045,0,186478,0
01:09:17:812,120000453,184347125,0,186176,0
01:09:18:012,120000468,184340658,0,186394,0
01:09:18:212,120000454,184301958,0,186787,0
01:09:18:412,120000459,184318983,0,186398,0
01:09:18:612,120000440,184279215,0,187491,0
01:09:18:812,120000461,184350248,0,185926,0
01:09:19:012,120000458,184298521,0,186945,0
01:09:19:212,120000461,184336490,0,186386,0
01:09:19:412,120000449,184351067,0,186128,0
01:09:19:612,120000456,184291157,0,187093,0
01:09:19:812,120000455,184298886,0,186927,0
01:09:20:012,120000451,184318917,0,186371,0
01:09:20:212,120000459,184308756,0,186803,0
01:09:20:612,120000464,265133773,404,169,0
01:09:20:812,120000455,248946999,324,37623,0
01:09:21:012,120000457,184291659,0,187094,0
01:09:21:212,120000453,184305261,0,186740,0
01:09:21:412,120000453,184325567,0,186290,0
01:09:21:612,120000453,184311478,0,186922,0
01:09:21:812,120000467,184299832,0,187020,0
01:09:22:012,120000479,184312039,0,186581,0
01:09:22:212,120000451,184313195,0,186696,0
01:09:22:412,120000442,184363699,0,185880,0
01:09:22:612,120000452,184327479,1,186680,0
01:09:22:812,120000446,184395493,0,185629,0
01:09:23:012,120000455,184280184,0,187473,0
01:09:23:212,120000452,184307876,0,186695,0
01:09:23:412,120000454,184324054,0,186325,0
01:09:23:612,120000464,184367455,0,186033,0
01:09:23:812,120000448,184393397,0,185675,0
01:09:24:012,120000457,184334964,0,186520,0
01:09:24:212,120000442,184287770,1,187225,0
01:09:24:412,120000461,184297609,2,187068,0
01:09:24:612,120000457,184391121,0,185661,0
01:09:24:812,120000454,184389732,0,185808,0
01:09:25:012,120000446,184356986,0,186341,0
01:09:25:212,120000448,184376376,1,185945,0
01:09:25:412,120000449,184315583,0,186817,0
01:09:25:612,120000456,184372526,0,186091,0
01:09:25:812,120000447,184396854,0,185614,0
01:09:26:012,120000456,184393324,0,185614,0
01:09:26:212,120000448,184324365,0,186598,0
01:09:26:412,120000456,184369147,0,185642,0
01:09:26:612,120000463,184290844,0,187104,0
01:09:26:812,120000463,184305039,0,186876,0
01:09:27:012,120000450,184311395,0,186572,0
01:09:27:212,120000443,184290174,0,187233,0
01:09:27:412,120000455,184284396,0,187344,0
01:09:27:612,120000455,184291437,0,187122,0
01:09:27:812,120000456,184335254,0,186604,0
01:09:28:012,120000448,184296042,0,187012,0
01:09:28:212,120000438,184334719,0,186787,0
01:09:28:412,120000461,184397887,0,185417,0
01:09:28:612,120000458,184394525,0,185580,0
01:09:28:812,120000445,184392615,0,185683,0
01:09:29:012,120000453,184391566,0,185615,0
01:09:29:212,120000445,184392871,0,185609,0
01:09:29:412,120000460,184393108,0,185623,0
01:09:29:612,120000441,184388781,0,185819,0
01:09:29:812,120000455,184387433,1,185775,0
01:09:30:012,120000459,184387797,0,185588,0
01:09:30:212,120000457,184400528,0,185432,0
01:09:30:412,120000446,184398462,0,185570,0
01:09:30:612,120000445,184397177,0,185585,0
01:09:30:812,120000443,184395947,0,185609,0
01:09:31:012,120000460,184376028,0,185593,0
01:09:31:212,120000458,184301084,0,187065,0
01:09:31:412,120000450,184296923,0,186991,0
01:09:31:612,120000447,184306938,0,186799,0
01:09:31:812,120000447,184292411,0,187099,0
01:09:32:012,120000452,184340362,0,186275,0
01:09:32:212,120000457,184318689,0,186432,0
01:09:32:412,120000453,184308195,0,186656,0
01:09:32:612,120000454,184360997,0,186008,0
01:09:32:812,120000457,184364633,0,185879,0
01:09:33:012,120000456,184306324,0,186714,0
01:09:33:212,120000453,184352196,0,186185,0
01:09:33:412,120000445,184396821,0,185470,0
01:09:33:612,120000453,184397469,0,185604,0
01:09:33:812,120000449,184391950,0,185644,0
01:09:34:012,120000461,184393304,0,185613,0
01:09:34:212,120000445,184392661,0,185629,0
01:09:34:412,120000452,184386588,0,185779,0
01:09:34:612,120000458,184389827,0,185799,0
01:09:34:812,120000451,184348035,0,185959,0
01:09:35:012,120000453,184305120,0,187062,0
01:09:35:212,120000459,184398969,0,185403,0
01:09:35:412,120000453,184393386,0,185634,0
01:09:35:612,120000456,184389230,0,185819,0
01:09:36:012,120000469,265141461,402,166,0
01:09:36:212,120000456,262507576,392,6266,0
01:09:36:412,120000460,184330690,0,186662,0
01:09:36:612,120000449,184378680,0,186034,0
01:09:36:812,120000458,184393861,0,185597,0
01:09:37:012,120000453,184388814,0,185814,0
01:09:37:212,120000457,184314396,0,186642,0
01:09:37:412,120000474,184307230,0,186697,0
01:09:37:612,120000458,184289959,0,187243,0
01:09:37:812,120000460,184313338,0,186855,0
01:09:38:012,120000442,184365023,0,186289,0
01:09:38:212,120000444,184393546,0,185606,0
01:09:38:412,120000452,184317227,0,186592,0
01:09:38:612,120000455,184305210,0,186692,0
01:09:38:812,120000454,184312550,0,186524,0
01:09:39:012,120000449,184292285,0,187172,0
01:09:39:212,120000441,184320608,0,186341,0
01:09:39:412,120000457,184321138,0,186622,0
01:09:39:612,120000456,184322027,0,186661,0
01:09:39:812,120000456,184294173,0,187043,0
01:09:40:012,120000457,184296914,0,187034,0
01:09:40:212,120000462,184297028,0,186943,0
01:09:40:412,120000454,184288045,0,187281,0
01:09:40:612,120000446,184306414,0,187039,0
01:09:40:812,120000448,184294405,0,187083,0
01:09:41:012,120000464,184385872,0,185856,0
01:09:41:212,120000446,184334442,0,186315,0
01:09:41:412,120000442,184299997,0,186974,0
01:09:41:612,120000452,184325040,0,186220,0
01:09:41:812,120000454,184385973,0,185655,0
01:09:42:012,120000454,184400406,0,185475,0
01:09:42:212,120000448,184349363,0,186415,0
01:09:42:412,120000442,184398608,0,185552,0
01:09:42:612,120000460,184356717,0,186180,0
01:09:42:812,120000460,184311890,0,186773,0
01:09:43:012,120000453,184349020,1,186180,0
01:09:43:212,120000456,184394945,0,185596,0
01:09:43:412,120000453,184359756,0,186096,0
01:09:43:612,120000442,184399686,0,185429,0
01:09:43:812,120000455,184394817,0,185621,0
01:09:44:012,120000453,184391156,0,185613,0
01:09:44:212,120000456,184392584,0,185623,0
01:09:44:412,120000451,184379389,0,185973,0
01:09:44:612,120000468,184380597,0,185892,0
01:09:44:812,120000465,184302018,0,186937,0
01:09:45:012,120000459,184355108,0,186050,0
01:09:45:212,120000449,184307447,0,186707,0
01:09:45:412,120000461,184296860,0,186959,0
01:09:45:612,120000445,184283743,0,187338,0
01:09:45:812,120000449,184381789,0,185827,0
01:09:46:012,120000456,184398681,0,185424,0
01:09:46:212,120000443,184392710,0,185623,0
01:09:46:412,120000457,184381994,0,185695,0
01:09:46:612,120000449,184301566,0,186885,0
01:09:46:812,120000456,184292201,0,187150,0
01:09:47:012,120000455,184294616,0,187799,0
01:09:47:212,120000453,184395452,0,185612,0
01:09:47:412,120000459,184390691,1,185601,0
01:09:47:612,120000453,184393074,0,185584,0
01:09:47:812,120000461,184389936,0,185592,0
01:09:48:012,120000448,184369632,0,185857,0
01:09:48:212,120000461,184396171,0,185605,0
01:09:48:412,120000458,184388488,0,185782,0
01:09:48:612,120000462,184398233,0,185430,0
01:09:48:812,120000451,184395744,0,185608,0
01:09:49:012,120000460,184386573,0,185799,0
01:09:49:212,120000468,184351835,0,186318,0
01:09:49:412,120000447,184399613,0,185399,0
01:09:49:612,120000449,184393703,0,185621,0
01:09:49:812,120000448,184398982,0,185419,0
01:09:50:012,120000452,184395868,0,185608,0
01:09:50:212,120000453,184401889,0,185416,0
01:09:50:412,120000466,184398309,0,185433,0
01:09:50:612,120000460,184390889,0,185711,0
01:09:50:812,120000450,184394900,0,185637,0
01:09:51:012,120000445,184394139,0,185564,0
01:09:51:612,120000448,265141594,401,146,0
01:09:51:612,120000448,265141594,401,146,0
01:09:51:812,120000448,195315481,60,160517,0
01:09:52:012,120000450,184393726,0,185608,0
01:09:52:212,120000448,184396087,0,185629,0
01:09:52:412,120000446,184392017,0,185632,0
01:09:52:612,120000456,184394825,0,185637,0
01:09:52:812,120000467,184398249,0,185435,0
01:09:53:012,120000450,184395460,0,185581,0
01:09:53:212,120000466,184400367,0,185441,0
01:09:53:412,120000448,184394376,0,185607,0
01:09:53:612,120000448,184319957,0,186393,0
01:09:53:812,120000449,184320108,0,186341,0
01:09:54:012,120000454,184336476,0,186398,0
01:09:54:212,120000465,184363417,0,185993,0
01:09:54:412,120000462,184309610,0,186648,0
01:09:54:612,120000454,184313935,0,186751,0
01:09:54:812,120000448,184374346,0,185844,0
01:09:55:012,120000459,184397942,0,185596,0
01:09:55:212,120000449,184394311,0,185610,0
01:09:55:412,120000464,184338660,0,186260,0
01:09:55:612,120000459,184307281,0,186959,0
01:09:55:812,120000445,184320674,0,186552,0
01:09:56:012,120000544,184334583,0,186653,0
01:09:56:212,120000457,184301489,1,186896,0
01:09:56:412,120000443,184340797,0,186611,0
01:09:56:612,120000458,184298632,0,187020,0
01:09:56:812,120000460,184302723,0,186854,0
01:09:57:012,120000456,184393538,0,185742,0
01:09:57:212,120000445,184328543,0,186209,0
01:09:57:412,120000457,184294257,0,187059,0
01:09:57:612,120000456,184353065,0,186200,0
01:09:57:812,120000440,184308325,0,186741,0
01:09:58:012,120000458,184389553,0,185650,0
01:09:58:212,120000450,184397129,0,185435,0
01:09:58:412,120000458,184395705,0,185619,0
01:09:58:612,120000451,184397073,0,185580,0
01:09:58:812,120000459,184371451,0,185796,0
01:09:59:012,120000445,184303444,0,186846,0
01:09:59:212,120000458,184347762,0,186319,0
01:09:59:412,120000455,184394257,0,185614,0
01:09:59:612,120000459,184402412,0,185448,0
01:09:59:812,120000449,184394571,0,185601,0
01:10:00:012,120000456,184400183,0,185454,0
01:10:00:212,120000454,184393091,0,185604,0
01:10:00:412,120000453,184396576,0,185408,0
01:10:00:612,120000454,184300482,1,186970,0
01:10:00:812,120000464,184300511,0,186854,0
01:10:01:012,120000457,184314012,0,186560,0
01:10:01:212,120000459,184292469,0,187048,0
01:10:01:412,120000449,184286168,0,187326,0
01:10:01:612,120000451,184297145,0,186930,0
01:10:01:812,120000454,184305958,0,186859,0
01:10:02:012,120000452,184401181,0,185449,0
01:10:02:212,120000453,184395458,0,185505,0
01:10:02:412,120000460,184341167,0,187131,0
01:10:02:612,120000448,184394650,0,185565,0
01:10:02:812,120000464,184378776,0,185963,0
01:10:03:012,120000460,184400189,0,185417,0
01:10:03:212,120000454,184397544,0,185413,0
01:10:03:412,120000453,184398463,0,185618,0
01:10:03:612,120000454,184376006,0,185831,0
01:10:03:812,120000457,184356540,0,186241,0
01:10:04:012,120000453,184391030,0,185789,0
01:10:04:212,120000462,184386821,0,185830,0
01:10:04:412,120000457,184398541,0,185405,0
01:10:04:612,120000458,184294294,0,187085,0
01:10:04:812,120000454,184321786,0,186678,0
01:10:05:012,120000453,184309845,0,186984,0
01:10:05:212,120000446,184347366,0,186283,0
01:10:05:412,120000444,184366123,0,186080,0
01:10:05:612,120000453,184394372,0,185621,0
01:10:05:812,120000458,184383723,0,185821,0
01:10:06:012,120000441,184294956,0,187062,0
01:10:06:212,120000454,184282167,0,187364,0
01:10:06:412,120000455,184341608,0,186708,0
01:10:07:012,120000465,265133716,403,153,0
01:10:07:012,120000465,265133716,403,153,0
01:10:07:212,120000452,208864384,126,129445,0
01:10:07:412,120000453,184311862,0,186651,0
01:10:07:612,120000456,184321694,0,186789,0
01:10:07:812,120000446,184300641,0,186905,0
01:10:08:012,120000458,184298208,0,186939,0
01:10:08:212,120000463,184292137,0,187116,0
01:10:08:412,120000463,184289395,0,187273,0
01:10:08:612,120000448,184292567,0,187084,0
01:10:08:812,120000456,184287375,0,187298,0
01:10:09:012,120000452,184336579,0,186257,0
01:10:09:212,120000449,184379062,0,186024,0
01:10:09:412,120000461,184387924,0,185790,0
01:10:09:612,120000459,184393605,0,185597,0
01:10:09:812,120000453,184400406,0,185421,0
01:10:10:012,120000454,184395298,0,185566,0
01:10:10:212,120000453,184400628,0,185402,0
01:10:10:412,120000464,184386452,0,185760,0
01:10:10:612,120000448,184395355,0,185578,0
01:10:10:812,120000443,184402903,0,185406,0
01:10:11:012,120000455,184390863,0,185615,0
01:10:11:212,120000454,184393323,0,185634,0
01:10:11:412,120000454,184393182,0,185596,0
01:10:11:612,120000457,184396446,0,185407,0
01:10:11:812,120000456,184374748,0,186354,0
01:10:12:012,120000461,184395330,0,185711,0
01:10:12:212,120000464,184400592,0,185689,0
01:10:12:412,120000445,184380346,0,186101,0
01:10:12:612,120000449,184388786,0,185741,0
01:10:12:812,120000442,184400548,0,185467,0
01:10:13:012,120000458,184394985,0,185550,0
01:10:13:212,120000440,184337597,0,186571,0
01:10:13:412,120000449,184283012,0,187291,0
01:10:13:612,120000445,184325310,0,186605,0
01:10:13:812,120000463,184299413,0,186949,0
01:10:14:012,120000450,184302198,0,186837,0
01:10:14:212,120000450,184282300,0,187419,0
01:10:14:412,120000459,184281648,0,187435,0
01:10:14:612,120000456,184299122,0,186990,0
01:10:14:812,120000458,184270945,0,187673,0
01:10:15:012,120000448,184290758,0,187117,0
01:10:15:212,120000456,184294130,0,187118,0
01:10:15:412,120000458,184294340,0,187094,0
01:10:15:612,120000448,184318561,0,186811,0
01:10:15:812,120000450,184303964,0,186748,0
01:10:16:012,120000449,184281552,0,187425,0
01:10:16:212,120000449,184295897,0,187067,0
01:10:16:412,120000441,184375025,0,185900,0
01:10:16:612,120000443,184388856,0,185830,0
01:10:16:812,120000452,184387630,0,185808,0
01:10:17:012,120000448,184339784,0,186195,0
01:10:17:212,120000452,184300736,0,186998,0
01:10:17:412,120000450,184310628,0,186590,0
01:10:17:612,120000467,184292846,0,187181,0
01:10:17:812,120000468,184298864,0,186890,0
01:10:18:012,120000446,184315662,0,186447,0
01:10:18:212,120000450,184307551,0,186770,0
01:10:18:412,120000448,184337146,0,186514,0
01:10:18:612,120000442,184401199,0,185430,0
01:10:18:812,120000445,184399177,0,185420,0
01:10:19:012,120000450,184394422,0,185608,0
01:10:19:212,120000452,184400274,0,185439,0
01:10:19:412,120000461,184375734,0,186130,0
01:10:19:612,120000455,184399408,0,185422,0
01:10:19:812,120000451,184393649,0,185616,0
01:10:20:012,120000448,184398859,0,185367,0
01:10:20:212,120000443,184397176,0,185383,0
01:10:20:412,120000459,184398229,0,185448,0
01:10:20:612,120000461,184398024,0,185513,0
01:10:20:812,120000461,184333347,0,186571,0
01:10:21:012,120000458,184377132,0,185900,0
01:10:21:212,120000457,184278911,0,187437,0
01:10:21:412,120000450,184323695,0,186616,0
01:10:21:612,120000454,184396328,0,185620,0
01:10:21:812,120000451,184386545,0,185786,0
01:10:22:412,120000467,265133320,403,162,0
01:10:22:412,120000467,265133320,403,162,0
01:10:22:612,120000444,222009479,190,99267,0
01:10:22:812,120000455,184400861,0,185450,0
01:10:23:012,120000442,184396877,0,185605,0
01:10:23:212,120000461,184328235,0,186519,0
01:10:23:412,120000462,184307974,0,186771,0
01:10:23:612,120000458,184276613,0,187455,0
01:10:23:812,120000449,184325034,0,186249,0
01:10:24:012,120000442,184360573,0,186153,0
01:10:24:212,120000452,184300682,0,186845,0
01:10:24:412,120000448,184304039,0,186887,0
01:10:24:612,120000449,184345000,0,186123,0
01:10:24:812,120000438,184349634,0,186137,0
01:10:25:012,120000453,184326852,0,186710,0
01:10:25:212,120000445,184393292,0,185617,0
01:10:25:412,120000466,184399156,0,185453,0
01:10:25:612,120000454,184318415,0,186545,0
01:10:25:812,120000449,184295153,0,187059,0
01:10:26:012,120000449,184320240,0,186558,0
01:10:26:212,120000459,184340565,0,186257,0
01:10:26:412,120000448,184396596,0,185627,0
01:10:26:612,120000448,184397685,0,185408,0
01:10:26:812,120000453,184396468,0,185429,0
01:10:27:012,120000450,184396181,0,185600,0
01:10:27:212,120000454,184386942,0,185815,0
01:10:27:412,120000442,184291955,0,187209,0
01:10:27:612,120000451,184281190,0,187432,0
01:10:27:812,120000452,184339769,0,186446,0
01:10:28:012,120000444,184291886,0,187149,0
01:10:28:212,120000453,184327330,0,186588,0
01:10:28:412,120000461,184331793,0,186551,0
01:10:28:612,120000451,184385310,0,185689,0
01:10:28:812,120000449,184350927,0,186307,0
01:10:29:012,120000453,184303102,0,186799,0
01:10:29:212,120000461,184360014,0,186026,0
01:10:29:412,120000453,184388723,0,185746,0
01:10:29:612,120000460,184394354,0,185581,0
01:10:29:812,120000451,184390027,0,185809,0
01:10:30:012,120000458,184336936,0,186290,0
01:10:30:212,120000457,184306850,0,186718,0
01:10:30:412,120000445,184378536,0,185800,0
01:10:30:612,120000457,184394595,0,185575,0
01:10:30:812,120000446,184371485,0,185900,0
01:10:31:012,120000450,184394566,0,185595,0
01:10:31:212,120000454,184293606,0,187148,0
01:10:31:412,120000447,184321784,1,186566,0
01:10:31:612,120000458,184388151,0,185517,0
01:10:31:812,120000453,184370433,0,185828,0
01:10:32:012,120000445,184302372,0,186813,0
01:10:32:212,120000456,184279574,0,187501,0
01:10:32:412,120000455,184292159,1,187131,0
01:10:32:612,120000448,184320762,0,186353,0
01:10:32:812,120000446,184325300,0,186701,0
01:10:33:012,120000454,184298985,0,186953,0
01:10:33:212,120000454,184349805,0,186153,0
01:10:33:412,120000446,184291826,0,187090,0
01:10:33:612,120000447,184342506,0,186518,0
01:10:33:812,120000456,184397737,0,185601,0
01:10:34:012,120000448,184316300,0,186662,0
01:10:34:212,120000463,184309131,0,186776,0
01:10:34:412,120000459,184327919,0,186438,0
01:10:34:612,120000444,184396059,0,185404,0
01:10:34:812,120000451,184398933,0,185404,0
01:10:35:012,120000449,184396627,0,185353,0
01:10:35:212,120000447,184311443,0,186628,0
01:10:35:412,120000464,184382948,1,185487,0
01:10:35:612,120000458,184392544,0,185593,0
01:10:35:812,120000454,184353649,0,186072,0
01:10:36:012,120000456,184350874,1,186293,0
01:10:36:212,120000455,184364515,0,186064,0
01:10:36:412,120000461,184363673,0,186142,0
01:10:36:612,120000453,184395338,0,185706,0
01:10:36:812,120000438,184347504,0,186204,0
01:10:37:012,120000461,184322065,0,186316,0
01:10:37:212,120000457,184380653,0,185914,0
01:10:37:812,120000478,265134400,403,155,0
01:10:37:812,120000478,265134400,403,155,0
01:10:38:012,120000454,235544004,258,68239,0
01:10:38:212,120000447,184306145,0,186763,0
01:10:38:412,120000441,184297609,0,186975,0
01:10:38:612,120000453,184293222,0,187148,0
01:10:38:812,120000453,184292279,0,187119,0
01:10:39:012,120000465,184280990,0,187432,0
01:10:39:212,120000457,184367040,0,186087,0
01:10:39:412,120000465,184382387,0,185617,0
01:10:39:612,120000458,184298746,0,186934,0
01:10:39:812,120000453,184278314,0,187472,0
01:10:40:212,120000441,184306001,1,186783,0
01:10:40:412,120000442,184354838,0,185782,0
01:10:40:612,120000452,184395021,0,185615,0
01:10:40:812,120000461,184317198,0,186670,0
01:10:41:012,120000438,184351515,0,185907,0
01:10:41:212,120000461,184291383,0,187219,0
01:10:41:412,120000437,184315805,0,186433,0
01:10:41:612,120000445,184284931,0,187382,0
01:10:41:812,120000452,184286888,0,187228,0
01:10:42:012,120000457,184301517,0,186889,0
01:10:42:212,120000447,184307450,0,186934,0
01:10:42:412,120000450,184397141,0,185429,0
01:10:42:612,120000445,184395294,0,185618,0
01:10:42:812,120000453,184289298,0,187229,0
01:10:43:012,120000454,184295761,0,187074,0
01:10:43:212,120000447,184313488,0,186604,0
01:10:43:412,120000452,184290215,0,187207,0
01:10:43:612,120000462,184300008,0,186962,0
01:10:43:812,120000440,184306156,0,186830,0
01:10:44:012,120000463,184282703,0,187420,0
01:10:44:212,120000454,184297688,0,186924,0
01:10:44:412,120000453,184284285,0,187265,0
01:10:44:612,120000461,184313212,0,186522,0
01:10:44:812,120000456,184362100,0,185943,0
01:10:45:012,120000455,184349359,0,186432,0
01:10:45:212,120000437,184292603,0,187109,0
01:10:45:412,120000460,184323690,0,186583,0
01:10:45:612,120000450,184367414,1,185982,0
01:10:45:812,120000461,184301972,0,186887,0
01:10:46:012,120000446,184297231,0,187040,0
01:10:46:212,120000445,184315328,0,186928,0
01:10:46:412,120000453,184400614,0,185426,0
01:10:46:612,120000459,184398239,0,185445,0
01:10:46:812,120000441,184394953,0,185589,0
01:10:47:012,120000453,184396824,0,185626,0
01:10:47:212,120000465,184385532,0,185840,0
01:10:47:412,120000446,184390652,0,185799,0
01:10:47:612,120000453,184398435,0,185388,0
01:10:47:812,120000454,184394044,0,185643,0
01:10:48:012,120000451,184400957,0,185407,0
01:10:48:212,120000459,184395162,0,185609,0
01:10:48:412,120000462,184403029,0,185409,0
01:10:48:612,120000466,184395747,0,185596,0
01:10:48:812,120000458,184391872,0,185582,0
01:10:49:012,120000453,184401984,0,185412,0
01:10:49:212,120000456,184398215,0,185575,0
01:10:49:412,120000464,184326956,0,186794,0
01:10:49:612,120000468,184286721,0,187216,0
01:10:49:812,120000459,184309056,0,186684,0
01:10:50:012,120000448,184291343,1,187179,0
01:10:50:212,120000465,184291417,0,187108,0
01:10:50:412,120000449,184302870,0,186908,0
01:10:50:612,120000450,184289261,0,187167,0
01:10:50:812,120000454,184304549,0,186803,0
01:10:51:012,120000456,184309527,0,186622,0
01:10:51:212,120000445,184286090,0,187271,0
01:10:51:412,120000453,184301867,0,186923,0
01:10:51:612,120000461,184303937,0,186975,0
01:10:51:812,120000457,184304007,0,186847,0
01:10:52:012,120000454,184366468,0,185828,0
01:10:52:212,120000446,184314710,0,186806,0
01:10:52:412,120000457,184291007,0,187292,0
01:10:52:612,120000448,184397499,0,185409,0
01:10:52:812,120000464,184398704,0,185450,0
01:10:53:212,120000460,265134054,404,172,0
01:10:53:412,120000457,249104660,324,37130,0
01:10:53:612,120000462,184399376,0,185422,0
01:10:53:812,120000459,184400870,0,185448,0
01:10:54:012,120000441,184393212,0,185590,0
01:10:54:212,120000458,184399469,0,185423,0
01:10:54:412,120000457,184385444,1,185714,0
01:10:54:612,120000466,184390822,0,185454,0
01:10:54:812,120000456,184396131,0,185605,0
01:10:55:012,120000451,184395782,0,185598,0
01:10:55:212,120000455,184398162,0,185459,0
01:10:55:412,120000450,184302298,0,187031,0
01:10:55:612,120000454,184394455,0,185573,0
01:10:55:812,120000450,184384523,0,185844,0
01:10:56:012,120000451,184334771,0,186669,0
01:10:56:212,120000455,184290418,0,187240,0
01:10:56:412,120000471,184313324,0,186522,0
01:10:56:612,120000446,184293154,0,187327,0
01:10:56:812,120000452,184397109,0,185429,0
01:10:57:012,120000453,184324609,0,186267,0
01:10:57:212,120000461,184327503,1,186682,0
01:10:57:412,120000453,184307072,0,186675,0
01:10:57:612,120000446,184337482,0,186366,0
01:10:57:812,120000451,184298522,0,186994,0
01:10:58:012,120000460,184302993,1,186799,0
01:10:58:212,120000459,184292111,0,187132,0
01:10:58:412,120000456,184339838,0,185935,0
01:10:58:612,120000453,184308092,0,186870,0
01:10:58:812,120000454,184383550,1,185699,0
01:10:59:012,120000458,184271347,0,187673,0
01:10:59:212,120000440,184296979,0,187021,0
01:10:59:412,120000452,184291901,1,187091,0
01:10:59:612,120000482,184286043,0,187401,0
01:10:59:812,120000449,184358699,0,186244,0
01:11:00:012,120000456,184392783,0,185601,0
01:11:00:212,120000456,184322947,0,186377,0
01:11:00:412,120000453,184277591,0,187481,0
01:11:00:612,120000453,184349358,0,186379,0
01:11:00:812,120000457,184394978,0,185504,0
01:11:01:012,120000453,184385349,0,185800,0
01:11:01:212,120000454,184336540,0,186470,0
01:11:01:412,120000446,184376371,0,185825,0
01:11:01:612,120000461,184391250,0,185737,0
01:11:01:812,120000460,184373032,0,185830,0
01:11:02:012,120000458,184299901,0,186924,0
01:11:02:212,120000449,184393119,0,185431,0
01:11:02:412,120000453,184393237,0,185618,0
01:11:02:612,120000456,184389205,0,185807,0
01:11:02:812,120000445,184387241,0,185778,0
01:11:03:012,120000480,184392369,0,185638,0
01:11:03:212,120000450,184377256,1,185974,0
01:11:03:412,120000459,184394329,0,185491,0
01:11:03:612,120000457,184399421,0,185421,0
01:11:03:812,120000449,184395988,0,185594,0
01:11:04:012,120000461,184398764,0,185405,0
01:11:04:212,120000456,184297559,0,186990,0
01:11:04:412,120000458,184338174,0,185885,0
01:11:04:612,120000444,184305557,0,186776,0
01:11:04:812,120000449,184291120,1,187131,0
01:11:05:012,120000453,184301068,0,186913,0
01:11:05:212,120000451,184314683,0,186496,0
01:11:05:412,120000442,184297947,0,186935,0
01:11:05:612,120000452,184339399,0,186418,0
01:11:05:812,120000456,184393057,0,185611,0
01:11:06:012,120000461,184316528,1,186712,0
01:11:06:212,120000442,184282870,0,187322,0
01:11:06:412,120000448,184329029,0,186682,0
01:11:06:612,120000449,184400375,0,185471,0
01:11:06:812,120000449,184383568,0,185860,0
01:11:07:012,120000457,184400805,0,185429,0
01:11:07:212,120000453,184396358,0,185529,0
01:11:07:412,120000462,184383861,0,185754,0
01:11:07:612,120000458,184303408,1,186856,0
01:11:07:812,120000454,184279727,0,187464,0
01:11:08:012,120000453,184296565,0,187020,0
01:11:08:212,120000467,184351752,0,186186,0
01:11:08:612,120000472,265133797,404,166,0
01:11:08:812,120000452,262652549,392,5899,0
01:11:09:012,120000440,184330400,0,186841,0
01:11:09:212,120000451,184394020,0,185602,0
01:11:09:412,120000459,184379600,0,185836,0
01:11:09:612,120000446,184386393,0,185812,0
01:11:09:812,120000448,184361797,0,186116,0
01:11:10:012,120000462,184308794,0,186781,0
01:11:10:212,120000441,184283526,0,187371,0
01:11:10:412,120000453,184289611,0,187220,0
01:11:10:612,120000450,184282526,0,187340,0
01:11:10:812,120000456,184302111,0,186845,0
01:11:11:012,120000454,184291033,0,187236,0
01:11:11:212,120000456,184392981,0,185624,0
01:11:11:412,120000457,184392455,0,185642,0
01:11:11:612,120000445,184393586,0,185621,0
01:11:11:812,120000449,184351461,0,185925,0
01:11:12:012,120000459,184291126,1,187214,0
01:11:12:212,120000454,184354218,0,186228,0
01:11:12:412,120000452,184363169,0,186053,0
01:11:12:612,120000462,184340833,0,186511,0
01:11:12:812,120000438,184387294,0,185801,0
01:11:13:012,120000450,184347040,0,186425,0
01:11:13:212,120000443,184381335,0,185772,0
01:11:13:412,120000458,184394160,0,185667,0
01:11:13:612,120000459,184391832,0,185613,0
01:11:13:812,120000449,184401577,0,185386,0
01:11:14:012,120000464,184393165,0,185602,0
01:11:14:212,120000467,184387717,0,185796,0
01:11:14:412,120000457,184400519,0,185401,0
01:11:14:612,120000453,184382722,0,185701,0
01:11:14:812,120000455,184294622,0,187084,0
01:11:15:012,120000453,184304803,0,186829,0
01:11:15:212,120000449,184291290,0,187087,0
01:11:15:412,120000458,184299173,0,187001,0
01:11:15:612,120000452,184323630,0,186217,0
01:11:15:812,120000452,184313932,0,186566,0
01:11:16:012,120000444,184369417,0,186173,0
01:11:16:212,120000454,184396649,0,185589,0
01:11:16:412,120000459,184369484,0,186064,0
01:11:16:612,120000448,184288014,1,187244,0
01:11:16:812,120000461,184375457,0,185851,0
01:11:17:012,120000448,184392927,0,185601,0
01:11:17:212,120000457,184371232,0,185892,0
01:11:17:412,120000455,184350389,0,186222,0
01:11:17:612,120000460,184397533,0,185411,0
01:11:17:812,120000465,184394173,0,185598,0
01:11:18:012,120000450,184387074,1,185814,0
01:11:18:212,120000459,184389235,0,185794,0
01:11:18:412,120000448,184296182,0,187073,0
01:11:18:612,120000445,184297076,0,187077,0
01:11:18:812,120000459,184391389,0,185684,0
01:11:19:012,120000453,184321184,0,186538,0
01:11:19:212,120000460,184301447,0,186920,0
01:11:19:412,120000442,184297741,0,186890,0
01:11:19:612,120000459,184326974,0,186431,0
01:11:19:812,120000456,184396028,0,185476,0
01:11:20:012,120000440,184319318,1,186658,0
01:11:20:212,120000458,184330571,0,186492,0
01:11:20:412,120000448,184312062,0,186529,0
01:11:20:612,120000456,184329899,0,186469,0
01:11:20:812,120000462,184367860,0,185934,0
01:11:21:012,120000446,184314660,0,186490,0
01:11:21:212,120000456,184308843,0,186872,0
01:11:21:412,120000464,184294350,0,187023,0
01:11:21:612,120000447,184291745,0,187194,0
01:11:21:812,120000460,184311874,0,186554,0
01:11:22:012,120000451,184340484,0,186442,0
01:11:22:212,120000452,184313367,0,186783,0
01:11:22:412,120000445,184318598,0,186398,0
01:11:22:612,120000452,184288993,0,187311,0
01:11:22:812,120000454,184379447,0,185800,0
01:11:23:012,120000462,184342354,0,186338,0
01:11:23:212,120000451,184298140,0,187105,0
01:11:23:412,120000448,184314910,0,186602,0
01:11:23:612,120000440,184378030,0,185788,0
01:11:24:212,120000448,265141718,401,155,0
01:11:24:212,120000448,265141718,401,155,0
01:11:24:412,120000449,194957136,58,162646,0
01:11:24:612,120000448,184293556,0,187156,0
01:11:24:812,120000461,184297352,0,186979,0
01:11:25:012,120000454,184289139,0,187270,0
01:11:25:212,120000441,184303442,0,186855,0
01:11:25:412,120000467,184283722,0,187310,0
01:11:25:612,120000445,184302773,0,186866,0
01:11:25:812,120000452,184283421,0,187332,0
01:11:26:012,120000462,184352809,0,185973,0
01:11:26:212,120000446,184306060,0,186702,0
01:11:26:412,120000457,184286727,0,187229,0
01:11:26:612,120000458,184373331,0,185983,0
01:11:26:812,120000446,184393514,0,185587,0
01:11:27:012,120000445,184401795,0,185420,0
01:11:27:212,120000467,184393128,0,185619,0
01:11:27:412,120000446,184387536,0,185755,0
01:11:27:612,120000463,184379600,0,185947,0
01:11:27:812,120000468,184387003,0,185809,0
01:11:28:012,120000453,184369999,0,186157,0
01:11:28:212,120000456,184386552,0,185794,0
01:11:28:412,120000445,184321665,0,186678,0
01:11:28:612,120000453,184398697,0,185423,0
01:11:28:812,120000461,184398255,0,185464,0
01:11:29:012,120000457,184398439,0,185489,0
01:11:29:212,120000446,184392854,0,185612,0
01:11:29:412,120000453,184393053,0,185624,0
01:11:29:612,120000451,184372586,0,186072,0
01:11:29:812,120000448,184380227,0,185710,0
01:11:30:012,120000459,184333224,0,186474,0
01:11:30:212,120000444,184289629,0,188053,0
01:11:30:412,120000447,184393558,0,185635,0
01:11:30:612,120000453,184395484,0,185594,0
01:11:30:812,120000459,184313642,0,186600,0
01:11:31:012,120000442,184313998,0,186548,0
01:11:31:212,120000461,184301826,0,186838,0
01:11:31:412,120000445,184386956,0,185691,0
01:11:31:612,120000445,184394085,0,185597,0
01:11:31:812,120000457,184393247,0,185616,0
01:11:32:012,120000451,184389861,0,185813,0
01:11:32:212,120000460,184397267,0,185396,0
01:11:32:412,120000449,184305034,0,187077,0
01:11:32:612,120000444,184290330,0,187162,0
01:11:32:812,120000449,184281226,0,187434,0
01:11:33:012,120000445,184316740,0,186497,0
01:11:33:212,120000460,184363784,0,185967,0
01:11:33:412,120000450,184287484,0,187310,0
01:11:33:612,120000448,184293224,0,187102,0
01:11:33:812,120000441,184299301,0,186906,0
01:11:34:012,120000449,184283408,0,187441,0
01:11:34:212,120000462,184375068,0,185995,0
01:11:34:412,120000447,184384790,0,185971,0
01:11:34:612,120000445,184392409,0,185647,0
01:11:34:812,120000457,184389923,0,185806,0
01:11:35:012,120000456,184399074,1,185409,0
01:11:35:212,120000462,184393997,0,185612,0
01:11:35:412,120000465,184399200,0,185425,0
01:11:35:612,120000460,184395446,0,185627,0
01:11:35:812,120000452,184399720,0,185409,0
01:11:36:012,120000445,184398436,0,185396,0
01:11:36:212,120000461,184398013,0,185461,0
01:11:36:412,120000464,184396459,0,185606,0
01:11:36:612,120000448,184395412,0,185605,0
01:11:36:812,120000445,184403186,0,185437,0
01:11:37:012,120000453,184393921,0,185601,0
01:11:37:212,120000461,184394010,0,185642,0
01:11:37:412,120000446,184398505,0,185392,0
01:11:37:612,120000449,184399485,0,185385,0
01:11:37:812,120000447,184400154,0,185444,0
01:11:38:012,120000448,184389930,0,185717,0
01:11:38:212,120000442,184315720,0,186424,0
01:11:38:412,120000447,184299137,0,186995,0
01:11:38:612,120000442,184294832,0,187020,0
01:11:38:812,120000464,184296351,0,187076,0
01:11:39:012,120000456,184375626,0,185784,0
01:11:39:612,120000453,265134053,403,157,0
01:11:39:612,120000453,265134053,403,157,0
01:11:39:812,120000460,208592505,124,130511,0
01:11:40:012,120000467,184358376,0,186162,0
01:11:40:212,120000454,184379539,0,185751,0
01:11:40:412,120000448,184300670,0,186868,0
01:11:40:612,120000444,184294182,0,187042,0
01:11:40:812,120000469,184309044,0,186691,0
01:11:41:012,120000461,184305867,0,186722,0
01:11:41:212,120000457,184308233,0,186712,0
01:11:41:412,120000454,184311360,0,186605,0
01:11:41:612,120000458,184278910,0,187464,0
01:11:41:812,120000448,184288691,0,187278,0
01:11:42:012,120000457,184363910,0,185865,0
01:11:42:212,120000454,184358344,0,186064,0
01:11:42:412,120000446,184269791,0,187771,0
01:11:42:612,120000458,184282012,0,187379,0
01:11:42:812,120000449,184383392,0,185601,0
01:11:43:012,120000456,184395207,0,185540,0
01:11:43:212,120000461,184379145,0,186052,0
01:11:43:412,120000454,184319177,0,186585,0
01:11:43:612,120000454,184291034,0,187224,0
01:11:43:812,120000452,184322704,1,186336,0
01:11:44:012,120000442,184347562,0,186244,0
01:11:44:212,120000458,184309221,0,186685,0
01:11:44:412,120000459,184300842,0,186904,0
01:11:44:612,120000462,184288928,0,187259,0
01:11:44:812,120000456,184313947,0,186773,0
01:11:45:012,120000452,184367736,0,185948,0
01:11:45:212,120000458,184400757,0,185433,0
01:11:45:412,120000449,184317950,0,186689,0
01:11:45:612,120000444,184382155,0,185706,0
01:11:45:812,120000449,184332450,0,186421,0
01:11:46:012,120000453,184329569,0,186582,0
01:11:46:212,120000446,184394452,0,185618,0
01:11:46:412,120000452,184397225,0,185406,0
01:11:46:612,120000462,184399906,0,185396,0
01:11:46:812,120000445,184396881,0,185442,0
01:11:47:012,120000449,184398965,0,185403,0
01:11:47:212,120000449,184352030,0,186360,0
01:11:47:412,120000457,184293169,0,187076,0
01:11:47:612,120000448,184311765,0,186886,0
01:11:47:812,120000446,184374398,0,185797,0
01:11:48:012,120000448,184395221,0,185602,0
01:11:48:212,120000451,184352156,0,186241,0
01:11:48:412,120000452,184378314,0,185794,0
01:11:48:612,120000448,184380337,0,185900,0
01:11:48:812,120000461,184391442,0,185660,0
01:11:49:012,120000458,184389027,0,185813,0
01:11:49:212,120000453,184311914,0,186779,0
01:11:49:412,120000464,184303093,0,186785,0
01:11:49:612,120000461,184302048,0,187045,0
01:11:49:812,120000456,184398993,0,185424,0
01:11:50:012,120000454,184396712,0,185627,0
01:11:50:212,120000460,184310878,0,187545,0
01:11:50:412,120000459,184391673,0,185589,0
01:11:50:612,120000451,184394823,0,185608,0
01:11:50:812,120000463,184395183,0,185592,0
01:11:51:012,120000460,184398310,0,185400,0
01:11:51:212,120000455,184399459,0,185403,0
01:11:51:412,120000450,184393716,0,185603,0
01:11:51:612,120000460,184399649,0,185406,0
01:11:51:812,120000450,184397762,0,185416,0
01:11:52:012,120000452,184398644,0,185585,0
01:11:52:212,120000451,184394270,0,185596,0
01:11:52:412,120000470,184398720,0,185417,0
01:11:52:612,120000462,184396438,0,185411,0
01:11:52:812,120000465,184339596,0,186064,0
01:11:53:012,120000455,184291455,0,187197,0
01:11:53:212,120000452,184304234,0,186785,0
01:11:53:412,120000454,184303474,0,187122,0
01:11:53:612,120000443,184367461,0,185895,0
01:11:53:812,120000441,184300229,0,186917,0
01:11:54:012,120000449,184392375,0,185559,0
01:11:54:212,120000446,184397945,0,185443,0
01:11:54:412,120000461,184392779,0,185604,0
01:11:55:012,120000474,265142165,401,159,0
01:11:55:012,120000474,265142165,401,159,0
01:11:55:212,120000457,222118534,192,99097,0
01:11:55:412,120000455,184282334,0,187467,0
01:11:55:612,120000453,184284321,0,187332,0
01:11:55:812,120000447,184379271,0,185811,0
01:11:56:012,120000450,184382163,1,185760,0
01:11:56:212,120000480,184323747,0,186388,0
01:11:56:412,120000444,184365799,0,185936,0
01:11:56:612,120000451,184395789,0,185637,0
01:11:56:812,120000452,184321212,0,186875,0
01:11:57:012,120000446,184393589,1,185637,0
01:11:57:212,120000445,184399391,0,185408,0
01:11:57:412,120000450,184395717,0,185638,0
01:11:57:612,120000454,184387265,0,185796,0
01:11:57:812,120000457,184403302,0,185442,0
01:11:58:012,120000461,184394096,0,185603,0
01:11:58:212,120000457,184384041,0,185868,0
01:11:58:412,120000448,184394815,0,185629,0
01:11:58:612,120000452,184390956,0,185691,0
01:11:58:812,120000454,184380647,0,186178,0
01:11:59:012,120000456,184398045,0,185382,0
01:11:59:212,120000453,184394232,0,185618,0
01:11:59:412,120000462,184390096,0,185811,0
01:11:59:612,120000445,184396193,0,185420,0
01:11:59:812,120000461,184402678,0,185415,0
01:12:00:012,120000451,184393225,0,185593,0
01:12:00:212,120000452,184398458,0,185419,0
01:12:00:412,120000465,184400332,0,185423,0
01:12:00:612,120000457,184394885,0,185582,0
01:12:00:812,120000449,184396296,0,185602,0
01:12:01:012,120000446,184398800,0,185416,0
01:12:01:212,120000457,184395581,0,185614,0
01:12:01:412,120000445,184387331,1,185805,0
01:12:01:612,120000456,184391955,0,185618,0
01:12:01:812,120000450,184396259,0,185594,0
01:12:02:012,120000462,184394248,0,185589,0
01:12:02:212,120000447,184389457,0,185674,0
01:12:02:412,120000456,184398640,0,185426,0
01:12:02:612,120000462,184396588,0,185413,0
01:12:02:812,120000448,184399546,0,185392,0
01:12:03:012,120000454,184393570,0,185587,0
01:12:03:212,120000445,184388134,0,185790,0
01:12:03:412,120000457,184379427,0,185960,0
01:12:03:612,120000449,184396231,0,185444,0
01:12:03:812,120000457,184401998,0,185426,0
01:12:04:012,120000447,184393284,0,185567,0
01:12:04:212,120000462,184399032,0,185386,0
01:12:04:412,120000450,184398045,0,185441,0
01:12:04:612,120000453,184393103,0,185614,0
01:12:04:812,120000454,184391494,0,185784,0
01:12:05:012,120000465,184399894,0,185422,0
01:12:05:212,120000466,184397492,0,185598,0
01:12:05:412,120000450,184392106,0,185597,0
01:12:05:612,120000447,184394772,0,185633,0
01:12:05:812,120000454,184395630,0,185598,0
01:12:06:012,120000469,184394789,0,185594,0
01:12:06:212,120000454,184398781,0,185546,0
01:12:06:412,120000446,184382705,0,185688,0
01:12:06:612,120000453,184314915,0,186833,0
01:12:06:812,120000448,184332616,0,186668,0
01:12:07:012,120000460,184392877,0,185616,0
01:12:07:212,120000464,184389668,0,185807,0
01:12:07:412,120000464,184395021,0,185610,0
01:12:07:612,120000440,184395667,0,185622,0
01:12:07:812,120000461,184391662,0,185627,0
01:12:08:012,120000463,184399568,0,185418,0
01:12:08:212,120000456,184395295,0,185599,0
01:12:08:412,120000457,184399868,0,185386,0
01:12:08:612,120000462,184395216,0,185621,0
01:12:08:812,120000453,184390415,0,185604,0
01:12:09:012,120000459,184319116,0,186417,0
01:12:09:212,120000446,184292234,0,187146,0
01:12:09:412,120000450,184311215,0,186872,0
01:12:09:612,120000456,184400739,0,185412,0
01:12:09:812,120000458,184393267,0,185599,0
01:12:10:412,120000463,265134260,403,163,0
01:12:10:412,120000463,265134260,403,163,0
01:12:10:612,120000464,235670906,258,68290,0
01:12:10:812,120000444,184311289,0,186669,0
01:12:11:012,120000449,184396947,0,185626,0
01:12:11:212,120000458,184351850,0,186089,0
01:12:11:412,120000451,184377092,0,185847,0
01:12:11:612,120000475,184395905,0,185595,0
01:12:11:812,120000448,184310107,0,186649,0
01:12:12:012,120000447,184335810,0,186235,0
01:12:12:212,120000444,184307692,0,186658,0
01:12:12:412,120000442,184290792,0,187200,0
01:12:12:812,120000460,184351148,0,186235,0
01:12:13:012,120000457,184346371,0,186092,0
01:12:13:212,120000458,184348176,0,186046,0
01:12:13:412,120000454,184287484,0,187165,0
01:12:13:612,120000461,184297492,0,186985,0
01:12:13:812,120000453,184306355,0,186733,0
01:12:14:012,120000453,184294417,0,187157,0
01:12:14:212,120000449,184303912,0,187217,0
01:12:14:412,120000440,184398252,0,185454,0
01:12:14:612,120000450,184395395,1,185571,0
01:12:14:812,120000457,184392683,0,185629,0
01:12:15:012,120000453,184294056,0,187336,0
01:12:15:212,120000456,184289548,1,187166,0
01:12:15:412,120000462,184392011,0,185704,0
01:12:15:612,120000451,184390444,0,185707,0
01:12:15:812,120000459,184369924,0,185878,0
01:12:16:012,120000442,184299839,0,186950,0
01:12:16:212,120000443,184385231,0,185721,0
01:12:16:412,120000446,184379526,0,185977,0
01:12:16:612,120000457,184280250,0,187407,0
01:12:16:812,120000459,184379372,0,185687,0
01:12:17:012,120000446,184389081,0,185781,0
01:12:17:212,120000448,184386322,0,185787,0
01:12:17:412,120000462,184306307,0,187097,0
01:12:17:612,120000446,184297237,0,186968,0
01:12:17:812,120000464,184286286,0,187293,0
01:12:18:012,120000468,184331755,0,186112,0
01:12:18:212,120000454,184304435,0,186756,0
01:12:18:412,120000445,184326272,0,186242,0
01:12:18:612,120000459,184353422,0,186016,0
01:12:18:812,120000477,184398846,0,185453,0
01:12:19:012,120000445,184393719,1,185720,0
01:12:19:212,120000450,184398265,0,185438,0
01:12:19:412,120000461,184396426,0,185588,0
01:12:19:612,120000449,184391642,0,185624,0
01:12:19:812,120000459,184396808,0,185596,0
01:12:20:012,120000449,184361164,0,186225,0
01:12:20:212,120000456,184284684,0,187283,0
01:12:20:412,120000458,184345744,0,186033,0
01:12:20:612,120000456,184373155,0,185520,0
01:12:20:812,120000459,184374305,0,185950,0
01:12:21:012,120000449,184348980,0,186883,0
01:12:21:212,120000457,184340932,0,186116,0
01:12:21:412,120000445,184334957,0,186351,0
01:12:21:612,120000449,184281952,0,187371,0
01:12:21:812,120000460,184317277,0,186633,0
01:12:22:012,120000465,184396709,0,185435,0
01:12:22:212,120000459,184385859,0,185725,0
01:12:22:413,120000454,184401454,0,185417,0
01:12:22:613,120000448,184394053,0,185613,0
01:12:22:813,120000445,184391718,0,185749,0
01:12:23:013,120000449,184388612,0,185827,0
01:12:23:213,120000450,184396434,0,185575,0
01:12:23:413,120000465,184346491,0,186377,0
01:12:23:613,120000460,184334612,0,186413,0
01:12:23:813,120000448,184377333,0,185746,0
01:12:24:013,120000438,184393763,0,185587,0
01:12:24:213,120000461,184392317,0,185777,0
01:12:24:413,120000446,184384886,0,185790,0
01:12:24:613,120000449,184293072,0,187121,0
01:12:24:813,120000447,184303153,0,186883,0
01:12:25:013,120000450,184352084,0,186365,0
01:12:25:213,120000453,184338753,0,186539,0
01:12:25:413,120000463,184288893,0,187190,0
01:12:25:813,120000477,265141170,402,162,0
01:12:26:013,120000453,249222099,326,37096,0
01:12:26:213,120000448,184278234,0,187547,0
01:12:26:413,120000444,184316328,0,186381,0
01:12:26:613,120000447,184344162,0,186492,0
01:12:26:813,120000450,184388799,0,185659,0
01:12:27:013,120000444,184287180,0,187232,0
01:12:27:213,120000474,184302043,0,186951,0
01:12:27:413,120000454,184293266,0,187086,0
01:12:27:613,120000465,184293970,0,187043,0
01:12:27:813,120000450,184353306,0,186324,0
01:12:28:013,120000456,184395557,0,185475,0
01:12:28:213,120000457,184396586,0,185613,0
01:12:28:413,120000451,184400525,0,185429,0
01:12:28:613,120000455,184394132,0,185599,0
01:12:28:813,120000455,184386771,0,185805,0
01:12:29:013,120000454,184390391,0,185625,0
01:12:29:213,120000459,184395715,0,185596,0
01:12:29:413,120000446,184308429,0,186946,0
01:12:29:613,120000450,184306291,0,186755,0
01:12:29:813,120000441,184303342,0,187136,0
01:12:30:013,120000460,184394822,0,185589,0
01:12:30:213,120000450,184397900,0,185428,0
01:12:30:413,120000453,184388407,0,185805,0
01:12:30:613,120000453,184400577,0,185520,0
01:12:30:813,120000461,184394183,0,185588,0
01:12:31:013,120000454,184400237,0,185444,0
01:12:31:213,120000441,184394593,0,185629,0
01:12:31:413,120000449,184396938,0,185393,0
01:12:31:613,120000456,184401294,0,185390,0
01:12:31:813,120000461,184395871,0,185454,0
01:12:32:013,120000463,184394096,0,185604,0
01:12:32:213,120000441,184400323,1,185504,0
01:12:32:413,120000453,184375116,0,186170,0
01:12:32:613,120000459,184342471,0,186598,0
01:12:32:813,120000454,184293563,0,187035,0
01:12:33:013,120000452,184303012,0,186874,0
01:12:33:213,120000445,184347711,0,186250,0
01:12:33:413,120000455,184291391,0,187162,0
01:12:33:613,120000445,184328396,0,186673,0
01:12:33:813,120000449,184301883,0,186824,0
01:12:34:013,120000465,184354645,0,186072,0
01:12:34:213,120000452,184380273,0,185832,0
01:12:34:413,120000449,184334686,0,186299,0
01:12:34:613,120000456,184312931,0,186568,0
01:12:34:813,120000450,184294591,0,187054,0
01:12:35:013,120000456,184294821,0,187286,0
01:12:35:213,120000465,184322835,0,186533,0
01:12:35:413,120000452,184378259,0,185828,0
01:12:35:613,120000459,184374501,0,185837,0
01:12:35:813,120000453,184377012,0,185979,0
01:12:36:013,120000445,184304016,0,187088,0
01:12:36:213,120000460,184324012,0,186557,0
01:12:36:413,120000462,184317005,0,186413,0
01:12:36:613,120000449,184316112,0,186934,0
01:12:36:813,120000445,184396071,0,185624,0
01:12:37:013,120000448,184396671,0,185603,0
01:12:37:213,120000449,184397149,0,185408,0
01:12:37:413,120000457,184351998,0,186158,0
01:12:37:613,120000447,184287478,1,187217,0
01:12:37:813,120000448,184321879,0,186328,0
01:12:38:013,120000456,184323705,0,186303,0
01:12:38:213,120000448,184301263,0,186835,0
01:12:38:413,120000446,184275748,0,187574,0
01:12:38:613,120000444,184312799,0,186514,0
01:12:38:813,120000467,184328951,0,186125,0
01:12:39:013,120000465,184321218,0,186379,0
01:12:39:213,120000461,184285288,0,187222,0
01:12:39:413,120000458,184330077,0,186574,0
01:12:39:613,120000453,184312014,0,186547,0
01:12:39:813,120000449,184358602,0,186089,0
01:12:40:013,120000458,184386183,0,185540,0
01:12:40:213,120000451,184352516,0,186119,0
01:12:40:413,120000455,184395343,0,185622,0
01:12:40:613,120000446,184388172,0,185788,0
01:12:40:813,120000458,184338151,0,186643,0
01:12:41:213,120000459,265133704,404,166,0
01:12:41:413,120000452,262391848,390,6508,0
01:12:41:613,120000447,184294489,0,187047,0
01:12:41:813,120000457,184317670,0,186456,0
01:12:42:013,120000466,184310449,0,186924,0
01:12:42:213,120000465,184300084,0,186963,0
01:12:42:413,120000458,184283444,0,187392,0
01:12:42:613,120000462,184340113,0,186348,0
01:12:42:813,120000446,184306365,0,186811,0
01:12:43:013,120000448,184358330,0,186143,0
01:12:43:213,120000479,184398954,0,185380,0
01:12:43:413,120000451,184394383,0,185642,0
01:12:43:613,120000445,184391775,0,185644,0
01:12:43:813,120000452,184397772,0,185582,0
01:12:44:013,120000454,184395742,0,185571,0
01:12:44:213,120000454,184345711,0,186508,0
01:12:44:413,120000464,184313473,0,186638,0
01:12:44:613,120000456,184317359,0,186456,0
01:12:44:813,120000458,184308117,0,186742,0
01:12:45:013,120000462,184288841,0,187245,0
01:12:45:213,120000459,184362292,0,186015,0
01:12:45:413,120000452,184395681,0,185611,0
01:12:45:613,120000465,184378482,0,185814,0
01:12:45:813,120000450,184380877,0,185955,0
01:12:46:013,120000454,184292478,0,187148,0
01:12:46:213,120000453,184316449,0,187366,0
01:12:46:413,120000460,184393989,1,185616,0
01:12:46:613,120000455,184366919,0,185933,0
01:12:46:813,120000449,184305941,0,186814,0
01:12:47:013,120000445,184326998,0,186271,0
01:12:47:213,120000457,184362845,0,186104,0
01:12:47:413,120000446,184392999,0,185614,0
01:12:47:613,120000449,184391452,0,185550,0
01:12:47:813,120000457,184340718,0,186408,0
01:12:48:013,120000453,184391784,0,185643,0
01:12:48:213,120000456,184316410,0,186776,0
01:12:48:413,120000465,184287925,0,187232,0
01:12:48:613,120000457,184291114,0,187158,0
01:12:48:813,120000459,184358139,0,185847,0
01:12:49:013,120000451,184324744,0,186253,0
01:12:49:213,120000464,184306547,0,186848,0
01:12:49:413,120000457,184316711,0,186437,0
01:12:49:613,120000456,184321508,0,186668,0
01:12:49:813,120000450,184341591,0,186273,0
01:12:50:013,120000456,184289049,0,187180,0
01:12:50:213,120000449,184309821,0,186737,0
01:12:50:413,120000442,184316595,0,186495,0
01:12:50:613,120000454,184306376,0,186972,0
01:12:50:813,120000456,184309512,1,186648,0
01:12:51:013,120000452,184288876,0,187150,0
01:12:51:213,120000463,184389965,0,185642,0
01:12:51:413,120000459,184391507,0,185698,0
01:12:51:613,120000456,184347868,0,187011,0
01:12:51:813,120000451,184396734,0,185378,0
01:12:52:013,120000445,184398172,0,185423,0
01:12:52:213,120000455,184397099,0,185627,0
01:12:52:413,120000452,184399872,0,185418,0
01:12:52:613,120000455,184395289,0,185581,0
01:12:52:813,120000452,184398370,0,185427,0
01:12:53:013,120000457,184394142,0,185612,0
01:12:53:213,120000445,184400641,0,185392,0
01:12:53:413,120000461,184398719,0,185411,0
01:12:53:613,120000462,184393557,0,185625,0
01:12:53:813,120000456,184346931,0,186565,0
01:12:54:013,120000463,184307180,0,186732,0
01:12:54:213,120000452,184313764,0,186663,0
01:12:54:413,120000458,184357402,0,186177,0
01:12:54:613,120000450,184398648,0,185620,0
01:12:54:813,120000461,184357572,0,185965,0
01:12:55:013,120000468,184389807,0,185480,0
01:12:55:213,120000468,184368357,1,185848,0
01:12:55:413,120000465,184397331,0,185491,0
01:12:55:613,120000454,184377992,0,186269,0
01:12:55:813,120000446,184389543,0,185919,0
01:12:56:013,120000458,184396875,0,185546,0
01:12:56:213,120000449,184397916,0,185435,0
01:12:56:813,120000457,265134410,403,155,0
01:12:56:813,120000457,265134410,403,155,0
01:12:57:013,120000464,195118757,58,161898,0
01:12:57:213,120000444,184312405,0,186867,0
01:12:57:413,120000452,184348496,0,186045,0
01:12:57:613,120000458,184327338,0,186291,0
01:12:57:813,120000449,184302930,0,186795,0
01:12:58:013,120000479,184313595,0,186565,0
01:12:58:213,120000457,184362267,0,185998,0
01:12:58:413,120000449,184288143,0,187296,0
01:12:58:613,120000460,184287889,0,187301,0
01:12:58:813,120000462,184324845,0,186668,0
01:12:59:013,120000457,184391716,0,185611,0
01:12:59:213,120000449,184348162,0,185967,0
01:12:59:413,120000449,184381791,0,185754,0
01:12:59:613,120000456,184397514,0,185402,0
01:12:59:813,120000452,184342275,0,186141,0
01:13:00:013,120000460,184294518,0,187067,0
01:13:00:213,120000454,184304550,0,186777,0
01:13:00:413,120000449,184302621,0,186880,0
01:13:00:613,120000453,184352588,0,186245,0
01:13:00:813,120000448,184327260,0,186616,0
01:13:01:013,120000444,184383236,0,185814,0
01:13:01:213,120000455,184392255,0,185607,0
01:13:01:413,120000450,184389133,0,185826,0
01:13:01:613,120000446,184341476,0,186455,0
01:13:01:813,120000444,184291446,0,187261,0
01:13:02:013,120000450,184352943,0,186291,0
01:13:02:213,120000456,184394052,0,185616,0
01:13:02:413,120000456,184380292,0,185796,0
01:13:02:613,120000445,184388719,0,185773,0
01:13:02:813,120000453,184316846,0,186714,0
01:13:03:013,120000461,184294665,0,187186,0
01:13:03:213,120000446,184307320,0,186896,0
01:13:03:413,120000459,184300146,0,186925,0
01:13:03:613,120000450,184331585,0,186455,0
01:13:03:813,120000443,184306132,0,186844,0
01:13:04:013,120000455,184280393,0,187420,0
01:13:04:213,120000454,184326508,0,186544,0
01:13:04:413,120000454,184333701,0,186465,0
01:13:04:613,120000457,184370332,0,185756,0
01:13:04:813,120000450,184351334,0,186286,0
01:13:05:013,120000464,184392410,0,185612,0
01:13:05:213,120000453,184397755,0,185439,0
01:13:05:413,120000456,184310940,0,186735,0
01:13:05:613,120000457,184298325,0,186889,0
01:13:05:813,120000450,184306953,0,186776,0
01:13:06:013,120000448,184284691,1,187300,0
01:13:06:213,120000457,184301456,0,186804,0
01:13:06:413,120000456,184328806,0,186615,0
01:13:06:613,120000444,184329078,0,186625,0
01:13:06:813,120000449,184393841,0,185540,0
01:13:07:013,120000461,184395172,0,185567,0
01:13:07:213,120000457,184393178,0,185622,0
01:13:07:413,120000461,184389731,0,185813,0
01:13:07:613,120000450,184398874,0,185418,0
01:13:07:813,120000453,184308760,0,186779,0
01:13:08:013,120000451,184372873,0,185761,0
01:13:08:213,120000449,184398131,0,185496,0
01:13:08:413,120000456,184378139,0,186056,0
01:13:08:613,120000461,184393096,0,185574,0
01:13:08:813,120000465,184390144,0,185760,0
01:13:09:013,120000457,184335106,0,186345,0
01:13:09:213,120000445,184298663,0,187182,0
01:13:09:413,120000463,184301313,0,186838,0
01:13:09:613,120000454,184298327,0,186927,0
01:13:09:813,120000449,184392111,0,185747,0
01:13:10:013,120000450,184396076,0,185445,0
01:13:10:213,120000461,184399933,0,185392,0
01:13:10:413,120000447,184396940,0,185367,0
01:13:10:613,120000453,184398317,0,185407,0
01:13:10:813,120000456,184339062,0,186530,0
01:13:11:013,120000449,184317826,0,186414,0
01:13:11:213,120000453,184345929,0,186341,0
01:13:11:413,120000454,184360878,0,186103,0
01:13:11:613,120000454,184291659,0,187116,0
01:13:12:213,120000450,265141725,401,155,0
01:13:12:213,120000450,265141725,401,155,0
01:13:12:413,120000464,208739321,126,129664,0
01:13:12:613,120000454,184394421,0,185611,0
01:13:12:813,120000456,184374627,0,185866,0
01:13:13:013,120000453,184390859,0,185619,0
01:13:13:213,120000459,184294639,0,187119,0
01:13:13:413,120000461,184310853,0,186618,0
01:13:13:613,120000445,184376359,0,185756,0
01:13:13:813,120000464,184343488,0,186388,0
01:13:14:013,120000450,184398178,0,185426,0
01:13:14:213,120000450,184399145,0,185416,0
01:13:14:413,120000467,184394528,0,185557,0
01:13:14:613,120000457,184400964,0,185422,0
01:13:14:813,120000461,184392415,0,185618,0
01:13:15:013,120000452,184389253,0,185602,0
01:13:15:213,120000454,184360178,0,185887,0
01:13:15:413,120000456,184309553,0,186664,0
01:13:15:613,120000450,184361449,0,186265,0
01:13:15:813,120000458,184387585,0,185752,0
01:13:16:013,120000441,184386456,0,185744,0
01:13:16:213,120000449,184315430,0,186701,0
01:13:16:413,120000448,184317957,0,186575,0
01:13:16:613,120000457,184344561,0,186145,0
01:13:16:813,120000448,184287372,0,187207,0
01:13:17:013,120000456,184345472,0,186150,0
01:13:17:213,120000458,184386391,1,185768,0
01:13:17:413,120000441,184347730,0,186213,0
01:13:17:613,120000452,184402459,0,185438,0
01:13:17:813,120000459,184327944,0,186373,0
01:13:18:013,120000445,184400547,0,185409,0
01:13:18:213,120000443,184349390,0,186285,0
01:13:18:413,120000449,184338256,0,186415,0
01:13:18:613,120000451,184377360,0,185814,0
01:13:18:813,120000448,184305555,0,186872,0
01:13:19:013,120000453,184308810,0,186682,0
01:13:19:213,120000454,184331087,0,186535,0
01:13:19:413,120000447,184288598,0,187215,0
01:13:19:613,120000454,184303777,0,186892,0
01:13:19:813,120000454,184304225,0,186825,0
01:13:20:013,120000461,184340139,0,186480,0
01:13:20:213,120000452,184397926,0,185427,0
01:13:20:413,120000450,184394249,0,185629,0
01:13:20:613,120000451,184402993,0,185428,0
01:13:20:813,120000467,184394819,0,185600,0
01:13:21:013,120000455,184397444,0,185609,0
01:13:21:213,120000449,184371942,0,185732,0
01:13:21:413,120000462,184317486,0,186765,0
01:13:21:613,120000457,184386199,1,185730,0
01:13:21:813,120000461,184314651,0,186589,0
01:13:22:013,120000458,184332046,0,186361,0
01:13:22:213,120000456,184308974,0,186817,0
01:13:22:413,120000451,184398621,0,185377,0
01:13:22:613,120000465,184398613,0,185432,0
01:13:22:813,120000458,184306426,0,186778,0
01:13:23:013,120000454,184385094,0,185773,0
01:13:23:213,120000454,184390588,0,185752,0
01:13:23:413,120000456,184346783,0,186217,0
01:13:23:613,120000447,184309299,0,186695,0
01:13:23:813,120000452,184291628,0,187126,0
01:13:24:013,120000460,184329236,0,186555,0
01:13:24:213,120000448,184379627,0,185929,0
01:13:24:413,120000457,184396255,0,185609,0
01:13:24:613,120000461,184298682,0,186990,0
01:13:24:813,120000460,184344693,0,186348,0
01:13:25:013,120000449,184371477,0,185822,0
01:13:25:213,120000450,184397330,0,185494,0
01:13:25:413,120000452,184396253,0,185572,0
01:13:25:613,120000454,184288350,0,187172,0
01:13:25:813,120000458,184303176,0,186845,0
01:13:26:013,120000447,184314371,1,186561,0
01:13:26:213,120000450,184398326,0,185437,0
01:13:26:413,120000450,184396955,0,185520,0
01:13:26:613,120000457,184386884,0,185782,0
01:13:26:813,120000462,184397241,0,185557,0
01:13:27:013,120000445,184385812,0,185815,0
01:13:27:613,120000457,265133850,403,153,0
01:13:27:613,120000457,265133850,403,153,0
01:13:27:813,120000451,222243058,192,99306,0
01:13:28:013,120000461,184361392,0,185920,0
01:13:28:213,120000458,184392862,0,185686,0
01:13:28:413,120000446,184401087,0,185426,0
01:13:28:613,120000451,184393012,0,185602,0
01:13:28:813,120000465,184389956,0,185776,0
01:13:29:013,120000452,184386643,0,185815,0
01:13:29:213,120000445,184282511,0,187367,0
01:13:29:413,120000451,184284124,0,187359,0
01:13:29:613,120000451,184290153,0,187121,0
01:13:29:813,120000450,184287431,0,187336,0
01:13:30:013,120000453,184283816,0,187299,0
01:13:30:213,120000462,184309061,0,186624,0
01:13:30:413,120000457,184334288,1,186669,0
01:13:30:613,120000459,184394980,0,185609,0
01:13:30:813,120000457,184397365,0,185606,0
01:13:31:013,120000441,184371915,0,186008,0
01:13:31:213,120000447,184293161,0,187138,0
01:13:31:413,120000453,184278344,0,187528,0
01:13:31:613,120000453,184391134,0,185570,0
01:13:31:813,120000443,184376649,0,185698,0
01:13:32:013,120000455,184317495,0,186661,0
01:13:32:213,120000455,184302856,0,186856,0
01:13:32:413,120000442,184314411,0,186541,0
01:13:32:613,120000453,184351218,0,186650,0
01:13:32:813,120000446,184368210,0,185831,0
01:13:33:013,120000455,184399100,0,185402,0
01:13:33:213,120000447,184398024,0,185538,0
01:13:33:413,120000446,184377915,0,185991,0
01:13:33:613,120000450,184397099,0,185521,0
01:13:33:813,120000453,184395445,0,185604,0
01:13:34:013,120000456,184358720,0,186037,0
01:13:34:213,120000455,184320752,0,186462,0
01:13:34:413,120000453,184388251,0,185626,0
01:13:34:613,120000461,184391162,0,185611,0
01:13:34:813,120000458,184396026,0,185630,0
01:13:35:013,120000459,184396186,0,185404,0
01:13:35:213,120000443,184398697,0,185425,0
01:13:35:413,120000447,184397016,0,185402,0
01:13:35:613,120000458,184336242,0,186303,0
01:13:35:813,120000461,184320918,0,186302,0
01:13:36:013,120000458,184289437,0,187180,0
01:13:36:213,120000450,184340895,0,186228,0
01:13:36:413,120000455,184398216,0,185445,0
01:13:36:613,120000462,184366333,0,186338,0
01:13:36:813,120000449,184400110,0,185426,0
01:13:37:013,120000449,184343118,0,186438,0
01:13:37:213,120000457,184323554,0,186333,0
01:13:37:413,120000450,184301889,0,187023,0
01:13:37:613,120000447,184334694,0,186377,0
01:13:37:813,120000463,184297163,0,186927,0
01:13:38:013,120000460,184313722,0,186784,0
01:13:38:213,120000454,184286845,0,187334,0
01:13:38:413,120000458,184286599,0,187221,0
01:13:38:613,120000456,184364150,0,186187,0
01:13:38:813,120000463,184394237,0,185583,0
01:13:39:013,120000440,184386229,0,185821,0
01:13:39:213,120000450,184388981,1,185778,0
01:13:39:413,120000465,184378251,0,185820,0
01:13:39:613,120000449,184325090,0,186298,0
01:13:39:813,120000450,184304546,0,186747,0
01:13:40:013,120000459,184283043,0,187414,0
01:13:40:213,120000445,184318940,0,186376,0
01:13:40:413,120000457,184296976,0,187009,0
01:13:40:613,120000443,184289584,0,187213,0
01:13:40:813,120000449,184290201,0,187124,0
01:13:41:013,120000449,184321367,0,186715,0
01:13:41:213,120000442,184398634,0,185443,0
01:13:41:413,120000461,184285170,0,187293,0
01:13:41:613,120000451,184302212,0,186918,0
01:13:41:813,120000459,184286721,0,187252,0
01:13:42:013,120000448,184355319,0,185786,0
01:13:42:213,120000459,184397195,0,185491,0
01:13:42:413,120000449,184323013,0,186968,0
01:13:43:013,120000461,265141748,401,165,0
01:13:43:013,120000461,265141748,401,165,0
01:13:43:213,120000457,235427108,258,68496,0
01:13:43:413,120000449,184398354,0,185427,0
01:13:43:613,120000450,184401570,0,185446,0
01:13:43:813,120000460,184391857,0,185605,0
01:13:44:013,120000442,184317693,0,186696,0
01:13:44:213,120000471,184305539,0,186765,0
01:13:44:413,120000458,184288504,0,187272,0
01:13:44:613,120000465,184314188,0,186568,0
01:13:44:813,120000456,184305558,0,186868,0
01:13:45:013,120000466,184331359,0,186109,0
01:13:45:413,120000461,184395963,0,185431,0
01:13:45:613,120000448,184293040,0,187104,0
01:13:45:813,120000466,184381435,0,185825,0
01:13:46:013,120000461,184388120,0,185824,0
01:13:46:213,120000445,184386608,0,185654,0
01:13:46:413,120000440,184294537,0,187130,0
01:13:46:613,120000449,184317413,0,186629,0
01:13:46:813,120000448,184398076,0,185440,0
01:13:47:013,120000447,184400734,0,185466,0
01:13:47:213,120000457,184348486,0,186347,0
01:13:47:413,120000462,184299693,0,186978,0
01:13:47:613,120000453,184275977,0,187535,0
01:13:47:813,120000446,184292298,0,187086,0
01:13:48:013,120000437,184286473,0,187335,0
01:13:48:213,120000455,184326401,0,186322,0
01:13:48:413,120000448,184333471,0,186498,0
01:13:48:613,120000452,184319770,0,186599,0
01:13:48:813,120000445,184369735,0,185850,0
01:13:49:013,120000456,184390044,0,185676,0
01:13:49:213,120000458,184364674,0,186001,0
01:13:49:413,120000453,184326577,0,186258,0
01:13:49:613,120000449,184384322,0,185648,0
01:13:49:813,120000454,184395045,0,185637,0
01:13:50:013,120000457,184398584,0,185423,0
01:13:50:213,120000446,184394270,0,185619,0
01:13:50:413,120000453,184388391,0,185818,0
01:13:50:613,120000461,184386542,0,185796,0
01:13:50:813,120000449,184389377,0,185770,0
01:13:51:013,120000457,184387288,0,185780,0
01:13:51:213,120000453,184392508,0,185621,0
01:13:51:413,120000459,184344986,0,186305,0
01:13:51:613,120000458,184367851,0,186058,0
01:13:51:813,120000446,184294177,0,187199,0
01:13:52:013,120000450,184324530,0,186816,0
01:13:52:213,120000445,184393496,0,185637,0
01:13:52:413,120000454,184393892,0,185638,0
01:13:52:613,120000467,184392009,0,185628,0
01:13:52:813,120000446,184320284,0,186773,0
01:13:53:013,120000456,184332954,0,185970,0
01:13:53:213,120000443,184275491,0,187686,0
01:13:53:413,120000445,184300363,0,187100,0
01:13:53:613,120000452,184296245,0,186967,0
01:13:53:813,120000448,184313278,0,186581,0
01:13:54:013,120000452,184306205,0,186710,0
01:13:54:213,120000464,184311199,0,186818,0
01:13:54:413,120000450,184294464,0,187014,0
01:13:54:613,120000459,184297820,0,186993,0
01:13:54:813,120000448,184297790,0,187078,0
01:13:55:013,120000459,184300813,0,186877,0
01:13:55:213,120000454,184353687,0,186246,0
01:13:55:413,120000457,184364804,0,186084,0
01:13:55:613,120000441,184396580,0,185375,0
01:13:55:813,120000449,184393210,0,185675,0
01:13:56:013,120000457,184391554,0,185642,0
01:13:56:213,120000453,184401638,0,185401,0
01:13:56:413,120000458,184346957,0,186333,0
01:13:56:613,120000458,184301554,0,186962,0
01:13:56:813,120000446,184294435,0,187092,0
01:13:57:013,120000448,184314788,0,186480,0
01:13:57:213,120000453,184316379,0,186483,0
01:13:57:413,120000445,184286371,0,187314,0
01:13:57:613,120000461,184310960,0,186663,0
01:13:57:813,120000469,184345388,1,186239,0
01:13:58:013,120000462,184304938,0,186787,0
01:13:58:413,120000467,265133990,404,165,0
01:13:58:613,120000449,248964171,324,37565,0
01:13:58:813,120000449,184326732,0,186329,0
01:13:59:013,120000464,184376960,0,186144,0
01:13:59:213,120000449,184332704,0,186458,0
01:13:59:413,120000462,184389769,0,185652,0
01:13:59:613,120000453,184398717,0,185420,0
01:13:59:813,120000472,184393344,0,185634,0
01:14:00:013,120000451,184397698,0,185403,0
01:14:00:213,120000465,184398002,0,185395,0
01:14:00:413,120000461,184398610,0,185426,0
01:14:00:613,120000445,184391532,0,185685,0
01:14:00:813,120000438,184307426,0,186709,0
01:14:01:013,120000460,184319040,0,186587,0
01:14:01:213,120000446,184358661,0,186037,0
01:14:01:413,120000457,184314259,0,186491,0
01:14:01:613,120000454,184272476,0,187694,0
01:14:01:813,120000462,184370806,0,185808,0
01:14:02:013,120000442,184397889,0,185602,0
01:14:02:213,120000442,184380394,0,185627,0
01:14:02:413,120000452,184318564,0,186979,0
01:14:02:613,120000456,184378131,0,185834,0
01:14:02:813,120000450,184394780,0,185410,0
01:14:03:013,120000466,184290971,0,187222,0
01:14:03:213,120000440,184385308,0,185782,0
01:14:03:413,120000444,184376912,0,185697,0
01:14:03:613,120000454,184331285,0,186711,0
01:14:03:813,120000445,184399724,0,185444,0
01:14:04:013,120000455,184394404,0,185619,0
01:14:04:213,120000458,184347337,0,186024,0
01:14:04:413,120000448,184293399,0,187256,0
01:14:04:613,120000451,184391202,0,185743,0
01:14:04:813,120000447,184392837,0,185588,0
01:14:05:013,120000456,184393725,0,185604,0
01:14:05:213,120000456,184395713,0,185416,0
01:14:05:413,120000450,184396402,0,185411,0
01:14:05:613,120000450,184395295,0,185637,0
01:14:05:813,120000441,184335315,0,186383,0
01:14:06:013,120000456,184302386,0,186887,0
01:14:06:213,120000451,184316716,0,186418,0
01:14:06:413,120000461,184298929,0,187036,0
01:14:06:613,120000452,184292772,1,187092,0
01:14:06:813,120000453,184374641,0,186085,0
01:14:07:013,120000463,184398600,0,185476,0
01:14:07:213,120000445,184313497,0,186778,0
01:14:07:413,120000457,184316475,0,186507,0
01:14:07:613,120000459,184294519,0,187036,0
01:14:07:813,120000454,184340238,0,186457,0
01:14:08:013,120000450,184400475,0,185440,0
01:14:08:213,120000456,184391038,0,185631,0
01:14:08:413,120000461,184391003,0,185789,0
01:14:08:613,120000454,184365668,0,185868,0
01:14:08:813,120000449,184371796,0,185896,0
01:14:09:013,120000446,184399081,0,185504,0
01:14:09:213,120000457,184370888,0,186412,0
01:14:09:413,120000451,184395377,1,185795,0
01:14:09:613,120000445,184394144,0,185503,0
01:14:09:813,120000453,184399525,0,185396,0
01:14:10:013,120000446,184390862,0,185629,0
01:14:10:213,120000456,184391792,0,185602,0
01:14:10:413,120000452,184372228,1,185879,0
01:14:10:613,120000453,184396361,0,185536,0
01:14:10:813,120000446,184389552,0,185825,0
01:14:11:013,120000452,184393994,0,185619,0
01:14:11:213,120000453,184317733,0,186710,0
01:14:11:413,120000449,184300503,0,186889,0
01:14:11:613,120000455,184301587,0,186836,0
01:14:11:813,120000453,184347254,0,186444,0
01:14:12:013,120000448,184390035,0,185494,0
01:14:12:213,120000445,184314885,0,186486,0
01:14:12:413,120000464,184312319,0,186610,0
01:14:12:613,120000466,184296800,0,186970,0
01:14:12:813,120000450,184297049,0,187003,0
01:14:13:013,120000453,184307098,0,186717,0
01:14:13:213,120000450,184292177,0,187612,0
01:14:13:413,120000460,184302867,0,187046,0
01:14:13:813,120000480,265141614,402,176,0
01:14:14:013,120000444,262524786,392,6197,0
01:14:14:213,120000445,184293260,0,187109,0
01:14:14:413,120000453,184306056,0,186796,0
01:14:14:613,120000456,184294111,0,187044,0
01:14:14:813,120000454,184309399,0,186787,0
01:14:15:013,120000459,184274850,0,187557,0
01:14:15:213,120000474,184332853,0,186280,0
01:14:15:413,120000446,184309683,1,186641,0
01:14:15:613,120000453,184333599,0,186196,0
01:14:15:813,120000453,184379462,0,185856,0
01:14:16:013,120000464,184322946,0,186720,0
01:14:16:213,120000445,184309000,0,186904,0
01:14:16:413,120000440,184273514,0,187652,0
01:14:16:613,120000442,184299660,0,186878,0
01:14:16:813,120000453,184395541,0,185508,0
01:14:17:013,120000463,184395945,0,185577,0
01:14:17:213,120000442,184377364,0,185806,0
01:14:17:413,120000448,184340386,0,186582,0
01:14:17:613,120000454,184336245,0,186334,0
01:14:17:813,120000454,184359380,0,186135,0
01:14:18:013,120000456,184371537,0,186128,0
01:14:18:213,120000446,184395552,0,185611,0
01:14:18:413,120000444,184388233,0,185790,0
01:14:18:613,120000442,184387157,0,185766,0
01:14:18:813,120000453,184402708,0,185395,0
01:14:19:013,120000464,184358343,0,186106,0
01:14:19:213,120000454,184397447,0,185431,0
01:14:19:413,120000453,184297734,0,187030,0
01:14:19:613,120000464,184292873,0,187165,0
01:14:19:813,120000468,184312652,0,187038,0
01:14:20:013,120000457,184349912,0,186162,0
01:14:20:213,120000458,184331470,0,186225,0
01:14:20:413,120000448,184327194,0,186457,0
01:14:20:613,120000445,184327180,0,186662,0
01:14:20:813,120000464,184398538,0,185458,0
01:14:21:013,120000454,184392804,0,185599,0
01:14:21:213,120000445,184400616,0,185441,0
01:14:21:413,120000444,184384387,0,185847,0
01:14:21:613,120000450,184363577,0,186295,0
01:14:21:813,120000467,184393790,0,185595,0
01:14:22:013,120000446,184399207,0,185419,0
01:14:22:213,120000449,184292478,0,187309,0
01:14:22:413,120000449,184304221,0,186799,0
01:14:22:613,120000450,184299345,0,186999,0
01:14:22:813,120000449,184294841,0,186988,0
01:14:23:013,120000460,184312023,0,186593,0
01:14:23:213,120000444,184318262,0,186429,0
01:14:23:413,120000451,184332685,0,186685,0
01:14:23:613,120000452,184396804,0,185629,0
01:14:23:813,120000461,184396376,0,185417,0
01:14:24:013,120000506,184398163,0,185423,0
01:14:24:213,120000450,184399599,1,185398,0
01:14:24:413,120000456,184395422,0,185583,0
01:14:24:613,120000444,184386714,0,185854,0
01:14:24:813,120000441,184392644,0,185615,0
01:14:25:013,120000460,184396176,0,185590,0
01:14:25:213,120000452,184397063,0,185451,0
01:14:25:413,120000442,184335184,0,186385,0
01:14:25:613,120000453,184371319,0,185991,0
01:14:25:813,120000456,184387992,0,185768,0
01:14:26:013,120000446,184400631,0,185422,0
01:14:26:213,120000454,184394333,0,185611,0
01:14:26:413,120000454,184386065,0,185827,0
01:14:26:613,120000456,184388893,0,185801,0
01:14:26:813,120000442,184345178,0,186491,0
01:14:27:013,120000451,184308415,0,187072,0
01:14:27:213,120000464,184339064,0,186263,0
01:14:27:413,120000454,184304574,0,186815,0
01:14:27:613,120000462,184296861,0,187029,0
01:14:27:813,120000448,184336290,0,186513,0
01:14:28:013,120000453,184328777,0,186191,0
01:14:28:213,120000465,184268512,0,187772,0
01:14:28:413,120000457,184363134,0,186074,0
01:14:28:613,120000454,184371779,0,185858,0
01:14:28:813,120000451,184368070,0,185930,0
01:14:29:413,120000449,265141571,401,156,0
01:14:29:413,120000449,265141571,401,156,0
01:14:29:613,120000456,195245152,60,161703,0
01:14:29:813,120000450,184385770,0,185638,0
01:14:30:013,120000453,184395640,0,185640,0
01:14:30:213,120000453,184322192,0,186666,0
01:14:30:413,120000449,184303648,0,186821,0
01:14:30:613,120000464,184298781,0,186976,0
01:14:30:813,120000456,184333419,0,186367,0
01:14:31:013,120000462,184370682,0,185867,0
01:14:31:213,120000457,184398136,0,185426,0
01:14:31:413,120000460,184357301,0,186291,0
01:14:31:613,120000459,184361738,0,186214,0
01:14:31:813,120000448,184388350,0,185624,0
01:14:32:013,120000467,184315139,0,186557,0
01:14:32:213,120000465,184311546,0,186577,0
01:14:32:413,120000460,184317202,0,186511,0
01:14:32:613,120000450,184315529,0,186634,0
01:14:32:813,120000453,184306908,0,186825,0
01:14:33:013,120000454,184360033,0,186245,0
01:14:33:213,120000456,184393513,0,185603,0
01:14:33:413,120000463,184380224,0,185955,0
01:14:33:613,120000465,184334264,0,186532,0
01:14:33:813,120000461,184394503,0,185621,0
01:14:34:013,120000442,184398318,0,185430,0
01:14:34:213,120000456,184393154,0,185605,0
01:14:34:413,120000453,184353285,0,186412,0
01:14:34:613,120000442,184299392,0,186931,0
01:14:34:813,120000448,184317861,0,186465,0
01:14:35:013,120000457,184376883,0,185717,0
01:14:35:213,120000455,184327209,0,186580,0
01:14:35:413,120000459,184302073,0,186952,0
01:14:35:613,120000453,184334432,0,186290,0
01:14:35:813,120000444,184317837,0,186962,0
01:14:36:013,120000444,184281175,0,187383,0
01:14:36:213,120000452,184325767,0,186387,0
01:14:36:413,120000457,184394595,0,185647,0
01:14:36:613,120000450,184398269,0,185441,0
01:14:36:813,120000514,184398067,0,185518,0
01:14:37:013,120000449,184388224,0,185776,0
01:14:37:213,120000465,184398584,0,185414,0
01:14:37:413,120000461,184395603,1,185604,0
01:14:37:613,120000442,184400145,0,185409,0
01:14:37:813,120000450,184349663,0,186228,0
01:14:38:013,120000459,184302172,0,186791,0
01:14:38:213,120000450,184294070,0,187126,0
01:14:38:413,120000453,184306968,0,186708,0
01:14:38:613,120000465,184341712,0,186249,0
01:14:38:813,120000459,184395267,0,185604,0
01:14:39:013,120000448,184389778,0,185622,0
01:14:39:213,120000461,184325960,0,186353,0
01:14:39:413,120000451,184290120,0,187198,0
01:14:39:613,120000450,184306929,0,186685,0
01:14:39:813,120000458,184312335,0,186599,0
01:14:40:013,120000445,184311812,0,186759,0
01:14:40:213,120000458,184302827,0,187035,0
01:14:40:413,120000449,184301643,0,186868,0
01:14:40:613,120000446,184310313,0,186890,0
01:14:40:813,120000455,184293882,0,187140,0
01:14:41:013,120000453,184333273,0,186476,0
01:14:41:213,120000457,184329675,0,186296,0
01:14:41:413,120000462,184362602,0,185977,0
01:14:41:613,120000449,184356558,0,186230,0
01:14:41:813,120000460,184351679,0,186397,0
01:14:42:013,120000462,184393420,0,185597,0
01:14:42:213,120000448,184389767,0,185727,0
01:14:42:413,120000453,184399269,0,185416,0
01:14:42:613,120000453,184396354,0,185618,0
01:14:42:813,120000459,184397806,0,185400,0
01:14:43:013,120000444,184393826,0,185614,0
01:14:43:213,120000453,184390609,0,185805,0
01:14:43:413,120000453,184397239,0,185397,0
01:14:43:613,120000454,184399647,0,185436,0
01:14:43:813,120000462,184393859,0,185599,0
01:14:44:013,120000441,184401584,0,185413,0
01:14:44:213,120000457,184396253,0,185577,0
01:14:44:813,120000450,265133874,403,164,0
01:14:44:813,120000450,265133874,403,164,0
01:14:45:013,120000488,208468758,124,130646,0
01:14:45:213,120000461,184340430,0,186556,0
01:14:45:413,120000452,184339441,0,186280,0
01:14:45:613,120000445,184386801,0,185823,0
01:14:45:813,120000454,184394693,0,185583,0
01:14:46:013,120000470,184320784,0,186613,0
01:14:46:213,120000443,184361410,1,185995,0
01:14:46:413,120000454,184334402,0,186116,0
01:14:46:613,120000441,184345219,0,186223,0
01:14:46:813,120000453,184396071,0,185415,0
01:14:47:013,120000453,184401170,0,185401,0
01:14:47:213,120000464,184393397,0,185615,0
01:14:47:413,120000454,184326445,0,186525,0
01:14:47:613,120000451,184314842,0,186533,0
01:14:47:813,120000440,184304409,0,186730,0
01:14:48:013,120000453,184290037,0,187204,0
01:14:48:213,120000453,184311566,0,186566,0
01:14:48:413,120000445,184286828,0,187426,0
01:14:48:613,120000442,184340909,0,186017,0
01:14:48:813,120000447,184293850,0,187207,0
01:14:49:013,120000457,184292103,0,187151,0
01:14:49:213,120000445,184321820,0,186721,0
01:14:49:413,120000459,184393181,0,185619,0
01:14:49:613,120000453,184294649,0,187140,0
01:14:49:813,120000454,184282830,0,187352,0
01:14:50:013,120000456,184323944,0,186530,0
01:14:50:213,120000445,184328694,0,186417,0
01:14:50:413,120000450,184299454,0,186906,0
01:14:50:613,120000457,184303007,1,186885,0
01:14:50:813,120000454,184383122,0,185786,0
01:14:51:013,120000445,184398919,0,185585,0
01:14:51:213,120000458,184343488,0,186506,0
01:14:51:413,120000453,184363921,0,186131,0
01:14:51:613,120000451,184392959,0,185615,0
01:14:51:813,120000461,184322970,0,186494,0
01:14:52:013,120000457,184382546,0,185779,0
01:14:52:213,120000461,184322012,0,186533,0
01:14:52:413,120000457,184308353,0,186749,0
01:14:52:613,120000454,184301743,0,187087,0
01:14:52:813,120000453,184309245,0,186656,0
01:14:53:013,120000462,184301279,0,186914,0
01:14:53:213,120000444,184280710,1,187399,0
01:14:53:413,120000457,184315706,0,186925,0
01:14:53:613,120000466,184294551,0,187057,0
01:14:53:813,120000468,184299996,0,186884,0
01:14:54:013,120000454,184295032,0,187200,0
01:14:54:213,120000453,184322218,0,186597,0
01:14:54:413,120000457,184397376,0,185434,0
01:14:54:613,120000439,184310927,0,186805,0
01:14:54:813,120000457,184343023,0,186081,0
01:14:55:013,120000454,184310032,0,186880,0
01:14:55:213,120000445,184335889,0,186286,0
01:14:55:413,120000442,184293671,0,187044,0
01:14:55:613,120000450,184301868,0,186852,0
01:14:55:813,120000447,184365957,0,186229,0
01:14:56:013,120000448,184309828,0,186582,0
01:14:56:213,120000442,184298460,0,186920,0
01:14:56:413,120000458,184312091,0,186634,0
01:14:56:613,120000459,184389336,0,185606,0
01:14:56:813,120000442,184376029,0,185671,0
01:14:57:013,120000448,184339796,0,186187,0
01:14:57:213,120000464,184310666,0,186614,0
01:14:57:413,120000456,184308508,0,186833,0
01:14:57:613,120000460,184337296,0,186360,0
01:14:57:813,120000443,184293019,0,187153,0
01:14:58:013,120000442,184338288,0,186307,0
01:14:58:213,120000463,184295523,0,186997,0
01:14:58:413,120000459,184287352,0,187286,0
01:14:58:613,120000449,184302334,0,186868,0
01:14:58:813,120000457,184363372,0,186027,0
01:14:59:013,120000454,184395130,0,185460,0
01:14:59:213,120000454,184391739,0,185648,0
01:14:59:413,120000450,184368398,0,185787,0
01:14:59:613,120000462,184393329,0,185608,0
01:15:00:213,120000471,265141671,401,162,0
01:15:00:213,120000471,265141671,401,162,0
01:15:00:413,120000460,222022034,192,99250,0
01:15:00:613,120000445,184392353,0,185602,0
01:15:00:813,120000468,184335225,0,186235,0
01:15:01:013,120000463,184315988,0,186601,0
01:15:01:213,120000458,184312441,0,186632,0
01:15:01:413,120000474,184355434,0,186035,0
01:15:01:613,120000465,184317018,0,186445,0
01:15:01:813,120000458,184290646,0,187179,0
01:15:02:013,120000454,184304033,0,186787,0
01:15:02:213,120000452,184330319,0,186590,0
01:15:02:413,120000461,184290603,0,187173,0
01:15:02:613,120000442,184276181,0,187549,0
01:15:02:813,120000461,184290391,0,187193,0
01:15:03:013,120000461,184294365,0,187052,0
01:15:03:213,120000450,184354341,0,186295,0
01:15:03:413,120000446,184318265,0,186506,0
01:15:03:613,120000455,184396908,0,185420,0
01:15:03:813,120000460,184348339,0,186221,0
01:15:04:013,120000446,184314533,0,186537,0
01:15:04:213,120000449,184360488,0,186294,0
01:15:04:413,120000457,184332895,0,186303,0
01:15:04:613,120000453,184392368,0,185676,0
01:15:04:813,120000452,184380909,0,185958,0
01:15:05:013,120000450,184348339,0,186390,0
01:15:05:213,120000454,184400965,0,185427,0
01:15:05:413,120000457,184392626,0,185667,0
01:15:05:613,120000465,184398653,0,185417,0
01:15:05:813,120000446,184368078,0,185704,0
01:15:06:013,120000445,184344850,0,186354,0
01:15:06:213,120000450,184393087,0,185845,0
01:15:06:413,120000462,184349816,0,186366,0
01:15:06:613,120000448,184310318,0,186698,0
01:15:06:813,120000443,184303009,0,186806,0
01:15:07:013,120000455,184294494,0,187060,0
01:15:07:213,120000462,184341327,0,186159,0
01:15:07:413,120000465,184319457,0,186719,0
01:15:07:613,120000460,184314639,0,186605,0
01:15:07:813,120000453,184318992,0,186421,0
01:15:08:013,120000458,184302351,0,186814,0
01:15:08:213,120000444,184308098,0,186869,0
01:15:08:413,120000441,184303349,0,186767,0
01:15:08:613,120000449,184334757,0,186390,0
01:15:08:813,120000456,184339906,0,186323,0
01:15:09:013,120000443,184300865,0,186983,0
01:15:09:213,120000461,184308184,0,186789,0
01:15:09:413,120000457,184310660,0,186614,0
01:15:09:613,120000441,184315443,0,186557,0
01:15:09:813,120000450,184309249,0,186728,0
01:15:10:013,120000457,184298686,0,186963,0
01:15:10:213,120000452,184279256,0,187450,0
01:15:10:413,120000464,184382269,0,185807,0
01:15:10:613,120000446,184383541,0,185958,0
01:15:10:813,120000460,184378472,0,185916,0
01:15:11:013,120000458,184281421,0,187556,0
01:15:11:213,120000446,184284148,0,187379,0
01:15:11:413,120000457,184282513,0,187346,0
01:15:11:613,120000461,184317993,0,186440,0
01:15:11:813,120000459,184383029,0,185708,0
01:15:12:013,120000453,184398130,0,185434,0
01:15:12:213,120000449,184387706,0,185608,0
01:15:12:413,120000446,184336258,0,186310,0
01:15:12:613,120000440,184324439,0,186318,0
01:15:12:813,120000450,184304858,0,186713,0
01:15:13:013,120000453,184301714,0,186891,0
01:15:13:213,120000469,184315785,0,186462,0
01:15:13:413,120000460,184343669,0,186449,0
01:15:13:613,120000447,184282716,1,187436,0
01:15:13:813,120000464,184294048,0,187154,0
01:15:14:013,120000450,184311422,0,186632,0
01:15:14:213,120000447,184326161,0,186640,0
01:15:14:413,120000455,184391987,0,185687,0
01:15:14:613,120000450,184311256,0,186629,0
01:15:14:813,120000462,184306104,0,186725,0
01:15:15:013,120000446,184321045,1,186666,0
01:15:15:613,120000459,265133976,403,160,0
01:15:15:613,120000459,265133976,403,160,0
01:15:15:813,120000437,235530219,258,68786,0
01:15:16:013,120000456,184293908,0,187089,0
01:15:16:213,120000448,184283512,0,187367,0
01:15:16:413,120000445,184276779,0,187615,0
01:15:16:613,120000450,184284318,0,187284,0
01:15:16:813,120000487,184297138,0,187196,0
01:15:17:013,120000455,184393141,1,185679,0
01:15:17:213,120000461,184393375,0,185605,0
01:15:17:413,120000448,184291362,0,187182,0
01:15:17:613,120000465,184347458,0,186201,0
01:15:18:013,120000454,184400420,0,185448,0
01:15:18:213,120000455,184376371,0,185859,0
01:15:18:413,120000461,184328809,0,186488,0
01:15:18:613,120000457,184293901,0,187318,0
01:15:18:813,120000446,184352835,0,186363,0
01:15:19:013,120000449,184292216,0,187111,0
01:15:19:213,120000449,184277782,0,187496,0
01:15:19:413,120000460,184347059,0,186131,0
01:15:19:613,120000450,184376344,0,185913,0
01:15:19:813,120000456,184384269,0,185678,0
01:15:20:013,120000446,184299298,0,186932,0
01:15:20:213,120000449,184293117,0,187087,0
01:15:20:413,120000456,184356639,0,186152,0
01:15:20:613,120000455,184348587,0,186175,0
01:15:20:813,120000454,184289497,0,187268,0
01:15:21:013,120000454,184298920,0,187023,0
01:15:21:213,120000446,184284550,0,187294,0
01:15:21:413,120000455,184299069,0,186941,0
01:15:21:613,120000454,184375120,0,185783,0
01:15:21:813,120000464,184396600,0,185590,0
01:15:22:013,120000458,184391114,0,185655,0
01:15:22:213,120000453,184396804,0,185592,0
01:15:22:413,120000459,184387632,1,185769,0
01:15:22:613,120000450,184386332,0,185804,0
01:15:22:813,120000456,184396519,0,185578,0
01:15:23:013,120000463,184396908,0,185449,0
01:15:23:213,120000453,184388042,0,185798,0
01:15:23:413,120000454,184318689,0,186689,0
01:15:23:613,120000449,184315654,0,186824,0
01:15:23:813,120000462,184329609,0,186507,0
01:15:24:013,120000438,184369952,0,185788,0
01:15:24:213,120000446,184353721,0,186349,0
01:15:24:413,120000460,184391130,0,185629,0
01:15:24:613,120000450,184375824,0,185920,0
01:15:24:813,120000457,184306151,0,187164,0
01:15:25:013,120000451,184330800,0,186349,0
01:15:25:213,120000444,184324326,0,186870,0
01:15:25:413,120000454,184393636,0,185658,0
01:15:25:613,120000443,184399475,0,185413,0
01:15:25:813,120000455,184395181,0,185620,0
01:15:26:013,120000457,184387957,0,185799,0
01:15:26:213,120000457,184381430,0,185963,0
01:15:26:413,120000458,184348708,0,186161,0
01:15:26:613,120000461,184365990,0,185978,0
01:15:26:813,120000446,184344077,1,186408,0
01:15:27:013,120000457,184392944,0,185596,0
01:15:27:213,120000449,184341257,0,186335,0
01:15:27:413,120000449,184362472,0,185874,0
01:15:27:613,120000454,184396315,0,185604,0
01:15:27:813,120000449,184366234,0,185878,0
01:15:28:013,120000443,184276482,0,187508,0
01:15:28:213,120000449,184376940,0,186029,0
01:15:28:413,120000458,184386509,0,185804,0
01:15:28:613,120000456,184394197,0,185604,0
01:15:28:814,120000450,184363850,0,186065,0
01:15:29:014,120000454,184304175,0,186836,0
01:15:29:214,120000458,184306703,0,186748,0
01:15:29:414,120000464,184345507,0,186345,0
01:15:29:614,120000451,184293371,0,187138,0
01:15:29:814,120000456,184295726,0,187035,0
01:15:30:014,120000458,184315568,0,186946,0
01:15:30:214,120000455,184284076,0,187372,0
01:15:30:414,120000455,184322135,0,186620,0
01:15:30:614,120000458,184400980,0,185435,0
01:15:31:014,120000456,265141611,402,170,0
01:15:31:214,120000467,249100130,326,37243,0
01:15:31:414,120000449,184322190,0,186268,0
01:15:31:614,120000446,184349593,0,186267,0
01:15:31:814,120000456,184390764,0,185624,0
01:15:32:014,120000450,184388939,0,185804,0
01:15:32:214,120000461,184304396,0,186822,0
01:15:32:414,120000455,184284097,0,187324,0
01:15:32:614,120000452,184339998,0,186580,0
01:15:32:814,120000453,184362564,0,185942,0
01:15:33:014,120000451,184348649,0,186185,0
01:15:33:214,120000461,184395082,0,185629,0
01:15:33:414,120000455,184398568,0,185457,0
01:15:33:614,120000461,184319865,1,186854,0
01:15:33:814,120000448,184276529,0,187521,0
01:15:34:014,120000462,184318786,0,186430,0
01:15:34:214,120000469,184301514,0,186846,0
01:15:34:414,120000465,184297379,0,186988,0
01:15:34:614,120000462,184374564,0,185945,0
01:15:34:814,120000447,184369394,0,186043,0
01:15:35:014,120000452,184375317,0,186168,0
01:15:35:214,120000460,184367802,0,186356,0
01:15:35:414,120000741,184342067,0,186169,0
01:15:35:614,120000453,184293098,1,187113,0
01:15:35:814,120000461,184299516,0,187080,0
01:15:36:014,120000451,184315703,0,186656,0
01:15:36:214,120000444,184313864,0,186515,0
01:15:36:414,120000444,184330269,0,186681,0
01:15:36:614,120000457,184281126,0,187406,0
01:15:36:814,120000446,184294947,0,187030,0
01:15:37:014,120000455,184385990,0,185769,0
01:15:37:214,120000444,184311480,0,186860,0
01:15:37:414,120000445,184297089,0,187057,0
01:15:37:614,120000460,184326223,0,186600,0
01:15:37:814,120000459,184393797,0,185602,0
01:15:38:014,120000461,184393755,0,185672,0
01:15:38:214,120000460,184394182,0,185591,0
01:15:38:414,120000445,184396592,0,185596,0
01:15:38:614,120000453,184330300,0,186382,0
01:15:38:814,120000456,184378913,0,185674,0
01:15:39:014,120000452,184340395,0,185916,0
01:15:39:214,120000459,184300737,0,186880,0
01:15:39:414,120000458,184289318,0,187235,0
01:15:39:614,120000453,184296906,0,186931,0
01:15:39:814,120000454,184357551,0,185931,0
01:15:40:014,120000448,184297670,0,186984,0
01:15:40:214,120000445,184289854,0,187164,0
01:15:40:414,120000454,184279524,0,187501,0
01:15:40:614,120000453,184284797,0,187307,0
01:15:40:814,120000453,184311666,0,186869,0
01:15:41:014,120000452,184306733,0,186678,0
01:15:41:214,120000452,184290152,0,187152,0
01:15:41:414,120000457,184321695,0,186411,0
01:15:41:614,120000449,184291720,0,187440,0
01:15:41:814,120000456,184367497,0,185902,0
01:15:42:014,120000455,184372894,0,185819,0
01:15:42:214,120000446,184316564,0,186572,0
01:15:42:414,120000455,184325877,0,186713,0
01:15:42:614,120000449,184306874,0,186737,0
01:15:42:814,120000448,184304212,0,186803,0
01:15:43:014,120000441,184276350,0,187548,0
01:15:43:214,120000448,184315875,0,186784,0
01:15:43:414,120000450,184324579,0,186351,0
01:15:43:614,120000456,184311894,0,186602,0
01:15:43:814,120000454,184333321,0,186390,0
01:15:44:014,120000454,184392855,0,185616,0
01:15:44:214,120000461,184388755,0,185793,0
01:15:44:414,120000451,184388579,0,185641,0
01:15:44:614,120000447,184305250,0,186836,0
01:15:44:814,120000460,184288447,0,187290,0
01:15:45:014,120000453,184291601,0,187088,0
01:15:45:214,120000446,184376065,0,185977,0
01:15:45:414,120000460,184378413,0,185794,0
01:15:45:614,120000457,184316562,0,186725,0
01:15:45:814,120000448,184303725,0,186838,0
01:15:46:014,120000449,184282229,0,187394,0
01:15:46:414,120000475,265133586,404,177,0
01:15:46:614,120000442,262669516,392,5865,0
01:15:46:814,120000463,184339573,0,186500,0
01:15:47:014,120000445,184314260,0,186649,0
01:15:47:214,120000462,184342914,0,186261,0
01:15:47:414,120000438,184283551,0,187325,0
01:15:47:614,120000453,184341479,0,186285,0
01:15:47:814,120000479,184392834,0,185687,0
01:15:48:014,120000454,184348361,0,186403,0
01:15:48:214,120000448,184374810,0,186213,0
01:15:48:414,120000446,184298294,0,186903,0
01:15:48:614,120000459,184296874,0,186980,0
01:15:48:814,120000451,184292734,1,187125,0
01:15:49:014,120000448,184385963,1,185800,0
01:15:49:214,120000453,184390408,0,185787,0
01:15:49:414,120000453,184387121,0,185807,0
01:15:49:614,120000450,184401057,0,185424,0
01:15:49:814,120000440,184394632,0,185593,0
01:15:50:014,120000453,184398954,0,185423,0
01:15:50:214,120000459,184396015,0,185606,0
01:15:50:414,120000449,184398302,0,185428,0
01:15:50:614,120000458,184400283,0,185475,0
01:15:50:814,120000459,184308286,0,186709,0
01:15:51:014,120000449,184308745,0,186660,0
01:15:51:214,120000450,184313586,0,186593,0
01:15:51:414,120000456,184317930,0,186371,0
01:15:51:614,120000462,184302597,0,186918,0
01:15:51:814,120000466,184325878,0,186441,0
01:15:52:014,120000460,184282694,0,187384,0
01:15:52:214,120000450,184401002,0,185484,0
01:15:52:414,120000446,184372395,0,185858,0
01:15:52:614,120000445,184321994,0,186457,0
01:15:52:814,120000453,184387425,0,185784,0
01:15:53:014,120000457,184387914,0,185824,0
01:15:53:214,120000442,184401362,1,185424,0
01:15:53:414,120000461,184396146,0,185559,0
01:15:53:614,120000458,184396768,0,185634,0
01:15:53:814,120000448,184338228,0,186347,0
01:15:54:014,120000454,184295023,0,187150,0
01:15:54:214,120000449,184282947,0,187360,0
01:15:54:414,120000446,184300709,2,186874,0
01:15:54:614,120000450,184296681,1,187059,0
01:15:54:814,120000437,184322124,0,186303,0
01:15:55:014,120000453,184293991,0,187170,0
01:15:55:214,120000464,184276679,0,187596,0
01:15:55:414,120000445,184313009,0,186975,0
01:15:55:614,120000449,184284208,0,187399,0
01:15:55:814,120000455,184288913,0,187166,0
01:15:56:014,120000452,184306692,0,186979,0
01:15:56:214,120000457,184339224,0,186175,0
01:15:56:414,120000451,184291627,0,187094,0
01:15:56:614,120000454,184361901,0,186187,0
01:15:56:814,120000462,184398632,0,185461,0
01:15:57:014,120000449,184394264,0,185619,0
01:15:57:214,120000461,184386277,0,185808,0
01:15:57:414,120000440,184386794,0,185796,0
01:15:57:614,120000449,184380616,0,185903,0
01:15:57:814,120000457,184297023,0,186971,0
01:15:58:014,120000457,184359000,0,186049,0
01:15:58:214,120000453,184392325,0,185643,0
01:15:58:414,120000450,184322361,0,186476,0
01:15:58:614,120000460,184330283,0,186481,0
01:15:58:814,120000442,184306253,0,186779,0
01:15:59:014,120000453,184287556,0,187290,0
01:15:59:214,120000461,184318745,0,186333,0
01:15:59:414,120000449,184366595,0,185905,0
01:15:59:614,120000463,184394136,0,185601,0
01:15:59:814,120000457,184396639,0,185434,0
01:16:00:014,120000464,184403306,0,185411,0
01:16:00:214,120000457,184391038,0,185619,0
01:16:00:414,120000462,184392117,0,185696,0
01:16:00:614,120000447,184385865,0,185793,0
01:16:00:814,120000455,184399441,0,185440,0
01:16:01:014,120000464,184393433,0,185693,0
01:16:01:214,120000459,184387875,0,185793,0
01:16:01:414,120000440,184389660,0,185835,0
01:16:02:014,120000455,265142234,401,156,0
01:16:02:014,120000455,265142234,401,156,0
01:16:02:214,120000456,195066761,58,161043,0
01:16:02:414,120000437,184330288,0,186349,0
01:16:02:614,120000458,184300578,0,186881,0
01:16:02:814,120000449,184350720,0,186064,0
01:16:03:014,120000448,184335351,1,185976,0
01:16:03:214,120000471,184297318,0,186966,0
01:16:03:414,120000453,184266234,0,188069,0
01:16:03:614,120000461,184381647,0,186132,0
01:16:03:814,120000440,184396059,0,185633,0
01:16:04:014,120000459,184394396,0,185613,0
01:16:04:214,120000453,184377650,0,186009,0
01:16:04:414,120000474,184382398,0,185617,0
01:16:04:614,120000452,184319708,0,186368,0
01:16:04:814,120000454,184285100,0,187375,0
01:16:05:014,120000443,184289901,0,187200,0
01:16:05:214,120000459,184331146,0,186341,0
01:16:05:414,120000458,184330641,0,186235,0
01:16:05:614,120000437,184306993,0,186696,0
01:16:05:814,120000458,184314318,0,186586,0
01:16:06:014,120000449,184295206,0,186973,0
01:16:06:214,120000461,184330474,0,186426,0
01:16:06:414,120000452,184401096,0,185482,0
01:16:06:614,120000450,184396405,0,185602,0
01:16:06:814,120000455,184396601,0,185612,0
01:16:07:014,120000455,184371721,0,185776,0
01:16:07:214,120000452,184373968,0,185793,0
01:16:07:414,120000456,184397634,0,185415,0
01:16:07:614,120000462,184332658,0,186109,0
01:16:07:814,120000443,184368587,0,185876,0
01:16:08:014,120000438,184394076,0,185614,0
01:16:08:214,120000453,184378233,0,185918,0
01:16:08:414,120000456,184300941,0,186853,0
01:16:08:614,120000445,184295889,0,186989,0
01:16:08:814,120000449,184304901,0,186814,0
01:16:09:014,120000451,184305400,0,186725,0
01:16:09:214,120000456,184390259,0,185622,0
01:16:09:414,120000445,184358333,0,186092,0
01:16:09:614,120000464,184295909,0,187099,0
01:16:09:814,120000462,184299355,0,186976,0
01:16:10:014,120000448,184292208,0,187104,0
01:16:10:214,120000462,184333603,0,186551,0
01:16:10:414,120000437,184320979,0,186957,0
01:16:10:614,120000452,184398433,0,185419,0
01:16:10:814,120000454,184397538,1,185428,0
01:16:11:014,120000457,184394789,0,185612,0
01:16:11:214,120000462,184317219,0,186635,0
01:16:11:414,120000460,184302816,0,186969,0
01:16:11:614,120000455,184302337,0,186914,0
01:16:11:814,120000450,184303085,1,186887,0
01:16:12:014,120000464,184288231,0,187332,0
01:16:12:214,120000450,184349316,0,186167,0
01:16:12:414,120000455,184397497,0,185416,0
01:16:12:614,120000448,184400349,0,185470,0
01:16:12:814,120000465,184318757,0,186540,0
01:16:13:014,120000447,184290459,0,187158,0
01:16:13:214,120000458,184284636,0,187358,0
01:16:13:414,120000456,184299505,0,186892,0
01:16:13:614,120000453,184304436,0,186974,0
01:16:13:814,120000441,184360243,0,185939,0
01:16:14:014,120000453,184392693,0,185646,0
01:16:14:214,120000450,184389894,0,185813,0
01:16:14:414,120000462,184349079,0,186314,0
01:16:14:614,120000454,184347632,0,186116,0
01:16:14:814,120000442,184324278,0,186464,0
01:16:15:014,120000456,184325414,0,186507,0
01:16:15:214,120000448,184303934,0,186873,0
01:16:15:414,120000456,184347348,0,186156,0
01:16:15:614,120000449,184396801,0,185584,0
01:16:15:814,120000458,184329395,0,186683,0
01:16:16:014,120000438,184395461,0,185620,0
01:16:16:214,120000453,184388947,1,185688,0
01:16:16:414,120000455,184397807,0,185426,0
01:16:16:614,120000468,184395936,0,185612,0
01:16:16:814,120000454,184388493,0,185745,0
01:16:17:414,120000450,265133734,403,158,0
01:16:17:414,120000450,265133734,403,158,0
01:16:17:614,120000457,208623906,124,130007,0
01:16:17:814,120000459,184382130,0,185863,0
01:16:18:014,120000462,184398601,0,185573,0
01:16:18:214,120000464,184399115,0,185426,0
01:16:18:414,120000445,184396336,0,185494,0
01:16:18:614,120000470,184381000,0,186143,0
01:16:18:814,120000440,184392686,0,185652,0
01:16:19:014,120000448,184314724,0,186933,0
01:16:19:214,120000450,184318493,0,186670,0
01:16:19:414,120000449,184391585,0,185626,0
01:16:19:614,120000461,184353583,0,186291,0
01:16:19:814,120000449,184309268,0,186611,0
01:16:20:014,120000461,184337438,0,186415,0
01:16:20:214,120000445,184331359,0,186580,0
01:16:20:414,120000464,184346695,0,186156,0
01:16:20:614,120000448,184354873,0,185786,0
01:16:20:814,120000454,184313455,0,186568,0
01:16:21:014,120000456,184301960,0,186904,0
01:16:21:214,120000456,184293330,0,187060,0
01:16:21:414,120000451,184335382,0,186245,0
01:16:21:614,120000445,184398001,0,185438,0
01:16:21:814,120000458,184393828,0,185600,0
01:16:22:014,120000441,184399447,0,185431,0
01:16:22:214,120000461,184337516,0,186081,0
01:16:22:414,120000460,184287931,0,187297,0
01:16:22:614,120000452,184307550,0,186702,0
01:16:22:814,120000456,184290983,0,187075,0
01:16:23:014,120000461,184312390,0,186592,0
01:16:23:214,120000448,184318854,0,186369,0
01:16:23:414,120000454,184298829,0,187057,0
01:16:23:614,120000456,184400480,0,185424,0
01:16:23:814,120000461,184332675,0,186359,0
01:16:24:014,120000453,184393120,0,185444,0
01:16:24:214,120000448,184396236,0,185574,0
01:16:24:414,120000467,184396429,0,185597,0
01:16:24:614,120000461,184387424,0,185795,0
01:16:24:814,120000458,184353296,0,186141,0
01:16:25:014,120000468,184361252,0,186121,0
01:16:25:214,120000446,184352178,0,186096,0
01:16:25:414,120000453,184324823,0,186300,0
01:16:25:614,120000462,184309493,0,186660,0
01:16:25:814,120000462,184320033,0,186422,0
01:16:26:014,120000454,184342583,0,186368,0
01:16:26:214,120000457,184324065,0,186548,0
01:16:26:414,120000448,184322974,0,186308,0
01:16:26:614,120000462,184314109,0,186472,0
01:16:26:814,120000464,184392967,0,185512,0
01:16:27:014,120000456,184394827,0,185606,0
01:16:27:214,120000449,184300947,0,186833,0
01:16:27:414,120000454,184304580,0,186782,0
01:16:27:614,120000462,184295768,0,186978,0
01:16:27:814,120000446,184312089,0,186648,0
01:16:28:014,120000449,184298099,0,186946,0
01:16:28:214,120000442,184292804,0,187068,0
01:16:28:414,120000455,184339197,0,186528,0
01:16:28:614,120000449,184391708,0,185651,0
01:16:28:814,120000448,184393765,0,185603,0
01:16:29:014,120000453,184392176,0,185638,0
01:16:29:214,120000462,184361147,0,185889,0
01:16:29:414,120000452,184296076,0,187029,0
01:16:29:614,120000450,184369568,0,185884,0
01:16:29:814,120000453,184287082,0,187297,0
01:16:30:014,120000461,184300609,0,186829,0
01:16:30:214,120000441,184310489,0,186632,0
01:16:30:414,120000454,184304876,0,187127,0
01:16:30:614,120000451,184289377,0,187341,0
01:16:30:814,120000462,184301220,0,186915,0
01:16:31:014,120000469,184296580,0,187022,0
01:16:31:214,120000454,184299407,0,186971,0
01:16:31:414,120000454,184281798,0,187354,0
01:16:31:614,120000454,184347900,1,186531,0
01:16:31:814,120000468,184380806,1,186138,0
01:16:32:014,120000455,184398246,0,185427,0
01:16:32:214,120000450,184396677,0,185590,0
01:16:32:814,120000461,265142035,401,150,0
01:16:32:814,120000461,265142035,401,150,0
01:16:33:014,120000449,222099716,192,100434,0
01:16:33:214,120000455,184398349,0,185458,0
01:16:33:414,120000445,184398045,0,185451,0
01:16:33:614,120000455,184384799,0,185962,0
01:16:33:814,120000443,184398981,0,185400,0
01:16:34:014,120000476,184397728,0,185516,0
01:16:34:214,120000449,184329324,0,186709,0
01:16:34:414,120000463,184281258,0,187462,0
01:16:34:614,120000448,184360594,0,186149,0
01:16:34:814,120000464,184400039,0,185441,0
01:16:35:014,120000456,184392070,0,185618,0
01:16:35:214,120000455,184390122,0,185802,0
01:16:35:414,120000464,184398219,0,185410,0
01:16:35:614,120000454,184400432,0,185449,0
01:16:35:814,120000462,184393177,0,185572,0
01:16:36:014,120000442,184358908,0,186000,0
01:16:36:214,120000441,184285937,0,187427,0
01:16:36:414,120000456,184298594,0,186921,0
01:16:36:614,120000450,184302889,0,186867,0
01:16:36:814,120000451,184314010,0,186759,0
01:16:37:014,120000470,184309819,0,186679,0
01:16:37:214,120000479,184303411,0,186879,0
01:16:37:414,120000457,184333684,0,186678,0
01:16:37:614,120000452,184354056,0,186254,0
01:16:37:814,120000451,184391771,0,185572,0
01:16:38:014,120000459,184400589,0,185447,0
01:16:38:214,120000455,184392990,1,185592,0
01:16:38:414,120000442,184313283,0,187101,0
01:16:38:614,120000460,184301495,0,186992,0
01:16:38:814,120000451,184295287,0,187310,0
01:16:39:014,120000450,184390860,0,185650,0
01:16:39:214,120000458,184291651,0,187089,0
01:16:39:414,120000456,184296548,1,186989,0
01:16:39:614,120000454,184298881,0,186982,0
01:16:39:814,120000457,184302778,0,186789,0
01:16:40:014,120000445,184319431,1,186441,0
01:16:40:214,120000456,184309311,0,186652,0
01:16:40:414,120000461,184307035,0,186687,0
01:16:40:614,120000461,184305364,0,186859,0
01:16:40:814,120000450,184368525,0,185976,0
01:16:41:014,120000457,184397449,0,185583,0
01:16:41:214,120000453,184376825,0,185718,0
01:16:41:414,120000454,184322954,1,186324,0
01:16:41:614,120000453,184338605,0,186574,0
01:16:41:814,120000459,184313811,0,186907,0
01:16:42:014,120000452,184309215,0,186744,0
01:16:42:214,120000453,184306168,0,186759,0
01:16:42:414,120000462,184305613,0,186803,0
01:16:42:614,120000450,184311822,1,186572,0
01:16:42:814,120000445,184312864,0,186726,0
01:16:43:014,120000444,184312193,0,186628,0
01:16:43:214,120000458,184316318,0,186673,0
01:16:43:414,120000443,184347870,0,186366,0
01:16:43:614,120000438,184348709,0,186060,0
01:16:43:814,120000458,184329357,0,186438,0
01:16:44:014,120000450,184395428,0,185617,0
01:16:44:214,120000458,184387376,0,185794,0
01:16:44:414,120000444,184388987,0,185813,0
01:16:44:614,120000445,184314907,0,186899,0
01:16:44:814,120000457,184392545,0,185637,0
01:16:45:014,120000452,184389161,0,185799,0
01:16:45:214,120000454,184390769,0,185602,0
01:16:45:414,120000457,184398027,0,185609,0
01:16:45:614,120000458,184394333,0,185586,0
01:16:45:814,120000457,184357324,0,186093,0
01:16:46:014,120000455,184389829,0,185808,0
01:16:46:214,120000444,184398943,0,185415,0
01:16:46:414,120000452,184400833,0,185515,0
01:16:46:614,120000449,184394101,0,185585,0
01:16:46:814,120000467,184393987,0,185617,0
01:16:47:014,120000458,184397989,1,185413,0
01:16:47:214,120000445,184398685,0,185402,0
01:16:47:414,120000453,184391245,0,185739,0
01:16:47:614,120000462,184391728,0,185605,0
01:16:48:214,120000467,265134043,403,169,0
01:16:48:214,120000467,265134043,403,169,0
01:16:48:414,120000460,235682223,258,68340,0
01:16:48:614,120000464,184316740,0,186644,0
01:16:48:814,120000462,184400487,0,185431,0
01:16:49:014,120000449,184397110,0,185425,0
01:16:49:214,120000455,184396707,0,185428,0
01:16:49:414,120000461,184386596,0,185646,0
01:16:49:614,120000441,184296527,0,187038,0
01:16:49:814,120000461,184313992,0,186565,0
01:16:50:014,120000451,184326682,0,186629,0
01:16:50:214,120000446,184285206,0,187298,0
01:16:50:614,120000465,184304835,0,186788,0
01:16:50:814,120000454,184311727,0,187119,0
01:16:51:014,120000459,184357327,0,186054,0
01:16:51:214,120000450,184295894,0,187051,0
01:16:51:414,120000462,184279011,1,187470,0
01:16:51:614,120000457,184312082,0,186845,0
01:16:51:814,120000462,184358089,0,185849,0
01:16:52:014,120000460,184295788,0,186969,0
01:16:52:214,120000457,184362174,0,186028,0
01:16:52:414,120000448,184392594,0,185627,0
01:16:52:614,120000456,184377683,0,185928,0
01:16:52:814,120000453,184376303,0,185572,0
01:16:53:014,120000449,184364640,0,186019,0
01:16:53:214,120000454,184395887,0,185601,0
01:16:53:414,120000445,184330944,0,186443,0
01:16:53:614,120000445,184276820,0,187534,0
01:16:53:814,120000449,184305515,0,186778,0
01:16:54:014,120000464,184297691,0,186962,0
01:16:54:214,120000466,184311786,0,187031,0
01:16:54:414,120000453,184392857,0,185625,0
01:16:54:614,120000469,184372079,0,185824,0
01:16:54:814,120000454,184387675,0,185558,0
01:16:55:014,120000454,184303245,0,186835,0
01:16:55:214,120000450,184301142,0,187143,0
01:16:55:414,120000459,184279164,0,187472,0
01:16:55:614,120000470,184296266,0,186990,0
01:16:55:814,120000450,184301259,1,186923,0
01:16:56:014,120000459,184313648,0,186953,0
01:16:56:214,120000448,184396315,0,185641,0
01:16:56:414,120000454,184328070,0,186512,0
01:16:56:614,120000456,184309714,0,186684,0
01:16:56:814,120000465,184375565,0,185941,0
01:16:57:014,120000452,184398768,0,185422,0
01:16:57:214,120000448,184393543,0,185650,0
01:16:57:414,120000454,184398758,0,185423,0
01:16:57:614,120000465,184395221,0,185615,0
01:16:57:814,120000461,184387442,0,185805,0
01:16:58:014,120000455,184389936,0,185706,0
01:16:58:214,120000441,184325993,0,186355,0
01:16:58:414,120000455,184393609,0,185493,0
01:16:58:614,120000456,184395332,0,185630,0
01:16:58:814,120000444,184389818,0,185605,0
01:16:59:014,120000446,184395185,0,185584,0
01:16:59:214,120000448,184398177,0,185422,0
01:16:59:414,120000461,184375623,0,185663,0
01:16:59:614,120000449,184342068,0,186313,0
01:16:59:814,120000458,184382829,0,185814,0
01:17:00:014,120000445,184318768,0,186547,0
01:17:00:214,120000453,184298903,1,187034,0
01:17:00:414,120000445,184343026,0,185941,0
01:17:00:614,120000452,184396489,0,185627,0
01:17:00:814,120000454,184343276,0,186049,0
01:17:01:014,120000449,184388494,0,185537,0
01:17:01:214,120000454,184382699,0,185940,0
01:17:01:414,120000453,184382917,0,185752,0
01:17:01:614,120000448,184393732,0,185638,0
01:17:01:814,120000450,184386547,0,185792,0
01:17:02:014,120000451,184395568,0,185612,0
01:17:02:214,120000458,184334482,0,186328,0
01:17:02:414,120000454,184371791,0,185895,0
01:17:02:614,120000453,184354568,0,186014,0
01:17:02:814,120000457,184310730,0,186639,0
01:17:03:014,120000465,184326919,0,186667,0
01:17:03:214,120000457,184393594,0,185630,0
01:17:03:614,120000479,265141801,402,164,0
01:17:03:814,120000449,248842813,324,37773,0
01:17:04:014,120000448,184356072,0,186069,0
01:17:04:214,120000454,184398286,0,185441,0
01:17:04:414,120000458,184373760,0,185752,0
01:17:04:614,120000447,184379429,1,185974,0
01:17:04:814,120000451,184389371,0,185589,0
01:17:05:014,120000473,184395438,0,185618,0
01:17:05:214,120000461,184392052,0,185636,0
01:17:05:414,120000457,184398686,0,185577,0
01:17:05:614,120000456,184391865,0,185625,0
01:17:05:814,120000465,184390718,0,185622,0
01:17:06:014,120000450,184394977,0,185578,0
01:17:06:214,120000458,184350857,0,186194,0
01:17:06:414,120000456,184392401,0,185664,0
01:17:06:614,120000454,184393719,0,185593,0
01:17:06:814,120000451,184392988,0,185581,0
01:17:07:014,120000451,184394340,0,185591,0
01:17:07:214,120000448,184396291,0,185396,0
01:17:07:414,120000441,184396393,0,185580,0
01:17:07:614,120000455,184395344,0,185374,0
01:17:07:814,120000448,184396887,0,185409,0
01:17:08:014,120000457,184399810,0,185418,0
01:17:08:214,120000456,184397206,0,185397,0
01:17:08:414,120000450,184395166,0,185625,0
01:17:08:614,120000465,184392892,0,185622,0
01:17:08:814,120000458,184394387,0,185628,0
01:17:09:014,120000454,184395287,1,185588,0
01:17:09:214,120000453,184387853,0,185800,0
01:17:09:414,120000446,184324450,0,186723,0
01:17:09:614,120000450,184394754,0,185623,0
01:17:09:814,120000461,184333481,0,186330,0
01:17:10:014,120000452,184341661,0,186510,0
01:17:10:214,120000451,184355987,0,186044,0
01:17:10:414,120000453,184402675,0,185400,0
01:17:10:614,120000454,184394133,0,185598,0
01:17:10:814,120000456,184389572,0,185623,0
01:17:11:014,120000453,184393949,0,185586,0
01:17:11:214,120000449,184398794,0,185406,0
01:17:11:414,120000462,184396374,0,185595,0
01:17:11:614,120000457,184396414,0,185387,0
01:17:11:814,120000443,184400879,0,185413,0
01:17:12:014,120000448,184399207,0,185436,0
01:17:12:214,120000454,184347327,0,186922,0
01:17:12:414,120000452,184400181,0,185428,0
01:17:12:614,120000458,184393518,0,185653,0
01:17:12:814,120000456,184396087,0,185628,0
01:17:13:014,120000446,184391061,0,185603,0
01:17:13:214,120000457,184393101,0,185624,0
01:17:13:414,120000454,184355804,1,186005,0
01:17:13:614,120000456,184306181,0,186957,0
01:17:13:814,120000456,184352142,0,186017,0
01:17:14:014,120000459,184302697,0,186936,0
01:17:14:214,120000449,184396684,0,185606,0
01:17:14:414,120000457,184325088,0,186442,0
01:17:14:614,120000454,184314541,0,186488,0
01:17:14:814,120000463,184302449,0,186948,0
01:17:15:014,120000453,184391300,0,185608,0
01:17:15:214,120000454,184398279,0,185587,0
01:17:15:414,120000448,184394920,0,185598,0
01:17:15:614,120000462,184396463,0,185401,0
01:17:15:814,120000456,184387254,0,185603,0
01:17:16:014,120000463,184316142,0,186465,0
01:17:16:214,120000441,184300477,0,187102,0
01:17:16:414,120000461,184309311,0,186653,0
01:17:16:614,120000462,184319129,0,186378,0
01:17:16:814,120000457,184312381,0,186599,0
01:17:17:014,120000458,184372552,0,185857,0
01:17:17:214,120000455,184388148,0,185741,0
01:17:17:414,120000451,184309105,0,186639,0
01:17:17:614,120000453,184297894,0,186946,0
01:17:17:814,120000448,184299689,1,186953,0
01:17:18:014,120000449,184300182,0,186866,0
01:17:18:214,120000457,184322911,0,186835,0
01:17:18:414,120000453,184398448,0,185407,0
01:17:18:614,120000450,184398061,0,185591,0
01:17:19:014,120000476,265133700,404,175,0
01:17:19:214,120000452,262410880,390,6475,0
01:17:19:414,120000459,184392200,0,185553,0
01:17:19:614,120000444,184399958,0,185366,0
01:17:19:814,120000453,184397724,0,185419,0
01:17:20:014,120000462,184393365,0,185592,0
01:17:20:214,120000451,184394017,0,185636,0
01:17:20:414,120000477,184392962,0,185582,0
01:17:20:614,120000450,184389907,0,185529,0
01:17:20:814,120000465,184359766,0,186038,0
01:17:21:014,120000454,184384244,0,185614,0
01:17:21:214,120000459,184341421,0,186270,0
01:17:21:414,120000450,184390331,0,185612,0
01:17:21:614,120000454,184400473,0,185439,0
01:17:21:814,120000462,184346850,0,186335,0
01:17:22:014,120000466,184285374,0,187335,0
01:17:22:214,120000458,184298997,0,186994,0
01:17:22:414,120000454,184269212,0,187731,0
01:17:22:614,120000454,184295521,0,187110,0
01:17:22:814,120000465,184333173,0,186552,0
01:17:23:014,120000466,184396644,0,185614,0
01:17:23:214,120000467,184301786,0,186942,0
01:17:23:414,120000462,184290000,0,187266,0
01:17:23:614,120000450,184341103,0,186455,0
01:17:23:814,120000461,184370757,0,185505,0
01:17:24:014,120000449,184315962,0,186697,0
01:17:24:214,120000446,184285479,0,187315,0
01:17:24:414,120000458,184372804,0,185904,0
01:17:24:614,120000440,184395973,0,185604,0
01:17:24:814,120000445,184397418,0,185417,0
01:17:25:014,120000449,184398501,0,185415,0
01:17:25:214,120000455,184400128,0,185416,0
01:17:25:414,120000461,184343358,0,186261,0
01:17:25:614,120000449,184304942,0,186830,0
01:17:25:814,120000456,184290802,0,187189,0
01:17:26:014,120000461,184363888,0,185907,0
01:17:26:214,120000448,184396991,0,185575,0
01:17:26:414,120000446,184393941,0,185620,0
01:17:26:614,120000449,184400599,0,185431,0
01:17:26:814,120000459,184392928,0,185613,0
01:17:27:014,120000462,184291641,0,187382,0
01:17:27:214,120000446,184304648,0,186956,0
01:17:27:414,120000448,184311697,0,186616,0
01:17:27:614,120000442,184340412,1,186289,0
01:17:27:814,120000458,184289558,0,187271,0
01:17:28:014,120000459,184396586,0,185558,0
01:17:28:214,120000462,184393066,0,185591,0
01:17:28:414,120000446,184401770,0,185426,0
01:17:28:614,120000457,184353978,0,185971,0
01:17:28:814,120000461,184353616,0,186237,0
01:17:29:014,120000458,184383135,0,185736,0
01:17:29:214,120000453,184347864,0,186211,0
01:17:29:414,120000464,184394339,0,185573,0
01:17:29:614,120000466,184386822,0,185631,0
01:17:29:814,120000460,184353383,0,186304,0
01:17:30:014,120000453,184300987,0,186948,0
01:17:30:214,120000445,184391263,0,185617,0
01:17:30:414,120000458,184381205,0,186002,0
01:17:30:614,120000448,184337938,0,186346,0
01:17:30:814,120000445,184302834,0,186840,0
01:17:31:014,120000460,184364660,1,186031,0
01:17:31:214,120000448,184393855,0,185599,0
01:17:31:414,120000453,184386418,0,185827,0
01:17:31:614,120000454,184377145,0,185959,0
01:17:31:814,120000445,184388717,0,185803,0
01:17:32:014,120000464,184392237,1,185601,0
01:17:32:214,120000467,184391589,0,185635,0
01:17:32:414,120000462,184321033,0,186531,0
01:17:32:614,120000443,184302226,0,186824,0
01:17:32:814,120000451,184292130,0,187199,0
01:17:33:014,120000455,184275969,0,187545,0
01:17:33:214,120000461,184285853,0,187310,0
01:17:33:414,120000454,184295386,0,187066,0
01:17:33:614,120000440,184287306,0,187314,0
01:17:33:814,120000442,184282851,0,187451,0
01:17:34:014,120000452,184301963,0,186866,0
01:17:34:614,120000456,265133757,403,162,0
01:17:34:614,120000456,265133757,403,162,0
01:17:34:814,120000451,195217814,58,160781,0
01:17:35:014,120000454,184393048,0,185600,0
01:17:35:214,120000457,184395552,0,185615,0
01:17:35:414,120000453,184388165,1,185802,0
01:17:35:614,120000456,184391247,0,185702,0
01:17:35:814,120000476,184311296,0,186801,0
01:17:36:014,120000448,184311092,0,186583,0
01:17:36:214,120000461,184323659,0,186737,0
01:17:36:414,120000444,184393988,0,185615,0
01:17:36:614,120000452,184397465,0,185401,0
01:17:36:814,120000450,184392841,0,185456,0
01:17:37:014,120000453,184287046,0,187185,0
01:17:37:214,120000450,184325368,0,186592,0
01:17:37:414,120000440,184393066,0,185605,0
01:17:37:614,120000445,184294762,0,187300,0
01:17:37:814,120000442,184399333,0,185425,0
01:17:38:014,120000456,184393791,0,185587,0
01:17:38:214,120000458,184389048,0,185824,0
01:17:38:414,120000438,184386884,0,185787,0
01:17:38:614,120000447,184314622,0,186735,0
01:17:38:814,120000446,184293439,0,187317,0
01:17:39:014,120000459,184398806,0,185461,0
01:17:39:214,120000455,184398097,0,185573,0
01:17:39:414,120000448,184333514,0,186565,0
01:17:39:614,120000464,184298362,0,187020,0
01:17:39:814,120000457,184301500,0,186998,0
01:17:40:014,120000446,184351338,0,186219,0
01:17:40:214,120000461,184393218,0,185817,0
01:17:40:414,120000443,184317966,0,186700,0
01:17:40:614,120000449,184285131,0,187443,0
01:17:40:814,120000467,184352640,1,186328,0
01:17:41:014,120000449,184356414,0,186127,0
01:17:41:214,120000451,184330550,0,186512,0
01:17:41:414,120000445,184388032,0,185762,0
01:17:41:614,120000450,184394896,0,185630,0
01:17:41:814,120000448,184314701,0,186624,0
01:17:42:014,120000479,184360788,0,186058,0
01:17:42:214,120000444,184334824,0,186371,0
01:17:42:414,120000457,184299501,0,186943,0
01:17:42:614,120000450,184305933,0,186770,0
01:17:42:814,120000449,184294588,0,187047,0
01:17:43:014,120000448,184324723,0,186530,0
01:17:43:214,120000462,184330476,0,186415,0
01:17:43:414,120000463,184371395,0,185717,0
01:17:43:614,120000448,184289627,0,187283,0
01:17:43:814,120000445,184301001,0,186844,0
01:17:44:014,120000441,184308933,0,186613,0
01:17:44:214,120000458,184303251,0,186878,0
01:17:44:414,120000451,184325415,0,186727,0
01:17:44:614,120000457,184298959,0,187038,0
01:17:44:814,120000455,184301376,0,186827,0
01:17:45:014,120000441,184303745,0,186892,0
01:17:45:214,120000449,184296100,0,187006,0
01:17:45:414,120000445,184317482,0,186535,0
01:17:45:614,120000437,184292131,0,187178,0
01:17:45:814,120000456,184316930,0,186518,0
01:17:46:014,120000457,184378408,0,185630,0
01:17:46:214,120000448,184391453,0,185653,0
01:17:46:414,120000459,184321773,0,186654,0
01:17:46:614,120000450,184295436,0,187082,0
01:17:46:814,120000448,184270688,0,187689,0
01:17:47:014,120000452,184393454,0,185557,0
01:17:47:214,120000454,184335454,0,186434,0
01:17:47:414,120000456,184296258,0,187018,0
01:17:47:614,120000461,184297212,0,187054,0
01:17:47:814,120000462,184302968,0,186777,0
01:17:48:014,120000450,184324897,0,186726,0
01:17:48:214,120000448,184356590,0,185832,0
01:17:48:414,120000449,184352695,0,186061,0
01:17:48:614,120000454,184389176,0,185808,0
01:17:48:814,120000457,184393489,0,185594,0
01:17:49:014,120000446,184394519,0,185632,0
01:17:49:214,120000447,184395975,0,185598,0
01:17:49:414,120000451,184397603,0,185577,0
01:17:50:014,120000445,265141798,401,151,0
01:17:50:014,120000445,265141798,401,151,0
01:17:50:214,120000441,208755923,126,129649,0
01:17:50:414,120000456,184343746,0,186354,0
01:17:50:614,120000458,184396483,0,185495,0
01:17:50:814,120000452,184392868,0,185592,0
01:17:51:014,120000454,184392613,0,185599,0
01:17:51:214,120000465,184389894,0,185632,0
01:17:51:414,120000446,184329168,0,186212,0
01:17:51:614,120000462,184280970,0,187420,0
01:17:51:814,120000451,184298888,0,186960,0
01:17:52:014,120000442,184295595,0,187058,0
01:17:52:214,120000452,184304920,0,186787,0
01:17:52:414,120000462,184292597,0,187142,0
01:17:52:614,120000438,184306087,0,186686,0
01:17:52:814,120000452,184294913,0,187004,0
01:17:53:014,120000454,184303320,0,187165,0
01:17:53:214,120000457,184370212,0,185916,0
01:17:53:414,120000462,184301856,0,186898,0
01:17:53:614,120000450,184301264,0,187324,0
01:17:53:814,120000450,184281169,0,187512,0
01:17:54:014,120000464,184392896,0,185539,0
01:17:54:214,120000457,184392746,0,185612,0
01:17:54:414,120000448,184392038,0,185799,0
01:17:54:614,120000446,184394933,0,185615,0
01:17:54:814,120000449,184398839,0,185408,0
01:17:55:014,120000457,184298841,0,186944,0
01:17:55:214,120000462,184302313,0,186831,0
01:17:55:414,120000450,184286657,0,187358,0
01:17:55:614,120000450,184389758,0,185609,0
01:17:55:814,120000449,184314771,0,186731,0
01:17:56:014,120000458,184365784,0,185973,0
01:17:56:214,120000457,184374618,0,185745,0
01:17:56:414,120000457,184325611,0,186567,0
01:17:56:614,120000451,184353174,0,186238,0
01:17:56:814,120000445,184288925,0,187266,0
01:17:57:014,120000458,184296209,0,187025,0
01:17:57:214,120000460,184314649,0,186936,0
01:17:57:414,120000442,184395417,0,185621,0
01:17:57:614,120000456,184392800,0,185656,0
01:17:57:814,120000458,184384790,0,185772,0
01:17:58:014,120000445,184295781,0,187175,0
01:17:58:214,120000593,184312787,0,186541,0
01:17:58:414,120000447,184315223,1,186746,0
01:17:58:614,120000451,184398513,0,185407,0
01:17:58:814,120000449,184335065,0,186339,0
01:17:59:014,120000457,184304387,0,186724,0
01:17:59:214,120000460,184308834,0,186672,0
01:17:59:414,120000451,184311226,0,186610,0
01:17:59:614,120000453,184305391,0,186775,0
01:17:59:814,120000462,184305514,0,186748,0
01:18:00:014,120000450,184312294,0,186559,0
01:18:00:214,120000449,184311649,0,186647,0
01:18:00:414,120000459,184381277,0,185851,0
01:18:00:614,120000455,184296826,0,187138,0
01:18:00:814,120000455,184318971,0,186775,0
01:18:01:014,120000451,184320029,0,186318,0
01:18:01:214,120000461,184289209,0,187256,0
01:18:01:414,120000444,184385177,0,185840,0
01:18:01:614,120000452,184392728,0,185627,0
01:18:01:814,120000464,184335732,0,186445,0
01:18:02:014,120000457,184304456,0,186731,0
01:18:02:214,120000446,184298615,0,187001,0
01:18:02:414,120000455,184315349,0,186749,0
01:18:02:614,120000450,184398085,0,185405,0
01:18:02:814,120000453,184329195,1,186338,0
01:18:03:014,120000445,184281180,0,187408,0
01:18:03:214,120000448,184293277,0,187115,0
01:18:03:414,120000453,184310323,0,186622,0
01:18:03:614,120000462,184300566,0,186932,0
01:18:03:814,120000453,184373302,0,185847,0
01:18:04:014,120000450,184399668,0,185429,0
01:18:04:214,120000453,184393984,0,185629,0
01:18:04:414,120000446,184388729,0,185791,0
01:18:04:614,120000449,184400731,0,185399,0
01:18:04:814,120000456,184394348,0,185607,0
01:18:05:014,120000469,204615909,507,58613,0
01:18:05:214,120000453,214804200,598,16947,0
01:18:05:414,120000462,214800644,601,16942,0
01:18:05:614,120000436,214804139,598,16941,0
01:18:05:814,120000434,214801115,601,16936,0
01:18:06:014,120000450,214801242,601,16934,0
01:18:06:214,120000467,214803531,598,16934,0
01:18:06:414,120000436,214800912,601,16931,0
01:18:06:614,120000446,214803842,598,16939,0
01:18:06:814,120000454,214800951,601,16939,0
01:18:07:014,120000479,214801413,600,16938,0
01:18:07:214,120000456,214803933,601,16938,0
01:18:07:414,120000452,214800934,601,16942,0
01:18:07:614,120000436,214803688,598,16943,0
01:18:07:814,120000446,214800987,601,16942,0
01:18:08:014,120000436,214803782,598,16935,0
01:18:08:214,120000451,214801340,601,16936,0
01:18:08:414,120000436,214800590,601,16935,0
01:18:08:614,120000437,214804247,598,16941,0
01:18:08:814,120000450,214800696,601,16946,0
01:18:09:014,120000459,214803773,598,16946,0
01:18:09:214,120000441,214800400,601,16939,0
01:18:09:414,120000444,214801063,601,16929,0
01:18:09:614,120000431,214803780,598,16944,0
01:18:09:814,120000442,214800544,601,16946,0
01:18:10:014,120000448,214803991,598,16937,0
01:18:10:214,120000449,214801679,601,16943,0
01:18:10:414,120000455,214800944,601,16930,0
01:18:10:614,120000447,214804633,598,16937,0
01:18:10:814,120000446,214800501,601,16934,0
01:18:11:014,120000441,214804044,598,16940,0
01:18:11:214,120000456,214800613,601,16937,0
01:18:11:414,120000439,214804851,598,16937,0
01:18:11:614,120000447,214800183,601,16933,0
01:18:11:814,120000439,214801414,601,16936,0
01:18:12:014,120000434,214803266,598,16938,0
01:18:12:214,120000437,214801182,601,16938,0
01:18:12:414,120000451,214802792,598,16941,0
01:18:12:614,120000447,214801460,601,16940,0
01:18:12:814,120000443,214801142,601,16933,0
01:18:13:014,120000444,214804785,598,16939,0
01:18:13:214,120000451,214800225,601,16932,0
01:18:13:414,120000449,214804331,598,16934,0
01:18:13:614,120000450,214800020,601,16939,0
01:18:13:814,120000444,214801321,601,16939,0
01:18:14:014,120000448,214803508,598,16938,0
01:18:14:214,120000442,214801431,601,16940,0
01:18:14:414,120000445,214803367,598,16932,0
01:18:14:614,120000450,214801739,601,16938,0
01:18:14:814,120000435,214800314,601,16937,0
01:18:15:014,120000437,214804672,598,16944,0
01:18:15:214,120000431,214800153,601,16930,0
01:18:15:414,120000445,214804922,598,16939,0
01:18:15:614,120000432,214800257,601,16937,0
01:18:15:814,120000450,214804881,598,16942,0
01:18:16:014,120000442,214800118,602,16936,0
01:18:16:214,120000437,214801741,601,16939,0
01:18:16:414,120000428,214803158,598,16936,0
01:18:16:614,120000434,214801526,601,16939,0
01:18:16:814,120000447,214802825,598,16939,0
01:18:17:014,120000453,214802001,601,16945,0
01:18:17:214,120000436,214799872,601,16938,0
01:18:17:414,120000462,214804392,598,16941,0
01:18:17:614,120000440,214800282,601,16928,0
01:18:17:814,120000437,214804108,598,16936,0
01:18:18:014,120000448,214799896,601,16937,0
01:18:18:214,120000442,214801430,601,16941,0
01:18:18:414,120000436,214803742,598,16936,0
01:18:18:614,120000446,214800918,601,16942,0
01:18:18:814,120000454,214803086,598,16934,0
01:18:19:014,120000455,214801644,601,16936,0
01:18:19:214,120000440,214800416,601,16937,0
01:18:19:414,120000439,214804084,598,16934,0
01:18:19:614,120000454,214800228,601,16940,0
01:18:20:614,120000448,265134414,403,158,0
01:18:20:614,120000448,265134414,403,158,0
01:18:20:614,120000448,265134414,403,158,0
01:18:20:614,120000448,265134414,403,158,0
01:18:20:814,120000448,224099388,571,13843,0
01:18:21:014,120000443,214801567,601,16943,0
01:18:21:214,120000452,214802828,598,16944,0
01:18:21:414,120000456,214801836,601,16939,0
01:18:21:614,120000448,214800473,601,16937,0
01:18:21:814,120000448,214805083,598,16941,0
01:18:22:014,120000453,214800423,601,16935,0
01:18:22:214,120000464,214804567,598,16935,0
01:18:22:414,120000465,214800474,601,16945,0
01:18:22:614,120000462,214802198,601,16935,0
01:18:22:814,120000453,214802964,598,16933,0
01:18:23:214,120000448,214803265,598,16938,0
01:18:23:414,120000453,214801104,601,16954,0
01:18:23:614,120000448,214800368,601,16940,0
01:18:23:814,120000457,214804239,598,16937,0
01:18:24:014,120000457,214799710,601,16943,0
01:18:24:214,120000461,214804643,598,16938,0
01:18:24:414,120000449,214800629,601,16937,0
01:18:24:614,120000457,214804318,598,16945,0
01:18:24:814,120000451,214800564,601,16941,0
01:18:25:014,120000458,214801720,601,16936,0
01:18:25:214,120000450,214803772,598,16941,0
01:18:25:414,120000454,214801386,601,16944,0
01:18:25:614,120000450,214803655,598,16938,0
01:18:25:814,120000453,214800889,601,16943,0
01:18:26:014,120000456,214800075,601,16937,0
01:18:26:214,120000445,214804508,598,16942,0
01:18:26:414,120000449,214800629,601,16938,0
01:18:26:614,120000464,214804138,598,16944,0
01:18:26:814,120000460,214800252,601,16944,0
01:18:27:014,120000439,214801500,601,16941,0
01:18:27:214,120000452,214803348,598,16946,0
01:18:27:414,120000461,214801267,601,16939,0
01:18:27:614,120000443,214803477,598,16933,0
01:18:27:814,120000438,214801350,601,16937,0
01:18:28:014,120000437,214803666,598,16944,0
01:18:28:214,120000449,214801269,602,16939,0
01:18:28:414,120000443,214800172,601,16942,0
01:18:28:614,120000449,214804334,598,16944,0
01:18:28:814,120000435,214800387,601,16937,0
01:18:29:014,120000453,214804441,598,16944,0
01:18:29:214,120000456,214800598,601,16933,0
01:18:29:414,120000450,214801598,601,16944,0
01:18:29:614,120000432,214803856,598,16944,0
01:18:29:814,120000458,214801508,601,16934,0
01:18:30:014,120000446,214804071,598,16935,0
01:18:30:214,120000449,214801126,601,16935,0
01:18:30:414,120000453,214800427,601,16933,0
01:18:30:614,120000448,214804217,598,16944,0
01:18:30:814,120000452,214800551,601,16938,0
01:18:31:014,120000458,214803952,598,16932,0
01:18:31:214,120000456,214800931,601,16935,0
01:18:31:414,120000465,214801628,601,16941,0
01:18:31:614,120000465,214803829,598,16938,0
01:18:31:814,120000452,214801315,601,16939,0
01:18:32:014,120000457,214803651,598,16939,0
01:18:32:214,120000451,214800818,601,16937,0
01:18:32:414,120000458,214804573,598,16936,0
01:18:32:614,120000449,214800385,601,16938,0
01:18:32:814,120000439,214800937,601,16936,0
01:18:33:014,120000451,214803661,598,16932,0
01:18:33:214,120000461,214800900,601,16942,0
01:18:33:414,120000450,214804203,598,16939,0
01:18:33:614,120000454,214801037,601,16937,0
01:18:33:814,120000447,214800930,601,16949,0
01:18:34:014,120000439,214804093,598,16936,0
01:18:34:214,120000457,214800671,601,16937,0
01:18:34:414,120000433,214803870,598,16941,0
01:18:34:614,120000436,214800684,601,16935,0
01:18:34:814,120000447,214800946,601,16935,0
01:18:35:014,120000435,214804174,598,16934,0
01:18:35:215,120000431,214801320,601,16939,0
01:18:35:415,120000464,214803709,598,16934,0
01:18:35:615,120000460,214801126,601,16940,0
01:18:36:015,120000474,265141912,402,162,0
01:18:36:215,120000448,258527916,437,2369,0
01:18:36:415,120000432,214804137,598,16937,0
01:18:36:615,120000439,214800766,601,16942,0
01:18:36:815,120000452,214803578,598,16944,0
01:18:37:015,120000440,214800813,601,16934,0
01:18:37:215,120000446,214800635,601,16935,0
01:18:37:415,120000459,214803722,598,16944,0
01:18:37:615,120000452,214800561,601,16931,0
01:18:37:815,120000442,214803980,598,16935,0
01:18:38:015,120000449,214801514,601,16942,0
01:18:38:215,120000451,214801107,601,16934,0
01:18:38:415,120000454,214803445,598,16937,0
01:18:38:615,120000448,214800856,601,16932,0
01:18:38:815,120000444,214803817,598,16935,0
01:18:39:015,120000454,214800893,601,16934,0
01:18:39:215,120000457,214800372,601,16939,0
01:18:39:415,120000448,214804728,598,16937,0
01:18:39:615,120000452,214801050,601,16941,0
01:18:39:815,120000442,214804328,598,16932,0
01:18:40:015,120000455,214800773,601,16941,0
01:18:40:215,120000442,214800792,601,16944,0
01:18:40:415,120000449,214803916,598,16932,0
01:18:40:615,120000464,214800733,601,16942,0
01:18:40:815,120000445,214804052,598,16941,0
01:18:41:015,120000445,214800743,601,16947,0
01:18:41:215,120000455,214804018,598,16942,0
01:18:41:415,120000458,214800747,601,16944,0
01:18:41:615,120000433,214800836,601,16938,0
01:18:41:815,120000433,214803864,598,16929,0
01:18:42:015,120000458,214800395,601,16939,0
01:18:42:215,120000442,214804065,598,16941,0
01:18:42:415,120000452,214800917,601,16931,0
01:18:42:615,120000453,214800793,601,16942,0
01:18:42:815,120000464,214803330,598,16946,0
01:18:43:015,120000454,214801227,601,16936,0
01:18:43:215,120000456,214804185,598,16929,0
01:18:43:415,120000453,214800966,601,16933,0
01:18:43:615,120000448,214800696,601,16937,0
01:18:43:815,120000441,214804123,598,16939,0
01:18:44:015,120000452,214800837,601,16936,0
01:18:44:215,120000458,214803755,598,16937,0
01:18:44:415,120000451,214801337,601,16942,0
01:18:44:615,120000442,214800580,600,16942,0
01:18:44:815,120000448,214803480,600,16938,0
01:18:45:015,120000432,214801486,601,16939,0
01:18:45:215,120000453,214804052,598,16939,0
01:18:45:415,120000439,214800922,601,16932,0
01:18:45:615,120000450,214804670,598,16936,0
01:18:45:815,120000455,214800582,601,16928,0
01:18:46:015,120000439,214800967,601,16946,0
01:18:46:215,120000442,214803932,598,16937,0
01:18:46:415,120000441,214801038,601,16944,0
01:18:46:615,120000444,214803804,598,16928,0
01:18:46:815,120000450,214801424,601,16944,0
01:18:47:015,120000443,214800900,601,16938,0
01:18:47:215,120000454,214804426,598,16937,0
01:18:47:415,120000455,214800332,601,16946,0
01:18:47:615,120000450,214804677,598,16932,0
01:18:47:815,120000446,214800440,601,16935,0
01:18:48:015,120000443,214801257,601,16944,0
01:18:48:215,120000438,214802963,598,16945,0
01:18:48:415,120000444,214801523,601,16928,0
01:18:48:615,120000431,214802828,598,16937,0
01:18:48:815,120000450,214801564,601,16936,0
01:18:49:015,120000442,214803287,598,16926,0
01:18:49:215,120000431,214801431,601,16943,0
01:18:49:415,120000437,214800325,601,16944,0
01:18:49:615,120000451,214803519,598,16953,0
01:18:49:815,120000436,214800848,601,16938,0
01:18:50:015,120000439,214804178,598,16941,0
01:18:50:215,120000433,214799936,601,16944,0
01:18:50:415,120000437,214800850,601,16943,0
01:18:50:615,120000428,214804121,598,16932,0
01:18:50:815,120000448,214801050,601,16935,0
01:18:51:015,120000451,214803034,598,16939,0
01:18:51:415,120000477,263995290,416,546,0
01:18:51:615,120000481,264974262,409,211,0
01:18:51:815,120000442,214800494,600,16939,0
01:18:52:015,120000435,214804534,598,16942,0
01:18:52:215,120000444,214799763,601,16943,0
01:18:52:415,120000436,214802463,601,16936,0
01:18:52:615,120000439,214802624,598,16947,0
01:18:52:815,120000459,214801973,601,16939,0
01:18:53:015,120000454,214802370,598,16943,0
01:18:53:215,120000458,214802120,601,16945,0
01:18:53:415,120000458,214802793,598,16934,0
01:18:53:615,120000453,214801951,601,16932,0
01:18:53:815,120000445,214800062,601,16936,0
01:18:54:015,120000455,214804484,598,16940,0
01:18:54:215,120000457,214799747,601,16938,0
01:18:54:415,120000458,214804650,598,16933,0
01:18:54:615,120000453,214800131,601,16930,0
01:18:54:815,120000448,214801683,601,16936,0
01:18:55:015,120000456,214802631,598,16939,0
01:18:55:215,120000445,214802384,601,16933,0
01:18:55:415,120000460,214802676,598,16946,0
01:18:55:615,120000465,214801737,601,16938,0
01:18:55:815,120000459,214800344,601,16936,0
01:18:56:015,120000459,214804359,598,16940,0
01:18:56:215,120000449,214800154,601,16930,0
01:18:56:415,120000449,214805220,598,16933,0
01:18:56:615,120000457,214800192,601,16944,0
01:18:56:815,120000452,214801365,601,16944,0
01:18:57:015,120000438,214802526,598,16930,0
01:18:57:215,120000443,214801917,601,16943,0
01:18:57:415,120000451,214802410,598,16933,0
01:18:57:615,120000441,214802386,601,16934,0
01:18:57:815,120000454,214802556,598,16938,0
01:18:58:015,120000455,214801815,601,16941,0
01:18:58:215,120000447,214799988,601,16943,0
01:18:58:415,120000441,214804803,598,16942,0
01:18:58:615,120000431,214799963,601,16933,0
01:18:58:815,120000450,214804627,598,16937,0
01:18:59:015,120000442,214800192,601,16943,0
01:18:59:215,120000428,214802024,601,16939,0
01:18:59:415,120000442,214802364,598,16946,0
01:18:59:615,120000441,214801766,601,16939,0
01:18:59:815,120000439,214802600,598,16931,0
01:19:00:015,120000448,214801911,601,16940,0
01:19:00:215,120000446,214800253,601,16940,0
01:19:00:415,120000443,214804558,598,16930,0
01:19:00:615,120000444,214799687,601,16937,0
01:19:00:815,120000438,214805109,598,16938,0
01:19:01:015,120000441,214799854,601,16936,0
01:19:01:215,120000439,214802235,601,16945,0
01:19:01:415,120000436,214802806,598,16932,0
01:19:01:615,120000446,214802022,601,16937,0
01:19:01:815,120000454,214802564,598,16936,0
01:19:02:015,120000447,214801838,601,16951,0
01:19:02:215,120000446,214802908,598,16939,0
01:19:02:415,120000451,214802179,601,16939,0
01:19:02:615,120000447,214800275,601,16934,0
01:19:02:815,120000438,214804681,598,16937,0
01:19:03:015,120000445,214800077,601,16940,0
01:19:03:215,120000443,214805132,598,16931,0
01:19:03:415,120000438,214800192,601,16941,0
01:19:03:615,120000436,214801543,601,16941,0
01:19:03:815,120000449,214802756,598,16930,0
01:19:04:015,120000435,214801886,601,16940,0
01:19:04:215,120000434,214802598,598,16939,0
01:19:04:415,120000447,214802245,601,16937,0
01:19:04:615,120000449,214800090,601,16940,0
01:19:04:815,120000455,214804413,598,16944,0
01:19:05:015,120000455,214799625,601,16941,0
01:19:05:215,120000450,214804677,598,16949,0
01:19:05:415,120000451,214800447,601,16934,0
01:19:05:615,120000448,214802785,600,16938,0
01:19:05:815,120000450,214802128,601,16934,0
01:19:06:015,120000438,214802063,601,16940,0
01:19:06:215,120000446,214802965,598,16928,0
01:19:06:415,120000454,214801947,601,16935,0
01:19:07:015,120000443,265133924,403,165,0
01:19:07:015,120000443,265133924,403,165,0
01:19:07:215,120000451,223094627,575,14164,0
01:19:07:415,120000448,214801880,601,16942,0
01:19:07:615,120000443,214803200,598,16937,0
01:19:07:815,120000454,214802137,601,16939,0
01:19:08:015,120000439,214800053,601,16943,0
01:19:08:215,120000444,214804622,598,16933,0
01:19:08:415,120000445,214799984,601,16939,0
01:19:08:615,120000444,214804816,598,16936,0
01:19:08:815,120000463,214799732,601,16928,0
01:19:09:015,120000442,214801842,601,16938,0
01:19:09:215,120000453,214803162,598,16938,0
01:19:09:415,120000451,214801872,601,16935,0
01:19:09:615,120000453,214803217,598,16934,0
01:19:09:815,120000444,214802044,601,16937,0
01:19:10:015,120000448,214803123,598,16934,0
01:19:10:215,120000457,214801527,601,16938,0
01:19:10:415,120000442,214799641,601,16930,0
01:19:10:615,120000442,214804605,598,16944,0
01:19:10:815,120000454,214800193,601,16935,0
01:19:11:015,120000445,214805233,598,16942,0
01:19:11:215,120000444,214800040,601,16942,0
01:19:11:415,120000458,214802086,601,16940,0
01:19:11:615,120000451,214802474,598,16938,0
01:19:11:815,120000445,214802607,601,16937,0
01:19:12:015,120000438,214802747,598,16934,0
01:19:12:215,120000454,214802408,601,16930,0
01:19:12:415,120000455,214800170,601,16937,0
01:19:12:615,120000452,214805049,598,16937,0
01:19:12:815,120000433,214799812,601,16942,0
01:19:13:015,120000442,214804711,598,16946,0
01:19:13:215,120000438,214799507,601,16943,0
01:19:13:415,120000434,214802362,601,16934,0
01:19:13:615,120000431,214802204,598,16943,0
01:19:13:815,120000450,214802075,601,16939,0
01:19:14:015,120000448,214803036,598,16942,0
01:19:14:215,120000451,214802078,601,16939,0
01:19:14:415,120000449,214803112,598,16938,0
01:19:14:615,120000436,214801621,601,16929,0
01:19:14:815,120000445,214799695,601,16940,0
01:19:15:015,120000435,214805031,598,16935,0
01:19:15:215,120000434,214800097,601,16936,0
01:19:15:415,120000450,214805042,598,16937,0
01:19:15:615,120000447,214800225,601,16941,0
01:19:15:815,120000438,214802004,601,16945,0
01:19:16:015,120000445,214802601,598,16938,0
01:19:16:215,120000432,214802224,601,16936,0
01:19:16:415,120000445,214803176,598,16932,0
01:19:16:615,120000448,214801482,601,16939,0
01:19:16:815,120000472,214799616,601,16943,0
01:19:17:015,120000453,214804308,598,16939,0
01:19:17:215,120000447,214800114,601,16941,0
01:19:17:415,120000454,214804977,598,16938,0
01:19:17:615,120000449,214800324,601,16935,0
01:19:17:815,120000436,214801825,601,16936,0
01:19:18:015,120000442,214802588,598,16939,0
01:19:18:215,120000448,214802662,601,16938,0
01:19:18:415,120000449,214802978,598,16935,0
01:19:18:615,120000447,214801289,601,16948,0
01:19:18:815,120000449,214803171,598,16942,0
01:19:19:015,120000448,214802180,601,16938,0
01:19:19:215,120000439,214799934,601,16935,0
01:19:19:415,120000437,214804697,598,16942,0
01:19:19:615,120000444,214800118,601,16934,0
01:19:19:815,120000449,214804839,598,16941,0
01:19:20:015,120000455,214800060,601,16939,0
01:19:20:215,120000476,214801742,601,16938,0
01:19:20:415,120000447,214802753,598,16943,0
01:19:20:615,120000453,214801584,601,16936,0
01:19:20:815,120000439,214802801,598,16937,0
01:19:21:015,120000450,214801871,601,16942,0
01:19:21:215,120000452,214799756,601,16933,0
01:19:21:415,120000433,214804564,598,16939,0
01:19:21:615,120000442,214800015,601,16936,0
01:19:21:815,120000443,214804885,598,16941,0
01:19:22:415,120000457,265142041,401,160,0
01:19:22:415,120000457,265142041,401,160,0
01:19:22:615,120000451,231293488,545,11441,0
01:19:22:815,120000442,214804541,598,16937,0
01:19:23:015,120000442,214800098,601,16945,0
01:19:23:215,120000448,214804472,598,16933,0
01:19:23:415,120000445,214800414,601,16939,0
01:19:23:615,120000450,214801776,601,16934,0
01:19:23:815,120000461,214803142,598,16936,0
01:19:24:015,120000465,214801032,601,16947,0
01:19:24:215,120000467,214803171,598,16931,0
01:19:24:415,120000445,214801099,601,16943,0
01:19:24:615,120000455,214800279,601,16948,0
01:19:24:815,120000462,214804658,598,16942,0
01:19:25:015,120000451,214799918,601,16933,0
01:19:25:215,120000450,214804741,598,16940,0
01:19:25:415,120000459,214800534,601,16942,0
01:19:25:615,120000439,214801478,601,16935,0
01:19:25:815,120000452,214803416,598,16929,0
01:19:26:015,120000461,214801199,601,16941,0
01:19:26:215,120000449,214803343,598,16936,0
01:19:26:415,120000447,214801790,601,16934,0
01:19:26:615,120000452,214802866,598,16943,0
01:19:26:815,120000432,214801731,603,16933,0
01:19:27:015,120000450,214800557,601,16935,0
01:19:27:215,120000447,214804213,598,16942,0
01:19:27:415,120000445,214800698,601,16933,0
01:19:27:615,120000440,214804890,598,16939,0
01:19:27:815,120000444,214799909,601,16937,0
01:19:28:015,120000436,214801749,601,16940,0
01:19:28:215,120000449,214803535,598,16932,0
01:19:28:415,120000448,214801239,601,16943,0
01:19:28:615,120000433,214803432,598,16942,0
01:19:28:815,120000442,214800960,601,16936,0
01:19:29:015,120000454,214800746,601,16928,0
01:19:29:215,120000455,214804521,598,16939,0
01:19:29:415,120000480,214799990,601,16942,0
01:19:29:615,120000433,214804316,598,16936,0
01:19:29:815,120000450,214800783,601,16933,0
01:19:30:015,120000452,214801412,601,16944,0
01:19:30:215,120000446,214803628,598,16930,0
01:19:30:415,120000430,214801643,601,16931,0
01:19:30:615,120000453,214803807,598,16933,0
01:19:30:815,120000449,214801280,601,16941,0
01:19:31:015,120000455,214804036,598,16936,0
01:19:31:215,120000433,214800836,601,16944,0
01:19:31:415,120000456,214800590,601,16934,0
01:19:31:615,120000444,214804307,598,16933,0
01:19:31:815,120000449,214800832,601,16940,0
01:19:32:015,120000437,214803924,598,16932,0
01:19:32:215,120000457,214800486,601,16945,0
01:19:32:415,120000455,214801227,601,16933,0
01:19:32:615,120000458,214804344,598,16932,0
01:19:32:815,120000439,214801163,601,16930,0
01:19:33:015,120000442,214804052,598,16945,0
01:19:33:215,120000449,214801219,601,16935,0
01:19:33:415,120000455,214800944,601,16936,0
01:19:33:615,120000458,214803745,598,16941,0
01:19:33:815,120000455,214801392,601,16942,0
01:19:34:015,120000445,214803554,598,16940,0
01:19:34:215,120000449,214802171,601,16941,0
01:19:34:415,120000448,214800499,601,16939,0
01:19:34:615,120000461,214804198,598,16950,0
01:19:34:815,120000452,214800579,601,16938,0
01:19:35:015,120000458,214804210,598,16937,0
01:19:35:215,120000444,214799918,601,16941,0
01:19:35:415,120000448,214804098,598,16936,0
01:19:35:615,120000450,214800299,601,16946,0
01:19:35:815,120000436,214800478,601,16930,0
01:19:36:015,120000440,214803713,598,16936,0
01:19:36:215,120000445,214801228,601,16933,0
01:19:36:415,120000448,214803040,598,16946,0
01:19:36:615,120000442,214801082,601,16941,0
01:19:36:815,120000444,214800972,601,16932,0
01:19:37:015,120000449,214804058,598,16935,0
01:19:37:215,120000455,214800869,601,16933,0
01:19:37:815,120000476,265134507,403,153,0
01:19:37:815,120000476,265134507,403,153,0
01:19:38:015,120000452,239756860,509,8611,0
01:19:38:215,120000441,214801755,601,16951,0
01:19:38:415,120000446,214802548,598,16941,0
01:19:38:615,120000451,214802167,601,16933,0
01:19:38:815,120000455,214800046,601,16945,0
01:19:39:015,120000458,214804471,598,16944,0
01:19:39:215,120000464,214800382,601,16931,0
01:19:39:415,120000462,214804555,598,16938,0
01:19:39:615,120000461,214799854,601,16935,0
01:19:39:815,120000453,214804659,598,16939,0
01:19:40:015,120000456,214800121,601,16943,0
01:19:40:215,120000465,214801752,601,16936,0
01:19:40:415,120000452,214803071,598,16936,0
01:19:40:615,120000448,214802241,601,16939,0
01:19:40:815,120000449,214802610,598,16945,0
01:19:41:015,120000454,214801850,601,16943,0
01:19:41:215,120000445,214800110,601,16937,0
01:19:41:415,120000445,214804949,598,16940,0
01:19:41:615,120000444,214799809,601,16940,0
01:19:41:815,120000460,214804694,598,16931,0
01:19:42:015,120000442,214799889,601,16938,0
01:19:42:215,120000452,214801942,601,16942,0
01:19:42:415,120000459,214802718,598,16939,0
01:19:42:615,120000435,214802048,601,16941,0
01:19:42:815,120000451,214802410,598,16939,0
01:19:43:015,120000445,214802035,601,16942,0
01:19:43:215,120000448,214799932,600,16945,0
01:19:43:415,120000440,214804619,600,16941,0
01:19:43:615,120000428,214800023,601,16934,0
01:19:43:815,120000439,214804527,598,16939,0
01:19:44:015,120000454,214799686,601,16932,0
01:19:44:215,120000440,214804527,598,16938,0
01:19:44:415,120000441,214800146,601,16930,0
01:19:44:615,120000460,214801507,601,16938,0
01:19:44:815,120000452,214802722,598,16938,0
01:19:45:015,120000455,214801593,601,16938,0
01:19:45:215,120000455,214802923,598,16944,0
01:19:45:415,120000445,214801872,601,16939,0
01:19:45:615,120000444,214800341,601,16933,0
01:19:45:815,120000450,214804715,598,16938,0
01:19:46:015,120000435,214800004,601,16937,0
01:19:46:215,120000439,214804858,598,16935,0
01:19:46:415,120000439,214799769,601,16933,0
01:19:46:615,120000455,214801560,601,16937,0
01:19:46:815,120000449,214803175,598,16933,0
01:19:47:015,120000452,214801854,601,16935,0
01:19:47:215,120000452,214803395,598,16930,0
01:19:47:415,120000439,214802061,601,16936,0
01:19:47:615,120000444,214802342,598,16938,0
01:19:47:815,120000449,214802234,603,16940,0
01:19:48:015,120000430,214800252,601,16937,0
01:19:48:215,120000437,214805156,598,16936,0
01:19:48:415,120000431,214800055,601,16939,0
01:19:48:615,120000442,214804572,598,16937,0
01:19:48:815,120000448,214800192,601,16934,0
01:19:49:015,120000441,214801867,601,16933,0
01:19:49:215,120000454,214802596,598,16932,0
01:19:49:415,120000439,214801820,601,16941,0
01:19:49:615,120000439,214802572,598,16935,0
01:19:49:815,120000457,214802086,601,16935,0
01:19:50:015,120000449,214799940,601,16931,0
01:19:50:215,120000449,214804411,598,16947,0
01:19:50:415,120000458,214799815,601,16938,0
01:19:50:615,120000455,214804611,598,16944,0
01:19:50:815,120000449,214800279,601,16936,0
01:19:51:015,120000439,214802169,601,16939,0
01:19:51:215,120000454,214802826,598,16936,0
01:19:51:415,120000439,214802478,601,16935,0
01:19:51:615,120000450,214802802,598,16936,0
01:19:51:815,120000458,214802279,601,16940,0
01:19:52:015,120000452,214802647,598,16938,0
01:19:52:215,120000433,214801760,601,16940,0
01:19:52:415,120000434,214800427,601,16929,0
01:19:52:615,120000450,214804745,598,16943,0
01:19:53:215,120000468,265134153,403,158,0
01:19:53:215,120000468,265134153,403,158,0
01:19:53:415,120000456,248209143,478,5803,0
01:19:53:615,120000439,214803695,598,16941,0
01:19:53:815,120000438,214800666,601,16937,0
01:19:54:015,120000434,214803896,598,16933,0
01:19:54:215,120000439,214800816,601,16937,0
01:19:54:415,120000451,214800475,601,16939,0
01:19:54:615,120000449,214804244,598,16938,0
01:19:54:815,120000441,214801016,601,16943,0
01:19:55:015,120000443,214804163,598,16928,0
01:19:55:215,120000458,214801398,601,16942,0
01:19:55:415,120000434,214800843,601,16934,0
01:19:55:815,120000435,214800944,601,16944,0
01:19:56:015,120000442,214804264,598,16933,0
01:19:56:215,120000438,214800731,601,16935,0
01:19:56:415,120000442,214804842,598,16939,0
01:19:56:615,120000448,214799921,601,16943,0
01:19:56:815,120000442,214801011,601,16938,0
01:19:57:015,120000431,214803688,598,16934,0
01:19:57:215,120000442,214800560,601,16937,0
01:19:57:415,120000438,214803055,598,16942,0
01:19:57:615,120000476,214801232,601,16943,0
01:19:57:815,120000434,214801015,601,16941,0
01:19:58:015,120000447,214803691,598,16932,0
01:19:58:215,120000446,214800139,601,16942,0
01:19:58:415,120000433,214804056,598,16938,0
01:19:58:615,120000436,214800434,601,16941,0
01:19:58:815,120000437,214800389,601,16941,0
01:19:59:015,120000438,214804574,598,16934,0
01:19:59:215,120000445,214800909,601,16934,0
01:19:59:415,120000429,214804148,598,16943,0
01:19:59:615,120000448,214800591,601,16940,0
01:19:59:815,120000443,214801202,601,16938,0
01:20:00:015,120000435,214803748,598,16932,0
01:20:00:215,120000447,214800728,601,16938,0
01:20:00:415,120000441,214804059,598,16944,0
01:20:00:615,120000451,214801252,601,16934,0
01:20:00:815,120000450,214803787,598,16941,0
01:20:01:015,120000440,214800763,601,16932,0
01:20:01:215,120000441,214800719,601,16940,0
01:20:01:415,120000450,214803847,598,16939,0
01:20:01:615,120000455,214800720,601,16936,0
01:20:01:815,120000455,214803600,598,16945,0
01:20:02:015,120000453,214800741,601,16940,0
01:20:02:215,120000437,214801000,601,16931,0
01:20:02:415,120000452,214803121,598,16941,0
01:20:02:615,120000448,214800954,601,16930,0
01:20:02:815,120000442,214803405,598,16936,0
01:20:03:015,120000447,214801084,601,16928,0
01:20:03:215,120000458,214800449,601,16940,0
01:20:03:415,120000437,214804553,598,16932,0
01:20:03:615,120000442,214800731,601,16939,0
01:20:03:815,120000448,214803889,598,16936,0
01:20:04:015,120000452,214800588,601,16938,0
01:20:04:215,120000441,214801622,600,16934,0
01:20:04:415,120000437,214803435,600,16945,0
01:20:04:615,120000441,214800855,601,16944,0
01:20:04:815,120000447,214803751,598,16935,0
01:20:05:015,120000447,214801029,601,16937,0
01:20:05:215,120000449,214804040,598,16939,0
01:20:05:415,120000435,214800397,601,16944,0
01:20:05:615,120000442,214800360,601,16935,0
01:20:05:815,120000443,214804574,598,16936,0
01:20:06:015,120000438,214801030,601,16937,0
01:20:06:215,120000457,214804431,598,16941,0
01:20:06:415,120000455,214801266,601,16936,0
01:20:06:615,120000453,214801097,601,16936,0
01:20:06:815,120000453,214803840,600,16944,0
01:20:07:015,120000448,214801455,601,16935,0
01:20:07:215,120000453,214803652,598,16938,0
01:20:07:415,120000437,214800583,601,16943,0
01:20:07:615,120000449,214801234,601,16939,0
01:20:07:815,120000438,214803623,598,16941,0
01:20:08:015,120000447,214800867,601,16945,0
01:20:08:215,120000455,214803976,598,16937,0
01:20:08:615,120000473,265141628,402,162,0
01:20:08:815,120000443,256664809,444,2972,0
01:20:09:015,120000435,214799769,601,16939,0
01:20:09:215,120000437,214804542,598,16947,0
01:20:09:415,120000447,214800232,601,16936,0
01:20:09:615,120000447,214804864,598,16931,0
01:20:09:815,120000451,214800017,601,16939,0
01:20:10:015,120000474,214802086,601,16943,0
01:20:10:215,120000452,214802145,598,16936,0
01:20:10:415,120000442,214801647,601,16935,0
01:20:10:615,120000454,214802582,598,16939,0
01:20:10:815,120000447,214801923,601,16947,0
01:20:11:015,120000457,214799662,601,16945,0
01:20:11:215,120000456,214804344,598,16947,0
01:20:11:415,120000465,214799728,601,16930,0
01:20:11:615,120000449,214804512,598,16943,0
01:20:11:815,120000457,214800030,601,16935,0
01:20:12:015,120000446,214801636,601,16942,0
01:20:12:215,120000450,214802861,598,16948,0
01:20:12:415,120000446,214802047,601,16939,0
01:20:12:615,120000451,214802723,598,16938,0
01:20:12:815,120000451,214802203,601,16938,0
01:20:13:015,120000443,214802441,598,16930,0
01:20:13:215,120000457,214802065,601,16928,0
01:20:13:415,120000437,214799696,601,16938,0
01:20:13:615,120000440,214804926,598,16942,0
01:20:13:815,120000447,214799977,601,16938,0
01:20:14:015,120000436,214804978,598,16939,0
01:20:14:215,120000453,214799944,601,16936,0
01:20:14:415,120000447,214802726,601,16933,0
01:20:14:615,120000454,214803179,598,16941,0
01:20:14:815,120000455,214802216,601,16936,0
01:20:15:015,120000445,214803012,598,16935,0
01:20:15:215,120000428,214801721,601,16938,0
01:20:15:415,120000437,214799579,601,16935,0
01:20:15:615,120000431,214804435,598,16936,0
01:20:15:815,120000437,214800235,601,16934,0
01:20:16:015,120000447,214804842,598,16941,0
01:20:16:215,120000455,214800051,601,16935,0
01:20:16:415,120000459,214801685,601,16945,0
01:20:16:615,120000455,214803093,598,16935,0
01:20:16:815,120000442,214802125,601,16943,0
01:20:17:015,120000439,214802189,598,16937,0
01:20:17:215,120000446,214802102,601,16942,0
01:20:17:415,120000443,214802241,598,16942,0
01:20:17:615,120000441,214801934,601,16941,0
01:20:17:815,120000447,214800349,601,16939,0
01:20:18:015,120000447,214804564,598,16933,0
01:20:18:215,120000454,214799836,601,16939,0
01:20:18:415,120000452,214804971,598,16935,0
01:20:18:615,120000440,214799870,601,16934,0
01:20:18:815,120000439,214802230,601,16939,0
01:20:19:015,120000431,214803118,598,16934,0
01:20:19:215,120000450,214802119,601,16935,0
01:20:19:415,120000439,214802823,598,16943,0
01:20:19:615,120000450,214802118,601,16932,0
01:20:19:815,120000442,214799976,601,16947,0
01:20:20:015,120000431,214804835,598,16942,0
01:20:20:215,120000442,214800114,601,16935,0
01:20:20:415,120000441,214804543,598,16935,0
01:20:20:615,120000428,214800314,601,16932,0
01:20:20:815,120000437,214802294,601,16929,0
01:20:21:015,120000442,214802215,598,16944,0
01:20:21:215,120000451,214802154,601,16943,0
01:20:21:415,120000459,214802967,598,16939,0
01:20:21:615,120000452,214801927,601,16940,0
01:20:21:815,120000461,214803190,598,16941,0
01:20:22:015,120000436,214801321,601,16941,0
01:20:22:215,120000439,214799747,601,16942,0
01:20:22:415,120000441,214804739,598,16940,0
01:20:22:615,120000444,214800134,601,16932,0
01:20:22:815,120000446,214804603,598,16939,0
01:20:23:015,120000443,214800155,601,16942,0
01:20:23:215,120000433,214802285,601,16936,0
01:20:23:415,120000445,214802421,598,16934,0
01:20:23:615,120000435,214801470,601,16948,0
01:20:24:015,120000480,265133836,404,167,0
01:20:24:215,120000444,264872583,412,246,0
01:20:24:415,120000435,214803049,598,16946,0
01:20:24:615,120000450,214801578,601,16937,0
01:20:24:815,120000445,214804408,598,16932,0
01:20:25:015,120000431,214801092,601,16934,0
01:20:25:215,120001006,214804742,598,16937,0
01:20:25:415,120000462,214802093,603,16940,0
01:20:25:615,120000445,214800972,601,16946,0
01:20:25:815,120000446,214803341,598,16940,0
01:20:26:015,120000460,214801360,601,16938,0
01:20:26:215,120000437,214803145,598,16942,0
01:20:26:415,120000454,214802027,601,16940,0
01:20:26:615,120000455,214801171,601,16932,0
01:20:26:815,120000458,214804391,598,16939,0
01:20:27:015,120000447,214799933,601,16938,0
01:20:27:215,120000451,214804260,598,16942,0
01:20:27:415,120000447,214799811,601,16939,0
01:20:27:615,120000449,214800936,601,16938,0
01:20:27:815,120000435,214803645,598,16938,0
01:20:28:015,120000442,214800336,601,16946,0
01:20:28:215,120000435,214803608,598,16938,0
01:20:28:415,120000442,214801307,601,16939,0
01:20:28:615,120000451,214800835,601,16936,0
01:20:28:815,120000441,214803951,598,16930,0
01:20:29:015,120000448,214800691,601,16937,0
01:20:29:215,120000449,214803924,598,16942,0
01:20:29:415,120000445,214800007,601,16941,0
01:20:29:615,120000443,214804141,598,16936,0
01:20:29:815,120000454,214800291,601,16942,0
01:20:30:015,120000439,214800655,601,16943,0
01:20:30:215,120000450,214804048,598,16939,0
01:20:30:415,120000453,214800650,601,16944,0
01:20:30:615,120000445,214804272,598,16937,0
01:20:30:815,120000433,214801160,601,16936,0
01:20:31:015,120000439,214801395,601,16933,0
01:20:31:215,120000449,214803714,598,16938,0
01:20:31:415,120000440,214800306,601,16941,0
01:20:31:615,120000454,214804059,598,16937,0
01:20:31:815,120000458,214800691,601,16941,0
01:20:32:015,120000455,214800122,601,16941,0
01:20:32:215,120000436,214804321,598,16934,0
01:20:32:415,120000448,214800504,601,16940,0
01:20:32:615,120000435,214804138,598,16938,0
01:20:32:815,120000445,214801026,601,16935,0
01:20:33:015,120000432,214801124,601,16943,0
01:20:33:215,120000434,214803457,598,16933,0
01:20:33:415,120000450,214801055,601,16942,0
01:20:33:615,120000450,214803931,598,16935,0
01:20:33:815,120000451,214800473,601,16942,0
01:20:34:015,120000455,214803899,598,16943,0
01:20:34:215,120000455,214800487,601,16937,0
01:20:34:415,120000458,214800742,601,16937,0
01:20:34:615,120000453,214804064,598,16938,0
01:20:34:815,120000450,214800047,601,16946,0
01:20:35:015,120000443,214804317,598,16939,0
01:20:35:215,120000446,214800771,601,16932,0
01:20:35:415,120000448,214801642,601,16940,0
01:20:35:615,120000449,214803424,598,16947,0
01:20:35:815,120000453,214801111,601,16944,0
01:20:36:015,120000450,214803473,598,16932,0
01:20:36:215,120000443,214800892,601,16936,0
01:20:36:415,120000451,214800445,601,16937,0
01:20:36:615,120000452,214804090,598,16938,0
01:20:36:815,120000444,214800134,601,16939,0
01:20:37:015,120000451,214804426,598,16938,0
01:20:37:215,120000447,214800820,601,16933,0
01:20:37:415,120000433,214801227,601,16932,0
01:20:37:615,120000448,214803357,598,16932,0
01:20:37:815,120000432,214801231,601,16945,0
01:20:38:015,120000447,214803784,598,16928,0
01:20:38:215,120000438,214800698,601,16933,0
01:20:38:415,120000446,214804161,598,16938,0
01:20:38:615,120000441,214800834,601,16941,0
01:20:38:815,120000442,214800375,601,16936,0
01:20:39:015,120000440,214804237,598,16940,0
01:20:39:615,120000448,265133823,403,161,0
01:20:39:615,120000448,265133823,403,161,0
01:20:39:815,120000459,222993702,578,14197,0
01:20:40:015,120000455,214804534,598,16933,0
01:20:40:215,120000439,214800177,601,16943,0
01:20:40:415,120000434,214804865,598,16938,0
01:20:40:615,120000447,214800160,601,16932,0
01:20:40:815,120000451,214802172,601,16936,0
01:20:41:015,120000454,214802760,598,16935,0
01:20:41:215,120000461,214801724,601,16939,0
01:20:41:415,120000440,214802702,598,16940,0
01:20:41:615,120000454,214802286,601,16935,0
01:20:41:815,120000445,214800377,600,16934,0
01:20:42:015,120000450,214804803,600,16936,0
01:20:42:215,120000446,214799987,601,16941,0
01:20:42:415,120000458,214804880,598,16937,0
01:20:42:615,120000449,214799542,601,16949,0
01:20:42:815,120000436,214804247,598,16936,0
01:20:43:015,120000434,214800302,601,16937,0
01:20:43:215,120000441,214801663,601,16946,0
01:20:43:415,120000447,214803092,598,16935,0
01:20:43:615,120000438,214801682,602,16937,0
01:20:43:815,120000434,214803380,599,16938,0
01:20:44:015,120000444,214802097,601,16939,0
01:20:44:215,120000452,214799808,602,16946,0
01:20:44:415,120000449,214804650,598,16934,0
01:20:44:615,120000459,214800175,601,16934,0
01:20:44:815,120000455,214804669,598,16943,0
01:20:45:015,120000450,214799943,602,16939,0
01:20:45:215,120000445,214801927,601,16937,0
01:20:45:415,120000444,214802824,598,16936,0
01:20:45:615,120000451,214801721,601,16943,0
01:20:45:815,120000439,214803576,598,16939,0
01:20:46:015,120000435,214801885,601,16943,0
01:20:46:215,120000437,214803326,598,16940,0
01:20:46:415,120000445,214802067,603,16929,0
01:20:46:615,120000441,214800223,601,16935,0
01:20:46:815,120000439,214804358,598,16944,0
01:20:47:015,120000454,214800117,601,16939,0
01:20:47:215,120000453,214803989,598,16933,0
01:20:47:415,120000447,214800219,601,16930,0
01:20:47:615,120000446,214801776,601,16942,0
01:20:47:815,120000443,214802836,598,16933,0
01:20:48:015,120000451,214801899,601,16936,0
01:20:48:215,120000446,214803005,598,16945,0
01:20:48:415,120000456,214801560,601,16932,0
01:20:48:615,120000455,214799916,601,16936,0
01:20:48:815,120000455,214804701,598,16929,0
01:20:49:015,120000447,214799762,601,16935,0
01:20:49:215,120000443,214804369,598,16942,0
01:20:49:415,120000452,214799702,601,16940,0
01:20:49:615,120000448,214802191,601,16948,0
01:20:49:815,120000453,214802567,598,16938,0
01:20:50:015,120000435,214802095,601,16934,0
01:20:50:215,120000442,214803598,598,16937,0
01:20:50:415,120000438,214801526,601,16939,0
01:20:50:615,120000442,214803153,599,16942,0
01:20:50:815,120000440,214801406,601,16941,0
01:20:51:015,120000448,214799861,601,16941,0
01:20:51:215,120000433,214804098,598,16943,0
01:20:51:415,120000450,214799867,601,16939,0
01:20:51:615,120000439,214805189,598,16937,0
01:20:51:815,120000447,214800506,601,16936,0
01:20:52:015,120000449,214801479,601,16942,0
01:20:52:215,120000452,214802776,598,16939,0
01:20:52:415,120000438,214801662,601,16942,0
01:20:52:615,120000446,214802897,598,16943,0
01:20:52:815,120000454,214801889,601,16938,0
01:20:53:015,120000439,214799941,601,16933,0
01:20:53:215,120000450,214804803,598,16939,0
01:20:53:415,120000442,214799978,601,16936,0
01:20:53:615,120000428,214804189,598,16943,0
01:20:53:815,120000445,214799978,601,16939,0
01:20:54:015,120000446,214801849,601,16945,0
01:20:54:215,120000451,214802738,598,16935,0
01:20:54:415,120000458,214801841,601,16941,0
01:20:55:015,120000444,265141701,401,152,0
01:20:55:015,120000444,265141701,401,152,0
01:20:55:215,120000460,231449810,544,11382,0
01:20:55:415,120000442,214801267,601,16937,0
01:20:55:615,120000448,214804060,598,16927,0
01:20:55:815,120000444,214801459,601,16933,0
01:20:56:015,120000442,214802938,598,16935,0
01:20:56:215,120000452,214801828,601,16934,0
01:20:56:415,120000445,214800459,601,16940,0
01:20:56:615,120000450,214803797,598,16944,0
01:20:56:815,120000461,214801151,601,16935,0
01:20:57:015,120000438,214804231,598,16942,0
01:20:57:215,120000450,214799999,601,16945,0
01:20:57:415,120000452,214801356,601,16933,0
01:20:57:615,120000447,214803678,598,16932,0
01:20:57:815,120000443,214801382,601,16941,0
01:20:58:015,120000451,214803525,598,16936,0
01:20:58:215,120000439,214801325,601,16934,0
01:20:58:415,120000447,214800812,601,16938,0
01:20:58:615,120000433,214804463,598,16930,0
01:20:58:815,120000447,214800663,602,16930,0
01:20:59:015,120000441,214804521,598,16939,0
01:20:59:215,120000435,214800405,601,16937,0
01:20:59:415,120000434,214804760,598,16945,0
01:20:59:615,120000442,214800072,602,16939,0
01:20:59:815,120000477,214801392,601,16939,0
01:21:00:015,120000442,214803375,598,16935,0
01:21:00:215,120000449,214801827,601,16936,0
01:21:00:415,120000445,214803037,598,16935,0
01:21:00:615,120000444,214801702,602,16931,0
01:21:00:815,120000440,214800768,601,16936,0
01:21:01:015,120000449,214804254,598,16936,0
01:21:01:215,120000449,214800220,601,16937,0
01:21:01:415,120000459,214804963,598,16936,0
01:21:01:615,120000450,214799902,601,16943,0
01:21:01:815,120000448,214801436,601,16941,0
01:21:02:015,120000448,214803284,599,16936,0
01:21:02:215,120000438,214801764,601,16944,0
01:21:02:415,120000436,214803407,598,16940,0
01:21:02:615,120000443,214802569,602,16935,0
01:21:02:815,120000430,214800115,600,16938,0
01:21:03:015,120000440,214804481,600,16942,0
01:21:03:215,120000431,214800153,601,16932,0
01:21:03:415,120000434,214804138,599,16944,0
01:21:03:615,120000447,214799797,601,16949,0
01:21:03:815,120000450,214804660,598,16943,0
01:21:04:015,120000445,214799671,601,16946,0
01:21:04:215,120000435,214802022,601,16940,0
01:21:04:415,120000441,214802758,598,16943,0
01:21:04:615,120000446,214801471,601,16940,0
01:21:04:815,120000443,214802792,598,16949,0
01:21:05:015,120000449,214801887,601,16937,0
01:21:05:215,120000448,214799761,601,16940,0
01:21:05:415,120000450,214804365,598,16942,0
01:21:05:615,120000443,214800047,601,16943,0
01:21:05:815,120000438,214804604,598,16937,0
01:21:06:015,120000447,214800268,601,16946,0
01:21:06:215,120000461,214801033,601,16939,0
01:21:06:415,120000444,214803595,599,16932,0
01:21:06:615,120000457,214802211,601,16935,0
01:21:06:815,120000452,214803007,598,16939,0
01:21:07:015,120000442,214801817,601,16936,0
01:21:07:215,120000439,214802838,598,16935,0
01:21:07:415,120000451,214801766,601,16939,0
01:21:07:615,120000450,214800008,601,16940,0
01:21:07:815,120000449,214804627,598,16940,0
01:21:08:015,120000429,214799884,601,16940,0
01:21:08:215,120000443,214804458,599,16938,0
01:21:08:415,120000456,214800277,601,16934,0
01:21:08:615,120000441,214801571,601,16928,0
01:21:08:815,120000439,214803270,598,16932,0
01:21:09:015,120000445,214801374,601,16939,0
01:21:09:215,120000451,214803477,598,16941,0
01:21:09:415,120000454,214801830,601,16935,0
01:21:09:615,120000457,214800131,601,16932,0
01:21:09:815,120000446,214804785,598,16943,0
01:21:10:415,120000473,265134352,403,156,0
01:21:10:415,120000473,265134352,403,156,0
01:21:10:615,120000435,239910952,511,8564,0
01:21:10:815,120000457,214802949,598,16935,0
01:21:11:015,120000442,214801764,601,16938,0
01:21:11:215,120000436,214802845,598,16932,0
01:21:11:415,120000457,214801966,601,16946,0
01:21:11:615,120000455,214802210,598,16939,0
01:21:11:815,120000439,214802194,601,16937,0
01:21:12:015,120000457,214799960,601,16934,0
01:21:12:215,120000439,214804346,598,16939,0
01:21:12:415,120000441,214799879,602,16936,0
01:21:12:615,120000456,214804997,598,16941,0
01:21:12:815,120000449,214800000,601,16941,0
01:21:13:015,120000439,214802071,601,16939,0
01:21:13:215,120000448,214802533,598,16944,0
01:21:13:415,120000459,214802135,601,16948,0
01:21:13:615,120000449,214802930,598,16935,0
01:21:13:815,120000457,214801757,601,16939,0
01:21:14:015,120000456,214799840,601,16934,0
01:21:14:215,120000449,214804864,598,16941,0
01:21:14:415,120000444,214800036,601,16940,0
01:21:14:615,120000449,214804521,598,16936,0
01:21:14:815,120000461,214799832,601,16932,0
01:21:15:015,120000450,214802207,601,16933,0
01:21:15:215,120000443,214802753,598,16930,0
01:21:15:415,120000446,214802255,601,16940,0
01:21:15:615,120000449,214802656,598,16936,0
01:21:15:815,120000456,214801651,601,16935,0
01:21:16:015,120000456,214802804,598,16941,0
01:21:16:215,120000437,214802101,601,16938,0
01:21:16:415,120000460,214799662,601,16931,0
01:21:16:615,120000445,214804493,598,16939,0
01:21:16:815,120000456,214799778,601,16946,0
01:21:17:015,120000450,214805049,598,16935,0
01:21:17:215,120000447,214800055,601,16933,0
01:21:17:415,120000450,214802065,601,16935,0
01:21:17:615,120000442,214802512,598,16936,0
01:21:17:815,120000446,214802141,601,16943,0
01:21:18:015,120000453,214802678,598,16934,0
01:21:18:215,120000464,214802105,601,16938,0
01:21:18:415,120000465,214799909,601,16927,0
01:21:18:615,120000449,214804542,598,16937,0
01:21:18:815,120000457,214799972,601,16932,0
01:21:19:015,120000443,214804688,598,16938,0
01:21:19:215,120000443,214799610,601,16946,0
01:21:19:415,120000458,214802071,601,16933,0
01:21:19:615,120000462,214803034,598,16937,0
01:21:19:815,120000465,214802365,601,16936,0
01:21:20:015,120000465,214802583,598,16929,0
01:21:20:215,120000465,214802246,601,16943,0
01:21:20:415,120000452,214803171,598,16935,0
01:21:20:615,120000454,214802116,601,16937,0
01:21:20:815,120000440,214799939,601,16941,0
01:21:21:015,120000457,214804482,598,16933,0
01:21:21:215,120000445,214800197,601,16936,0
01:21:21:415,120000464,214804691,598,16935,0
01:21:21:615,120000465,214799917,601,16933,0
01:21:21:815,120000446,214802496,601,16936,0
01:21:22:015,120000460,214802409,598,16930,0
01:21:22:215,120000453,214802128,601,16935,0
01:21:22:415,120000456,214802334,598,16941,0
01:21:22:615,120000454,214802050,601,16939,0
01:21:22:815,120000452,214800159,601,16938,0
01:21:23:015,120000448,214804003,598,16941,0
01:21:23:215,120000461,214799600,601,16939,0
01:21:23:415,120000437,214804600,598,16941,0
01:21:23:615,120000460,214800224,601,16941,0
01:21:23:815,120000465,214802340,601,16935,0
01:21:24:015,120000482,214802454,598,16943,0
01:21:24:215,120000455,214801990,601,16937,0
01:21:24:415,120000455,214802869,598,16932,0
01:21:24:615,120000447,214801957,601,16938,0
01:21:24:815,120000454,214802830,598,16937,0
01:21:25:015,120000447,214801820,601,16935,0
01:21:25:215,120000443,214800237,601,16938,0
01:21:25:815,120000460,265141598,401,166,0
01:21:25:815,120000460,265141598,401,166,0
01:21:26:015,120000458,248113100,478,5826,0
01:21:26:215,120000434,214800483,601,16938,0
01:21:26:415,120000442,214804343,598,16934,0
01:21:26:615,120000449,214800775,601,16937,0
01:21:26:815,120000440,214803708,598,16940,0
01:21:27:015,120000465,214800900,601,16939,0
01:21:27:215,120000440,214801348,601,16928,0
01:21:27:415,120000452,214804243,598,16935,0
01:21:27:615,120000442,214801214,601,16938,0
01:21:27:815,120000461,214803642,598,16943,0
01:21:28:015,120000448,214800894,601,16935,0
01:21:28:415,120000453,214800222,601,16936,0
01:21:28:615,120000456,214800750,601,16932,0
01:21:28:815,120000452,214803737,598,16945,0
01:21:29:015,120000452,214800518,601,16934,0
01:21:29:215,120000450,214804662,598,16930,0
01:21:29:415,120000444,214800855,601,16931,0
01:21:29:615,120000454,214801085,601,16933,0
01:21:29:815,120000461,214804191,598,16936,0
01:21:30:015,120000453,214800655,601,16944,0
01:21:30:215,120000453,214803749,598,16936,0
01:21:30:415,120000461,214801000,601,16940,0
01:21:30:615,120000442,214800465,601,16936,0
01:21:30:815,120000431,214804172,598,16937,0
01:21:31:015,120000456,214801038,601,16941,0
01:21:31:215,120000436,214803746,598,16946,0
01:21:31:415,120000434,214801114,601,16936,0
01:21:31:615,120000444,214801000,601,16928,0
01:21:31:815,120000452,214803295,598,16940,0
01:21:32:015,120000452,214801326,601,16939,0
01:21:32:215,120000458,214803908,598,16938,0
01:21:32:415,120000452,214801001,601,16930,0
01:21:32:615,120000449,214804334,598,16937,0
01:21:32:815,120000452,214800293,601,16939,0
01:21:33:015,120000449,214801013,601,16937,0
01:21:33:215,120000455,214804105,598,16938,0
01:21:33:415,120000454,214800686,601,16934,0
01:21:33:615,120000454,214804149,598,16934,0
01:21:33:815,120000458,214801488,601,16937,0
01:21:34:015,120000455,214800926,601,16941,0
01:21:34:215,120000450,214804076,598,16936,0
01:21:34:415,120000451,214800032,601,16940,0
01:21:34:615,120000458,214804179,598,16935,0
01:21:34:815,120000439,214800923,601,16932,0
01:21:35:015,120000447,214801422,601,16932,0
01:21:35:215,120000450,214804088,598,16938,0
01:21:35:415,120000443,214801313,601,16948,0
01:21:35:615,120000454,214802870,598,16943,0
01:21:35:815,120000447,214801084,601,16935,0
01:21:36:015,120000454,214800531,601,16938,0
01:21:36:215,120000455,214804255,598,16931,0
01:21:36:415,120000455,214801166,601,16934,0
01:21:36:615,120000450,214804143,598,16937,0
01:21:36:815,120000451,214800572,601,16937,0
01:21:37:015,120000439,214803478,598,16947,0
01:21:37:215,120000450,214800102,601,16935,0
01:21:37:415,120000453,214800257,601,16939,0
01:21:37:615,120000445,214803664,598,16937,0
01:21:37:815,120000441,214800935,601,16937,0
01:21:38:015,120000438,214804167,598,16932,0
01:21:38:215,120000446,214800861,601,16943,0
01:21:38:415,120000441,214801334,601,16931,0
01:21:38:615,120000438,214804302,598,16937,0
01:21:38:815,120000445,214800885,601,16936,0
01:21:39:015,120000437,214804030,598,16942,0
01:21:39:215,120000446,214800153,601,16935,0
01:21:39:415,120000450,214800866,601,16939,0
01:21:39:615,120000448,214804212,598,16949,0
01:21:39:815,120000433,214801115,601,16936,0
01:21:40:015,120000444,214803435,598,16935,0
01:21:40:215,120000441,214800761,601,16937,0
01:21:40:415,120000451,214800989,601,16938,0
01:21:40:615,120000438,214803445,598,16943,0
01:21:40:815,120000438,214801051,601,16936,0
01:21:41:215,120000472,265133864,404,158,0
01:21:41:415,120000459,256576156,442,3012,0
01:21:41:615,120000447,214799978,601,16941,0
01:21:41:815,120000455,214801772,601,16941,0
01:21:42:015,120000442,214803274,598,16933,0
01:21:42:215,120000439,214802292,601,16936,0
01:21:42:415,120000446,214802788,598,16933,0
01:21:42:615,120000467,214801636,601,16950,0
01:21:42:815,120000460,214800005,601,16939,0
01:21:43:015,120000456,214805443,598,16933,0
01:21:43:215,120000470,214799925,601,16938,0
01:21:43:415,120000465,214805118,598,16930,0
01:21:43:616,120000460,214800431,601,16932,0
01:21:43:816,120000450,214801850,601,16935,0
01:21:44:016,120000456,214802700,598,16939,0
01:21:44:216,120000461,214801966,601,16939,0
01:21:44:416,120000457,214802744,598,16941,0
01:21:44:616,120000455,214801824,601,16942,0
01:21:44:816,120000451,214802857,598,16947,0
01:21:45:016,120000453,214801849,603,16939,0
01:21:45:216,120000444,214799698,601,16939,0
01:21:45:416,120000439,214804193,598,16948,0
01:21:45:616,120000435,214799702,601,16939,0
01:21:45:816,120000442,214804916,598,16939,0
01:21:46:016,120000446,214800092,601,16938,0
01:21:46:216,120000446,214802012,601,16944,0
01:21:46:416,120000443,214803157,598,16943,0
01:21:46:616,120000443,214801692,601,16944,0
01:21:46:816,120000436,214803236,598,16939,0
01:21:47:016,120000450,214801725,601,16934,0
01:21:47:216,120000447,214799505,601,16938,0
01:21:47:416,120000451,214804665,598,16936,0
01:21:47:616,120000446,214800260,601,16932,0
01:21:47:816,120000439,214805134,598,16940,0
01:21:48:016,120000448,214800223,601,16935,0
01:21:48:216,120000448,214802272,601,16947,0
01:21:48:416,120000450,214803312,598,16937,0
01:21:48:616,120000443,214801422,601,16943,0
01:21:48:816,120000454,214803577,598,16938,0
01:21:49:016,120000444,214801685,601,16934,0
01:21:49:216,120000449,214803031,598,16936,0
01:21:49:416,120000438,214800845,601,16941,0
01:21:49:616,120000434,214800023,601,16930,0
01:21:49:816,120000447,214804555,598,16941,0
01:21:50:016,120000450,214800249,601,16935,0
01:21:50:216,120000440,214804258,598,16946,0
01:21:50:416,120000438,214800268,601,16946,0
01:21:50:616,120000434,214802019,601,16936,0
01:21:50:816,120000450,214803088,598,16937,0
01:21:51:016,120000479,214801852,601,16932,0
01:21:51:216,120000450,214803406,598,16935,0
01:21:51:416,120000435,214801644,601,16938,0
01:21:51:616,120000431,214800562,601,16940,0
01:21:51:816,120000435,214804617,598,16932,0
01:21:52:016,120000439,214800968,601,16944,0
01:21:52:216,120000446,214804272,598,16941,0
01:21:52:416,120000443,214800573,601,16937,0
01:21:52:616,120000452,214801729,601,16935,0
01:21:52:816,120000441,214803964,598,16938,0
01:21:53:016,120000455,214801086,601,16934,0
01:21:53:216,120000438,214803300,598,16946,0
01:21:53:416,120000438,214801226,601,16937,0
01:21:53:616,120000434,214803745,598,16936,0
01:21:53:816,120000442,214800836,601,16941,0
01:21:54:016,120000451,214800585,601,16941,0
01:21:54:216,120000455,214804042,598,16940,0
01:21:54:416,120000453,214800556,601,16942,0
01:21:54:616,120000448,214804425,598,16933,0
01:21:54:816,120000442,214801296,601,16932,0
01:21:55:016,120000434,214800983,601,16948,0
01:21:55:216,120000450,214803563,598,16935,0
01:21:55:416,120000442,214800991,601,16945,0
01:21:55:616,120000442,214802631,598,16952,0
01:21:55:816,120000442,214801232,601,16939,0
01:21:56:016,120000436,214800240,601,16929,0
01:21:56:216,120000439,214804280,598,16949,0
01:21:56:616,120000468,265141443,402,170,0
01:21:56:816,120000470,265028558,411,196,0
01:21:57:016,120000451,214800223,600,16953,0
01:21:57:216,120000444,214804310,598,16937,0
01:21:57:416,120000445,214800455,601,16941,0
01:21:57:616,120000444,214804748,598,16933,0
01:21:57:816,120000443,214800214,601,16941,0
01:21:58:016,120000448,214804808,598,16944,0
01:21:58:216,120000442,214799949,601,16939,0
01:21:58:416,120000452,214801355,601,16943,0
01:21:58:616,120000466,214803269,598,16940,0
01:21:58:816,120000437,214800987,601,16932,0
01:21:59:016,120000460,214803509,598,16938,0
01:21:59:216,120000457,214802192,601,16932,0
01:21:59:416,120000450,214800153,601,16942,0
01:21:59:616,120000450,214805055,598,16936,0
01:21:59:816,120000455,214800494,601,16935,0
01:22:00:016,120000443,214804927,598,16935,0
01:22:00:216,120000449,214800095,601,16938,0
01:22:00:416,120000461,214801733,601,16935,0
01:22:00:616,120000437,214803147,598,16927,0
01:22:00:816,120000455,214801795,601,16942,0
01:22:01:016,120000447,214803233,598,16932,0
01:22:01:216,120000458,214801775,601,16933,0
01:22:01:416,120000454,214799977,600,16944,0
01:22:01:616,120000448,214804789,600,16940,0
01:22:01:816,120000450,214800094,601,16940,0
01:22:02:016,120000447,214804471,598,16941,0
01:22:02:216,120000446,214799686,601,16943,0
01:22:02:416,120000438,214805165,598,16941,0
01:22:02:616,120000436,214800014,601,16926,0
01:22:02:816,120000449,214801927,601,16939,0
01:22:03:016,120000451,214803054,598,16937,0
01:22:03:216,120000458,214801495,601,16932,0
01:22:03:416,120000444,214802993,598,16939,0
01:22:03:616,120000449,214802263,601,16933,0
01:22:03:816,120000438,214799947,601,16938,0
01:22:04:016,120000428,214804696,598,16938,0
01:22:04:216,120000453,214800424,601,16940,0
01:22:04:416,120000447,214804817,598,16945,0
01:22:04:616,120000446,214799792,601,16940,0
01:22:04:816,120000446,214801802,601,16937,0
01:22:05:016,120000443,214803049,598,16932,0
01:22:05:216,120000449,214801921,601,16941,0
01:22:05:416,120000432,214802712,598,16934,0
01:22:05:616,120000434,214801972,601,16941,0
01:22:05:816,120000439,214802379,598,16934,0
01:22:06:016,120000454,214801766,603,16939,0
01:22:06:216,120000458,214800030,601,16942,0
01:22:06:416,120000436,214804435,598,16936,0
01:22:06:616,120000453,214799998,601,16930,0
01:22:06:816,120000455,214804604,598,16941,0
01:22:07:016,120000452,214800279,601,16936,0
01:22:07:216,120000445,214801929,601,16935,0
01:22:07:416,120000448,214802930,598,16940,0
01:22:07:616,120000448,214802405,601,16936,0
01:22:07:816,120000446,214802465,598,16940,0
01:22:08:016,120000451,214802222,601,16935,0
01:22:08:216,120000447,214799951,601,16943,0
01:22:08:416,120000438,214804680,598,16943,0
01:22:08:616,120000450,214800196,601,16937,0
01:22:08:816,120000436,214804698,598,16941,0
01:22:09:016,120000453,214800026,601,16935,0
01:22:09:216,120000458,214802698,601,16941,0
01:22:09:416,120000442,214802617,598,16936,0
01:22:09:616,120000425,214802140,601,16930,0
01:22:09:816,120000453,214802864,598,16931,0
01:22:10:016,120000450,214802071,601,16936,0
01:22:10:216,120000451,214802475,598,16932,0
01:22:10:416,120000458,214801998,601,16944,0
01:22:10:616,120000449,214799732,601,16935,0
01:22:10:816,120000449,214804654,598,16939,0
01:22:11:016,120000452,214800080,601,16928,0
01:22:11:216,120000436,214804788,598,16940,0
01:22:11:416,120000428,214799762,601,16943,0
01:22:11:616,120000445,214802432,601,16935,0
01:22:12:216,120000456,265141391,401,152,0
01:22:12:216,120000456,265141391,401,152,0
01:22:12:416,120000440,222896286,578,14230,0
01:22:12:616,120000438,214802219,601,16936,0
01:22:12:816,120000442,214803109,598,16941,0
01:22:13:016,120000454,214801187,601,16933,0
01:22:13:216,120000450,214803158,598,16938,0
01:22:13:416,120000464,214801882,601,16936,0
01:22:13:616,120000452,214800797,601,16933,0
01:22:13:816,120000464,214804925,598,16941,0
01:22:14:016,120000465,214800525,601,16941,0
01:22:14:216,120000452,214803664,598,16943,0
01:22:14:416,120000445,214800508,601,16946,0
01:22:14:616,120000459,214804473,598,16933,0
01:22:14:816,120000457,214800811,601,16933,0
01:22:15:016,120000442,214801232,601,16938,0
01:22:15:216,120000458,214802938,598,16936,0
01:22:15:416,120000442,214801200,601,16937,0
01:22:15:616,120000437,214803498,598,16942,0
01:22:15:816,120000452,214801035,601,16938,0
01:22:16:016,120000453,214799598,601,16936,0
01:22:16:216,120000456,214804730,598,16941,0
01:22:16:416,120000453,214799958,601,16938,0
01:22:16:616,120000448,214804390,598,16939,0
01:22:16:816,120000456,214800531,601,16934,0
01:22:17:016,120000445,214801928,601,16937,0
01:22:17:216,120000452,214803109,598,16941,0
01:22:17:416,120000442,214801653,601,16938,0
01:22:17:616,120000439,214803389,598,16933,0
01:22:17:816,120000449,214800973,601,16944,0
01:22:18:016,120000448,214799944,600,16930,0
01:22:18:216,120000444,214804813,600,16937,0
01:22:18:416,120000437,214800161,601,16934,0
01:22:18:616,120000443,214804881,598,16937,0
01:22:18:816,120000446,214800060,601,16932,0
01:22:19:016,120000443,214804765,598,16940,0
01:22:19:216,120000452,214800183,601,16940,0
01:22:19:416,120000448,214801526,601,16940,0
01:22:19:616,120000461,214802676,598,16933,0
01:22:19:816,120000436,214801670,601,16941,0
01:22:20:016,120000445,214802682,598,16930,0
01:22:20:216,120000445,214801715,601,16946,0
01:22:20:416,120000449,214799941,601,16934,0
01:22:20:616,120000455,214804469,598,16934,0
01:22:20:816,120000442,214799931,601,16936,0
01:22:21:016,120000441,214804959,598,16945,0
01:22:21:216,120000452,214800185,601,16940,0
01:22:21:416,120000447,214801979,601,16938,0
01:22:21:616,120000457,214802730,598,16940,0
01:22:21:816,120000452,214801952,601,16934,0
01:22:22:016,120000450,214803323,598,16933,0
01:22:22:216,120000448,214801663,601,16936,0
01:22:22:416,120000443,214800054,600,16939,0
01:22:22:616,120000449,214804911,600,16935,0
01:22:22:816,120000464,214800092,601,16937,0
01:22:23:016,120000434,214805010,598,16943,0
01:22:23:216,120000450,214800070,601,16940,0
01:22:23:416,120000447,214804625,598,16939,0
01:22:23:616,120000435,214800111,601,16940,0
01:22:23:816,120000450,214801837,601,16933,0
01:22:24:016,120000455,214803682,598,16931,0
01:22:24:216,120000442,214801292,601,16944,0
01:22:24:416,120000437,214804032,598,16934,0
01:22:24:616,120000454,214800892,601,16936,0
01:22:24:816,120000453,214800274,601,16940,0
01:22:25:016,120000448,214804449,598,16934,0
01:22:25:216,120000450,214799594,601,16954,0
01:22:25:416,120000445,214804134,598,16944,0
01:22:25:616,120000452,214800174,601,16937,0
01:22:25:816,120000440,214802075,601,16940,0
01:22:26:016,120000442,214802988,598,16937,0
01:22:26:216,120000440,214801646,601,16942,0
01:22:26:416,120000457,214803107,598,16931,0
01:22:26:616,120000444,214801812,601,16935,0
01:22:26:816,120000449,214802900,598,16929,0
01:22:27:016,120000432,214801619,603,16933,0
01:22:27:616,120000447,265134210,403,165,0
01:22:27:616,120000447,265134210,403,165,0
01:22:27:816,120000452,231359180,542,11414,0
01:22:28:016,120000447,214802103,601,16937,0
01:22:28:216,120000451,214800116,601,16936,0
01:22:28:416,120000458,214804662,598,16933,0
01:22:28:616,120000439,214800179,601,16928,0
01:22:28:816,120000460,214804957,598,16936,0
01:22:29:016,120000446,214800079,601,16935,0
01:22:29:216,120000456,214801942,601,16936,0
01:22:29:416,120000448,214803014,598,16937,0
01:22:29:616,120000446,214802129,601,16940,0
01:22:29:816,120000453,214802868,598,16929,0
01:22:30:016,120000464,214801743,601,16945,0
01:22:30:216,120000465,214800285,601,16937,0
01:22:30:416,120000465,214804783,598,16931,0
01:22:30:616,120000465,214800015,601,16934,0
01:22:30:816,120000465,214804430,598,16941,0
01:22:31:016,120000452,214799598,601,16937,0
01:22:31:216,120000454,214804494,598,16938,0
01:22:31:416,120000456,214799908,602,16939,0
01:22:31:616,120000457,214801656,601,16941,0
01:22:31:816,120000442,214803264,598,16941,0
01:22:32:016,120000460,214802341,601,16935,0
01:22:32:216,120000448,214802380,598,16933,0
01:22:32:416,120000445,214802419,601,16932,0
01:22:32:616,120000445,214800322,601,16937,0
01:22:32:816,120000451,214805202,598,16936,0
01:22:33:016,120000452,214800352,601,16935,0
01:22:33:216,120000443,214804987,598,16930,0
01:22:33:416,120000444,214799572,601,16937,0
01:22:33:616,120000432,214801963,601,16940,0
01:22:33:816,120000447,214802809,598,16942,0
01:22:34:016,120000441,214801804,601,16933,0
01:22:34:216,120000446,214802885,598,16933,0
01:22:34:416,120000446,214801535,601,16934,0
01:22:34:616,120000435,214800321,601,16934,0
01:22:34:816,120000450,214804858,598,16940,0
01:22:35:016,120000447,214800137,601,16936,0
01:22:35:216,120000438,214804513,598,16939,0
01:22:35:416,120000437,214800406,601,16941,0
01:22:35:616,120000444,214804971,598,16937,0
01:22:35:816,120000436,214800392,601,16935,0
01:22:36:016,120000428,214801910,601,16936,0
01:22:36:216,120000437,214803006,598,16936,0
01:22:36:416,120000431,214802085,601,16943,0
01:22:36:616,120000440,214802866,598,16938,0
01:22:36:816,120000448,214801757,601,16941,0
01:22:37:016,120000451,214799616,601,16943,0
01:22:37:216,120000450,214805066,598,16933,0
01:22:37:416,120000443,214800069,601,16933,0
01:22:37:616,120000454,214804534,598,16938,0
01:22:37:816,120000444,214800124,601,16935,0
01:22:38:016,120000452,214802324,601,16934,0
01:22:38:216,120000448,214802385,598,16934,0
01:22:38:416,120000442,214801881,601,16940,0
01:22:38:616,120000445,214802708,598,16937,0
01:22:38:816,120000440,214802181,601,16936,0
01:22:39:016,120000454,214800411,600,16934,0
01:22:39:216,120000449,214804828,600,16934,0
01:22:39:416,120000444,214799870,601,16943,0
01:22:39:616,120000443,214804665,598,16937,0
01:22:39:816,120000454,214799496,601,16939,0
01:22:40:016,120000450,214804618,598,16935,0
01:22:40:216,120000451,214799623,601,16936,0
01:22:40:416,120000439,214802506,601,16936,0
01:22:40:616,120000442,214803039,598,16943,0
01:22:40:816,120000435,214801823,601,16937,0
01:22:41:016,120000447,214803276,598,16933,0
01:22:41:216,120000441,214801395,601,16937,0
01:22:41:416,120000435,214799756,601,16942,0
01:22:41:616,120000450,214804900,598,16942,0
01:22:41:816,120000450,214799847,601,16937,0
01:22:42:016,120000451,214804450,598,16938,0
01:22:42:216,120000447,214800241,601,16939,0
01:22:42:416,120000454,214801732,601,16946,0
01:22:43:016,120000464,265141879,401,161,0
01:22:43:016,120000464,265141879,401,161,0
01:22:43:216,120000467,239812085,511,8593,0
01:22:43:416,120000426,214800440,601,16933,0
01:22:43:616,120000456,214804236,600,16939,0
01:22:43:816,120000439,214801017,601,16932,0
01:22:44:016,120000434,214803997,598,16942,0
01:22:44:216,120000450,214800918,601,16937,0
01:22:44:416,120000433,214803418,598,16935,0
01:22:44:616,120000454,214801066,601,16934,0
01:22:44:816,120000463,214801145,601,16939,0
01:22:45:016,120000451,214804940,598,16935,0
01:22:45:216,120000450,214800524,601,16936,0
01:22:45:416,120000456,214804520,598,16935,0
01:22:45:616,120000455,214800332,601,16936,0
01:22:45:816,120000462,214801345,601,16938,0
01:22:46:016,120000462,214803826,598,16940,0
01:22:46:216,120000465,214801423,601,16939,0
01:22:46:416,120000457,214803124,598,16948,0
01:22:46:616,120000458,214801305,601,16937,0
01:22:46:816,120000456,214800809,601,16934,0
01:22:47:016,120000446,214804335,598,16940,0
01:22:47:216,120000452,214799794,601,16943,0
01:22:47:416,120000452,214804829,598,16937,0
01:22:47:616,120000443,214799598,601,16942,0
01:22:47:816,120000449,214804144,598,16937,0
01:22:48:016,120000443,214800649,601,16934,0
01:22:48:216,120000454,214800510,601,16941,0
01:22:48:416,120000453,214803503,598,16939,0
01:22:48:616,120000432,214801241,601,16938,0
01:22:48:816,120000450,214803457,598,16931,0
01:22:49:016,120000439,214800742,601,16941,0
01:22:49:216,120000431,214800898,601,16930,0
01:22:49:416,120000448,214803980,598,16940,0
01:22:49:616,120000451,214801101,601,16941,0
01:22:49:816,120000454,214804377,598,16935,0
01:22:50:016,120000446,214800453,601,16938,0
01:22:50:216,120000440,214800912,601,16942,0
01:22:50:416,120000452,214804010,598,16933,0
01:22:50:616,120000444,214800343,601,16944,0
01:22:50:816,120000445,214803700,598,16934,0
01:22:51:016,120000444,214801321,601,16940,0
01:22:51:216,120000440,214800622,601,16944,0
01:22:51:416,120000457,214804556,598,16939,0
01:22:51:616,120000439,214800439,601,16938,0
01:22:51:816,120000437,214804367,598,16938,0
01:22:52:016,120000428,214800393,601,16942,0
01:22:52:216,120000446,214803986,598,16937,0
01:22:52:416,120000432,214800416,601,16941,0
01:22:52:616,120000450,214801374,601,16940,0
01:22:52:816,120000439,214803842,598,16937,0
01:22:53:016,120000447,214801018,601,16943,0
01:22:53:216,120000446,214803327,598,16945,0
01:22:53:416,120000450,214801228,601,16935,0
01:22:53:616,120000432,214800988,601,16931,0
01:22:53:816,120000456,214804209,598,16933,0
01:22:54:016,120000441,214800864,601,16937,0
01:22:54:216,120000440,214803983,598,16942,0
01:22:54:416,120000451,214800349,601,16941,0
01:22:54:616,120000455,214801278,601,16937,0
01:22:54:816,120000458,214803814,598,16933,0
01:22:55:016,120000450,214801131,601,16933,0
01:22:55:216,120000448,214803448,598,16937,0
01:22:55:416,120000450,214801442,601,16941,0
01:22:55:616,120000451,214800343,601,16943,0
01:22:55:816,120000461,214804143,598,16937,0
01:22:56:016,120000452,214800876,601,16931,0
01:22:56:216,120000447,214804772,598,16942,0
01:22:56:416,120000438,214800571,601,16933,0
01:22:56:616,120000453,214804436,598,16943,0
01:22:56:816,120000452,214800228,601,16937,0
01:22:57:016,120000455,214800553,601,16947,0
01:22:57:216,120000453,214803335,598,16941,0
01:22:57:416,120000458,214801717,601,16936,0
01:22:57:616,120000450,214803826,598,16929,0
01:22:57:816,120000454,214801477,601,16935,0
01:22:58:416,120000464,265133907,403,164,0
01:22:58:416,120000464,265133907,403,164,0
01:22:58:616,120000459,248275090,475,5780,0
01:22:58:816,120000436,214799794,601,16937,0
01:22:59:016,120000431,214802147,601,16946,0
01:22:59:216,120000453,214802936,598,16928,0
01:22:59:416,120000447,214801974,601,16935,0
01:22:59:616,120000467,214802680,598,16932,0
01:22:59:816,120000450,214802475,601,16944,0
01:23:00:016,120000443,214800303,600,16933,0
01:23:00:216,120000447,214804737,600,16932,0
01:23:00:416,120000458,214799803,601,16934,0
01:23:00:616,120000445,214804531,598,16938,0
01:23:01:016,120000460,214805088,598,16931,0
01:23:01:216,120000457,214799832,601,16943,0
01:23:01:416,120000458,214801896,601,16941,0
01:23:01:616,120000441,214802826,598,16938,0
01:23:01:816,120000456,214801765,601,16939,0
01:23:02:016,120000440,214803461,598,16936,0
01:23:02:216,120000460,214801619,601,16934,0
01:23:02:416,120000449,214800409,601,16943,0
01:23:02:616,120000457,214805080,598,16934,0
01:23:02:816,120000456,214800058,601,16937,0
01:23:03:016,120000459,214804723,598,16938,0
01:23:03:216,120000449,214800380,601,16933,0
01:23:03:416,120000431,214801831,601,16939,0
01:23:03:616,120000442,214802875,598,16936,0
01:23:03:816,120000435,214801897,601,16933,0
01:23:04:016,120000445,214803694,598,16930,0
01:23:04:216,120000440,214801393,601,16942,0
01:23:04:416,120000448,214800806,600,16932,0
01:23:04:616,120000444,214804114,601,16932,0
01:23:04:816,120000443,214799991,601,16934,0
01:23:05:016,120000443,214804980,598,16933,0
01:23:05:216,120000449,214800447,601,16936,0
01:23:05:416,120000440,214804303,598,16941,0
01:23:05:616,120000438,214800707,601,16936,0
01:23:05:816,120000450,214801574,601,16933,0
01:23:06:016,120000458,214803570,598,16940,0
01:23:06:216,120000447,214801514,601,16941,0
01:23:06:416,120000443,214803949,598,16939,0
01:23:06:616,120000446,214801131,601,16935,0
01:23:06:816,120000446,214800598,601,16935,0
01:23:07:016,120000451,214803620,598,16943,0
01:23:07:216,120000445,214800702,601,16942,0
01:23:07:416,120000428,214804341,598,16937,0
01:23:07:616,120000442,214800499,601,16934,0
01:23:07:816,120000435,214801290,601,16934,0
01:23:08:016,120000456,214803605,598,16939,0
01:23:08:216,120000441,214801467,601,16925,0
01:23:08:416,120000452,214803437,598,16943,0
01:23:08:616,120000432,214801214,601,16927,0
01:23:08:816,120000434,214804272,598,16940,0
01:23:09:016,120000450,214800351,601,16936,0
01:23:09:216,120000442,214800130,601,16946,0
01:23:09:416,120000447,214804129,598,16948,0
01:23:09:616,120000439,214800531,601,16939,0
01:23:09:816,120000447,214804307,598,16940,0
01:23:10:016,120000436,214801163,601,16937,0
01:23:10:216,120000442,214800778,601,16939,0
01:23:10:416,120000448,214803876,598,16946,0
01:23:10:616,120000445,214801020,601,16938,0
01:23:10:816,120000449,214803738,598,16934,0
01:23:11:016,120000451,214800879,601,16936,0
01:23:11:216,120000445,214800581,601,16932,0
01:23:11:416,120000448,214803890,598,16933,0
01:23:11:616,120000448,214800918,601,16935,0
01:23:11:816,120000433,214803828,598,16943,0
01:23:12:016,120000442,214800787,601,16936,0
01:23:12:216,120000443,214801675,601,16943,0
01:23:12:416,120000449,214803620,598,16936,0
01:23:12:616,120000448,214801200,601,16937,0
01:23:12:816,120000453,214804140,598,16937,0
01:23:13:016,120000440,214801174,601,16939,0
01:23:13:216,120000451,214804196,598,16935,0
01:23:13:416,120000438,214800832,601,16933,0
01:23:13:816,120000472,265141786,402,160,0
01:23:14:016,120000448,256474472,445,3036,0
01:23:14:216,120000458,214804245,598,16938,0
01:23:14:416,120000449,214800869,601,16937,0
01:23:14:616,120000441,214800519,601,16945,0
01:23:14:816,120000440,214803939,598,16939,0
01:23:15:016,120000442,214800732,601,16935,0
01:23:15:216,120000465,214803870,598,16945,0
01:23:15:416,120000463,214801508,601,16930,0
01:23:15:616,120000454,214801129,601,16932,0
01:23:15:816,120000466,214803573,598,16935,0
01:23:16:016,120000437,214801468,601,16941,0
01:23:16:216,120000455,214803710,598,16932,0
01:23:16:416,120000458,214800821,601,16937,0
01:23:16:616,120000455,214800628,601,16936,0
01:23:16:816,120000444,214803730,598,16936,0
01:23:17:016,120000455,214800771,601,16944,0
01:23:17:216,120000442,214803789,598,16935,0
01:23:17:416,120000440,214801923,601,16934,0
01:23:17:616,120000438,214803694,598,16933,0
01:23:17:816,120000463,214801203,601,16935,0
01:23:18:016,120000465,214801067,601,16934,0
01:23:18:216,120000465,214804394,598,16941,0
01:23:18:416,120000457,214800661,601,16939,0
01:23:18:616,120000464,214804297,598,16937,0
01:23:18:816,120000455,214800485,601,16941,0
01:23:19:016,120000439,214801029,601,16935,0
01:23:19:216,120000444,214803067,598,16940,0
01:23:19:416,120000447,214801622,601,16940,0
01:23:19:616,120000440,214803996,598,16934,0
01:23:19:816,120000449,214801694,601,16938,0
01:23:20:016,120000432,214800583,601,16935,0
01:23:20:216,120000437,214804210,598,16938,0
01:23:20:416,120000447,214800273,601,16937,0
01:23:20:616,120000451,214804442,598,16934,0
01:23:20:816,120000440,214799866,601,16942,0
01:23:21:016,120000446,214801445,601,16930,0
01:23:21:216,120000435,214803461,598,16931,0
01:23:21:416,120000434,214800914,601,16942,0
01:23:21:616,120000431,214803207,598,16943,0
01:23:21:816,120000448,214801919,601,16941,0
01:23:22:016,120000448,214803235,598,16939,0
01:23:22:216,120000454,214800804,601,16943,0
01:23:22:416,120000457,214800827,601,16942,0
01:23:22:616,120000447,214804457,598,16938,0
01:23:22:816,120000443,214800222,601,16942,0
01:23:23:016,120000449,214804466,598,16940,0
01:23:23:216,120000435,214800238,601,16934,0
01:23:23:416,120000445,214801084,601,16935,0
01:23:23:616,120000435,214804003,598,16938,0
01:23:23:816,120000450,214801465,601,16933,0
01:23:24:016,120000442,214803481,598,16941,0
01:23:24:216,120000442,214801172,601,16940,0
01:23:24:416,120000440,214800228,601,16950,0
01:23:24:616,120000453,214804358,598,16932,0
01:23:24:816,120000441,214800653,601,16938,0
01:23:25:016,120000447,214804146,598,16938,0
01:23:25:216,120000439,214800060,601,16943,0
01:23:25:416,120000445,214801040,601,16942,0
01:23:25:616,120000451,214804013,599,16937,0
01:23:25:816,120000450,214800953,601,16941,0
01:23:26:016,120000445,214803561,598,16939,0
01:23:26:216,120000444,214801299,601,16931,0
01:23:26:416,120000451,214803379,598,16939,0
01:23:26:616,120000442,214800962,601,16942,0
01:23:26:816,120000444,214800976,601,16943,0
01:23:27:016,120000446,214804856,598,16937,0
01:23:27:216,120000458,214800265,601,16940,0
01:23:27:416,120000454,214804513,598,16935,0
01:23:27:616,120000448,214799964,601,16939,0
01:23:27:816,120000452,214800984,601,16942,0
01:23:28:016,120000442,214803973,598,16924,0
01:23:28:216,120000439,214801190,601,16942,0
01:23:28:416,120000454,214803383,598,16938,0
01:23:28:616,120000455,214801479,601,16939,0
01:23:28:816,120000452,214800387,601,16940,0
01:23:29:216,120000481,265133946,404,171,0
01:23:29:416,120000488,264936637,409,216,0
01:23:29:616,120000439,214799966,600,16933,0
01:23:29:816,120000443,214804438,598,16937,0
01:23:30:016,120000451,214800330,602,16937,0
01:23:30:216,120000458,214802253,601,16933,0
01:23:30:416,120000455,214802772,598,16945,0
01:23:30:616,120000455,214801452,601,16942,0
01:23:30:816,120000462,214802814,598,16941,0
01:23:31:016,120000456,214801114,601,16945,0
01:23:31:216,120000449,214799665,601,16944,0
01:23:31:416,120000461,214804712,598,16942,0
01:23:31:616,120000454,214800331,601,16936,0
01:23:31:816,120000464,214804988,598,16933,0
01:23:32:016,120000460,214800476,601,16939,0
01:23:32:216,120000458,214801936,601,16938,0
01:23:32:416,120000451,214803225,598,16936,0
01:23:32:616,120000458,214801664,601,16938,0
01:23:32:816,120000450,214802554,598,16951,0
01:23:33:016,120000456,214801876,601,16942,0
01:23:33:216,120000448,214800122,601,16935,0
01:23:33:416,120000442,214804935,598,16939,0
01:23:33:616,120000447,214800119,601,16939,0
01:23:33:816,120000444,214804786,598,16936,0
01:23:34:016,120000460,214799895,601,16938,0
01:23:34:216,120000452,214805055,598,16931,0
01:23:34:416,120000441,214800371,601,16940,0
01:23:34:616,120000451,214801706,601,16932,0
01:23:34:816,120000450,214803094,598,16938,0
01:23:35:016,120000435,214801298,601,16949,0
01:23:35:216,120000445,214803372,598,16932,0
01:23:35:416,120000432,214800873,601,16938,0
01:23:35:616,120000434,214800261,601,16936,0
01:23:35:816,120000434,214804595,598,16944,0
01:23:36:016,120000437,214800236,601,16936,0
01:23:36:216,120000434,214804836,598,16939,0
01:23:36:416,120000439,214799783,601,16946,0
01:23:36:616,120000451,214802025,601,16939,0
01:23:36:816,120000458,214802880,598,16948,0
01:23:37:016,120000449,214801535,601,16942,0
01:23:37:216,120000433,214803205,598,16934,0
01:23:37:416,120000434,214801546,601,16934,0
01:23:37:616,120000434,214800160,601,16938,0
01:23:37:816,120000442,214804751,598,16940,0
01:23:38:016,120000446,214800007,601,16948,0
01:23:38:216,120000440,214805348,598,16937,0
01:23:38:416,120000447,214800455,601,16935,0
01:23:38:616,120000450,214804241,598,16934,0
01:23:38:816,120000449,214800857,601,16937,0
01:23:39:016,120000440,214801605,601,16934,0
01:23:39:216,120000439,214803436,598,16932,0
01:23:39:416,120000446,214800838,601,16948,0
01:23:39:616,120000446,214803499,598,16939,0
01:23:39:816,120000451,214801068,601,16941,0
01:23:40:016,120000454,214800630,601,16940,0
01:23:40:216,120000438,214804733,598,16935,0
01:23:40:416,120000445,214801301,601,16933,0
01:23:40:616,120000443,214803555,598,16948,0
01:23:40:816,120000457,214800473,601,16932,0
01:23:41:016,120000436,214801890,601,16938,0
01:23:41:216,120000442,214803460,598,16935,0
01:23:41:416,120000451,214801397,601,16940,0
01:23:41:616,120000442,214803577,598,16939,0
01:23:41:816,120000428,214801050,601,16947,0
01:23:42:016,120000437,214800611,601,16937,0
01:23:42:216,120000445,214804016,598,16937,0
01:23:42:416,120000444,214800326,601,16946,0
01:23:42:616,120000448,214804421,598,16935,0
01:23:42:816,120000450,214800652,601,16935,0
01:23:43:016,120000440,214803625,598,16938,0
01:23:43:216,120000449,214800331,601,16943,0
01:23:43:416,120000448,214801557,601,16941,0
01:23:43:616,120000441,214803661,598,16939,0
01:23:43:816,120000454,214801251,601,16937,0
01:23:44:016,120000442,214803473,598,16941,0
01:23:44:216,120000446,214801222,601,16939,0
01:23:44:816,120000457,265134071,403,163,0
01:23:44:816,120000457,265134071,403,163,0
01:23:45:016,120000462,223057447,575,14177,0
01:23:45:216,120000440,214801750,601,16945,0
01:23:45:416,120000447,214799676,601,16939,0
01:23:45:616,120000452,214804303,598,16935,0
01:23:45:816,120000449,214799729,601,16944,0
01:23:46:016,120000474,214804230,598,16935,0
01:23:46:216,120000457,214799375,601,16935,0
01:23:46:416,120000379,214804573,598,16941,0
01:23:46:616,120000450,214799733,603,16949,0
01:23:46:816,120000458,214802059,601,16939,0
01:23:47:016,120000442,214802962,598,16937,0
01:23:47:216,120000457,214801899,601,16943,0
01:23:47:416,120000448,214802038,598,16941,0
01:23:47:616,120000458,214802527,601,16942,0
01:23:47:816,120000448,214799770,601,16937,0
01:23:48:016,120000467,214803967,598,16946,0
01:23:48:216,120000459,214800034,601,16939,0
01:23:48:416,120000453,214804406,598,16939,0
01:23:48:616,120000450,214800146,601,16935,0
01:23:48:816,120000446,214801627,601,16935,0
01:23:49:016,120000451,214803079,598,16935,0
01:23:49:216,120000454,214801667,601,16944,0
01:23:49:416,120000453,214803229,598,16939,0
01:23:49:616,120000454,214801598,601,16936,0
01:23:49:816,120000440,214800587,601,16934,0
01:23:50:016,120000447,214804765,598,16940,0
01:23:50:216,120000455,214799727,601,16933,0
01:23:50:416,120000452,214804772,598,16945,0
01:23:50:616,120000433,214800291,601,16940,0
01:23:50:816,120000450,214805048,598,16935,0
01:23:51:016,120000455,214800237,602,16938,0
01:23:51:216,120000453,214802151,601,16940,0
01:23:51:416,120000440,214802901,598,16931,0
01:23:51:616,120000441,214802324,601,16933,0
01:23:51:816,120000439,214802731,598,16940,0
01:23:52:016,120000446,214802057,601,16937,0
01:23:52:216,120000440,214799794,601,16938,0
01:23:52:416,120000449,214804834,598,16950,0
01:23:52:616,120000435,214799876,601,16933,0
01:23:52:816,120000445,214804750,598,16938,0
01:23:53:016,120000438,214799733,601,16936,0
01:23:53:216,120000430,214802057,601,16941,0
01:23:53:416,120000438,214802675,598,16941,0
01:23:53:616,120000441,214801902,601,16935,0
01:23:53:816,120000439,214802704,598,16937,0
01:23:54:016,120000440,214801879,601,16937,0
01:23:54:216,120000445,214799698,601,16935,0
01:23:54:416,120000442,214804898,598,16938,0
01:23:54:616,120000436,214799442,601,16940,0
01:23:54:816,120000434,214805171,598,16933,0
01:23:55:016,120000441,214800118,601,16936,0
01:23:55:216,120000450,214804785,598,16935,0
01:23:55:416,120000444,214800406,601,16931,0
01:23:55:616,120000449,214802104,601,16940,0
01:23:55:816,120000443,214803427,598,16933,0
01:23:56:016,120000454,214801778,601,16944,0
01:23:56:216,120000439,214802512,598,16940,0
01:23:56:416,120000447,214802226,601,16931,0
01:23:56:616,120000446,214799815,601,16941,0
01:23:56:816,120000458,214805064,598,16939,0
01:23:57:016,120000442,214799971,601,16936,0
01:23:57:216,120000439,214804997,598,16935,0
01:23:57:416,120000448,214800035,601,16939,0
01:23:57:616,120000433,214802318,601,16936,0
01:23:57:816,120000434,214802493,598,16927,0
01:23:58:016,120000434,214802355,601,16939,0
01:23:58:216,120000442,214802540,598,16936,0
01:23:58:416,120000435,214802091,601,16938,0
01:23:58:616,120000442,214800174,601,16942,0
01:23:58:816,120000446,214805263,598,16937,0
01:23:59:016,120000449,214799647,601,16947,0
01:23:59:216,120000448,214804994,598,16941,0
01:23:59:416,120000447,214800008,601,16942,0
01:23:59:616,120000454,214805018,598,16935,0
01:24:00:216,120000461,265141401,401,152,0
01:24:00:216,120000461,265141401,401,152,0
01:24:00:416,120000456,231257194,544,11453,0
01:24:00:616,120000439,214804288,598,16936,0
01:24:00:816,120000453,214800310,601,16937,0
01:24:01:016,120000438,214801900,601,16938,0
01:24:01:216,120000434,214803148,598,16930,0
01:24:01:416,120000455,214801915,601,16943,0
01:24:01:616,120000447,214803489,598,16937,0
01:24:01:816,120000445,214801337,601,16935,0
01:24:02:016,120000456,214800585,601,16938,0
01:24:02:216,120000453,214804708,598,16932,0
01:24:02:416,120000442,214800129,601,16946,0
01:24:02:616,120000444,214804292,598,16956,0
01:24:02:816,120000444,214800150,601,16941,0
01:24:03:016,120000435,214801812,600,16935,0
01:24:03:216,120000450,214803421,600,16939,0
01:24:03:416,120000439,214800838,601,16938,0
01:24:03:616,120000442,214803219,598,16940,0
01:24:03:816,120000451,214801166,601,16935,0
01:24:04:016,120000447,214802655,598,16941,0
01:24:04:216,120000454,214801279,601,16935,0
01:24:04:416,120000447,214799759,601,16936,0
01:24:04:616,120000441,214804895,598,16949,0
01:24:04:816,120000436,214800069,601,16939,0
01:24:05:016,120000454,214804666,598,16939,0
01:24:05:216,120000450,214800242,601,16937,0
01:24:05:416,120000443,214802220,601,16940,0
01:24:05:616,120000438,214802968,598,16933,0
01:24:05:816,120000447,214801959,601,16941,0
01:24:06:016,120000458,214803513,598,16935,0
01:24:06:216,120000444,214801518,601,16942,0
01:24:06:416,120000446,214800165,601,16933,0
01:24:06:616,120000449,214804501,598,16934,0
01:24:06:816,120000446,214800080,601,16934,0
01:24:07:016,120000440,214803941,598,16940,0
01:24:07:216,120000451,214799411,601,16947,0
01:24:07:416,120000443,214804895,598,16934,0
01:24:07:616,120000433,214800388,602,16941,0
01:24:07:816,120000450,214801992,601,16943,0
01:24:08:016,120000450,214803192,598,16937,0
01:24:08:216,120000451,214801867,601,16942,0
01:24:08:416,120000446,214803314,598,16936,0
01:24:08:616,120000437,214801539,601,16942,0
01:24:08:816,120000442,214799750,601,16938,0
01:24:09:016,120000438,214804689,598,16946,0
01:24:09:216,120000450,214800708,601,16938,0
01:24:09:416,120000436,214804443,598,16936,0
01:24:09:616,120000442,214800317,601,16939,0
01:24:09:816,120000454,214802159,601,16935,0
01:24:10:016,120000450,214803735,598,16940,0
01:24:10:216,120000446,214801769,601,16935,0
01:24:10:416,120000444,214803417,598,16935,0
01:24:10:616,120000448,214801079,601,16932,0
01:24:10:816,120000447,214799937,601,16942,0
01:24:11:016,120000446,214804262,598,16937,0
01:24:11:216,120000443,214800528,601,16937,0
01:24:11:416,120000446,214804291,598,16941,0
01:24:11:616,120000454,214800964,601,16936,0
01:24:11:816,120000439,214804129,598,16931,0
01:24:12:016,120000434,214800270,601,16947,0
01:24:12:216,120000436,214801419,601,16935,0
01:24:12:416,120000444,214803727,598,16935,0
01:24:12:616,120000457,214801001,601,16935,0
01:24:12:816,120000454,214803194,598,16939,0
01:24:13:016,120000449,214801294,601,16942,0
01:24:13:216,120000447,214800012,601,16945,0
01:24:13:416,120000445,214804382,598,16940,0
01:24:13:616,120000450,214800299,601,16935,0
01:24:13:816,120000440,214804522,598,16944,0
01:24:14:016,120000456,214800627,601,16938,0
01:24:14:216,120000446,214801431,601,16939,0
01:24:14:416,120000438,214803613,598,16937,0
01:24:14:616,120000450,214801815,601,16933,0
01:24:14:816,120000441,214803749,598,16938,0
01:24:15:016,120000439,214800997,601,16944,0
01:24:15:616,120000463,265134597,403,165,0
01:24:15:616,120000463,265134597,403,165,0
01:24:15:816,120000446,239720536,509,8625,0
01:24:16:016,120000449,214801822,601,16936,0
01:24:16:216,120000435,214803188,598,16943,0
01:24:16:416,120000447,214801889,601,16935,0
01:24:16:616,120000445,214800214,601,16933,0
01:24:16:816,120000444,214804634,598,16936,0
01:24:17:016,120000455,214800183,601,16930,0
01:24:17:216,120000437,214804787,598,16934,0
01:24:17:416,120000450,214800296,601,16931,0
01:24:17:616,120000443,214802448,601,16936,0
01:24:17:816,120000445,214802947,598,16937,0
01:24:18:016,120000454,214801881,601,16931,0
01:24:18:216,120000456,214802748,598,16936,0
01:24:18:416,120000440,214801805,601,16947,0
01:24:18:616,120000452,214800177,601,16933,0
01:24:18:816,120000451,214804835,598,16940,0
01:24:19:016,120000454,214799702,601,16943,0
01:24:19:216,120000456,214804636,598,16940,0
01:24:19:416,120000462,214799917,601,16937,0
01:24:19:616,120000451,214801837,601,16936,0
01:24:19:816,120000442,214802776,598,16938,0
01:24:20:016,120000443,214801857,601,16939,0
01:24:20:216,120000451,214802541,598,16937,0
01:24:20:416,120000445,214802188,601,16939,0
01:24:20:616,120000444,214802947,598,16939,0
01:24:20:816,120000460,214802234,601,16936,0
01:24:21:016,120000440,214800524,601,16934,0
01:24:21:216,120000441,214804856,598,16945,0
01:24:21:416,120000449,214799691,601,16936,0
01:24:21:616,120000445,214804202,598,16948,0
01:24:21:816,120000444,214799694,601,16933,0
01:24:22:016,120000444,214802346,601,16939,0
01:24:22:216,120000438,214802460,598,16939,0
01:24:22:416,120000440,214802142,601,16939,0
01:24:22:616,120000447,214802933,598,16929,0
01:24:22:816,120000461,214801992,601,16946,0
01:24:23:016,120000443,214799790,601,16940,0
01:24:23:216,120000448,214805279,598,16936,0
01:24:23:416,120000459,214799902,601,16934,0
01:24:23:616,120000456,214804764,598,16937,0
01:24:23:816,120000462,214800401,601,16932,0
01:24:24:016,120000453,214801697,601,16936,0
01:24:24:216,120000445,214802932,598,16930,0
01:24:24:416,120000439,214801655,601,16938,0
01:24:24:616,120000446,214803020,598,16934,0
01:24:24:816,120000436,214801697,601,16940,0
01:24:25:016,120000463,214802577,598,16937,0
01:24:25:216,120000449,214802144,601,16931,0
01:24:25:416,120000449,214799942,601,16933,0
01:24:25:616,120000461,214804681,598,16933,0
01:24:25:816,120000456,214800012,601,16939,0
01:24:26:016,120000457,214804623,598,16942,0
01:24:26:216,120000459,214799916,601,16937,0
01:24:26:416,120000453,214802295,601,16930,0
01:24:26:616,120000451,214802706,598,16934,0
01:24:26:816,120000453,214802015,601,16941,0
01:24:27:016,120000461,214802573,598,16939,0
01:24:27:216,120000448,214802339,601,16937,0
01:24:27:416,120000461,214800115,601,16932,0
01:24:27:616,120000462,214804921,598,16939,0
01:24:27:816,120000443,214799945,601,16936,0
01:24:28:016,120000449,214805013,598,16937,0
01:24:28:216,120000458,214799818,601,16941,0
01:24:28:416,120000445,214804007,598,16940,0
01:24:28:616,120000448,214799977,602,16928,0
01:24:28:816,120000447,214802383,601,16942,0
01:24:29:016,120000443,214802474,598,16944,0
01:24:29:216,120000443,214802064,601,16937,0
01:24:29:416,120000451,214802180,598,16937,0
01:24:29:616,120000438,214801711,601,16941,0
01:24:29:816,120000437,214799699,601,16941,0
01:24:30:016,120000438,214804748,598,16939,0
01:24:30:216,120000437,214800204,601,16938,0
01:24:30:416,120000431,214804511,598,16945,0
01:24:31:016,120000467,265141816,401,150,0
01:24:31:016,120000467,265141816,401,150,0
01:24:31:216,120000456,248173929,478,5805,0
01:24:31:416,120000453,214803658,598,16931,0
01:24:31:616,120000452,214801422,601,16934,0
01:24:31:816,120000441,214800364,601,16937,0
01:24:32:016,120000451,214804161,598,16943,0
01:24:32:216,120000452,214800698,601,16938,0
01:24:32:416,120000439,214804077,598,16937,0
01:24:32:616,120000458,214800500,601,16936,0
01:24:32:816,120000458,214804095,598,16932,0
01:24:33:016,120000451,214801388,601,16932,0
01:24:33:216,120000450,214801394,601,16932,0
01:24:33:416,120000449,214804110,598,16934,0
01:24:33:816,120000438,214804326,598,16939,0
01:24:34:016,120000460,214800652,601,16931,0
01:24:34:216,120000457,214801128,601,16939,0
01:24:34:416,120000445,214803952,598,16936,0
01:24:34:616,120000455,214801418,601,16938,0
01:24:34:816,120000447,214803303,598,16936,0
01:24:35:016,120000447,214801101,601,16935,0
01:24:35:216,120000461,214801032,601,16934,0
01:24:35:416,120000452,214804200,598,16941,0
01:24:35:616,120000441,214800309,601,16937,0
01:24:35:816,120000447,214804344,598,16941,0
01:24:36:016,120000454,214800881,601,16932,0
01:24:36:216,120000450,214801330,601,16931,0
01:24:36:416,120000438,214803958,598,16932,0
01:24:36:616,120000452,214801773,601,16933,0
01:24:36:816,120000432,214803645,598,16934,0
01:24:37:016,120000442,214801240,601,16939,0
01:24:37:216,120000454,214803066,598,16940,0
01:24:37:416,120000455,214801860,601,16932,0
01:24:37:616,120000455,214800386,601,16934,0
01:24:37:816,120000445,214804810,598,16935,0
01:24:38:016,120000441,214800185,601,16937,0
01:24:38:216,120000447,214804972,598,16932,0
01:24:38:416,120000449,214799901,601,16937,0
01:24:38:616,120000436,214801105,601,16939,0
01:24:38:816,120000442,214803460,598,16934,0
01:24:39:016,120000455,214801446,601,16942,0
01:24:39:216,120000452,214802856,598,16935,0
01:24:39:416,120000450,214801691,601,16937,0
01:24:39:616,120000451,214800072,601,16933,0
01:24:39:816,120000450,214804320,598,16934,0
01:24:40:016,120000435,214800328,601,16941,0
01:24:40:216,120000442,214804254,598,16938,0
01:24:40:416,120000435,214799978,601,16936,0
01:24:40:616,120000445,214801628,601,16937,0
01:24:40:816,120000432,214803363,598,16941,0
01:24:41:016,120000450,214801527,601,16932,0
01:24:41:216,120000447,214803652,598,16939,0
01:24:41:416,120000449,214801770,601,16933,0
01:24:41:616,120000440,214803164,598,16941,0
01:24:41:816,120000454,214802082,601,16941,0
01:24:42:016,120000443,214800643,601,16942,0
01:24:42:216,120000434,214804947,598,16938,0
01:24:42:416,120000444,214799867,601,16935,0
01:24:42:616,120000455,214804561,598,16940,0
01:24:42:816,120000446,214799963,601,16933,0
01:24:43:016,120000453,214801731,601,16943,0
01:24:43:216,120000440,214803309,598,16937,0
01:24:43:416,120000449,214801964,601,16944,0
01:24:43:616,120000448,214802494,598,16935,0
01:24:43:816,120000453,214801710,601,16941,0
01:24:44:016,120000445,214799933,601,16936,0
01:24:44:216,120000433,214804696,598,16931,0
01:24:44:416,120000442,214799854,601,16935,0
01:24:44:616,120000451,214804628,598,16932,0
01:24:44:816,120000450,214799640,601,16942,0
01:24:45:016,120000435,214801022,601,16935,0
01:24:45:216,120000432,214803628,599,16936,0
01:24:45:416,120000442,214801412,601,16938,0
01:24:45:616,120000451,214803091,598,16938,0
01:24:45:816,120000457,214801279,601,16946,0
01:24:46:016,120000454,214803036,598,16941,0
01:24:46:416,120000463,265133971,404,160,0
01:24:46:616,120000450,256636562,442,2986,0
01:24:46:816,120000458,214800192,601,16940,0
01:24:47:016,120000452,214804818,598,16947,0
01:24:47:216,120000444,214799771,601,16941,0
01:24:47:416,120000429,214802439,601,16937,0
01:24:47:616,120000448,214802886,598,16935,0
01:24:47:816,120000467,214801440,601,16942,0
01:24:48:016,120000455,214802914,598,16931,0
01:24:48:216,120000450,214801864,601,16938,0
01:24:48:416,120000466,214800073,601,16939,0
01:24:48:616,120000453,214804256,598,16942,0
01:24:48:816,120000445,214799709,601,16939,0
01:24:49:016,120000439,214804951,598,16934,0
01:24:49:216,120000457,214799803,601,16938,0
01:24:49:416,120000456,214804771,598,16935,0
01:24:49:616,120000449,214799932,602,16939,0
01:24:49:816,120000444,214802081,601,16941,0
01:24:50:016,120000449,214803180,598,16940,0
01:24:50:216,120000445,214801621,601,16941,0
01:24:50:416,120000455,214802969,598,16934,0
01:24:50:616,120000458,214801672,601,16933,0
01:24:50:816,120000449,214799795,601,16936,0
01:24:51:016,120000457,214804026,598,16941,0
01:24:51:216,120000456,214799629,601,16937,0
01:24:51:416,120000452,214804458,598,16937,0
01:24:51:616,120000439,214799987,601,16935,0
01:24:51:816,120000451,214802071,601,16943,0
01:24:52:017,120000430,214802627,598,16939,0
01:24:52:217,120000437,214801677,601,16946,0
01:24:52:417,120000447,214802721,598,16939,0
01:24:52:617,120000455,214801750,601,16937,0
01:24:52:817,120000452,214799903,601,16938,0
01:24:53:017,120000433,214804803,598,16942,0
01:24:53:217,120000442,214799469,601,16947,0
01:24:53:417,120000441,214804606,598,16939,0
01:24:53:617,120000434,214799864,601,16941,0
01:24:53:817,120000436,214804671,598,16938,0
01:24:54:017,120000454,214800040,601,16939,0
01:24:54:217,120000447,214801804,601,16943,0
01:24:54:417,120000446,214802841,598,16930,0
01:24:54:617,120000454,214802073,601,16934,0
01:24:54:817,120000452,214802904,598,16944,0
01:24:55:017,120000449,214801888,601,16941,0
01:24:55:217,120000455,214800290,601,16931,0
01:24:55:417,120000455,214804987,598,16935,0
01:24:55:617,120000439,214800153,601,16937,0
01:24:55:817,120000442,214804579,598,16941,0
01:24:56:017,120000446,214799864,601,16941,0
01:24:56:217,120000435,214801935,601,16943,0
01:24:56:417,120000450,214802787,598,16942,0
01:24:56:617,120000447,214802116,601,16940,0
01:24:56:817,120000454,214802763,598,16935,0
01:24:57:017,120000455,214802175,601,16943,0
01:24:57:217,120000447,214800448,601,16936,0
01:24:57:417,120000451,214804343,598,16944,0
01:24:57:617,120000436,214799364,601,16935,0
01:24:57:817,120000434,214804910,598,16932,0
01:24:58:017,120000439,214799640,601,16941,0
01:24:58:217,120000432,214804481,598,16938,0
01:24:58:417,120000437,214799235,601,16943,0
01:24:58:617,120000453,214801866,601,16941,0
01:24:58:817,120000449,214803258,598,16937,0
01:24:59:017,120000439,214802073,601,16940,0
01:24:59:217,120000456,214802483,598,16943,0
01:24:59:417,120000439,214802093,601,16937,0
01:24:59:617,120000468,214800096,601,16934,0
01:24:59:817,120000446,214804558,598,16941,0
01:25:00:017,120000442,214800032,601,16933,0
01:25:00:217,120000442,214804642,598,16939,0
01:25:00:417,120000438,214800237,601,16941,0
01:25:00:617,120000437,214801550,601,16932,0
01:25:00:817,120000448,214803046,598,16935,0
01:25:01:017,120000451,214801950,601,16929,0
01:25:01:217,120000450,214802723,598,16934,0
01:25:01:417,120000435,214802252,601,16935,0
01:25:01:817,120000475,265141269,402,165,0
01:25:02:017,120000446,264836749,412,251,0
01:25:02:217,120000449,214803901,598,16926,0
01:25:02:417,120000455,214800910,601,16942,0
01:25:02:617,120000458,214803816,598,16933,0
01:25:02:817,120000434,214800949,601,16935,0
01:25:03:017,120000453,214801034,601,16933,0
01:25:03:217,120000471,214804025,598,16935,0
01:25:03:417,120000455,214800670,601,16943,0
01:25:03:617,120000458,214804327,598,16944,0
01:25:03:817,120000446,214800502,601,16939,0
01:25:04:017,120000440,214801415,601,16936,0
01:25:04:217,120000435,214803670,598,16932,0
01:25:04:417,120000450,214801510,601,16934,0
01:25:04:617,120000440,214803588,598,16940,0
01:25:04:817,120000451,214800933,601,16944,0
01:25:05:017,120000456,214800898,601,16936,0
01:25:05:217,120000448,214802810,608,16940,0
01:25:05:417,120000452,214799893,607,16929,0
01:25:05:617,120000444,214804431,602,16933,0
01:25:05:817,120000454,214799657,609,16930,0
01:25:06:017,120000447,214803089,614,16940,0
01:25:06:217,120000451,214799125,615,16927,0
01:25:06:417,120000447,214801466,611,16928,0
01:25:06:617,120000443,214801275,607,16930,0
01:25:06:817,120000378,214801473,610,16928,0
01:25:07:017,120000454,214801633,607,16928,0
01:25:07:217,120000445,214800904,607,16929,0
01:25:07:417,120000428,214799193,610,16938,0
01:25:07:617,120000442,214803248,606,16932,0
01:25:07:817,120000454,214800050,610,16930,0
01:25:08:017,120000466,214802459,609,16932,0
01:25:08:217,120000446,214799719,613,16934,0
01:25:08:417,120000446,214799486,608,16926,0
01:25:08:617,120000451,214804015,609,16926,0
01:25:08:817,120000442,214798413,617,16932,0
01:25:09:017,120000434,214803944,609,16935,0
01:25:09:217,120000444,214799226,613,16935,0
01:25:09:417,120000449,214800308,611,16937,0
01:25:09:617,120000446,214802488,603,16939,0
01:25:09:817,120000438,214800084,614,16936,0
01:25:10:017,120000441,214802550,607,16934,0
01:25:10:217,120000380,214799777,608,16938,0
01:25:10:417,120000454,214803062,611,16926,0
01:25:10:617,120000455,214799817,612,16933,0
01:25:10:817,120000447,214800461,614,16931,0
01:25:11:017,120000504,214802320,607,16940,0
01:25:11:217,120000443,214801979,601,16939,0
01:25:11:417,120000438,214803747,598,16944,0
01:25:11:617,120000443,214801301,601,16939,0
01:25:11:817,120000441,214800039,601,16934,0
01:25:12:017,120000446,214804742,598,16940,0
01:25:12:217,120000448,214800330,601,16937,0
01:25:12:417,120000430,214804695,598,16929,0
01:25:12:617,120000448,214800309,601,16931,0
01:25:12:817,120000440,214801123,609,16933,0
01:25:13:017,120000449,214802597,606,16930,0
01:25:13:217,120000451,214801617,604,16928,0
01:25:13:417,120000455,214801712,609,16942,0
01:25:13:617,120000447,214801254,610,16931,0
01:25:13:817,120000455,214801758,608,16931,0
01:25:14:017,120000447,214801447,608,16933,0
01:25:14:217,120000446,214799207,607,16942,0
01:25:14:417,120000451,214804376,603,16932,0
01:25:14:617,120000455,214798956,611,16928,0
01:25:14:817,120000458,214804107,609,16930,0
01:25:15:017,120000436,214798948,610,16925,0
01:25:15:217,120000500,214800340,606,16938,0
01:25:15:417,120000435,214804166,598,16933,0
01:25:15:617,120000434,214801204,601,16938,0
01:25:15:817,120000450,214803488,598,16934,0
01:25:16:017,120000445,214801834,601,16929,0
01:25:16:217,120000456,214800795,601,16937,0
01:25:16:417,120000450,214804451,598,16941,0
01:25:16:617,120000448,214800520,601,16936,0
01:25:16:817,120000458,214804968,598,16942,0
01:25:17:417,120000451,265141618,401,151,0
01:25:17:417,120000451,265141618,401,151,0
01:25:17:617,120000449,222967927,578,14204,0
01:25:17:817,120000450,214802616,598,16935,0
01:25:18:017,120000451,214802338,601,16932,0
01:25:18:217,120000455,214803204,598,16944,0
01:25:18:417,120000446,214802056,601,16934,0
01:25:18:617,120000458,214800198,601,16936,0
01:25:18:817,120000464,214804458,598,16944,0
01:25:19:017,120000459,214799757,601,16940,0
01:25:19:217,120000450,214805079,598,16931,0
01:25:19:417,120000446,214800265,601,16936,0
01:25:19:617,120000453,214802485,601,16942,0
01:25:19:817,120000456,214802311,598,16942,0
01:25:20:017,120000455,214802056,601,16940,0
01:25:20:217,120000451,214803264,598,16935,0
01:25:20:417,120000445,214801829,601,16930,0
01:25:20:617,120000447,214800036,601,16940,0
01:25:20:817,120000454,214804368,598,16938,0
01:25:21:017,120000448,214799979,601,16935,0
01:25:21:217,120000453,214804503,598,16935,0
01:25:21:417,120000445,214799687,601,16950,0
01:25:21:617,120000460,214802032,601,16938,0
01:25:21:817,120000457,214802463,598,16945,0
01:25:22:017,120000461,214802193,601,16936,0
01:25:22:217,120000437,214802874,598,16932,0
01:25:22:417,120000440,214801622,601,16941,0
01:25:22:617,120000439,214803166,598,16933,0
01:25:22:817,120000435,214801861,601,16932,0
01:25:23:017,120000442,214799586,601,16944,0
01:25:23:217,120000441,214804761,598,16941,0
01:25:23:417,120000444,214800072,601,16929,0
01:25:23:617,120000430,214805088,598,16941,0
01:25:23:817,120000437,214800333,601,16925,0
01:25:24:017,120000447,214801808,601,16939,0
01:25:24:217,120000447,214802841,598,16935,0
01:25:24:417,120000443,214802260,601,16935,0
01:25:24:617,120000452,214803219,598,16943,0
01:25:24:817,120000435,214801516,601,16941,0
01:25:25:017,120000447,214800017,601,16933,0
01:25:25:217,120000452,214804594,598,16942,0
01:25:25:417,120000430,214799916,601,16940,0
01:25:25:617,120000447,214804650,598,16943,0
01:25:25:817,120000443,214799889,601,16931,0
01:25:26:017,120000452,214802073,601,16934,0
01:25:26:217,120000450,214802623,598,16939,0
01:25:26:417,120000451,214801869,601,16936,0
01:25:26:617,120000442,214802843,598,16943,0
01:25:26:817,120000447,214802027,601,16932,0
01:25:27:017,120000447,214802941,598,16946,0
01:25:27:217,120000446,214801413,602,16941,0
01:25:27:417,120000451,214799729,601,16942,0
01:25:27:617,120000445,214804537,598,16939,0
01:25:27:817,120000447,214800055,603,16932,0
01:25:28:017,120000455,214804809,598,16932,0
01:25:28:217,120000450,214800358,601,16937,0
01:25:28:417,120000440,214802128,601,16937,0
01:25:28:617,120000457,214802536,598,16943,0
01:25:28:817,120000452,214801907,601,16939,0
01:25:29:017,120000449,214802873,598,16949,0
01:25:29:217,120000455,214801947,601,16936,0
01:25:29:417,120000436,214800413,601,16939,0
01:25:29:617,120000453,214804411,598,16929,0
01:25:29:817,120000436,214799695,601,16937,0
01:25:30:017,120000437,214804766,598,16937,0
01:25:30:217,120000442,214800192,601,16934,0
01:25:30:417,120000435,214804809,598,16931,0
01:25:30:617,120000434,214800618,603,16939,0
01:25:30:817,120000442,214801616,601,16942,0
01:25:31:017,120000446,214803183,598,16942,0
01:25:31:217,120000448,214802027,601,16941,0
01:25:31:417,120000441,214803132,598,16942,0
01:25:31:617,120000451,214801422,601,16942,0
01:25:31:817,120000451,214800320,601,16940,0
01:25:32:017,120000451,214804917,598,16938,0
01:25:32:217,120000442,214800269,602,16941,0
01:25:32:817,120000456,265133356,403,156,0
01:25:32:817,120000456,265133356,403,156,0
01:25:33:017,120000454,231430525,542,11392,0
01:25:33:217,120000461,214801741,601,16925,0
01:25:33:417,120000442,214803452,598,16944,0
01:25:33:617,120000445,214801170,601,16942,0
01:25:33:817,120000455,214800509,602,16935,0
01:25:34:017,120000468,214804655,598,16934,0
01:25:34:217,120000455,214800364,601,16935,0
01:25:34:417,120000458,214804783,598,16931,0
01:25:34:617,120000463,214800624,601,16943,0
01:25:34:817,120000453,214804192,598,16936,0
01:25:35:017,120000454,214801023,601,16939,0
01:25:35:217,120000439,214801065,601,16939,0
01:25:35:417,120000460,214803758,598,16932,0
01:25:35:617,120000451,214801002,601,16942,0
01:25:35:817,120000461,214803906,598,16937,0
01:25:36:017,120000443,214800914,601,16935,0
01:25:36:217,120000458,214800181,601,16939,0
01:25:36:417,120000445,214804004,598,16940,0
01:25:36:617,120000450,214801065,601,16945,0
01:25:36:817,120000447,214803776,599,16937,0
01:25:37:017,120000444,214801221,601,16937,0
01:25:37:217,120000435,214801274,601,16940,0
01:25:37:417,120000450,214803696,598,16936,0
01:25:37:617,120000447,214800922,601,16936,0
01:25:37:817,120000457,214804447,598,16935,0
01:25:38:017,120000452,214800645,601,16935,0
01:25:38:217,120000442,214800550,601,16936,0
01:25:38:417,120000439,214804490,598,16932,0
01:25:38:617,120000438,214800785,601,16940,0
01:25:38:817,120000432,214804026,598,16937,0
01:25:39:017,120000450,214801206,601,16941,0
01:25:39:217,120000436,214803601,598,16935,0
01:25:39:417,120000437,214801310,601,16942,0
01:25:39:617,120000434,214800812,601,16940,0
01:25:39:817,120000453,214804441,598,16929,0
01:25:40:017,120000452,214801234,601,16940,0
01:25:40:217,120000458,214804761,599,16936,0
01:25:40:417,120000452,214800020,601,16942,0
01:25:40:617,120000461,214801226,601,16940,0
01:25:40:817,120000452,214803534,598,16935,0
01:25:41:017,120000450,214801128,601,16944,0
01:25:41:217,120000451,214803494,598,16937,0
01:25:41:417,120000455,214802163,601,16932,0
01:25:41:617,120000453,214800666,601,16941,0
01:25:41:817,120000453,214804285,598,16937,0
01:25:42:017,120000448,214800665,601,16938,0
01:25:42:217,120000439,214804781,598,16943,0
01:25:42:417,120000444,214799962,601,16935,0
01:25:42:617,120000452,214801257,601,16931,0
01:25:42:817,120000447,214803278,599,16936,0
01:25:43:017,120000449,214801555,601,16938,0
01:25:43:217,120000451,214803215,598,16931,0
01:25:43:417,120000447,214801607,601,16939,0
01:25:43:617,120000443,214802902,598,16941,0
01:25:43:817,120000451,214801468,601,16943,0
01:25:44:017,120000431,214799967,601,16944,0
01:25:44:217,120000442,214804571,598,16937,0
01:25:44:417,120000443,214800401,601,16937,0
01:25:44:617,120000441,214805070,598,16931,0
01:25:44:817,120000428,214799601,601,16942,0
01:25:45:017,120000434,214801419,601,16939,0
01:25:45:217,120000450,214803371,598,16934,0
01:25:45:417,120000442,214801536,601,16945,0
01:25:45:617,120000439,214803283,599,16933,0
01:25:45:817,120000446,214802237,601,16936,0
01:25:46:017,120000454,214800436,602,16941,0
01:25:46:217,120000439,214804990,598,16933,0
01:25:46:417,120000450,214800174,602,16941,0
01:25:46:617,120000449,214804760,598,16939,0
01:25:46:817,120000449,214799963,601,16939,0
01:25:47:017,120000453,214802046,601,16941,0
01:25:47:217,120000443,214802838,599,16930,0
01:25:47:417,120000446,214801770,601,16940,0
01:25:47:617,120000435,214803166,599,16934,0
01:25:48:217,120000472,265133758,403,158,0
01:25:48:217,120000472,265133758,403,158,0
01:25:48:417,120000453,239882895,511,8584,0
01:25:48:617,120000457,214804532,598,16930,0
01:25:48:817,120000450,214800294,602,16930,0
01:25:49:017,120000451,214804014,598,16942,0
01:25:49:217,120000437,214800001,601,16936,0
01:25:49:417,120000476,214802236,601,16930,0
01:25:49:617,120000450,214802745,599,16940,0
01:25:49:817,120000447,214802418,601,16941,0
01:25:50:017,120000457,214802268,598,16940,0
01:25:50:217,120000451,214802217,601,16937,0
01:25:50:417,120000449,214800324,602,16930,0
01:25:50:617,120000439,214804395,599,16939,0
01:25:50:817,120000450,214799880,601,16933,0
01:25:51:017,120000455,214804861,598,16943,0
01:25:51:217,120000436,214799986,601,16932,0
01:25:51:417,120000438,214804252,598,16944,0
01:25:51:617,120000450,214799711,602,16940,0
01:25:51:817,120000439,214801949,601,16944,0
01:25:52:017,120000445,214803198,598,16933,0
01:25:52:217,120000443,214801988,601,16939,0
01:25:52:417,120000448,214802232,598,16936,0
01:25:52:617,120000438,214801742,601,16942,0
01:25:52:817,120000451,214799993,601,16928,0
01:25:53:017,120000446,214804588,598,16946,0
01:25:53:217,120000438,214800116,601,16934,0
01:25:53:417,120000441,214804585,598,16937,0
01:25:53:617,120000439,214800033,601,16938,0
01:25:53:817,120000457,214801567,601,16945,0
01:25:54:017,120000444,214803268,598,16938,0
01:25:54:217,120000477,214801548,602,16940,0
01:25:54:417,120000445,214802612,598,16937,0
01:25:54:617,120000454,214802056,601,16927,0
01:25:54:817,120000440,214799928,601,16935,0
01:25:55:017,120000436,214804852,599,16937,0
01:25:55:217,120000454,214799779,601,16941,0
01:25:55:417,120000446,214804800,598,16936,0
01:25:55:617,120000450,214800295,601,16935,0
01:25:55:817,120000432,214804487,598,16938,0
01:25:56:017,120000437,214799794,601,16935,0
01:25:56:217,120000445,214801846,601,16935,0
01:25:56:417,120000435,214802995,598,16933,0
01:25:56:617,120000444,214801780,601,16942,0
01:25:56:817,120000449,214803093,598,16940,0
01:25:57:017,120000461,214801955,602,16936,0
01:25:57:217,120000444,214800206,601,16932,0
01:25:57:417,120000451,214804887,598,16945,0
01:25:57:617,120000442,214799847,601,16944,0
01:25:57:817,120000447,214804712,598,16937,0
01:25:58:017,120000458,214800225,601,16934,0
01:25:58:217,120000450,214801924,601,16933,0
01:25:58:417,120000451,214802670,598,16942,0
01:25:58:617,120000445,214801914,602,16944,0
01:25:58:817,120000453,214803357,598,16935,0
01:25:59:017,120000452,214801867,602,16935,0
01:25:59:217,120000441,214800115,601,16936,0
01:25:59:417,120000454,214804472,598,16940,0
01:25:59:617,120000455,214800100,601,16935,0
01:25:59:817,120000444,214805149,598,16942,0
01:26:00:017,120000445,214800156,601,16930,0
01:26:00:217,120000453,214804786,598,16938,0
01:26:00:417,120000448,214800429,601,16938,0
01:26:00:617,120000447,214801939,601,16937,0
01:26:00:817,120000435,214802642,598,16946,0
01:26:01:017,120000453,214801766,601,16945,0
01:26:01:217,120000452,214802861,598,16938,0
01:26:01:417,120000438,214802432,601,16934,0
01:26:01:617,120000448,214800100,602,16936,0
01:26:01:817,120000447,214804566,598,16938,0
01:26:02:017,120000451,214799733,601,16941,0
01:26:02:217,120000447,214804741,598,16942,0
01:26:02:417,120000451,214800144,601,16932,0
01:26:02:617,120000455,214802212,601,16934,0
01:26:02:817,120000438,214802774,598,16937,0
01:26:03:017,120000446,214802321,601,16940,0
01:26:03:617,120000469,265133903,403,157,0
01:26:03:617,120000469,265133903,403,157,0
01:26:03:817,120000459,248093055,476,5826,0
01:26:04:017,120000443,214801482,601,16935,0
01:26:04:217,120000447,214803225,598,16944,0
01:26:04:417,120000439,214800875,602,16936,0
01:26:04:617,120000450,214803603,598,16935,0
01:26:04:817,120000471,214801260,601,16937,0
01:26:05:017,120000437,214800179,601,16944,0
01:26:05:217,120000434,214804389,598,16946,0
01:26:05:417,120000445,214800736,602,16935,0
01:26:05:617,120000463,214803912,599,16937,0
01:26:05:817,120000450,214800485,601,16938,0
01:26:06:017,120000443,214801520,601,16940,0
01:26:06:417,120000449,214801704,601,16934,0
01:26:06:617,120000439,214803807,598,16942,0
01:26:06:817,120000434,214800927,601,16938,0
01:26:07:017,120000445,214800393,601,16945,0
01:26:07:217,120000454,214804174,598,16949,0
01:26:07:417,120000439,214800144,601,16941,0
01:26:07:617,120000450,214804405,598,16934,0
01:26:07:817,120000442,214800017,602,16935,0
01:26:08:017,120000521,214802815,598,16938,0
01:26:08:217,120000452,214802584,603,16945,0
01:26:08:417,120000447,214801223,601,16943,0
01:26:08:617,120000446,214803782,598,16940,0
01:26:08:817,120000443,214800753,601,16934,0
01:26:09:017,120000451,214804077,598,16946,0
01:26:09:217,120000458,214800908,601,16943,0
01:26:09:417,120000458,214800554,601,16937,0
01:26:09:617,120000452,214804459,598,16938,0
01:26:09:817,120000453,214800689,601,16941,0
01:26:10:017,120000440,214803877,598,16937,0
01:26:10:217,120000441,214801238,601,16939,0
01:26:10:417,120000449,214801046,601,16935,0
01:26:10:617,120000451,214803695,598,16946,0
01:26:10:817,120000452,214801371,601,16936,0
01:26:11:017,120000444,214803480,598,16952,0
01:26:11:217,120000443,214800944,601,16946,0
01:26:11:417,120000443,214800187,601,16937,0
01:26:11:617,120000454,214804248,598,16937,0
01:26:11:817,120000439,214801091,601,16938,0
01:26:12:017,120000442,214804041,598,16939,0
01:26:12:217,120000438,214801065,601,16939,0
01:26:12:417,120000444,214804004,598,16937,0
01:26:12:617,120000444,214801474,602,16938,0
01:26:12:817,120000443,214800941,602,16935,0
01:26:13:017,120000435,214803991,598,16936,0
01:26:13:217,120000445,214800684,601,16938,0
01:26:13:417,120000441,214804177,598,16944,0
01:26:13:617,120000448,214800657,601,16931,0
01:26:13:817,120000452,214800328,601,16933,0
01:26:14:017,120000441,214804115,598,16940,0
01:26:14:217,120000454,214801484,601,16936,0
01:26:14:417,120000455,214803603,598,16940,0
01:26:14:617,120000452,214801234,601,16940,0
01:26:14:817,120000452,214800401,601,16946,0
01:26:15:017,120000455,214804223,598,16945,0
01:26:15:217,120000447,214800748,601,16942,0
01:26:15:417,120000446,214804173,598,16939,0
01:26:15:617,120000451,214800270,601,16940,0
01:26:15:817,120000448,214800786,601,16936,0
01:26:16:017,120000434,214803948,599,16937,0
01:26:16:217,120000440,214801149,601,16944,0
01:26:16:417,120000449,214803724,599,16941,0
01:26:16:617,120000451,214801502,602,16943,0
01:26:16:817,120000445,214803379,598,16934,0
01:26:17:017,120000442,214801069,601,16947,0
01:26:17:217,120000437,214800442,602,16943,0
01:26:17:417,120000449,214804576,598,16936,0
01:26:17:617,120000432,214800664,601,16940,0
01:26:17:817,120000445,214804739,598,16936,0
01:26:18:017,120000454,214800195,601,16935,0
01:26:18:217,120000450,214801321,601,16937,0
01:26:18:417,120000443,214803229,598,16933,0
01:26:18:617,120000446,214801612,601,16935,0
01:26:19:017,120000472,265134164,404,168,0
01:26:19:217,120000456,256544687,445,3016,0
01:26:19:417,120000439,214804641,600,16932,0
01:26:19:617,120000438,214799667,601,16949,0
01:26:19:817,120000431,214804910,598,16937,0
01:26:20:017,120000450,214799864,601,16942,0
01:26:20:217,120000442,214801978,601,16941,0
01:26:20:417,120000455,214802641,598,16936,0
01:26:20:617,120000440,214801696,601,16944,0
01:26:20:817,120000437,214802564,599,16938,0
01:26:21:017,120000462,214801899,601,16931,0
01:26:21:217,120000433,214802644,599,16929,0
01:26:21:417,120000454,214801979,601,16935,0
01:26:21:617,120000456,214799659,601,16943,0
01:26:21:817,120000458,214804601,599,16935,0
01:26:22:017,120000455,214799658,602,16940,0
01:26:22:217,120000442,214804169,599,16943,0
01:26:22:417,120000448,214800073,601,16933,0
01:26:22:617,120000462,214801748,601,16940,0
01:26:22:817,120000446,214803050,598,16934,0
01:26:23:017,120000455,214801965,601,16935,0
01:26:23:217,120000458,214802183,598,16952,0
01:26:23:417,120000430,214802108,602,16938,0
01:26:23:617,120000451,214800001,601,16938,0
01:26:23:817,120000449,214804510,598,16944,0
01:26:24:017,120000438,214800218,601,16932,0
01:26:24:217,120000460,214804484,598,16942,0
01:26:24:417,120000459,214800261,601,16944,0
01:26:24:617,120000456,214801784,601,16938,0
01:26:24:817,120000436,214802703,600,16946,0
01:26:25:017,120000457,214801535,601,16933,0
01:26:25:217,120000449,214803381,598,16933,0
01:26:25:417,120000449,214801615,601,16939,0
01:26:25:617,120000461,214802969,598,16944,0
01:26:25:817,120000453,214801535,601,16945,0
01:26:26:017,120000448,214800460,601,16933,0
01:26:26:217,120000445,214804368,598,16941,0
01:26:26:417,120000460,214800340,601,16932,0
01:26:26:617,120000459,214804718,598,16936,0
01:26:26:817,120000451,214800292,601,16936,0
01:26:27:017,120000456,214801343,601,16940,0
01:26:27:217,120000445,214803353,598,16937,0
01:26:27:417,120000452,214801917,601,16930,0
01:26:27:617,120000445,214802654,598,16940,0
01:26:27:817,120000445,214801367,602,16946,0
01:26:28:017,120000447,214800414,601,16940,0
01:26:28:217,120000448,214804946,598,16936,0
01:26:28:417,120000449,214799729,601,16941,0
01:26:28:617,120000464,214804559,598,16941,0
01:26:28:817,120000465,214799907,601,16941,0
01:26:29:017,120000921,214804544,598,16946,0
01:26:29:217,120000449,214801374,603,16932,0
01:26:29:417,120000452,214802417,601,16933,0
01:26:29:617,120000441,214802646,598,16938,0
01:26:29:817,120000451,214801705,601,16944,0
01:26:30:017,120000452,214802517,598,16936,0
01:26:30:217,120000438,214801917,601,16932,0
01:26:30:417,120000449,214799404,601,16951,0
01:26:30:617,120000448,214804717,598,16939,0
01:26:30:817,120000436,214800315,601,16937,0
01:26:31:017,120000447,214804628,598,16942,0
01:26:31:217,120000439,214799862,601,16935,0
01:26:31:417,120000440,214801563,601,16941,0
01:26:31:617,120000440,214802876,598,16945,0
01:26:31:817,120000444,214801932,601,16943,0
01:26:32:017,120000441,214802628,598,16947,0
01:26:32:217,120000460,214802254,601,16935,0
01:26:32:417,120000449,214799946,601,16945,0
01:26:32:617,120000447,214804929,598,16939,0
01:26:32:817,120000446,214799797,601,16942,0
01:26:33:017,120000443,214804969,598,16947,0
01:26:33:217,120000454,214799884,601,16939,0
01:26:33:417,120000444,214804895,598,16943,0
01:26:33:617,120000457,214799983,602,16935,0
01:26:33:817,120000458,214802377,601,16934,0
01:26:34:017,120000452,214802778,598,16938,0
01:26:34:417,120000481,265141537,402,166,0
01:26:34:617,120000488,265001122,411,196,0
01:26:34:817,120000436,214801003,600,16932,0
01:26:35:017,120000451,214804015,598,16943,0
01:26:35:217,120000446,214800713,601,16931,0
01:26:35:417,120000450,214804201,598,16938,0
01:26:35:617,120000451,214801614,601,16942,0
01:26:35:817,120000461,214801075,601,16936,0
01:26:36:017,120000446,214804138,598,16936,0
01:26:36:217,120000443,214800519,602,16934,0
01:26:36:417,120000455,214803626,599,16935,0
01:26:36:617,120000455,214800919,601,16930,0
01:26:36:817,120000453,214800885,602,16937,0
01:26:37:017,120000432,214804110,598,16938,0
01:26:37:217,120000457,214801379,601,16940,0
01:26:37:417,120000442,214803517,598,16942,0
01:26:37:617,120000443,214801548,602,16941,0
01:26:37:817,120000438,214803487,598,16936,0
01:26:38:017,120000439,214801195,601,16944,0
01:26:38:217,120000446,214800922,601,16930,0
01:26:38:417,120000446,214803751,599,16938,0
01:26:38:617,120000435,214800899,601,16940,0
01:26:38:817,120000437,214804698,598,16941,0
01:26:39:017,120000440,214800551,601,16932,0
01:26:39:217,120000442,214801729,602,16936,0
01:26:39:417,120000445,214803226,599,16934,0
01:26:39:617,120000447,214802142,601,16944,0
01:26:39:817,120000443,214803536,598,16934,0
01:26:40:017,120000435,214801585,601,16935,0
01:26:40:217,120000431,214800448,601,16933,0
01:26:40:417,120000453,214804655,598,16941,0
01:26:40:617,120000455,214800027,601,16940,0
01:26:40:817,120000444,214804871,598,16938,0
01:26:41:017,120000449,214800185,601,16936,0
01:26:41:217,120000443,214801846,601,16931,0
01:26:41:417,120000448,214803033,598,16934,0
01:26:41:617,120000436,214801646,601,16934,0
01:26:41:817,120000434,214803119,598,16936,0
01:26:42:017,120000442,214801890,601,16936,0
01:26:42:217,120000451,214802769,599,16942,0
01:26:42:417,120000455,214802271,602,16937,0
01:26:42:617,120000445,214799843,601,16938,0
01:26:42:817,120000436,214804692,598,16940,0
01:26:43:017,120000446,214799868,601,16937,0
01:26:43:217,120000441,214805011,598,16936,0
01:26:43:417,120000428,214799931,601,16942,0
01:26:43:617,120000437,214802363,602,16938,0
01:26:43:817,120000436,214802756,598,16937,0
01:26:44:017,120000449,214801612,601,16947,0
01:26:44:217,120000438,214802953,598,16936,0
01:26:44:417,120000436,214802278,601,16941,0
01:26:44:617,120000441,214800178,601,16936,0
01:26:44:817,120000450,214804793,598,16933,0
01:26:45:017,120000447,214799504,601,16944,0
01:26:45:217,120000446,214804765,598,16936,0
01:26:45:417,120000446,214799371,603,16935,0
01:26:45:617,120000446,214801263,601,16946,0
01:26:45:817,120000440,214803562,600,16940,0
01:26:46:017,120000451,214802115,601,16935,0
01:26:46:217,120000441,214803043,598,16944,0
01:26:46:417,120000451,214802232,601,16936,0
01:26:46:617,120000442,214802440,599,16940,0
01:26:46:817,120000447,214802284,602,16942,0
01:26:47:017,120000458,214799582,601,16936,0
01:26:47:217,120000455,214804159,598,16935,0
01:26:47:417,120000449,214799585,601,16944,0
01:26:47:617,120000441,214804849,598,16937,0
01:26:47:817,120000438,214799877,601,16936,0
01:26:48:017,120000442,214801831,602,16935,0
01:26:48:217,120000438,214803072,598,16933,0
01:26:48:417,120000450,214801538,601,16936,0
01:26:48:617,120000447,214802944,598,16937,0
01:26:48:817,120000446,214801981,601,16937,0
01:26:49:017,120000451,214800388,601,16942,0
01:26:49:217,120000455,214804666,598,16940,0
01:26:49:417,120000447,214799526,601,16944,0
01:26:50:017,120000456,265141547,401,155,0
01:26:50:017,120000456,265141547,401,155,0
01:26:50:217,120000456,222871446,578,14240,0
01:26:50:417,120000450,214800403,601,16932,0
01:26:50:617,120000455,214804543,598,16933,0
01:26:50:817,120000449,214799723,601,16937,0
01:26:51:017,120000436,214804435,598,16936,0
01:26:51:217,120000450,214799640,601,16938,0
01:26:51:417,120000447,214801095,601,16947,0
01:26:51:617,120000448,214803088,599,16936,0
01:26:51:817,120000456,214801671,601,16943,0
01:26:52:017,120000453,214803142,598,16941,0
01:26:52:217,120000458,214801665,601,16933,0
01:26:52:417,120000449,214800076,602,16940,0
01:26:52:617,120000447,214804603,598,16944,0
01:26:52:817,120000445,214799943,601,16937,0
01:26:53:017,120000460,214804423,598,16933,0
01:26:53:217,120000465,214800467,601,16937,0
01:26:53:417,120000461,214801003,601,16944,0
01:26:53:617,120000444,214803416,598,16935,0
01:26:53:817,120000441,214801450,601,16937,0
01:26:54:017,120000433,214802972,598,16937,0
01:26:54:217,120000457,214800506,601,16945,0
01:26:54:417,120000437,214803522,598,16941,0
01:26:54:617,120000442,214801467,601,16934,0
01:26:54:817,120000441,214800728,601,16931,0
01:26:55:017,120000431,214804067,598,16940,0
01:26:55:217,120000444,214800438,601,16946,0
01:26:55:417,120000433,214804169,598,16937,0
01:26:55:617,120000450,214800098,601,16941,0
01:26:55:817,120000450,214800692,602,16931,0
01:26:56:017,120000451,214803583,598,16942,0
01:26:56:217,120000458,214800988,601,16938,0
01:26:56:417,120000444,214803964,599,16939,0
01:26:56:617,120000449,214801429,601,16938,0
01:26:56:817,120000432,214800708,601,16945,0
01:26:57:017,120000445,214804440,598,16929,0
01:26:57:217,120000440,214800371,601,16941,0
01:26:57:417,120000441,214804933,598,16936,0
01:26:57:617,120000447,214800376,601,16934,0
01:26:57:817,120000445,214800565,601,16948,0
01:26:58:017,120000447,214803885,598,16936,0
01:26:58:217,120000442,214801148,601,16941,0
01:26:58:417,120000454,214803377,598,16933,0
01:26:58:617,120000442,214801549,601,16938,0
01:26:58:817,120000450,214803316,598,16938,0
01:26:59:017,120000442,214801408,601,16943,0
01:26:59:217,120000481,214800713,601,16932,0
01:26:59:417,120000455,214804969,598,16933,0
01:26:59:617,120000455,214800632,601,16936,0
01:26:59:817,120000444,214804910,598,16937,0
01:27:00:017,120000438,214800233,601,16932,0
01:27:00:217,120000450,214801181,601,16937,0
01:27:00:417,120000450,214803718,598,16940,0
01:27:00:617,120000444,214802260,601,16940,0
01:27:00:817,120000438,214802689,598,16936,0
01:27:01:017,120000447,214801527,601,16946,0
01:27:01:217,120000455,214800569,601,16931,0
01:27:01:417,120000455,214804847,598,16939,0
01:27:01:617,120000455,214799971,601,16937,0
01:27:01:817,120000458,214805402,598,16934,0
01:27:02:017,120000449,214800022,601,16936,0
01:27:02:217,120000444,214801650,601,16934,0
01:27:02:417,120000440,214802916,599,16942,0
01:27:02:617,120000460,214801570,601,16942,0
01:27:02:817,120000446,214802796,598,16937,0
01:27:03:017,120000444,214801952,601,16945,0
01:27:03:217,120000451,214802715,598,16941,0
01:27:03:417,120000447,214802116,601,16944,0
01:27:03:617,120000438,214799831,601,16937,0
01:27:03:817,120000437,214804870,598,16940,0
01:27:04:017,120000447,214800599,601,16932,0
01:27:04:217,120000449,214804721,598,16939,0
01:27:04:417,120000441,214800391,601,16937,0
01:27:04:617,120000454,214802408,601,16935,0
01:27:04:817,120000442,214802741,598,16929,0
01:27:05:417,120000456,265134238,403,151,0
01:27:05:417,120000456,265134238,403,151,0
01:27:05:617,120000449,231330037,545,11422,0
01:27:05:817,120000447,214804676,598,16935,0
01:27:06:017,120000444,214800830,601,16935,0
01:27:06:217,120000447,214804158,599,16945,0
01:27:06:417,120000449,214800950,601,16934,0
01:27:06:617,120000596,214803067,599,16938,0
01:27:06:817,120000441,214802319,603,16936,0
01:27:07:017,120000428,214800593,601,16941,0
01:27:07:217,120000461,214804152,598,16942,0
01:27:07:417,120000437,214800918,601,16932,0
01:27:07:617,120000442,214803726,598,16938,0
01:27:07:817,120000448,214800659,601,16939,0
01:27:08:017,120000450,214801162,601,16932,0
01:27:08:217,120000435,214804097,598,16940,0
01:27:08:417,120000437,214801043,601,16937,0
01:27:08:617,120000457,214803682,598,16944,0
01:27:08:817,120000450,214801257,601,16932,0
01:27:09:017,120000448,214800882,602,16935,0
01:27:09:217,120000445,214804031,598,16945,0
01:27:09:417,120000447,214800943,601,16936,0
01:27:09:617,120000447,214803902,598,16941,0
01:27:09:817,120000438,214800209,601,16941,0
01:27:10:017,120000442,214800487,601,16940,0
01:27:10:217,120000438,214803772,598,16948,0
01:27:10:417,120000447,214800907,601,16940,0
01:27:10:617,120000455,214803526,598,16930,0
01:27:10:817,120000455,214801025,601,16937,0
01:27:11:017,120000439,214803796,598,16938,0
01:27:11:217,120000448,214800728,601,16944,0
01:27:11:417,120000435,214801283,601,16933,0
01:27:11:617,120000431,214803376,598,16933,0
01:27:11:817,120000444,214800898,601,16937,0
01:27:12:017,120000452,214803646,599,16939,0
01:27:12:217,120000455,214800083,601,16941,0
01:27:12:417,120000450,214800288,601,16936,0
01:27:12:617,120000451,214804384,598,16930,0
01:27:12:817,120000450,214800466,602,16939,0
01:27:13:017,120000440,214804508,598,16938,0
01:27:13:217,120000441,214801245,601,16936,0
01:27:13:417,120000436,214800951,602,16936,0
01:27:13:617,120000460,214803749,599,16936,0
01:27:13:817,120000439,214801306,601,16942,0
01:27:14:017,120000431,214803757,598,16934,0
01:27:14:217,120000444,214801223,601,16934,0
01:27:14:417,120000444,214800850,601,16933,0
01:27:14:617,120000440,214803654,599,16937,0
01:27:14:817,120000449,214800330,601,16943,0
01:27:15:017,120000438,214804067,598,16941,0
01:27:15:217,120000450,214800630,602,16942,0
01:27:15:417,120000436,214803982,598,16930,0
01:27:15:617,120000442,214800948,601,16935,0
01:27:15:817,120000454,214801504,601,16938,0
01:27:16:017,120000450,214804108,598,16936,0
01:27:16:217,120000438,214800752,601,16930,0
01:27:16:417,120000439,214804360,598,16943,0
01:27:16:617,120000443,214800644,602,16946,0
01:27:16:817,120000457,214800293,601,16943,0
01:27:17:017,120000452,214804159,598,16938,0
01:27:17:217,120000442,214800905,601,16935,0
01:27:17:417,120000447,214803934,598,16937,0
01:27:17:617,120000455,214801085,601,16931,0
01:27:17:817,120000442,214801064,602,16934,0
01:27:18:017,120000434,214803612,598,16935,0
01:27:18:217,120000447,214801208,602,16944,0
01:27:18:417,120000445,214803722,598,16942,0
01:27:18:617,120000441,214800773,601,16938,0
01:27:18:817,120000452,214800798,602,16940,0
01:27:19:017,120000444,214803741,598,16938,0
01:27:19:217,120000449,214800452,601,16939,0
01:27:19:417,120000435,214804318,598,16932,0
01:27:19:617,120000450,214801273,601,16940,0
01:27:19:817,120000447,214803161,598,16956,0
01:27:20:017,120000446,214800624,601,16934,0
01:27:20:217,120000436,214801126,601,16934,0
01:27:20:817,120000461,265141738,401,162,0
01:27:20:817,120000461,265141738,401,162,0
01:27:21:017,120000450,239785231,511,8607,0
01:27:21:217,120000446,214801978,601,16929,0
01:27:21:417,120000452,214803339,598,16937,0
01:27:21:617,120000436,214801879,601,16944,0
01:27:21:817,120000444,214802978,598,16936,0
01:27:22:017,120000440,214802432,601,16932,0
01:27:22:217,120000453,214799979,601,16948,0
01:27:22:417,120000456,214804727,598,16942,0
01:27:22:617,120000452,214800032,601,16930,0
01:27:22:817,120000428,214804435,599,16941,0
01:27:23:017,120000450,214800275,601,16941,0
01:27:23:217,120000460,214802234,601,16936,0
01:27:23:417,120000450,214802703,599,16942,0
01:27:23:617,120000456,214801963,601,16939,0
01:27:23:817,120000451,214802627,598,16932,0
01:27:24:017,120000458,214801830,601,16939,0
01:27:24:217,120000455,214802843,598,16934,0
01:27:24:417,120000439,214801660,602,16947,0
01:27:24:617,120000439,214799498,601,16941,0
01:27:24:817,120000457,214804598,598,16931,0
01:27:25:017,120000439,214799815,601,16935,0
01:27:25:217,120000442,214804865,598,16931,0
01:27:25:417,120000454,214800081,601,16939,0
01:27:25:617,120000447,214801695,601,16940,0
01:27:25:817,120000432,214802812,598,16942,0
01:27:26:017,120000448,214801346,601,16935,0
01:27:26:217,120000445,214803189,599,16932,0
01:27:26:417,120000439,214802166,601,16940,0
01:27:26:617,120000441,214799875,601,16941,0
01:27:26:817,120000444,214804413,598,16939,0
01:27:27:017,120000445,214800199,601,16944,0
01:27:27:217,120000449,214804555,598,16935,0
01:27:27:417,120000449,214800072,601,16941,0
01:27:27:617,120000444,214804963,598,16944,0
01:27:27:817,120000454,214799761,602,16937,0
01:27:28:017,120000445,214801433,601,16941,0
01:27:28:217,120000442,214803388,598,16928,0
01:27:28:417,120000440,214801678,601,16940,0
01:27:28:617,120000440,214803133,598,16941,0
01:27:28:817,120000446,214802264,601,16933,0
01:27:29:017,120000438,214799794,603,16936,0
01:27:29:217,120000442,214804596,598,16936,0
01:27:29:417,120000443,214799585,601,16946,0
01:27:29:617,120000454,214804199,598,16935,0
01:27:29:817,120000447,214800027,601,16941,0
01:27:30:017,120000449,214800655,601,16942,0
01:27:30:217,120000443,214803499,598,16946,0
01:27:30:417,120000435,214801212,601,16937,0
01:27:30:617,120000442,214803553,598,16930,0
01:27:30:817,120000438,214800942,601,16941,0
01:27:31:017,120000450,214800716,601,16935,0
01:27:31:217,120000450,214804703,599,16936,0
01:27:31:417,120000440,214800338,601,16937,0
01:27:31:617,120000438,214803953,598,16943,0
01:27:31:817,120000442,214800039,601,16940,0
01:27:32:017,120000454,214804571,598,16940,0
01:27:32:217,120000455,214800201,601,16932,0
01:27:32:417,120000452,214801474,601,16929,0
01:27:32:617,120000446,214803168,598,16935,0
01:27:32:817,120000458,214801260,601,16930,0
01:27:33:017,120000455,214803410,598,16935,0
01:27:33:217,120000447,214801993,601,16940,0
01:27:33:417,120000435,214800266,601,16937,0
01:27:33:617,120000440,214804397,598,16944,0
01:27:33:817,120000444,214800377,601,16935,0
01:27:34:017,120000434,214805076,598,16937,0
01:27:34:217,120000448,214799837,601,16942,0
01:27:34:417,120000449,214801207,601,16938,0
01:27:34:617,120000432,214803600,598,16935,0
01:27:34:817,120000445,214801444,601,16940,0
01:27:35:017,120000451,214803766,598,16936,0
01:27:35:217,120000450,214801809,601,16942,0
01:27:35:417,120000429,214800309,601,16943,0
01:27:35:617,120000453,214805043,598,16929,0
01:27:36:217,120000472,265134090,403,157,0
01:27:36:217,120000472,265134090,403,157,0
01:27:36:417,120000456,248249987,475,5781,0
01:27:36:617,120000443,214800127,602,16927,0
01:27:36:817,120000435,214801715,601,16932,0
01:27:37:017,120000442,214803054,598,16945,0
01:27:37:217,120000448,214801697,601,16929,0
01:27:37:417,120000451,214802846,598,16941,0
01:27:37:617,120000439,214801413,602,16935,0
01:27:37:817,120000450,214800182,601,16937,0
01:27:38:017,120000451,214804782,598,16941,0
01:27:38:217,120000451,214800369,601,16943,0
01:27:38:417,120000450,214804765,598,16937,0
01:27:38:617,120000456,214800446,601,16935,0
01:27:39:017,120000464,214802839,598,16936,0
01:27:39:217,120000459,214801713,601,16938,0
01:27:39:417,120000451,214803334,598,16936,0
01:27:39:617,120000461,214801434,601,16939,0
01:27:39:817,120000456,214799885,600,16941,0
01:27:40:017,120000452,214804513,600,16942,0
01:27:40:217,120000449,214800539,601,16932,0
01:27:40:417,120000452,214804381,598,16940,0
01:27:40:617,120000457,214799998,601,16934,0
01:27:40:817,120000447,214804616,598,16930,0
01:27:41:017,120000447,214800448,601,16936,0
01:27:41:217,120000453,214802179,601,16933,0
01:27:41:417,120000438,214803337,599,16945,0
01:27:41:617,120000437,214800875,601,16934,0
01:27:41:817,120000442,214802617,598,16945,0
01:27:42:017,120000435,214801869,601,16934,0
01:27:42:217,120000431,214799573,601,16942,0
01:27:42:417,120000442,214804782,598,16941,0
01:27:42:617,120000441,214800133,601,16935,0
01:27:42:817,120000434,214804616,598,16940,0
01:27:43:017,120000439,214800034,601,16937,0
01:27:43:217,120000448,214801992,602,16932,0
01:27:43:417,120000444,214803239,598,16935,0
01:27:43:617,120000448,214801274,601,16941,0
01:27:43:817,120000453,214803295,598,16942,0
01:27:44:017,120000437,214801669,602,16935,0
01:27:44:217,120000449,214799953,600,16942,0
01:27:44:417,120000451,214804602,600,16938,0
01:27:44:617,120000453,214800472,601,16939,0
01:27:44:817,120000445,214804479,599,16938,0
01:27:45:017,120000444,214800081,601,16946,0
01:27:45:217,120000432,214804469,598,16933,0
01:27:45:417,120000445,214800437,601,16934,0
01:27:45:617,120000445,214801313,601,16930,0
01:27:45:817,120000436,214803146,598,16942,0
01:27:46:017,120000445,214801766,601,16936,0
01:27:46:217,120000453,214803300,598,16944,0
01:27:46:417,120000442,214801763,601,16938,0
01:27:46:617,120000452,214799595,602,16939,0
01:27:46:817,120000455,214804719,598,16936,0
01:27:47:017,120000449,214799650,601,16943,0
01:27:47:217,120000452,214804257,598,16948,0
01:27:47:417,120000455,214800039,601,16934,0
01:27:47:617,120000447,214802124,601,16945,0
01:27:47:817,120000446,214803164,598,16935,0
01:27:48:017,120000446,214801599,602,16941,0
01:27:48:217,120000438,214802607,598,16943,0
01:27:48:417,120000444,214801447,602,16941,0
01:27:48:617,120000444,214803470,598,16945,0
01:27:48:817,120000432,214801263,602,16939,0
01:27:49:017,120000442,214799923,601,16934,0
01:27:49:217,120000438,214804520,598,16941,0
01:27:49:417,120000450,214799680,601,16936,0
01:27:49:617,120000439,214804307,598,16947,0
01:27:49:817,120000442,214800004,601,16938,0
01:27:50:017,120000451,214802349,601,16937,0
01:27:50:217,120000450,214802303,598,16936,0
01:27:50:417,120000445,214802131,601,16941,0
01:27:50:617,120000447,214803111,598,16944,0
01:27:50:817,120000451,214801562,601,16945,0
01:27:51:017,120000452,214800223,601,16936,0
01:27:51:217,120000430,214804666,598,16934,0
01:27:51:617,120000479,265141324,402,163,0
01:27:51:817,120000448,256449847,445,3049,0
01:27:52:017,120000447,214800671,601,16934,0
01:27:52:217,120000436,214804036,598,16933,0
01:27:52:417,120000434,214801359,601,16941,0
01:27:52:617,120000444,214803824,599,16939,0
01:27:52:817,120000444,214801605,601,16933,0
01:27:53:017,120000450,214803574,599,16935,0
01:27:53:217,120000461,214801427,601,16935,0
01:27:53:417,120000452,214799761,601,16942,0
01:27:53:617,120000462,214804134,598,16945,0
01:27:53:817,120000448,214800733,601,16930,0
01:27:54:017,120000441,214804548,598,16938,0
01:27:54:217,120000446,214800156,601,16936,0
01:27:54:417,120000435,214801214,601,16944,0
01:27:54:617,120000450,214803916,598,16936,0
01:27:54:817,120000450,214801444,601,16942,0
01:27:55:017,120000448,214803018,598,16938,0
01:27:55:217,120000444,214801246,601,16934,0
01:27:55:417,120000442,214800917,601,16934,0
01:27:55:617,120000447,214804471,598,16934,0
01:27:55:817,120000435,214800693,601,16932,0
01:27:56:017,120000436,214805339,598,16937,0
01:27:56:217,120000438,214800131,601,16939,0
01:27:56:417,120000448,214801558,601,16934,0
01:27:56:617,120000440,214802858,598,16941,0
01:27:56:817,120000457,214801526,601,16934,0
01:27:57:017,120000439,214803312,598,16933,0
01:27:57:217,120000447,214801677,601,16942,0
01:27:57:417,120000442,214803287,598,16940,0
01:27:57:617,120000454,214801878,601,16943,0
01:27:57:817,120000446,214799596,601,16936,0
01:27:58:017,120000453,214804230,598,16935,0
01:27:58:217,120000440,214800220,601,16934,0
01:27:58:417,120000460,214804662,598,16948,0
01:27:58:617,120000436,214800044,601,16929,0
01:27:58:817,120000431,214801475,601,16930,0
01:27:59:017,120000440,214803266,598,16944,0
01:27:59:217,120000454,214801528,601,16936,0
01:27:59:417,120000434,214803175,598,16939,0
01:27:59:617,120000437,214801934,601,16939,0
01:27:59:817,120000450,214800419,601,16943,0
01:28:00:017,120000458,214805128,598,16931,0
01:28:00:217,120000433,214799862,601,16944,0
01:28:00:417,120000453,214804570,599,16937,0
01:28:00:618,120000455,214800062,601,16935,0
01:28:00:818,120000458,214800966,602,16941,0
01:28:01:018,120000452,214803564,598,16938,0
01:28:01:218,120000449,214801467,601,16941,0
01:28:01:418,120000444,214803252,599,16937,0
01:28:01:618,120000438,214801856,601,16941,0
01:28:01:818,120000434,214802711,599,16935,0
01:28:02:018,120000450,214802073,601,16939,0
01:28:02:218,120000450,214800053,601,16937,0
01:28:02:418,120000438,214804640,598,16938,0
01:28:02:618,120000436,214800315,601,16940,0
01:28:02:818,120000452,214804566,598,16947,0
01:28:03:018,120000437,214799954,601,16940,0
01:28:03:218,120000460,214801711,601,16938,0
01:28:03:418,120000444,214802940,598,16947,0
01:28:03:618,120000454,214801690,601,16937,0
01:28:03:818,120000449,214803250,598,16939,0
01:28:04:018,120000436,214801925,601,16936,0
01:28:04:218,120000447,214800577,601,16935,0
01:28:04:418,120000455,214804773,598,16938,0
01:28:04:618,120000458,214800344,601,16936,0
01:28:04:818,120000452,214805180,598,16936,0
01:28:05:018,120000441,214799858,601,16935,0
01:28:05:218,120000446,214801966,601,16936,0
01:28:05:418,120000439,214802788,599,16941,0
01:28:05:618,120000458,214802030,601,16937,0
01:28:05:818,120000450,214802483,598,16939,0
01:28:06:018,120000450,214802135,601,16927,0
01:28:06:218,120000572,224895808,58705,59644,0
01:28:06:418,120000583,236892898,99191,90070,0
01:28:06:618,120000643,236838920,99399,90348,0
01:28:06:818,120000546,236835229,99218,90534,0
01:28:07:018,120000567,236878909,99710,90014,0
01:28:07:218,120000543,236822929,99967,90115,0
01:28:07:418,120000590,236855349,99374,90106,0
01:28:07:618,120000562,236893078,99628,89974,0
01:28:07:818,120000574,236825190,99821,90246,0
01:28:08:018,120000490,236840670,99863,89954,0
01:28:08:218,120000573,236902785,99591,89989,0
01:28:08:418,120000484,236813374,100076,90115,0
01:28:08:618,120000573,236847474,99668,90035,0
01:28:08:818,120000514,236893067,99600,89999,0
01:28:09:018,120000571,236834286,100162,90055,0
01:28:09:218,120000447,236848201,99340,90109,0
01:28:09:418,120000574,236878600,100196,90130,0
01:28:09:618,120000566,236817489,100026,90308,0
01:28:09:818,120000566,236839139,99948,90093,0
01:28:10:018,120000563,236881163,99988,90039,0
01:28:10:218,120000565,236863038,98884,90117,0
01:28:10:418,120000584,236828925,99685,90100,0
01:28:10:618,120000578,236918160,99000,90051,0
01:28:10:818,120000578,236811319,100061,90100,0
01:28:11:018,120000548,236819258,100356,90075,0
01:28:11:218,120000561,236905251,99278,90049,0
01:28:11:418,120000542,236828584,99757,90115,0
01:28:11:618,120000563,236851103,99543,90104,0
01:28:11:818,120000533,236908268,99453,90022,0
01:28:12:018,120000575,236835972,99758,90059,0
01:28:12:218,120000453,236857103,99578,89991,0
01:28:12:418,120000568,236877308,100180,90165,0
01:28:12:618,120000440,236815188,99339,90487,0
01:28:12:818,120000560,236802380,100192,90545,0
01:28:13:018,120000475,236891252,99587,90255,0
01:28:13:218,120000580,236845742,99683,90040,0
01:28:13:418,120000572,236820126,100042,90101,0
01:28:13:618,120000569,236904268,99255,90059,0
01:28:13:818,120000579,236839501,99995,90100,0
01:28:14:018,120000574,236826632,99898,90057,0
01:28:14:218,120000570,236902042,99461,90035,0
01:28:14:418,120000538,236841618,99557,90109,0
01:28:14:618,120000575,236846907,99446,90116,0
01:28:14:818,120000573,236886841,99973,89938,0
01:28:15:018,120000572,236847159,99253,90105,0
01:28:15:218,120000545,236826384,99808,90089,0
01:28:15:418,120000560,236914983,99373,90026,0
01:28:15:618,120000537,236825718,100112,90056,0
01:28:15:818,120000579,236830897,100055,90116,0
01:28:16:018,120000457,236899155,99564,90050,0
01:28:16:218,120000576,236824053,100395,90108,0
01:28:16:418,120000441,236836785,99478,90117,0
01:28:16:618,120000575,236904635,99841,89973,0
01:28:16:818,120000443,236844182,99645,90074,0
01:28:17:018,120000575,236814484,99476,90411,0
01:28:17:218,120000569,236855772,100099,90484,0
01:28:17:418,120000566,236836259,99432,90159,0
01:28:17:618,120000569,236850539,99516,90109,0
01:28:17:818,120000574,236900855,99686,90051,0
01:28:18:018,120000575,236840034,99591,90115,0
01:28:18:218,120000543,236844924,99551,90110,0
01:28:18:418,120000566,236897742,99673,90051,0
01:28:18:618,120000544,236818554,100367,90114,0
01:28:18:818,120000575,236848488,99288,90126,0
01:28:19:018,120000537,236873886,100116,90032,0
01:28:19:218,120000587,236831633,99875,90096,0
01:28:19:418,120000472,236832517,99908,90029,0
01:28:19:618,120000577,236889492,100044,90036,0
01:28:19:818,120000530,236852071,99136,90107,0
01:28:20:018,120000577,236832480,99942,90093,0
01:28:20:218,120000455,236884495,100070,90039,0
01:28:20:418,120000578,236820683,99931,90106,0
01:28:20:618,120000460,236821674,100097,90104,0
01:28:20:818,120000571,236914546,99391,90037,0
01:28:21:018,120000575,236841146,99784,90093,0
01:28:21:818,120000455,265134318,403,158,0
01:28:21:818,120000455,265134318,403,158,0
01:28:21:818,120000455,265134318,403,158,0
01:28:22:018,120000620,257776572,26197,23533,0
01:28:22:218,120000564,236823470,100073,90123,0
01:28:22:418,120000572,236899211,99146,90079,0
01:28:22:618,120000589,236842302,99925,90003,0
01:28:22:818,120000604,236848068,99392,90099,0
01:28:23:018,120000546,236871363,99781,90076,0
01:28:23:218,120000578,236850283,100015,90060,0
01:28:23:418,120000486,236830135,99445,90122,0
01:28:23:618,120000569,236881407,99841,90076,0
01:28:23:818,120000538,236869971,99358,90051,0
01:28:24:018,120000565,236822956,100363,90123,0
01:28:24:218,120000448,236867310,99630,90080,0
01:28:24:418,120000575,236872201,99750,90053,0
01:28:24:618,120000576,236828143,99810,90103,0
01:28:24:818,120000575,236861992,99573,90073,0
01:28:25:018,120000563,236884628,99486,90042,0
01:28:25:218,120000575,236831338,99555,90107,0
01:28:25:418,120000578,236847407,100168,90071,0
01:28:25:618,120000581,236878496,99747,90045,0
01:28:25:818,120000574,236859736,99243,90123,0
01:28:26:018,120000551,236829042,99873,90081,0
01:28:26:218,120000583,236903962,99515,90051,0
01:28:26:418,120000547,236836342,99738,90082,0
01:28:26:618,120000579,236846438,99732,90116,0
01:28:26:818,120000542,236884130,99769,90018,0
01:28:27:018,120000575,236825043,100106,90107,0
01:28:27:218,120000471,236832414,99706,90100,0
01:28:27:418,120000574,236886994,100167,90003,0
01:28:27:618,120000437,236847419,99184,90105,0
01:28:27:818,120000581,236845958,99706,90105,0
01:28:28:018,120000459,236898383,99716,90031,0
01:28:28:218,120000571,236841732,99549,90038,0
01:28:28:418,120000563,236827935,100071,90066,0
01:28:28:618,120000569,236892732,99449,90029,0
01:28:28:818,120000577,236845731,99491,90097,0
01:28:29:018,120000575,236823452,99729,90108,0
01:28:29:218,120000594,236901830,99724,90027,0
01:28:29:418,120000539,236813958,99940,90099,0
01:28:29:618,120000581,236860108,99244,90118,0
01:28:29:818,120000571,236845672,100102,90461,0
01:28:30:018,120000566,236843278,99241,90204,0
01:28:30:218,120000532,236849312,99817,90079,0
01:28:30:418,120000578,236892914,99828,89974,0
01:28:30:618,120000542,236821577,99943,90110,0
01:28:30:818,120000581,236842021,99892,90096,0
01:28:31:018,120000447,236933416,98783,90033,0
01:28:31:218,120000572,236833153,99756,90104,0
01:28:31:418,120000468,236834596,99835,90116,0
01:28:31:618,120000572,236895910,100283,89856,0
01:28:31:818,120000466,236811198,100137,90090,0
01:28:32:018,120000592,236826778,99378,90506,0
01:28:32:218,120000458,236859762,99965,90504,0
01:28:32:418,120000579,236813047,99579,90562,0
01:28:32:618,120000570,236822520,99499,90551,0
01:28:32:818,120000572,236876326,99783,90273,0
01:28:33:018,120000574,236836177,99559,90114,0
01:28:33:218,120000578,236845395,99610,90090,0
01:28:33:418,120000575,236894867,99503,90037,0
01:28:33:618,120000542,236834456,99634,90092,0
01:28:33:818,120000584,236847894,99917,89935,0
01:28:34:018,120000564,236883587,99652,90029,0
01:28:34:218,120000578,236799592,100265,90095,0
01:28:34:418,120000541,236849226,99744,90081,0
01:28:34:618,120000567,236875165,99899,90042,0
01:28:34:818,120000521,236826692,99963,90119,0
01:28:35:018,120000575,236852832,99961,90073,0
01:28:35:218,120000474,236827439,100027,90297,0
01:28:35:418,120000574,236832007,99547,90271,0
01:28:35:618,120000478,236881296,99553,90064,0
01:28:35:818,120000576,236859318,99496,90082,0
01:28:36:018,120000446,236828000,99814,90095,0
01:28:36:218,120000569,236885689,99873,90041,0
01:28:36:418,120000577,236830303,99985,90444,0
01:28:36:618,120000563,236813457,99732,90567,0
01:28:36:818,120000573,236861786,99649,90490,0
01:28:37:418,120000441,265133628,403,162,0
01:28:37:418,120000441,265133628,403,162,0
01:28:37:618,120000497,249061862,56929,51187,0
01:28:37:818,120000581,236893957,99333,90050,0
01:28:38:018,120000459,236839711,99922,90003,0
01:28:38:218,120000576,236834055,99872,90125,0
01:28:38:418,120000564,236884413,100177,89918,0
01:28:38:618,120000595,236836308,100189,90016,0
01:28:38:818,120000599,236838622,99623,90114,0
01:28:39:018,120000574,236885723,99995,89992,0
01:28:39:218,120000610,236850468,99616,90024,0
01:28:39:418,120000568,236821612,99986,90114,0
01:28:39:618,120000563,236884876,99987,90188,0
01:28:39:818,120000548,236836548,99796,90089,0
01:28:40:018,120000575,236836155,99763,90114,0
01:28:40:218,120000539,236900399,99153,90031,0
01:28:40:418,120000585,236866540,99377,90061,0
01:28:40:618,120000521,236843263,99588,90106,0
01:28:40:818,120000572,236860421,99716,90077,0
01:28:41:018,120000535,236859783,100108,90051,0
01:28:41:218,120000567,236830374,99362,90108,0
01:28:41:418,120000471,236861548,100297,90073,0
01:28:41:618,120000574,236864983,99780,89965,0
01:28:41:818,120000442,236807324,100232,90111,0
01:28:42:018,120000570,236886494,99415,90076,0
01:28:42:218,120000560,236878685,99337,90062,0
01:28:42:418,120000569,236830261,99894,90089,0
01:28:42:618,120000572,236862131,99580,90061,0
01:28:42:818,120000572,236874561,99626,90033,0
01:28:43:018,120000580,236818041,99922,90105,0
01:28:43:218,120000576,236859069,99638,90081,0
01:28:43:418,120000580,236870816,99947,90054,0
01:28:43:618,120000531,236831942,99744,90088,0
01:28:43:818,120000572,236848309,100428,90002,0
01:28:44:018,120000574,236866561,99536,90179,0
01:28:44:218,120000575,236802278,99938,90500,0
01:28:44:418,120000554,236864714,100237,90431,0
01:28:44:618,120000575,236795125,100027,90514,0
01:28:44:818,120000481,236792683,100034,90560,0
01:28:45:018,120000586,236890633,99687,90223,0
01:28:45:218,120000450,236818895,100062,90081,0
01:28:45:418,120000566,236841011,99856,90087,0
01:28:45:618,120000531,236874861,100142,90038,0
01:28:45:818,120000574,236848637,99783,89964,0
01:28:46:018,120000575,236838633,99766,90095,0
01:28:46:218,120000575,236853612,100579,90035,0
01:28:46:418,120000575,236848209,99644,89978,0
01:28:46:618,120000578,236841228,100208,90083,0
01:28:46:818,120000573,236853182,100484,90034,0
01:28:47:018,120000574,236832360,99772,89928,0
01:28:47:218,120000570,236861856,100096,89776,0
01:28:47:418,120000560,236864513,99699,90040,0
01:28:47:618,120000581,236827906,99966,90095,0
01:28:47:818,120000550,236873195,99017,90089,0
01:28:48:018,120000567,236853878,100025,90035,0
01:28:48:218,120000463,236821383,99939,90095,0
01:28:48:418,120000567,236871841,99752,89988,0
01:28:48:618,120000563,236845893,100158,90049,0
01:28:48:818,120000583,236853674,99512,90051,0
01:28:49:018,120000475,236850928,100256,90034,0
01:28:49:218,120000577,236843643,100049,90023,0
01:28:49:418,120000458,236833405,99396,90119,0
01:28:49:618,120000578,236876611,100024,90059,0
01:28:49:818,120000453,236845956,99715,90084,0
01:28:50:018,120000582,236839107,99604,90089,0
01:28:50:218,120000572,236891366,98967,90081,0
01:28:50:418,120000584,236865826,99490,90056,0
01:28:50:618,120000576,236838847,99624,90117,0
01:28:50:818,120000572,236853625,99887,90098,0
01:28:51:018,120000566,236861953,99478,90042,0
01:28:51:218,120000577,236820014,99941,90116,0
01:28:51:418,120000576,236861799,99868,90044,0
01:28:51:618,120000528,236837291,99961,90054,0
01:28:51:818,120000585,236813977,100056,90398,0
01:28:52:018,120000537,236890776,99812,90177,0
01:28:52:218,120000574,236829510,99211,90504,0
01:28:52:418,120000481,236793355,99975,90554,0
01:28:53:018,120000465,265141883,401,158,0
01:28:53:018,120000465,265141883,401,158,0
01:28:53:218,120000566,253403523,41374,37536,0
01:28:53:418,120000578,236881934,99318,90481,0
01:28:53:618,120000570,236852864,99724,90172,0
01:28:53:818,120000577,236827716,99566,90018,0
01:28:54:018,120000548,236878945,99980,90072,0
01:28:54:218,120000603,236842477,99638,90352,0
01:28:54:418,120000476,236820313,100083,90115,0
01:28:54:618,120000583,236886631,99959,90068,0
01:28:54:818,120000603,236851600,99343,90073,0
01:28:55:018,120000571,236854672,99805,90105,0
01:28:55:218,120000482,236871546,99448,89924,0
01:28:55:418,120000570,236860601,100231,89982,0
01:28:55:618,120000451,236838096,99689,90129,0
01:28:55:818,120000573,236858918,99841,90083,0
01:28:56:018,120000507,236864776,99828,90068,0
01:28:56:218,120000574,236833446,99680,90092,0
01:28:56:418,120000575,236856455,100268,89997,0
01:28:56:618,120000590,236871403,99685,90014,0
01:28:56:818,120000575,236836548,99856,90107,0
01:28:57:018,120000586,236849071,100270,90142,0
01:28:57:218,120000584,236847896,99605,90528,0
01:28:57:418,120000525,236811048,100242,90213,0
01:28:57:618,120000582,236878807,100081,89981,0
01:28:57:818,120000552,236832929,99832,90088,0
01:28:58:018,120000574,236837448,99482,90123,0
01:28:58:218,120000548,236886857,99865,90038,0
01:28:58:418,120000573,236821867,99873,90106,0
01:28:58:618,120000469,236827901,99987,90113,0
01:28:58:818,120000570,236898723,99986,89938,0
01:28:59:018,120000530,236841320,99611,90060,0
01:28:59:218,120000578,236836029,100025,90102,0
01:28:59:418,120000477,236894043,99347,90037,0
01:28:59:618,120000579,236836285,99567,90086,0
01:28:59:818,120000463,236820856,100016,90107,0
01:29:00:018,120000569,236908323,99016,90060,0
01:29:00:218,120000580,236855679,99566,89958,0
01:29:00:418,120000578,236832018,99762,90108,0
01:29:00:618,120000576,236865240,99852,90397,0
01:29:00:818,120000547,236832208,100052,90185,0
01:29:01:018,120000570,236849558,99487,90109,0
01:29:01:218,120000575,236882080,99840,89936,0
01:29:01:418,120000572,236879574,98741,90082,0
01:29:01:618,120000544,236847963,99338,90100,0
01:29:01:818,120000573,236852994,99737,90094,0
01:29:02:018,120000580,236858069,100086,90036,0
01:29:02:218,120000578,236799277,100275,90275,0
01:29:02:418,120000548,236881443,99646,90221,0
01:29:02:618,120000573,236832641,100182,90071,0
01:29:02:818,120000449,236839642,99638,90106,0
01:29:03:018,120000575,236869462,100049,90342,0
01:29:03:218,120000535,236805373,100042,90424,0
01:29:03:418,120000570,236840757,99582,90098,0
01:29:03:618,120000453,236856381,100565,90400,0
01:29:03:818,120000568,236827010,99434,90503,0
01:29:04:018,120000440,236805485,100148,90547,0
01:29:04:218,120000568,236862692,100208,90239,0
01:29:04:418,120000577,236848351,99405,90046,0
01:29:04:618,120000581,236836013,100252,90098,0
01:29:04:818,120000578,236890227,99196,90052,0
01:29:05:018,120000576,236825361,100496,89994,0
01:29:05:218,120000578,236847160,99515,90475,0
01:29:05:418,120000577,236866818,99824,90194,0
01:29:05:618,120000581,236793707,100180,90558,0
01:29:05:818,120000537,236867291,99723,90502,0
01:29:06:018,120000572,236836881,99463,90554,0
01:29:06:218,120000477,236801431,99858,90498,0
01:29:06:418,120000579,236902158,99977,89957,0
01:29:06:618,120000552,236822087,99570,90097,0
01:29:06:818,120000563,236838059,99862,90053,0
01:29:07:018,120000448,236882673,100064,89982,0
01:29:07:218,120000575,236835531,99433,90116,0
01:29:07:418,120000456,236846049,99727,90090,0
01:29:07:618,120000569,236904744,99240,90053,0
01:29:07:818,120000453,236833247,99867,90101,0
01:29:08:018,120000579,236837637,99686,90127,0
01:29:08:618,120000481,265134126,403,159,0
01:29:08:618,120000481,265134126,403,159,0
01:29:08:818,120000609,258227560,24716,22129,0
01:29:09:018,120000522,236809750,100014,90093,0
01:29:09:218,120000577,236854326,99467,90096,0
01:29:09:418,120000468,236845648,100209,90258,0
01:29:09:618,120000585,236828241,99609,90458,0
01:29:09:818,120000502,236859501,99674,90511,0
01:29:10:018,120000572,236807711,99506,90537,0
01:29:10:218,120000460,236818999,99357,90560,0
01:29:10:418,120000596,236875577,99852,90491,0
01:29:10:618,120000581,236825746,99492,90525,0
01:29:10:818,120000579,236812413,99829,90447,0
01:29:11:018,120000572,236886777,100013,90004,0
01:29:11:218,120000563,236842049,99234,90112,0
01:29:11:618,120000570,236903803,99531,90055,0
01:29:11:818,120000574,236837847,99490,90093,0
01:29:12:018,120000552,236821976,100143,90105,0
01:29:12:218,120000569,236890694,99658,90049,0
01:29:12:418,120000539,236815369,99761,90363,0
01:29:12:618,120000569,236836438,99490,90216,0
01:29:12:818,120000555,236878762,99647,90032,0
01:29:13:018,120000576,236842778,99612,90116,0
01:29:13:218,120000482,236835645,100103,90088,0
01:29:13:418,120000572,236871762,99865,90039,0
01:29:13:618,120000463,236829667,99705,90109,0
01:29:13:818,120000574,236846378,99899,90071,0
01:29:14:018,120000440,236867585,99269,90346,0
01:29:14:218,120000574,236826643,99296,90556,0
01:29:14:418,120000570,236859867,99481,90482,0
01:29:14:618,120000574,236830227,99868,90412,0
01:29:14:818,120000576,236818626,99690,90478,0
01:29:15:018,120000578,236882730,99168,90492,0
01:29:15:218,120000580,236831266,99694,90026,0
01:29:15:418,120000539,236829205,99677,90117,0
01:29:15:618,120000569,236898617,99756,89955,0
01:29:15:818,120000552,236835428,99827,90118,0
01:29:16:018,120000574,236841656,99730,90117,0
01:29:16:218,120000548,236886655,99982,90040,0
01:29:16:418,120000567,236854046,99089,90080,0
01:29:16:618,120000463,236822479,100104,90092,0
01:29:16:818,120000570,236886143,99649,90058,0
01:29:17:018,120000533,236853091,99458,90034,0
01:29:17:218,120000574,236801756,100321,90470,0
01:29:17:418,120000466,236884432,99593,90075,0
01:29:17:618,120000583,236822196,99908,90094,0
01:29:17:818,120000450,236822130,99794,90114,0
01:29:18:018,120000574,236890483,100218,90029,0
01:29:18:218,120000724,236837743,99533,90108,0
01:29:18:418,120000572,236846059,99471,90098,0
01:29:18:618,120000572,236897715,99570,90035,0
01:29:18:818,120000544,236853982,99255,90104,0
01:29:19:018,120000575,236826611,99982,90012,0
01:29:19:218,120000578,236889731,99969,90034,0
01:29:19:418,120000578,236840204,99506,90119,0
01:29:19:618,120000542,236807958,100331,90396,0
01:29:19:818,120000581,236904382,99189,90379,0
01:29:20:018,120000548,236804474,99587,90546,0
01:29:20:218,120000575,236825762,99397,90573,0
01:29:20:418,120000534,236859092,100120,90449,0
01:29:20:618,120000569,236830973,99892,90061,0
01:29:20:818,120000480,236824519,99839,90092,0
01:29:21:018,120000565,236873672,100329,90027,0
01:29:21:218,120000469,236837262,99553,90067,0
01:29:21:418,120000567,236842604,100052,89920,0
01:29:21:618,120000450,236886508,99776,90039,0
01:29:21:818,120000571,236846655,99419,90105,0
01:29:22:018,120000448,236828519,99361,90097,0
01:29:22:218,120000582,236911034,99345,90037,0
01:29:22:418,120000580,236825721,100032,90095,0
01:29:22:618,120000575,236845479,99495,90108,0
01:29:22:818,120000578,236896634,99887,90029,0
01:29:23:018,120000578,236813075,100376,90091,0
01:29:23:218,120000573,236849723,99438,90100,0
01:29:23:418,120000566,236888223,100030,90023,0
01:29:23:618,120000578,236851535,99358,90027,0
01:29:23:818,120000547,236802859,100276,90097,0
01:29:24:218,120000472,265133600,404,139,0
01:29:24:418,120000550,262821258,8574,7409,0
01:29:24:618,120000575,236873177,99300,90101,0
01:29:24:818,120000578,236879474,99532,90017,0
01:29:25:018,120000572,236814513,100160,90060,0
01:29:25:218,120000569,236858798,99537,90086,0
01:29:25:418,120000566,236891267,99494,90029,0
01:29:25:618,120000602,236827280,99644,90297,0
01:29:25:818,120000573,236826452,99868,90474,0
01:29:26:018,120000569,236841475,100014,90361,0
01:29:26:218,120000494,236835510,99672,90108,0
01:29:26:418,120000563,236873660,100244,89892,0
01:29:26:618,120000525,236851784,99357,90084,0
01:29:26:818,120000573,236846007,99586,90107,0
01:29:27:018,120000546,236875547,99120,90090,0
01:29:27:218,120000569,236880114,99493,90065,0
01:29:27:418,120000521,236811815,99880,90095,0
01:29:27:618,120000572,236868988,99360,90101,0
01:29:27:818,120000519,236874365,99501,90040,0
01:29:28:018,120000575,236856227,99342,90105,0
01:29:28:218,120000452,236842956,99546,90084,0
01:29:28:418,120000573,236883338,100132,90033,0
01:29:28:618,120000577,236828199,99404,90103,0
01:29:28:818,120000573,236846680,100029,90081,0
01:29:29:018,120000560,236897362,99407,90170,0
01:29:29:218,120000572,236813654,99815,90368,0
01:29:29:418,120000574,236843294,99914,90095,0
01:29:29:618,120000573,236885672,99751,90049,0
01:29:29:818,120000566,236851794,99278,90110,0
01:29:30:018,120000536,236834087,99543,90118,0
01:29:30:218,120000574,236887126,99904,90032,0
01:29:30:418,120000540,236842904,99438,90105,0
01:29:30:618,120000578,236837309,99716,90093,0
01:29:30:818,120000545,236881016,100403,90031,0
01:29:31:018,120000572,236840053,99380,90111,0
01:29:31:218,120000472,236820802,100108,90088,0
01:29:31:418,120000575,236889986,99529,90046,0
01:29:31:618,120000441,236847471,99347,90102,0
01:29:31:818,120000569,236847874,99214,90104,0
01:29:32:018,120000448,236895350,100109,90035,0
01:29:32:218,120000564,236859428,99540,90011,0
01:29:32:418,120000574,236858025,99116,90110,0
01:29:32:618,120000589,236902845,99592,90015,0
01:29:32:818,120000577,236844278,99702,89977,0
01:29:33:018,120000529,236852942,99520,90023,0
01:29:33:218,120000574,236870447,100119,90038,0
01:29:33:418,120000528,236848574,99091,90086,0
01:29:33:618,120000565,236836932,99856,90095,0
01:29:33:818,120000558,236885882,99569,89993,0
01:29:34:018,120000565,236865875,99848,90029,0
01:29:34:218,120000533,236834325,100156,90115,0
01:29:34:418,120000569,236864637,99804,90068,0
01:29:34:618,120000575,236845057,100005,90145,0
01:29:34:818,120000577,236812212,99470,90535,0
01:29:35:018,120000532,236848378,100195,90701,0
01:29:35:218,120000582,236817389,99581,90499,0
01:29:35:418,120000441,236818989,100152,90232,0
01:29:35:618,120000572,236894706,99883,90060,0
01:29:35:818,120000463,236845298,99521,90107,0
01:29:36:018,120000576,236830409,99616,90088,0
01:29:36:218,120000456,236887143,99513,90317,0
01:29:36:418,120000577,236804061,100051,90558,0
01:29:36:618,120000575,236824021,99476,90508,0
01:29:36:818,120000560,236882844,99460,90353,0
01:29:37:018,120000572,236819626,100325,90222,0
01:29:37:218,120000569,236850484,99624,90108,0
01:29:37:418,120000571,236899480,99469,90029,0
01:29:37:618,120000543,236847402,99154,90105,0
01:29:37:818,120000572,236841095,99627,89935,0
01:29:38:018,120000569,236879240,100003,90026,0
01:29:38:218,120000569,236859226,99269,89768,0
01:29:38:418,120000536,236825317,99893,90116,0
01:29:38:618,120000569,236889142,99802,90038,0
01:29:38:818,120000542,236828116,99885,90098,0
01:29:39:018,120000574,236853349,99485,90107,0
01:29:39:218,120000457,236895975,99888,89957,0
01:29:39:418,120000576,236844958,99894,90061,0
01:29:40:018,120000453,265133783,403,160,0
01:29:40:018,120000453,265133783,403,160,0
01:29:40:218,120000621,239466669,90361,81713,0
01:29:40:418,120000555,236889372,99867,90023,0
01:29:40:618,120000586,236859783,99277,90092,0
01:29:40:818,120000466,236788748,100396,90414,0
01:29:41:018,120000570,236880802,100109,90023,0
01:29:41:218,120000574,236836933,99527,90101,0
01:29:41:418,120000574,236812382,100076,90449,0
01:29:41:618,120000531,236878986,99115,90495,0
01:29:41:818,120000600,236796175,100108,90405,0
01:29:42:018,120000446,236845319,99770,90008,0
01:29:42:218,120000575,236871667,100110,90224,0
01:29:42:418,120000511,236806745,100085,90496,0
01:29:42:618,120000571,236853068,99498,90431,0
01:29:42:818,120000572,236869336,100129,90042,0
01:29:43:018,120000572,236844558,99219,90113,0
01:29:43:218,120000566,236848201,99962,90054,0
01:29:43:418,120000569,236871005,99908,90040,0
01:29:43:618,120000566,236838974,99249,90095,0
01:29:43:818,120000580,236846454,100324,89960,0
01:29:44:018,120000564,236885663,99299,90051,0
01:29:44:218,120000533,236825701,99958,90100,0
01:29:44:418,120000569,236855016,99927,89957,0
01:29:44:618,120000563,236913956,99483,89851,0
01:29:44:818,120000581,236828676,100083,90073,0
01:29:45:018,120000478,236837598,99479,90073,0
01:29:45:218,120000567,236902017,99520,90030,0
01:29:45:418,120000457,236855535,99585,90114,0
01:29:45:618,120000578,236836522,99444,90104,0
01:29:45:818,120000457,236870416,100179,90030,0
01:29:46:018,120000577,236820815,99914,90105,0
01:29:46:218,120000456,236835085,99599,90104,0
01:29:46:418,120000576,236918852,99303,90042,0
01:29:46:618,120000573,236836654,99581,90092,0
01:29:46:818,120000569,236823707,99831,90075,0
01:29:47:018,120000581,236902039,99951,90001,0
01:29:47:218,120000580,236836962,99739,90111,0
01:29:47:418,120000570,236835817,99686,90115,0
01:29:47:618,120000566,236882320,100177,90034,0
01:29:47:818,120000577,236849270,99365,90111,0
01:29:48:018,120000563,236821365,99861,90054,0
01:29:48:218,120000579,236895217,100014,90035,0
01:29:48:418,120000548,236841792,99404,90105,0
01:29:48:618,120000578,236842987,99638,90103,0
01:29:48:818,120000548,236903719,99491,89975,0
01:29:49:018,120000574,236814721,100104,90187,0
01:29:49:218,120000475,236828553,99570,90103,0
01:29:49:418,120000574,236874541,99848,90333,0
01:29:49:618,120000440,236823807,100096,90101,0
01:29:49:818,120000583,236833724,99441,90112,0
01:29:50:018,120000457,236868658,100284,90163,0
01:29:50:218,120000562,236847947,99451,90187,0
01:29:50:418,120000456,236811664,100148,90105,0
01:29:50:618,120000565,236900867,99676,90040,0
01:29:50:818,120000583,236841773,99725,90028,0
01:29:51:018,120000578,236817739,100055,90100,0
01:29:51:218,120000570,236913805,99399,90002,0
01:29:51:418,120000563,236799239,100437,90311,0
01:29:51:618,120000580,236846312,99394,90187,0
01:29:51:818,120000570,236902930,99643,90037,0
01:29:52:018,120000574,236839651,99791,90075,0
01:29:52:218,120000539,236831584,99692,90115,0
01:29:52:418,120000576,236890756,99985,90021,0
01:29:52:618,120000538,236836406,99505,90118,0
01:29:52:818,120000581,236821786,100134,90106,0
01:29:53:018,120000534,236899721,100275,89941,0
01:29:53:218,120000569,236829648,99773,90117,0
01:29:53:418,120000478,236821033,100195,90070,0
01:29:53:618,120000575,236875759,100081,90036,0
01:29:53:818,120000463,236802622,100103,90115,0
01:29:54:018,120000577,236844870,100064,90492,0
01:29:54:218,120000453,236825588,99853,90362,0
01:29:54:418,120000577,236827072,100171,90020,0
01:29:54:618,120000574,236890634,99717,90036,0
01:29:54:818,120000581,236825079,99885,90092,0
01:29:55:018,120000579,236828285,99873,90105,0
01:29:55:618,120000452,265142557,401,156,0
01:29:55:618,120000452,265142557,401,156,0
01:29:55:818,120000512,244250501,73655,66802,0
01:29:56:018,120000586,236844682,99438,90173,0
01:29:56:218,120000490,236871472,99222,90008,0
01:29:56:418,120000580,236859392,100491,90041,0
01:29:56:618,120000513,236830197,99691,90113,0
01:29:56:818,120000595,236865812,99769,90062,0
01:29:57:018,120000580,236857423,99945,90045,0
01:29:57:218,120000572,236827705,99965,90101,0
01:29:57:418,120000595,236847810,100323,90340,0
01:29:57:618,120000518,236841856,99419,90087,0
01:29:57:818,120000578,236812928,100439,90127,0
01:29:58:018,120000575,236903161,99525,90043,0
01:29:58:218,120000578,236827298,100059,90098,0
01:29:58:418,120000545,236830453,99902,90115,0
01:29:58:618,120000589,236894300,99765,89954,0
01:29:58:818,120000554,236839683,99589,90191,0
01:29:59:018,120000574,236845809,99556,90115,0
01:29:59:218,120000548,236880297,99627,90043,0
01:29:59:418,120000572,236843417,99674,90073,0
01:29:59:618,120000472,236819722,99857,90110,0
01:29:59:818,120000562,236892022,100049,89954,0
01:30:00:018,120000466,236853878,99534,90089,0
01:30:00:218,120000582,236829550,99994,90112,0
01:30:00:418,120000477,236875981,99765,90034,0
01:30:00:618,120000576,236829272,99802,90107,0
01:30:00:818,120000581,236852052,99472,90122,0
01:30:01:018,120000570,236878179,99831,90049,0
01:30:01:218,120000572,236826790,99844,90108,0
01:30:01:418,120000544,236816721,99949,90112,0
01:30:01:618,120000573,236901910,100033,89846,0
01:30:01:818,120000545,236823515,99986,90093,0
01:30:02:018,120000571,236844892,99422,90106,0
01:30:02:218,120000570,236890496,99887,90025,0
01:30:02:418,120000575,236871948,98802,90108,0
01:30:02:618,120000478,236827144,99974,90000,0
01:30:02:818,120000573,236896021,99308,89962,0
01:30:03:018,120000525,236838212,100136,90153,0
01:30:03:218,120000583,236822874,99555,90370,0
01:30:03:418,120000499,236879171,99672,90243,0
01:30:03:618,120000574,236815212,100122,90533,0
01:30:03:818,120000453,236809916,99471,90528,0
01:30:04:018,120000573,236864813,100051,90474,0
01:30:04:218,120000455,236844786,98922,90289,0
01:30:04:418,120000582,236829165,99720,90081,0
01:30:04:618,120000394,236919265,99792,89822,0
01:30:04:818,120000583,236862384,99015,90117,0
01:30:05:018,120000580,236833686,99677,90091,0
01:30:05:218,120000576,236898956,99268,90059,0
01:30:05:418,120000574,236846036,99896,89982,0
01:30:05:618,120000529,236828558,99793,90117,0
01:30:05:818,120000570,236891335,99559,90068,0
01:30:06:018,120000567,236852478,99801,90082,0
01:30:06:218,120000563,236832558,99340,90490,0
01:30:06:418,120000539,236869213,99622,90526,0
01:30:06:618,120000571,236835554,99764,90506,0
01:30:06:818,120000467,236788615,99992,90550,0
01:30:07:018,120000570,236907919,99882,89961,0
01:30:07:218,120000547,236846344,99405,90104,0
01:30:07:418,120000576,236840904,99837,90096,0
01:30:07:618,120000478,236890796,99682,90055,0
01:30:07:818,120000575,236823073,99613,90428,0
01:30:08:018,120000441,236813478,99700,90561,0
01:30:08:218,120000557,236891654,99359,90384,0
01:30:08:418,120000449,236812089,100163,90210,0
01:30:08:618,120000577,236843951,99195,90114,0
01:30:08:818,120000576,236905162,99718,90027,0
01:30:09:018,120000580,236824130,99794,90099,0
01:30:09:218,120000570,236823804,99813,90092,0
01:30:09:418,120000575,236898572,99866,90034,0
01:30:09:618,120000581,236833712,99585,90112,0
01:30:09:818,120000548,236813326,100164,90091,0
01:30:10:018,120000566,236884035,99704,90032,0
01:30:10:218,120000536,236816809,100023,90104,0
01:30:10:418,120000581,236840288,99653,90100,0
01:30:10:618,120000541,236912964,99266,90037,0
01:30:11:218,120000458,265141898,401,160,0
01:30:11:218,120000458,265141898,401,160,0
01:30:11:418,120000569,248862705,57607,51795,0
01:30:11:618,120000577,236878773,99497,90059,0
01:30:11:818,120000526,236830652,99795,90050,0
01:30:12:018,120000579,236850033,99651,90041,0
01:30:12:218,120000563,236874481,99928,90031,0
01:30:12:418,120000601,236834001,100092,90098,0
01:30:12:618,120000544,236821497,99948,90124,0
01:30:12:818,120000579,236866263,100603,90025,0
01:30:13:018,120000574,236852270,99185,90105,0
01:30:13:218,120000575,236838880,99579,90099,0
01:30:13:418,120000549,236879613,100252,89989,0
01:30:13:618,120000566,236834897,99556,90110,0
01:30:13:818,120000466,236820179,99985,90129,0
01:30:14:018,120000573,236895264,99065,90501,0
01:30:14:218,120000468,236808213,99844,90562,0
01:30:14:418,120000569,236809131,99886,90551,0
01:30:14:618,120000459,236856663,99983,90482,0
01:30:14:818,120000574,236846239,99688,90107,0
01:30:15:018,120000580,236857163,99062,90107,0
01:30:15:218,120000592,236886066,100024,89990,0
01:30:15:418,120000571,236824150,99512,90509,0
01:30:15:618,120000576,236820487,100084,90112,0
01:30:15:818,120000563,236883734,99788,90038,0
01:30:16:018,120000548,236846222,99551,90109,0
01:30:16:218,120000587,236837951,99835,90107,0
01:30:16:418,120000576,236902073,99489,90050,0
01:30:16:618,120000569,236844560,99541,90099,0
01:30:16:818,120000548,236825554,99920,90109,0
01:30:17:018,120000572,236879711,100274,90029,0
01:30:17:218,120000548,236817563,100010,90098,0
01:30:17:418,120000591,236853538,99343,90106,0
01:30:17:618,120000539,236875777,100019,90016,0
01:30:17:818,120000575,236827309,99666,90114,0
01:30:18:018,120000475,236831037,100235,90071,0
01:30:18:218,120000570,236868085,99880,90011,0
01:30:18:418,120000450,236835013,99879,90019,0
01:30:18:618,120000571,236858815,99928,90109,0
01:30:18:818,120000569,236903938,98892,90064,0
01:30:19:018,120000571,236834755,99566,90102,0
01:30:19:218,120000573,236836914,99621,90034,0
01:30:19:418,120000569,236894811,99880,90026,0
01:30:19:618,120000566,236817691,100132,90309,0
01:30:19:818,120000536,236854834,99729,89827,0
01:30:20:018,120000563,236895811,100334,89952,0
01:30:20:218,120000539,236830327,99653,90107,0
01:30:20:418,120000583,236830726,99773,90091,0
01:30:20:618,120000586,236881022,100127,90043,0
01:30:20:818,120000578,236829854,99609,90112,0
01:30:21:018,120000550,236828199,100752,90085,0
01:30:21:218,120000575,236892159,99401,90049,0
01:30:21:418,120000534,236831563,99962,90094,0
01:30:21:618,120000578,236845575,99620,90104,0
01:30:21:818,120000513,236883031,99962,90020,0
01:30:22:018,120000577,236817800,100385,90089,0
01:30:22:218,120000459,236841544,99794,90280,0
01:30:22:418,120000563,236850893,100110,90504,0
01:30:22:618,120000465,236809757,99762,90522,0
01:30:22:818,120000580,236866796,99857,90368,0
01:30:23:018,120000580,236837237,99803,90046,0
01:30:23:218,120000524,236842148,99667,90115,0
01:30:23:418,120000578,236883777,99857,90051,0
01:30:23:618,120000526,236853002,99867,90006,0
01:30:23:818,120000577,236822868,100256,90087,0
01:30:24:018,120000566,236882262,99806,89965,0
01:30:24:218,120000577,236842064,99681,90073,0
01:30:24:418,120000542,236831678,99659,90113,0
01:30:24:618,120000578,236892341,99386,90065,0
01:30:24:818,120000573,236857266,99560,90050,0
01:30:25:018,120000571,236846634,99297,90190,0
01:30:25:218,120000478,236857504,99719,90052,0
01:30:25:418,120000582,236864485,99892,89963,0
01:30:25:618,120000463,236819378,99955,90013,0
01:30:25:818,120000580,236878126,99817,90067,0
01:30:26:018,120000449,236863169,99756,90053,0
01:30:26:218,120000569,236850727,99706,90016,0
01:30:26:818,120000477,265134024,403,158,0
01:30:26:818,120000477,265134024,403,158,0
01:30:27:018,120000614,253670752,40541,36766,0
01:30:27:218,120000530,236828572,99451,90376,0
01:30:27:418,120000569,236852178,99964,90095,0
01:30:27:618,120000559,236873458,99598,90048,0
01:30:27:818,120000573,236845130,100023,89982,0
01:30:28:018,120000504,236839048,99808,90308,0
01:30:28:218,120000571,236836430,100053,90346,0
01:30:28:418,120000455,236813469,100177,90108,0
01:30:28:618,120000601,236891291,99409,90080,0
01:30:28:818,120000445,236856820,99600,90074,0
01:30:29:018,120000583,236823949,99966,90037,0
01:30:29:218,120000570,236879543,99352,90076,0
01:30:29:418,120000574,236851706,99549,90085,0
01:30:29:618,120000570,236840153,99722,90092,0
01:30:29:818,120000577,236871878,99934,90079,0
01:30:30:018,120000570,236866035,99459,90056,0
01:30:30:218,120000522,236798541,100200,90446,0
01:30:30:418,120000573,236883323,99284,90315,0
01:30:30:618,120000543,236828781,100073,90237,0
01:30:30:818,120000581,236819664,99935,90118,0
01:30:31:018,120000542,236897022,99491,90082,0
01:30:31:218,120000572,236819918,99673,90561,0
01:30:31:418,120000478,236807088,99554,90553,0
01:30:31:618,120000567,236867584,100020,90335,0
01:30:31:818,120000466,236810099,99495,90539,0
01:30:32:018,120000576,236824920,99720,90476,0
01:30:32:218,120000519,236873117,99825,90386,0
01:30:32:418,120000574,236844833,99282,90100,0
01:30:32:618,120000453,236841726,99890,90010,0
01:30:32:818,120000579,236885880,99425,90050,0
01:30:33:018,120000570,236818012,100108,90112,0
01:30:33:218,120000563,236847528,99986,90097,0
01:30:33:418,120000572,236880841,99619,90030,0
01:30:33:618,120000566,236813476,100241,90113,0
01:30:33:818,120000563,236854269,99805,90070,0
01:30:34:018,120000566,236860657,99998,90034,0
01:30:34:218,120000574,236833874,100141,90052,0
01:30:34:418,120000568,236857154,99797,90069,0
01:30:34:618,120000574,236875275,99670,90010,0
01:30:34:818,120000530,236849640,99364,90063,0
01:30:35:018,120000577,236838579,100235,90304,0
01:30:35:218,120000579,236868222,99552,90130,0
01:30:35:418,120000578,236834554,99719,90100,0
01:30:35:618,120000550,236860875,99944,90080,0
01:30:35:818,120000567,236864807,100008,90030,0
01:30:36:018,120000459,236822946,99927,90104,0
01:30:36:218,120000580,236869551,99412,90092,0
01:30:36:418,120000451,236868245,100228,89983,0
01:30:36:618,120000569,236831274,99901,90084,0
01:30:36:818,120000455,236845790,100740,90000,0
01:30:37:018,120000567,236853118,99263,90067,0
01:30:37:218,120000568,236840968,99568,90056,0
01:30:37:418,120000573,236865285,100305,90072,0
01:30:37:618,120000575,236823269,99841,90349,0
01:30:37:818,120000544,236810039,99872,90238,0
01:30:38:018,120000573,236890675,100255,89870,0
01:30:38:218,120000538,236823262,99899,90101,0
01:30:38:418,120000581,236834018,99810,90089,0
01:30:38:618,120000580,236900887,99455,90005,0
01:30:38:818,120000577,236805092,100098,90091,0
01:30:39:018,120000547,236815815,100212,90095,0
01:30:39:218,120000572,236888283,99959,90024,0
01:30:39:418,120000543,236824855,99783,90105,0
01:30:39:618,120000571,236844626,99510,89984,0
01:30:39:818,120000525,236882819,100188,90023,0
01:30:40:018,120000577,236849693,99173,90112,0
01:30:40:218,120000465,236827401,100065,90040,0
01:30:40:418,120000573,236882777,100077,90018,0
01:30:40:618,120000453,236829691,99976,90108,0
01:30:40:818,120000579,236827208,100144,90099,0
01:30:41:018,120000570,236909662,99294,90031,0
01:30:41:218,120000574,236807710,100339,90198,0
01:30:41:418,120000570,236826426,99712,90548,0
01:30:41:618,120000572,236856114,100019,90254,0
01:30:41:818,120000580,236841628,99762,90104,0
01:30:42:418,120000465,265133910,403,152,0
01:30:42:418,120000465,265133910,403,152,0
01:30:42:618,120000513,258594511,23354,20927,0
01:30:42:818,120000598,236830788,100002,90084,0
01:30:43:018,120000465,236818050,99409,90323,0
01:30:43:218,120000574,236883086,100235,90041,0
01:30:43:418,120000572,236830317,99794,90094,0
01:30:43:618,120000577,236817096,100002,90113,0
01:30:43:818,120000602,236893246,99753,90012,0
01:30:44:018,120000566,236823845,99885,90092,0
01:30:44:419,120000595,236898023,99833,89960,0
01:30:44:619,120000575,236815918,100138,90316,0
01:30:44:819,120000548,236798619,100106,90539,0
01:30:45:019,120000567,236888313,99394,90378,0
01:30:45:219,120000538,236820237,100264,90003,0
01:30:45:419,120000573,236848795,99686,90034,0
01:30:45:619,120000562,236879468,99652,90032,0
01:30:45:819,120000573,236836851,99966,90034,0
01:30:46:019,120000468,236838251,99530,90091,0
01:30:46:219,120000571,236886143,99753,90045,0
01:30:46:419,120000463,236832087,99591,90114,0
01:30:46:619,120000572,236843781,99436,90105,0
01:30:46:819,120000460,236895820,99523,90044,0
01:30:47:019,120000576,236814580,100098,90070,0
01:30:47:219,120000570,236843971,99978,90090,0
01:30:47:419,120000571,236872929,99922,90047,0
01:30:47:619,120000581,236846277,99691,90100,0
01:30:47:819,120000567,236851048,99666,90107,0
01:30:48:019,120000581,236908450,99884,90027,0
01:30:48:219,120000561,236815952,99950,90094,0
01:30:48:419,120000579,236828011,99921,90094,0
01:30:48:619,120000578,236896166,99848,89951,0
01:30:48:819,120000581,236839349,99327,90190,0
01:30:49:019,120000540,236820078,99643,90543,0
01:30:49:219,120000557,236877344,99629,90511,0
01:30:49:419,120000477,236791711,100139,90553,0
01:30:49:619,120000580,236862030,100128,90383,0
01:30:49:819,120000559,236841798,99387,90528,0
01:30:50:019,120000572,236819071,99939,90283,0
01:30:50:219,120000449,236869901,99762,90496,0
01:30:50:419,120000579,236810442,99619,90548,0
01:30:50:619,120000459,236833625,99674,90224,0
01:30:50:819,120000562,236917267,99546,89841,0
01:30:51:019,120000475,236844507,99922,90060,0
01:30:51:219,120000571,236845703,99515,90095,0
01:30:51:419,120000572,236885045,99821,90043,0
01:30:51:619,120000525,236850729,99639,90099,0
01:30:51:819,120000585,236826891,100203,90037,0
01:30:52:019,120000576,236877913,100256,90016,0
01:30:52:219,120000572,236860742,99217,90060,0
01:30:52:419,120000538,236801847,100520,90092,0
01:30:52:619,120000573,236892465,99992,89989,0
01:30:52:819,120000545,236836359,99972,90117,0
01:30:53:019,120000572,236837369,99880,90118,0
01:30:53:219,120000550,236897798,99289,90078,0
01:30:53:419,120000573,236840095,100264,89928,0
01:30:53:619,120000483,236832532,99713,90055,0
01:30:53:819,120000565,236884578,99663,90049,0
01:30:54:019,120000471,236845414,99829,89989,0
01:30:54:219,120000590,236823862,99837,90089,0
01:30:54:419,120000468,236891443,99660,90064,0
01:30:54:619,120000585,236854121,99563,90071,0
01:30:54:819,120000457,236830137,99948,90099,0
01:30:55:019,120000568,236881250,99513,90068,0
01:30:55:219,120000571,236873491,99259,90062,0
01:30:55:419,120000581,236817280,99911,90101,0
01:30:55:619,120000576,236863540,99777,90309,0
01:30:55:819,120000553,236810054,100270,90492,0
01:30:56:019,120000572,236840280,99695,90115,0
01:30:56:219,120000576,236891892,99735,90027,0
01:30:56:419,120000583,236839577,99766,90116,0
01:30:56:619,120000542,236817654,100039,90102,0
01:30:56:819,120000572,236897608,99842,90027,0
01:30:57:019,120000546,236833003,99737,90103,0
01:30:57:219,120000574,236809938,100239,90084,0
01:30:57:419,120000543,236889079,99873,90030,0
01:30:57:619,120000580,236840696,99486,90002,0
01:30:58:019,120000460,265141341,402,171,0
01:30:58:219,120000587,263211369,7230,6210,0
01:30:58:419,120000581,236843999,99431,90105,0
01:30:58:619,120000575,236895480,99563,90041,0
01:30:58:819,120000579,236840594,99671,90088,0
01:30:59:019,120000545,236838122,99770,90111,0
01:30:59:219,120000569,236883022,100004,90053,0
01:30:59:419,120000578,236827922,100041,90021,0
01:30:59:619,120000567,236827511,99394,90519,0
01:30:59:819,120000545,236891048,100057,89980,0
01:31:00:019,120000591,236828054,99735,90113,0
01:31:00:219,120000463,236790504,100481,90543,0
01:31:00:419,120000567,236900665,99470,90217,0
01:31:00:619,120000462,236838047,99510,90101,0
01:31:00:819,120000579,236809399,99841,90258,0
01:31:01:019,120000457,236883303,100101,89964,0
01:31:01:219,120000571,236823146,100041,90104,0
01:31:01:419,120000574,236857929,99001,90110,0
01:31:01:619,120000570,236888171,99679,90026,0
01:31:01:819,120000574,236846027,99850,90037,0
01:31:02:019,120000570,236817083,99726,90108,0
01:31:02:219,120000566,236892081,99888,90025,0
01:31:02:419,120000545,236845579,99461,90113,0
01:31:02:619,120000569,236832909,99774,90102,0
01:31:02:819,120000574,236908995,99181,90038,0
01:31:03:019,120000575,236810539,100208,90278,0
01:31:03:219,120000475,236797746,100205,90556,0
01:31:03:419,120000570,236873359,100032,90115,0
01:31:03:619,120000534,236835916,99755,90100,0
01:31:03:819,120000571,236844186,99770,90103,0
01:31:04:019,120000537,236880810,99854,90053,0
01:31:04:219,120000563,236851129,99274,90120,0
01:31:04:419,120000471,236833841,99888,89989,0
01:31:04:619,120000565,236885839,99964,90048,0
01:31:04:819,120000453,236838891,99356,90134,0
01:31:05:019,120000574,236834861,99881,90097,0
01:31:05:219,120000441,236885531,99770,90040,0
01:31:05:419,120000572,236831582,99876,90103,0
01:31:05:619,120000566,236839217,99940,90170,0
01:31:05:819,120000566,236861193,99668,90438,0
01:31:06:019,120000577,236806751,100340,90370,0
01:31:06:219,120000570,236864783,99372,90345,0
01:31:06:419,120000574,236835765,99813,90497,0
01:31:06:619,120000576,236853056,99013,90308,0
01:31:06:819,120000577,236860876,100406,90050,0
01:31:07:019,120000529,236837181,99911,90073,0
01:31:07:219,120000576,236838424,99627,90125,0
01:31:07:419,120000548,236880566,100038,90047,0
01:31:07:619,120000576,236867285,98985,90086,0
01:31:07:819,120000523,236827068,99887,90105,0
01:31:08:019,120000579,236868190,99678,90338,0
01:31:08:219,120000463,236842112,99086,90472,0
01:31:08:419,120000582,236806297,99992,90539,0
01:31:08:619,120000477,236901208,99590,90045,0
01:31:08:819,120000579,236838970,100181,90064,0
01:31:09:019,120000457,236849387,99632,90114,0
01:31:09:219,120000568,236884109,99837,90067,0
01:31:09:419,120000566,236857709,100011,90067,0
01:31:09:619,120000577,236833932,99766,90114,0
01:31:09:819,120000567,236862318,99764,90496,0
01:31:10:019,120000548,236808544,99980,90491,0
01:31:10:219,120000572,236812785,99784,90301,0
01:31:10:419,120000580,236900211,99887,89782,0
01:31:10:619,120000578,236834645,99774,90121,0
01:31:10:819,120000542,236826041,99744,90097,0
01:31:11:019,120000578,236887425,99848,90035,0
01:31:11:219,120000537,236814394,99946,90094,0
01:31:11:419,120000580,236857311,99537,90109,0
01:31:11:619,120000534,236878999,100155,90033,0
01:31:11:819,120000569,236796257,100119,90353,0
01:31:12:019,120000477,236813082,100057,90443,0
01:31:12:219,120000568,236869809,99830,90341,0
01:31:12:419,120000456,236815136,99404,90566,0
01:31:12:619,120000574,236847724,100003,90527,0
01:31:12:819,120000460,236805867,100177,90522,0
01:31:13:019,120000573,236822025,99898,90545,0
01:31:13:219,120000577,236850111,100466,90466,0
01:31:13:819,120000448,265141906,401,153,0
01:31:13:819,120000448,265141906,401,153,0
01:31:14:019,120000580,239828429,88857,80931,0
01:31:14:219,120000590,236829362,100387,90132,0
01:31:14:419,120000537,236888320,99492,90049,0
01:31:14:619,120000566,236851774,99282,90097,0
01:31:14:819,120000453,236820802,100008,90088,0
01:31:15:019,120000598,236902999,99377,90045,0
01:31:15:219,120000445,236821452,100037,90089,0
01:31:15:419,120000580,236853651,99366,90122,0
01:31:15:619,120000593,236892728,99891,90046,0
01:31:15:819,120000570,236846265,99493,90118,0
01:31:16:019,120000569,236848887,99224,90115,0
01:31:16:219,120000581,236885206,99894,90063,0
01:31:16:419,120000566,236815195,100199,90167,0
01:31:16:619,120000551,236826631,100180,90013,0
01:31:16:819,120000566,236908235,99271,90042,0
01:31:17:019,120000541,236827276,99709,90096,0
01:31:17:219,120000570,236825591,100034,90026,0
01:31:17:419,120000575,236900962,99399,90035,0
01:31:17:619,120000580,236818773,100311,90001,0
01:31:17:819,120000481,236842685,99562,90109,0
01:31:18:019,120000568,236906815,99838,90032,0
01:31:18:219,120000463,236819696,100156,90103,0
01:31:18:419,120000576,236823475,99760,90315,0
01:31:18:619,120000459,236888311,99798,89956,0
01:31:18:819,120000577,236848392,99215,90016,0
01:31:19:019,120000456,236822188,99896,90107,0
01:31:19:219,120000568,236918583,99085,90046,0
01:31:19:419,120000442,236841152,99169,90103,0
01:31:19:619,120000576,236796418,100114,90433,0
01:31:19:819,120000566,236887586,99668,90186,0
01:31:20:019,120000578,236820434,99881,90073,0
01:31:20:219,120000581,236853989,99767,89984,0
01:31:20:419,120000578,236886922,99723,90029,0
01:31:20:619,120000581,236840946,99655,90124,0
01:31:20:819,120000538,236819417,99997,90103,0
01:31:21:019,120000584,236893488,99644,90019,0
01:31:21:219,120000542,236850814,99455,90019,0
01:31:21:419,120000579,236820152,100107,90216,0
01:31:21:619,120000558,236894925,99477,90321,0
01:31:21:819,120000576,236832177,99799,90125,0
01:31:22:019,120000481,236827514,99868,90111,0
01:31:22:219,120000576,236901508,99541,90042,0
01:31:22:419,120000456,236837606,99732,90092,0
01:31:22:619,120000577,236837312,99311,90143,0
01:31:22:819,120000519,236868410,99637,90473,0
01:31:23:019,120000583,236834521,99865,90197,0
01:31:23:219,120000457,236836575,99484,90111,0
01:31:23:419,120000569,236908175,99657,90032,0
01:31:23:619,120000575,236843193,99663,90109,0
01:31:23:819,120000580,236827695,99779,90100,0
01:31:24:019,120000570,236898287,99591,90021,0
01:31:24:219,120000557,236816859,100194,90055,0
01:31:24:419,120000572,236839021,99767,90107,0
01:31:24:619,120000577,236905615,99106,90033,0
01:31:24:819,120000570,236845839,99931,89989,0
01:31:25:019,120000541,236830031,99694,90111,0
01:31:25:219,120000581,236897337,99756,90022,0
01:31:25:419,120000541,236835720,99689,89922,0
01:31:25:619,120000582,236827006,99567,90199,0
01:31:25:819,120000534,236862288,99949,90386,0
01:31:26:019,120000569,236828826,99281,90491,0
01:31:26:219,120000471,236817165,99985,90423,0
01:31:26:419,120000574,236870606,100087,90102,0
01:31:26:619,120000456,236812789,100262,90108,0
01:31:26:819,120000574,236861021,99792,90089,0
01:31:27:019,120000459,236853568,99937,90054,0
01:31:27:219,120000576,236840381,99630,90096,0
01:31:27:419,120000578,236870238,99340,90085,0
01:31:27:619,120000570,236871447,100128,89965,0
01:31:27:819,120000574,236813569,99732,90482,0
01:31:28:019,120000567,236858191,99528,90519,0
01:31:28:219,120000580,236809639,100097,90512,0
01:31:28:419,120000542,236834947,99891,90087,0
01:31:28:619,120000567,236847802,100051,90451,0
01:31:28:819,120000544,236821821,99958,90113,0
01:31:29:419,120000637,265140506,401,151,0
01:31:29:419,120000637,265140506,401,151,0
01:31:29:619,120000603,244463460,72809,65807,0
01:31:29:819,120000564,236883079,99738,90069,0
01:31:30:019,120000572,236815053,99540,90487,0
01:31:30:219,120000572,236843914,99742,90271,0
01:31:30:419,120000572,236864502,99479,90053,0
01:31:30:619,120000595,236830286,99943,90172,0
01:31:30:819,120000569,236849451,100214,90159,0
01:31:31:019,120000577,236863722,99546,90073,0
01:31:31:219,120000565,236833633,99964,90101,0
01:31:31:419,120000579,236879154,99020,90085,0
01:31:31:619,120000581,236865886,100000,90037,0
01:31:31:819,120000567,236848914,99611,90072,0
01:31:32:019,120000548,236844167,99765,90092,0
01:31:32:219,120000575,236875432,99707,90049,0
01:31:32:419,120000533,236841296,99616,90050,0
01:31:32:619,120000583,236842640,100398,90084,0
01:31:32:819,120000517,236885025,99326,90040,0
01:31:33:019,120000574,236823839,100141,90104,0
01:31:33:219,120000448,236850628,99705,90100,0
01:31:33:419,120000569,236889757,99886,89880,0
01:31:33:619,120000581,236830240,99947,90099,0
01:31:33:819,120000570,236846430,99628,90097,0
01:31:34:019,120000574,236871052,100373,89998,0
01:31:34:219,120000573,236842861,99736,90121,0
01:31:34:419,120000566,236846130,99727,90084,0
01:31:34:619,120000575,236888629,99425,90034,0
01:31:34:819,120000569,236837484,99670,90109,0
01:31:35:019,120000539,236825882,100196,90314,0
01:31:35:219,120000575,236873863,99147,90501,0
01:31:35:419,120000538,236822649,100053,90103,0
01:31:35:619,120000581,236850155,100048,90088,0
01:31:35:819,120000576,236873832,99646,90052,0
01:31:36:019,120000577,236841003,99712,90099,0
01:31:36:219,120000535,236846200,99835,90073,0
01:31:36:419,120000576,236854870,99917,90043,0
01:31:36:619,120000458,236836371,99530,90109,0
01:31:36:819,120000563,236869278,99620,90080,0
01:31:37:019,120000469,236845864,99970,90331,0
01:31:37:219,120000582,236851575,99277,90111,0
01:31:37:419,120000449,236858385,99832,90065,0
01:31:37:619,120000567,236880106,99107,90055,0
01:31:37:819,120000572,236823551,100047,90106,0
01:31:38:019,120000578,236850666,100308,90061,0
01:31:38:219,120000580,236844821,99997,90051,0
01:31:38:419,120000570,236838705,99698,90106,0
01:31:38:619,120000563,236873767,99470,90273,0
01:31:38:819,120000528,236835120,99959,90263,0
01:31:39:019,120000585,236844478,99343,90119,0
01:31:39:219,120000540,236867142,100186,89981,0
01:31:39:419,120000581,236839975,99579,90088,0
01:31:39:619,120000469,236827639,99431,90190,0
01:31:39:819,120000575,236877503,100354,90015,0
01:31:40:019,120000545,236831412,99933,90105,0
01:31:40:219,120000581,236833608,99847,90110,0
01:31:40:419,120000463,236878687,100081,90080,0
01:31:40:619,120000598,236794045,100156,90562,0
01:31:40:819,120000455,236804976,100455,90315,0
01:31:41:019,120000573,236884062,100030,90034,0
01:31:41:219,120000456,236825028,100290,90099,0
01:31:41:419,120000568,236845546,99615,90066,0
01:31:41:619,120000575,236913804,99710,89811,0
01:31:41:819,120000577,236831520,99723,90100,0
01:31:42:019,120000573,236826209,99606,90117,0
01:31:42:219,120000574,236885141,100166,90020,0
01:31:42:419,120000573,236841019,99416,90126,0
01:31:42:619,120000545,236832449,99670,90114,0
01:31:42:819,120000566,236893809,100027,90022,0
01:31:43:019,120000536,236813053,99835,90456,0
01:31:43:219,120000571,236820751,100132,90447,0
01:31:43:419,120000580,236902327,98831,89953,0
01:31:43:619,120000571,236841522,99839,89986,0
01:31:43:819,120000474,236830237,99877,90031,0
01:31:44:019,120000571,236905895,99495,90030,0
01:31:44:219,120000469,236838541,99435,90107,0
01:31:44:419,120000576,236856663,99388,90120,0
01:31:45:019,120000444,265134140,403,152,0
01:31:45:019,120000444,265134140,403,152,0
01:31:45:219,120000615,249260395,56094,50608,0
01:31:45:419,120000544,236835860,99500,90096,0
01:31:45:619,120000567,236875760,100412,90038,0
01:31:45:819,120000541,236841917,99542,90105,0
01:31:46:019,120000578,236825735,99667,90098,0
01:31:46:219,120000560,236885932,100098,90028,0
01:31:46:419,120000566,236827898,99982,90098,0
01:31:46:619,120000474,236818290,100277,90086,0
01:31:46:819,120000594,236877248,100052,90051,0
01:31:47:019,120000529,236828297,99880,89938,0
01:31:47:219,120000579,236836959,100066,90095,0
01:31:47:419,120000460,236869970,99826,90016,0
01:31:47:619,120000576,236830501,100100,90108,0
01:31:47:819,120000570,236862094,99755,89984,0
01:31:48:019,120000563,236871236,100108,90037,0
01:31:48:219,120000569,236832558,99877,90113,0
01:31:48:419,120000569,236862148,99292,90099,0
01:31:48:619,120000574,236898360,99400,90041,0
01:31:48:819,120000545,236835249,99558,90103,0
01:31:49:019,120000581,236836424,100354,89848,0
01:31:49:219,120000575,236891913,99867,90107,0
01:31:49:419,120000573,236818378,100147,90101,0
01:31:49:619,120000544,236835904,99823,90090,0
01:31:49:819,120000572,236908081,99345,90035,0
01:31:50:019,120000542,236824628,99991,90107,0
01:31:50:219,120000578,236832788,99461,90481,0
01:31:50:419,120000546,236882517,100199,90019,0
01:31:50:619,120000580,236829888,99886,90082,0
01:31:50:819,120000469,236844518,99718,89910,0
01:31:51:019,120000579,236890380,100025,89897,0
01:31:51:219,120000457,236837342,99538,90107,0
01:31:51:419,120000568,236833212,99714,90106,0
01:31:51:619,120000637,236901362,99581,90034,0
01:31:51:819,120000567,236826291,100151,90107,0
01:31:52:019,120000571,236834864,99898,90114,0
01:31:52:219,120000573,236902407,99528,90029,0
01:31:52:419,120000576,236834209,99920,90096,0
01:31:52:619,120000550,236834544,99391,90117,0
01:31:52:819,120000566,236899009,99928,90022,0
01:31:53:019,120000530,236820222,99601,90379,0
01:31:53:219,120000569,236817103,99802,90448,0
01:31:53:419,120000574,236899102,99614,90051,0
01:31:53:619,120000576,236846187,99476,90102,0
01:31:53:819,120000553,236813035,100505,90052,0
01:31:54:019,120000564,236905028,99317,90037,0
01:31:54:219,120000547,236824684,99558,90283,0
01:31:54:419,120000572,236822975,99864,90566,0
01:31:54:619,120000514,236879834,99851,90099,0
01:31:54:819,120000579,236833592,100081,90118,0
01:31:55:019,120000452,236855624,99178,89944,0
01:31:55:219,120000582,236866021,99911,90465,0
01:31:55:419,120000446,236834104,99887,90188,0
01:31:55:619,120000569,236849862,99868,90096,0
01:31:55:819,120000578,236849075,99977,90472,0
01:31:56:019,120000574,236824275,99361,90578,0
01:31:56:219,120000578,236852050,100071,90510,0
01:31:56:419,120000549,236826011,99602,90481,0
01:31:56:619,120000577,236802401,100234,90394,0
01:31:56:819,120000576,236912649,99927,90068,0
01:31:57:019,120000569,236838864,99409,90102,0
01:31:57:219,120000542,236822755,99995,90095,0
01:31:57:419,120000569,236903662,99450,90034,0
01:31:57:619,120000548,236839566,99607,90093,0
01:31:57:819,120000572,236846107,99399,90113,0
01:31:58:019,120000481,236880999,100068,89951,0
01:31:58:219,120000578,236841733,99619,90092,0
01:31:58:419,120000469,236839348,99509,90104,0
01:31:58:619,120000568,236889963,99575,90070,0
01:31:58:819,120000443,236855896,99563,90091,0
01:31:59:019,120000572,236837191,99851,90110,0
01:31:59:219,120000437,236874482,99422,90082,0
01:31:59:419,120000572,236880970,99366,90051,0
01:31:59:619,120000566,236832828,99514,90116,0
01:31:59:819,120000569,236861554,99296,90042,0
01:32:00:019,120000572,236888673,99945,89954,0
01:32:00:619,120000472,265141032,402,165,0
01:32:00:619,120000472,265141032,402,165,0
01:32:00:819,120000502,254054231,39498,35386,0
01:32:01:019,120000572,236848445,99352,90112,0
01:32:01:219,120000472,236844395,99399,90110,0
01:32:01:419,120000573,236886067,99478,90006,0
01:32:01:619,120000459,236835330,99932,90052,0
01:32:01:819,120000610,236829421,99676,90116,0
01:32:02:019,120000576,236876298,99997,90232,0
01:32:02:219,120000581,236811712,100461,90144,0
01:32:02:419,120000598,236859502,99318,90116,0
01:32:02:619,120000595,236889045,99789,90033,0
01:32:02:819,120000573,236842698,99302,90114,0
01:32:03:019,120000533,236817777,99905,90110,0
01:32:03:219,120000572,236899486,99467,90038,0
01:32:03:419,120000528,236844897,99542,90035,0
01:32:03:619,120000585,236824998,100061,90113,0
01:32:03:819,120000548,236891224,99455,90047,0
01:32:04:019,120000575,236842348,99998,89988,0
01:32:04:219,120000467,236835338,99633,90113,0
01:32:04:419,120000576,236885718,99930,90046,0
01:32:04:619,120000542,236827424,99911,90233,0
01:32:04:819,120000583,236836338,99513,90265,0
01:32:05:019,120000479,236890793,99819,90038,0
01:32:05:219,120000573,236836680,99861,89977,0
01:32:05:419,120000443,236805100,100216,90098,0
01:32:05:619,120000557,236911309,99615,90041,0
01:32:05:819,120000583,236829500,99914,90101,0
01:32:06:019,120000578,236837815,99983,90049,0
01:32:06:219,120000578,236891368,99614,90031,0
01:32:06:419,120000563,236809569,100304,90040,0
01:32:06:619,120000570,236852521,99503,90127,0
01:32:06:819,120000574,236894379,99626,90033,0
01:32:07:019,120000575,236832992,99519,90111,0
01:32:07:219,120000539,236821528,99909,90105,0
01:32:07:419,120000573,236872525,100400,89998,0
01:32:07:619,120000536,236845334,99347,90100,0
01:32:07:819,120000583,236840936,100005,90101,0
01:32:08:019,120000548,236894912,100098,89911,0
01:32:08:219,120000575,236812057,99976,90100,0
01:32:08:419,120000476,236816655,100541,90037,0
01:32:08:619,120000579,236915143,99075,90040,0
01:32:08:819,120000468,236816455,99986,90092,0
01:32:09:019,120000577,236840379,99509,90103,0
01:32:09:219,120000465,236907060,99597,90023,0
01:32:09:419,120000582,236851325,99344,90134,0
01:32:09:619,120000451,236843354,99221,90115,0
01:32:09:819,120000579,236891075,99907,90040,0
01:32:10:019,120000581,236820813,99615,90344,0
01:32:10:219,120000570,236807107,99685,90565,0
01:32:10:419,120000571,236877917,99778,90483,0
01:32:10:619,120000566,236801688,99781,90552,0
01:32:10:819,120000573,236812877,99910,90559,0
01:32:11:019,120000569,236874403,99620,90144,0
01:32:11:219,120000574,236840246,99877,90108,0
01:32:11:419,120000540,236852767,99286,90109,0
01:32:11:619,120000566,236902490,99926,90034,0
01:32:11:819,120000536,236837307,99589,90097,0
01:32:12:019,120000583,236829057,99758,90093,0
01:32:12:219,120000531,236885980,99853,90028,0
01:32:12:419,120000572,236846803,99446,90105,0
01:32:12:619,120000457,236840097,99781,90025,0
01:32:12:819,120000588,236885633,99897,90029,0
01:32:13:019,120000438,236838785,99374,90105,0
01:32:13:219,120000571,236833488,99669,90106,0
01:32:13:419,120000449,236907090,99602,90024,0
01:32:13:619,120000575,236811997,100267,90099,0
01:32:13:819,120000570,236837066,99866,90104,0
01:32:14:019,120000574,236876216,99982,90021,0
01:32:14:219,120000578,236844258,99938,90083,0
01:32:14:419,120000570,236835492,99738,90088,0
01:32:14:619,120000569,236868837,100557,90032,0
01:32:14:819,120000527,236842819,99308,90104,0
01:32:15:019,120000586,236827613,99997,90092,0
01:32:15:219,120000582,236898197,99594,90052,0
01:32:15:419,120000581,236834132,99666,90115,0
01:32:15:619,120000541,236838794,99493,90127,0
01:32:16:219,120000460,265141936,401,159,0
01:32:16:219,120000460,265141936,401,159,0
01:32:16:419,120000620,258667964,22988,20674,0
01:32:16:619,120000581,236830012,99737,90090,0
01:32:17:019,120000584,236828704,99948,90095,0
01:32:17:219,120000549,236820588,99814,90120,0
01:32:17:419,120000574,236908959,99494,90030,0
01:32:17:619,120000576,236841055,99520,90101,0
01:32:17:819,120000580,236847894,99493,90117,0
01:32:18:019,120000542,236875799,100130,90140,0
01:32:18:219,120000606,236828490,99673,90336,0
01:32:18:419,120000482,236816306,99970,90094,0
01:32:18:619,120000579,236866269,100329,90046,0
01:32:18:819,120000470,236819568,99831,90107,0
01:32:19:019,120000567,236826941,100016,90092,0
01:32:19:219,120000468,236886506,99957,90037,0
01:32:19:419,120000574,236844376,99403,90112,0
01:32:19:619,120000459,236843830,99546,90103,0
01:32:19:819,120000565,236913299,99223,90035,0
01:32:20:019,120000577,236825431,99971,90099,0
01:32:20:219,120000572,236826800,99680,90392,0
01:32:20:419,120000572,236863741,99968,90421,0
01:32:20:619,120000578,236833077,99725,90201,0
01:32:20:819,120000579,236833086,99985,90099,0
01:32:21:019,120000572,236877912,100152,89951,0
01:32:21:219,120000572,236840051,99353,90514,0
01:32:21:419,120000564,236823672,100309,90529,0
01:32:21:619,120000579,236861293,99715,90341,0
01:32:21:819,120000479,236794954,99834,90563,0
01:32:22:019,120000567,236876290,99899,90487,0
01:32:22:219,120000545,236840367,99660,90158,0
01:32:22:419,120000581,236833017,100162,90101,0
01:32:22:619,120000449,236876441,99832,90104,0
01:32:22:819,120000568,236810856,100061,90275,0
01:32:23:019,120000451,236821676,99850,90116,0
01:32:23:219,120000571,236914038,99348,90030,0
01:32:23:419,120000463,236833712,100081,90000,0
01:32:23:619,120000570,236860049,99211,89998,0
01:32:23:819,120000445,236892955,99938,90001,0
01:32:24:019,120000564,236844913,99902,90024,0
01:32:24:219,120000577,236840705,99609,90097,0
01:32:24:419,120000570,236880256,99764,90056,0
01:32:24:619,120000569,236843468,99941,90040,0
01:32:24:819,120000538,236817428,100070,90095,0
01:32:25:019,120000576,236899606,99355,90070,0
01:32:25:219,120000577,236849554,99946,90002,0
01:32:25:419,120000572,236840073,99656,90112,0
01:32:25:619,120000540,236868766,99863,90056,0
01:32:25:819,120000572,236818230,100331,90427,0
01:32:26:019,120000463,236858140,99271,90090,0
01:32:26:219,120000576,236871497,100435,90017,0
01:32:26:419,120000535,236841478,99513,90092,0
01:32:26:619,120000585,236824034,100263,90091,0
01:32:26:819,120000472,236891962,99566,90046,0
01:32:27:019,120000585,236862406,99293,90019,0
01:32:27:219,120000455,236825712,99975,90054,0
01:32:27:419,120000569,236887803,99491,90060,0
01:32:27:619,120000453,236834775,100353,90055,0
01:32:27:819,120000570,236812603,99879,90382,0
01:32:28:019,120000588,236867557,99893,90480,0
01:32:28:219,120000567,236790702,100321,90534,0
01:32:28:419,120000575,236816717,99506,90517,0
01:32:28:619,120000572,236875525,99894,90497,0
01:32:28:819,120000588,236825408,99475,90382,0
01:32:29:019,120000561,236835295,99357,90548,0
01:32:29:219,120000571,236848607,99817,90503,0
01:32:29:419,120000466,236831450,99822,90087,0
01:32:29:619,120000573,236863418,99976,90066,0
01:32:29:819,120000572,236857814,99721,90037,0
01:32:30:019,120000580,236804179,100119,90457,0
01:32:30:219,120000546,236879496,99575,90408,0
01:32:30:419,120000569,236827522,99993,90268,0
01:32:30:619,120000440,236816016,100084,90101,0
01:32:30:819,120000581,236896053,99861,90038,0
01:32:31:019,120000527,236813189,100193,90041,0
01:32:31:219,120000568,236866154,99429,90101,0
01:32:31:419,120000458,236892938,99836,90026,0
01:32:31:819,120000465,265134270,404,163,0
01:32:32:019,120000608,263605440,5830,5020,0
01:32:32:219,120000544,236823801,99765,90114,0
01:32:32:419,120000579,236845786,99664,90019,0
01:32:32:619,120000541,236905234,99906,90002,0
01:32:32:819,120000576,236833614,99646,90291,0
01:32:33:019,120000471,236805192,99993,90475,0
01:32:33:219,120000607,236851651,99683,90445,0
01:32:33:419,120000455,236803367,100084,90394,0
01:32:33:619,120000573,236875431,100051,90089,0
01:32:33:819,120000492,236854618,99368,90104,0
01:32:34:019,120000579,236815794,100443,90095,0
01:32:34:219,120000576,236896641,99488,90084,0
01:32:34:419,120000580,236843716,100208,90068,0
01:32:34:619,120000570,236851561,99489,90105,0
01:32:34:819,120000566,236874143,99181,90076,0
01:32:35:019,120000577,236880407,99436,90052,0
01:32:35:219,120000562,236855870,98902,90118,0
01:32:35:419,120000571,236831445,100133,90065,0
01:32:35:619,120000569,236875537,99632,90046,0
01:32:35:819,120000569,236807548,100411,90107,0
01:32:36:019,120000541,236864633,99872,90078,0
01:32:36:219,120000579,236853607,99201,90346,0
01:32:36:419,120000466,236817402,99656,90526,0
01:32:36:619,120000578,236865600,99779,90405,0
01:32:36:819,120000546,236811302,99690,90531,0
01:32:37:019,120000575,236805667,100181,90565,0
01:32:37:219,120000459,236864516,99751,90327,0
01:32:37:419,120000574,236838286,99712,90115,0
01:32:37:619,120000456,236844854,99342,90111,0
01:32:37:819,120000574,236880505,100212,89950,0
01:32:38:019,120000440,236815000,100030,90102,0
01:32:38:219,120000571,236828058,100419,90091,0
01:32:38:419,120000572,236862131,100140,90183,0
01:32:38:619,120000569,236818186,99869,90200,0
01:32:38:819,120000569,236854338,100164,90059,0
01:32:39:019,120000569,236855696,99726,90061,0
01:32:39:219,120000572,236804985,100126,90101,0
01:32:39:419,120000577,236882682,99795,90040,0
01:32:39:619,120000581,236866579,99028,90082,0
01:32:39:819,120000467,236817197,100138,90097,0
01:32:40:019,120000575,236888261,99607,90071,0
01:32:40:219,120000573,236854141,99915,90070,0
01:32:40:419,120000575,236817565,99933,90112,0
01:32:40:619,120000471,236874688,99906,90039,0
01:32:40:819,120000573,236852746,100165,89846,0
01:32:41:019,120000463,236837106,99540,90111,0
01:32:41:219,120000574,236878495,99644,90071,0
01:32:41:419,120000454,236858901,99748,89996,0
01:32:41:619,120000578,236826910,100101,90088,0
01:32:41:819,120000449,236869639,99987,90071,0
01:32:42:019,120000575,236838030,99664,90285,0
01:32:42:219,120000594,236787561,100293,90557,0
01:32:42:419,120000569,236919417,99100,90111,0
01:32:42:619,120000597,236811633,100104,90106,0
01:32:42:819,120000536,236820829,100021,90104,0
01:32:43:019,120000567,236866215,99989,90458,0
01:32:43:219,120000530,236808183,99988,90413,0
01:32:43:419,120000569,236840263,99854,90107,0
01:32:43:619,120000560,236886379,99804,90024,0
01:32:43:819,120000583,236845381,99875,90015,0
01:32:44:019,120000536,236816239,99777,90094,0
01:32:44:219,120000567,236890637,100067,90023,0
01:32:44:419,120000524,236819549,99651,90235,0
01:32:44:619,120000566,236838855,99952,90104,0
01:32:44:819,120000516,236894114,99212,90042,0
01:32:45:019,120000571,236830032,99793,90106,0
01:32:45:219,120000471,236824812,100159,90226,0
01:32:45:419,120000570,236836643,100108,90439,0
01:32:45:619,120000467,236804789,99796,90462,0
01:32:45:819,120000573,236890242,99464,90353,0
01:32:46:019,120000577,236819375,100291,90377,0
01:32:46:219,120000578,236804654,99468,90565,0
01:32:46:419,120000570,236885370,99614,90477,0
01:32:46:619,120000562,236834086,99858,90039,0
01:32:46:819,120000573,236833167,99367,90078,0
01:32:47:019,120000560,236889779,99678,90023,0
01:32:47:619,120000452,265134434,403,162,0
01:32:47:619,120000452,265134434,403,162,0
01:32:47:819,120000614,240237900,87663,79325,0
01:32:48:019,120000465,236823575,99712,90106,0
01:32:48:219,120000585,236884311,99784,90092,0
01:32:48:419,120000587,236868569,99682,90043,0
01:32:48:619,120000576,236832993,99924,90117,0
01:32:48:819,120000602,236870966,99439,90119,0
01:32:49:019,120000570,236859211,99940,90044,0
01:32:49:219,120000574,236850388,99669,90222,0
01:32:49:419,120000584,236842853,99869,90363,0
01:32:49:619,120000564,236875674,99550,90002,0
01:32:49:819,120000541,236830316,99388,90072,0
01:32:50:019,120000579,236848365,100310,90017,0
01:32:50:219,120000577,236869756,99511,90068,0
01:32:50:419,120000587,236829753,99637,90095,0
01:32:50:619,120000539,236854462,100564,90066,0
01:32:50:819,120000570,236866629,99550,90073,0
01:32:51:019,120000522,236848574,99544,90105,0
01:32:51:219,120000571,236867729,99078,90097,0
01:32:51:419,120000518,236885629,99455,90033,0
01:32:51:619,120000580,236834112,99957,90106,0
01:32:51:819,120000449,236836954,99936,90100,0
01:32:52:019,120000576,236907427,99309,89935,0
01:32:52:219,120000453,236826919,99658,90116,0
01:32:52:419,120000569,236826979,100230,90082,0
01:32:52:619,120000569,236891199,99405,90038,0
01:32:52:819,120000566,236821299,100095,90091,0
01:32:53:019,120000569,236846599,99648,90005,0
01:32:53:219,120000572,236899512,99261,90043,0
01:32:53:419,120000572,236828292,100061,90098,0
01:32:53:619,120000539,236836912,99479,90105,0
01:32:53:819,120000580,236891965,99829,90030,0
01:32:54:019,120000537,236851420,99403,90036,0
01:32:54:219,120000566,236842978,99544,90083,0
01:32:54:419,120000539,236896494,99761,90044,0
01:32:54:619,120000583,236825289,99944,90118,0
01:32:54:819,120000475,236808923,100217,90189,0
01:32:55:019,120000574,236887293,99030,90488,0
01:32:55:219,120000446,236790729,99929,90552,0
01:32:55:419,120000566,236857686,99603,90481,0
01:32:55:619,120000459,236837691,99458,90466,0
01:32:55:819,120000574,236855160,99487,89952,0
01:32:56:019,120000445,236864876,99913,90069,0
01:32:56:219,120000573,236865685,99799,90062,0
01:32:56:419,120000572,236842080,99285,90111,0
01:32:56:619,120000558,236853470,99649,90079,0
01:32:56:819,120000574,236866555,100132,90055,0
01:32:57:019,120000574,236830671,99393,90100,0
01:32:57:219,120000573,236858148,100417,90037,0
01:32:57:419,120000574,236857275,99632,90065,0
01:32:57:619,120000578,236816169,100140,90106,0
01:32:57:819,120000545,236870005,99885,90050,0
01:32:58:019,120000578,236847438,99399,90073,0
01:32:58:219,120000467,236828626,100068,90039,0
01:32:58:419,120000578,236893475,99409,89983,0
01:32:58:619,120000567,236840336,100179,90182,0
01:32:58:819,120000574,236820120,99489,90477,0
01:32:59:019,120000481,236879137,99433,90424,0
01:32:59:219,120000579,236832743,99757,90473,0
01:32:59:419,120000466,236828083,99317,90267,0
01:32:59:619,120000568,236891173,99940,90021,0
01:32:59:819,120000465,236833094,99447,90115,0
01:33:00:019,120000582,236833395,99497,90049,0
01:33:00:219,120000576,236874241,100065,90408,0
01:33:00:419,120000572,236807994,99953,90515,0
01:33:00:619,120000574,236838273,99470,90265,0
01:33:00:819,120000570,236912174,99685,89868,0
01:33:01:019,120000568,236824128,100378,90092,0
01:33:01:219,120000537,236823557,99952,90067,0
01:33:01:419,120000580,236871064,100051,90334,0
01:33:01:619,120000549,236809407,99995,90568,0
01:33:01:819,120000569,236815799,99873,90556,0
01:33:02:019,120000575,236854734,100208,90097,0
01:33:02:219,120000569,236847170,99780,90084,0
01:33:02:419,120000544,236845715,100038,90061,0
01:33:02:619,120000575,236874100,99728,90053,0
01:33:03:219,120000450,265133662,403,162,0
01:33:03:219,120000450,265133662,403,162,0
01:33:03:419,120000616,244834535,71566,64620,0
01:33:03:619,120000572,236890001,99709,90026,0
01:33:03:819,120000572,236846465,99683,89956,0
01:33:04:019,120000538,236830543,99893,90098,0
01:33:04:219,120000579,236895132,99394,90069,0
01:33:04:419,120000555,236845429,99507,89987,0
01:33:04:619,120000575,236833014,100080,90042,0
01:33:04:819,120000551,236878044,99522,90060,0
01:33:05:019,120000593,236843766,100074,89988,0
01:33:05:219,120000528,236867842,99088,90004,0
01:33:05:419,120000572,236861783,100286,90049,0
01:33:05:619,120000474,236860766,99317,90433,0
01:33:05:819,120000582,236820193,99714,90553,0
01:33:06:019,120000449,236869693,99657,90533,0
01:33:06:219,120000573,236868736,98991,90447,0
01:33:06:419,120000578,236851364,99784,90099,0
01:33:06:619,120000572,236856132,99357,90089,0
01:33:06:819,120000574,236845103,100271,90444,0
01:33:07:019,120000526,236807262,99857,90398,0
01:33:07:219,120000568,236875074,99968,90056,0
01:33:07:419,120000522,236848484,99560,90086,0
01:33:07:619,120000576,236852336,99202,90120,0
01:33:07:819,120000575,236865824,100088,90061,0
01:33:08:019,120000573,236877092,99182,90091,0
01:33:08:219,120000538,236851137,99596,90055,0
01:33:08:419,120000579,236855705,99778,90097,0
01:33:08:619,120000578,236880359,99790,90050,0
01:33:08:819,120000577,236821830,100121,90100,0
01:33:09:019,120000478,236858053,99855,90012,0
01:33:09:219,120000574,236876697,99905,90034,0
01:33:09:419,120000513,236804311,100035,90217,0
01:33:09:619,120000565,236871070,99520,90094,0
01:33:09:819,120000456,236858238,100013,90085,0
01:33:10:019,120000579,236808913,99639,90501,0
01:33:10:219,120000446,236859473,100353,90337,0
01:33:10:419,120000575,236834652,99400,90576,0
01:33:10:619,120000570,236818595,100015,90356,0
01:33:10:819,120000569,236864728,100369,90015,0
01:33:11:019,120000566,236840765,99513,90106,0
01:33:11:219,120000544,236817545,100207,90091,0
01:33:11:419,120000567,236908102,99425,90035,0
01:33:11:619,120000545,236828956,99745,90042,0
01:33:11:819,120000575,236841225,100118,90060,0
01:33:12:019,120000577,236892287,99644,90043,0
01:33:12:219,120000570,236843585,99621,90107,0
01:33:12:419,120000466,236838042,99282,90103,0
01:33:12:619,120000570,236887360,100158,90035,0
01:33:12:819,120000544,236829727,99896,90118,0
01:33:13:019,120000574,236849924,99341,90108,0
01:33:13:219,120000518,236874138,100029,90027,0
01:33:13:419,120000585,236848874,99198,90116,0
01:33:13:619,120000455,236835397,99816,90099,0
01:33:13:819,120000575,236897420,99647,90033,0
01:33:14:019,120000459,236830612,99918,90096,0
01:33:14:219,120000577,236845597,99487,90117,0
01:33:14:419,120000570,236900144,99359,90085,0
01:33:14:619,120000569,236858402,99703,90059,0
01:33:14:819,120000574,236817220,99888,90100,0
01:33:15:019,120000576,236872208,100138,90042,0
01:33:15:219,120000574,236830352,99536,90357,0
01:33:15:419,120000555,236789126,100060,90548,0
01:33:15:619,120000571,236879200,100047,90136,0
01:33:15:819,120000545,236840588,99487,90021,0
01:33:16:019,120000581,236851537,99634,90031,0
01:33:16:219,120000540,236886236,100145,90042,0
01:33:16:419,120000577,236845905,99591,90109,0
01:33:16:619,120000487,236806234,100372,90100,0
01:33:16:819,120000568,236906569,99360,90024,0
01:33:17:019,120000526,236834162,99874,90105,0
01:33:17:219,120000581,236826552,99920,90110,0
01:33:17:419,120000441,236880287,100145,90019,0
01:33:17:619,120000575,236833006,99827,90112,0
01:33:17:819,120000440,236833160,99560,90109,0
01:33:18:019,120000578,236904812,99845,90035,0
01:33:18:219,120000580,236835757,99441,90137,0
01:33:18:819,120000453,265141926,401,158,0
01:33:18:819,120000453,265141926,401,158,0
01:33:19:019,120000611,249629110,54998,49388,0
01:33:19:219,120000580,236833325,99682,90182,0
01:33:19:419,120000475,236858141,99597,90513,0
01:33:19:619,120000582,236850675,99429,90197,0
01:33:19:819,120000464,236803073,99897,90475,0
01:33:20:019,120000606,236878412,100047,90024,0
01:33:20:219,120000474,236823511,99573,90104,0
01:33:20:419,120000578,236829715,99723,90094,0
01:33:20:619,120000587,236890502,99852,90042,0
01:33:20:819,120000576,236809707,100137,90098,0
01:33:21:019,120000574,236827940,99790,90103,0
01:33:21:219,120000570,236888665,100019,90036,0
01:33:21:419,120000566,236834646,99835,90091,0
01:33:21:619,120000547,236839801,99683,90106,0
01:33:21:819,120000567,236884436,100345,90023,0
01:33:22:019,120000560,236838079,99718,90101,0
01:33:22:219,120000574,236839802,99652,89919,0
01:33:22:419,120000572,236885803,100312,89920,0
01:33:22:619,120000581,236840407,99570,90058,0
01:33:22:819,120000469,236844690,99346,90073,0
01:33:23:019,120000568,236901564,99868,90041,0
01:33:23:219,120000531,236818610,99839,90103,0
01:33:23:419,120000568,236825766,99881,90048,0
01:33:23:619,120000453,236878219,99791,90427,0
01:33:23:819,120000579,236808950,100143,90482,0
01:33:24:019,120000446,236825216,99385,90549,0
01:33:24:219,120000572,236875015,99833,90042,0
01:33:24:419,120000445,236832179,99579,90101,0
01:33:24:619,120000574,236851514,99493,90090,0
01:33:24:819,120000563,236858735,100300,90063,0
01:33:25:019,120000572,236817562,99764,90111,0
01:33:25:219,120000572,236861591,99716,90083,0
01:33:25:419,120000572,236877184,99455,90053,0
01:33:25:619,120000574,236831027,100053,90025,0
01:33:25:819,120000548,236858952,99899,90068,0
01:33:26:019,120000573,236877483,99432,90048,0
01:33:26:219,120000544,236845833,99703,90105,0
01:33:26:419,120000573,236843377,99595,90383,0
01:33:26:619,120000566,236880496,99806,90051,0
01:33:26:819,120000569,236852513,99364,90120,0
01:33:27:019,120000475,236839381,99184,90103,0
01:33:27:220,120000570,236886084,100261,90031,0
01:33:27:420,120000469,236836466,99692,90118,0
01:33:27:620,120000578,236843078,99683,90096,0
01:33:27:820,120000513,236884316,100146,89986,0
01:33:28:020,120000584,236803955,99835,90410,0
01:33:28:220,120000448,236845550,100126,90089,0
01:33:28:420,120000558,236892210,99093,90046,0
01:33:28:620,120000575,236813256,99921,90094,0
01:33:28:820,120000566,236861598,98996,90098,0
01:33:29:020,120000566,236903998,99745,90034,0
01:33:29:220,120000562,236846274,99320,90106,0
01:33:29:420,120000573,236832522,99731,90112,0
01:33:29:620,120000574,236889953,100167,89905,0
01:33:29:820,120000578,236833084,99568,90095,0
01:33:30:020,120000549,236822050,100414,89946,0
01:33:30:220,120000566,236873986,99899,90358,0
01:33:30:420,120000533,236811422,99875,90485,0
01:33:30:620,120000569,236843828,100018,90284,0
01:33:30:820,120000557,236873247,99491,90064,0
01:33:31:020,120000566,236818686,100418,89986,0
01:33:31:220,120000471,236858284,99906,90067,0
01:33:31:420,120000579,236836402,99829,90508,0
01:33:31:620,120000455,236805889,99921,90447,0
01:33:31:820,120000579,236908176,99655,89917,0
01:33:32:020,120000443,236842298,100243,89947,0
01:33:32:220,120000583,236832292,99768,90277,0
01:33:32:420,120000576,236885200,99882,90179,0
01:33:32:620,120000572,236813448,99947,90501,0
01:33:32:820,120000574,236838836,99886,90137,0
01:33:33:020,120000564,236884967,100113,90049,0
01:33:33:220,120000583,236853664,98762,90108,0
01:33:33:420,120000525,236841728,99447,90091,0
01:33:33:620,120000571,236882239,99779,89980,0
01:33:33:820,120000526,236846106,99736,90072,0
01:33:34:420,120000468,265141509,401,160,0
01:33:34:420,120000468,265141509,401,160,0
01:33:34:620,120000615,254377017,38089,34264,0
01:33:34:820,120000564,236898360,99406,90043,0
01:33:35:020,120000563,236807712,100499,90090,0
01:33:35:220,120000578,236852535,99377,90057,0
01:33:35:420,120000572,236880320,100004,90013,0
01:33:35:620,120000593,236826856,99632,90103,0
01:33:35:820,120000574,236842414,100151,90008,0
01:33:36:020,120000572,236878251,99770,90048,0
01:33:36:220,120000565,236852754,98855,90108,0
01:33:36:420,120000567,236823479,100501,90263,0
01:33:36:620,120000566,236860665,99335,90505,0
01:33:36:820,120000574,236805394,99955,90437,0
01:33:37:020,120000540,236875630,100005,90072,0
01:33:37:220,120000574,236863342,99440,90064,0
01:33:37:420,120000514,236844456,99474,90043,0
01:33:37:620,120000565,236866901,99661,89922,0
01:33:37:820,120000525,236882780,99927,89890,0
01:33:38:020,120000571,236827463,99539,90294,0
01:33:38:220,120000448,236837585,100570,90024,0
01:33:38:420,120000579,236863438,99756,90060,0
01:33:38:620,120000397,236860291,99306,90059,0
01:33:38:820,120000582,236841527,100560,90085,0
01:33:39:020,120000573,236874635,99509,90061,0
01:33:39:220,120000566,236843474,99383,90109,0
01:33:39:420,120000566,236849690,99948,89932,0
01:33:39:620,120000577,236903074,99134,90034,0
01:33:39:820,120000578,236816948,100350,90104,0
01:33:40:020,120000548,236847139,99339,90123,0
01:33:40:220,120000561,236909333,99447,90027,0
01:33:40:420,120000539,236835530,99573,90060,0
01:33:40:620,120000566,236827309,99831,90037,0
01:33:40:820,120000559,236881772,99972,90043,0
01:33:41:020,120000576,236858985,99218,90103,0
01:33:41:220,120000472,236813438,100612,90034,0
01:33:41:420,120000579,236880330,99601,90507,0
01:33:41:620,120000471,236797146,99944,90456,0
01:33:41:820,120000568,236851607,99949,90381,0
01:33:42:020,120000453,236881920,99621,89716,0
01:33:42:220,120000571,236814130,100463,90120,0
01:33:42:420,120000445,236860962,99369,90063,0
01:33:42:620,120000558,236854828,100339,90038,0
01:33:42:820,120000575,236842200,99739,90111,0
01:33:43:020,120000572,236856980,100234,90065,0
01:33:43:220,120000578,236870656,99482,90051,0
01:33:43:420,120000572,236850003,99072,90125,0
01:33:43:620,120000569,236840306,100263,90206,0
01:33:43:820,120000571,236856927,99417,90169,0
01:33:44:020,120000582,236811373,100046,90105,0
01:33:44:220,120000547,236876747,100198,89992,0
01:33:44:420,120000575,236861040,99359,90077,0
01:33:44:620,120000473,236837064,99581,90104,0
01:33:44:820,120000582,236866145,100006,90065,0
01:33:45:020,120000578,236847361,99867,90052,0
01:33:45:220,120000578,236848722,99405,90115,0
01:33:45:420,120000474,236855963,100333,90056,0
01:33:45:620,120000582,236848482,99407,90076,0
01:33:45:820,120000456,236826636,99826,90080,0
01:33:46:020,120000575,236874191,100250,90028,0
01:33:46:220,120000461,236834692,99785,90107,0
01:33:46:420,120000569,236840002,99654,90093,0
01:33:46:620,120000572,236880332,100011,90138,0
01:33:46:820,120000578,236851897,99412,90147,0
01:33:47:020,120000578,236818022,100071,90104,0
01:33:47:220,120000580,236892643,99549,90041,0
01:33:47:420,120000579,236836354,99554,90109,0
01:33:47:620,120000541,236840794,99336,90115,0
01:33:47:820,120000570,236876118,100385,90021,0
01:33:48:020,120000539,236826092,100010,89967,0
01:33:48:220,120000572,236856792,99604,90025,0
01:33:48:420,120000548,236875382,100539,90029,0
01:33:48:620,120000577,236843997,99217,90030,0
01:33:48:820,120000467,236795191,99988,90510,0
01:33:49:020,120000570,236880123,99893,90333,0
01:33:49:220,120000445,236829184,99721,89984,0
01:33:49:420,120000575,236832292,99850,90104,0
01:33:50:020,120000476,265133853,404,161,0
01:33:50:220,120000614,259184969,21263,19047,0
01:33:50:420,120000561,236804433,100196,90204,0
01:33:50:620,120000575,236909385,99829,90043,0
01:33:50:820,120000535,236800786,99967,90109,0
01:33:51:020,120000585,236831507,99627,90097,0
01:33:51:220,120000527,236901828,99462,90054,0
01:33:51:420,120000601,236839328,99933,90109,0
01:33:51:620,120000482,236816383,100069,90110,0
01:33:51:820,120000568,236879057,99997,90351,0
01:33:52:020,120000488,236819133,99931,90322,0
01:33:52:220,120000580,236842492,100170,90111,0
01:33:52:420,120000457,236849465,100141,90037,0
01:33:52:620,120000568,236829231,100089,90104,0
01:33:52:820,120000574,236858568,100426,90062,0
01:33:53:020,120000581,236852045,99716,89857,0
01:33:53:220,120000570,236824509,99990,90090,0
01:33:53:420,120000568,236871298,100178,90037,0
01:33:53:620,120000578,236856116,99565,90054,0
01:33:53:820,120000531,236800593,100546,90108,0
01:33:54:020,120000569,236909441,99226,90061,0
01:33:54:220,120000522,236839501,100146,89975,0
01:33:54:420,120000573,236836869,99809,90124,0
01:33:54:620,120000548,236887816,99599,90028,0
01:33:54:820,120000567,236849683,99924,90062,0
01:33:55:020,120000476,236841681,99307,90116,0
01:33:55:220,120000571,236869943,100330,90053,0
01:33:55:420,120000553,236840469,99939,90068,0
01:33:55:620,120000578,236836037,100085,90107,0
01:33:55:820,120000479,236868479,100164,90029,0
01:33:56:020,120000579,236844912,99529,90105,0
01:33:56:220,120000463,236824685,99945,90093,0
01:33:56:420,120000573,236889733,99622,89992,0
01:33:56:620,120000453,236833286,99757,90081,0
01:33:56:820,120000576,236818349,100043,90379,0
01:33:57:020,120000579,236888438,99826,90191,0
01:33:57:220,120000580,236803176,100279,90224,0
01:33:57:420,120000576,236794840,100041,90534,0
01:33:57:620,120000572,236889113,99714,90202,0
01:33:57:820,120000566,236819599,99905,90121,0
01:33:58:020,120000544,236832170,99723,90088,0
01:33:58:220,120000572,236876367,99754,90035,0
01:33:58:420,120000545,236843958,99286,90111,0
01:33:58:620,120000578,236839820,100206,90085,0
01:33:58:820,120000578,236898046,99374,90049,0
01:33:59:020,120000573,236840414,99591,90115,0
01:33:59:220,120000480,236845508,99560,90120,0
01:33:59:420,120000559,236892045,99773,90037,0
01:33:59:620,120000469,236817375,100256,90112,0
01:33:59:820,120000594,236841857,99347,90107,0
01:34:00:020,120000438,236870384,100118,90013,0
01:34:00:220,120000571,236821463,99937,90101,0
01:34:00:420,120000454,236840010,100179,90078,0
01:34:00:620,120000574,236876846,99892,90026,0
01:34:00:820,120000572,236846017,99549,90116,0
01:34:01:020,120000577,236842415,99651,90082,0
01:34:01:220,120000579,236881165,99634,90184,0
01:34:01:420,120000578,236815051,100113,90126,0
01:34:01:620,120000572,236851902,99992,90092,0
01:34:01:820,120000572,236878727,99297,90046,0
01:34:02:020,120000580,236800957,100287,90105,0
01:34:02:220,120000546,236879263,99065,90085,0
01:34:02:420,120000578,236881683,99459,90044,0
01:34:02:620,120000541,236828558,100096,90010,0
01:34:02:820,120000573,236855779,99557,90102,0
01:34:03:020,120000561,236877218,99823,90045,0
01:34:03:220,120000574,236830187,99768,90063,0
01:34:03:420,120000471,236843533,100132,90085,0
01:34:03:620,120000579,236860766,100029,90058,0
01:34:03:820,120000455,236825073,99841,90059,0
01:34:04:020,120000579,236869055,100060,90001,0
01:34:04:220,120000446,236836070,100043,90143,0
01:34:04:420,120000580,236824851,100027,90123,0
01:34:04:620,120000576,236878760,99630,90046,0
01:34:04:820,120000580,236836748,100255,90072,0
01:34:05:020,120000576,236820179,99922,90478,0
01:34:05:220,120000566,236860656,100185,90460,0
01:34:05:620,120000472,265134117,404,157,0
01:34:05:820,120000575,264100593,4305,3401,0
01:34:06:020,120000574,236813696,100229,90242,0
01:34:06:220,120000474,236871724,98976,90099,0
01:34:06:420,120000565,236866079,99978,90037,0
01:34:06:620,120000453,236827616,99604,90083,0
01:34:06:820,120000571,236855646,99790,90017,0
01:34:07:020,120000596,236873480,99938,90001,0
01:34:07:220,120000570,236821707,99738,90078,0
01:34:07:420,120000566,236863827,99667,90074,0
01:34:07:620,120000589,236905759,98837,89999,0
01:34:07:820,120000581,236841186,99794,90108,0
01:34:08:020,120000546,236845715,99591,90115,0
01:34:08:220,120000566,236914735,99250,90043,0
01:34:08:420,120000527,236824940,99761,90284,0
01:34:08:620,120000581,236825079,99780,90116,0
01:34:08:820,120000578,236897662,99688,90020,0
01:34:09:020,120000575,236831877,99455,90344,0
01:34:09:220,120000546,236802757,100154,90549,0
01:34:09:420,120000579,236864858,99875,90403,0
01:34:09:620,120000450,236808390,99542,90567,0
01:34:09:820,120000575,236866464,99984,90087,0
01:34:10:020,120000541,236879688,99075,90062,0
01:34:10:220,120000569,236797877,100228,90421,0
01:34:10:420,120000481,236870000,100123,90055,0
01:34:10:620,120000579,236845832,99800,90073,0
01:34:10:820,120000441,236820761,100126,90104,0
01:34:11:020,120000581,236893418,99412,90065,0
01:34:11:220,120000572,236841076,99921,90012,0
01:34:11:420,120000559,236807969,99941,90312,0
01:34:11:620,120000582,236885260,100008,90036,0
01:34:11:820,120000550,236836113,99556,90102,0
01:34:12:020,120000572,236867715,98720,90116,0
01:34:12:220,120000579,236879155,99847,90074,0
01:34:12:420,120000580,236867874,98943,90080,0
01:34:12:620,120000473,236830145,99738,90099,0
01:34:12:820,120000573,236866529,100016,90064,0
01:34:13:020,120000575,236858592,99472,90066,0
01:34:13:220,120000566,236836940,100043,90099,0
01:34:13:420,120000550,236870509,99420,90254,0
01:34:13:620,120000575,236821208,100267,90438,0
01:34:13:820,120000450,236808580,99718,90554,0
01:34:14:020,120000568,236883599,99985,90168,0
01:34:14:220,120000461,236828929,99946,90082,0
01:34:14:420,120000579,236836296,99315,90105,0
01:34:14:620,120000462,236892438,100126,89919,0
01:34:14:820,120000582,236842461,99285,90399,0
01:34:15:020,120000578,236809721,99940,90434,0
01:34:15:220,120000570,236895841,99738,90042,0
01:34:15:420,120000574,236850163,99405,90104,0
01:34:15:620,120000542,236820871,100184,90101,0
01:34:15:820,120000567,236872499,99723,90423,0
01:34:16:020,120000544,236813294,99667,90559,0
01:34:16:220,120000581,236829028,99731,90185,0
01:34:16:420,120000575,236897304,99710,90029,0
01:34:16:620,120000579,236832452,100029,90052,0
01:34:16:820,120000550,236829233,99840,90067,0
01:34:17:020,120000572,236895422,99890,90042,0
01:34:17:220,120000545,236829290,99589,90154,0
01:34:17:420,120000579,236810473,99846,90554,0
01:34:17:620,120000536,236859463,100138,90490,0
01:34:17:820,120000580,236833114,99124,90556,0
01:34:18:020,120000479,236849722,100062,90234,0
01:34:18:220,120000572,236891343,99665,89997,0
01:34:18:420,120000508,236819249,99989,90105,0
01:34:18:620,120000565,236859635,99207,90106,0
01:34:18:820,120000575,236902497,99495,89968,0
01:34:19:020,120000578,236823835,100194,90109,0
01:34:19:220,120000580,236842343,99585,90113,0
01:34:19:420,120000575,236879371,100005,90020,0
01:34:19:620,120000581,236855729,99412,90007,0
01:34:19:820,120000546,236818479,99981,90095,0
01:34:20:020,120000585,236906813,99577,89986,0
01:34:20:220,120000548,236837470,99573,90096,0
01:34:20:420,120000577,236839018,99948,89969,0
01:34:20:620,120000578,236907439,99447,90026,0
01:34:20:820,120000575,236804607,100452,90100,0
01:34:21:420,120000460,265134111,403,160,0
01:34:21:420,120000460,265134111,403,160,0
01:34:21:620,120000604,240449259,86809,78623,0
01:34:21:820,120000585,236843102,100443,90025,0
01:34:22:020,120000564,236843357,99485,90107,0
01:34:22:220,120000574,236848399,99878,90359,0
01:34:22:420,120000573,236846672,99988,90114,0
01:34:22:620,120000549,236830546,99484,90107,0
01:34:22:820,120000578,236872519,100252,89982,0
01:34:23:020,120000525,236853518,99592,90099,0
01:34:23:220,120000591,236817413,100096,90092,0
01:34:23:420,120000548,236885712,100016,89997,0
01:34:23:620,120000569,236863572,99314,90041,0
01:34:23:820,120000470,236822429,99793,90104,0
01:34:24:020,120000570,236895640,99244,90090,0
01:34:24:220,120000538,236871583,99722,90064,0
01:34:24:420,120000572,236838916,99631,90106,0
01:34:24:620,120000444,236861727,99281,90046,0
01:34:24:820,120000577,236872542,100272,90037,0
01:34:25:020,120000460,236829472,99710,90115,0
01:34:25:220,120000568,236854589,100344,89863,0
01:34:25:420,120000569,236865374,99913,90052,0
01:34:25:620,120000572,236833358,99854,90020,0
01:34:25:820,120000578,236843556,100298,90299,0
01:34:26:020,120000566,236854115,99847,90063,0
01:34:26:220,120000572,236832424,99757,90092,0
01:34:26:420,120000558,236878571,99658,89960,0
01:34:26:620,120000573,236878240,99793,89873,0
01:34:26:820,120000542,236835744,100018,90052,0
01:34:27:020,120000570,236851118,99756,90099,0
01:34:27:220,120000572,236874328,99656,90048,0
01:34:27:420,120000574,236861720,99074,90117,0
01:34:27:620,120000475,236830637,100398,89924,0
01:34:27:820,120000574,236868426,99692,90028,0
01:34:28:020,120000519,236812396,100319,90105,0
01:34:28:220,120000571,236861557,100195,90075,0
01:34:28:420,120000465,236858279,99774,90066,0
01:34:28:620,120000571,236836098,99933,89994,0
01:34:28:820,120000451,236864736,99965,90086,0
01:34:29:020,120000567,236866822,99936,90049,0
01:34:29:220,120000569,236850355,99280,90111,0
01:34:29:420,120000566,236858475,99358,90095,0
01:34:29:620,120000572,236901038,99495,90038,0
01:34:29:820,120000580,236824398,99748,90091,0
01:34:30:020,120000573,236836237,100231,90097,0
01:34:30:220,120000560,236901760,99376,90043,0
01:34:30:420,120000569,236811828,100260,90106,0
01:34:30:620,120000542,236837958,99902,90093,0
01:34:30:820,120000578,236878671,99690,90041,0
01:34:31:020,120000541,236825448,100047,90092,0
01:34:31:220,120000572,236841347,100028,90076,0
01:34:31:420,120000569,236861039,99695,89962,0
01:34:31:620,120000569,236828454,100015,90114,0
01:34:31:820,120000471,236870803,99633,90006,0
01:34:32:020,120000580,236883822,99711,90041,0
01:34:32:220,120000443,236850768,99095,90106,0
01:34:32:420,120000575,236832970,100160,90079,0
01:34:32:620,120000453,236893780,99097,90049,0
01:34:32:820,120000573,236825457,99705,90096,0
01:34:33:020,120000573,236848638,100026,90060,0
01:34:33:220,120000577,236870623,99447,90442,0
01:34:33:420,120000578,236819785,100137,90099,0
01:34:33:620,120000576,236852393,99742,90086,0
01:34:33:820,120000574,236855146,99868,90377,0
01:34:34:020,120000576,236813898,100256,90205,0
01:34:34:220,120000571,236875682,99703,90064,0
01:34:34:420,120000582,236848941,100069,90081,0
01:34:34:620,120000574,236847255,99653,90104,0
01:34:34:820,120000548,236868473,99838,90072,0
01:34:35:020,120000575,236883396,99243,90060,0
01:34:35:220,120000534,236838531,99634,90096,0
01:34:35:420,120000569,236852164,99785,90086,0
01:34:35:620,120000536,236909351,98851,89952,0
01:34:35:820,120000566,236825359,100439,89901,0
01:34:36:020,120000468,236827280,99502,90477,0
01:34:36:220,120000568,236871751,99974,90267,0
01:34:36:420,120000456,236825108,99970,90101,0
01:34:37:020,120000448,265142340,401,155,0
01:34:37:020,120000448,265142340,401,155,0
01:34:37:220,120000580,245218574,70431,63418,0
01:34:37:420,120000593,236826821,100064,90099,0
01:34:37:620,120000537,236888916,99753,90370,0
01:34:37:820,120000563,236803562,99787,90555,0
01:34:38:020,120000478,236846685,99606,90306,0
01:34:38:220,120000594,236893019,99472,90045,0
01:34:38:420,120000457,236809810,100211,90077,0
01:34:38:620,120000572,236861256,99541,90072,0
01:34:38:820,120000482,236868557,100300,90037,0
01:34:39:020,120000574,236846703,99346,90121,0
01:34:39:220,120000450,236841611,100034,90036,0
01:34:39:420,120000567,236881427,100081,90036,0
01:34:39:620,120000571,236843990,99404,90124,0
01:34:39:820,120000573,236836579,99860,90079,0
01:34:40:020,120000574,236914266,99374,89966,0
01:34:40:220,120000570,236811566,99882,90065,0
01:34:40:420,120000575,236837241,99751,90109,0
01:34:40:620,120000580,236898655,99815,90019,0
01:34:40:820,120000575,236825627,100462,90090,0
01:34:41:020,120000543,236836460,99520,90103,0
01:34:41:220,120000575,236873038,100308,90016,0
01:34:41:420,120000535,236817998,99400,90394,0
01:34:41:620,120000570,236838979,100014,90525,0
01:34:41:820,120000556,236834698,99819,90346,0
01:34:42:020,120000581,236830631,99811,90056,0
01:34:42:220,120000464,236878713,100338,89960,0
01:34:42:420,120000581,236842959,99578,90083,0
01:34:42:620,120000469,236825888,100004,90047,0
01:34:42:820,120000568,236901006,99757,89937,0
01:34:43:020,120000453,236871966,99375,90031,0
01:34:43:220,120000571,236822879,100243,90057,0
01:34:43:420,120000571,236876235,99206,90094,0
01:34:43:620,120000579,236864989,99696,90042,0
01:34:43:820,120000577,236857138,99129,90121,0
01:34:44:020,120000578,236841968,100048,90028,0
01:34:44:220,120000573,236873724,99896,90038,0
01:34:44:420,120000545,236848869,98994,90103,0
01:34:44:620,120000566,236848641,99632,90126,0
01:34:44:820,120000569,236901396,99574,90038,0
01:34:45:020,120000572,236837582,99868,90112,0
01:34:45:220,120000551,236852754,99454,90137,0
01:34:45:420,120000566,236880119,99865,90166,0
01:34:45:620,120000544,236798981,99962,90565,0
01:34:45:820,120000573,236843863,99082,90307,0
01:34:46:020,120000519,236891452,100096,90012,0
01:34:46:220,120000574,236846427,99447,90115,0
01:34:46:420,120000440,236830584,99661,90296,0
01:34:46:620,120000566,236919693,99569,90039,0
01:34:46:820,120000440,236828380,99939,90068,0
01:34:47:020,120000572,236826100,100257,90028,0
01:34:47:220,120000566,236895294,99527,90038,0
01:34:47:420,120000566,236807234,100147,90112,0
01:34:47:620,120000569,236833772,99511,90101,0
01:34:47:820,120000560,236896928,99895,90027,0
01:34:48:020,120000572,236842849,99559,90111,0
01:34:48:220,120000547,236813270,100034,90398,0
01:34:48:420,120000567,236894089,99720,90087,0
01:34:48:620,120000538,236859985,99231,89965,0
01:34:48:820,120000573,236819447,99797,90088,0
01:34:49:020,120000569,236896746,99794,90033,0
01:34:49:220,120000574,236839805,99426,90107,0
01:34:49:420,120000475,236816390,100312,90025,0
01:34:49:620,120000577,236902093,99385,90051,0
01:34:49:820,120000463,236816007,99877,89980,0
01:34:50:020,120000567,236843628,99569,90110,0
01:34:50:220,120000456,236886475,99881,90028,0
01:34:50:420,120000573,236828795,100156,90074,0
01:34:50:620,120000449,236842638,99293,90118,0
01:34:50:820,120000569,236904559,99542,90022,0
01:34:51:020,120000578,236859021,99102,89980,0
01:34:51:220,120000584,236831182,99822,90040,0
01:34:51:420,120000570,236888156,100008,89985,0
01:34:51:620,120000566,236838358,99408,90099,0
01:34:51:820,120000575,236830694,99893,90101,0
01:34:52:020,120000578,236915267,99204,89980,0
01:34:52:620,120000454,265133843,403,166,0
01:34:52:620,120000454,265133843,403,166,0
01:34:52:820,120000620,250030346,53511,48203,0
01:34:53:020,120000470,236846024,99196,90105,0
01:34:53:220,120000584,236844473,99554,90105,0
01:34:53:420,120000575,236878849,100459,90024,0
01:34:53:620,120000581,236823838,99843,90107,0
01:34:53:820,120000597,236816556,100373,90024,0
01:34:54:020,120000579,236895144,99579,90035,0
01:34:54:220,120000576,236825791,99991,90112,0
01:34:54:420,120000568,236816469,100333,90105,0
01:34:54:620,120000573,236894884,99537,90043,0
01:34:54:820,120000544,236825118,99971,90101,0
01:34:55:020,120000578,236852805,99192,90055,0
01:34:55:220,120000577,236863738,99928,90417,0
01:34:55:420,120000568,236807373,100005,90467,0
01:34:55:620,120000539,236835952,99942,90091,0
01:34:55:820,120000566,236896093,99707,90043,0
01:34:56:020,120000530,236843114,99179,90104,0
01:34:56:220,120000577,236845531,99407,90092,0
01:34:56:420,120000441,236897117,99617,90029,0
01:34:56:620,120000588,236827550,100097,90107,0
01:34:56:820,120000450,236832899,99825,90096,0
01:34:57:020,120000595,236907925,99745,89966,0
01:34:57:220,120000443,236828256,100012,90064,0
01:34:57:420,120000575,236830613,99183,90430,0
01:34:57:620,120000575,236873892,100336,90250,0
01:34:57:820,120000573,236791572,99998,90560,0
01:34:58:020,120000568,236837857,99834,90517,0
01:34:58:220,120000575,236851280,100105,90056,0
01:34:58:420,120000570,236834752,99548,90099,0
01:34:58:620,120000572,236864638,100302,90066,0
01:34:58:820,120000566,236873472,99222,90082,0
01:34:59:020,120000474,236826410,99767,90103,0
01:34:59:220,120000570,236873969,99656,90089,0
01:34:59:420,120000580,236878152,99433,90042,0
01:34:59:620,120000576,236854018,99904,89916,0
01:34:59:820,120000487,236843614,99520,90085,0
01:35:00:020,120000571,236890920,99711,90043,0
01:35:00:220,120000475,236846261,99590,90113,0
01:35:00:420,120000572,236833957,99833,90094,0
01:35:00:620,120000505,236891048,99998,90010,0
01:35:00:820,120000562,236834207,99711,90107,0
01:35:01:020,120000443,236823198,100277,90047,0
01:35:01:220,120000572,236910743,99485,90038,0
01:35:01:420,120000569,236825314,99746,90097,0
01:35:01:620,120000566,236824942,100001,90040,0
01:35:01:820,120000572,236879579,99536,90345,0
01:35:02:020,120000578,236842597,99819,90033,0
01:35:02:220,120000572,236833516,99688,90118,0
01:35:02:420,120000569,236900691,99329,90031,0
01:35:02:620,120000566,236822717,100013,90161,0
01:35:02:820,120000541,236817897,99821,90544,0
01:35:03:020,120000570,236861005,99955,90147,0
01:35:03:220,120000535,236825160,99472,90114,0
01:35:03:420,120000567,236859630,100015,90058,0
01:35:03:620,120000572,236857735,99496,90073,0
01:35:03:820,120000578,236824836,99782,90087,0
01:35:04:020,120000481,236867269,99876,90085,0
01:35:04:220,120000573,236845261,99807,90073,0
01:35:04:420,120000466,236822326,99873,90112,0
01:35:04:620,120000576,236900682,99217,90081,0
01:35:04:820,120000453,236870284,99571,90068,0
01:35:05:020,120000579,236854680,99178,90110,0
01:35:05:220,120000576,236847260,99945,90084,0
01:35:05:420,120000577,236870707,99934,90086,0
01:35:05:620,120000575,236818143,99553,90566,0
01:35:05:820,120000576,236855574,99588,90534,0
01:35:06:020,120000574,236845405,99443,90465,0
01:35:06:220,120000545,236798072,100138,90446,0
01:35:06:420,120000580,236889220,99425,90279,0
01:35:06:620,120000545,236834166,99618,90260,0
01:35:06:820,120000575,236807920,99959,90182,0
01:35:07:020,120000559,236887714,99829,89979,0
01:35:07:220,120000578,236839592,99674,90031,0
01:35:07:420,120000467,236835793,99898,90168,0
01:35:07:620,120000570,236883180,99518,90415,0
01:35:08:220,120000469,265134181,403,157,0
01:35:08:220,120000469,265134181,403,157,0
01:35:08:420,120000616,254637047,37509,33501,0
01:35:08:620,120000556,236826297,99491,90109,0
01:35:08:820,120000574,236893027,99970,90016,0
01:35:09:020,120000542,236842899,99249,90107,0
01:35:09:220,120000570,236808446,100280,90095,0
01:35:09:420,120000600,236893411,99812,90031,0
01:35:09:620,120000575,236855525,99064,90098,0
01:35:09:820,120000481,236820049,100180,90092,0
01:35:10:020,120000594,236885278,99857,90023,0
01:35:10:220,120000537,236814216,100288,90096,0
01:35:10:420,120000580,236839464,99425,90101,0
01:35:10:620,120000457,236898566,100112,89944,0
01:35:10:820,120000576,236837939,99965,90097,0
01:35:11:020,120000449,236842997,99402,90118,0
01:35:11:220,120000575,236879332,100186,90021,0
01:35:11:420,120000454,236832595,99469,90276,0
01:35:11:620,120000571,236814073,99624,90561,0
01:35:11:820,120000566,236882876,99643,90359,0
01:35:12:020,120000563,236801968,100083,90339,0
01:35:12:220,120000572,236846727,100161,90080,0
01:35:12:420,120000566,236880875,99262,90058,0
01:35:12:620,120000571,236820844,100014,89957,0
01:35:12:820,120000565,236857826,99567,90080,0
01:35:13:020,120000577,236825578,100304,90355,0
01:35:13:220,120000535,236822246,99795,90109,0
01:35:13:420,120000570,236891150,99680,90013,0
01:35:13:620,120000550,236833691,100068,90287,0
01:35:13:820,120000575,236838360,99636,90434,0
01:35:14:020,120000475,236888101,100282,89830,0
01:35:14:220,120000582,236829416,99933,90079,0
01:35:14:420,120000456,236828805,99775,90111,0
01:35:14:620,120000578,236876788,100253,90308,0
01:35:14:820,120000471,236831072,99673,90056,0
01:35:15:020,120000573,236806186,100344,90089,0
01:35:15:220,120000453,236917040,99515,90008,0
01:35:15:420,120000577,236836753,99689,90098,0
01:35:15:620,120000576,236838905,99550,90101,0
01:35:15:820,120000571,236903275,99240,90037,0
01:35:16:020,120000581,236841606,99899,90076,0
01:35:16:220,120000542,236829571,99885,90118,0
01:35:16:420,120000567,236884891,100153,89941,0
01:35:16:620,120000551,236838092,100065,90093,0
01:35:16:820,120000578,236831640,99978,90109,0
01:35:17:020,120000553,236889013,100173,90031,0
01:35:17:220,120000570,236852421,99520,90097,0
01:35:17:420,120000463,236810568,100124,90094,0
01:35:17:620,120000576,236889677,99801,90126,0
01:35:17:820,120000551,236802982,100103,90449,0
01:35:18:020,120000574,236842065,99270,90107,0
01:35:18:220,120000444,236916036,99293,90036,0
01:35:18:420,120000578,236846253,99596,90089,0
01:35:18:620,120000463,236844803,99361,90103,0
01:35:18:820,120000581,236880077,99619,90036,0
01:35:19:020,120000456,236847805,99987,90012,0
01:35:19:220,120000580,236826703,99791,90115,0
01:35:19:420,120000567,236884346,99920,90050,0
01:35:19:620,120000572,236824461,99916,90447,0
01:35:19:820,120000574,236819216,99833,90435,0
01:35:20:020,120000573,236902745,99313,90034,0
01:35:20:220,120000572,236813529,99943,90309,0
01:35:20:420,120000541,236843197,99659,90104,0
01:35:20:620,120000576,236910816,99185,90051,0
01:35:20:820,120000522,236839585,99934,89989,0
01:35:21:020,120000586,236856486,99237,90099,0
01:35:21:220,120000547,236869301,100087,90172,0
01:35:21:420,120000575,236824707,99720,90463,0
01:35:21:620,120000467,236811370,99562,90559,0
01:35:21:820,120000575,236893381,100358,90076,0
01:35:22:020,120000537,236847513,99380,90117,0
01:35:22:220,120000575,236836255,99751,90088,0
01:35:22:620,120000578,236838189,99362,90120,0
01:35:22:820,120000459,236833647,99713,90100,0
01:35:23:020,120000583,236902750,99717,90053,0
01:35:23:220,120000577,236836598,99859,90082,0
01:35:23:420,120000576,236846077,99527,90059,0
01:35:23:820,120000481,265141292,402,155,0
01:35:24:020,120000606,259567077,19892,17847,0
01:35:24:220,120000576,236839434,99755,90120,0
01:35:24:420,120000550,236848154,99510,90085,0
01:35:24:620,120000558,236901249,99754,89991,0
01:35:24:820,120000455,236831648,100032,89978,0
01:35:25:020,120000560,236834107,99372,90394,0
01:35:25:220,120000541,236876367,99744,90455,0
01:35:25:420,120000583,236830730,99285,90567,0
01:35:25:620,120000449,236832852,99921,90470,0
01:35:25:820,120000604,236875539,99253,90481,0
01:35:26:020,120000579,236831806,99049,90518,0
01:35:26:220,120000574,236844790,100160,90082,0
01:35:26:420,120000572,236866374,99619,90228,0
01:35:26:620,120000527,236789888,99944,90468,0
01:35:26:820,120000569,236872885,100133,90447,0
01:35:27:020,120000536,236837210,99307,90489,0
01:35:27:220,120000576,236784410,100291,90558,0
01:35:27:420,120000572,236877051,99586,90408,0
01:35:27:620,120000578,236832896,99752,90156,0
01:35:27:820,120000547,236805379,99796,90578,0
01:35:28:020,120000578,236872349,100037,90277,0
01:35:28:220,120000523,236815449,100234,90101,0
01:35:28:420,120000571,236866599,99741,90006,0
01:35:28:620,120000530,236911590,99669,89810,0
01:35:28:820,120000581,236862405,99226,90115,0
01:35:29:020,120000456,236828709,99857,90093,0
01:35:29:220,120000568,236886217,100463,90024,0
01:35:29:420,120000456,236831071,99899,90104,0
01:35:29:620,120000568,236802805,100629,90112,0
01:35:29:820,120000571,236912619,99391,90038,0
01:35:30:020,120000581,236834711,99883,90001,0
01:35:30:220,120000575,236820413,100145,90102,0
01:35:30:420,120000579,236885105,100277,90030,0
01:35:30:620,120000580,236827735,99885,90106,0
01:35:30:820,120000545,236860054,99154,90107,0
01:35:31:020,120000564,236910575,99581,90029,0
01:35:31:220,120000554,236849120,99502,90025,0
01:35:31:420,120000563,236839941,99392,90110,0
01:35:31:620,120000539,236877095,100165,90038,0
01:35:31:820,120000575,236845708,99549,90100,0
01:35:32:020,120000477,236819707,100150,90106,0
01:35:32:220,120000568,236896387,99968,90020,0
01:35:32:420,120000524,236836649,99741,90109,0
01:35:32:620,120000574,236846938,99433,90115,0
01:35:32:820,120000457,236908125,99263,90033,0
01:35:33:020,120000574,236853726,99450,90091,0
01:35:33:220,120000459,236852482,98839,90134,0
01:35:33:420,120000574,236868378,99959,90053,0
01:35:33:620,120000578,236838958,99513,90313,0
01:35:33:820,120000580,236809191,99759,90462,0
01:35:34:020,120000570,236890742,99728,90118,0
01:35:34:220,120000535,236824366,99683,90074,0
01:35:34:420,120000575,236845892,99749,90097,0
01:35:34:620,120000575,236896199,99508,90029,0
01:35:34:820,120000573,236850768,99561,90093,0
01:35:35:020,120000536,236811333,100037,90108,0
01:35:35:220,120000569,236900027,99783,90013,0
01:35:35:420,120000554,236839021,99654,90031,0
01:35:35:620,120000571,236839221,99463,90109,0
01:35:35:820,120000545,236876053,100229,89903,0
01:35:36:020,120000578,236841017,99460,90109,0
01:35:36:220,120000463,236840659,99346,90106,0
01:35:36:420,120000568,236888462,99735,90063,0
01:35:36:620,120000477,236834445,99784,90114,0
01:35:36:820,120000574,236826279,99849,90109,0
01:35:37:020,120000474,236888653,99802,90039,0
01:35:37:220,120000579,236840504,99869,90089,0
01:35:37:420,120000570,236853232,99429,90122,0
01:35:37:620,120000575,236875094,99766,90050,0
01:35:37:820,120000580,236859911,99675,90061,0
01:35:38:020,120000578,236837603,99635,90173,0
01:35:38:220,120000570,236870581,99502,90064,0
01:35:38:420,120000572,236879164,99070,90066,0
01:35:38:620,120000577,236847283,99614,90104,0
01:35:38:820,120000551,236836683,100421,90080,0
01:35:39:020,120000567,236876067,99476,90053,0
01:35:39:420,120000480,265141520,402,168,0
01:35:39:620,120000609,264168595,3848,3131,0
01:35:39:820,120000812,236866066,99607,90085,0
01:35:40:020,120000574,236879303,99102,90057,0
01:35:40:220,120000572,236824599,100142,90041,0
01:35:40:420,120000570,236860861,99727,90098,0
01:35:40:620,120000574,236901416,99058,90065,0
01:35:40:820,120000600,236811878,100330,90107,0
01:35:41:020,120000571,236851219,99442,90098,0
01:35:41:220,120000569,236862868,100196,90026,0
01:35:41:420,120000597,236837522,99669,90121,0
01:35:41:620,120000549,236846292,100231,90066,0
01:35:41:820,120000567,236871842,99999,90057,0
01:35:42:020,120000539,236821505,99913,90093,0
01:35:42:220,120000581,236860628,99995,90044,0
01:35:42:420,120000556,236834777,99424,90519,0
01:35:42:620,120000576,236816675,99685,90458,0
01:35:42:820,120000519,236872522,99411,90487,0
01:35:43:020,120000579,236809073,99798,90475,0
01:35:43:220,120000469,236849363,99222,90100,0
01:35:43:420,120000582,236914450,98960,90052,0
01:35:43:620,120000454,236834686,99831,90026,0
01:35:43:820,120000579,236826499,99570,90280,0
01:35:44:020,120000570,236881012,100265,90012,0
01:35:44:220,120000559,236844671,99638,90115,0
01:35:44:420,120000578,236828669,99821,90096,0
01:35:44:620,120000576,236890616,100138,90021,0
01:35:44:820,120000572,236854584,99203,90104,0
01:35:45:020,120000544,236823629,99944,90088,0
01:35:45:220,120000579,236901194,99335,90066,0
01:35:45:420,120000581,236863271,99270,90078,0
01:35:45:620,120000566,236847190,99161,90107,0
01:35:45:820,120000544,236856366,99897,90064,0
01:35:46:020,120000578,236838061,100484,90058,0
01:35:46:220,120000457,236859853,99210,89943,0
01:35:46:420,120000571,236864245,100361,89901,0
01:35:46:620,120000469,236844518,100038,90043,0
01:35:46:820,120000582,236851840,99338,90101,0
01:35:47:020,120000455,236868705,99737,90073,0
01:35:47:220,120000580,236880674,99631,89979,0
01:35:47:420,120000441,236808063,100074,90090,0
01:35:47:620,120000575,236880019,99032,90109,0
01:35:47:820,120000571,236897758,99476,90048,0
01:35:48:020,120000585,236825245,99970,90106,0
01:35:48:220,120000566,236843609,99454,90060,0
01:35:48:420,120000560,236882591,99722,90333,0
01:35:48:620,120000575,236854366,99256,90110,0
01:35:48:820,120000539,236815419,100368,90233,0
01:35:49:020,120000577,236900597,99286,90185,0
01:35:49:220,120000549,236805487,100287,90091,0
01:35:49:420,120000575,236852069,99660,90087,0
01:35:49:620,120000572,236898209,99154,90047,0
01:35:49:820,120000572,236818094,100051,90088,0
01:35:50:020,120000547,236843824,99294,90101,0
01:35:50:220,120000570,236893905,99767,89929,0
01:35:50:420,120000527,236814568,100158,90105,0
01:35:50:620,120000574,236857146,99088,90113,0
01:35:50:820,120000457,236889210,100161,90006,0
01:35:51:020,120000574,236841310,99592,90117,0
01:35:51:220,120000451,236825785,100066,90098,0
01:35:51:420,120000561,236888385,99742,90041,0
01:35:51:620,120000577,236833232,99895,90096,0
01:35:51:820,120000581,236834224,100108,89980,0
01:35:52:020,120000575,236906201,99343,90036,0
01:35:52:220,120000576,236818611,100194,90096,0
01:35:52:420,120000574,236855884,99372,90106,0
01:35:52:620,120000570,236893829,99620,89972,0
01:35:52:820,120000572,236839604,100132,90068,0
01:35:53:020,120000550,236842124,99373,90065,0
01:35:53:220,120000567,236895891,99849,90038,0
01:35:53:420,120000535,236838090,99440,90110,0
01:35:53:620,120000567,236838934,100114,90077,0
01:35:53:820,120000530,236883208,100201,89938,0
01:35:54:020,120000577,236839260,99365,90110,0
01:35:54:220,120000475,236832289,100140,90044,0
01:35:54:420,120000580,236937892,98879,89914,0
01:35:54:620,120000472,236840923,99542,90081,0
01:35:55:220,120000452,265141703,401,150,0
01:35:55:220,120000452,265141703,401,150,0
01:35:55:420,120000580,240810372,85947,77237,0
01:35:55:620,120000575,236891835,99868,90028,0
01:35:55:820,120000553,236823173,99425,90252,0
01:35:56:020,120000564,236825845,99170,90497,0
01:35:56:220,120000542,236867396,100342,90043,0
01:35:56:420,120000602,236833604,99787,90154,0
01:35:56:620,120000547,236794824,100071,90542,0
01:35:56:820,120000574,236899259,100126,90032,0
01:35:57:020,120000486,236831615,99684,90118,0
01:35:57:220,120000566,236817606,100437,90079,0
01:35:57:420,120000453,236872421,99704,90052,0
01:35:57:620,120000574,236796005,100189,90425,0
01:35:57:820,120000443,236865238,100091,90053,0
01:35:58:020,120000581,236851346,99976,89996,0
01:35:58:220,120000577,236816999,100140,90203,0
01:35:58:420,120000578,236889675,99137,90071,0
01:35:58:620,120000579,236824745,100391,90044,0
01:35:58:820,120000572,236858579,99053,90121,0
01:35:59:020,120000572,236872329,100010,90059,0
01:35:59:220,120000526,236836605,99722,90305,0
01:35:59:420,120000576,236806258,99666,90444,0
01:35:59:620,120000580,236874807,100048,90013,0
01:35:59:820,120000575,236848412,99276,90072,0
01:36:00:020,120000485,236801349,100093,90228,0
01:36:00:220,120000573,236886276,99423,90480,0
01:36:00:420,120000538,236796149,100022,90465,0
01:36:00:620,120000575,236833617,99949,90104,0
01:36:00:820,120000495,236911781,99066,90046,0
01:36:01:020,120000563,236833485,99499,90091,0
01:36:01:220,120000453,236839291,99312,90115,0
01:36:01:420,120000571,236884733,100151,90022,0
01:36:01:620,120000453,236860487,99165,90107,0
01:36:01:820,120000580,236834629,100022,90099,0
01:36:02:020,120000569,236912273,99480,90024,0
01:36:02:220,120000574,236841958,99713,90035,0
01:36:02:420,120000576,236838580,100082,89974,0
01:36:02:620,120000577,236892195,99606,90030,0
01:36:02:820,120000581,236845192,99077,90100,0
01:36:03:020,120000539,236836548,99475,90098,0
01:36:03:220,120000567,236893358,99167,90077,0
01:36:03:420,120000541,236828546,100270,90067,0
01:36:03:620,120000578,236856021,99044,90116,0
01:36:03:820,120000546,236869609,100190,90040,0
01:36:04:020,120000566,236852013,99610,90106,0
01:36:04:220,120000469,236821993,99875,90118,0
01:36:04:420,120000573,236884711,100095,90025,0
01:36:04:620,120000474,236872757,99341,89975,0
01:36:04:820,120000577,236851108,99421,90096,0
01:36:05:020,120000465,236865047,99556,89902,0
01:36:05:220,120000568,236878769,99871,90068,0
01:36:05:420,120000507,236818411,99690,90102,0
01:36:05:620,120000571,236854179,99741,90088,0
01:36:05:820,120000577,236860387,100123,90038,0
01:36:06:020,120000567,236830027,99535,90115,0
01:36:06:220,120000575,236865874,99578,90090,0
01:36:06:420,120000572,236874266,99712,90057,0
01:36:06:620,120000566,236829350,99918,90322,0
01:36:06:820,120000566,236848498,99894,90192,0
01:36:07:020,120000577,236856921,99666,90063,0
01:36:07:220,120000540,236816702,100119,90090,0
01:36:07:420,120000581,236889505,99564,89998,0
01:36:07:620,120000580,236850994,99745,90045,0
01:36:07:820,120000570,236843406,99356,90099,0
01:36:08:020,120000536,236862280,99760,90065,0
01:36:08:220,120000581,236847580,99961,90055,0
01:36:08:420,120000519,236853042,99197,90102,0
01:36:08:620,120000568,236863456,100337,89868,0
01:36:08:820,120000456,236881486,100003,89905,0
01:36:09:020,120000573,236828158,100053,90075,0
01:36:09:220,120000457,236835297,100150,90517,0
01:36:09:420,120000579,236848933,99351,90473,0
01:36:09:620,120000570,236823579,99725,90489,0
01:36:09:821,120000566,236889035,99619,90076,0
01:36:10:021,120000568,236841283,100119,90051,0
01:36:10:221,120000539,236816315,100236,90100,0
01:36:10:821,120000456,265133853,403,147,0
01:36:10:821,120000456,265133853,403,147,0
01:36:11:021,120000615,245611424,68674,62217,0
01:36:11:221,120000465,236827144,99790,90095,0
01:36:11:421,120000575,236885749,99310,90049,0
01:36:11:621,120000437,236861939,99873,90015,0
01:36:11:821,120000580,236838056,100109,90113,0
01:36:12:021,120000474,236861176,99645,90082,0
01:36:12:221,120000573,236863775,100051,90038,0
01:36:12:421,120000577,236826837,99878,90323,0
01:36:12:621,120000599,236848450,100337,90043,0
01:36:12:821,120000579,236863993,100029,89914,0
01:36:13:021,120000578,236818482,100015,90190,0
01:36:13:221,120000577,236881244,99571,90058,0
01:36:13:421,120000578,236866782,99401,90002,0
01:36:13:621,120000573,236816535,100317,90089,0
01:36:13:821,120000547,236885827,99215,90084,0
01:36:14:021,120000567,236862507,99610,90044,0
01:36:14:221,120000538,236839410,99490,90108,0
01:36:14:421,120000581,236862160,100068,89959,0
01:36:14:621,120000531,236885069,99887,89838,0
01:36:14:821,120000572,236835397,99506,90007,0
01:36:15:021,120000475,236847842,99544,90087,0
01:36:15:221,120000578,236894001,99585,89832,0
01:36:15:421,120000449,236828474,99876,90006,0
01:36:15:621,120000567,236842660,99822,90079,0
01:36:15:821,120000453,236904434,99163,90048,0
01:36:16:021,120000576,236823735,100088,90090,0
01:36:16:221,120000594,236832162,99469,90411,0
01:36:16:421,120000561,236869514,100240,90171,0
01:36:16:621,120000572,236850440,99215,90131,0
01:36:16:821,120000575,236836323,99944,90093,0
01:36:17:021,120000580,236913959,99626,89920,0
01:36:17:221,120000542,236857010,99200,90111,0
01:36:17:421,120000581,236840474,99801,90102,0
01:36:17:621,120000570,236887870,99790,90026,0
01:36:17:821,120000566,236831001,99632,90084,0
01:36:18:021,120000536,236828715,99961,90095,0
01:36:18:221,120000566,236919396,99662,89958,0
01:36:18:421,120000545,236818357,100230,90080,0
01:36:18:621,120000566,236857906,99262,90113,0
01:36:18:821,120000459,236891677,100065,90026,0
01:36:19:021,120000582,236837935,99771,90104,0
01:36:19:221,120000441,236813482,99858,90313,0
01:36:19:421,120000575,236877042,99643,90385,0
01:36:19:621,120000453,236818168,99285,90574,0
01:36:19:821,120000576,236808646,99910,90439,0
01:36:20:021,120000576,236902015,99768,90034,0
01:36:20:221,120000577,236812049,100481,90036,0
01:36:20:421,120000578,236835268,99817,90103,0
01:36:20:621,120000567,236889629,99566,90050,0
01:36:20:821,120000575,236822967,99980,90111,0
01:36:21:021,120000545,236852384,99322,90115,0
01:36:21:221,120000566,236892179,99671,90027,0
01:36:21:421,120000538,236854646,99312,89991,0
01:36:21:621,120000573,236821338,100168,90001,0
01:36:21:821,120000566,236890661,99798,90025,0
01:36:22:021,120000577,236841622,99664,90112,0
01:36:22:221,120000481,236820154,99777,90061,0
01:36:22:421,120000568,236913916,99300,90037,0
01:36:22:621,120000468,236828589,99607,90095,0
01:36:22:821,120000583,236812316,100240,90367,0
01:36:23:021,120000525,236872049,99778,90499,0
01:36:23:221,120000574,236810697,100283,90263,0
01:36:23:421,120000451,236858661,99786,90096,0
01:36:23:621,120000573,236861576,100112,90140,0
01:36:23:821,120000572,236832644,100015,90121,0
01:36:24:021,120000566,236865373,99427,89901,0
01:36:24:221,120000575,236896603,99469,90051,0
01:36:24:421,120000575,236849051,99199,90108,0
01:36:24:621,120000583,236827174,100133,90018,0
01:36:24:821,120000570,236893953,100021,89969,0
01:36:25:021,120000572,236820421,100137,90012,0
01:36:25:221,120000550,236831408,100222,90083,0
01:36:25:421,120000567,236882505,99725,90045,0
01:36:25:621,120000536,236817329,99780,90098,0
01:36:25:821,120000569,236856417,99648,90091,0
01:36:26:421,120000456,265134141,403,155,0
01:36:26:421,120000456,265134141,403,155,0
01:36:26:621,120000614,250352112,52459,47058,0
01:36:26:821,120000574,236888298,99817,89991,0
01:36:27:021,120000577,236813822,100215,90303,0
01:36:27:221,120000570,236838851,99839,90486,0
01:36:27:421,120000574,236835244,99632,90467,0
01:36:27:621,120000566,236801159,100267,90405,0
01:36:27:821,120000572,236881385,99401,90493,0
01:36:28:021,120000536,236838252,99371,90132,0
01:36:28:221,120000598,236817783,100064,90123,0
01:36:28:421,120000549,236894311,99680,90058,0
01:36:28:621,120000572,236818789,100062,90108,0
01:36:28:821,120000477,236849560,99114,90128,0
01:36:29:021,120000565,236893834,99612,90026,0
01:36:29:221,120000539,236840398,99845,90078,0
01:36:29:421,120000569,236867149,99249,90076,0
01:36:29:621,120000471,236888087,99765,90058,0
01:36:29:821,120000574,236866567,99076,90088,0
01:36:30:021,120000445,236837938,99858,90092,0
01:36:30:221,120000567,236869389,99734,90077,0
01:36:30:421,120000566,236860847,99873,90060,0
01:36:30:621,120000566,236831601,99752,90109,0
01:36:30:821,120000574,236877431,99228,90098,0
01:36:31:021,120000581,236833388,100192,90472,0
01:36:31:221,120000576,236861939,99498,90052,0
01:36:31:421,120000572,236843539,100529,90074,0
01:36:31:621,120000572,236847586,99666,90611,0
01:36:31:821,120000544,236821792,99791,90426,0
01:36:32:021,120000579,236873379,100541,89983,0
01:36:32:221,120000542,236835914,99615,90008,0
01:36:32:421,120000569,236843927,99975,90007,0
01:36:32:621,120000474,236884876,99739,90057,0
01:36:32:821,120000568,236849998,99564,90079,0
01:36:33:021,120000446,236816210,100158,90105,0
01:36:33:221,120000581,236890134,99481,90074,0
01:36:33:421,120000475,236831000,100091,90059,0
01:36:33:621,120000584,236841459,99714,90128,0
01:36:33:821,120000452,236874608,100203,90027,0
01:36:34:021,120000582,236821760,99973,90071,0
01:36:34:221,120000575,236852630,99249,90043,0
01:36:34:421,120000572,236883145,100265,90004,0
01:36:34:621,120000575,236807220,99798,90508,0
01:36:34:821,120000574,236787498,100215,90509,0
01:36:35:021,120000575,236898519,99694,90359,0
01:36:35:221,120000539,236813347,99443,90558,0
01:36:35:421,120000573,236833472,99985,90096,0
01:36:35:621,120000574,236892807,99571,90027,0
01:36:35:821,120000578,236848133,99152,90110,0
01:36:36:021,120000542,236830407,99669,90177,0
01:36:36:221,120000573,236884647,100250,90058,0
01:36:36:421,120000544,236815266,100249,90109,0
01:36:36:621,120000575,236843599,99698,90114,0
01:36:36:821,120000542,236889371,99566,90037,0
01:36:37:021,120000581,236857877,99119,90112,0
01:36:37:221,120000441,236820181,99889,90087,0
01:36:37:421,120000580,236904478,99660,90039,0
01:36:37:621,120000457,236822762,99851,90098,0
01:36:37:821,120000573,236830918,99704,90109,0
01:36:38:021,120000564,236888078,99994,90022,0
01:36:38:221,120000575,236815670,100277,90089,0
01:36:38:421,120000577,236846163,99869,90013,0
01:36:38:621,120000573,236881869,99764,90350,0
01:36:38:821,120000560,236798982,100082,90556,0
01:36:39:021,120000578,236847372,100209,90210,0
01:36:39:221,120000572,236840349,100089,90059,0
01:36:39:421,120000561,236842220,99543,90125,0
01:36:39:621,120000574,236874855,99706,90065,0
01:36:39:821,120000566,236851489,99760,90010,0
01:36:40:021,120000578,236828582,99908,90123,0
01:36:40:221,120000545,236867969,100420,90037,0
01:36:40:421,120000571,236860532,99440,90100,0
01:36:40:621,120000498,236815834,100053,90089,0
01:36:40:821,120000572,236885619,99970,89996,0
01:36:41:021,120000475,236839673,99801,90073,0
01:36:41:221,120000584,236834375,99869,90007,0
01:36:41:421,120000478,236881151,99674,90437,0
01:36:42:021,120000465,265141724,401,152,0
01:36:42:021,120000465,265141724,401,152,0
01:36:42:221,120000618,255010060,36244,32295,0
01:36:42:421,120000582,236848149,99309,90113,0
01:36:42:621,120000546,236838277,100137,90068,0
01:36:42:821,120000569,236875975,99780,90056,0
01:36:43:021,120000516,236828386,99833,90098,0
01:36:43:221,120000601,236858275,100208,90103,0
01:36:43:421,120000541,236871783,99516,90052,0
01:36:43:621,120000575,236819296,100303,90093,0
01:36:43:821,120000471,236872044,99477,90099,0
01:36:44:021,120000576,236882955,99834,90024,0
01:36:44:221,120000460,236849376,99677,89670,0
01:36:44:421,120000568,236840028,99908,90030,0
01:36:44:621,120000569,236906713,99620,90034,0
01:36:44:821,120000580,236853546,99179,90035,0
01:36:45:021,120000573,236826457,100183,90037,0
01:36:45:221,120000578,236915214,99452,89931,0
01:36:45:421,120000575,236823875,100177,90098,0
01:36:45:621,120000551,236811592,100113,90070,0
01:36:45:821,120000571,236910939,99549,90036,0
01:36:46:021,120000545,236843034,99572,90100,0
01:36:46:221,120000582,236847633,99548,90114,0
01:36:46:421,120000539,236883284,100230,89892,0
01:36:46:621,120000583,236868716,99070,90040,0
01:36:46:821,120000461,236810027,100207,90078,0
01:36:47:021,120000576,236908628,99728,90034,0
01:36:47:221,120000530,236825570,99772,90109,0
01:36:47:421,120000577,236827634,100117,90096,0
01:36:47:621,120000463,236904432,99452,90032,0
01:36:47:821,120000574,236817719,100091,90099,0
01:36:48:021,120000456,236824610,99882,90093,0
01:36:48:221,120000574,236908709,99532,90028,0
01:36:48:421,120000580,236823829,99799,90107,0
01:36:48:621,120000570,236823140,99907,90184,0
01:36:48:821,120000574,236895165,99524,90298,0
01:36:49:021,120000563,236824434,99850,90113,0
01:36:49:221,120000584,236845269,99481,90099,0
01:36:49:421,120000567,236882479,99958,90021,0
01:36:49:621,120000577,236849053,99323,90085,0
01:36:49:821,120000549,236815310,100106,90090,0
01:36:50:021,120000566,236899366,99619,90028,0
01:36:50:221,120000533,236806636,99830,90315,0
01:36:50:421,120000578,236828265,100006,90170,0
01:36:50:621,120000527,236894659,99606,90046,0
01:36:50:821,120000581,236815560,100075,90053,0
01:36:51:021,120000483,236837831,99475,90109,0
01:36:51:221,120000574,236896666,100015,90025,0
01:36:51:421,120000443,236822477,100025,89969,0
01:36:51:621,120000563,236818901,99965,90077,0
01:36:51:821,120000456,236884172,99772,90047,0
01:36:52:021,120000568,236833373,99653,90084,0
01:36:52:221,120000571,236837384,100231,90091,0
01:36:52:421,120000573,236909859,99166,90048,0
01:36:52:621,120000571,236833318,99237,90096,0
01:36:52:821,120000576,236820638,100139,90094,0
01:36:53:021,120000572,236912604,99238,90037,0
01:36:53:221,120000533,236838817,99841,90091,0
01:36:53:421,120000581,236860052,99164,90120,0
01:36:53:621,120000587,236879841,99926,90017,0
01:36:53:821,120000581,236856884,99302,90054,0
01:36:54:021,120000546,236816244,99870,90158,0
01:36:54:221,120000566,236900247,99784,90026,0
01:36:54:421,120000547,236863409,98822,90125,0
01:36:54:621,120000573,236831170,99899,90106,0
01:36:54:821,120000452,236895269,99821,90004,0
01:36:55:221,120000452,236828026,99900,90105,0
01:36:55:421,120000575,236900528,99603,90039,0
01:36:55:621,120000472,236813161,99976,90315,0
01:36:55:821,120000578,236837227,99349,90292,0
01:36:56:021,120000473,236880404,99971,90219,0
01:36:56:221,120000580,236833358,100136,90115,0
01:36:56:421,120000576,236842308,99702,90095,0
01:36:56:621,120000580,236874637,99940,90046,0
01:36:56:821,120000576,236845525,99285,90125,0
01:36:57:021,120000545,236802127,100528,90086,0
01:36:57:221,120000572,236903243,99357,90029,0
01:36:57:621,120000474,265134129,404,160,0
01:36:57:821,120000608,259754604,19286,17149,0
01:36:58:021,120000442,236906913,99329,90039,0
01:36:58:221,120000577,236846662,99314,90117,0
01:36:58:421,120000444,236830470,99733,90036,0
01:36:58:621,120000563,236881830,100402,90025,0
01:36:58:821,120000578,236824935,99822,90103,0
01:36:59:021,120000604,236838824,99903,90084,0
01:36:59:221,120000583,236898560,99744,90033,0
01:36:59:421,120000540,236840494,100011,89940,0
01:36:59:621,120000604,236818600,99991,90276,0
01:36:59:821,120000579,236901704,99412,90241,0
01:37:00:021,120000569,236850006,99390,90111,0
01:37:00:221,120000544,236855873,99378,89947,0
01:37:00:421,120000567,236889517,100088,90022,0
01:37:00:621,120000551,236831054,99970,90111,0
01:37:00:821,120000572,236823687,99951,90118,0
01:37:01:021,120000551,236899855,99961,90025,0
01:37:01:221,120000574,236839331,99249,90509,0
01:37:01:421,120000481,236775256,100254,90510,0
01:37:01:621,120000570,236888731,99892,90222,0
01:37:01:821,120000444,236807728,99988,90082,0
01:37:02:021,120000560,236844516,100083,90032,0
01:37:02:221,120000459,236889120,99749,89954,0
01:37:02:421,120000568,236824716,100085,90114,0
01:37:02:621,120000563,236848707,99603,90060,0
01:37:02:821,120000572,236886177,99972,89991,0
01:37:03:021,120000566,236834928,99760,90113,0
01:37:03:221,120000572,236847035,99073,90115,0
01:37:03:421,120000580,236895064,99988,90035,0
01:37:03:621,120000534,236833825,99585,90105,0
01:37:03:821,120000569,236822600,100174,90085,0
01:37:04:021,120000575,236912151,99595,89941,0
01:37:04:221,120000580,236835181,99885,89956,0
01:37:04:421,120000549,236834784,100186,90067,0
01:37:04:621,120000571,236917416,99523,90046,0
01:37:04:821,120000545,236809870,100368,90111,0
01:37:05:021,120000573,236819645,99559,90418,0
01:37:05:221,120000513,236888893,100149,90036,0
01:37:05:421,120000568,236835601,99717,90082,0
01:37:05:621,120000437,236847855,99362,90109,0
01:37:05:821,120000575,236904695,99621,90029,0
01:37:06:021,120000450,236840627,99290,90056,0
01:37:06:221,120000583,236823486,99859,90100,0
01:37:06:421,120000566,236893489,99889,89980,0
01:37:06:621,120000569,236840728,99837,90114,0
01:37:06:821,120000575,236827372,99833,90103,0
01:37:07:021,120000569,236899540,99319,89962,0
01:37:07:221,120000566,236834316,99863,90000,0
01:37:07:421,120000542,236836525,99549,90095,0
01:37:07:621,120000577,236894244,99995,90026,0
01:37:07:821,120000564,236830128,99778,90120,0
01:37:08:021,120000563,236849986,99312,90115,0
01:37:08:221,120000547,236891938,99952,90032,0
01:37:08:421,120000572,236842474,99435,90110,0
01:37:08:621,120000476,236814791,100208,90095,0
01:37:08:821,120000573,236903262,99522,90032,0
01:37:09:021,120000542,236826009,99960,90015,0
01:37:09:221,120000580,236810074,100037,90528,0
01:37:09:421,120000457,236886444,99777,90050,0
01:37:09:621,120000568,236832412,99899,90090,0
01:37:09:821,120000447,236857856,99395,90036,0
01:37:10:021,120000580,236896124,99901,89890,0
01:37:10:221,120001174,236824364,99924,90112,0
01:37:10:421,120000570,236838690,99444,90114,0
01:37:10:621,120000574,236880327,99944,90201,0
01:37:10:821,120000567,236828297,99499,90341,0
01:37:11:021,120000578,236820550,99999,90098,0
01:37:11:221,120000566,236919394,99420,89749,0
01:37:11:421,120000580,236843872,99503,89801,0
01:37:11:621,120000542,236836802,99958,89698,0
01:37:11:821,120000570,236910278,99617,89958,0
01:37:12:021,120000542,236822879,100085,90093,0
01:37:12:221,120000580,236848836,99442,90111,0
01:37:12:421,120000540,236856608,100803,89936,0
01:37:12:621,120000571,236846462,99363,90103,0
01:37:12:821,120000481,236811650,100087,90053,0
01:37:13:221,120000476,265133696,404,172,0
01:37:13:421,120000610,264562135,2444,1934,0
01:37:13:621,120000548,236818408,100089,90046,0
01:37:13:821,120000569,236903183,99674,89929,0
01:37:14:021,120000534,236829241,99932,90120,0
01:37:14:221,120000575,236829671,100056,90100,0
01:37:14:421,120000575,236884517,99778,90023,0
01:37:14:621,120000605,236815636,100229,90097,0
01:37:14:821,120000478,236846929,99298,90110,0
01:37:15:021,120000574,236857133,100595,90252,0
01:37:15:221,120000556,236832531,99389,90309,0
01:37:15:421,120000578,236829686,100341,90098,0
01:37:15:621,120000534,236868070,100027,90031,0
01:37:15:821,120000572,236829810,99736,90093,0
01:37:16:021,120000445,236838648,100037,90089,0
01:37:16:221,120000567,236902033,98986,90065,0
01:37:16:421,120000437,236829579,99764,90114,0
01:37:16:621,120000572,236835702,99938,90098,0
01:37:16:821,120000569,236890457,99576,90050,0
01:37:17:021,120000566,236842953,99413,90133,0
01:37:17:221,120000572,236854557,99127,90115,0
01:37:17:421,120000575,236868280,99947,90263,0
01:37:17:621,120000574,236805639,99709,90564,0
01:37:17:821,120000572,236832527,99723,90521,0
01:37:18:021,120000582,236861440,99553,90268,0
01:37:18:221,120000542,236835039,99597,90123,0
01:37:18:421,120000572,236866710,100007,90071,0
01:37:18:621,120000569,236881624,99095,90056,0
01:37:18:821,120000574,236794599,100240,90319,0
01:37:19:021,120000543,236860604,99955,90451,0
01:37:19:221,120000578,236823049,99957,90131,0
01:37:19:421,120000468,236825657,99767,90097,0
01:37:19:621,120000565,236890518,99965,90107,0
01:37:19:821,120000522,236795670,99996,90560,0
01:37:20:021,120000576,236853730,99295,90173,0
01:37:20:221,120000457,236884896,100297,89978,0
01:37:20:421,120000568,236828569,100032,90101,0
01:37:20:621,120000572,236850800,99218,90098,0
01:37:20:821,120000577,236899058,99767,89988,0
01:37:21:021,120000581,236820017,99283,90393,0
01:37:21:221,120000578,236807226,99615,90557,0
01:37:21:421,120000570,236893468,99595,90423,0
01:37:21:621,120000541,236807671,99682,90538,0
01:37:21:821,120000573,236824360,99585,90555,0
01:37:22:021,120000571,236896568,99192,90502,0
01:37:22:221,120000578,236803291,100294,90482,0
01:37:22:421,120000551,236851493,99611,90168,0
01:37:22:621,120000575,236882250,99772,90038,0
01:37:22:821,120000545,236813775,100351,90065,0
01:37:23:021,120000570,236872318,99181,89993,0
01:37:23:221,120000538,236882901,100013,90026,0
01:37:23:421,120000564,236859630,99245,90067,0
01:37:23:621,120000448,236817615,100383,90088,0
01:37:23:821,120000572,236902706,99727,89977,0
01:37:24:021,120000449,236829464,100069,89819,0
01:37:24:221,120000575,236834233,99845,90095,0
01:37:24:421,120000575,236916830,99262,90044,0
01:37:24:621,120000575,236830759,99718,90089,0
01:37:24:821,120000564,236854716,99010,90110,0
01:37:25:021,120000577,236881634,100034,90191,0
01:37:25:221,120000570,236827093,99333,90570,0
01:37:25:421,120000536,236809891,99684,90464,0
01:37:25:621,120000575,236872954,99764,90351,0
01:37:25:821,120000530,236833525,99423,90103,0
01:37:26:021,120000566,236833084,100248,90087,0
01:37:26:221,120000572,236884524,99538,90034,0
01:37:26:421,120000571,236819555,99820,90158,0
01:37:26:621,120000551,236834564,100007,90540,0
01:37:26:821,120000573,236849901,99448,90521,0
01:37:27:021,120000458,236818426,99618,90393,0
01:37:27:221,120000566,236869351,100226,90041,0
01:37:27:421,120000541,236818247,100228,90101,0
01:37:27:621,120000584,236826681,99906,90083,0
01:37:27:821,120000441,236885590,99601,90400,0
01:37:28:021,120000577,236808528,100468,90244,0
01:37:28:221,120000454,236850928,99292,90110,0
01:37:28:421,120000585,236891531,100058,89963,0
01:37:29:021,120000464,265134304,403,165,0
01:37:29:021,120000464,265134304,403,165,0
01:37:29:221,120000612,241201745,83987,76247,0
01:37:29:421,120000480,236830240,99537,90103,0
01:37:29:621,120000577,236905011,99619,90037,0
01:37:29:821,120000452,236850983,99337,90109,0
01:37:30:021,120000567,236816477,100200,90027,0
01:37:30:221,120000466,236905304,99538,90038,0
01:37:30:421,120000565,236833259,99787,90110,0
01:37:30:621,120000456,236838479,99944,90001,0
01:37:30:821,120000597,236898756,99585,90187,0
01:37:31:021,120000577,236815927,99734,90476,0
01:37:31:221,120000578,236829408,99525,90385,0
01:37:31:421,120000570,236896155,100448,89868,0
01:37:31:621,120000560,236830399,99841,90130,0
01:37:31:821,120000560,236836755,99385,90118,0
01:37:32:021,120000579,236890906,99829,90005,0
01:37:32:221,120000579,236845584,99711,90041,0
01:37:32:421,120000540,236815541,100061,90101,0
01:37:32:621,120000572,236889767,99904,89955,0
01:37:32:821,120000469,236827146,99695,90094,0
01:37:33:021,120000567,236824527,100100,90094,0
01:37:33:221,120000527,236902010,99690,90028,0
01:37:33:421,120000575,236830304,99606,90086,0
01:37:33:621,120000478,236834818,99417,90105,0
01:37:33:821,120000567,236899365,99660,90024,0
01:37:34:021,120000507,236833709,99587,90101,0
01:37:34:221,120000579,236826714,99956,90098,0
01:37:34:421,120000451,236893119,99601,90029,0
01:37:34:621,120000576,236858394,98973,90117,0
01:37:34:821,120000572,236844754,99630,90107,0
01:37:35:021,120000576,236891308,99862,90024,0
01:37:35:221,120000578,236813043,100233,90097,0
01:37:35:421,120000578,236817952,100365,90106,0
01:37:35:621,120000578,236911366,99461,90035,0
01:37:35:821,120000545,236820251,100316,90093,0
01:37:36:021,120000578,236827453,99342,90480,0
01:37:36:221,120000577,236876155,100154,90026,0
01:37:36:421,120000581,236848796,99218,90105,0
01:37:36:621,120000540,236826120,99833,90089,0
01:37:36:821,120000566,236893977,100043,90044,0
01:37:37:021,120000530,236842379,99088,90285,0
01:37:37:221,120000578,236850726,99480,90110,0
01:37:37:421,120000516,236899887,99557,90030,0
01:37:37:621,120000586,236848364,99587,90109,0
01:37:37:821,120000456,236828327,99873,90112,0
01:37:38:021,120000574,236903701,99733,90016,0
01:37:38:221,120000468,236827578,99807,90105,0
01:37:38:421,120000579,236855592,99223,90105,0
01:37:38:621,120000570,236902867,99507,90056,0
01:37:38:821,120000569,236842448,100090,90037,0
01:37:39:021,120000574,236840415,99438,90018,0
01:37:39:221,120000576,236883735,99850,89992,0
01:37:39:421,120000577,236858275,99402,90084,0
01:37:39:621,120000542,236801641,100248,90102,0
01:37:39:821,120000576,236898188,99293,90080,0
01:37:40:021,120000539,236822494,100275,90055,0
01:37:40:221,120000577,236847643,99444,90107,0
01:37:40:421,120000551,236889170,99506,90073,0
01:37:40:621,120000575,236855613,99846,90062,0
01:37:40:821,120000503,236849776,99146,90109,0
01:37:41:021,120000573,236855932,100397,90086,0
01:37:41:221,120000563,236862334,99368,90066,0
01:37:41:421,120000574,236846780,99637,90018,0
01:37:41:621,120000482,236857035,100130,90080,0
01:37:41:821,120000575,236863549,99264,90059,0
01:37:42:021,120000461,236811381,100389,90082,0
01:37:42:221,120000579,236867563,99802,90510,0
01:37:42:421,120000462,236822958,99768,90537,0
01:37:42:621,120000574,236820480,99844,90270,0
01:37:42:821,120000572,236889454,99360,90450,0
01:37:43:021,120000583,236793931,100001,90558,0
01:37:43:221,120000580,236811349,99667,90502,0
01:37:43:421,120000576,236876285,99574,90412,0
01:37:43:621,120000575,236830535,99213,90523,0
01:37:43:821,120000541,236820704,100225,90447,0
01:37:44:021,120000576,236839479,99924,90500,0
01:37:44:621,120000458,265133580,403,152,0
01:37:44:621,120000458,265133580,403,152,0
01:37:44:821,120000492,245804880,68111,61851,0
01:37:45:021,120000574,236831688,100226,90498,0
01:37:45:221,120000580,236825435,99494,90572,0
01:37:45:421,120000524,236877494,99657,90071,0
01:37:45:621,120000578,236854215,99635,90083,0
01:37:45:821,120000606,236838355,99533,90100,0
01:37:46:021,120000578,236876623,99715,90067,0
01:37:46:221,120000523,236839189,99518,90081,0
01:37:46:421,120000602,236833484,99907,90036,0
01:37:46:621,120000541,236873184,100104,90042,0
01:37:46:821,120000566,236840734,99813,90065,0
01:37:47:021,120000463,236812297,100180,90115,0
01:37:47:221,120000576,236896239,99704,89963,0
01:37:47:421,120000542,236821225,100140,90105,0
01:37:47:621,120000563,236849865,99336,90112,0
01:37:47:821,120000474,236895180,99452,90035,0
01:37:48:021,120000583,236857755,99283,90100,0
01:37:48:221,120000455,236852208,99398,89911,0
01:37:48:421,120000569,236866019,100008,90075,0
01:37:48:621,120000453,236856125,99305,90076,0
01:37:48:821,120000574,236836083,99676,90099,0
01:37:49:021,120000578,236872184,99806,90009,0
01:37:49:221,120000572,236848604,99918,90360,0
01:37:49:421,120000577,236823702,99805,90242,0
01:37:49:621,120000576,236877502,99604,90080,0
01:37:49:821,120000586,236843653,99924,90051,0
01:37:50:021,120000576,236837767,99563,90112,0
01:37:50:221,120000572,236874737,99733,90062,0
01:37:50:421,120000526,236842390,99836,90073,0
01:37:50:621,120000561,236849366,99341,90137,0
01:37:50:821,120000553,236868844,99884,90080,0
01:37:51:021,120000567,236882889,98967,90058,0
01:37:51:221,120000538,236819036,100094,89991,0
01:37:51:421,120000573,236864847,99862,90074,0
01:37:51:621,120000538,236877486,99262,90062,0
01:37:51:821,120000579,236842399,99655,90111,0
01:37:52:021,120000471,236850171,99730,90085,0
01:37:52:221,120000565,236884906,99976,90006,0
01:37:52:421,120000507,236823087,99698,90105,0
01:37:52:621,120000527,236844469,100059,90260,0
01:37:52:821,120000571,236864083,99385,90472,0
01:37:53:021,120000574,236801719,100063,90452,0
01:37:53:221,120000575,236867072,99946,90501,0
01:37:53:421,120000552,236822741,99586,90526,0
01:37:53:621,120000563,236788747,100342,90479,0
01:37:53:821,120000572,236861953,100202,90422,0
01:37:54:021,120000572,236804558,99823,90525,0
01:37:54:221,120000547,236842447,99934,90100,0
01:37:54:421,120000575,236898887,99137,90043,0
01:37:54:621,120000537,236794832,100095,90430,0
01:37:54:821,120000575,236850599,99834,90543,0
01:37:55:021,120000528,236824515,99731,90501,0
01:37:55:221,120000576,236815303,100049,90292,0
01:37:55:421,120000548,236902379,99536,90062,0
01:37:55:621,120000573,236853763,99681,90071,0
01:37:55:821,120000465,236828959,99496,90107,0
01:37:56:021,120000582,236874019,100059,90050,0
01:37:56:221,120000455,236851691,99728,90087,0
01:37:56:421,120000570,236822492,100150,90079,0
01:37:56:621,120000450,236887744,99836,90066,0
01:37:56:821,120000573,236873474,99013,90080,0
01:37:57:021,120000575,236815271,100402,90087,0
01:37:57:221,120000575,236875871,99901,90046,0
01:37:57:421,120000573,236842706,99930,90058,0
01:37:57:621,120000522,236822376,99851,90114,0
01:37:57:821,120000574,236880151,99958,90048,0
01:37:58:021,120000528,236841904,99938,90104,0
01:37:58:221,120000574,236836577,99602,90124,0
01:37:58:421,120000562,236859893,100194,90230,0
01:37:58:621,120000584,236801286,100015,90556,0
01:37:58:821,120000540,236794292,100185,90326,0
01:37:59:021,120000575,236880332,100360,89950,0
01:37:59:221,120000535,236862421,98877,90020,0
01:37:59:421,120000585,236811857,100490,89999,0
01:37:59:621,120000522,236891102,99826,90040,0
01:38:00:221,120000453,265141453,401,157,0
01:38:00:221,120000453,265141453,401,157,0
01:38:00:421,120000574,250594554,51390,46330,0
01:38:00:621,120000580,236824184,99946,90110,0
01:38:00:821,120000580,236888201,99754,90038,0
01:38:01:021,120000579,236820099,100254,90109,0
01:38:01:221,120000539,236835143,99685,90115,0
01:38:01:421,120000604,236876783,100544,90025,0
01:38:01:621,120000534,236849169,99468,90118,0
01:38:01:821,120000572,236829979,99922,90107,0
01:38:02:021,120000558,236868868,100309,90179,0
01:38:02:221,120000576,236816594,99548,90574,0
01:38:02:421,120000475,236832060,100743,90393,0
01:38:02:621,120000579,236846469,99542,90085,0
01:38:02:821,120000449,236831004,99740,90104,0
01:38:03:021,120000575,236888311,99740,90021,0
01:38:03:221,120000578,236849461,99858,90028,0
01:38:03:421,120000572,236802227,100525,90092,0
01:38:03:621,120000570,236894853,99567,90056,0
01:38:03:821,120000542,236816901,100458,90086,0
01:38:04:021,120000572,236836540,99803,90117,0
01:38:04:221,120000577,236898472,99620,89973,0
01:38:04:421,120000570,236811210,99774,90523,0
01:38:04:621,120000538,236829825,99492,90113,0
01:38:04:821,120000584,236887014,99858,90015,0
01:38:05:021,120000549,236834932,99456,90096,0
01:38:05:221,120000568,236827020,99668,90108,0
01:38:05:421,120000551,236899835,99667,90062,0
01:38:05:621,120000579,236826651,99503,90460,0
01:38:05:821,120000471,236828399,99786,90224,0
01:38:06:021,120000580,236893847,99714,90044,0
01:38:06:221,120000448,236829531,99473,90335,0
01:38:06:421,120000570,236833981,99587,90073,0
01:38:06:621,120000440,236896907,100109,89933,0
01:38:06:821,120000581,236831075,99838,90107,0
01:38:07:021,120000577,236845108,99483,90103,0
01:38:07:221,120000567,236898621,99953,89968,0
01:38:07:421,120000580,236810970,100000,90333,0
01:38:07:621,120000537,236847837,99386,89944,0
01:38:07:821,120000512,219441277,41139,103401,0
01:38:08:021,120000517,212303646,2968,117421,0
01:38:08:221,120000450,212212932,2969,118892,0
01:38:08:421,120000509,212315294,2976,115386,0
01:38:08:621,120000438,212204860,2963,120073,0
01:38:08:821,120000508,212287209,2967,117677,0
01:38:09:021,120000512,212336246,2983,115295,0
01:38:09:221,120000512,212235133,2969,117878,0
01:38:09:421,120000447,212350112,2964,116414,0
01:38:09:621,120000511,212198574,2969,119062,0
01:38:09:821,120000514,212147153,2974,121391,0
01:38:10:021,120000507,212377138,2965,115685,0
01:38:10:221,120000511,212347548,2976,115932,0
01:38:10:421,120000428,212306663,2969,115880,0
01:38:10:621,120000501,212365298,2967,115071,0
01:38:10:821,120000503,212368008,2976,114083,0
01:38:11:021,120000505,212377660,2970,115384,0
01:38:11:221,120000450,212118226,2967,121707,0
01:38:11:421,120000509,212358564,2970,116534,0
01:38:11:621,120000436,212409662,2967,114344,0
01:38:11:821,120000504,212231543,2961,118797,0
01:38:12:021,120000509,212281825,2980,118098,0
01:38:12:221,120000508,212254572,2962,119402,0
01:38:12:421,120000442,212375771,2962,114239,0
01:38:12:621,120000468,212250813,2974,117393,0
01:38:12:821,120000499,212334778,2974,116163,0
01:38:13:021,120000441,212281686,2974,117662,0
01:38:13:221,120000513,212264570,2966,118395,0
01:38:13:421,120000453,212399383,2965,114135,0
01:38:13:621,120000509,212314412,2971,116844,0
01:38:13:821,120000436,212454177,2976,112462,0
01:38:14:021,120000501,212291503,2971,118225,0
01:38:14:221,120000506,212317309,2980,116497,0
01:38:14:421,120000503,212376807,2969,114696,0
01:38:14:621,120000449,212185670,2970,119111,0
01:38:14:821,120000514,212417511,2966,113857,0
01:38:15:021,120000450,212447552,2961,113089,0
01:38:15:221,120000438,212402624,2979,115622,0
01:38:15:421,120000508,212265907,2970,117809,0
01:38:15:621,120000515,212385781,2982,115667,0
01:38:15:821,120000509,212380513,2965,115418,0
01:38:16:021,120000479,212292659,2961,116388,0
01:38:16:221,120000509,212329173,2973,116068,0
01:38:16:421,120000512,212317770,2966,115398,0
01:38:16:621,120000518,212463704,2972,113598,0
01:38:16:821,120000506,212368633,2982,115185,0
01:38:17:021,120000515,212267990,2972,117660,0
01:38:17:221,120000512,212369344,2977,115695,0
01:38:17:421,120000452,212377294,2967,114490,0
01:38:17:621,120000515,212223064,2966,119057,0
01:38:17:821,120000506,212348176,2980,116252,0
01:38:18:021,120000512,212364960,2972,115247,0
01:38:18:221,120000512,212295986,2981,117286,0
01:38:18:421,120000515,212279896,2961,118016,0
01:38:18:621,120000503,212135263,2966,121377,0
01:38:18:821,120000508,212209967,2967,118013,0
01:38:19:021,120000450,212158967,2964,120223,0
01:38:19:221,120000509,212250245,2969,117902,0
01:38:19:421,120000512,212222383,2976,118383,0
01:38:19:621,120000449,212353260,2966,115412,0
01:38:19:821,120000512,212311535,2973,115392,0
01:38:20:021,120000444,212379224,2962,115577,0
01:38:20:221,120000504,212442910,2967,113902,0
01:38:20:421,120000510,212203418,2966,119211,0
01:38:20:621,120000509,212422131,2969,114562,0
01:38:20:821,120000506,212489382,2980,111092,0
01:38:21:021,120000506,212260538,2959,117388,0
01:38:21:221,120000518,212402077,2975,113916,0
01:38:21:421,120000497,212300462,2976,116900,0
01:38:21:621,120000455,212356799,2966,115667,0
01:38:21:821,120000444,212032614,2969,123580,0
01:38:22:021,120000516,212255139,2970,119567,0
01:38:22:221,120000442,212496589,2962,110941,0
01:38:22:421,120000502,212291684,2967,117029,0
01:38:23:221,120000445,265141877,401,163,0
01:38:23:221,120000445,265141877,401,163,0
01:38:23:221,120000445,265141877,401,163,0
01:38:23:421,120000514,239762941,1643,57705,0
01:38:23:621,120000510,212358308,2976,116855,0
01:38:23:821,120000506,212386389,2962,116384,0
01:38:24:021,120000458,212310526,2965,118145,0
01:38:24:221,120000530,212336196,2972,115238,0
01:38:24:421,120000448,212339859,2961,116471,0
01:38:24:621,120000512,212403235,2977,114223,0
01:38:24:821,120000528,212135082,2983,120415,0
01:38:25:021,120000505,212458561,2967,114550,0
01:38:25:221,120000512,212221900,2971,119249,0
01:38:25:421,120000520,212282288,2961,116730,0
01:38:25:621,120000439,212442183,2966,113274,0
01:38:25:821,120000454,212406674,2978,113855,0
01:38:26:021,120000515,212204030,2966,119204,0
01:38:26:221,120000444,212275746,2977,117913,0
01:38:26:421,120000514,212266040,2967,117906,0
01:38:26:621,120000452,212409092,2962,114766,0
01:38:26:821,120000512,212297605,2975,116552,0
01:38:27:021,120000515,212395391,2980,114083,0
01:38:27:221,120000511,212250106,2962,117730,0
01:38:27:421,120000510,212396756,2971,115437,0
01:38:27:621,120000506,212141372,2960,122895,0
01:38:28:021,120000437,212175142,2971,120383,0
01:38:28:221,120000504,212201905,2972,118887,0
01:38:28:421,120000503,212232430,2966,119397,0
01:38:28:621,120000506,212457162,2973,113089,0
01:38:28:821,120000503,212341242,2977,115448,0
01:38:29:021,120000509,212289295,2963,118380,0
01:38:29:221,120000435,212252288,2966,118113,0
01:38:29:421,120000504,212198384,2970,119683,0
01:38:29:621,120000501,212293883,2975,116987,0
01:38:29:821,120000506,212278495,2971,118250,0
01:38:30:021,120000497,212551813,2972,111296,0
01:38:30:221,120000433,212393394,2972,113751,0
01:38:30:421,120000444,212161090,2965,120147,0
01:38:30:621,120000506,212291668,2981,117457,0
01:38:30:821,120000517,212393517,2970,115364,0
01:38:31:021,120000512,212458059,2986,113315,0
01:38:31:221,120000507,212221417,2967,118355,0
01:38:31:421,120000439,212317228,2963,115286,0
01:38:31:621,120000504,212391473,2971,114922,0
01:38:31:821,120000458,212370085,2965,114269,0
01:38:32:021,120000512,212269301,2974,116476,0
01:38:32:221,120000506,212295365,2973,116396,0
01:38:32:421,120000449,212272737,2963,118515,0
01:38:32:621,120000447,212245008,2959,117714,0
01:38:32:821,120000508,212281122,2978,118423,0
01:38:33:021,120000514,212292306,2976,117296,0
01:38:33:221,120000456,212291993,2969,117509,0
01:38:33:421,120000514,212345325,2962,117231,0
01:38:33:621,120000445,212294500,2959,116957,0
01:38:33:821,120000507,212434064,2968,113547,0
01:38:34:021,120000492,212079323,2977,123372,0
01:38:34:221,120000512,212274387,2960,118053,0
01:38:34:421,120000506,212029955,2971,123746,0
01:38:34:621,120000446,212389704,2967,115189,0
01:38:34:821,120000512,212337156,2974,116010,0
01:38:35:021,120000444,212371348,2960,115937,0
01:38:35:221,120000504,212341258,2968,115743,0
01:38:35:421,120000453,212301039,2962,116915,0
01:38:35:621,120000509,212444556,2975,111899,0
01:38:35:821,120000433,212469745,2981,114348,0
01:38:36:021,120000507,212439516,2971,113386,0
01:38:36:221,120000506,212166006,2974,120319,0
01:38:36:421,120000506,212296371,2965,116093,0
01:38:36:621,120000444,212318668,2973,116229,0
01:38:36:821,120000446,212357552,2976,114734,0
01:38:37:021,120000511,212337443,2966,116251,0
01:38:37:221,120000449,212199911,2977,119039,0
01:38:37:421,120000503,212351489,2967,115215,0
01:38:37:621,120000444,212164089,2963,121097,0
01:38:37:821,120000505,212383556,2974,115735,0
01:38:38:021,120000452,212568682,2972,111131,0
01:38:38:221,120000503,212221475,2968,119036,0
01:38:38:621,120000491,265140170,402,164,0
01:38:38:821,120000522,259366567,692,14288,0
01:38:39:021,120000454,212395457,2963,113679,0
01:38:39:221,120000517,212062159,2967,123142,0
01:38:39:421,120000507,212312775,2982,115549,0
01:38:39:621,120000503,212328322,2964,116558,0
01:38:39:821,120000512,212603726,2982,109291,0
01:38:40:021,120000525,212402866,2966,112905,0
01:38:40:221,120000507,212403511,2980,116288,0
01:38:40:421,120000509,212232318,2965,118374,0
01:38:40:621,120000516,212412632,2968,113349,0
01:38:40:821,120000441,212238911,2962,119164,0
01:38:41:021,120000503,212285978,2967,116394,0
01:38:41:221,120000437,212274423,2974,117758,0
01:38:41:421,120000509,212469140,2971,112344,0
01:38:41:621,120000516,212472136,2977,111650,0
01:38:41:821,120000509,212279983,2959,117524,0
01:38:42:021,120000506,212084819,2970,123094,0
01:38:42:221,120000505,212180548,2966,120562,0
01:38:42:421,120000515,212446327,2972,114522,0
01:38:42:621,120000510,212198669,2967,119859,0
01:38:42:821,120000511,212306870,2976,116062,0
01:38:43:021,120000437,212337959,2969,114897,0
01:38:43:221,120000501,212404702,2967,115621,0
01:38:43:421,120000441,212258083,2970,118577,0
01:38:43:621,120000505,212502542,2974,110535,0
01:38:43:821,120000458,212343164,2967,115226,0
01:38:44:021,120000506,212313786,2971,115728,0
01:38:44:221,120000449,212340220,2974,116960,0
01:38:44:421,120000518,212169055,2968,121145,0
01:38:44:621,120000433,212137435,2962,121260,0
01:38:44:821,120000509,212360715,2967,117537,0
01:38:45:021,120000512,212232232,2975,119385,0
01:38:45:221,120000434,212169790,2970,120380,0
01:38:45:421,120000453,212248839,2958,118666,0
01:38:45:621,120000444,212313884,2971,117123,0
01:38:45:821,120000516,212295585,2966,119107,0
01:38:46:021,120000442,211987176,2970,123810,0
01:38:46:221,120000508,212332459,2968,115052,0
01:38:46:421,120000512,212221090,2980,119221,0
01:38:46:621,120000517,212256463,2964,118734,0
01:38:46:821,120000442,212329366,2968,115411,0
01:38:47:021,120000511,212337429,2967,114326,0
01:38:47:221,120000455,212529423,2976,110854,0
01:38:47:421,120000442,212411170,2984,114528,0
01:38:47:621,120000509,212344059,2968,118209,0
01:38:47:821,120000512,212337589,2975,114753,0
01:38:48:021,120000509,212165593,2973,120032,0
01:38:48:221,120000434,212387407,2964,113741,0
01:38:48:421,120000504,212356210,2968,116084,0
01:38:48:621,120000446,212461905,2962,113270,0
01:38:48:821,120000512,212439419,2971,113420,0
01:38:49:021,120000518,212324644,2966,118087,0
01:38:49:221,120000503,212175097,2967,119634,0
01:38:49:421,120000443,212210314,2965,119241,0
01:38:49:621,120000632,212385704,2972,113495,0
01:38:49:821,120000452,212349906,2962,115746,0
01:38:50:021,120000509,212282883,2981,116901,0
01:38:50:221,120000518,212301721,2963,117575,0
01:38:50:421,120000444,212237856,2961,118723,0
01:38:50:621,120000510,212245706,2970,119070,0
01:38:50:821,120000507,212240194,2974,117931,0
01:38:51:021,120000512,212211315,2959,119207,0
01:38:51:221,120000450,212225017,2969,118211,0
01:38:51:421,120000511,212301587,2969,116405,0
01:38:51:621,120000506,212248193,2981,117711,0
01:38:51:821,120000517,212308760,2965,116712,0
01:38:52:021,120000509,212271272,2978,117895,0
01:38:52:221,120000434,212343927,2973,115725,0
01:38:52:421,120000445,212480870,2963,113219,0
01:38:52:621,120000446,212326346,2977,116648,0
01:38:52:821,120000508,212290669,2963,116053,0
01:38:53:021,120000515,212450171,2987,112597,0
01:38:53:221,120000509,212453740,2968,113453,0
01:38:53:421,120000509,212366792,2974,115095,0
01:38:53:621,120000518,212229862,2961,118553,0
01:38:54:221,120000449,265141673,401,162,0
01:38:54:221,120000449,265141673,401,162,0
01:38:54:421,120000441,214304319,2871,117784,0
01:38:54:621,120000508,212217574,2967,117777,0
01:38:54:821,120000444,212279961,2970,116607,0
01:38:55:021,120000499,212505119,2973,111948,0
01:38:55:221,120000500,212428748,2982,114334,0
01:38:55:421,120000519,212407153,2965,113848,0
01:38:55:621,120000440,212319235,2962,115573,0
01:38:55:821,120000507,212149281,2970,119696,0
01:38:56:021,120000518,212365609,2977,115605,0
01:38:56:221,120000443,212195716,2963,120147,0
01:38:56:421,120000506,212512477,2970,111889,0
01:38:56:622,120000447,212113641,2964,121771,0
01:38:56:822,120000513,212302725,2970,116897,0
01:38:57:022,120000450,212139840,2968,120916,0
01:38:57:222,120000517,212364425,2963,113700,0
01:38:57:422,120000504,212223783,2968,119267,0
01:38:57:622,120000509,212332756,2973,117261,0
01:38:57:822,120000503,212429232,2989,114085,0
01:38:58:022,120000494,212341996,2967,117022,0
01:38:58:222,120000455,212152865,2966,120898,0
01:38:58:422,120000452,212281239,2968,117067,0
01:38:58:622,120000500,212355519,2969,114886,0
01:38:58:822,120000449,212242576,2981,117918,0
01:38:59:022,120000514,212505702,2971,111906,0
01:38:59:222,120000442,212387659,2962,114791,0
01:38:59:422,120000508,212225289,2964,119377,0
01:38:59:622,120000430,212335479,2973,114563,0
01:38:59:822,120000510,212408444,2968,114439,0
01:39:00:022,120000511,212328083,2988,116429,0
01:39:00:222,120000510,212367740,2969,115072,0
01:39:00:422,120000511,212277090,2976,116397,0
01:39:00:622,120000453,212357259,2966,116092,0
01:39:00:822,120000514,212493843,2974,112947,0
01:39:01:022,120000440,212313921,2966,116070,0
01:39:01:222,120000498,212400167,2961,115218,0
01:39:01:422,120000452,212436551,2975,115003,0
01:39:01:622,120000515,212259375,2969,117348,0
01:39:01:822,120000512,212462616,2972,113319,0
01:39:02:022,120000497,212344322,2968,116920,0
01:39:02:222,120000439,212139334,2971,120370,0
01:39:02:422,120000501,212407548,2972,115010,0
01:39:02:622,120000509,212379744,2965,114933,0
01:39:02:822,120000503,212421086,2972,112407,0
01:39:03:022,120000505,212452286,2967,112759,0
01:39:03:222,120000509,212360530,2977,114771,0
01:39:03:422,120000506,212471007,2971,114423,0
01:39:03:622,120000504,212475062,2982,112930,0
01:39:03:822,120000517,212191799,2964,119384,0
01:39:04:022,120000445,212271882,2966,118051,0
01:39:04:222,120000508,211958370,2971,126603,0
01:39:04:422,120000512,212464098,2978,113784,0
01:39:04:622,120000506,212151019,2954,119848,0
01:39:04:822,120000508,212328980,2972,115400,0
01:39:05:022,120000453,212316850,2981,117429,0
01:39:05:222,120000509,212384929,2973,114757,0
01:39:05:422,120000435,212169150,2975,120034,0
01:39:05:622,120000511,212343024,2973,116071,0
01:39:05:822,120000458,212400609,2967,113598,0
01:39:06:022,120000515,212481850,2967,112881,0
01:39:06:222,120000452,212500775,2973,112621,0
01:39:06:422,120000515,212259444,2967,117353,0
01:39:06:622,120000511,212286169,2978,116995,0
01:39:06:822,120000509,212250804,2971,117705,0
01:39:07:022,120000512,212448362,2975,112850,0
01:39:07:222,120000453,212377939,2973,115519,0
01:39:07:422,120000458,212329644,2959,115316,0
01:39:07:622,120000455,211939129,2973,127399,0
01:39:07:822,120000509,212336905,2975,115235,0
01:39:08:022,120000450,212399669,2959,114294,0
01:39:08:222,120000508,212250417,2969,118706,0
01:39:08:422,120000515,212202809,2980,118771,0
01:39:08:622,120000512,211989061,2970,125284,0
01:39:08:822,120000506,212470486,2977,112930,0
01:39:09:022,120000514,212359264,2967,116525,0
01:39:09:622,120000444,265141429,401,151,0
01:39:09:622,120000444,265141429,401,151,0
01:39:09:822,120000463,223281933,2444,92410,0
01:39:10:022,120000501,212265669,2970,120262,0
01:39:10:222,120000514,212249094,2974,118555,0
01:39:10:422,120000518,212242633,2959,118557,0
01:39:10:622,120000501,211846799,2974,129466,0
01:39:10:822,120000521,212327197,2965,117435,0
01:39:11:022,120000451,212284066,2967,117482,0
01:39:11:222,120000476,212494942,2970,111530,0
01:39:11:422,120000519,212509629,2970,113131,0
01:39:11:622,120000454,212415888,2962,112931,0
01:39:11:822,120000515,212360345,2971,115177,0
01:39:12:022,120000503,212239352,2972,118285,0
01:39:12:222,120000509,212242242,2971,118643,0
01:39:12:422,120000508,212447733,2971,112260,0
01:39:12:622,120000510,212471196,2967,111923,0
01:39:12:822,120000514,212440727,2977,113937,0
01:39:13:022,120000513,212316461,2963,117498,0
01:39:13:222,120000506,212149539,2976,119884,0
01:39:13:422,120000520,212182151,2962,119869,0
01:39:13:622,120000506,212375374,2975,114749,0
01:39:13:822,120000440,212170086,2966,121255,0
01:39:14:022,120000501,212486678,2974,113041,0
01:39:14:222,120000500,212195842,2975,119620,0
01:39:14:422,120000509,212403999,2963,114427,0
01:39:14:622,120000503,212305877,2980,117939,0
01:39:14:822,120000500,212483080,2961,114610,0
01:39:15:022,120000509,212454962,2981,112956,0
01:39:15:222,120000503,212240393,2961,117685,0
01:39:15:422,120000446,212358040,2970,115240,0
01:39:15:622,120000515,212129827,2962,121444,0
01:39:15:822,120000515,212219850,2968,119656,0
01:39:16:022,120000441,212069855,2970,123126,0
01:39:16:222,120000505,212358794,2973,114711,0
01:39:16:422,120000438,212150842,2969,121041,0
01:39:16:622,120000505,212380791,2967,114740,0
01:39:16:822,120000436,212363289,2962,115590,0
01:39:17:022,120000504,212256167,2973,117678,0
01:39:17:222,120000509,212218147,2978,118909,0
01:39:17:422,120000506,212288527,2968,117076,0
01:39:17:622,120000433,212275465,2967,117635,0
01:39:17:822,120000510,212247475,2965,117978,0
01:39:18:022,120000512,212353156,2977,115242,0
01:39:18:222,120000455,212410526,2966,113758,0
01:39:18:422,120000509,212246906,2967,117820,0
01:39:18:622,120000455,212237441,2965,118972,0
01:39:18:822,120000508,212303923,2964,117204,0
01:39:19:022,120000504,212436875,2975,112133,0
01:39:19:222,120000502,212418637,2971,115444,0
01:39:19:422,120000501,212412715,2977,114079,0
01:39:19:622,120000514,212242601,2965,119910,0
01:39:19:822,120000453,212368738,2965,114577,0
01:39:20:022,120000509,212260754,2976,116869,0
01:39:20:222,120000509,212380130,2976,116112,0
01:39:20:422,120000443,212129575,2972,120870,0
01:39:20:622,120000512,212489932,2969,111580,0
01:39:20:822,120000436,212417127,2968,112402,0
01:39:21:022,120000504,212316184,2973,116082,0
01:39:21:222,120000455,212533072,2963,111141,0
01:39:21:422,120000509,212380802,2973,115637,0
01:39:21:622,120000449,212309931,2961,115909,0
01:39:21:822,120000506,212455095,2973,113929,0
01:39:22:022,120000503,212172580,2972,119298,0
01:39:22:222,120000505,212186734,2966,120315,0
01:39:22:422,120000501,212148537,2972,121557,0
01:39:22:622,120000452,212245547,2971,117197,0
01:39:22:822,120000514,212401173,2968,113239,0
01:39:23:022,120000453,212284734,2963,116393,0
01:39:23:222,120000518,212325446,2974,116717,0
01:39:23:422,120000430,212454524,2959,111067,0
01:39:23:622,120000513,212319023,2975,116873,0
01:39:23:822,120000506,212218012,2973,118590,0
01:39:24:022,120000514,212385816,2961,114416,0
01:39:24:222,120000518,212444317,2977,112105,0
01:39:24:422,120000510,212444332,2954,113705,0
01:39:25:022,120000443,265141378,401,155,0
01:39:25:022,120000443,265141378,401,155,0
01:39:25:222,120000452,231901105,2020,74765,0
01:39:25:422,120000515,212329952,2964,115528,0
01:39:25:622,120000512,212413825,2985,113850,0
01:39:25:822,120000506,212359988,2966,115866,0
01:39:26:022,120000512,212364922,2976,114566,0
01:39:26:222,120000528,212244826,2957,117560,0
01:39:26:422,120000445,212342194,2960,116018,0
01:39:26:622,120000454,212447386,2971,113696,0
01:39:26:822,120000524,212280058,2972,116889,0
01:39:27:022,120000444,212247860,2975,118716,0
01:39:27:222,120000514,212218662,2973,118496,0
01:39:27:422,120000452,212335355,2962,117094,0
01:39:27:622,120000511,212355822,2967,116776,0
01:39:27:822,120000516,212189623,2990,120511,0
01:39:28:022,120000512,211921195,2962,128041,0
01:39:28:222,120000452,212492843,2968,112438,0
01:39:28:422,120000517,212217134,2973,118025,0
01:39:28:622,120000506,212497884,2972,111097,0
01:39:28:822,120000437,212244395,2969,117561,0
01:39:29:022,120000504,212352620,2974,114573,0
01:39:29:222,120000446,212553886,2963,109614,0
01:39:29:422,120000506,212125720,2967,120158,0
01:39:29:622,120000449,212446630,2971,114121,0
01:39:29:822,120000506,212159885,2967,121698,0
01:39:30:022,120000452,212309737,2968,116457,0
01:39:30:222,120000517,212132771,2966,120993,0
01:39:30:422,120000504,212114393,2974,121129,0
01:39:30:622,120000505,212272748,2963,117747,0
01:39:30:822,120000513,212157994,2969,120555,0
01:39:31:022,120000452,212481234,2978,112933,0
01:39:31:222,120000515,212544812,2966,110268,0
01:39:31:422,120000506,212287005,2982,117726,0
01:39:31:622,120000506,212146154,2965,121333,0
01:39:31:822,120000449,212250530,2964,117959,0
01:39:32:022,120000503,212291352,2969,118222,0
01:39:32:222,120000506,212446489,2986,114021,0
01:39:32:422,120000508,212299958,2968,116552,0
01:39:32:622,120000513,212218156,2971,119568,0
01:39:32:822,120000506,212323796,2962,115559,0
01:39:33:022,120000450,212330905,2968,116077,0
01:39:33:222,120000454,212420213,2972,115284,0
01:39:33:422,120000509,212381435,2971,115027,0
01:39:33:622,120000518,212317682,2978,117651,0
01:39:33:822,120000506,212331581,2972,115167,0
01:39:34:022,120000455,212158970,2972,119781,0
01:39:34:222,120000518,212160564,2967,121064,0
01:39:34:422,120000506,212406708,2974,113232,0
01:39:34:622,120000509,212338251,2965,116423,0
01:39:34:822,120000455,212078971,2967,123531,0
01:39:35:022,120000509,212203647,2964,119713,0
01:39:35:222,120000505,212403636,2976,113746,0
01:39:35:422,120000436,212300776,2972,116231,0
01:39:35:622,120000454,212219259,2962,117872,0
01:39:35:822,120000511,212226360,2981,117376,0
01:39:36:022,120000506,212427072,2967,112719,0
01:39:36:222,120000504,212454915,2979,112590,0
01:39:36:422,120000508,212398535,2962,115545,0
01:39:36:622,120000509,212430501,2987,114431,0
01:39:36:822,120000507,212393162,2971,114772,0
01:39:37:022,120000445,212315311,2965,115623,0
01:39:37:222,120000501,211961338,2960,125151,0
01:39:37:422,120000514,212238955,2976,118306,0
01:39:37:622,120000285,212306780,2957,116576,0
01:39:37:822,120000500,212228657,2969,118727,0
01:39:38:022,120000500,212258992,2983,117885,0
01:39:38:222,120000505,212364424,2968,116106,0
01:39:38:422,120000437,212308828,2963,117903,0
01:39:38:622,120000510,212316964,2970,118399,0
01:39:38:822,120000436,212391252,2975,114819,0
01:39:39:022,120000512,212050868,2971,123232,0
01:39:39:222,120000450,212120033,2962,121241,0
01:39:39:422,120000509,212423293,2973,115798,0
01:39:39:622,120000512,212349788,2973,116150,0
01:39:39:822,120000515,212228215,2964,118704,0
01:39:40:422,120000471,265141727,401,157,0
01:39:40:422,120000471,265141727,401,157,0
01:39:40:622,120000462,240641664,1595,56204,0
01:39:40:822,120000507,212420929,2969,114195,0
01:39:41:022,120000506,212229874,2982,117908,0
01:39:41:222,120000506,212508907,2972,111970,0
01:39:41:422,120000511,212339647,2978,115827,0
01:39:41:622,120000531,212411218,2963,114187,0
01:39:41:822,120000502,212471447,2977,112258,0
01:39:42:022,120000452,212104209,2962,121609,0
01:39:42:222,120000520,212317693,2970,116508,0
01:39:42:422,120000501,212300772,2988,118497,0
01:39:42:622,120000509,212296472,2966,117354,0
01:39:42:822,120000447,212200507,2961,118080,0
01:39:43:022,120000514,212444725,2970,112690,0
01:39:43:222,120000514,212325883,2972,115836,0
01:39:43:422,120000510,212260360,2964,116357,0
01:39:43:622,120000509,212323740,2979,115764,0
01:39:43:822,120000511,212322494,2972,116739,0
01:39:44:022,120000512,212215993,2971,119539,0
01:39:44:222,120000513,212357103,2994,116616,0
01:39:44:422,120000514,212326905,2966,117589,0
01:39:44:622,120000434,212406749,2969,115959,0
01:39:44:822,120000501,212113986,2977,122145,0
01:39:45:022,120000500,212172785,2976,119965,0
01:39:45:222,120000503,212343290,2968,115196,0
01:39:45:422,120000447,212291162,2959,116933,0
01:39:45:622,120000513,212220720,2968,119529,0
01:39:45:822,120000453,212455614,2965,112092,0
01:39:46:022,120000515,212424640,2973,115635,0
01:39:46:222,120000441,212542161,2971,111965,0
01:39:46:422,120000451,212320645,2973,117760,0
01:39:46:622,120000503,212305073,2966,116905,0
01:39:46:822,120000455,212281865,2965,116198,0
01:39:47:022,120000503,212325435,2968,115732,0
01:39:47:222,120000452,212373093,2967,114389,0
01:39:47:422,120000505,212257461,2965,117355,0
01:39:47:622,120000515,212380337,2981,115341,0
01:39:47:822,120000509,212315657,2970,116328,0
01:39:48:022,120000507,212355649,2974,114101,0
01:39:48:222,120000500,212131181,2963,120893,0
01:39:48:422,120000500,212315972,2972,116152,0
01:39:48:622,120000443,212393370,2971,115256,0
01:39:48:822,120000497,212238796,2972,118385,0
01:39:49:022,120000452,212272535,2968,117261,0
01:39:49:222,120000509,212005737,2967,125157,0
01:39:49:422,120000506,212565301,2974,110622,0
01:39:49:622,120000508,212343446,2966,116715,0
01:39:49:822,120000441,212188766,2973,120768,0
01:39:50:022,120000509,212316242,2975,115895,0
01:39:50:222,120000449,212357333,2968,115085,0
01:39:50:422,120000500,212374679,2970,115924,0
01:39:50:622,120000506,212221846,2980,118870,0
01:39:50:822,120000452,212243727,2972,118214,0
01:39:51:022,120000515,212345451,2971,116747,0
01:39:51:222,120000512,212232209,2968,119767,0
01:39:51:422,120000512,212211319,2962,120211,0
01:39:51:622,120000444,212431797,2965,113758,0
01:39:51:822,120000508,212308010,2963,116072,0
01:39:52:022,120000515,212602791,2972,109793,0
01:39:52:222,120000511,212208523,2974,119385,0
01:39:52:422,120000445,212353368,2969,115235,0
01:39:52:622,120000505,212064565,2964,123806,0
01:39:52:822,120000503,212375780,2974,114583,0
01:39:53:022,120000450,212275587,2971,117564,0
01:39:53:222,120000510,212184763,2972,121331,0
01:39:53:422,120000453,212283592,2975,119408,0
01:39:53:622,120000515,212254456,2967,118178,0
01:39:53:822,120000449,212358390,2965,115646,0
01:39:54:022,120000506,212415903,2967,115112,0
01:39:54:222,120000452,212468778,2959,112987,0
01:39:54:422,120000512,212145137,2969,120623,0
01:39:54:622,120000512,212327142,2979,116923,0
01:39:54:822,120000509,212416392,2967,114583,0
01:39:55:022,120000427,212099769,2959,122138,0
01:39:55:222,120000507,212304463,2982,117165,0
01:39:55:822,120000473,265141318,401,152,0
01:39:55:822,120000473,265141318,401,152,0
01:39:56:022,120000456,249528796,1172,31917,0
01:39:56:222,120000512,212282253,2967,117237,0
01:39:56:422,120000499,212248002,2979,117658,0
01:39:56:622,120000503,212020183,2959,125057,0
01:39:56:822,120000512,212219363,2972,119390,0
01:39:57:022,120000466,212341449,2978,117096,0
01:39:57:222,120000509,212253963,2966,117729,0
01:39:57:422,120000444,212316740,2968,117099,0
01:39:57:622,120000515,212038406,2974,124081,0
01:39:57:822,120000448,212309348,2973,116777,0
01:39:58:022,120000517,212408415,2963,114571,0
01:39:58:222,120000450,212405875,2965,114416,0
01:39:58:422,120000512,212321774,2971,118460,0
01:39:58:622,120000506,212224082,2965,118392,0
01:39:58:822,120000509,212368648,2965,115071,0
01:39:59:022,120000514,212169760,2981,120136,0
01:39:59:222,120000434,212406722,2972,113588,0
01:39:59:422,120000442,212383150,2962,116788,0
01:39:59:622,120000443,212338130,2967,115585,0
01:39:59:822,120000508,212505235,2967,112202,0
01:40:00:022,120000520,212234818,2982,118234,0
01:40:00:222,120000510,212393619,2969,114430,0
01:40:00:622,120000505,212336168,2970,115014,0
01:40:00:822,120000458,212453965,2972,114014,0
01:40:01:022,120000506,212145402,2964,121537,0
01:40:01:222,120000506,212158604,2978,120202,0
01:40:01:422,120000503,212348200,2963,115754,0
01:40:01:622,120000444,212370822,2970,114914,0
01:40:01:822,120000438,212323739,2970,117436,0
01:40:02:022,120000504,212310767,2969,116495,0
01:40:02:222,120000515,212337915,2973,114902,0
01:40:02:422,120000512,212309908,2962,116403,0
01:40:02:622,120000439,212429532,2967,113935,0
01:40:02:822,120000501,212418981,2973,113910,0
01:40:03:022,120000442,212337700,2967,117309,0
01:40:03:222,120000506,212347898,2971,115927,0
01:40:03:422,120000512,212111190,2970,121713,0
01:40:03:622,120000513,212209401,2958,119369,0
01:40:03:822,120000449,212354384,2968,116186,0
01:40:04:022,120000503,212185817,2977,119623,0
01:40:04:222,120000515,212089695,2969,121305,0
01:40:04:422,120000503,212126038,2962,121350,0
01:40:04:622,120000508,212399821,2976,115279,0
01:40:04:822,120000513,212511298,2990,112844,0
01:40:05:022,120000512,212053436,2968,124512,0
01:40:05:222,120000452,212366802,2964,114916,0
01:40:05:422,120000514,212327016,2964,116231,0
01:40:05:622,120000510,212286163,2967,116639,0
01:40:05:822,120000509,212436602,2962,113024,0
01:40:06:022,120000514,212157398,2970,119955,0
01:40:06:222,120000447,212107406,2964,122797,0
01:40:06:422,120000511,212116918,2969,120845,0
01:40:06:622,120000437,212204852,2962,119749,0
01:40:06:822,120000509,211958528,2971,125814,0
01:40:07:022,120000504,212439394,2974,113599,0
01:40:07:222,120000506,212352299,2971,115572,0
01:40:07:422,120000439,212406791,2965,114424,0
01:40:07:622,120000498,212326037,2967,117738,0
01:40:07:822,120000509,212289054,2970,116904,0
01:40:08:022,120000511,212265259,2972,118404,0
01:40:08:222,120000512,212266429,2979,117227,0
01:40:08:422,120000453,212369613,2968,114402,0
01:40:08:622,120000509,212386247,2976,114835,0
01:40:08:822,120000458,212412903,2971,115028,0
01:40:09:022,120000503,212436211,2973,115757,0
01:40:09:222,120000512,212225071,2981,119453,0
01:40:09:422,120000508,212429575,2962,115909,0
01:40:09:622,120000504,212403594,2973,112623,0
01:40:09:822,120000506,212443158,2968,114729,0
01:40:10:022,120000509,212219851,2979,119583,0
01:40:10:222,120000505,212309028,2965,117231,0
01:40:10:422,120000516,212253765,2968,117901,0
01:40:10:622,120000503,212355469,2974,116252,0
01:40:10:822,120000509,212530734,2962,108751,0
01:40:11:222,120000468,265141843,402,174,0
01:40:11:422,120000518,258358678,746,16904,0
01:40:11:622,120000507,212428964,2961,113709,0
01:40:11:822,120000452,212250003,2964,118395,0
01:40:12:022,120000514,212355471,2966,115245,0
01:40:12:222,120000513,212228074,2969,118708,0
01:40:12:422,120000444,212262322,2970,117654,0
01:40:12:622,120000524,212376653,2973,116087,0
01:40:12:822,120000445,212459045,2966,113440,0
01:40:13:022,120000513,212517676,2969,112285,0
01:40:13:222,120000443,212327882,2969,117982,0
01:40:13:422,120000514,212123710,2973,121837,0
01:40:13:622,120000501,212241092,2978,117721,0
01:40:13:822,120000512,212380897,2965,114733,0
01:40:14:022,120000512,212322919,2971,115916,0
01:40:14:222,120000503,212260047,2961,119016,0
01:40:14:422,120000505,212248974,2968,119251,0
01:40:14:622,120000456,212236061,2971,117899,0
01:40:14:822,120000512,212259702,2975,117877,0
01:40:15:022,120000455,212499154,2962,111435,0
01:40:15:222,120000512,212146542,2966,120986,0
01:40:15:422,120000509,212414652,2970,113447,0
01:40:15:622,120000514,212125905,2969,121662,0
01:40:15:822,120000445,212245530,2961,116772,0
01:40:16:022,120000514,212420871,2967,114373,0
01:40:16:222,120000436,212351490,2965,116087,0
01:40:16:422,120000510,212358361,2968,116362,0
01:40:16:622,120000511,212397432,2971,115771,0
01:40:16:822,120000450,212387201,2966,114090,0
01:40:17:022,120000520,212273661,2976,117994,0
01:40:17:222,120000436,212476152,2968,113281,0
01:40:17:422,120000499,212361367,2968,114064,0
01:40:17:622,120000430,212344356,2968,117151,0
01:40:17:822,120000504,212353670,2974,115060,0
01:40:18:022,120000446,212473172,2966,111971,0
01:40:18:222,120000518,212177306,2970,119529,0
01:40:18:422,120000506,212486694,2968,111436,0
01:40:18:622,120000512,212408197,2966,114936,0
01:40:18:822,120000514,212436857,2977,114117,0
01:40:19:022,120000453,212325455,2965,116660,0
01:40:19:222,120000511,212321038,2971,115903,0
01:40:19:422,120000504,212157353,2983,120377,0
01:40:19:622,120000511,212046469,2963,123499,0
01:40:19:822,120000442,212251859,2962,117605,0
01:40:20:022,120000517,212200356,2964,118502,0
01:40:20:222,120000436,212247599,2975,117758,0
01:40:20:422,120000506,212197645,2966,119565,0
01:40:20:622,120000507,212315120,2966,115204,0
01:40:20:822,120000509,212333210,2970,115319,0
01:40:21:022,120000509,212144795,2977,120963,0
01:40:21:222,120000452,212361328,2966,116179,0
01:40:21:422,120000436,212327259,2961,115897,0
01:40:21:622,120000513,212279720,2980,118586,0
01:40:21:822,120000509,212325233,2972,116004,0
01:40:22:022,120000439,212221036,2959,119767,0
01:40:22:222,120000495,212362571,2967,114838,0
01:40:22:422,120000447,212342988,2962,115787,0
01:40:22:622,120000511,212118756,2968,121703,0
01:40:22:822,120000511,212352745,2973,115311,0
01:40:23:022,120000507,212184875,2961,120311,0
01:40:23:222,120000512,212287244,2972,117593,0
01:40:23:422,120000455,212371010,2972,115260,0
01:40:23:622,120000514,212323888,2967,116332,0
01:40:23:822,120000440,212344790,2966,116273,0
01:40:24:022,120000506,212333203,2969,115900,0
01:40:24:222,120000437,212293920,2963,119272,0
01:40:24:422,120000504,212341802,2976,116772,0
01:40:24:622,120000518,212416611,2980,113977,0
01:40:24:822,120000506,212107943,2964,121795,0
01:40:25:022,120000455,212381775,2965,114920,0
01:40:25:222,120000512,212164309,2970,120146,0
01:40:25:422,120000512,212498504,2979,112122,0
01:40:25:622,120000455,212367575,2977,113895,0
01:40:25:822,120000501,212403797,2977,115198,0
01:40:26:022,120000452,212379542,2974,113907,0
01:40:26:222,120000497,212363557,2971,115753,0
01:40:26:822,120000457,265134151,403,161,0
01:40:26:822,120000457,265134151,403,161,0
01:40:27:022,120000524,214260952,2875,114881,0
01:40:27:222,120000522,212561621,2977,110812,0
01:40:27:422,120000507,212147359,2959,122374,0
01:40:27:622,120000504,212268702,2972,118065,0
01:40:27:822,120000442,212317205,2967,116090,0
01:40:28:022,120000526,212260905,2978,117404,0
01:40:28:222,120000431,212240668,2968,118587,0
01:40:28:422,120000506,212227013,2964,118552,0
01:40:28:622,120000514,212408889,2988,113081,0
01:40:28:822,120000505,212135553,2967,121880,0
01:40:29:022,120000433,212463267,2964,112830,0
01:40:29:222,120000504,212339922,2973,117184,0
01:40:29:422,120000447,212338051,2965,114564,0
01:40:29:622,120000514,212144109,2968,121037,0
01:40:29:822,120000508,212299429,2971,116559,0
01:40:30:022,120000440,212386694,2965,115086,0
01:40:30:222,120000444,212255339,2963,117832,0
01:40:30:422,120000449,212411689,2970,113511,0
01:40:30:622,120000512,212289855,2970,116026,0
01:40:30:822,120000515,212321643,2978,115051,0
01:40:31:022,120000506,212342085,2968,115716,0
01:40:31:222,120000497,212507978,2977,111364,0
01:40:31:422,120000509,212400263,2969,114081,0
01:40:31:622,120000509,212609077,2978,110719,0
01:40:31:822,120000512,212187418,2958,119134,0
01:40:32:022,120000512,212293103,2966,117073,0
01:40:32:222,120000449,212546020,2972,111108,0
01:40:32:422,120000509,212366312,2965,116113,0
01:40:32:622,120000506,212291928,2978,116560,0
01:40:32:822,120000517,212285218,2978,116746,0
01:40:33:022,120000453,212303359,2962,116403,0
01:40:33:222,120000515,212224081,2966,119903,0
01:40:33:422,120000506,212309392,2983,117080,0
01:40:33:622,120000517,212196700,2959,121239,0
01:40:33:822,120000504,212421458,2978,113093,0
01:40:34:022,120000506,212483081,2971,112442,0
01:40:34:222,120000436,212276955,2962,117151,0
01:40:34:422,120000447,212404384,2971,114505,0
01:40:34:622,120000503,212339838,2965,117097,0
01:40:34:822,120000517,212293217,2981,117419,0
01:40:35:022,120000504,212326845,2965,116584,0
01:40:35:222,120000438,212325675,2970,116588,0
01:40:35:422,120000508,212395454,2973,114753,0
01:40:35:622,120000458,212266354,2965,117061,0
01:40:35:822,120000514,212346558,2963,114685,0
01:40:36:022,120000507,212219626,2971,117611,0
01:40:36:222,120000512,212259449,2965,118004,0
01:40:36:422,120000458,212323698,2970,117180,0
01:40:36:622,120000514,212223866,2970,117976,0
01:40:36:822,120000507,212247173,2969,117042,0
01:40:37:022,120000515,212528290,2977,112025,0
01:40:37:222,120000509,212333851,2969,116918,0
01:40:37:422,120000512,212540399,2976,110271,0
01:40:37:622,120000515,212399142,2959,113406,0
01:40:37:822,120000444,212392293,2962,113619,0
01:40:38:022,120000505,212250763,2973,118151,0
01:40:38:222,120000503,212276390,2979,115957,0
01:40:38:422,120000509,212203955,2965,118629,0
01:40:38:622,120000506,212435943,2977,113258,0
01:40:38:822,120000441,212312673,2964,117422,0
01:40:39:022,120000457,212268885,2963,118240,0
01:40:39:222,120000455,212433165,2977,114778,0
01:40:39:422,120000509,212338451,2964,116705,0
01:40:39:622,120000430,212108717,2969,121594,0
01:40:39:822,120000501,212206476,2972,119870,0
01:40:40:022,120000446,212438296,2968,113426,0
01:40:40:222,120000503,212334423,2970,114727,0
01:40:40:422,120000512,212379225,2974,115005,0
01:40:40:622,120000517,212057135,2970,123959,0
01:40:40:822,120000450,212396315,2967,114417,0
01:40:41:022,120000450,212124200,2972,120857,0
01:40:41:222,120000511,212253582,2966,116465,0
01:40:41:422,120000452,212189161,2963,119788,0
01:40:41:622,120000515,212265845,2967,118589,0
01:40:42:222,120000449,265134391,403,156,0
01:40:42:222,120000449,265134391,403,156,0
01:40:42:422,120000521,223142691,2455,91455,0
01:40:42:622,120000501,212563025,2975,110127,0
01:40:42:822,120000449,212308863,2967,116081,0
01:40:43:022,120000509,212373640,2976,115089,0
01:40:43:222,120000450,212279217,2966,116564,0
01:40:43:422,120000526,212415537,2963,114036,0
01:40:43:622,120000507,212204178,2981,118928,0
01:40:43:822,120000510,212234886,2964,118223,0
01:40:44:022,120000449,212264489,2965,118103,0
01:40:44:222,120000511,212293962,2974,118105,0
01:40:44:422,120000513,212263058,2980,118064,0
01:40:44:622,120000512,212324918,2973,116563,0
01:40:44:822,120000449,212219027,2963,119062,0
01:40:45:022,120000442,212267997,2977,116727,0
01:40:45:222,120000431,212553349,2967,112311,0
01:40:45:422,120000442,212075086,2964,123193,0
01:40:45:622,120000508,212370403,2967,116517,0
01:40:45:822,120000447,212461864,2968,112490,0
01:40:46:022,120000502,212374631,2971,115047,0
01:40:46:222,120000449,212250199,2971,117119,0
01:40:46:422,120000509,212397701,2964,114015,0
01:40:46:622,120000514,212333103,2971,116501,0
01:40:46:822,120000510,212262686,2959,116888,0
01:40:47:022,120000512,212329681,2979,115577,0
01:40:47:222,120000438,212173993,2968,119530,0
01:40:47:422,120000516,212211284,2972,119049,0
01:40:47:622,120000437,212294991,2972,115707,0
01:40:47:822,120000510,212493215,2970,113966,0
01:40:48:022,120000449,212237095,2961,118220,0
01:40:48:222,120000509,212339618,2973,114873,0
01:40:48:422,120000500,212361729,2967,115790,0
01:40:48:622,120000503,212224471,2970,119220,0
01:40:48:822,120000512,212287331,2971,117743,0
01:40:49:022,120000512,212308586,2964,117667,0
01:40:49:222,120000509,212263851,2968,117721,0
01:40:49:422,120000427,212199640,2970,120730,0
01:40:49:622,120000510,212376444,2972,115420,0
01:40:49:822,120000455,212357606,2971,115237,0
01:40:50:022,120000452,212234431,2959,117717,0
01:40:50:222,120000449,212501570,2971,111087,0
01:40:50:422,120000517,212267666,2960,116890,0
01:40:50:622,120000509,212254302,2981,116714,0
01:40:50:822,120000507,212238526,2963,119021,0
01:40:51:022,120000455,212426852,2963,113504,0
01:40:51:222,120000500,212282377,2971,119029,0
01:40:51:422,120000506,212238488,2974,118476,0
01:40:51:622,120000509,212489106,2979,112196,0
01:40:51:822,120000515,212351713,2977,115591,0
01:40:52:022,120000449,212300256,2966,116059,0
01:40:52:222,120000500,212233458,2966,118667,0
01:40:52:422,120000503,212090786,2973,123084,0
01:40:52:622,120000506,212312937,2962,117154,0
01:40:52:822,120000433,212169888,2966,120119,0
01:40:53:022,120000504,212299314,2973,115916,0
01:40:53:222,120000497,212263081,2982,118748,0
01:40:53:422,120000503,212200251,2962,119044,0
01:40:53:622,120000506,212501098,2986,112951,0
01:40:53:822,120000512,212206340,2967,120069,0
01:40:54:022,120000512,212367041,2972,114407,0
01:40:54:222,120000509,212353667,2979,115755,0
01:40:54:422,120000515,212210928,2968,117826,0
01:40:54:622,120000439,212142294,2965,122317,0
01:40:54:822,120000506,212312237,2968,117905,0
01:40:55:022,120000504,212214839,2979,119724,0
01:40:55:222,120000503,212331431,2969,117224,0
01:40:55:422,120000517,212487648,2972,113033,0
01:40:55:622,120000509,212161345,2966,120534,0
01:40:55:822,120000510,212283272,2966,116755,0
01:40:56:022,120000506,212278843,2972,117408,0
01:40:56:222,120000500,212405990,2979,114512,0
01:40:56:422,120000441,212395729,2971,114919,0
01:40:56:622,120000516,212242663,2965,117553,0
01:40:56:822,120000431,212359229,2976,116762,0
01:40:57:022,120000501,212335217,2965,116407,0
01:40:57:622,120000464,265133786,403,148,0
01:40:57:622,120000464,265133786,403,148,0
01:40:57:822,120000516,232115834,2017,70993,0
01:40:58:022,120000513,212232462,2972,119394,0
01:40:58:222,120000444,212254940,2968,118753,0
01:40:58:422,120000513,212370279,2968,114225,0
01:40:58:622,120000442,212363435,2972,114775,0
01:40:58:822,120000518,212140972,2965,121691,0
01:40:59:022,120000512,212393206,2975,113910,0
01:40:59:222,120000510,212508812,2976,111603,0
01:40:59:422,120000522,212124927,2977,120972,0
01:40:59:622,120000499,212454195,2964,113642,0
01:40:59:822,120000508,212393722,2973,114688,0
01:41:00:022,120000504,212159874,2969,120802,0
01:41:00:222,120000512,212321601,2970,116244,0
01:41:00:422,120000506,212387653,2976,114595,0
01:41:00:622,120000512,212085925,2978,123186,0
01:41:00:822,120000458,212395768,2967,115442,0
01:41:01:022,120000514,212346084,2964,115682,0
01:41:01:222,120000507,212356247,2976,115498,0
01:41:01:422,120000515,212068997,2979,124011,0
01:41:01:622,120000506,212590961,2979,110467,0
01:41:01:822,120000505,212246191,2967,118567,0
01:41:02:022,120000515,212258460,2969,118055,0
01:41:02:222,120000510,212097201,2962,122658,0
01:41:02:422,120000452,212155719,2960,120034,0
01:41:02:622,120000444,212477828,2982,113973,0
01:41:02:822,120000449,212402968,2963,113741,0
01:41:03:022,120000499,212309967,2977,117157,0
01:41:03:222,120000511,212219491,2973,118038,0
01:41:03:422,120000507,212465189,2977,112253,0
01:41:03:622,120000514,212347706,2970,117613,0
01:41:03:822,120000448,212430945,2962,114777,0
01:41:04:022,120000511,212344143,2972,115755,0
01:41:04:222,120000436,212294781,2967,118343,0
01:41:04:422,120000509,212317791,2978,119187,0
01:41:04:622,120000513,212300959,2974,116417,0
01:41:04:822,120000452,212439213,2974,113433,0
01:41:05:022,120000515,212356442,2969,115403,0
01:41:05:222,120000439,212331875,2961,114592,0
01:41:05:422,120000501,212404412,2970,114031,0
01:41:05:622,120000515,212187002,2971,119085,0
01:41:05:822,120000512,212243897,2968,119383,0
01:41:06:022,120000512,212431699,2971,114658,0
01:41:06:222,120000503,212404105,2958,114400,0
01:41:06:422,120000436,212141716,2959,121469,0
01:41:06:622,120000506,212163645,2971,120191,0
01:41:06:822,120000507,212325241,2977,116496,0
01:41:07:022,120000455,212275674,2961,116390,0
01:41:07:222,120000450,212378346,2959,115343,0
01:41:07:422,120000505,212266885,2977,118485,0
01:41:07:622,120000505,212095533,2966,121967,0
01:41:07:822,120000445,212432327,2962,114663,0
01:41:08:022,120000508,212384349,2969,114244,0
01:41:08:222,120000518,212149386,2973,120558,0
01:41:08:422,120000503,212196034,2968,118646,0
01:41:08:622,120000503,212368080,2980,113888,0
01:41:08:822,120000514,212319828,2964,115666,0
01:41:09:022,120000450,212375466,2969,116336,0
01:41:09:222,120000509,212235806,2979,119967,0
01:41:09:422,120000503,212402844,2970,115615,0
01:41:09:622,120000509,212514062,2977,111444,0
01:41:09:822,120000503,212141467,2963,120023,0
01:41:10:022,120000441,212174294,2968,119981,0
01:41:10:222,120000511,212091409,2961,122117,0
01:41:10:422,120000439,212295710,2960,117612,0
01:41:10:622,120000501,212477755,2963,114048,0
01:41:10:822,120000439,212259142,2969,118777,0
01:41:11:022,120000507,212334417,2966,115580,0
01:41:11:222,120000515,212178474,2977,118614,0
01:41:11:422,120000436,212237570,2967,120149,0
01:41:11:622,120000510,212459198,2964,113285,0
01:41:11:822,120000449,212229112,2974,118389,0
01:41:12:022,120000500,212267896,2967,117570,0
01:41:12:222,120000446,211988931,2971,124492,0
01:41:12:422,120000517,212246717,2966,118179,0
01:41:13:022,120000480,265134109,403,158,0
01:41:13:022,120000480,265134109,403,158,0
01:41:13:222,120000448,240785720,1600,53543,0
01:41:13:422,120000508,212257580,2973,118160,0
01:41:13:622,120000506,212455578,2973,113529,0
01:41:13:822,120000509,212198219,2963,118625,0
01:41:14:022,120000449,212164743,2964,119441,0
01:41:14:222,120000521,212148955,2970,120349,0
01:41:14:422,120000496,212407033,2979,113755,0
01:41:14:622,120000512,212301816,2964,117061,0
01:41:14:822,120000453,212274132,2962,118760,0
01:41:15:022,120000507,212292576,2974,116377,0
01:41:15:222,120000508,212105978,2974,121200,0
01:41:15:422,120000507,212414646,2959,115105,0
01:41:15:622,120000458,212176214,2971,120485,0
01:41:15:822,120000444,212066197,2977,122685,0
01:41:16:022,120000517,212175606,2963,121727,0
01:41:16:222,120000439,212233086,2970,117407,0
01:41:16:422,120000501,212472480,2970,112390,0
01:41:16:622,120000509,212307964,2981,116919,0
01:41:16:822,120000500,212353313,2973,115415,0
01:41:17:022,120000503,212336403,2976,115632,0
01:41:17:222,120000509,212484433,2961,113226,0
01:41:17:422,120000500,212507755,2972,111179,0
01:41:17:622,120000503,212064773,2960,124533,0
01:41:17:822,120000512,212211975,2975,118125,0
01:41:18:022,120000436,212056102,2972,124269,0
01:41:18:222,120000437,212376360,2958,114682,0
01:41:18:422,120000442,212431818,2972,113997,0
01:41:18:622,120000510,212300241,2962,117196,0
01:41:18:822,120000513,212216583,2980,118122,0
01:41:19:022,120000506,212260009,2965,118040,0
01:41:19:222,120000442,212358197,2965,116346,0
01:41:19:422,120000504,212315743,2972,116412,0
01:41:19:622,120000518,212297304,2973,117258,0
01:41:19:822,120000509,212471551,2975,112183,0
01:41:20:022,120000511,212289397,2971,116905,0
01:41:20:222,120000445,212376665,2967,116445,0
01:41:20:422,120000513,212527854,2972,112405,0
01:41:20:622,120000442,212238899,2962,118446,0
01:41:20:822,120000508,212214369,2976,118496,0
01:41:21:022,120000518,212237023,2991,118274,0
01:41:21:222,120000511,212302304,2971,116051,0
01:41:21:422,120000450,212298817,2967,117302,0
01:41:21:622,120000506,212331619,2972,115664,0
01:41:21:822,120000503,212388037,2979,115801,0
01:41:22:022,120000505,212410860,2973,114938,0
01:41:22:222,120000510,212332363,2976,114978,0
01:41:22:422,120000458,212507404,2968,111780,0
01:41:22:622,120000512,212279336,2978,117852,0
01:41:22:822,120000442,212301684,2966,116650,0
01:41:23:022,120000501,212280956,2974,118519,0
01:41:23:222,120000439,212461676,2974,113785,0
01:41:23:422,120000498,212242195,2968,119202,0
01:41:23:622,120000506,212378125,2976,116655,0
01:41:23:822,120000500,212337233,2965,117096,0
01:41:24:022,120000500,212419965,2975,114099,0
01:41:24:222,120000508,212199419,2969,119718,0
01:41:24:422,120000509,212304510,2969,116390,0
01:41:24:622,120000453,212390286,2976,116779,0
01:41:24:822,120000509,212128376,2969,120628,0
01:41:25:022,120000436,212288093,2961,116422,0
01:41:25:222,120000504,212198542,2968,121101,0
01:41:25:422,120000512,212443320,2977,114021,0
01:41:25:622,120000500,212310471,2973,117374,0
01:41:25:822,120000511,212385663,2968,113634,0
01:41:26:022,120000507,212565078,2968,111424,0
01:41:26:222,120000518,212345015,2977,114403,0
01:41:26:422,120000512,212154819,2968,121396,0
01:41:26:622,120000505,212265296,2970,118508,0
01:41:26:822,120000447,212165188,2964,120100,0
01:41:27:022,120000515,212504385,2969,112207,0
01:41:27:222,120000444,212362763,2970,115651,0
01:41:27:422,120000510,212318564,2974,116064,0
01:41:27:622,120000445,212541171,2966,110264,0
01:41:27:822,120000508,212374338,2968,114398,0
01:41:28:422,120000476,265134587,403,157,0
01:41:28:422,120000476,265134587,403,157,0
01:41:28:622,120000456,249523412,1174,34443,0
01:41:28:822,120000510,212108301,2971,121518,0
01:41:29:022,120000439,212265925,2970,116565,0
01:41:29:222,120000454,212286359,2958,116538,0
01:41:29:422,120000518,212204096,2976,119064,0
01:41:29:622,120000519,212116918,2962,121320,0
01:41:29:822,120000448,212326271,2962,115726,0
01:41:30:022,120000511,212367256,2969,115762,0
01:41:30:222,120000516,212221109,2979,119045,0
01:41:30:422,120000507,212205487,2965,119032,0
01:41:30:622,120000507,212406746,2979,115429,0
01:41:30:822,120000450,212458085,2962,113780,0
01:41:31:022,120000505,212427565,2967,113083,0
01:41:31:222,120000446,212315660,2971,115385,0
01:41:31:422,120000509,212343960,2971,116928,0
01:41:31:622,120000508,212292543,2988,116891,0
01:41:31:822,120000507,212353213,2963,116855,0
01:41:32:022,120000455,212311481,2962,117005,0
01:41:32:222,120000512,212082113,2963,122112,0
01:41:32:422,120000518,212358872,2984,115626,0
01:41:32:622,120000509,212427812,2981,115116,0
01:41:32:822,120000506,212415474,2975,114263,0
01:41:33:222,120000517,212195012,2968,120050,0
01:41:33:422,120000506,212260330,2982,118412,0
01:41:33:622,120000507,212338177,2966,116167,0
01:41:33:822,120000446,212244046,2960,117296,0
01:41:34:022,120000503,212395631,2978,115176,0
01:41:34:222,120000515,212207685,2973,119133,0
01:41:34:422,120000506,212185182,2964,120721,0
01:41:34:622,120000458,212247251,2968,118270,0
01:41:34:822,120000512,212474068,2966,111427,0
01:41:35:022,120000517,212550320,2977,111116,0
01:41:35:222,120000442,212422376,2968,115274,0
01:41:35:422,120000511,212351389,2978,115581,0
01:41:35:622,120000452,212241552,2967,118066,0
01:41:35:822,120000518,212194135,2974,119474,0
01:41:36:022,120000441,212344238,2966,115436,0
01:41:36:222,120000513,212401627,2967,114895,0
01:41:36:422,120000437,212296707,2966,117665,0
01:41:36:622,120000504,212444467,2970,111808,0
01:41:36:822,120000515,212291609,2967,117048,0
01:41:37:022,120000506,212220251,2968,118380,0
01:41:37:222,120000430,212201707,2969,119625,0
01:41:37:422,120000439,212480931,2974,113451,0
01:41:37:622,120000508,212452243,2974,114121,0
01:41:37:822,120000441,212184497,2965,119543,0
01:41:38:022,120000505,212366675,2969,115917,0
01:41:38:222,120000430,212265558,2979,118915,0
01:41:38:422,120000504,212489543,2972,113917,0
01:41:38:622,120000500,212528502,2976,110819,0
01:41:38:822,120000509,212355562,2966,114907,0
01:41:39:022,120000441,212303554,2965,116238,0
01:41:39:222,120000508,212462746,2971,111408,0
01:41:39:422,120000458,212382789,2969,114939,0
01:41:39:622,120000509,212550673,2965,112294,0
01:41:39:822,120000512,212442761,2972,114106,0
01:41:40:022,120000458,212290297,2973,119271,0
01:41:40:222,120000506,212488166,2972,112758,0
01:41:40:422,120000503,212357323,2976,115422,0
01:41:40:622,120000506,212469036,2972,112727,0
01:41:40:822,120000506,212225418,2981,118076,0
01:41:41:022,120000506,212253084,2974,118203,0
01:41:41:222,120000444,212258903,2966,117418,0
01:41:41:422,120000516,212321003,2972,115545,0
01:41:41:622,120000507,212219352,2972,119382,0
01:41:41:822,120000506,212194118,2962,119868,0
01:41:42:022,120000446,212431021,2963,112341,0
01:41:42:222,120000447,212452448,2968,114212,0
01:41:42:422,120000516,212152714,2969,121044,0
01:41:42:622,120000437,212191849,2968,119539,0
01:41:42:822,120000501,212358884,2973,115393,0
01:41:43:022,120000452,212460708,2962,112635,0
01:41:43:222,120000508,212298757,2967,116313,0
01:41:43:422,120000515,212346996,2967,116143,0
01:41:43:822,120000461,265133997,404,163,0
01:41:44:022,120000461,258230110,749,15309,0
01:41:44:222,120000510,212366199,2970,115735,0
01:41:44:422,120000511,212392838,2980,113410,0
01:41:44:622,120000504,212247659,2968,118640,0
01:41:44:822,120000438,212247664,2966,119727,0
01:41:45:022,120000513,212330324,2973,116027,0
01:41:45:222,120000525,212313279,2978,116829,0
01:41:45:422,120000505,212307813,2964,116856,0
01:41:45:622,120000527,212538828,2974,110779,0
01:41:45:822,120000521,212286649,2962,118563,0
01:41:46:022,120000437,212233404,2962,119216,0
01:41:46:222,120000437,212489029,2982,112788,0
01:41:46:422,120000454,212372050,2958,114566,0
01:41:46:622,120000515,212233596,2973,120249,0
01:41:46:822,120000506,212185552,2962,120027,0
01:41:47:022,120000442,212076553,2963,122528,0
01:41:47:222,120000510,212314147,2970,116905,0
01:41:47:422,120000511,212304179,2981,116467,0
01:41:47:622,120000507,212116097,2960,122574,0
01:41:47:822,120000515,212237816,2973,117886,0
01:41:48:022,120000506,212376511,2969,114747,0
01:41:48:222,120000520,212307622,2978,117249,0
01:41:48:422,120000450,212298840,2961,117327,0
01:41:48:622,120000509,212486830,2969,114988,0
01:41:48:822,120000458,212446919,2962,113781,0
01:41:49:022,120000514,212302494,2970,116750,0
01:41:49:222,120000440,212410390,2969,113934,0
01:41:49:422,120000507,212287144,2965,117571,0
01:41:49:622,120000503,212372896,2983,116099,0
01:41:49:822,120000503,212232693,2962,118037,0
01:41:50:022,120000455,212317783,2960,117484,0
01:41:50:222,120000518,212389848,2972,115194,0
01:41:50:422,120000508,212265701,2972,118501,0
01:41:50:622,120000437,212303960,2968,117569,0
01:41:50:822,120000504,212057502,2967,123129,0
01:41:51:022,120000509,212221808,2977,118956,0
01:41:51:222,120000508,212113576,2978,122529,0
01:41:51:422,120000453,212409814,2971,115146,0
01:41:51:622,120000509,212267019,2975,118716,0
01:41:51:822,120000518,212295470,2965,117237,0
01:41:52:022,120000511,212469945,2967,113552,0
01:41:52:222,120000510,212403434,2975,114624,0
01:41:52:422,120000511,212373924,2969,114926,0
01:41:52:622,120000507,212398314,2979,114842,0
01:41:52:822,120000446,212323935,2963,116490,0
01:41:53:022,120000509,212047815,2974,122596,0
01:41:53:222,120000509,212387877,2982,114599,0
01:41:53:422,120000509,212386764,2970,115742,0
01:41:53:623,120000503,212472889,2979,112606,0
01:41:53:823,120000509,212218675,2962,118546,0
01:41:54:023,120000436,212263871,2976,118065,0
01:41:54:223,120000504,212111154,2964,121509,0
01:41:54:423,120000512,212297140,2976,117062,0
01:41:54:623,120000514,212336028,2957,115245,0
01:41:54:823,120000510,212165739,2975,120122,0
01:41:55:023,120000455,212565929,2985,111464,0
01:41:55:223,120000512,212332612,2964,116755,0
01:41:55:423,120000509,212386758,2980,115757,0
01:41:55:623,120000509,212252368,2973,118861,0
01:41:55:823,120000449,212098445,2967,121275,0
01:41:56:023,120000517,212426034,2978,112720,0
01:41:56:223,120000512,212260368,2986,117563,0
01:41:56:423,120000504,212177035,2959,119004,0
01:41:56:623,120000440,212081634,2962,123014,0
01:41:56:823,120000506,212363913,2967,115292,0
01:41:57:023,120000514,212298290,2978,117162,0
01:41:57:223,120000443,212283750,2969,116975,0
01:41:57:423,120000503,212428805,2967,112400,0
01:41:57:623,120000453,212239388,2965,119913,0
01:41:57:823,120000512,212362533,2973,116590,0
01:41:58:023,120000444,212464090,2969,112429,0
01:41:58:223,120000514,212240688,2969,118218,0
01:41:58:423,120000455,212212078,2967,119058,0
01:41:58:623,120000515,212240248,2969,119208,0
01:41:58:823,120000506,212233345,2973,118315,0
01:41:59:423,120000440,265133902,403,152,0
01:41:59:423,120000440,265133902,403,152,0
01:41:59:623,120000523,214474989,2876,109787,0
01:41:59:823,120000449,212443267,2966,114282,0
01:42:00:023,120000502,212372737,2970,115874,0
01:42:00:223,120000441,212195030,2959,119384,0
01:42:00:423,120000514,212426107,2971,114759,0
01:42:00:623,120000522,212442936,2982,114151,0
01:42:00:823,120000513,212319779,2961,116255,0
01:42:01:023,120000506,212395969,2982,114934,0
01:42:01:223,120000459,212235511,2970,119087,0
01:42:01:423,120000433,212263646,2962,117888,0
01:42:01:623,120000517,212307884,2978,116406,0
01:42:01:823,120000506,212317493,2973,116248,0
01:42:02:023,120000450,212163775,2966,120384,0
01:42:02:223,120000502,212263194,2977,118556,0
01:42:02:423,120000509,212276694,2975,117225,0
01:42:02:623,120000512,212328055,2964,116918,0
01:42:02:823,120000452,212217377,2966,118546,0
01:42:03:023,120000514,212310662,2970,115037,0
01:42:03:223,120000510,212269940,2975,117914,0
01:42:03:423,120000509,212326399,2967,117923,0
01:42:03:623,120000512,212305298,2978,117589,0
01:42:03:823,120000455,212239202,2964,118555,0
01:42:04:023,120000512,212204450,2959,118201,0
01:42:04:223,120000444,212104205,2969,121346,0
01:42:04:423,120000499,212230762,2972,119706,0
01:42:04:623,120000503,212146813,2964,120575,0
01:42:04:823,120000509,212195746,2976,118865,0
01:42:05:023,120000446,212354207,2966,114458,0
01:42:05:223,120000514,212504428,2970,111024,0
01:42:05:423,120000453,212313856,2966,116411,0
01:42:05:623,120000512,212356006,2970,116253,0
01:42:05:823,120000506,212277091,2973,118554,0
01:42:06:023,120000512,212421455,2980,114096,0
01:42:06:223,120000503,212425582,2961,114102,0
01:42:06:423,120000433,212343694,2974,115406,0
01:42:06:623,120000501,212268470,2971,116966,0
01:42:06:823,120000449,212297302,2965,116989,0
01:42:07:023,120000515,212367726,2971,114848,0
01:42:07:223,120000506,212156467,2974,120067,0
01:42:07:423,120000509,212215901,2962,118897,0
01:42:07:623,120000433,212340376,2971,116156,0
01:42:07:823,120000507,212170569,2967,119461,0
01:42:08:023,120000508,212322030,2986,114548,0
01:42:08:223,120000436,212310312,2972,116421,0
01:42:08:423,120000511,212324729,2971,115046,0
01:42:08:623,120000439,212250909,2974,117545,0
01:42:08:823,120000507,212458737,2975,113281,0
01:42:09:023,120000506,212263620,2976,117222,0
01:42:09:223,120000503,212124519,2972,121193,0
01:42:09:423,120000455,212262404,2970,117106,0
01:42:09:623,120000512,212212731,2961,120356,0
01:42:09:823,120000512,212215360,2968,118959,0
01:42:10:023,120000514,212413771,2960,115373,0
01:42:10:223,120000445,212344244,2972,116075,0
01:42:10:423,120000446,212337568,2970,116854,0
01:42:10:623,120000505,212220196,2964,119880,0
01:42:10:823,120000430,212131348,2977,120339,0
01:42:11:023,120000504,212463739,2971,114580,0
01:42:11:223,120000438,212352143,2969,115132,0
01:42:11:423,120000516,212479302,2970,112568,0
01:42:11:623,120000510,212202658,2969,119250,0
01:42:11:823,120000503,212252580,2962,118042,0
01:42:12:023,120000503,212474701,2971,112797,0
01:42:12:223,120000514,212386679,2963,113413,0
01:42:12:423,120000507,212468620,2970,113009,0
01:42:12:623,120000443,212386278,2967,114092,0
01:42:12:823,120000509,212485707,2971,111764,0
01:42:13:023,120000444,212324916,2961,116747,0
01:42:13:223,120000505,212303074,2967,115725,0
01:42:13:423,120000494,212285857,2977,117576,0
01:42:13:623,120000509,212454589,2962,112558,0
01:42:13:823,120000509,212603146,2975,108283,0
01:42:14:023,120000502,212076889,2971,122657,0
01:42:14:223,120000501,212049971,2972,123604,0
01:42:14:823,120000445,265134080,403,154,0
01:42:14:823,120000445,265134080,403,154,0
01:42:15:023,120000523,223093181,2450,94169,0
01:42:15:223,120000465,212285825,2965,117577,0
01:42:15:423,120000506,212396516,2968,114931,0
01:42:15:623,120000507,212169706,2977,119705,0
01:42:15:823,120000506,212419210,2966,112727,0
01:42:16:023,120000456,212281540,2962,116566,0
01:42:16:223,120000512,212379062,2974,115753,0
01:42:16:423,120000507,212230976,2968,117962,0
01:42:16:623,120000465,212306256,2979,118019,0
01:42:16:823,120000502,212211597,2976,120391,0
01:42:17:023,120000450,212258580,2967,117718,0
01:42:17:223,120000511,212553395,2968,110952,0
01:42:17:423,120000452,212388343,2965,115804,0
01:42:17:623,120000509,212239494,2967,119366,0
01:42:17:823,120000440,211957650,2967,126209,0
01:42:18:023,120000503,211963604,2970,127957,0
01:42:18:223,120000433,212228262,2964,118741,0
01:42:18:423,120000504,212386848,2968,114228,0
01:42:18:623,120000518,212071710,2972,121937,0
01:42:18:823,120000449,212228933,2967,118297,0
01:42:19:023,120000512,212306648,2971,116404,0
01:42:19:223,120000455,212241848,2965,117400,0
01:42:19:423,120000512,212241607,2967,118192,0
01:42:19:623,120000445,212309570,2972,116288,0
01:42:19:823,120000501,212382805,2971,115561,0
01:42:20:023,120000436,212209926,2963,120406,0
01:42:20:223,120000507,212466367,2974,113112,0
01:42:20:423,120000497,212307996,2975,115902,0
01:42:20:623,120000503,212238531,2967,118363,0
01:42:20:823,120000500,212319181,2974,115475,0
01:42:21:023,120000449,212298804,2965,116074,0
01:42:21:223,120000515,212119017,2970,121806,0
01:42:21:423,120000452,212294068,2981,118011,0
01:42:21:623,120000506,212311720,2977,117567,0
01:42:21:823,120000449,212365937,2970,115954,0
01:42:22:023,120000506,212399183,2967,114348,0
01:42:22:223,120000444,212457050,2965,112428,0
01:42:22:423,120000511,212264810,2967,118240,0
01:42:22:623,120000508,212388850,2979,114588,0
01:42:22:823,120000515,212316253,2969,116236,0
01:42:23:023,120000512,212317137,2979,116749,0
01:42:23:223,120000442,212302674,2961,116562,0
01:42:23:423,120000446,212367241,2961,116365,0
01:42:23:623,120000454,212309502,2978,117744,0
01:42:23:823,120000517,212385316,2970,115587,0
01:42:24:023,120000450,212196399,2968,119393,0
01:42:24:223,120000517,212269642,2971,117180,0
01:42:24:423,120000510,211991825,2966,125183,0
01:42:24:623,120000509,212317136,2964,115502,0
01:42:24:823,120000452,212310939,2969,116395,0
01:42:25:023,120000517,212289336,2970,118593,0
01:42:25:223,120000501,212397935,2971,113240,0
01:42:25:423,120000452,212084997,2974,121336,0
01:42:25:623,120000515,212377684,2964,115017,0
01:42:25:823,120000452,212304959,2967,116399,0
01:42:26:023,120000515,212231224,2968,118688,0
01:42:26:223,120000506,212326608,2975,116266,0
01:42:26:423,120000517,212352021,2969,114729,0
01:42:26:623,120000450,212268675,2968,118243,0
01:42:26:823,120000518,212302584,2976,116908,0
01:42:27:023,120000446,212417905,2962,113416,0
01:42:27:223,120000505,212494316,2968,111433,0
01:42:27:423,120000507,212321393,2975,116419,0
01:42:27:623,120000463,212209877,2980,119220,0
01:42:27:823,120000510,212396762,2974,115084,0
01:42:28:023,120000455,212417488,2962,112909,0
01:42:28:223,120000509,212428949,2968,112909,0
01:42:28:423,120000450,212469732,2969,112449,0
01:42:28:623,120000499,212204533,2977,119328,0
01:42:28:823,120000509,212008258,2970,124751,0
01:42:29:023,120000517,212243780,2964,118319,0
01:42:29:223,120000510,212178514,2966,120286,0
01:42:29:423,120000509,212220042,2968,118488,0
01:42:29:623,120000439,212246530,2964,120171,0
01:42:30:223,120000446,265133840,403,155,0
01:42:30:223,120000446,265133840,403,155,0
01:42:30:423,120000521,231838172,2032,72863,0
01:42:30:623,120000450,212330527,2966,116426,0
01:42:30:823,120000509,212207788,2964,118711,0
01:42:31:023,120000512,212227767,2981,118565,0
01:42:31:223,120000509,212137003,2963,121045,0
01:42:31:423,120000449,212414044,2964,113750,0
01:42:31:623,120000516,212335019,2976,117274,0
01:42:31:823,120000507,212151894,2980,120032,0
01:42:32:023,120000464,212485739,2964,113456,0
01:42:32:223,120000511,212384943,2964,116710,0
01:42:32:423,120000441,212107698,2964,122275,0
01:42:32:623,120000508,212284329,2975,116849,0
01:42:32:823,120000450,212265157,2968,116801,0
01:42:33:023,120000508,212287201,2963,117997,0
01:42:33:223,120000515,212180433,2974,119900,0
01:42:33:423,120000512,212047790,2975,123135,0
01:42:33:623,120000441,212295448,2961,117402,0
01:42:33:823,120000517,212102317,2972,121864,0
01:42:34:023,120000509,212184905,2979,119230,0
01:42:34:223,120000452,212400428,2970,113767,0
01:42:34:423,120000515,212383830,2971,114924,0
01:42:34:623,120000444,212393590,2967,114760,0
01:42:34:823,120000513,212330687,2968,115515,0
01:42:35:023,120000507,212481517,2989,112873,0
01:42:35:223,120000515,212244138,2971,119343,0
01:42:35:423,120000511,212439180,2978,114481,0
01:42:35:623,120000507,212423837,2965,112561,0
01:42:35:823,120000442,212121392,2969,122057,0
01:42:36:023,120000509,212401268,2969,114767,0
01:42:36:223,120000512,212406042,2976,114176,0
01:42:36:423,120000450,212333512,2973,117682,0
01:42:36:623,120000509,212511365,2965,111042,0
01:42:36:823,120000449,212133699,2973,121639,0
01:42:37:023,120000515,212306057,2968,115137,0
01:42:37:223,120000439,212244677,2965,118823,0
01:42:37:423,120000501,212228369,2971,118308,0
01:42:37:623,120000520,212398746,2975,112775,0
01:42:37:823,120000504,212084142,2967,122639,0
01:42:38:023,120000455,212389293,2968,115317,0
01:42:38:223,120000509,212225003,2964,120072,0
01:42:38:423,120000509,212197756,2977,119395,0
01:42:38:623,120000441,212331581,2964,117498,0
01:42:38:823,120000443,212350666,2967,116081,0
01:42:39:023,120000516,212110847,2977,121372,0
01:42:39:223,120000506,212096278,2962,123429,0
01:42:39:423,120000444,212278380,2966,116712,0
01:42:39:623,120000512,212231436,2972,119572,0
01:42:39:823,120000458,212180461,2959,120214,0
01:42:40:023,120000512,212553984,2966,112312,0
01:42:40:223,120000447,212357561,2958,116381,0
01:42:40:423,120000507,212319560,2971,117104,0
01:42:40:623,120000501,212284428,2978,117400,0
01:42:40:823,120000455,212265800,2967,116888,0
01:42:41:023,120000511,212414169,2967,113585,0
01:42:41:223,120000436,212392568,2970,114622,0
01:42:41:423,120000508,212226563,2974,119711,0
01:42:41:623,120000442,212329114,2973,117119,0
01:42:41:823,120000504,212347309,2970,116006,0
01:42:42:023,120000514,212245181,2978,118251,0
01:42:42:223,120000507,212277035,2964,117561,0
01:42:42:423,120000449,212223106,2965,118614,0
01:42:42:623,120000515,212301242,2968,117341,0
01:42:42:823,120000506,212316069,2977,116842,0
01:42:43:023,120000455,212157809,2973,120443,0
01:42:43:223,120000442,212374987,2966,115568,0
01:42:43:423,120000450,212306755,2979,115905,0
01:42:43:623,120000512,212430472,2970,113072,0
01:42:43:823,120000509,212280681,2978,116386,0
01:42:44:023,120000509,212513601,2964,111749,0
01:42:44:223,120000503,212376308,2978,113943,0
01:42:44:423,120000517,212283981,2966,116725,0
01:42:44:623,120000450,212381076,2964,114586,0
01:42:44:823,120000515,212412777,2963,114078,0
01:42:45:023,120000512,212186087,2966,119278,0
01:42:45:623,120000472,265133939,403,156,0
01:42:45:623,120000472,265133939,403,156,0
01:42:45:823,120000513,240848235,1590,53729,0
01:42:46:023,120000509,212127191,2983,121707,0
01:42:46:223,120000507,212343972,2965,114392,0
01:42:46:423,120000442,212336866,2977,116086,0
01:42:46:623,120000504,212391381,2977,114926,0
01:42:46:823,120000531,212339433,2970,115245,0
01:42:47:023,120000442,212357860,2976,115840,0
01:42:47:223,120000508,212185510,2973,119361,0
01:42:47:423,120000459,212197581,2963,119898,0
01:42:47:623,120000514,212265926,2966,118395,0
01:42:47:823,120000506,212224315,2982,120243,0
01:42:48:023,120000515,212216157,2964,118506,0
01:42:48:223,120000452,212204486,2961,120280,0
01:42:48:423,120000509,212408653,2967,114736,0
01:42:48:623,120000508,212193095,2985,120573,0
01:42:48:823,120000504,212302263,2960,116393,0
01:42:49:023,120000446,212273090,2969,116897,0
01:42:49:223,120000447,212408862,2974,113755,0
01:42:49:423,120000505,212282247,2978,118575,0
01:42:49:623,120000503,212355390,2976,115426,0
01:42:49:823,120000500,212403246,2976,114372,0
01:42:50:023,120000438,212155366,2959,120965,0
01:42:50:223,120000513,212287674,2964,117163,0
01:42:50:423,120000507,212335901,2983,116332,0
01:42:50:623,120000515,212218629,2959,119215,0
01:42:50:823,120000447,212331896,2969,116413,0
01:42:51:023,120000505,212276952,2966,117061,0
01:42:51:223,120000500,212241893,2976,118408,0
01:42:51:423,120000435,212352120,2972,114751,0
01:42:51:623,120000499,212290431,2970,116912,0
01:42:51:823,120000438,212450700,2966,113836,0
01:42:52:023,120000510,212298070,2972,117852,0
01:42:52:223,120000479,212311445,2969,116285,0
01:42:52:423,120000512,212398280,2967,114423,0
01:42:52:623,120000507,212246012,2977,117553,0
01:42:52:823,120000500,212202572,2966,120719,0
01:42:53:023,120000449,212252375,2960,117761,0
01:42:53:223,120000509,212263507,2967,117383,0
01:42:53:423,120000512,212294308,2974,116748,0
01:42:53:623,120000509,212160749,2966,121203,0
01:42:53:823,120000508,212036524,2972,123591,0
01:42:54:023,120000450,212153830,2966,120615,0
01:42:54:223,120000518,212331464,2970,116079,0
01:42:54:423,120000509,212226400,2971,119232,0
01:42:54:623,120000506,212389522,2969,115443,0
01:42:54:823,120000500,212327604,2982,116293,0
01:42:55:023,120000505,212294371,2959,117916,0
01:42:55:223,120000445,212114470,2964,121357,0
01:42:55:423,120000510,212464143,2977,113601,0
01:42:55:623,120000510,212257939,2985,117726,0
01:42:55:823,120000515,212109553,2966,122536,0
01:42:56:023,120000449,212358490,2965,114578,0
01:42:56:223,120000433,212440063,2981,113342,0
01:42:56:423,120000504,212375867,2962,114919,0
01:42:56:623,120000511,212348378,2979,116097,0
01:42:56:823,120000506,212404164,2966,113307,0
01:42:57:023,120000450,212230006,2965,120028,0
01:42:57:223,120000517,212339426,2969,116732,0
01:42:57:423,120000442,212465544,2970,112652,0
01:42:57:623,120000511,212261904,2975,117550,0
01:42:57:823,120000509,212316039,2967,115066,0
01:42:58:023,120000512,212381147,2964,116021,0
01:42:58:223,120000512,212361853,2971,114561,0
01:42:58:423,120000447,212479637,2958,113107,0
01:42:58:623,120000514,212164107,2970,120365,0
01:42:58:823,120000439,212302173,2970,118408,0
01:42:59:023,120000498,212454218,2963,113109,0
01:42:59:223,120000509,212326151,2974,115911,0
01:42:59:423,120000506,212330501,2972,115915,0
01:42:59:623,120000509,212293704,2975,115887,0
01:42:59:823,120000500,212231198,2967,118722,0
01:43:00:023,120000441,212367825,2967,115337,0
01:43:00:223,120000505,212417213,2972,114422,0
01:43:00:423,120000509,212304764,2974,116988,0
01:43:01:023,120000471,265133983,403,160,0
01:43:01:023,120000471,265133983,403,160,0
01:43:01:223,120000509,249656599,1167,32654,0
01:43:01:423,120000437,211974780,2966,126218,0
01:43:01:623,120000507,212198981,2968,119482,0
01:43:01:823,120000515,212290516,2979,117581,0
01:43:02:023,120000512,211983517,2959,125168,0
01:43:02:223,120000522,212249377,2977,119470,0
01:43:02:423,120000445,212280921,2981,118085,0
01:43:02:623,120000514,212297746,2969,115893,0
01:43:02:823,120000453,212422048,2966,113255,0
01:43:03:023,120000498,212262082,2974,118716,0
01:43:03:223,120000503,212198149,2963,119563,0
01:43:03:423,120000511,212134728,2964,121353,0
01:43:03:623,120000447,212293733,2965,117750,0
01:43:03:823,120000515,212372116,2966,114409,0
01:43:04:023,120000506,212282896,2971,116889,0
01:43:04:223,120000514,212279963,2967,117061,0
01:43:04:423,120000507,212266221,2971,118066,0
01:43:04:623,120000446,212359512,2961,114911,0
01:43:04:823,120000450,212323415,2962,115236,0
01:43:05:023,120000448,212285329,2980,117054,0
01:43:05:223,120000503,212391138,2967,114594,0
01:43:05:423,120000458,212206536,2969,118376,0
01:43:05:823,120000458,212345467,2966,116079,0
01:43:06:023,120000509,212406970,2971,114698,0
01:43:06:223,120000518,212314871,2977,117862,0
01:43:06:423,120000508,212220498,2968,118873,0
01:43:06:623,120000513,212439693,2983,114282,0
01:43:06:823,120000446,212130065,2967,121033,0
01:43:07:023,120000506,212210270,2970,119381,0
01:43:07:223,120000518,212430945,2982,112923,0
01:43:07:423,120000509,212368786,2967,114570,0
01:43:07:623,120000449,212348098,2965,115969,0
01:43:07:823,120000511,212259513,2971,117061,0
01:43:08:023,120000442,212352936,2970,116133,0
01:43:08:223,120000510,212145882,2969,120996,0
01:43:08:423,120000453,212062782,2976,123718,0
01:43:08:623,120000511,212349103,2973,116012,0
01:43:08:823,120000498,212362949,2972,116595,0
01:43:09:023,120000449,212331260,2975,116083,0
01:43:09:223,120000503,212180898,2970,120335,0
01:43:09:423,120000452,212399779,2970,114146,0
01:43:09:623,120000511,212521037,2970,111737,0
01:43:09:823,120000438,212424887,2972,115683,0
01:43:10:023,120000514,212365910,2968,115412,0
01:43:10:223,120000504,212242673,2970,117893,0
01:43:10:423,120000509,212374088,2968,114911,0
01:43:10:623,120000509,212429900,2983,115277,0
01:43:10:823,120000511,212355379,2962,117029,0
01:43:11:023,120000506,212241692,2968,118719,0
01:43:11:223,120000436,212320118,2962,116244,0
01:43:11:423,120000435,212436247,2955,112746,0
01:43:11:623,120000501,212157599,2986,119867,0
01:43:11:823,120000512,212168596,2963,121322,0
01:43:12:023,120000436,212103340,2958,121250,0
01:43:12:223,120000510,212066451,2970,122563,0
01:43:12:423,120000446,212368952,2965,115351,0
01:43:12:623,120000505,212448866,2967,113351,0
01:43:12:823,120000448,212266921,2959,117235,0
01:43:13:023,120000513,212179944,2961,120553,0
01:43:13:223,120000450,212063312,2963,122842,0
01:43:13:423,120000439,212439433,2970,114262,0
01:43:13:623,120000504,212260611,2965,118581,0
01:43:13:823,120000438,212491411,2976,112779,0
01:43:14:023,120000505,212187344,2968,119827,0
01:43:14:223,120000441,212285647,2966,116632,0
01:43:14:423,120000508,212060563,2967,122784,0
01:43:14:623,120000512,212348644,2984,115967,0
01:43:14:823,120000515,212406617,2959,114389,0
01:43:15:023,120000509,212427614,2971,115124,0
01:43:15:223,120000509,212247083,2967,118233,0
01:43:15:423,120000458,212424540,2970,113315,0
01:43:15:623,120000447,212330213,2971,116333,0
01:43:15:823,120000502,212346647,2969,114896,0
01:43:16:023,120000449,212187608,2969,119708,0
01:43:16:423,120000479,265133818,404,160,0
01:43:16:623,120000507,258339757,745,14529,0
01:43:16:823,120000509,212276328,2979,117228,0
01:43:17:023,120000512,212256608,2968,118576,0
01:43:17:223,120000450,212366473,2970,114058,0
01:43:17:423,120000506,212286420,2971,119173,0
01:43:17:623,120000452,212471843,2965,113280,0
01:43:17:823,120000466,212265537,2972,117220,0
01:43:18:023,120000509,212300854,2982,116065,0
01:43:18:223,120000436,212273793,2968,117081,0
01:43:18:423,120000520,212430554,2973,112894,0
01:43:18:623,120000510,212112498,2971,121582,0
01:43:18:823,120000510,212287748,2978,117349,0
01:43:19:023,120000512,212418103,2976,115446,0
01:43:19:223,120000518,212237861,2967,119737,0
01:43:19:423,120000509,212203148,2969,120887,0
01:43:19:623,120000503,212083404,2961,122349,0
01:43:19:823,120000509,212553045,2971,110290,0
01:43:20:023,120000444,212406356,2969,114426,0
01:43:20:223,120000510,212247857,2966,118007,0
01:43:20:423,120000513,212149798,2970,120452,0
01:43:20:623,120000506,212021876,2974,123743,0
01:43:20:823,120000500,212153909,2984,121103,0
01:43:21:023,120000503,212203174,2968,119678,0
01:43:21:223,120000447,212231992,2969,119252,0
01:43:21:423,120000505,212283218,2975,117918,0
01:43:21:623,120000433,212497704,2962,111427,0
01:43:21:823,120000510,212295154,2967,116054,0
01:43:22:023,120000511,212376187,2973,114901,0
01:43:22:223,120000440,212359278,2969,115940,0
01:43:22:423,120000498,212130463,2968,120338,0
01:43:22:623,120000449,212379359,2974,115920,0
01:43:22:823,120000509,212412486,2967,114945,0
01:43:23:023,120000518,212207015,2976,118864,0
01:43:23:223,120000500,212377192,2962,115416,0
01:43:23:423,120000449,212272102,2973,118959,0
01:43:23:623,120000512,212313777,2976,116580,0
01:43:23:823,120000512,212176630,2975,119880,0
01:43:24:023,120000515,212606775,2977,110467,0
01:43:24:223,120000506,212203000,2977,119640,0
01:43:24:423,120000446,212306499,2963,116154,0
01:43:24:623,120000518,212195392,2975,120039,0
01:43:24:823,120000441,212399820,2967,113599,0
01:43:25:023,120000508,212232903,2970,118029,0
01:43:25:223,120000512,212583687,2975,109835,0
01:43:25:423,120000518,212382071,2963,114371,0
01:43:25:623,120000503,212373195,2982,114480,0
01:43:25:823,120000506,212390203,2964,114704,0
01:43:26:023,120000506,212315473,2973,115575,0
01:43:26:223,120000500,212316047,2962,116399,0
01:43:26:423,120000449,212373121,2970,114482,0
01:43:26:623,120000444,211960081,2969,125383,0
01:43:26:823,120000514,212267176,2968,117057,0
01:43:27:023,120000444,212466700,2965,112590,0
01:43:27:223,120000513,212228470,2972,117645,0
01:43:27:423,120000507,212349722,2978,116302,0
01:43:27:623,120000506,212355485,2968,117609,0
01:43:27:823,120000444,212278916,2976,117280,0
01:43:28:023,120000502,212161352,2974,119544,0
01:43:28:223,120000503,212362389,2968,115258,0
01:43:28:423,120000500,212323875,2970,116577,0
01:43:28:623,120000446,212024015,2965,123923,0
01:43:28:823,120000442,212321661,2977,117365,0
01:43:29:023,120000509,212305527,2967,117853,0
01:43:29:223,120000504,212403881,2980,115093,0
01:43:29:423,120000500,211924179,2969,126590,0
01:43:29:623,120000506,212287758,2970,117438,0
01:43:29:823,120000514,212532142,2975,112763,0
01:43:30:023,120000501,212226005,2977,118774,0
01:43:30:223,120000508,212517221,2966,111095,0
01:43:30:423,120000512,212481956,2972,111774,0
01:43:30:623,120000504,212273305,2959,117060,0
01:43:30:823,120000449,212298517,2969,116743,0
01:43:31:023,120000447,212247218,2970,118918,0
01:43:31:223,120000454,212522920,2961,112120,0
01:43:31:423,120000444,212407810,2974,114664,0
01:43:32:023,120000445,265141526,401,161,0
01:43:32:023,120000445,265141526,401,161,0
01:43:32:223,120000460,214467749,2878,112324,0
01:43:32:423,120000507,212249095,2968,118556,0
01:43:32:623,120000447,212468441,2970,111683,0
01:43:32:823,120000443,212445119,2971,113686,0
01:43:33:023,120000508,212263365,2975,119680,0
01:43:33:223,120000522,212431422,2977,114054,0
01:43:33:423,120000504,212187954,2968,119276,0
01:43:33:623,120000447,212289091,2969,115976,0
01:43:33:823,120000520,212374066,2980,116225,0
01:43:34:023,120000440,212483801,2974,112441,0
01:43:34:223,120000505,212056465,2967,122814,0
01:43:34:423,120000512,212454919,2976,113533,0
01:43:34:623,120000509,212444619,2957,113027,0
01:43:34:823,120000506,212054902,2972,123125,0
01:43:35:023,120000442,212130030,2975,121961,0
01:43:35:223,120000495,212170503,2969,120195,0
01:43:35:423,120000444,212395527,2970,114419,0
01:43:35:623,120000507,212205125,2965,120323,0
01:43:35:823,120000498,212299644,2984,117671,0
01:43:36:023,120000502,212491914,2975,112098,0
01:43:36:223,120000439,212284623,2974,117957,0
01:43:36:423,120000511,212379761,2977,115061,0
01:43:36:623,120000506,212168457,2971,120238,0
01:43:36:823,120000512,212359914,2967,114392,0
01:43:37:023,120000512,212263021,2977,116723,0
01:43:37:223,120000455,212417773,2968,113424,0
01:43:37:423,120000458,212197217,2959,119372,0
01:43:37:623,120000455,212387693,2978,115340,0
01:43:37:823,120000515,212356904,2966,115235,0
01:43:38:023,120000512,212280902,2980,117254,0
01:43:38:223,120000506,212316173,2973,115573,0
01:43:38:423,120000512,212513455,2978,110432,0
01:43:38:623,120000506,212336236,2961,115224,0
01:43:38:823,120000449,212323261,2959,117506,0
01:43:39:023,120000512,212296684,2978,117008,0
01:43:39:223,120000512,212282069,2971,118399,0
01:43:39:423,120000455,212312649,2963,117580,0
01:43:39:623,120000512,212277171,2969,117652,0
01:43:39:823,120000450,212234874,2965,119989,0
01:43:40:023,120000510,212315491,2963,115725,0
01:43:40:223,120000510,212346434,2974,115565,0
01:43:40:423,120000515,212301426,2965,117725,0
01:43:40:623,120000444,212074061,2958,122536,0
01:43:40:823,120000510,212376311,2964,115758,0
01:43:41:023,120000507,212313829,2982,115732,0
01:43:41:223,120000517,212122691,2976,122696,0
01:43:41:423,120000453,212458153,2969,113357,0
01:43:41:623,120000497,212424021,2968,114433,0
01:43:41:823,120000503,212155720,2972,119873,0
01:43:42:023,120000433,212294698,2969,116754,0
01:43:42:223,120000507,212346793,2970,117416,0
01:43:42:423,120000434,212290986,2958,116974,0
01:43:42:623,120000509,212253506,2974,117334,0
01:43:42:823,120000507,212260991,2977,117249,0
01:43:43:023,120000520,212282531,2970,117128,0
01:43:43:223,120000507,212510119,2976,112822,0
01:43:43:423,120000503,212334858,2965,116236,0
01:43:43:623,120000509,212454607,2977,113108,0
01:43:43:823,120000511,212269430,2965,117730,0
01:43:44:023,120000507,212340794,2966,116166,0
01:43:44:223,120000514,212335191,2982,116662,0
01:43:44:423,120000516,212301737,2966,116543,0
01:43:44:623,120000443,212299821,2959,117081,0
01:43:44:823,120000509,212300208,2967,115296,0
01:43:45:023,120000444,212464803,2963,113010,0
01:43:45:223,120000508,212375090,2974,115371,0
01:43:45:423,120000508,212083204,2979,122539,0
01:43:45:623,120000512,212281998,2966,117407,0
01:43:45:823,120000450,212373994,2973,115434,0
01:43:46:023,120000509,212206664,2975,119466,0
01:43:46:223,120000502,212216432,2982,119053,0
01:43:46:423,120000453,212385940,2971,114602,0
01:43:46:623,120000510,212182563,2971,119697,0
01:43:46:823,120000439,212449247,2970,113462,0
01:43:47:423,120000448,265141964,401,152,0
01:43:47:423,120000448,265141964,401,152,0
01:43:47:623,120000458,223231885,2448,92044,0
01:43:47:823,120000501,212531421,2973,111615,0
01:43:48:023,120000511,212455012,2971,113113,0
01:43:48:223,120000445,212219873,2962,118560,0
01:43:48:423,120000510,212460584,2967,113428,0
01:43:48:623,120000523,212320911,2975,115059,0
01:43:48:823,120000503,212453179,2963,114277,0
01:43:49:023,120000507,212294467,2986,118119,0
01:43:49:223,120000521,212280317,2973,117526,0
01:43:49:423,120000451,212316154,2960,116460,0
01:43:49:623,120000509,212262784,2971,118005,0
01:43:49:823,120000512,212314994,2982,117241,0
01:43:50:023,120000520,212374736,2969,115099,0
01:43:50:223,120000428,212003041,2968,124024,0
01:43:50:423,120000445,212370068,2967,114410,0
01:43:50:623,120000514,212230099,2972,117800,0
01:43:50:823,120000452,212283943,2967,117651,0
01:43:51:023,120000515,212080709,2966,123270,0
01:43:51:223,120000506,212331265,2978,116850,0
01:43:51:423,120000514,212317408,2966,115825,0
01:43:51:623,120000507,212374596,2971,115117,0
01:43:51:823,120000509,212286694,2961,117167,0
01:43:52:023,120000503,212198323,2969,119445,0
01:43:52:223,120000505,212500496,2967,113232,0
01:43:52:423,120000512,212390871,2973,114924,0
01:43:52:623,120000437,212127636,2970,120256,0
01:43:52:823,120000507,212325205,2969,117757,0
01:43:53:023,120000455,212457553,2961,112257,0
01:43:53:223,120000503,212402772,2976,114208,0
01:43:53:423,120000436,212423193,2969,114157,0
01:43:53:623,120000504,212311496,2964,116410,0
01:43:53:823,120000512,212351837,2985,114571,0
01:43:54:023,120000517,212411303,2963,114257,0
01:43:54:223,120000509,212425027,2983,113091,0
01:43:54:423,120000501,212316458,2966,116892,0
01:43:54:623,120000441,212275314,2963,116815,0
01:43:54:823,120000449,212262283,2967,117800,0
01:43:55:023,120000513,212301102,2977,116755,0
01:43:55:223,120000434,212171234,2970,119562,0
01:43:55:423,120000504,212457022,2971,112875,0
01:43:55:623,120000446,212307453,2958,116621,0
01:43:55:823,120000517,212228954,2968,118870,0
01:43:56:023,120000450,212507532,2972,111444,0
01:43:56:223,120000512,212251222,2974,118233,0
01:43:56:423,120000512,212418308,2986,114627,0
01:43:56:623,120000517,212278044,2963,117070,0
01:43:56:823,120000510,212474294,2970,113275,0
01:43:57:023,120000444,212462163,2964,114109,0
01:43:57:223,120000514,212417993,2967,112757,0
01:43:57:423,120000433,212295290,2965,118288,0
01:43:57:623,120000504,212181884,2970,120284,0
01:43:57:823,120000497,212356138,2977,115803,0
01:43:58:023,120000503,212490756,2964,113293,0
01:43:58:223,120000500,212475557,2974,112782,0
01:43:58:423,120000505,212147867,2968,120164,0
01:43:58:623,120000453,212501399,2966,112299,0
01:43:58:823,120000517,212280875,2970,118083,0
01:43:59:023,120000504,212323959,2979,115565,0
01:43:59:223,120000441,212421288,2973,113763,0
01:43:59:423,120000505,212313210,2973,115904,0
01:43:59:623,120000438,212240819,2963,117576,0
01:43:59:823,120000454,212246955,2963,119318,0
01:44:00:023,120000515,212237577,2980,118294,0
01:44:00:223,120000509,212304319,2963,116242,0
01:44:00:423,120000452,212342543,2959,116634,0
01:44:00:623,120000506,212327097,2977,117106,0
01:44:00:823,120000444,212509290,2962,111605,0
01:44:01:023,120000514,212347672,2969,115564,0
01:44:01:223,120000506,212250758,2973,117223,0
01:44:01:423,120000455,212331375,2971,116082,0
01:44:01:623,120000517,212240368,2967,118301,0
01:44:01:823,120000450,212510079,2966,112177,0
01:44:02:023,120000512,212384066,2967,114070,0
01:44:02:223,120000442,212287937,2965,117069,0
01:44:02:823,120000452,265141636,401,157,0
01:44:02:823,120000452,265141636,401,157,0
01:44:03:023,120000443,231841075,2023,76489,0
01:44:03:223,120000438,212295409,2988,115475,0
01:44:03:423,120000504,212322376,2980,118429,0
01:44:03:623,120000440,212220322,2974,118726,0
01:44:03:823,120000512,212424547,2964,113022,0
01:44:04:023,120000527,211898596,2974,127241,0
01:44:04:223,120000502,212248732,2967,118033,0
01:44:04:423,120000446,212340954,2965,116580,0
01:44:04:623,120000528,212233344,2970,118206,0
01:44:04:823,120000505,212335190,2978,115767,0
01:44:05:023,120000500,212316508,2967,117072,0
01:44:05:223,120000506,212470175,2977,111761,0
01:44:05:423,120000506,212223892,2967,119727,0
01:44:05:623,120000500,212185477,2968,120907,0
01:44:05:823,120000443,212316439,2971,116421,0
01:44:06:023,120000503,212246371,2978,117142,0
01:44:06:223,120000458,212367499,2965,113470,0
01:44:06:423,120000509,212429770,2985,113047,0
01:44:06:623,120000506,212095849,2968,122743,0
01:44:06:823,120000514,212189549,2966,120698,0
01:44:07:023,120000498,212493356,2982,113475,0
01:44:07:223,120000511,212436212,2954,113238,0
01:44:07:423,120000453,212250159,2963,118982,0
01:44:07:623,120000515,212428764,2967,112736,0
01:44:07:823,120000506,212139365,2972,121310,0
01:44:08:023,120000512,212367104,2984,115267,0
01:44:08:223,120000509,212351294,2972,115913,0
01:44:08:423,120000449,212405620,2969,113948,0
01:44:08:623,120000511,212394633,2972,114057,0
01:44:08:823,120000456,212384224,2965,115090,0
01:44:09:023,120000509,212307895,2967,115179,0
01:44:09:223,120000518,212384506,2978,115418,0
01:44:09:423,120000506,212421163,2973,113434,0
01:44:09:623,120000515,212350372,2977,114902,0
01:44:09:823,120000506,212145747,2966,121898,0
01:44:10:023,120000505,212154149,2973,121886,0
01:44:10:223,120000513,212370876,2978,115859,0
01:44:10:423,120000512,212126542,2966,122883,0
01:44:10:623,120000452,212447922,2960,114454,0
01:44:10:823,120000506,212330685,2971,116224,0
01:44:11:023,120000441,212270620,2963,117576,0
01:44:11:223,120000505,212105135,2961,122329,0
01:44:11:423,120000508,212379430,2971,115264,0
01:44:11:623,120000513,212275925,2962,117206,0
01:44:11:823,120000509,212233218,2969,119296,0
01:44:12:023,120000512,212506484,2974,112228,0
01:44:12:223,120000511,212211389,2970,119060,0
01:44:12:423,120000440,212398893,2967,114085,0
01:44:12:623,120000509,212343279,2970,115410,0
01:44:12:823,120000450,212363820,2972,114805,0
01:44:13:023,120000509,212395954,2971,116132,0
01:44:13:223,120000458,212406397,2974,114967,0
01:44:13:423,120000517,212362531,2965,114544,0
01:44:13:623,120000509,212226543,2988,118069,0
01:44:13:823,120000513,212435791,2966,113427,0
01:44:14:023,120000503,212230222,2969,118965,0
01:44:14:223,120000505,212094026,2962,121449,0
01:44:14:423,120000513,212269744,2975,118248,0
01:44:14:623,120000436,211949396,2969,126825,0
01:44:14:823,120000510,212492238,2968,113216,0
01:44:15:023,120000514,212214057,2979,118285,0
01:44:15:223,120000504,212414229,2967,115278,0
01:44:15:423,120000439,212119095,2966,122249,0
01:44:15:623,120000504,212372313,2967,114337,0
01:44:15:823,120000438,212400499,2965,115135,0
01:44:16:023,120000508,212187893,2965,119558,0
01:44:16:223,120000509,212252965,2975,118063,0
01:44:16:423,120000500,211868281,2955,128372,0
01:44:16:623,120000509,212238513,2971,118399,0
01:44:16:823,120000452,212168829,2958,120365,0
01:44:17:023,120000509,212266624,2976,118925,0
01:44:17:223,120000450,212292617,2976,116818,0
01:44:17:423,120000511,212277281,2972,118223,0
01:44:17:623,120000452,212229353,2963,117976,0
01:44:18:223,120000464,265141765,401,156,0
01:44:18:223,120000464,265141765,401,156,0
01:44:18:423,120000458,240709224,1599,52991,0
01:44:18:623,120000439,212400625,2976,114433,0
01:44:18:823,120000511,211977074,2968,124646,0
01:44:19:023,120000452,212468739,2965,112774,0
01:44:19:223,120000518,212164388,2970,119806,0
01:44:19:423,120000449,212391607,2966,115376,0
01:44:19:623,120000505,212313938,2964,116405,0
01:44:19:823,120000515,212471919,2979,112268,0
01:44:20:023,120000522,212207854,2961,118830,0
01:44:20:223,120000510,212295776,2969,116210,0
01:44:20:423,120000507,212204266,2966,118199,0
01:44:20:623,120000442,212483548,2979,110757,0
01:44:20:823,120000450,212158876,2972,120711,0
01:44:21:023,120000514,212175946,2973,118849,0
01:44:21:223,120000437,212318154,2968,117282,0
01:44:21:423,120000504,212233728,2961,118707,0
01:44:21:623,120000509,212323325,2980,115811,0
01:44:21:823,120000500,212064589,2968,122931,0
01:44:22:023,120000503,212200313,2965,118756,0
01:44:22:223,120000515,212585103,2974,111318,0
01:44:22:423,120000512,212335281,2976,117412,0
01:44:22:623,120000512,212174019,2965,119553,0
01:44:22:823,120000433,212271468,2967,118844,0
01:44:23:023,120000445,212203555,2971,117969,0
01:44:23:223,120000511,212378747,2971,116779,0
01:44:23:423,120000452,212144562,2964,120730,0
01:44:23:623,120000509,212298323,2970,116216,0
01:44:23:823,120000502,212124710,2977,120852,0
01:44:24:023,120000507,212263181,2969,117215,0
01:44:24:223,120000441,212154230,2961,120424,0
01:44:24:423,120000505,212321674,2973,116095,0
01:44:24:623,120000509,212145381,2979,120372,0
01:44:24:823,120000512,212482604,2957,112261,0
01:44:25:023,120000511,212301332,2980,116928,0
01:44:25:223,120000453,212308218,2973,116050,0
01:44:25:423,120000514,212352442,2966,114057,0
01:44:25:623,120000510,212212150,2987,118890,0
01:44:25:823,120000500,212494346,2971,112803,0
01:44:26:023,120000442,212101493,2974,122205,0
01:44:26:223,120000498,212482882,2970,112757,0
01:44:26:423,120000446,212344794,2966,116637,0
01:44:26:623,120000512,212101635,2971,123199,0
01:44:26:823,120000512,212265669,2996,118293,0
01:44:27:023,120000512,212312183,2975,117225,0
01:44:27:223,120000515,212109134,2977,121876,0
01:44:27:423,120000436,212268984,2970,117383,0
01:44:27:623,120000512,212331063,2975,117767,0
01:44:27:823,120000439,212278132,2964,118174,0
01:44:28:023,120000514,212334606,2968,115218,0
01:44:28:223,120000511,212360879,2991,114572,0
01:44:28:423,120000510,212174379,2973,120012,0
01:44:28:623,120000455,212223365,2965,119613,0
01:44:28:823,120000503,212284669,2976,116036,0
01:44:29:023,120000506,212205243,2975,120576,0
01:44:29:223,120000512,212395806,2965,114238,0
01:44:29:423,120000517,212342653,2980,114234,0
01:44:29:623,120000440,212258575,2964,118225,0
01:44:29:823,120000498,212275486,2963,118163,0
01:44:30:023,120000511,212244140,2978,118223,0
01:44:30:223,120000501,212315536,2963,117571,0
01:44:30:423,120000446,212323849,2961,115936,0
01:44:30:623,120000518,212437973,2980,113417,0
01:44:30:823,120000436,212354135,2965,115512,0
01:44:31:023,120000501,212399522,2973,115057,0
01:44:31:223,120000505,212282176,2978,116963,0
01:44:31:423,120000513,212258644,2978,116828,0
01:44:31:623,120000512,212398054,2979,115118,0
01:44:31:823,120000512,212257259,2954,117567,0
01:44:32:023,120000509,212515719,2977,111872,0
01:44:32:223,120000447,212210790,2969,121309,0
01:44:32:423,120000507,212335755,2972,116233,0
01:44:32:623,120000456,212191414,2965,119906,0
01:44:32:823,120000514,212189483,2982,119534,0
01:44:33:023,120000434,212389267,2969,113954,0
01:44:33:623,120000466,265142174,401,154,0
01:44:33:623,120000466,265142174,401,154,0
01:44:33:823,120000440,249325687,1173,36513,0
01:44:34:023,120000513,212194481,2981,119056,0
01:44:34:223,120000515,212419620,2969,114929,0
01:44:34:423,120000442,212420194,2975,114787,0
01:44:34:623,120000508,212298018,2976,116700,0
01:44:34:823,120000458,212395879,2965,115781,0
01:44:35:023,120000511,212216841,2980,119203,0
01:44:35:223,120000452,212502142,2979,111931,0
01:44:35:423,120000513,212386357,2978,115925,0
01:44:35:623,120000499,212367759,2975,114487,0
01:44:35:823,120000503,212228419,2963,119052,0
01:44:36:023,120000447,212119317,2965,120931,0
01:44:36:223,120000446,212438173,2971,114368,0
01:44:36:423,120000505,212268188,2966,117389,0
01:44:36:623,120000433,212129509,2976,121701,0
01:44:36:823,120000501,212349523,2977,115364,0
01:44:37:023,120000449,212370672,2969,114921,0
01:44:37:223,120000511,212316767,2964,117070,0
01:44:37:423,120000516,212275020,2984,116945,0
01:44:37:623,120000505,212266703,2965,116653,0
01:44:37:823,120000507,212449438,2974,113279,0
01:44:38:023,120000506,212432734,2961,112909,0
01:44:38:423,120000447,212597655,2973,110132,0
01:44:38:623,120000513,212445166,2971,113707,0
01:44:38:823,120000453,212302122,2959,116336,0
01:44:39:023,120000509,212394203,2960,114762,0
01:44:39:223,120000445,212509317,2970,112622,0
01:44:39:423,120000504,212288999,2964,116190,0
01:44:39:623,120000509,212486658,2979,112996,0
01:44:39:823,120000509,212145383,2967,120016,0
01:44:40:023,120000436,212214017,2962,118717,0
01:44:40:223,120000498,212436918,2967,112605,0
01:44:40:423,120000436,212398804,2962,114592,0
01:44:40:623,120000425,212194395,2973,119716,0
01:44:40:823,120000513,212353299,2970,116259,0
01:44:41:023,120000439,212269394,2961,119250,0
01:44:41:223,120000504,212550694,2970,112658,0
01:44:41:423,120000449,212381666,2970,114916,0
01:44:41:623,120000508,212354967,2970,114883,0
01:44:41:823,120000450,212477581,2966,111957,0
01:44:42:023,120000509,212419472,2964,113222,0
01:44:42:223,120000506,212222081,2974,118983,0
01:44:42:423,120000517,212418740,2959,113678,0
01:44:42:623,120000509,212329810,2977,116919,0
01:44:42:823,120000445,212398693,2958,114760,0
01:44:43:023,120000451,212192536,2964,120473,0
01:44:43:223,120000442,212321671,2975,117688,0
01:44:43:423,120000450,212560131,2963,111206,0
01:44:43:623,120000509,212353064,2982,116935,0
01:44:43:823,120000512,212289598,2964,118391,0
01:44:44:023,120000455,212243729,2969,119183,0
01:44:44:223,120000515,212315271,2963,115850,0
01:44:44:423,120000509,212207148,2972,120131,0
01:44:44:623,120000518,212368410,2965,115084,0
01:44:44:823,120000438,211993047,2975,125509,0
01:44:45:023,120000444,212401438,2973,115105,0
01:44:45:223,120000431,212408838,2961,114939,0
01:44:45:423,120000447,212351143,2970,116610,0
01:44:45:623,120000500,212237814,2963,118983,0
01:44:45:823,120000506,212413146,2975,113481,0
01:44:46:023,120000500,212288232,2964,116682,0
01:44:46:223,120000433,212400815,2970,114176,0
01:44:46:423,120000510,212334970,2969,115849,0
01:44:46:623,120000514,212339820,2974,116590,0
01:44:46:823,120000515,212160309,2969,120533,0
01:44:47:023,120000510,212421820,2978,112247,0
01:44:47:223,120000449,212376289,2968,114927,0
01:44:47:423,120000512,212315691,2977,117016,0
01:44:47:623,120000518,212215813,2975,118811,0
01:44:47:823,120000509,212290145,2969,116745,0
01:44:48:023,120000436,212189008,2963,120322,0
01:44:48:223,120000510,212297767,2976,115509,0
01:44:48:423,120000506,212295569,2973,117961,0
01:44:48:623,120000518,212234735,2967,118885,0
01:44:49:023,120000479,265141822,402,162,0
01:44:49:223,120000523,258339695,747,15878,0
01:44:49:423,120000448,212310509,2976,117262,0
01:44:49:623,120000514,212290895,2970,117068,0
01:44:49:823,120000441,212503388,2961,112114,0
01:44:50:023,120000514,212368742,2971,115847,0
01:44:50:223,120000449,212440511,2971,113643,0
01:44:50:423,120000516,212270030,2967,116725,0
01:44:50:623,120000510,212313668,2975,117253,0
01:44:50:823,120000512,212256888,2965,117540,0
01:44:51:024,120000451,212285233,2959,117403,0
01:44:51:224,120000452,212386839,2977,114078,0
01:44:51:424,120000452,212410902,2959,113411,0
01:44:51:624,120000505,212230845,2973,119569,0
01:44:51:824,120000512,212384830,2968,116020,0
01:44:52:024,120000456,211992992,2976,126003,0
01:44:52:224,120000506,212176844,2970,119701,0
01:44:52:424,120000509,212433089,2983,112911,0
01:44:52:624,120000506,212433199,2965,113399,0
01:44:52:824,120000518,212251022,2975,117071,0
01:44:53:024,120000509,212394194,2966,113732,0
01:44:53:224,120000433,212274180,2972,117303,0
01:44:53:424,120000492,212190964,2961,119635,0
01:44:53:624,120000503,212259782,2979,118050,0
01:44:53:824,120000441,212195926,2967,119891,0
01:44:54:024,120000513,212344843,2966,116177,0
01:44:54:224,120000450,212525874,2980,111110,0
01:44:54:424,120000515,212300575,2972,116402,0
01:44:54:624,120000506,212238802,2980,117901,0
01:44:54:824,120000515,212221984,2962,119704,0
01:44:55:024,120000509,212152664,2975,121063,0
01:44:55:224,120000509,212337881,2964,115921,0
01:44:55:424,120000506,212316537,2980,115539,0
01:44:55:624,120000512,212315221,2963,118088,0
01:44:55:824,120000452,212187822,2959,120058,0
01:44:56:024,120000455,212402591,2978,113600,0
01:44:56:224,120000514,212281940,2970,116574,0
01:44:56:424,120000437,212192566,2966,119679,0
01:44:56:624,120000510,212285402,2966,117742,0
01:44:56:824,120000452,212378921,2968,115269,0
01:44:57:024,120000517,212282286,2965,119912,0
01:44:57:224,120000504,212270693,2982,118533,0
01:44:57:424,120000503,212262736,2962,117598,0
01:44:57:624,120000452,212382030,2970,115423,0
01:44:57:824,120000509,212347399,2967,113809,0
01:44:58:024,120000506,212402315,2975,115778,0
01:44:58:224,120000455,212218014,2973,117885,0
01:44:58:424,120000515,212392330,2979,115188,0
01:44:58:624,120000455,212289443,2970,117646,0
01:44:58:824,120000515,212355527,2975,115362,0
01:44:59:024,120000452,212450470,2969,114154,0
01:44:59:224,120000509,212310387,2967,115347,0
01:44:59:424,120000517,212175843,2975,119051,0
01:44:59:624,120000507,212235322,2959,118547,0
01:44:59:824,120000447,212321839,2960,115420,0
01:45:00:024,120000508,212262250,2969,117309,0
01:45:00:224,120000514,212467676,2971,111508,0
01:45:00:424,120000453,212356830,2975,117022,0
01:45:00:624,120000517,212116814,2968,121872,0
01:45:00:824,120000434,212475152,2963,112102,0
01:45:01:024,120000512,212114998,2968,121175,0
01:45:01:224,120000506,212412791,2974,113963,0
01:45:01:424,120000500,212199688,2971,119483,0
01:45:01:624,120000439,212264090,2969,117876,0
01:45:01:824,120000511,212278852,2966,117412,0
01:45:02:024,120000444,212443252,2963,112396,0
01:45:02:224,120000508,212359990,2972,114500,0
01:45:02:424,120000515,212335588,2980,116499,0
01:45:02:624,120000439,212373537,2970,115518,0
01:45:02:824,120000506,212390229,2966,114246,0
01:45:03:024,120000445,212429008,2964,115629,0
01:45:03:224,120000510,212240528,2970,119403,0
01:45:03:424,120000453,212287706,2967,117773,0
01:45:03:624,120000515,212354585,2967,116052,0
01:45:03:824,120000512,212317607,2977,115604,0
01:45:04:024,120000511,212358224,2966,115551,0
01:45:04:624,120000455,265135722,402,156,0
01:45:04:624,120000455,265135722,402,156,0
01:45:04:824,120000459,214255965,2883,112345,0
01:45:05:024,120000506,212346062,2968,116943,0
01:45:05:224,120000434,212489769,2961,111630,0
01:45:05:424,120000512,212245063,2966,118871,0
01:45:05:624,120000453,212360070,2968,117256,0
01:45:05:824,120000516,212411979,2975,113223,0
01:45:06:024,120000513,212264905,2979,116791,0
01:45:06:224,120000503,212357732,2970,116078,0
01:45:06:424,120000506,212324314,2978,115490,0
01:45:06:624,120000454,212400890,2965,114091,0
01:45:06:824,120000517,212293966,2974,116550,0
01:45:07:024,120000510,212300879,2980,116739,0
01:45:07:224,120000506,212514717,2970,111935,0
01:45:07:424,120000438,212122684,2968,122033,0
01:45:07:624,120000508,212427888,2973,115096,0
01:45:07:824,120000450,212340873,2962,116596,0
01:45:08:024,120000511,212229520,2972,118569,0
01:45:08:224,120000511,212361241,2979,114976,0
01:45:08:424,120000507,212431022,2972,113187,0
01:45:08:624,120000514,212258323,2989,119080,0
01:45:08:824,120000448,212267907,2961,117750,0
01:45:09:024,120000448,212376500,2972,116601,0
01:45:09:224,120000508,212262175,2974,117253,0
01:45:09:424,120000507,212188864,2967,119192,0
01:45:09:624,120000455,212340142,2966,117605,0
01:45:09:824,120000512,212294374,2969,117033,0
01:45:10:024,120000455,212313224,2966,117581,0
01:45:10:224,120000518,212465296,2973,112722,0
01:45:10:424,120000508,212396237,2972,114757,0
01:45:10:624,120000510,212284738,2969,116728,0
01:45:10:824,120000514,212389100,2975,113566,0
01:45:11:024,120000437,212187004,2959,119865,0
01:45:11:224,120000444,212332476,2960,116721,0
01:45:11:424,120000509,212272429,2978,118423,0
01:45:11:624,120000511,212392771,2970,114579,0
01:45:11:824,120000453,212286985,2978,118264,0
01:45:12:024,120000506,212349475,2969,116880,0
01:45:12:224,120000443,212377749,2965,115299,0
01:45:12:424,120000506,212303192,2982,116185,0
01:45:12:624,120000512,212216099,2974,119038,0
01:45:12:824,120000518,212172410,2966,119524,0
01:45:13:024,120000436,212173833,2969,120045,0
01:45:13:224,120000501,212252518,2986,119233,0
01:45:13:424,120000508,212152694,2969,119193,0
01:45:13:624,120000450,212454087,2968,111915,0
01:45:13:824,120000442,212248304,2959,117726,0
01:45:14:024,120000498,212051715,2978,122516,0
01:45:14:224,120000503,212388573,2965,114415,0
01:45:14:424,120000509,212513973,2971,111104,0
01:45:14:624,120000503,212279254,2960,117244,0
01:45:14:824,120000441,212505610,2969,111272,0
01:45:15:024,120000505,212381816,2963,114399,0
01:45:15:224,120000442,212296815,2972,117606,0
01:45:15:424,120000450,212246598,2968,117889,0
01:45:15:624,120000511,212443151,2974,113016,0
01:45:15:824,120000448,212339654,2971,116181,0
01:45:16:024,120000438,212093030,2965,122625,0
01:45:16:224,120000444,212497692,2975,114166,0
01:45:16:424,120000509,212245047,2964,117047,0
01:45:16:624,120000512,212364011,2977,115423,0
01:45:16:824,120000511,212235910,2964,117884,0
01:45:17:024,120000504,212474003,2975,111768,0
01:45:17:224,120000500,212453456,2970,113077,0
01:45:17:424,120000509,212464582,2975,112939,0
01:45:17:624,120000506,212183984,2965,119196,0
01:45:17:824,120000455,212470471,2968,112920,0
01:45:18:024,120000512,212193384,2978,121082,0
01:45:18:224,120000515,212263946,2965,119073,0
01:45:18:424,120000444,212144628,2966,120874,0
01:45:18:624,120000513,212272466,2972,117894,0
01:45:18:824,120000507,212208442,2988,117873,0
01:45:19:024,120000509,212052795,2966,122319,0
01:45:19:224,120000500,212227237,2978,118447,0
01:45:19:424,120000509,212276791,2964,117819,0
01:45:20:024,120000448,265141648,401,152,0
01:45:20:024,120000448,265141648,401,152,0
01:45:20:224,120000522,223109522,2463,90101,0
01:45:20:424,120000508,212325835,2971,116070,0
01:45:20:624,120000446,212319892,2970,116227,0
01:45:20:824,120000512,212277254,2972,119410,0
01:45:21:024,120000509,212185005,2975,119695,0
01:45:21:224,120000525,212088967,2967,122163,0
01:45:21:424,120000439,212333963,2968,117093,0
01:45:21:624,120000508,212277380,2977,117074,0
01:45:21:824,120000521,212453209,2974,113769,0
01:45:22:024,120000448,212230030,2969,118543,0
01:45:22:224,120000515,212409683,2966,115218,0
01:45:22:424,120000439,212177780,2963,120491,0
01:45:22:624,120000501,212325831,2965,116615,0
01:45:22:824,120000503,212293029,2977,118227,0
01:45:23:024,120000503,212192365,2965,118510,0
01:45:23:224,120000444,212436544,2962,112289,0
01:45:23:424,120000508,212256250,2968,118246,0
01:45:23:624,120000512,212297229,2971,116466,0
01:45:23:824,120000514,212271845,2975,116985,0
01:45:24:024,120000513,212283945,2977,117416,0
01:45:24:224,120000452,212258724,2977,118224,0
01:45:24:424,120000514,212566600,2974,110790,0
01:45:24:624,120000507,212146744,2972,121241,0
01:45:24:824,120000506,212055721,2973,124631,0
01:45:25:024,120000444,212362539,2962,115341,0
01:45:25:224,120000513,212326533,2964,118215,0
01:45:25:424,120000504,212264506,2980,118972,0
01:45:25:624,120000508,212337701,2964,117014,0
01:45:25:824,120000431,212233537,2962,117890,0
01:45:26:024,120000507,212406532,2966,112904,0
01:45:26:224,120000497,212272529,2963,117217,0
01:45:26:424,120000433,212446873,2979,112604,0
01:45:26:624,120000507,212288356,2976,116836,0
01:45:26:824,120000515,212391566,2973,115494,0
01:45:27:024,120000506,212249276,2965,118179,0
01:45:27:224,120000518,212102323,2963,122760,0
01:45:27:424,120000511,212192787,2964,119846,0
01:45:27:624,120000506,212348353,2979,113974,0
01:45:27:824,120000498,212199390,2964,119814,0
01:45:28:024,120000449,212374103,2960,116605,0
01:45:28:224,120000509,212361571,2970,116756,0
01:45:28:424,120000518,212396931,2977,114673,0
01:45:28:624,120000503,212525642,2984,110341,0
01:45:28:824,120000503,212394864,2966,116114,0
01:45:29:024,120000452,212312458,2970,116252,0
01:45:29:224,120000509,212510058,2968,113728,0
01:45:29:424,120000452,212389803,2968,114820,0
01:45:29:624,120000515,212353112,2970,115759,0
01:45:29:824,120000452,212299151,2973,117579,0
01:45:30:024,120000509,212461834,2966,112947,0
01:45:30:224,120000500,212178252,2971,119636,0
01:45:30:424,120000500,212308722,2970,116668,0
01:45:30:624,120000502,212365841,2975,114156,0
01:45:30:824,120000439,212260801,2965,119335,0
01:45:31:024,120000443,212370539,2963,114418,0
01:45:31:224,120000508,212149918,2988,120896,0
01:45:31:424,120000518,212364875,2968,115068,0
01:45:31:624,120000441,212332336,2963,115266,0
01:45:31:824,120000513,212213882,2977,119001,0
01:45:32:024,120000512,212256770,2980,118961,0
01:45:32:224,120000507,212206335,2968,119493,0
01:45:32:424,120000503,212372568,2978,115607,0
01:45:32:624,120000511,212197535,2959,120393,0
01:45:32:824,120000509,212267684,2979,119087,0
01:45:33:024,120000425,212299001,2971,117767,0
01:45:33:224,120000504,212367982,2977,114842,0
01:45:33:424,120000441,212324834,2962,117020,0
01:45:33:624,120000508,212454055,2978,113416,0
01:45:33:824,120000458,212342186,2966,116402,0
01:45:34:024,120000514,212414812,2973,114427,0
01:45:34:224,120000513,212140132,2978,121447,0
01:45:34:424,120000511,212178218,2965,119984,0
01:45:34:624,120000447,212367193,2969,114586,0
01:45:34:824,120000505,212383684,2968,115614,0
01:45:35:424,120000439,265141825,401,161,0
01:45:35:424,120000439,265141825,401,161,0
01:45:35:624,120000447,231935456,2025,74602,0
01:45:35:824,120000502,212245129,2971,118021,0
01:45:36:024,120000509,212347544,2980,116810,0
01:45:36:224,120000506,212276618,2960,118581,0
01:45:36:424,120000433,212223250,2973,118817,0
01:45:36:624,120000517,212161782,2962,120498,0
01:45:36:824,120000515,212343567,2977,115917,0
01:45:37:024,120000453,212237836,2963,118882,0
01:45:37:224,120000525,212416568,2967,115288,0
01:45:37:424,120000513,212112908,2970,121683,0
01:45:37:624,120000512,212332270,2966,115391,0
01:45:37:824,120000431,212101820,2969,122348,0
01:45:38:024,120000509,212413600,2976,114092,0
01:45:38:224,120000510,212275854,2973,117230,0
01:45:38:424,120000512,212368900,2971,115403,0
01:45:38:624,120000512,212264667,2977,116566,0
01:45:38:824,120000515,212331445,2956,116917,0
01:45:39:024,120000452,212339212,2967,115307,0
01:45:39:224,120000442,212430940,2970,115614,0
01:45:39:424,120000439,212481792,2962,111696,0
01:45:39:624,120000508,212236715,2974,118733,0
01:45:39:824,120000509,212356973,2970,116032,0
01:45:40:024,120000503,212511877,2980,112212,0
01:45:40:224,120000518,212479743,2967,111853,0
01:45:40:424,120000503,212352226,2980,115758,0
01:45:40:624,120000502,212375658,2969,113397,0
01:45:40:824,120000444,212207566,2967,120713,0
01:45:41:024,120000512,212200485,2967,119391,0
01:45:41:224,120000512,212189839,2975,121399,0
01:45:41:424,120000512,212277826,2958,117922,0
01:45:41:624,120000509,212216306,2966,119204,0
01:45:41:824,120000446,212046409,2970,123998,0
01:45:42:024,120000517,212339241,2972,113985,0
01:45:42:224,120000444,212167077,2968,121776,0
01:45:42:424,120000512,212426373,2968,113426,0
01:45:42:624,120000514,212141882,2987,120536,0
01:45:42:824,120000510,212302030,2971,117245,0
01:45:43:024,120000500,212184984,2965,121288,0
01:45:43:224,120000500,212386047,2971,115030,0
01:45:43:424,120000512,212316555,2972,116488,0
01:45:43:624,120000512,212217518,2964,119490,0
01:45:43:824,120000503,212162719,2967,119114,0
01:45:44:024,120000500,212362128,2979,115345,0
01:45:44:224,120000503,212043705,2974,124579,0
01:45:44:424,120000447,212237985,2960,120065,0
01:45:44:624,120000514,212428302,2960,113084,0
01:45:44:824,120000500,212306281,2984,117073,0
01:45:45:024,120000500,212118802,2970,121691,0
01:45:45:224,120000452,212426706,2969,113084,0
01:45:45:424,120000514,212398630,2968,115084,0
01:45:45:624,120000445,212430588,2961,113610,0
01:45:45:824,120000508,212208342,2966,119882,0
01:45:46:024,120000509,212375913,2971,114844,0
01:45:46:224,120000433,212233519,2966,118477,0
01:45:46:424,120000506,212356553,2977,115158,0
01:45:46:624,120000453,212368791,2964,115857,0
01:45:46:824,120000506,212202902,2964,120529,0
01:45:47:024,120000506,212169956,2980,120250,0
01:45:47:224,120000509,212309140,2961,116416,0
01:45:47:424,120000441,212344913,2962,115156,0
01:45:47:624,120000511,212291784,2970,117577,0
01:45:47:824,120000509,212286415,2981,116709,0
01:45:48:024,120000509,212338226,2962,115395,0
01:45:48:224,120000518,212368760,2977,116106,0
01:45:48:424,120000441,212451325,2965,113292,0
01:45:48:624,120000514,212460264,2974,114438,0
01:45:48:824,120000452,212266127,2968,117939,0
01:45:49:024,120000503,212397469,2964,114558,0
01:45:49:224,120000506,212315085,2969,117429,0
01:45:49:424,120000518,212252610,2965,117202,0
01:45:49:624,120000503,212313659,2974,116637,0
01:45:49:824,120000500,212343734,2965,116176,0
01:45:50:024,120000449,212322838,2965,116669,0
01:45:50:224,120000515,212202690,2964,119204,0
01:45:50:824,120000460,265141473,401,154,0
01:45:50:824,120000460,265141473,401,154,0
01:45:51:024,120000512,240589191,1604,57003,0
01:45:51:224,120000504,212029787,2969,124310,0
01:45:51:424,120000439,212268725,2963,117728,0
01:45:51:624,120000501,212465986,2971,112768,0
01:45:51:824,120000509,212183815,2969,119208,0
01:45:52:024,120000519,212301033,2963,117568,0
01:45:52:224,120000503,212277321,2982,117208,0
01:45:52:424,120000440,212129836,2962,120691,0
01:45:52:624,120000514,212335121,2973,115899,0
01:45:52:824,120000448,212603469,2984,109804,0
01:45:53:024,120000509,212325304,2973,116420,0
01:45:53:224,120000458,212239107,2971,119577,0
01:45:53:424,120000517,212524328,2966,111405,0
01:45:53:624,120000434,212309411,2964,116784,0
01:45:53:824,120000510,212207237,2974,118643,0
01:45:54:024,120000503,212350745,2968,117181,0
01:45:54:224,120000509,212174797,2967,118628,0
01:45:54:424,120000503,212441501,2979,112084,0
01:45:54:624,120000446,212319955,2964,115056,0
01:45:54:824,120000506,212223859,2963,118876,0
01:45:55:024,120000444,212458076,2979,113772,0
01:45:55:224,120000507,212307869,2967,117921,0
01:45:55:424,120000504,212277024,2977,117737,0
01:45:55:624,120000506,212351144,2970,116080,0
01:45:55:824,120000430,212277501,2965,115772,0
01:45:56:024,120000509,212201810,2968,119647,0
01:45:56:224,120000507,212180123,2979,120899,0
01:45:56:424,120000515,212240098,2956,118200,0
01:45:56:624,120000511,212242756,2972,118496,0
01:45:56:824,120000456,212343396,2972,117703,0
01:45:57:024,120000509,212327303,2972,116672,0
01:45:57:224,120000458,212302352,2963,117663,0
01:45:57:424,120000509,212376259,2978,115253,0
01:45:57:624,120000458,212380878,2964,114256,0
01:45:57:824,120000515,212423497,2964,113045,0
01:45:58:024,120000514,212290084,2968,117611,0
01:45:58:224,120000504,212164886,2970,120632,0
01:45:58:424,120000455,212175807,2971,120287,0
01:45:58:624,120000514,212263816,2975,116998,0
01:45:58:824,120000510,212436533,2970,114017,0
01:45:59:024,120000439,212080942,2969,122765,0
01:45:59:224,120000510,212457446,2964,112866,0
01:45:59:424,120000452,212338820,2961,115836,0
01:45:59:624,120000515,212267473,2963,117117,0
01:45:59:824,120000512,212130582,2977,120959,0
01:46:00:024,120000512,212218755,2963,118161,0
01:46:00:224,120000452,212412339,2964,114986,0
01:46:00:424,120000503,212206788,2966,118515,0
01:46:00:624,120000511,212264833,2977,117938,0
01:46:00:824,120000507,212103228,2965,121523,0
01:46:01:024,120000458,212386381,2968,115665,0
01:46:01:224,120000452,212161917,2969,122149,0
01:46:01:424,120000511,212506818,2967,113398,0
01:46:01:624,120000506,212369923,2977,115491,0
01:46:01:824,120000512,212529420,2959,111551,0
01:46:02:024,120000453,212223603,2976,118421,0
01:46:02:224,120000515,212418705,2967,114601,0
01:46:02:424,120000452,212168623,2959,119699,0
01:46:02:624,120000509,212272158,2965,118371,0
01:46:02:824,120000503,212391919,2977,115280,0
01:46:03:024,120000506,212272033,2968,117736,0
01:46:03:224,120000503,212410681,2978,113420,0
01:46:03:424,120000449,212599109,2969,108940,0
01:46:03:624,120000515,212305108,2967,117937,0
01:46:03:824,120000439,212365491,2975,115569,0
01:46:04:024,120000507,212245059,2961,117377,0
01:46:04:224,120000441,212031728,2970,123368,0
01:46:04:424,120000511,212531864,2972,111286,0
01:46:04:624,120000444,212414400,2965,113411,0
01:46:04:824,120000510,212451524,2972,114451,0
01:46:05:024,120000436,212337796,2965,115242,0
01:46:05:224,120000508,212397754,2974,115431,0
01:46:05:424,120000506,212267327,2977,117808,0
01:46:05:624,120000437,212306293,2964,115806,0
01:46:06:224,120000469,265141624,401,168,0
01:46:06:224,120000469,265141624,401,168,0
01:46:06:424,120000448,249479369,1173,33885,0
01:46:06:624,120000518,212312350,2964,115700,0
01:46:06:824,120000503,212392618,2981,115812,0
01:46:07:024,120000503,212348452,2965,115044,0
01:46:07:224,120000512,212305773,2977,117186,0
01:46:07:424,120000522,212543505,2967,110883,0
01:46:07:624,120000439,212158046,2968,120627,0
01:46:07:824,120000508,212161776,2978,121163,0
01:46:08:024,120000519,212462302,2958,113253,0
01:46:08:224,120000507,212493584,2985,110415,0
01:46:08:424,120000513,212391268,2961,115098,0
01:46:08:624,120000506,212353546,2981,116973,0
01:46:08:824,120000512,212212050,2960,119383,0
01:46:09:024,120000447,212447534,2969,113145,0
01:46:09:224,120000510,212325985,2974,117017,0
01:46:09:424,120000507,212290106,2975,116728,0
01:46:09:624,120000509,212311205,2965,118097,0
01:46:09:824,120000514,212319872,2975,116001,0
01:46:10:024,120000431,212360019,2969,116677,0
01:46:10:224,120000510,212238147,2968,118995,0
01:46:10:424,120000511,212222699,2974,119451,0
01:46:10:624,120000513,212418801,2970,113420,0
01:46:11:024,120000509,212335510,2970,116575,0
01:46:11:224,120000458,212522398,2969,110940,0
01:46:11:424,120000514,212114807,2972,121193,0
01:46:11:624,120000501,212421901,2977,114350,0
01:46:11:824,120000506,212430358,2967,113255,0
01:46:12:024,120000512,212236182,2979,117709,0
01:46:12:224,120000458,212252957,2959,118237,0
01:46:12:424,120000509,212385116,2966,114594,0
01:46:12:624,120000442,212458988,2980,112092,0
01:46:12:824,120000504,212374387,2967,116376,0
01:46:13:024,120000509,212270440,2982,118677,0
01:46:13:224,120000503,212353572,2966,116033,0
01:46:13:424,120000447,212259172,2962,117561,0
01:46:13:624,120000505,212162027,2965,120271,0
01:46:13:824,120000508,212418133,2979,113312,0
01:46:14:024,120000513,212386103,2970,116529,0
01:46:14:224,120000514,212360433,2978,115926,0
01:46:14:424,120000439,212316104,2958,117004,0
01:46:14:624,120000508,212323988,2980,115580,0
01:46:14:824,120000450,212438296,2966,114335,0
01:46:15:024,120000510,212315971,2969,115565,0
01:46:15:224,120000513,212318135,2977,115571,0
01:46:15:424,120000508,212381650,2973,114697,0
01:46:15:624,120000513,212340147,2978,115440,0
01:46:15:824,120000506,212297564,2966,116564,0
01:46:16:024,120000441,212335307,2968,116411,0
01:46:16:224,120000513,212244570,2975,117201,0
01:46:16:424,120000507,212409217,2976,113171,0
01:46:16:624,120000455,212298734,2972,116671,0
01:46:16:824,120000514,212172222,2978,119701,0
01:46:17:024,120000453,212397378,2971,113068,0
01:46:17:224,120000515,212453700,2973,114745,0
01:46:17:424,120000449,212444620,2980,112934,0
01:46:17:624,120000509,212180672,2965,120531,0
01:46:17:824,120000500,212315317,2981,116929,0
01:46:18:024,120000506,212214785,2973,118692,0
01:46:18:224,120000458,212376587,2959,115761,0
01:46:18:424,120000512,212363256,2967,114565,0
01:46:18:624,120000514,212143452,2971,121046,0
01:46:18:824,120000442,212303673,2960,116580,0
01:46:19:024,120000435,212258776,2964,118904,0
01:46:19:224,120000453,212526723,2972,112625,0
01:46:19:424,120000509,212426199,2970,114725,0
01:46:19:624,120000500,212176887,2976,119429,0
01:46:19:824,120000506,212306800,2968,116031,0
01:46:20:024,120000512,212505752,2971,111814,0
01:46:20:224,120000506,212280603,2962,117408,0
01:46:20:424,120000442,212249794,2967,117056,0
01:46:20:624,120000507,212359443,2971,115931,0
01:46:20:824,120000514,212424742,2974,114269,0
01:46:21:024,120000447,212260595,2975,116892,0
01:46:21:224,120000508,212340814,2964,116246,0
01:46:21:624,120000476,265141541,402,159,0
01:46:21:824,120000525,258141673,753,16316,0
01:46:22:024,120000514,212470826,2970,111538,0
01:46:22:224,120000503,212366831,2980,114411,0
01:46:22:424,120000503,212310882,2969,116738,0
01:46:22:624,120000518,212457281,2968,112164,0
01:46:22:824,120000436,212365920,2973,116436,0
01:46:23:024,120000520,212347783,2967,116593,0
01:46:23:224,120000453,212401188,2961,113921,0
01:46:23:424,120000439,212356675,2959,114914,0
01:46:23:624,120000460,212437040,2976,113415,0
01:46:23:824,120000502,212297813,2970,116663,0
01:46:24:024,120000515,212265252,2980,116626,0
01:46:24:224,120000511,212277041,2965,118541,0
01:46:24:424,120000440,212478842,2960,112499,0
01:46:24:624,120000501,212329915,2978,117024,0
01:46:24:824,120000442,212433299,2967,114525,0
01:46:25:024,120000501,212243526,2980,118152,0
01:46:25:224,120000503,212337450,2968,115043,0
01:46:25:424,120000514,212439899,2977,113113,0
01:46:25:624,120000513,212185895,2963,119879,0
01:46:25:824,120000436,212444159,2964,113770,0
01:46:26:024,120000510,212306489,2967,116020,0
01:46:26:224,120000506,212269676,2978,117890,0
01:46:26:424,120000512,212150858,2964,121040,0
01:46:26:624,120000447,212282829,2961,118608,0
01:46:26:824,120000514,212435312,2967,114423,0
01:46:27:024,120000512,211896330,2973,127989,0
01:46:27:224,120000439,212209201,2967,120075,0
01:46:27:424,120000503,212312583,2963,115900,0
01:46:27:624,120000453,212460059,2983,113276,0
01:46:27:824,120000515,212427336,2968,113707,0
01:46:28:024,120000514,212333648,2979,115520,0
01:46:28:224,120000504,212272332,2960,118044,0
01:46:28:424,120000427,212304229,2958,117784,0
01:46:28:624,120000513,212274991,2967,118165,0
01:46:28:824,120000506,212356425,2979,117471,0
01:46:29:024,120000512,212406417,2977,113248,0
01:46:29:224,120000512,212510668,2976,110260,0
01:46:29:424,120000506,212352448,2976,115742,0
01:46:29:624,120000506,212365931,2967,113561,0
01:46:29:824,120000447,212456211,2973,112940,0
01:46:30:024,120000514,212268649,2976,117048,0
01:46:30:224,120000439,212178559,2963,120389,0
01:46:30:424,120000503,212139706,2968,120287,0
01:46:30:624,120000453,212155513,2961,121406,0
01:46:30:824,120000515,212218751,2970,119235,0
01:46:31:024,120000508,212340853,2975,117100,0
01:46:31:224,120000501,212008780,2966,125324,0
01:46:31:424,120000515,212035774,2972,124178,0
01:46:31:624,120000506,212209243,2966,119223,0
01:46:31:824,120000440,212301421,2965,118334,0
01:46:32:024,120000452,212243740,2973,118807,0
01:46:32:224,120000509,212195415,2972,121145,0
01:46:32:424,120000438,212142364,2959,120481,0
01:46:32:624,120000514,212547452,2975,112474,0
01:46:32:824,120000452,212397880,2969,114485,0
01:46:33:024,120000511,212415570,2971,113415,0
01:46:33:224,120000510,212293835,2966,116610,0
01:46:33:424,120000520,212368910,2967,114964,0
01:46:33:624,120000441,212095548,2969,122720,0
01:46:33:824,120000512,212340854,2969,114727,0
01:46:34:024,120000512,212298060,2974,117573,0
01:46:34:224,120000512,212262845,2981,118914,0
01:46:34:424,120000503,212547468,2965,111795,0
01:46:34:624,120000449,212267359,2965,117582,0
01:46:34:824,120000509,212388927,2966,114891,0
01:46:35:024,120000439,212119205,2961,120966,0
01:46:35:224,120000504,212229763,2968,120024,0
01:46:35:424,120000441,212160059,2971,120093,0
01:46:35:624,120000511,212411827,2963,115196,0
01:46:35:824,120000506,212175548,2966,119949,0
01:46:36:024,120000512,212246460,2974,119334,0
01:46:36:224,120000515,212401172,2979,113575,0
01:46:36:424,120000444,212276227,2961,117717,0
01:46:36:624,120000454,212288004,2957,118072,0
01:46:37:224,120000450,265133581,403,150,0
01:46:37:224,120000450,265133581,403,150,0
01:46:37:424,120000520,214195109,2876,115688,0
01:46:37:624,120000508,212142481,2970,121040,0
01:46:37:824,120000503,212177234,2970,119533,0
01:46:38:024,120000506,212293453,2973,117488,0
01:46:38:224,120000439,212243328,2966,117948,0
01:46:38:424,120000526,212418966,2971,115044,0
01:46:38:624,120000506,212369955,2986,114161,0
01:46:38:824,120000504,212332429,2967,115391,0
01:46:39:024,120000448,212236335,2973,117374,0
01:46:39:224,120000501,212520146,2970,111953,0
01:46:39:424,120000458,212277141,2967,119418,0
01:46:39:624,120000515,212389701,2968,115251,0
01:46:39:824,120000506,212290026,2976,117021,0
01:46:40:024,120000512,212359652,2965,115356,0
01:46:40:224,120000509,212212688,2992,120753,0
01:46:40:424,120000443,212228951,2964,118216,0
01:46:40:624,120000503,212326055,2969,115885,0
01:46:40:824,120000512,212340080,2983,116769,0
01:46:41:024,120000512,212374751,2968,116436,0
01:46:41:224,120000439,212298172,2975,116937,0
01:46:41:424,120000504,212357021,2969,116695,0
01:46:41:624,120000430,212450133,2966,113638,0
01:46:41:824,120000504,212324750,2966,117095,0
01:46:42:024,120000503,212197779,2968,118639,0
01:46:42:224,120000515,212300334,2963,116652,0
01:46:42:424,120000506,212422642,2971,112756,0
01:46:42:624,120000450,212365248,2967,114230,0
01:46:42:824,120000511,212351934,2972,115923,0
01:46:43:024,120000436,212333657,2967,116073,0
01:46:43:224,120000504,212274105,2964,117318,0
01:46:43:424,120000442,212181133,2972,118765,0
01:46:43:624,120000498,212359516,2975,115761,0
01:46:43:824,120000449,212272899,2965,117103,0
01:46:44:024,120000500,212326134,2969,116926,0
01:46:44:224,120000509,212139428,2979,120118,0
01:46:44:424,120000509,212356104,2959,116198,0
01:46:44:624,120000503,212509591,2974,111851,0
01:46:44:824,120000433,212435579,2961,114699,0
01:46:45:024,120000509,212326970,2970,116574,0
01:46:45:224,120000453,212382938,2966,114241,0
01:46:45:424,120000512,212499737,2969,111426,0
01:46:45:624,120000509,212228933,2981,118557,0
01:46:45:824,120000509,212257623,2966,118491,0
01:46:46:024,120000441,212229330,2962,117542,0
01:46:46:224,120000516,212102123,2962,121956,0
01:46:46:424,120000501,212402118,2984,114579,0
01:46:46:624,120000503,212237427,2965,118059,0
01:46:46:824,120000455,212204325,2965,119722,0
01:46:47:024,120000442,212220870,2978,118048,0
01:46:47:224,120000506,212305138,2970,116559,0
01:46:47:424,120000512,212474955,2981,113987,0
01:46:47:624,120000510,212371435,2973,115050,0
01:46:47:824,120000436,212393463,2965,115949,0
01:46:48:024,120000513,212145684,2974,121307,0
01:46:48:224,120000433,212394559,2967,113489,0
01:46:48:424,120000506,212387443,2972,113912,0
01:46:48:624,120000428,212663890,2974,109324,0
01:46:48:824,120000510,212224990,2967,119042,0
01:46:49:024,120000512,212570287,2972,110966,0
01:46:49:224,120000444,212270853,2968,117892,0
01:46:49:424,120000508,212395413,2976,115102,0
01:46:49:624,120000436,212223373,2976,120402,0
01:46:49:824,120000507,212383483,2968,114595,0
01:46:50:024,120000430,212291074,2962,117447,0
01:46:50:224,120000510,212114291,2966,120136,0
01:46:50:424,120000436,212109142,2971,121868,0
01:46:50:624,120000504,212308785,2977,116404,0
01:46:50:824,120000512,212204297,2981,120058,0
01:46:51:024,120000512,212388889,2959,114235,0
01:46:51:224,120000455,212149360,2966,121812,0
01:46:51:424,120000450,212261637,2971,119162,0
01:46:51:624,120000510,212335807,2963,116250,0
01:46:51:824,120000445,212184295,2966,120406,0
01:46:52:024,120000508,212368222,2971,113729,0
01:46:52:624,120000440,265134060,403,152,0
01:46:52:624,120000440,265134060,403,152,0
01:46:52:824,120000514,223106245,2450,91623,0
01:46:53:024,120000504,212483486,2977,112119,0
01:46:53:224,120000500,212421321,2960,114102,0
01:46:53:424,120000508,212481909,2969,112106,0
01:46:53:624,120000442,212253766,2973,117044,0
01:46:53:824,120000524,212231572,2973,117319,0
01:46:54:024,120000507,212291541,2978,116663,0
01:46:54:224,120000500,212272168,2969,117538,0
01:46:54:424,120000458,212312433,2963,117080,0
01:46:54:624,120000502,212186481,2961,119476,0
01:46:54:824,120000506,212300146,2978,116457,0
01:46:55:024,120000512,212281541,2968,116057,0
01:46:55:224,120000508,212074331,2963,123845,0
01:46:55:424,120000515,212321222,2968,116414,0
01:46:55:624,120000507,212299352,2989,117265,0
01:46:55:824,120000455,212181575,2961,120565,0
01:46:56:024,120000515,212073149,2967,123006,0
01:46:56:224,120000444,212306926,2973,116399,0
01:46:56:424,120000510,212345369,2976,117056,0
01:46:56:624,120000440,212175727,2969,120607,0
01:46:56:824,120000504,212247774,2965,118562,0
01:46:57:024,120000455,212175676,2972,119415,0
01:46:57:224,120000509,212234704,2970,118314,0
01:46:57:424,120000508,212345672,2970,115479,0
01:46:57:624,120000507,212257553,2969,117391,0
01:46:57:824,120000509,212123627,2975,121559,0
01:46:58:024,120000430,212311574,2966,115898,0
01:46:58:224,120000510,212182032,2970,119131,0
01:46:58:424,120000452,212324746,2964,117108,0
01:46:58:624,120000517,212411506,2973,115059,0
01:46:58:824,120000442,212342936,2965,117102,0
01:46:59:024,120000513,212440436,2965,114110,0
01:46:59:224,120000450,212239292,2962,119223,0
01:46:59:424,120000506,212300226,2975,117063,0
01:46:59:624,120000508,212233109,2984,118824,0
01:46:59:824,120000518,212245763,2960,118154,0
01:47:00:024,120000504,212482218,2978,112685,0
01:47:00:224,120000444,212368459,2970,115846,0
01:47:00:424,120000517,212184416,2974,119896,0
01:47:00:624,120000439,212166873,2971,120549,0
01:47:00:824,120000506,212365484,2967,116373,0
01:47:01:024,120000498,212103734,2962,122364,0
01:47:01:224,120000514,212393156,2969,114761,0
01:47:01:424,120000442,212128921,2976,120677,0
01:47:01:624,120000511,212352509,2966,115240,0
01:47:01:824,120000455,212334574,2969,116241,0
01:47:02:024,120000503,212286480,2979,116553,0
01:47:02:224,120000506,212346097,2973,116087,0
01:47:02:424,120000442,212230494,2973,118050,0
01:47:02:624,120000510,212559740,2977,110392,0
01:47:02:824,120000444,212265104,2962,118478,0
01:47:03:024,120000507,212308614,2963,115867,0
01:47:03:224,120000503,212310879,2971,115053,0
01:47:03:424,120000504,212429501,2963,113929,0
01:47:03:624,120000500,212256108,2978,119423,0
01:47:03:824,120000509,212282296,2962,116896,0
01:47:04:024,120000452,212247946,2969,117394,0
01:47:04:224,120000512,212286108,2967,117652,0
01:47:04:424,120000509,212420493,2974,115440,0
01:47:04:624,120000438,212229109,2965,117864,0
01:47:04:824,120000508,212419330,2973,114524,0
01:47:05:024,120000450,212353462,2968,115813,0
01:47:05:224,120000505,212490086,2976,112115,0
01:47:05:424,120000433,212235412,2961,118749,0
01:47:05:624,120000501,212041633,2972,123610,0
01:47:05:824,120000438,212313441,2971,116597,0
01:47:06:024,120000508,212200117,2968,120355,0
01:47:06:224,120000512,212467118,2973,112154,0
01:47:06:424,120000512,212399296,2975,115084,0
01:47:06:624,120000509,212263643,2976,118570,0
01:47:06:824,120000446,212153587,2963,120871,0
01:47:07:024,120000455,212374404,2962,116090,0
01:47:07:224,120000497,212288953,2980,116755,0
01:47:07:424,120000503,212601573,2972,109380,0
01:47:08:024,120000451,265134128,403,159,0
01:47:08:024,120000451,265134128,403,159,0
01:47:08:224,120000515,231759767,2028,74663,0
01:47:08:424,120000454,212282952,2968,117155,0
01:47:08:624,120000442,212496215,2976,112456,0
01:47:08:824,120000510,212337133,2971,115225,0
01:47:09:024,120000503,212337185,2978,116506,0
01:47:09:224,120000519,212428034,2962,113175,0
01:47:09:424,120000453,212165335,2976,120413,0
01:47:09:624,120000509,211998537,2983,124417,0
01:47:09:824,120000510,212207035,2977,119567,0
01:47:10:024,120000502,212351649,2962,114707,0
01:47:10:224,120000446,212357338,2968,116127,0
01:47:10:424,120000520,212177652,2966,120881,0
01:47:10:624,120000501,212246681,2977,119048,0
01:47:10:824,120000449,212358596,2967,116239,0
01:47:11:024,120000439,212264683,2966,119234,0
01:47:11:224,120000450,212251508,2980,119572,0
01:47:11:424,120000512,212418291,2963,115096,0
01:47:11:624,120000509,212399762,2979,113748,0
01:47:11:824,120000518,212144762,2963,120012,0
01:47:12:024,120000433,212372915,2961,114754,0
01:47:12:224,120000519,212175554,2961,121519,0
01:47:12:424,120000504,212244692,2983,118303,0
01:47:12:624,120000506,212160170,2968,120644,0
01:47:12:824,120000512,212229601,2966,119811,0
01:47:13:024,120000442,212277775,2968,117651,0
01:47:13:224,120000507,212422044,2970,114770,0
01:47:13:424,120000436,212301966,2969,116390,0
01:47:13:624,120000501,212407764,2972,113584,0
01:47:13:824,120000441,212448381,2962,113645,0
01:47:14:024,120000514,212549400,2974,111219,0
01:47:14:224,120000446,212326777,2961,117626,0
01:47:14:424,120000505,212276320,2975,117033,0
01:47:14:624,120000436,212435164,2971,114197,0
01:47:14:824,120000510,212091279,2961,123733,0
01:47:15:024,120000515,212346270,2977,116584,0
01:47:15:224,120000455,212274791,2967,117071,0
01:47:15:424,120000505,212079362,2961,122302,0
01:47:15:624,120000458,212150762,2977,121139,0
01:47:15:824,120000509,212353319,2971,116267,0
01:47:16:024,120000517,212260122,2977,119250,0
01:47:16:224,120000498,212416019,2970,115450,0
01:47:16:424,120000509,212214279,2988,119913,0
01:47:16:624,120000509,212156127,2961,121715,0
01:47:16:824,120000443,212445714,2974,112304,0
01:47:17:024,120000500,212331159,2968,116495,0
01:47:17:224,120000503,212131738,2987,121736,0
01:47:17:424,120000508,212238462,2968,118044,0
01:47:17:624,120000450,212400640,2961,115871,0
01:47:17:824,120000447,212315170,2977,117433,0
01:47:18:024,120000514,212323528,2963,115736,0
01:47:18:224,120000511,212336271,2975,116227,0
01:47:18:424,120000512,212307685,2970,118053,0
01:47:18:624,120000434,212302287,2964,117457,0
01:47:18:824,120000507,212340882,2973,116905,0
01:47:19:024,120000455,212407062,2975,114798,0
01:47:19:224,120000503,212376356,2971,115231,0
01:47:19:424,120000511,212405829,2976,113905,0
01:47:19:624,120000507,212302665,2978,117087,0
01:47:19:824,120000500,212593179,2978,110402,0
01:47:20:024,120000446,212431765,2971,112007,0
01:47:20:224,120000517,212343212,2970,116181,0
01:47:20:424,120000453,212362382,2958,115083,0
01:47:20:624,120000509,212584693,2964,109582,0
01:47:20:824,120000458,212257478,2962,118110,0
01:47:21:024,120000506,212265597,2964,117056,0
01:47:21:224,120000500,212421946,2982,113346,0
01:47:21:424,120000511,212221782,2964,118670,0
01:47:21:624,120000510,212607033,2976,111659,0
01:47:21:824,120000506,212437138,2971,114115,0
01:47:22:024,120000518,212279997,2978,118090,0
01:47:22:224,120000449,212181117,2968,121402,0
01:47:22:424,120000512,212273843,2966,117068,0
01:47:22:624,120000512,212291804,2983,117930,0
01:47:22:824,120000514,212463006,2962,113078,0
01:47:23:424,120000464,265133900,403,162,0
01:47:23:424,120000464,265133900,403,162,0
01:47:23:624,120000521,240863380,1600,53378,0
01:47:23:824,120000510,212313645,2968,117933,0
01:47:24:024,120000503,212332533,2978,115748,0
01:47:24:224,120000506,212372131,2963,114741,0
01:47:24:424,120000509,212467997,2971,113130,0
01:47:24:624,120000522,212310365,2974,117329,0
01:47:24:824,120000468,212452237,2962,112312,0
01:47:25:024,120000509,212251638,2973,119873,0
01:47:25:224,120000514,212229540,2978,120146,0
01:47:25:424,120000509,212194840,2961,121011,0
01:47:25:624,120000445,212307059,2965,116503,0
01:47:25:824,120000513,212442838,2967,112744,0
01:47:26:024,120000510,212195073,2966,120051,0
01:47:26:224,120000506,212403655,2983,113846,0
01:47:26:424,120000512,212373353,2969,115844,0
01:47:26:624,120000439,212244390,2975,119297,0
01:47:26:824,120000504,212337732,2966,115737,0
01:47:27:024,120000446,212322649,2964,115795,0
01:47:27:224,120000520,212408558,2975,114425,0
01:47:27:424,120000444,212426667,2970,113935,0
01:47:27:624,120000500,212189403,2968,120170,0
01:47:27:824,120000500,212401560,2980,115440,0
01:47:28:024,120000511,212303023,2960,117065,0
01:47:28:224,120000450,212359999,2964,115572,0
01:47:28:424,120000449,212488224,2971,114815,0
01:47:28:624,120000506,212198992,2968,119987,0
01:47:28:824,120000450,211976901,2971,125004,0
01:47:29:024,120000502,212229127,2965,118485,0
01:47:29:224,120000503,212226368,2978,118597,0
01:47:29:424,120000500,212380318,2965,114577,0
01:47:29:624,120000503,212461010,2974,112437,0
01:47:29:824,120000515,212229287,2967,118040,0
01:47:30:024,120000444,212286750,2963,118479,0
01:47:30:224,120000508,212187417,2972,118955,0
01:47:30:424,120000512,212389534,2981,115271,0
01:47:30:624,120000442,212227771,2969,119741,0
01:47:30:824,120000439,212260674,2960,117390,0
01:47:31:024,120000454,212398847,2974,114763,0
01:47:31:224,120000506,212390040,2970,114078,0
01:47:31:424,120000509,212396744,2971,113784,0
01:47:31:624,120000514,212273493,2971,117647,0
01:47:31:824,120000507,212411699,2981,114179,0
01:47:32:024,120000512,212287368,2962,117515,0
01:47:32:224,120000452,212235233,2963,120737,0
01:47:32:424,120000518,212239901,2972,119240,0
01:47:32:624,120000512,212122770,2973,121876,0
01:47:32:824,120000438,212548307,2972,111449,0
01:47:33:024,120000449,212284078,2957,116555,0
01:47:33:224,120000508,212237541,2976,118549,0
01:47:33:424,120000506,212410286,2970,113854,0
01:47:33:624,120000503,212280908,2981,116979,0
01:47:33:824,120000509,212305537,2967,117362,0
01:47:34:024,120000433,212376621,2958,114742,0
01:47:34:224,120000510,212448703,2970,112247,0
01:47:34:424,120000506,212045677,2968,123935,0
01:47:34:624,120000518,212173397,2959,121653,0
01:47:34:824,120000443,212213556,2968,120382,0
01:47:35:024,120000440,212394893,2978,113922,0
01:47:35:224,120000498,212325818,2966,116735,0
01:47:35:424,120000449,212317408,2973,116231,0
01:47:35:624,120000518,212374709,2967,115584,0
01:47:35:824,120000430,212372469,2962,115513,0
01:47:36:024,120000513,212310923,2971,117716,0
01:47:36:224,120000506,212136303,2968,120787,0
01:47:36:424,120000518,212117302,2964,122487,0
01:47:36:624,120000452,212341603,2965,114462,0
01:47:36:824,120000514,212349989,2970,115016,0
01:47:37:024,120000507,212412390,2978,112741,0
01:47:37:224,120000450,212404294,2979,113739,0
01:47:37:424,120000508,212398676,2969,114940,0
01:47:37:624,120000509,212401521,2985,115427,0
01:47:37:824,120000518,212316351,2962,116177,0
01:47:38:024,120000436,212189904,2964,119309,0
01:47:38:224,120000507,212489589,2968,112752,0
01:47:38:824,120000469,265133926,403,163,0
01:47:38:824,120000469,265133926,403,163,0
01:47:39:024,120000889,249498052,1167,35597,0
01:47:39:224,120000506,212332187,2975,116257,0
01:47:39:424,120000511,212517778,2980,111777,0
01:47:39:624,120000501,212271177,2967,116885,0
01:47:39:824,120000436,212422528,2961,114770,0
01:47:40:024,120000523,212360965,2963,116089,0
01:47:40:224,120000442,212271944,2962,117451,0
01:47:40:424,120000505,212308917,2967,118768,0
01:47:40:624,120000513,212494845,2976,111250,0
01:47:40:824,120000499,212354083,2963,114880,0
01:47:41:024,120000503,212264315,2982,118762,0
01:47:41:224,120000509,212216339,2958,119039,0
01:47:41:424,120000503,212149070,2969,120371,0
01:47:41:624,120000458,212523618,2973,112715,0
01:47:41:824,120000509,212162059,2971,119730,0
01:47:42:024,120000450,212301998,2962,117546,0
01:47:42:224,120000505,212349546,2969,115601,0
01:47:42:424,120000508,212201012,2967,119717,0
01:47:42:624,120000504,212481007,2962,111731,0
01:47:42:824,120000500,212447789,2972,113139,0
01:47:43:024,120000509,212141488,2967,121338,0
01:47:43:224,120000436,212281027,2969,119108,0
01:47:43:624,120000502,212259513,2966,119010,0
01:47:43:824,120000503,212277986,2978,117317,0
01:47:44:024,120000513,212281581,2963,117892,0
01:47:44:224,120000446,212341514,2961,115605,0
01:47:44:424,120000512,212450208,2969,112514,0
01:47:44:624,120000449,212205184,2969,119436,0
01:47:44:824,120000512,212469917,2970,113954,0
01:47:45:024,120000512,212255087,2974,119574,0
01:47:45:224,120000509,212351964,2962,115082,0
01:47:45:424,120000500,212332549,2981,115144,0
01:47:45:624,120000505,212353371,2962,116424,0
01:47:45:824,120000513,212225225,2970,118299,0
01:47:46:024,120000436,212304859,2972,116496,0
01:47:46:224,120000507,212371619,2974,115174,0
01:47:46:424,120000515,212514218,2975,113033,0
01:47:46:624,120000506,212395763,2965,114248,0
01:47:46:824,120000450,212274111,2959,118615,0
01:47:47:024,120000505,212247055,2973,118841,0
01:47:47:224,120000517,212116047,2969,121456,0
01:47:47:424,120000513,212348187,2959,116522,0
01:47:47:624,120000506,212345384,2973,114563,0
01:47:47:824,120000503,212128514,2968,120507,0
01:47:48:025,120000506,212269107,2970,118484,0
01:47:48:225,120000433,212092957,2971,122248,0
01:47:48:425,120000428,212318617,2957,116077,0
01:47:48:625,120000512,212228339,2976,118561,0
01:47:48:825,120000510,212450620,2973,114112,0
01:47:49:025,120000515,212430575,2980,112909,0
01:47:49:225,120000508,212200152,2963,119682,0
01:47:49:425,120000456,212127376,2968,121567,0
01:47:49:625,120000512,212284085,2971,116880,0
01:47:49:825,120000509,212491996,2994,112959,0
01:47:50:025,120000509,212312771,2969,116572,0
01:47:50:225,120000503,212502329,2983,112794,0
01:47:50:425,120000455,212103361,2976,122039,0
01:47:50:625,120000518,212487038,2980,112271,0
01:47:50:825,120000449,212255914,2975,116909,0
01:47:51:025,120000512,212378721,2970,114694,0
01:47:51:225,120000518,212333388,2977,118025,0
01:47:51:425,120000503,212301650,2961,117718,0
01:47:51:625,120000446,212313596,2958,115562,0
01:47:51:825,120000506,212227637,2966,118721,0
01:47:52:025,120000506,212248160,2977,117628,0
01:47:52:225,120000512,212378663,2968,114681,0
01:47:52:425,120000515,212296616,2971,116399,0
01:47:52:625,120000444,212110878,2971,122209,0
01:47:52:825,120000516,212480300,2968,112190,0
01:47:53:025,120000431,211803234,2968,129545,0
01:47:53:225,120000515,212210453,2965,119021,0
01:47:53:425,120000501,212365085,2986,115253,0
01:47:53:625,120000506,212321826,2961,116745,0
01:47:53:825,120000444,212216966,2963,119958,0
01:47:54:225,120000468,265134180,404,157,0
01:47:54:425,120000516,258227616,754,15460,0
01:47:54:625,120000507,212130581,2969,121719,0
01:47:54:825,120000439,212241902,2966,119068,0
01:47:55:025,120000504,212271035,2963,117221,0
01:47:55:225,120000517,212362002,2978,115109,0
01:47:55:425,120000504,212234654,2981,118315,0
01:47:55:625,120000448,212205312,2962,120775,0
01:47:55:825,120000518,212305300,2973,116565,0
01:47:56:025,120000503,212424260,2983,113831,0
01:47:56:225,120000518,212235330,2972,117813,0
01:47:56:425,120000510,212394905,2978,113591,0
01:47:56:625,120000448,212445767,2969,112582,0
01:47:56:825,120000511,212539371,2973,112633,0
01:47:57:025,120000452,212125426,2971,121027,0
01:47:57:225,120000512,212083707,2968,122655,0
01:47:57:425,120000455,212249605,2968,117207,0
01:47:57:625,120000518,212418854,2977,113597,0
01:47:57:825,120000438,212120478,2963,121861,0
01:47:58:025,120000499,212390521,2969,114418,0
01:47:58:225,120000500,212408781,2974,114800,0
01:47:58:425,120000505,212232401,2964,119221,0
01:47:58:625,120000510,212309085,2983,116580,0
01:47:58:825,120000439,212363779,2971,114910,0
01:47:59:025,120000509,212085549,2965,123199,0
01:47:59:225,120000453,212308275,2972,117763,0
01:47:59:425,120000515,212267157,2982,120233,0
01:47:59:625,120000436,212219500,2966,118443,0
01:47:59:825,120000504,212326272,2973,116525,0
01:48:00:025,120000458,211973680,2976,124597,0
01:48:00:225,120000509,212028445,2962,123594,0
01:48:00:425,120000512,212294283,2974,116429,0
01:48:00:625,120000512,212378517,2965,115245,0
01:48:00:825,120000439,212260424,2968,118826,0
01:48:01:025,120000447,212220559,2972,118822,0
01:48:01:225,120000509,212228609,2971,118193,0
01:48:01:425,120000444,212326264,2968,116596,0
01:48:01:625,120000511,212350316,2973,114979,0
01:48:01:825,120000511,212245953,2970,119058,0
01:48:02:025,120000507,212314502,2965,115892,0
01:48:02:225,120000442,212111598,2967,122408,0
01:48:02:425,120000498,212249569,2978,117139,0
01:48:02:625,120000509,212087267,2982,121706,0
01:48:02:825,120000512,212359936,2962,115064,0
01:48:03:025,120000514,212426242,2968,114528,0
01:48:03:225,120000439,212276039,2973,117579,0
01:48:03:425,120000513,212199429,2964,119698,0
01:48:03:625,120000507,212408214,2978,115285,0
01:48:03:825,120000508,212185585,2969,120976,0
01:48:04:025,120000450,212353637,2962,114541,0
01:48:04:225,120000512,212311983,2970,117093,0
01:48:04:425,120000509,212322553,2976,115725,0
01:48:04:625,120000509,212553432,2967,111459,0
01:48:04:825,120000433,212506277,2971,112113,0
01:48:05:025,120000510,212457357,2970,113276,0
01:48:05:225,120000512,212263073,2974,118220,0
01:48:05:425,120000512,212143517,2962,120876,0
01:48:05:625,120000452,212212536,2964,119737,0
01:48:05:825,120000442,212129514,2971,122044,0
01:48:06:025,120000501,212486909,2963,112773,0
01:48:06:225,120000479,212336373,2959,114913,0
01:48:06:425,120000503,212411403,2970,115585,0
01:48:06:625,120000441,212417839,2960,114096,0
01:48:06:825,120000499,212191206,2966,119891,0
01:48:07:025,120000506,212361489,2978,114243,0
01:48:07:225,120000512,212270314,2964,116721,0
01:48:07:425,120000514,212367638,2973,114918,0
01:48:07:625,120000510,212257675,2962,118922,0
01:48:07:825,120000511,212074765,2968,123112,0
01:48:08:025,120000450,212308792,2971,117497,0
01:48:08:225,120000520,212108943,2973,121619,0
01:48:08:425,120000504,212273426,2979,117286,0
01:48:08:625,120000517,212280383,2965,117573,0
01:48:08:825,120000450,212211447,2965,118759,0
01:48:09:025,120000515,212184161,2968,118633,0
01:48:09:225,120000459,179706518,668,453383,0
01:48:09:425,120000449,173594092,0,544805,0
01:48:09:625,120000442,173622167,1,542213,0
01:48:09:825,120000453,173724776,0,540700,0
01:48:10:025,120000446,173682745,1,541234,0
01:48:10:225,120000433,173602630,0,542859,0
01:48:10:425,120000447,173547632,0,544355,0
01:48:10:625,120000436,173441631,1,545682,0
01:48:10:825,120000445,173580420,0,543287,0
01:48:11:025,120000451,173490251,1,544911,0
01:48:11:225,120000444,173485642,1,544801,0
01:48:11:425,120000446,173685910,2,540593,0
01:48:11:625,120000448,173693791,1,541248,0
01:48:11:825,120000447,173617219,0,541766,0
01:48:12:025,120000444,173602304,1,541906,0
01:48:12:225,120000438,173508905,0,543824,0
01:48:12:425,120000437,173557039,1,543832,0
01:48:12:625,120000437,173580531,0,543305,0
01:48:12:825,120000445,173641999,0,541969,0
01:48:13:025,120000441,173580908,1,543646,0
01:48:13:225,120000443,173672200,0,542056,0
01:48:13:425,120000444,173668471,0,540614,0
01:48:13:625,120000449,173663237,0,541167,0
01:48:13:825,120000435,173635288,0,542058,0
01:48:14:025,120000428,173622852,0,541689,0
01:48:14:225,120000445,173651869,0,541450,0
01:48:14:425,120000450,173621253,1,542301,0
01:48:14:625,120000449,173696163,0,539690,0
01:48:14:825,120000446,173746728,0,539523,0
01:48:15:025,120000461,173676515,0,540294,0
01:48:15:225,120000449,173744986,0,538538,0
01:48:15:425,120000447,173724773,0,538936,0
01:48:15:625,120000448,173611877,0,541075,0
01:48:15:825,120000443,173718328,0,539689,0
01:48:16:025,120000444,173721583,0,539103,0
01:48:16:225,120000457,173781224,0,537920,0
01:48:16:425,120000442,173794087,1,536700,0
01:48:16:625,120000450,173734231,0,539223,0
01:48:16:825,120000441,173719005,0,539549,0
01:48:17:025,120000441,173778129,0,538202,0
01:48:17:225,120000447,173652283,0,541042,0
01:48:17:425,120000444,173636203,1,541491,0
01:48:17:625,120000449,173719321,0,540705,0
01:48:17:825,120000463,173652659,1,541413,0
01:48:18:025,120000442,173753958,0,540152,0
01:48:18:225,120000461,173737631,0,540283,0
01:48:18:425,120000440,173859187,0,536947,0
01:48:18:625,120000460,173734938,0,539917,0
01:48:18:825,120000432,173695016,1,541450,0
01:48:19:025,120000454,173677918,0,541513,0
01:48:19:225,120000440,173687172,0,540823,0
01:48:19:425,120000445,173764626,0,540662,0
01:48:19:625,120000451,173653009,0,541977,0
01:48:19:825,120000449,173682674,0,542311,0
01:48:20:025,120000449,173617356,0,544380,0
01:48:20:225,120000433,173686694,0,540936,0
01:48:20:425,120000437,173686669,0,541465,0
01:48:20:625,120000442,173693294,0,541087,0
01:48:20:825,120000457,173629186,1,542016,0
01:48:21:025,120000460,173700440,0,541840,0
01:48:21:225,120000440,173658251,1,541407,0
01:48:21:425,120000440,173734382,0,539715,0
01:48:21:625,120000446,173583369,1,543117,0
01:48:21:825,120000441,173563079,0,543215,0
01:48:22:025,120000443,173554881,0,543559,0
01:48:22:225,120000452,173453887,1,545325,0
01:48:22:425,120000458,173556866,0,543104,0
01:48:22:625,120000441,173597560,1,542579,0
01:48:22:825,120000450,173610902,0,541823,0
01:48:23:025,120000436,173647827,0,541097,0
01:48:23:225,120000442,173660284,1,541876,0
01:48:23:425,120000441,173635109,0,541559,0
01:48:23:625,120000453,173588024,0,542110,0
01:48:23:825,120000438,173651684,0,541402,0
01:48:24:625,120000457,265141374,401,161,0
01:48:24:625,120000457,265141374,401,161,0
01:48:24:625,120000457,265141374,401,161,0
01:48:24:825,120000464,238001999,288,160175,0
01:48:25:025,120000448,173596259,0,542802,0
01:48:25:225,120000443,173580494,0,543264,0
01:48:25:425,120000445,173545543,0,544221,0
01:48:25:625,120000481,173648418,1,541846,0
01:48:25:825,120000451,173700646,0,540646,0
01:48:26:025,120000463,173766504,0,539435,0
01:48:26:225,120000441,173702371,0,540549,0
01:48:26:425,120000450,173641440,0,543324,0
01:48:26:625,120000438,173645615,0,542239,0
01:48:26:825,120000448,173729239,0,540342,0
01:48:27:025,120000455,173705697,0,541213,0
01:48:27:225,120000440,173773520,0,538496,0
01:48:27:425,120000460,173802701,0,537843,0
01:48:27:625,120000432,173883603,0,536226,0
01:48:27:825,120000454,173798359,0,537620,0
01:48:28:025,120000445,173800588,1,538323,0
01:48:28:225,120000438,173772804,0,538188,0
01:48:28:425,120000453,173772047,0,539023,0
01:48:28:625,120000448,173784752,0,537153,0
01:48:28:825,120000455,173823140,0,537080,0
01:48:29:025,120000445,173886636,1,535468,0
01:48:29:225,120000426,173819111,0,537394,0
01:48:29:425,120000450,173854009,0,537236,0
01:48:29:625,120000449,173828881,0,536719,0
01:48:29:825,120000438,173865068,0,537066,0
01:48:30:025,120000452,173882120,1,535905,0
01:48:30:225,120000453,173802254,0,537390,0
01:48:30:425,120000442,173793928,0,538479,0
01:48:30:625,120000442,173838749,0,536282,0
01:48:30:825,120000446,173776244,0,538789,0
01:48:31:025,120000439,173847770,0,536684,0
01:48:31:225,120000447,173832678,0,537438,0
01:48:31:425,120000433,173897758,0,536718,0
01:48:31:625,120000456,173763557,0,539068,0
01:48:31:825,120000447,173853981,0,538654,0
01:48:32:025,120000452,173860104,0,537192,0
01:48:32:225,120000441,173758672,0,539589,0
01:48:32:425,120000454,173753666,1,539623,0
01:48:32:625,120000458,173705478,0,540538,0
01:48:32:825,120000438,173641248,0,541198,0
01:48:33:025,120000448,173748787,0,540147,0
01:48:33:225,120000454,173707253,0,539926,0
01:48:33:425,120000441,173813194,1,538337,0
01:48:33:625,120000438,173777839,0,537787,0
01:48:33:825,120000445,173803548,1,539233,0
01:48:34:025,120000447,173802678,0,538733,0
01:48:34:225,120000464,173880612,0,538281,0
01:48:34:425,120000441,173814160,0,539444,0
01:48:34:625,120000434,173772848,0,539875,0
01:48:34:825,120000445,173792909,0,540340,0
01:48:35:025,120000446,173832773,0,538146,0
01:48:35:225,120000437,173926459,0,536531,0
01:48:35:425,120000440,173834405,0,538389,0
01:48:35:625,120000451,173915281,1,536142,0
01:48:35:825,120000453,173940541,1,536437,0
01:48:36:025,120000451,174006650,0,535476,0
01:48:36:225,120000439,173940538,0,536631,0
01:48:36:425,120000441,173887002,0,537173,0
01:48:36:625,120000446,173834464,0,539091,0
01:48:36:825,120000441,173870314,0,537439,0
01:48:37:025,120000446,173838834,0,538048,0
01:48:37:225,120000450,173824882,0,539049,0
01:48:37:425,120000441,173799087,0,538305,0
01:48:37:625,120000426,173908890,0,537147,0
01:48:37:825,120000441,173854587,0,537984,0
01:48:38:025,120000461,173681043,0,540576,0
01:48:38:225,120000429,173798473,1,538359,0
01:48:38:425,120000462,173731217,0,539687,0
01:48:38:625,120000438,173690892,0,539789,0
01:48:38:825,120000436,173668389,0,540991,0
01:48:39:025,120000494,173651683,0,540536,0
01:48:39:225,120000450,173702039,1,540121,0
01:48:39:425,120000446,173742166,0,539241,0
01:48:39:625,120000452,173752642,0,539649,0
01:48:40:225,120000446,265134040,403,156,0
01:48:40:225,120000446,265134040,403,156,0
01:48:40:425,120000459,201879316,129,374196,0
01:48:40:625,120000439,173757860,0,539553,0
01:48:40:825,120000453,173840248,0,538076,0
01:48:41:025,120000449,173716474,0,539541,0
01:48:41:225,120000458,173741947,1,539806,0
01:48:41:425,120000469,173688336,0,540627,0
01:48:41:625,120000438,173742338,1,539946,0
01:48:41:825,120000447,173718393,0,540777,0
01:48:42:025,120000444,173795864,0,538618,0
01:48:42:225,120000429,173785439,0,539637,0
01:48:42:425,120000453,173817366,0,538727,0
01:48:42:625,120000446,173821571,1,537959,0
01:48:42:825,120000441,173870644,0,537106,0
01:48:43:025,120000442,173822225,0,537153,0
01:48:43:225,120000441,173770599,0,539675,0
01:48:43:425,120000448,173716325,0,540154,0
01:48:43:625,120000438,173774339,1,539229,0
01:48:43:825,120000437,173833843,0,537300,0
01:48:44:025,120000441,173857109,1,537132,0
01:48:44:225,120000437,173786875,1,538709,0
01:48:44:425,120000462,173689136,0,541503,0
01:48:44:625,120000449,173764212,0,539927,0
01:48:44:825,120000435,173758084,0,539969,0
01:48:45:025,120000444,173870766,1,537456,0
01:48:45:225,120000436,173766438,0,538676,0
01:48:45:425,120000450,173804316,0,538584,0
01:48:45:625,120000455,173764036,0,538557,0
01:48:45:825,120000449,173861725,0,537177,0
01:48:46:025,120000454,173794017,1,538097,0
01:48:46:225,120000454,173745942,0,540255,0
01:48:46:425,120000440,173801293,0,538556,0
01:48:46:625,120000446,173737223,0,540316,0
01:48:46:825,120000433,173774163,0,538945,0
01:48:47:025,120000453,173769966,1,539564,0
01:48:47:225,120000441,173840908,0,537289,0
01:48:47:425,120000455,173892583,0,536755,0
01:48:47:625,120000437,173948103,0,535980,0
01:48:47:825,120000437,174017136,0,534083,0
01:48:48:025,120000453,173845779,0,537682,0
01:48:48:225,120000443,173892912,0,536655,0
01:48:48:425,120000444,173900257,0,536600,0
01:48:48:625,120000446,173902327,0,535660,0
01:48:48:825,120000429,173849758,1,536964,0
01:48:49:025,120000440,173848343,1,538270,0
01:48:49:225,120000445,173810053,0,538122,0
01:48:49:425,120000452,173943996,1,536191,0
01:48:49:625,120000440,173929943,0,536829,0
01:48:49:825,120000441,173950776,0,535602,0
01:48:50:025,120000450,173912725,0,537064,0
01:48:50:225,120000444,173914926,0,537896,0
01:48:50:425,120000438,173948905,1,536044,0
01:48:50:625,120000437,173791346,0,539021,0
01:48:50:825,120000454,173811631,1,539621,0
01:48:51:025,120000462,173746982,0,540328,0
01:48:51:225,120000446,173756664,0,540699,0
01:48:51:425,120000445,173736583,0,540060,0
01:48:51:625,120000437,173809766,0,538998,0
01:48:51:825,120000437,173848196,0,537331,0
01:48:52:025,120000438,173841196,0,537899,0
01:48:52:225,120000452,173829030,0,538320,0
01:48:52:425,120000450,173809478,0,537917,0
01:48:52:625,120000446,173867382,0,538081,0
01:48:52:825,120000441,173851790,1,538255,0
01:48:53:025,120000437,173856859,0,538384,0
01:48:53:225,120000454,173768558,0,539542,0
01:48:53:425,120000430,173690774,0,540582,0
01:48:53:625,120000444,173771036,0,539332,0
01:48:53:825,120000438,173774704,0,540012,0
01:48:54:025,120000432,173742330,0,539835,0
01:48:54:225,120000440,173684763,1,541219,0
01:48:54:425,120000447,173735875,0,539686,0
01:48:54:625,120000443,173776692,0,539859,0
01:48:54:825,120000455,173715020,0,539853,0
01:48:55:025,120000441,173634446,0,543031,0
01:48:55:625,120000469,265141542,401,150,0
01:48:55:625,120000469,265141542,401,150,0
01:48:55:825,120000446,213608766,182,305678,0
01:48:56:025,120000452,173591587,0,542783,0
01:48:56:225,120000459,173615004,1,542959,0
01:48:56:425,120000432,173666237,0,541248,0
01:48:56:625,120000440,173741518,0,539591,0
01:48:56:825,120000447,173765073,0,539278,0
01:48:57:025,120000441,173712653,0,539968,0
01:48:57:225,120000461,173716467,1,540565,0
01:48:57:425,120000437,173726237,0,539584,0
01:48:57:625,120000454,173751920,1,540474,0
01:48:57:825,120000437,173683424,0,540682,0
01:48:58:025,120000457,173678200,0,541602,0
01:48:58:225,120000445,173687467,1,541128,0
01:48:58:425,120000449,173791927,0,538730,0
01:48:58:625,120000458,173820105,1,538835,0
01:48:58:825,120000449,173730871,0,540197,0
01:48:59:025,120000457,173711805,1,540840,0
01:48:59:225,120000450,173710829,0,540186,0
01:48:59:425,120000435,173775880,0,539783,0
01:48:59:625,120000447,173739796,1,539722,0
01:48:59:825,120000463,173867312,0,538122,0
01:49:00:025,120000455,173966994,0,535502,0
01:49:00:225,120000440,173885419,0,536535,0
01:49:00:425,120000437,173833964,0,538965,0
01:49:00:625,120000437,173857566,0,538273,0
01:49:00:825,120000434,173771710,0,540241,0
01:49:01:025,120000445,173870533,0,538687,0
01:49:01:225,120000446,173754744,0,540233,0
01:49:01:425,120000445,173771575,0,540795,0
01:49:01:625,120000442,173887206,0,536935,0
01:49:01:825,120000449,173887012,0,537003,0
01:49:02:025,120000444,173944935,1,537014,0
01:49:02:225,120000438,173893096,0,538038,0
01:49:02:425,120000454,173775001,0,540139,0
01:49:02:625,120000437,173731262,1,540423,0
01:49:02:825,120000446,173722924,0,540170,0
01:49:03:025,120000446,173815938,1,538390,0
01:49:03:225,120000441,173798616,0,539023,0
01:49:03:425,120000432,173746593,0,540522,0
01:49:03:625,120000442,173793948,0,539004,0
01:49:03:825,120000458,173923192,0,536795,0
01:49:04:025,120000455,173878566,0,537149,0
01:49:04:225,120000433,173920584,0,536165,0
01:49:04:425,120000445,173926593,1,536181,0
01:49:04:625,120000443,173897378,0,536658,0
01:49:04:825,120000446,173793869,0,539480,0
01:49:05:025,120000444,173910720,1,537632,0
01:49:05:225,120000441,173880479,0,537489,0
01:49:05:425,120000451,173850247,0,537428,0
01:49:05:625,120000436,173887032,0,537106,0
01:49:05:825,120000456,173834623,0,537818,0
01:49:06:025,120000452,173823783,0,538687,0
01:49:06:225,120000452,173786000,0,539042,0
01:49:06:425,120000430,173817873,1,537952,0
01:49:06:625,120000456,173840582,0,537976,0
01:49:06:825,120000458,173845415,0,536970,0
01:49:07:025,120000430,173936039,0,535417,0
01:49:07:225,120000445,173950383,0,534941,0
01:49:07:425,120000457,173906864,0,536109,0
01:49:07:625,120000439,173862333,0,536756,0
01:49:07:825,120000446,173900175,1,536901,0
01:49:08:025,120000464,173880118,0,537330,0
01:49:08:225,120000451,173817526,0,538540,0
01:49:08:425,120000455,173863616,1,537647,0
01:49:08:625,120000451,173896732,0,536214,0
01:49:08:825,120000441,173885960,1,536963,0
01:49:09:025,120000446,173934474,0,536285,0
01:49:09:225,120000445,173987549,0,535593,0
01:49:09:425,120000438,173953859,0,536642,0
01:49:09:625,120000457,173849537,0,539370,0
01:49:09:825,120000446,173894916,0,538731,0
01:49:10:025,120000448,173875689,0,537868,0
01:49:10:225,120000455,173883277,1,538268,0
01:49:10:425,120000465,173942072,0,536451,0
01:49:11:025,120000461,265134029,403,153,0
01:49:11:025,120000461,265134029,403,153,0
01:49:11:225,120000448,228747722,246,213277,0
01:49:11:425,120000463,173987371,0,534372,0
01:49:11:625,120000438,173861231,0,536370,0
01:49:11:825,120000443,173806997,0,537233,0
01:49:12:025,120000439,173924701,0,536137,0
01:49:12:225,120000442,174066742,0,532885,0
01:49:12:425,120000449,174077952,0,532778,0
01:49:12:625,120000456,174096547,0,532677,0
01:49:12:825,120000446,174053880,0,533530,0
01:49:13:025,120000432,174006807,0,534351,0
01:49:13:225,120000446,174004926,1,534287,0
01:49:13:425,120000438,174005437,0,534616,0
01:49:13:625,120000446,173967198,0,535875,0
01:49:13:825,120000439,173936244,0,536371,0
01:49:14:025,120000454,173979680,0,534751,0
01:49:14:225,120000449,174000438,1,533968,0
01:49:14:425,120000443,173988484,0,534446,0
01:49:14:625,120000449,174002768,1,533977,0
01:49:14:825,120000444,174034520,0,532143,0
01:49:15:025,120000446,174061258,0,532320,0
01:49:15:225,120000449,174059007,0,532512,0
01:49:15:425,120000454,174047376,0,532557,0
01:49:15:625,120000449,173981880,1,534084,0
01:49:15:825,120000446,173963420,0,534590,0
01:49:16:025,120000447,173963066,0,534961,0
01:49:16:425,120000454,173888217,0,536307,0
01:49:16:625,120000433,173953567,0,535035,0
01:49:16:825,120000445,174052683,0,533480,0
01:49:17:025,120000463,174053068,0,533220,0
01:49:17:225,120000440,174013854,0,534133,0
01:49:17:425,120000457,173985202,0,534569,0
01:49:17:625,120000443,173975549,0,533694,0
01:49:17:825,120000449,174019985,0,532867,0
01:49:18:025,120000457,173944064,1,535238,0
01:49:18:225,120000445,173946623,0,535808,0
01:49:18:425,120000448,174078780,0,532374,0
01:49:18:625,120000453,174087429,0,532743,0
01:49:18:825,120000442,174041616,0,533475,0
01:49:19:025,120000444,173991299,1,534400,0
01:49:19:225,120000449,173960690,0,535488,0
01:49:19:425,120000455,173964113,0,536279,0
01:49:19:625,120000448,173921676,0,536865,0
01:49:19:825,120000454,173933759,0,535838,0
01:49:20:025,120000446,173912177,1,536264,0
01:49:20:225,120000441,173888171,0,536508,0
01:49:20:425,120000437,173935579,0,535685,0
01:49:20:625,120000449,173827348,0,537576,0
01:49:20:825,120000455,173910733,0,536745,0
01:49:21:025,120000448,174060098,1,532698,0
01:49:21:225,120000446,174037987,0,533566,0
01:49:21:425,120000446,173935488,0,535487,0
01:49:21:625,120000445,173948193,0,535756,0
01:49:21:825,120000452,173888385,0,537609,0
01:49:22:025,120000437,173906060,0,536504,0
01:49:22:225,120000450,173833653,0,537619,0
01:49:22:425,120000452,173816076,1,539650,0
01:49:22:625,120000448,173872747,0,537444,0
01:49:22:825,120000441,173860800,1,537701,0
01:49:23:025,120000445,173898241,0,537711,0
01:49:23:225,120000433,173896910,0,537586,0
01:49:23:425,120000447,173895243,0,537672,0
01:49:23:625,120000444,173884009,0,538398,0
01:49:23:825,120000440,173814405,0,538674,0
01:49:24:025,120000443,173835200,0,538624,0
01:49:24:225,120000448,173963441,0,535235,0
01:49:24:425,120000449,173956454,0,535442,0
01:49:24:625,120000447,173861943,0,537506,0
01:49:24:825,120000465,174000887,0,534660,0
01:49:25:025,120000458,174037855,0,533403,0
01:49:25:225,120000445,174014559,0,534838,0
01:49:25:425,120000454,173950231,0,535455,0
01:49:25:625,120000439,173952919,0,535406,0
01:49:25:825,120000439,173998860,1,534827,0
01:49:26:025,120000442,174011999,0,534423,0
01:49:26:425,120000468,265133994,404,165,0
01:49:26:625,120000461,244161701,314,123132,0
01:49:26:825,120000436,174029346,0,533521,0
01:49:27:025,120000442,173987329,0,533912,0
01:49:27:225,120000439,173742392,0,538609,0
01:49:27:425,120000450,173905108,0,535723,0
01:49:27:625,120000438,173821126,0,537040,0
01:49:27:825,120000474,173883892,1,536077,0
01:49:28:025,120000454,173896103,0,535335,0
01:49:28:225,120000451,173908823,1,534396,0
01:49:28:425,120000449,173882660,0,536507,0
01:49:28:625,120000450,173887206,0,535872,0
01:49:28:825,120000441,173812185,0,536528,0
01:49:29:025,120000440,173819011,0,537547,0
01:49:29:225,120000449,173973767,0,534189,0
01:49:29:425,120000444,173938387,0,534618,0
01:49:29:625,120000454,173822650,1,537240,0
01:49:29:825,120000440,173897096,0,535800,0
01:49:30:025,120000446,173804378,0,537204,0
01:49:30:225,120000441,173784355,1,539127,0
01:49:30:425,120000437,173786904,0,537704,0
01:49:30:625,120000447,173775523,1,538261,0
01:49:30:825,120000436,173705058,0,539294,0
01:49:31:025,120000437,173771979,0,539054,0
01:49:31:225,120000445,173819556,0,538246,0
01:49:31:425,120000446,173771075,0,540163,0
01:49:31:625,120000442,173770138,0,538711,0
01:49:31:825,120000433,173853202,0,537380,0
01:49:32:025,120000448,173818960,0,537522,0
01:49:32:225,120000463,173794325,0,538037,0
01:49:32:425,120000451,173863222,0,536745,0
01:49:32:625,120000451,173848190,1,536704,0
01:49:32:825,120000442,173901576,0,536144,0
01:49:33:025,120000441,173938892,0,535498,0
01:49:33:225,120000457,173869213,0,536248,0
01:49:33:425,120000433,173932997,0,535146,0
01:49:33:625,120000459,173910935,1,535868,0
01:49:33:825,120000448,173873528,0,536525,0
01:49:34:025,120000450,173868966,0,536378,0
01:49:34:225,120000446,173891024,0,536300,0
01:49:34:425,120000449,173970968,0,534278,0
01:49:34:625,120000457,174040953,0,532556,0
01:49:34:825,120000439,174044355,0,532704,0
01:49:35:025,120000456,174013970,1,533186,0
01:49:35:225,120000440,174068141,0,532517,0
01:49:35:425,120000448,174039900,0,533975,0
01:49:35:625,120000433,173962159,0,535438,0
01:49:35:825,120000453,173941626,0,535725,0
01:49:36:025,120000441,173866737,1,537498,0
01:49:36:225,120000446,173972839,0,535134,0
01:49:36:425,120000439,173927158,0,535950,0
01:49:36:625,120000455,173846290,0,537111,0
01:49:36:825,120000443,173779065,0,539193,0
01:49:37:025,120000453,173728603,0,539910,0
01:49:37:225,120000449,173806475,0,538315,0
01:49:37:425,120000438,173876095,0,537044,0
01:49:37:625,120000440,174024902,0,533450,0
01:49:37:825,120000452,174034337,0,532863,0
01:49:38:025,120000447,173982363,1,534371,0
01:49:38:225,120000455,173951210,0,535382,0
01:49:38:425,120000446,173936363,0,535538,0
01:49:38:625,120000431,173956940,0,534037,0
01:49:38:825,120000443,173872061,1,536453,0
01:49:39:025,120000441,173901053,0,535831,0
01:49:39:225,120000445,173888063,0,535737,0
01:49:39:425,120000441,174010831,1,534106,0
01:49:39:625,120000434,174037773,0,533709,0
01:49:39:825,120000449,174034953,0,533336,0
01:49:40:025,120000456,174040092,0,532901,0
01:49:40:225,120000452,173976528,0,534383,0
01:49:40:425,120000441,173883999,0,535904,0
01:49:40:625,120000451,173957336,0,534695,0
01:49:40:825,120000448,173991344,0,534335,0
01:49:41:025,120000444,173953309,0,535320,0
01:49:41:225,120000446,174009544,0,533833,0
01:49:41:425,120000432,173997937,0,533848,0
01:49:41:825,120000481,265141235,402,170,0
01:49:42:025,120000449,259539805,382,32990,0
01:49:42:225,120000442,173938995,0,534498,0
01:49:42:425,120000453,173946213,1,534838,0
01:49:42:625,120000467,173968793,0,533990,0
01:49:42:825,120000454,174046444,1,532622,0
01:49:43:025,120000436,173920478,0,535234,0
01:49:43:225,120000444,173968434,1,534146,0
01:49:43:425,120000442,173876991,1,536267,0
01:49:43:625,120000458,173723008,0,539262,0
01:49:43:825,120000462,173907808,1,536386,0
01:49:44:025,120000441,173928525,0,536027,0
01:49:44:225,120000445,173920053,0,535560,0
01:49:44:425,120000463,173820192,0,538309,0
01:49:44:625,120000440,173893292,0,536716,0
01:49:44:825,120000454,173924849,0,535141,0
01:49:45:025,120000443,173901704,0,535929,0
01:49:45:225,120000439,173955203,0,535521,0
01:49:45:425,120000434,173962738,0,534774,0
01:49:45:625,120000437,173889526,0,535882,0
01:49:45:825,120000450,173897123,0,536199,0
01:49:46:025,120000446,173910404,0,535545,0
01:49:46:225,120000446,173848097,1,536447,0
01:49:46:425,120000449,173812530,0,538129,0
01:49:46:625,120000449,173755420,0,538501,0
01:49:46:825,120000436,173726346,0,539338,0
01:49:47:025,120000445,173795964,0,537627,0
01:49:47:225,120000438,173847252,1,537457,0
01:49:47:425,120000437,173920061,0,535969,0
01:49:47:625,120000437,173935968,0,534689,0
01:49:47:825,120000445,173920386,0,536394,0
01:49:48:025,120000450,173953983,0,535925,0
01:49:48:225,120000458,173986805,0,534812,0
01:49:48:425,120000440,173953809,0,535371,0
01:49:48:625,120000438,173894212,0,536717,0
01:49:48:825,120000446,173985110,0,535151,0
01:49:49:025,120000453,173909905,0,536198,0
01:49:49:225,120000445,173887109,0,536595,0
01:49:49:425,120000476,173834400,0,538515,0
01:49:49:625,120000445,173877041,1,537377,0
01:49:49:825,120000453,173803313,0,537640,0
01:49:50:025,120000454,173850057,0,537486,0
01:49:50:225,120000456,173895698,0,535779,0
01:49:50:425,120000450,173865607,0,536549,0
01:49:50:625,120000448,173852067,1,537292,0
01:49:50:825,120000447,173837680,0,536958,0
01:49:51:025,120000454,173872374,1,536691,0
01:49:51:225,120000458,173960420,0,535299,0
01:49:51:425,120000448,173970326,0,534548,0
01:49:51:625,120000442,173952540,0,534586,0
01:49:51:825,120000443,173928511,0,535392,0
01:49:52:025,120000458,174027233,0,533386,0
01:49:52:225,120000443,173985685,0,534355,0
01:49:52:425,120000443,173956161,0,533956,0
01:49:52:625,120000435,173997191,0,533020,0
01:49:52:825,120000450,173889644,0,535686,0
01:49:53:025,120000447,173866520,1,536758,0
01:49:53:225,120000440,173788319,0,537380,0
01:49:53:425,120000451,173872857,0,536984,0
01:49:53:625,120000456,173804835,0,537992,0
01:49:53:825,120000449,173881299,0,536983,0
01:49:54:025,120000455,173935435,1,536152,0
01:49:54:225,120000441,173880508,0,537055,0
01:49:54:425,120000437,173898979,0,536297,0
01:49:54:625,120000466,173965717,0,534946,0
01:49:54:825,120000444,174025643,0,533182,0
01:49:55:025,120000444,173973388,0,534704,0
01:49:55:225,120000433,173869617,0,536229,0
01:49:55:425,120000453,173829386,1,537717,0
01:49:55:625,120000432,173920000,0,534794,0
01:49:55:825,120000445,174057995,0,532307,0
01:49:56:025,120000454,173961458,0,534551,0
01:49:56:225,120000441,173970675,0,534851,0
01:49:56:425,120000451,173960566,1,535187,0
01:49:56:625,120000453,174016861,0,533428,0
01:49:56:825,120000453,173974713,0,533927,0
01:49:57:425,120000440,265134059,403,154,0
01:49:57:425,120000440,265134059,403,154,0
01:49:57:625,120000445,183179048,48,483397,0
01:49:57:825,120000455,173826722,0,537531,0
01:49:58:025,120000459,173844630,0,537691,0
01:49:58:225,120000446,173853398,0,538472,0
01:49:58:425,120000448,173860837,0,537573,0
01:49:58:625,120000452,173835226,0,538750,0
01:49:58:825,120000448,173871683,1,537886,0
01:49:59:025,120000452,173835945,0,537849,0
01:49:59:225,120000444,173779336,0,539325,0
01:49:59:425,120000446,173818758,0,537216,0
01:49:59:625,120000450,173852497,0,536692,0
01:49:59:825,120000441,173818013,1,537330,0
01:50:00:025,120000449,173720011,0,539981,0
01:50:00:225,120000446,173844114,0,537447,0
01:50:00:425,120000439,173887265,0,536235,0
01:50:00:625,120000464,173927819,0,535890,0
01:50:00:825,120000451,173994806,0,534292,0
01:50:01:025,120000461,174059266,0,532789,0
01:50:01:225,120000448,173972851,0,534577,0
01:50:01:425,120000446,173908713,0,536075,0
01:50:01:625,120000446,173769742,0,539105,0
01:50:01:825,120000452,173835160,0,536021,0
01:50:02:025,120000454,173801918,0,538383,0
01:50:02:225,120000446,173948092,1,535921,0
01:50:02:425,120000438,173899877,0,536309,0
01:50:02:625,120000440,173964225,1,535833,0
01:50:02:825,120000450,173922091,1,536923,0
01:50:03:025,120000441,173928239,0,536509,0
01:50:03:225,120000466,173952177,1,535644,0
01:50:03:425,120000454,173995213,0,534064,0
01:50:03:625,120000433,174001295,0,533863,0
01:50:03:825,120000454,173940416,0,535316,0
01:50:04:025,120000437,173877984,0,535825,0
01:50:04:225,120000434,173899762,0,536647,0
01:50:04:425,120000441,173948065,0,535837,0
01:50:04:625,120000444,173965386,0,534560,0
01:50:04:825,120000457,173802606,0,536798,0
01:50:05:025,120000448,173863258,0,536475,0
01:50:05:225,120000444,173882489,0,535609,0
01:50:05:425,120000446,173822358,0,536279,0
01:50:05:625,120000456,173773983,0,537864,0
01:50:05:825,120000447,173708763,0,539133,0
01:50:06:025,120000448,173697697,0,539849,0
01:50:06:225,120000448,173699919,0,540944,0
01:50:06:425,120000455,173724940,0,539434,0
01:50:06:625,120000440,173737027,1,539690,0
01:50:06:825,120000449,173620098,0,541581,0
01:50:07:025,120000439,173671195,0,540499,0
01:50:07:225,120000447,173651684,0,542170,0
01:50:07:425,120000444,173651030,0,540117,0
01:50:07:625,120000458,173645723,1,541558,0
01:50:07:825,120000454,173636258,0,542211,0
01:50:08:025,120000454,173607648,0,542177,0
01:50:08:225,120000446,173749563,0,539506,0
01:50:08:425,120000456,173838239,0,538327,0
01:50:08:625,120000448,173768900,1,540355,0
01:50:08:825,120000463,173730125,0,540409,0
01:50:09:025,120000457,173682351,1,540636,0
01:50:09:225,120000439,173630587,0,541081,0
01:50:09:425,120000442,173653106,0,539443,0
01:50:09:625,120000439,173674899,1,539697,0
01:50:09:825,120000456,173686509,0,539988,0
01:50:10:025,120000442,173744589,1,538506,0
01:50:10:225,120000437,173810003,0,537743,0
01:50:10:425,120000434,173813026,0,536933,0
01:50:10:625,120000459,173814388,0,537326,0
01:50:10:825,120000447,173795370,0,538709,0
01:50:11:025,120000452,173724907,1,539928,0
01:50:11:225,120000445,173710539,0,539650,0
01:50:11:425,120000441,173745310,1,539083,0
01:50:11:625,120000440,173826820,0,536680,0
01:50:11:825,120000466,173790226,0,537700,0
01:50:12:025,120000449,173904864,0,536132,0
01:50:12:225,120000446,173866547,0,535336,0
01:50:12:825,120000456,265141518,401,160,0
01:50:12:825,120000456,265141518,401,160,0
01:50:13:025,120000459,198482727,116,394431,0
01:50:13:225,120000431,173632585,0,542181,0
01:50:13:425,120000443,173842888,1,536202,0
01:50:13:625,120000461,173852354,0,537245,0
01:50:13:825,120000449,173865974,0,536196,0
01:50:14:025,120000455,173877525,0,535419,0
01:50:14:225,120000444,173882756,0,535591,0
01:50:14:425,120000455,173948265,1,533952,0
01:50:14:625,120000451,173994623,1,532544,0
01:50:14:825,120000441,173974552,0,532526,0
01:50:15:025,120000451,173891160,0,534754,0
01:50:15:225,120000433,173869634,0,534858,0
01:50:15:425,120000448,173916046,0,533820,0
01:50:15:625,120000463,173836876,0,536525,0
01:50:15:825,120000451,173939322,1,534812,0
01:50:16:025,120000435,173875319,0,534816,0
01:50:16:225,120000434,173814503,1,536973,0
01:50:16:425,120000456,173831873,0,537346,0
01:50:16:625,120000438,173883956,0,535547,0
01:50:16:825,120000463,173961545,1,534346,0
01:50:17:025,120000440,173936321,0,535123,0
01:50:17:225,120000457,173912438,0,535523,0
01:50:17:425,120000455,173795139,0,538010,0
01:50:17:625,120000448,173837230,0,537296,0
01:50:17:825,120000458,173800167,1,537698,0
01:50:18:025,120000458,173854275,0,537873,0
01:50:18:225,120000457,173808390,0,536870,0
01:50:18:425,120000445,173808603,0,536919,0
01:50:18:625,120000437,173694504,0,538311,0
01:50:18:825,120000442,173797727,0,537320,0
01:50:19:025,120000446,173745699,0,537472,0
01:50:19:225,120000449,173704709,1,539229,0
01:50:19:425,120000465,173645661,0,539173,0
01:50:19:625,120000446,173664521,0,538584,0
01:50:19:825,120000458,173712170,0,539228,0
01:50:20:025,120000437,173835073,0,535907,0
01:50:20:225,120000462,173832483,0,536440,0
01:50:20:425,120000442,173764913,0,537781,0
01:50:20:625,120000461,173715008,0,538408,0
01:50:20:825,120000454,173740016,0,537763,0
01:50:21:025,120000436,173770263,0,538136,0
01:50:21:225,120000442,173905382,1,535531,0
01:50:21:425,120000437,173782618,0,537875,0
01:50:21:625,120000457,173769573,1,538570,0
01:50:21:825,120000444,173891927,0,534330,0
01:50:22:025,120000447,173940694,0,534038,0
01:50:22:225,120000442,173946177,1,534272,0
01:50:22:425,120000449,174000221,0,532771,0
01:50:22:625,120000443,173936375,1,533968,0
01:50:22:825,120000441,173919730,0,534463,0
01:50:23:025,120000440,173980598,0,533365,0
01:50:23:225,120000457,173913422,0,534724,0
01:50:23:425,120000443,173870298,0,534657,0
01:50:23:625,120000455,173791724,1,537625,0
01:50:23:825,120000451,173740333,0,538101,0
01:50:24:025,120000430,173795340,1,537548,0
01:50:24:225,120000448,173757658,0,537575,0
01:50:24:425,120000435,173795900,0,537631,0
01:50:24:625,120000428,173860978,1,535148,0
01:50:24:825,120000437,173840286,0,536248,0
01:50:25:025,120000445,173923922,0,535483,0
01:50:25:225,120000457,173864937,0,536366,0
01:50:25:425,120000443,173872775,0,536181,0
01:50:25:625,120000444,173893857,1,535924,0
01:50:25:825,120000449,173812712,0,537546,0
01:50:26:025,120000438,173875372,1,536503,0
01:50:26:225,120000434,173950999,0,534680,0
01:50:26:425,120000441,173960625,0,534619,0
01:50:26:625,120000444,173935427,0,534637,0
01:50:26:825,120000463,173886949,0,535781,0
01:50:27:025,120000457,173933126,0,534774,0
01:50:27:225,120000449,173813882,0,537421,0
01:50:27:425,120000447,173807891,1,538340,0
01:50:27:625,120000444,173873373,0,536118,0
01:50:28:225,120000464,265133961,403,155,0
01:50:28:225,120000464,265133961,403,155,0
01:50:28:425,120000454,213574909,180,303684,0
01:50:28:625,120000439,173844701,0,536756,0
01:50:28:825,120000445,173802629,0,538007,0
01:50:29:025,120000451,173794638,0,537420,0
01:50:29:225,120000446,173831773,0,538077,0
01:50:29:425,120000465,173817810,1,537363,0
01:50:29:625,120000448,173849971,0,537558,0
01:50:29:825,120000452,173878648,0,537283,0
01:50:30:025,120000448,173781452,0,538562,0
01:50:30:225,120000446,173847344,0,537592,0
01:50:30:425,120000452,173824686,0,537477,0
01:50:30:625,120000444,173754178,0,539455,0
01:50:30:825,120000446,173890033,0,535196,0
01:50:31:025,120000446,173833521,0,536464,0
01:50:31:225,120000437,173892349,0,536704,0
01:50:31:425,120000454,173998781,0,534320,0
01:50:31:625,120000429,173920418,0,535190,0
01:50:31:825,120000449,173872289,1,536827,0
01:50:32:025,120000441,173912915,0,535628,0
01:50:32:225,120000449,173789807,0,537448,0
01:50:32:425,120000447,173868485,0,536929,0
01:50:32:625,120000442,173970657,0,535413,0
01:50:32:825,120000447,173928958,0,534852,0
01:50:33:025,120000452,173947620,0,534786,0
01:50:33:225,120000456,173908605,0,536122,0
01:50:33:425,120000449,173898590,0,535344,0
01:50:33:625,120000454,173919370,0,534126,0
01:50:33:825,120000450,173907534,1,535239,0
01:50:34:025,120000445,173940232,0,534933,0
01:50:34:225,120000457,173972506,0,533576,0
01:50:34:425,120000435,173823530,0,536758,0
01:50:34:625,120000449,173866642,0,537202,0
01:50:34:825,120000440,173861539,0,536539,0
01:50:35:025,120000462,173828956,0,537367,0
01:50:35:225,120000438,173847427,1,537063,0
01:50:35:425,120000459,173832361,0,537100,0
01:50:35:625,120000445,173972899,0,534173,0
01:50:35:825,120000461,174034088,0,532867,0
01:50:36:025,120000440,174016185,0,533640,0
01:50:36:225,120000446,173958543,0,534116,0
01:50:36:425,120000441,173913166,0,535135,0
01:50:36:625,120000450,173931456,0,535680,0
01:50:36:825,120000449,173868834,0,536504,0
01:50:37:025,120000446,173892014,0,535661,0
01:50:37:225,120000449,173946779,1,534536,0
01:50:37:425,120000443,174011043,0,534003,0
01:50:37:625,120000458,173984894,0,534578,0
01:50:37:825,120000451,173835889,0,537730,0
01:50:38:025,120000447,173846616,0,538275,0
01:50:38:225,120000448,173910435,1,536572,0
01:50:38:425,120000454,173871856,0,537042,0
01:50:38:625,120000449,173868282,1,537314,0
01:50:38:825,120000446,173860471,0,537142,0
01:50:39:025,120000438,173877156,0,536245,0
01:50:39:225,120000432,173829555,1,537774,0
01:50:39:425,120000445,173879462,0,535573,0
01:50:39:625,120000443,173823542,0,537596,0
01:50:39:825,120000448,173862544,0,537573,0
01:50:40:025,120000441,173790690,0,538018,0
01:50:40:225,120000435,173796119,0,538896,0
01:50:40:425,120000441,173870300,0,536267,0
01:50:40:625,120000442,173882262,0,536066,0
01:50:40:825,120000439,173870849,0,537477,0
01:50:41:025,120000462,173823556,0,537630,0
01:50:41:225,120000466,173863013,0,537668,0
01:50:41:425,120000454,173820659,0,537885,0
01:50:41:625,120000450,173896512,1,536098,0
01:50:41:825,120000443,173862889,0,536980,0
01:50:42:025,120000441,173804294,0,537515,0
01:50:42:225,120000456,173898042,0,535235,0
01:50:42:425,120000447,173901124,0,535816,0
01:50:42:625,120000447,173870776,0,536059,0
01:50:42:825,120000455,173932486,0,535682,0
01:50:43:025,120000453,173926052,1,536492,0
01:50:43:625,120000479,265133899,403,152,0
01:50:43:625,120000479,265133899,403,152,0
01:50:43:825,120000437,229073642,248,211106,0
01:50:44:025,120000452,173958313,1,534911,0
01:50:44:225,120000440,173896589,0,536341,0
01:50:44:425,120000439,173797741,0,536936,0
01:50:44:625,120000448,173820266,0,537728,0
01:50:44:825,120000450,173876684,0,535942,0
01:50:45:025,120000448,173916516,1,534927,0
01:50:45:225,120000456,174023848,0,533449,0
01:50:45:425,120000467,174069404,0,532734,0
01:50:45:625,120000460,173937929,0,535693,0
01:50:45:825,120000443,173815743,0,537188,0
01:50:46:025,120000449,173971833,0,534919,0
01:50:46:225,120000441,173935567,0,535814,0
01:50:46:425,120000444,173925646,1,535428,0
01:50:46:625,120000447,173823810,0,537285,0
01:50:46:825,120000443,173854479,0,537571,0
01:50:47:025,120000440,173762575,0,538490,0
01:50:47:225,120000451,173724507,0,540011,0
01:50:47:425,120000447,173660999,1,540555,0
01:50:47:625,120000451,173682061,0,540959,0
01:50:47:825,120000453,173816422,0,538163,0
01:50:48:025,120000447,173839355,1,539223,0
01:50:48:225,120000455,173743114,0,540164,0
01:50:48:425,120000450,173901674,1,537769,0
01:50:48:625,120000446,173839733,0,537596,0
01:50:49:025,120000449,173795408,0,538784,0
01:50:49:225,120000433,173782075,0,538497,0
01:50:49:425,120000454,173853720,1,537538,0
01:50:49:625,120000440,173960997,0,534808,0
01:50:49:825,120000445,173821846,1,538028,0
01:50:50:025,120000455,173852699,0,537670,0
01:50:50:225,120000453,173777745,0,538138,0
01:50:50:425,120000447,173815643,0,538616,0
01:50:50:625,120000439,173798691,0,538295,0
01:50:50:825,120000454,173884454,1,537298,0
01:50:51:025,120000441,173870832,0,537528,0
01:50:51:225,120000446,173923257,1,535788,0
01:50:51:425,120000450,173877734,0,537369,0
01:50:51:625,120000458,173937036,0,536188,0
01:50:51:825,120000440,173890462,0,536139,0
01:50:52:025,120000455,173923049,0,535644,0
01:50:52:225,120000448,173938881,1,535265,0
01:50:52:425,120000435,173934103,0,535077,0
01:50:52:625,120000438,173864466,0,536353,0
01:50:52:825,120000439,173955875,0,535321,0
01:50:53:025,120000467,173986829,0,534341,0
01:50:53:225,120000440,173948349,1,535039,0
01:50:53:425,120000453,173880430,0,536139,0
01:50:53:625,120000438,173950575,1,534196,0
01:50:53:825,120000450,174094319,1,531119,0
01:50:54:025,120000453,174069497,0,532236,0
01:50:54:225,120000453,173999272,1,533441,0
01:50:54:425,120000427,173972066,0,533643,0
01:50:54:625,120000439,173871987,0,535555,0
01:50:54:825,120000446,173897116,0,535708,0
01:50:55:025,120000451,173899550,0,535072,0
01:50:55:225,120000433,173733372,0,538940,0
01:50:55:425,120000441,173896232,0,535870,0
01:50:55:625,120000444,173845988,0,536820,0
01:50:55:826,120000446,173829359,0,538285,0
01:50:56:026,120000429,173813222,0,538282,0
01:50:56:226,120000453,173832229,0,538016,0
01:50:56:426,120000430,173818216,0,538065,0
01:50:56:626,120000454,173792029,1,537689,0
01:50:56:826,120000439,173823081,0,538233,0
01:50:57:026,120000444,173804439,0,537584,0
01:50:57:226,120000449,173760555,0,539296,0
01:50:57:426,120000458,173802444,0,538259,0
01:50:57:626,120000457,173748991,0,539942,0
01:50:57:826,120000432,173788410,0,538635,0
01:50:58:026,120000437,173926653,1,536050,0
01:50:58:226,120000447,173887807,0,536887,0
01:50:58:426,120000436,173827577,0,537389,0
01:50:58:626,120000462,173785126,0,538179,0
01:50:59:026,120000476,265141412,402,163,0
01:50:59:226,120000457,243969725,314,124777,0
01:50:59:426,120000451,173843416,0,537421,0
01:50:59:626,120000451,173826530,0,536916,0
01:50:59:826,120000439,173809781,0,538460,0
01:51:00:026,120000454,173770982,1,538814,0
01:51:00:226,120000458,173834334,0,538893,0
01:51:00:426,120000467,173878730,0,537025,0
01:51:00:626,120000439,173796353,0,538863,0
01:51:00:826,120000450,173801224,0,538804,0
01:51:01:026,120000449,173823695,0,536957,0
01:51:01:226,120000450,173743373,0,540593,0
01:51:01:426,120000454,173672215,0,540706,0
01:51:01:626,120000445,173758675,0,539052,0
01:51:01:826,120000463,173674188,0,540423,0
01:51:02:026,120000432,173836544,0,536770,0
01:51:02:226,120000453,173851185,0,536322,0
01:51:02:426,120000452,173851055,1,537395,0
01:51:02:626,120000452,173908836,0,536219,0
01:51:02:826,120000436,173790835,0,538620,0
01:51:03:026,120000434,173695390,1,540947,0
01:51:03:226,120000437,173648883,0,541803,0
01:51:03:426,120000453,173750813,1,539066,0
01:51:03:626,120000433,173778595,0,538693,0
01:51:03:826,120000445,173755526,0,538487,0
01:51:04:026,120000451,173834531,0,538158,0
01:51:04:226,120000436,173814360,0,537919,0
01:51:04:426,120000462,173722035,1,540066,0
01:51:04:626,120000446,173666717,0,540803,0
01:51:04:826,120000432,173630269,1,542307,0
01:51:05:026,120000439,173648997,0,541686,0
01:51:05:226,120000446,173651929,0,541398,0
01:51:05:426,120000456,173744125,1,539541,0
01:51:05:626,120000441,173712800,0,539260,0
01:51:05:826,120000437,173786974,1,539126,0
01:51:06:026,120000445,173796792,0,538252,0
01:51:06:226,120000438,173790877,0,538626,0
01:51:06:426,120000453,173749846,0,538757,0
01:51:06:626,120000443,173756200,0,539954,0
01:51:06:826,120000444,173734400,1,539920,0
01:51:07:026,120000438,173732581,0,540239,0
01:51:07:226,120000448,173827556,0,536717,0
01:51:07:426,120000457,173848607,0,537368,0
01:51:07:626,120000443,173822307,0,537125,0
01:51:07:826,120000457,173754831,0,539103,0
01:51:08:026,120000449,173904500,0,535999,0
01:51:08:226,120000454,173904138,1,534789,0
01:51:08:426,120000442,173904596,0,535158,0
01:51:08:626,120000446,173886683,0,535764,0
01:51:08:826,120000439,173818042,0,536391,0
01:51:09:026,120000437,173791588,0,538313,0
01:51:09:226,120000450,173885437,0,535811,0
01:51:09:426,120000459,173798394,0,537923,0
01:51:09:626,120000442,173880499,0,536607,0
01:51:09:826,120000440,173943288,0,534933,0
01:51:10:026,120000444,173939744,0,534910,0
01:51:10:226,120000456,173968369,1,534224,0
01:51:10:426,120000454,173939376,0,534862,0
01:51:10:626,120000454,173831647,0,536192,0
01:51:10:826,120000448,173876617,0,536594,0
01:51:11:026,120000451,173807382,0,537675,0
01:51:11:226,120000452,173858260,1,536310,0
01:51:11:426,120000449,173952338,0,535049,0
01:51:11:626,120000455,174023941,0,533110,0
01:51:11:826,120000442,173941475,0,534546,0
01:51:12:026,120000452,173930901,0,535095,0
01:51:12:226,120000449,174012557,0,533809,0
01:51:12:426,120000458,174018596,0,533885,0
01:51:12:626,120000454,174017876,1,533616,0
01:51:12:826,120000458,174043138,0,532430,0
01:51:13:026,120000429,174006654,0,533413,0
01:51:13:226,120000442,173981346,0,534064,0
01:51:13:426,120000440,174038447,0,533245,0
01:51:13:626,120000454,174030895,1,533062,0
01:51:13:826,120000458,174042117,0,533767,0
01:51:14:026,120000449,174051923,0,533238,0
01:51:14:426,120000468,265141335,402,161,0
01:51:14:626,120000445,259421010,382,33905,0
01:51:14:826,120000454,173944587,0,534960,0
01:51:15:026,120000436,173897876,0,535031,0
01:51:15:226,120000447,173848376,0,536901,0
01:51:15:426,120000454,173800008,0,537407,0
01:51:15:626,120000449,173908285,0,535510,0
01:51:15:826,120000459,173915356,0,535669,0
01:51:16:026,120000455,174037863,1,532993,0
01:51:16:226,120000442,173969947,0,534561,0
01:51:16:426,120000443,173858839,0,537262,0
01:51:16:626,120000449,173901521,1,535990,0
01:51:16:826,120000444,173943532,0,534637,0
01:51:17:026,120000454,173910448,1,535053,0
01:51:17:226,120000458,173851688,0,537127,0
01:51:17:426,120000442,173803851,0,537275,0
01:51:17:626,120000449,173878702,0,536069,0
01:51:17:826,120000433,173877048,0,536360,0
01:51:18:026,120000449,173874024,0,535823,0
01:51:18:226,120000449,173881391,0,536141,0
01:51:18:426,120000443,173890838,0,536130,0
01:51:18:626,120000436,173851150,0,536721,0
01:51:18:826,120000454,173873267,1,536263,0
01:51:19:026,120000443,173936778,1,535096,0
01:51:19:226,120000448,173860341,0,535780,0
01:51:19:426,120000452,173932744,1,534437,0
01:51:19:626,120000451,173944304,0,534728,0
01:51:19:826,120000455,173979242,0,534064,0
01:51:20:026,120000443,173928979,0,534700,0
01:51:20:226,120000443,173939449,0,534771,0
01:51:20:426,120000432,173983788,1,533732,0
01:51:20:626,120000457,173990725,0,533367,0
01:51:20:826,120000444,173976971,0,533944,0
01:51:21:026,120000439,173993757,0,533067,0
01:51:21:226,120000445,174078609,0,530987,0
01:51:21:426,120000451,173924307,0,534828,0
01:51:21:626,120000449,173959131,0,534329,0
01:51:21:826,120000441,173985725,0,533748,0
01:51:22:026,120000449,173871840,0,535917,0
01:51:22:226,120000446,173851656,0,536147,0
01:51:22:426,120000450,173929934,0,534534,0
01:51:22:626,120000454,173829560,0,536825,0
01:51:22:826,120000436,173930206,1,534986,0
01:51:23:026,120000449,173748782,0,539010,0
01:51:23:226,120000446,173776044,0,537993,0
01:51:23:426,120000434,173957067,0,534046,0
01:51:23:626,120000440,173926043,0,534850,0
01:51:23:826,120000444,173794468,1,537693,0
01:51:24:026,120000444,173777219,0,537971,0
01:51:24:226,120000461,173721403,0,538752,0
01:51:24:426,120000444,173776212,0,538163,0
01:51:24:626,120000452,173802856,0,537244,0
01:51:24:826,120000433,173836787,1,537123,0
01:51:25:026,120000431,173788809,0,537182,0
01:51:25:226,120000451,173798413,1,537896,0
01:51:25:426,120000448,173764439,0,537297,0
01:51:25:626,120000435,173786133,0,538618,0
01:51:25:826,120000447,173794831,0,537110,0
01:51:26:026,120000447,173804446,0,537428,0
01:51:26:226,120000442,173844069,0,536289,0
01:51:26:426,120000449,173783298,0,536811,0
01:51:26:626,120000444,173700630,0,539392,0
01:51:26:826,120000450,173694231,0,539263,0
01:51:27:026,120000449,173810066,0,537511,0
01:51:27:226,120000442,173832888,0,537056,0
01:51:27:426,120000441,173933959,0,534835,0
01:51:27:626,120000449,173953872,0,534251,0
01:51:27:826,120000454,173794369,0,537192,0
01:51:28:026,120000449,173742894,0,539015,0
01:51:28:226,120000458,173638808,1,540455,0
01:51:28:426,120000457,173671809,0,539405,0
01:51:28:626,120000458,173736897,1,539901,0
01:51:28:826,120000446,173656222,0,540313,0
01:51:29:026,120000450,173890581,0,537234,0
01:51:29:226,120000442,173764124,0,539116,0
01:51:29:426,120000442,173805160,0,538996,0
01:51:30:026,120000448,265141338,401,146,0
01:51:30:026,120000448,265141338,401,146,0
01:51:30:226,120000454,182933294,48,487234,0
01:51:30:426,120000448,173765232,0,539820,0
01:51:30:626,120000453,173848779,1,536711,0
01:51:30:826,120000442,173879878,0,536503,0
01:51:31:026,120000445,173853898,0,536350,0
01:51:31:226,120000462,173813419,0,537234,0
01:51:31:426,120000448,173822543,0,537518,0
01:51:31:626,120000450,173825517,0,536594,0
01:51:31:826,120000448,173823331,0,537644,0
01:51:32:026,120000446,173784636,0,538014,0
01:51:32:226,120000449,173828790,0,538031,0
01:51:32:426,120000454,173886650,0,536840,0
01:51:32:626,120000441,173851570,0,537201,0
01:51:32:826,120000441,173899253,0,536975,0
01:51:33:026,120000453,173853344,1,537625,0
01:51:33:226,120000464,173790307,0,538209,0
01:51:33:426,120000448,173766398,0,538661,0
01:51:33:626,120000443,173806285,0,537899,0
01:51:33:826,120000455,173819551,0,538834,0
01:51:34:026,120000438,173681383,0,540058,0
01:51:34:226,120000460,173648976,0,541279,0
01:51:34:426,120000452,173679915,1,540812,0
01:51:34:626,120000450,173653685,0,540713,0
01:51:34:826,120000431,173758491,0,540668,0
01:51:35:026,120000434,173709880,0,540294,0
01:51:35:226,120000462,173644067,0,542516,0
01:51:35:426,120000449,173766795,1,540518,0
01:51:35:626,120000437,173818253,0,538313,0
01:51:35:826,120000454,173763124,0,539863,0
01:51:36:026,120000437,173874827,0,536830,0
01:51:36:226,120000440,173799500,0,538135,0
01:51:36:426,120000442,173957542,1,536109,0
01:51:36:626,120000447,174047379,0,534154,0
01:51:36:826,120000439,174001221,0,535312,0
01:51:37:026,120000447,173939187,0,535926,0
01:51:37:226,120000449,173844319,0,538148,0
01:51:37:426,120000449,173770707,0,539825,0
01:51:37:626,120000433,173687381,0,541029,0
01:51:37:826,120000445,173809311,0,537973,0
01:51:38:026,120000446,173652714,0,541873,0
01:51:38:226,120000441,173612308,0,542499,0
01:51:38:426,120000445,173711498,1,540857,0
01:51:38:626,120000441,173775349,0,538689,0
01:51:38:826,120000442,173763862,0,538673,0
01:51:39:026,120000449,173631982,0,540931,0
01:51:39:226,120000438,173669071,0,540728,0
01:51:39:426,120000437,173662518,0,541545,0
01:51:39:626,120000446,173619501,0,541880,0
01:51:39:826,120000442,173599420,1,542165,0
01:51:40:026,120000449,173603486,0,542080,0
01:51:40:226,120000444,173579559,1,542912,0
01:51:40:426,120000454,173569289,0,542893,0
01:51:40:626,120000436,173577343,0,542175,0
01:51:40:826,120000445,173710576,1,540247,0
01:51:41:026,120000460,173653754,0,541250,0
01:51:41:226,120000442,173715490,0,540065,0
01:51:41:426,120000444,173799124,0,539480,0
01:51:41:626,120000457,173841606,0,538357,0
01:51:41:826,120000430,173726112,1,540466,0
01:51:42:026,120000450,173814540,0,538559,0
01:51:42:226,120000453,173816013,0,537505,0
01:51:42:426,120000450,173839144,0,537591,0
01:51:42:626,120000439,173835145,0,537286,0
01:51:42:826,120000434,173893869,0,537176,0
01:51:43:026,120000447,173879337,0,536885,0
01:51:43:226,120000450,173844460,1,537070,0
01:51:43:426,120000448,173858452,0,537921,0
01:51:43:626,120000453,173887637,0,537153,0
01:51:43:826,120000443,173799316,0,539172,0
01:51:44:026,120000453,173819208,0,539007,0
01:51:44:226,120000445,173823829,0,537926,0
01:51:44:426,120000422,173933675,0,536341,0
01:51:44:626,120000440,173944572,0,535770,0
01:51:44:826,120000438,173925542,0,536013,0
01:51:45:426,120000445,265133985,403,154,0
01:51:45:426,120000445,265133985,403,154,0
01:51:45:626,120000460,198509683,114,393282,0
01:51:45:826,120000448,173919646,0,536477,0
01:51:46:026,120000448,173893397,0,535067,0
01:51:46:226,120000455,173814901,0,537131,0
01:51:46:426,120000456,173834596,0,536926,0
01:51:46:626,120000468,173939662,1,534605,0
01:51:46:826,120000444,174014142,0,533699,0
01:51:47:026,120000445,173945341,0,535508,0
01:51:47:226,120000441,173918139,0,535741,0
01:51:47:426,120000457,173855734,0,536144,0
01:51:47:626,120000442,173928663,1,535662,0
01:51:47:826,120000441,173936204,0,536088,0
01:51:48:026,120000454,173882222,0,537359,0
01:51:48:226,120000433,173965986,0,535545,0
01:51:48:426,120000437,174004810,0,534660,0
01:51:48:626,120000448,174001878,0,534413,0
01:51:48:826,120000435,174064866,0,533530,0
01:51:49:026,120000440,174043165,0,533771,0
01:51:49:226,120000444,173985457,0,534750,0
01:51:49:426,120000447,173960315,1,534824,0
01:51:49:626,120000449,174038606,1,533665,0
01:51:49:826,120000460,174148343,0,530517,0
01:51:50:026,120000437,174136505,1,530975,0
01:51:50:226,120000432,174111036,0,531803,0
01:51:50:426,120000442,174103541,0,531407,0
01:51:50:626,120000440,174070570,1,531801,0
01:51:50:826,120000466,174069861,0,532169,0
01:51:51:026,120000449,173977301,0,533646,0
01:51:51:226,120000435,173942093,0,534350,0
01:51:51:426,120000425,173938011,0,534725,0
01:51:51:626,120000431,173925858,0,535029,0
01:51:51:826,120000439,173879372,0,536235,0
01:51:52:026,120000439,173816336,0,537010,0
01:51:52:226,120000450,173779311,0,538870,0
01:51:52:426,120000457,173868077,0,536792,0
01:51:52:626,120000458,173989263,0,533504,0
01:51:52:826,120000446,173972391,0,534335,0
01:51:53:026,120000446,174032099,0,533706,0
01:51:53:226,120000444,173991470,0,534515,0
01:51:53:426,120000454,173933890,1,535157,0
01:51:53:626,120000450,173887004,0,536402,0
01:51:53:826,120000437,173950246,0,536126,0
01:51:54:026,120000447,174041395,0,533573,0
01:51:54:226,120000444,173993201,0,534560,0
01:51:54:426,120000437,173927672,1,535467,0
01:51:54:626,120000429,173944292,0,534933,0
01:51:54:826,120000449,173924915,0,535780,0
01:51:55:026,120000449,173831272,0,538305,0
01:51:55:226,120000446,173961555,1,535748,0
01:51:55:426,120000439,174059909,1,532955,0
01:51:55:626,120000441,174049810,0,533637,0
01:51:55:826,120000444,174008435,1,534632,0
01:51:56:026,120000433,173968207,0,535151,0
01:51:56:226,120000453,173850427,0,537442,0
01:51:56:426,120000447,173837866,0,538636,0
01:51:56:626,120000950,173854362,0,537499,0
01:51:56:826,120000447,173872051,1,536207,0
01:51:57:026,120000447,173885853,0,536643,0
01:51:57:226,120000438,173764686,0,538492,0
01:51:57:426,120000454,173784524,0,538970,0
01:51:57:626,120000437,173950853,0,535094,0
01:51:57:826,120000459,173859896,1,537161,0
01:51:58:026,120000442,173982556,0,534822,0
01:51:58:226,120000452,173966993,0,535487,0
01:51:58:426,120000436,173944999,0,535842,0
01:51:58:626,120000453,173887274,0,536927,0
01:51:58:826,120000442,173873891,1,537664,0
01:51:59:026,120000454,174016790,0,534105,0
01:51:59:226,120000447,173956483,0,535509,0
01:51:59:426,120000456,173792588,0,538899,0
01:51:59:626,120000442,173843396,0,538339,0
01:51:59:826,120000442,173788659,0,538135,0
01:52:00:026,120000436,173869100,0,537617,0
01:52:00:226,120000437,173937850,1,536037,0
