TIMESTAMP,CPU_CYCLES,INSTRUCTIONS,CACHE_MISSES,BRANCH_MISSES,LABEL
14:19:53:680,120000443,265130495,401,347,0
14:19:53:680,120000443,265130495,401,347,0
14:19:53:880,120000519,229122250,2178,76795,0
14:19:54:080,120000446,212312131,2964,114723,0
14:19:54:280,120000451,212410665,2959,114871,0
14:19:54:480,120000497,212172980,2976,118735,0
14:19:54:680,120000509,212332188,2966,116587,0
14:19:54:880,120000454,212304463,2965,115389,0
14:19:55:080,120000514,212225113,2966,118405,0
14:19:55:280,120000512,212098251,2971,121880,0
14:19:55:480,120000523,212277450,2963,116879,0
14:19:55:680,120000457,212139207,2966,121792,0
14:19:55:880,120000514,212390410,2966,115874,0
14:19:56:080,120000507,212235682,2980,117798,0
14:19:56:280,120000458,212283716,2962,117971,0
14:19:56:480,120000509,212423678,2972,113251,0
14:19:56:680,120000450,212105805,2964,122542,0
14:19:56:880,120000511,212236631,2967,118547,0
14:19:57:080,120000452,212283201,2966,116910,0
14:19:57:280,120000514,212338292,2973,114520,0
14:19:57:480,120000453,212319117,2972,117277,0
14:19:57:680,120000512,212403437,2967,115090,0
14:19:57:880,120000439,212485012,2967,110416,0
14:19:58:080,120000504,212370804,2968,115412,0
14:19:58:280,120000515,212380810,2979,115100,0
14:19:58:480,120000455,212333417,2976,116762,0
14:19:58:680,120000509,212391409,2963,116221,0
14:19:58:880,120000458,212189369,2962,118742,0
14:19:59:080,120000509,212207595,2968,120621,0
14:19:59:280,120000512,212359850,2974,115500,0
14:19:59:480,120000506,212284806,2965,117194,0
14:19:59:680,120000444,212282691,2961,117788,0
14:19:59:880,120000510,212359616,2963,115519,0
14:20:00:080,120000445,212431577,2970,114284,0
14:20:00:280,120000508,212316139,2972,117434,0
14:20:00:480,120000512,212287328,2981,118253,0
14:20:00:680,120000447,212303995,2967,117918,0
14:20:00:880,120000508,212291397,2970,116001,0
14:20:01:080,120000439,212336843,2978,115315,0
14:20:01:280,120000512,212204860,2972,119195,0
14:20:01:480,120000442,212214978,2968,119380,0
14:20:01:680,120000514,212458001,2965,114074,0
14:20:01:880,120000436,212322366,2962,115894,0
14:20:02:080,120000510,212019830,2972,124309,0
14:20:02:280,120000500,212279585,2977,117075,0
14:20:02:480,120000503,212363088,2967,115584,0
14:20:02:680,120000449,212313551,2969,116079,0
14:20:02:880,120000455,212354418,2977,117273,0
14:20:03:080,120000515,212361281,2977,115582,0
14:20:03:280,120000506,212359539,2990,117334,0
14:20:03:480,120000512,212308253,2967,118443,0
14:20:03:680,120000442,212354532,2963,115081,0
14:20:03:880,120000510,212334094,2974,117418,0
14:20:04:080,120000430,212470028,2958,113946,0
14:20:04:280,120000504,212432621,2972,114592,0
14:20:04:480,120000446,212429216,2969,112667,0
14:20:04:680,120000497,212204557,2971,121651,0
14:20:04:880,120000506,212213607,2977,118630,0
14:20:05:080,120000458,212137636,2971,121630,0
14:20:05:280,120000447,212444983,2964,113768,0
14:20:05:480,120000514,212166965,2980,120572,0
14:20:05:680,120000506,212344494,2969,115899,0
14:20:05:880,120000444,212209600,2966,119608,0
14:20:06:080,120000499,212168948,2968,120662,0
14:20:06:280,120000505,212277186,2988,118165,0
14:20:06:480,120000513,212281785,2973,117366,0
14:20:06:680,120000436,212272721,2963,119180,0
14:20:06:880,120000510,212295564,2971,117176,0
14:20:07:080,120000506,212257852,2974,117543,0
14:20:07:280,120000475,212220208,2972,119069,0
14:20:07:480,120000450,212246889,2956,117718,0
14:20:07:680,120000455,212338430,2975,116572,0
14:20:07:880,120000509,212514675,2969,111271,0
14:20:08:080,120000509,212306321,2981,116832,0
14:20:08:280,120000506,212309742,2972,116885,0
14:20:08:480,120000447,212223285,2964,118889,0
14:20:09:080,120000465,265130172,401,341,0
14:20:09:080,120000465,265130172,401,341,0
14:20:09:280,120000516,237966050,1733,60407,0
14:20:09:480,120000450,212128030,2972,122218,0
14:20:09:680,120000514,212237794,2971,117980,0
14:20:09:880,120000434,212358770,2973,117002,0
14:20:10:080,120000507,212395056,2964,115882,0
14:20:10:280,120000510,212264617,2985,119013,0
14:20:10:480,120000504,212393999,2966,114545,0
14:20:10:680,120000427,212253461,2964,119144,0
14:20:10:880,120000522,212448383,2966,114104,0
14:20:11:080,120000449,212303708,2959,117393,0
14:20:11:280,120000508,212519424,2971,112280,0
14:20:11:480,120000445,212337262,2968,116919,0
14:20:11:680,120000443,212371023,2974,114666,0
14:20:11:880,120000514,212372882,2975,115572,0
14:20:12:080,120000511,212437466,2979,112931,0
14:20:12:280,120000513,212384715,2967,115589,0
14:20:12:480,120000444,212222723,2964,118247,0
14:20:12:680,120000511,212509487,2971,111099,0
14:20:12:880,120000452,212373477,2966,115286,0
14:20:13:080,120000517,212446253,2976,112755,0
14:20:13:280,120000498,212140994,2971,120763,0
14:20:13:480,120000506,212209351,2963,120139,0
14:20:13:680,120000503,212308243,2976,116577,0
14:20:13:880,120000455,212176747,2966,120043,0
14:20:14:080,120000514,212293337,2965,116155,0
14:20:14:280,120000453,212180655,2970,119781,0
14:20:14:480,120000512,212323307,2964,115896,0
14:20:14:680,120000442,212508680,2963,114189,0
14:20:14:880,120000507,212341341,2967,116251,0
14:20:15:080,120000452,212398334,2960,115446,0
14:20:15:280,120000515,212392717,2978,115066,0
14:20:15:480,120000512,212320746,2975,115993,0
14:20:15:680,120000506,212378292,2972,114586,0
14:20:15:880,120000515,212236179,2971,117899,0
14:20:16:080,120000447,212251928,2976,117204,0
14:20:16:280,120000505,212317690,2965,116330,0
14:20:16:480,120000458,212199986,2972,119257,0
14:20:16:680,120000509,212326921,2968,117082,0
14:20:16:880,120000438,212259809,2961,117219,0
14:20:17:080,120000513,212445137,2967,112917,0
14:20:17:280,120000512,212344027,2963,116926,0
14:20:17:480,120000504,212127418,2967,121385,0
14:20:17:680,120000509,212377749,2975,115262,0
14:20:17:880,120000503,212558996,2973,112071,0
14:20:18:080,120000506,212378756,2971,115246,0
14:20:18:280,120000452,212314935,2969,117432,0
14:20:18:480,120000512,212310402,2970,115704,0
14:20:18:680,120000455,212509236,2974,112429,0
14:20:18:880,120000512,212448955,2974,113790,0
14:20:19:080,120000455,212456501,2971,112799,0
14:20:19:280,120000518,212351546,2967,116336,0
14:20:19:480,120000509,212475234,2972,112501,0
14:20:19:680,120000503,212422271,2964,114212,0
14:20:19:880,120000509,212333523,2979,115825,0
14:20:20:080,120000511,212331653,2965,115160,0
14:20:20:280,120000510,212353072,2974,115411,0
14:20:20:480,120000439,212256132,2974,117379,0
14:20:20:680,120000434,212525695,2959,111272,0
14:20:20:880,120000439,212317526,2976,116073,0
14:20:21:080,120000513,212321414,2972,116596,0
14:20:21:280,120000515,212291791,2983,117115,0
14:20:21:480,120000512,212434832,2960,113593,0
14:20:21:680,120000450,212293350,2962,117918,0
14:20:21:880,120000506,212331686,2965,116746,0
14:20:22:080,120000500,212086313,2968,122555,0
14:20:22:280,120000503,212319030,2962,115726,0
14:20:22:480,120000438,212197007,2963,118888,0
14:20:22:680,120000514,212221636,2983,120236,0
14:20:22:880,120000512,212300937,2969,117071,0
14:20:23:080,120000444,212320563,2963,116585,0
14:20:23:280,120000505,212376648,2970,116424,0
14:20:23:480,120000458,212267072,2971,118063,0
14:20:23:680,120000509,212219790,2967,118040,0
14:20:23:880,120000505,212491720,2982,112493,0
14:20:24:480,120000464,265130181,401,339,0
14:20:24:480,120000464,265130181,401,339,0
14:20:24:680,120000520,246774991,1311,38849,0
14:20:24:880,120000516,212232035,2984,118645,0
14:20:25:080,120000509,212425615,2981,114380,0
14:20:25:280,120000453,212399159,2963,114515,0
14:20:25:480,120000515,212129019,2964,120822,0
14:20:25:680,120000522,212259601,2969,118670,0
14:20:25:880,120000513,212278591,2964,117034,0
14:20:26:080,120000500,212538544,2974,110981,0
14:20:26:280,120000515,212216387,2962,119228,0
14:20:26:480,120000505,212446797,2981,114277,0
14:20:26:680,120000450,212292282,2966,117069,0
14:20:26:880,120000510,212343092,2962,116845,0
14:20:27:080,120000507,212402642,2980,115369,0
14:20:27:280,120000500,212496025,2966,114395,0
14:20:27:480,120000497,212256768,2979,118623,0
14:20:27:680,120000508,212315817,2967,115854,0
14:20:27:880,120000453,212348467,2963,114908,0
14:20:28:080,120000518,212311896,2973,116171,0
14:20:28:280,120000511,212326689,2967,117356,0
14:20:28:480,120000504,212191469,2973,119867,0
14:20:28:680,120000506,212342135,2975,116595,0
14:20:28:880,120000452,212336460,2961,115229,0
14:20:29:080,120000455,212293561,2969,118416,0
14:20:29:280,120000442,212064269,2970,124136,0
14:20:29:480,120000504,212417083,2971,114423,0
14:20:29:680,120000455,212246437,2961,119419,0
14:20:29:880,120000512,212312124,2974,115498,0
14:20:30:080,120000509,212303307,2978,117801,0
14:20:30:280,120000503,212234835,2968,119056,0
14:20:30:480,120000455,212081754,2968,121615,0
14:20:30:680,120000520,212331799,2971,117029,0
14:20:30:880,120000504,212317922,2973,116900,0
14:20:31:080,120000515,212102186,2969,122374,0
14:20:31:280,120000433,212390603,2967,115444,0
14:20:31:480,120000453,212376228,2976,115947,0
14:20:31:680,120000509,211950387,2964,125823,0
14:20:31:880,120000505,212566071,2975,111531,0
14:20:32:080,120000507,212380813,2964,113352,0
14:20:32:280,120000446,212251717,2964,117088,0
14:20:32:480,120000512,212378095,2972,116947,0
14:20:32:680,120000447,212382498,2974,115771,0
14:20:32:880,120000511,212277539,2969,117056,0
14:20:33:080,120000514,212170505,2987,119034,0
14:20:33:280,120000501,212071892,2963,123052,0
14:20:33:480,120000511,212366635,2977,114907,0
14:20:33:680,120000450,212341081,2973,116680,0
14:20:33:880,120000512,212179953,2976,120033,0
14:20:34:280,120000509,212217348,2972,119391,0
14:20:34:480,120000450,212207213,2963,119222,0
14:20:34:680,120000505,212442136,2967,113602,0
14:20:34:880,120000430,212286726,2962,116573,0
14:20:35:080,120000504,212480233,2970,112939,0
14:20:35:280,120000500,212367947,2965,114091,0
14:20:35:480,120000502,212384149,2970,113901,0
14:20:35:680,120000507,212302241,2988,115373,0
14:20:35:880,120000443,212304866,2969,116594,0
14:20:36:080,120000506,212334648,2964,115560,0
14:20:36:280,120000450,212172001,2970,120590,0
14:20:36:480,120000502,212301708,2972,117048,0
14:20:36:680,120000433,212199651,2975,118207,0
14:20:36:880,120000504,212010429,2967,123632,0
14:20:37:080,120000500,212140519,2983,119447,0
14:20:37:280,120000503,212299426,2961,117698,0
14:20:37:480,120000515,212119115,2968,120910,0
14:20:37:680,120000511,212308701,2963,116667,0
14:20:37:880,120000504,212408530,2969,114021,0
14:20:38:080,120000441,212267154,2971,117147,0
14:20:38:280,120000508,212238920,2969,120335,0
14:20:38:480,120000509,212273410,2981,117339,0
14:20:38:680,120000509,212365530,2959,114975,0
14:20:38:880,120000503,212409202,2969,113799,0
14:20:39:080,120000505,212518262,2972,111284,0
14:20:39:280,120000447,211997784,2971,124191,0
14:20:39:480,120000506,212074694,2972,122298,0
14:20:39:880,120000458,265122720,404,359,0
14:20:40:080,120000516,255384349,883,23240,0
14:20:40:280,120000504,212442697,2982,112193,0
14:20:40:480,120000506,212114707,2971,121665,0
14:20:40:680,120000446,212451132,2964,112746,0
14:20:40:880,120000512,212175523,2967,119322,0
14:20:41:080,120000509,212330574,2989,117142,0
14:20:41:280,120000507,212359950,2965,117047,0
14:20:41:480,120000453,212245260,2974,117771,0
14:20:41:680,120000512,212160742,2970,120629,0
14:20:41:880,120000521,212289396,2980,119185,0
14:20:42:080,120000439,212269048,2974,116965,0
14:20:42:280,120000445,212174026,2966,120359,0
14:20:42:480,120000505,212213087,2975,119210,0
14:20:42:680,120000494,212215020,2974,119229,0
14:20:42:880,120000447,212212077,2965,119772,0
14:20:43:080,120000507,212224175,2971,120661,0
14:20:43:280,120000504,212325508,2980,114925,0
14:20:43:480,120000506,212288332,2968,117910,0
14:20:43:681,120000518,212614668,2980,109308,0
14:20:43:881,120000506,212062458,2968,122994,0
14:20:44:081,120000439,212357734,2965,118041,0
14:20:44:281,120000442,212437881,2971,113533,0
14:20:44:481,120000508,212199513,2970,120211,0
14:20:44:681,120000458,212199988,2970,118895,0
14:20:44:881,120000515,212465674,2978,111565,0
14:20:45:081,120000439,212333286,2968,116333,0
14:20:45:281,120000507,212118907,2971,121987,0
14:20:45:481,120000506,212305486,2980,115729,0
14:20:45:681,120000509,212312181,2965,116172,0
14:20:45:881,120000497,212006933,2971,123732,0
14:20:46:081,120000512,212157291,2966,121392,0
14:20:46:281,120000433,212266010,2968,116221,0
14:20:46:481,120000442,212484481,2971,111771,0
14:20:46:681,120000511,212280936,2967,117732,0
14:20:46:881,120000511,212435496,2975,115136,0
14:20:47:081,120000513,212138519,2969,120951,0
14:20:47:281,120000439,212376861,2965,115082,0
14:20:47:481,120000498,212173947,2976,120398,0
14:20:47:681,120000508,212065954,2980,121759,0
14:20:47:881,120000512,212423703,2966,115047,0
14:20:48:081,120000453,212196363,2970,119045,0
14:20:48:281,120000509,212537095,2976,111107,0
14:20:48:481,120000442,212348476,2963,115597,0
14:20:48:681,120000442,212472878,2979,112594,0
14:20:48:881,120000505,212143200,2969,120867,0
14:20:49:081,120000470,212143231,2972,120845,0
14:20:49:281,120000455,212303230,2965,115889,0
14:20:49:481,120000455,212478074,2978,113602,0
14:20:49:681,120000512,212305084,2969,117363,0
14:20:49:881,120000517,212289145,2980,117066,0
14:20:50:081,120000507,212457500,2965,112932,0
14:20:50:281,120000515,212375488,2975,115421,0
14:20:50:481,120000506,212139081,2963,120691,0
14:20:50:681,120000515,212195284,2971,119308,0
14:20:50:881,120000442,212343996,2963,116753,0
14:20:51:081,120000504,212549441,2977,109947,0
14:20:51:281,120000444,212356239,2964,115236,0
14:20:51:481,120000514,212287395,2965,117901,0
14:20:51:681,120000433,212400402,2966,114421,0
14:20:51:881,120000513,212348093,2965,116882,0
14:20:52:081,120000509,212252300,2966,117582,0
14:20:52:281,120000512,212488078,2967,112260,0
14:20:52:481,120000503,212364809,2981,114798,0
14:20:52:681,120000508,212268601,2960,116832,0
14:20:52:881,120000507,212286550,2974,115780,0
14:20:53:081,120000442,212276734,2972,117675,0
14:20:53:281,120000506,212344262,2973,115077,0
14:20:53:481,120000507,212356604,2980,115604,0
14:20:53:681,120000500,212460519,2964,113783,0
14:20:53:881,120000449,212254668,2965,119062,0
14:20:54:081,120000515,212150725,2967,121656,0
14:20:54:281,120000452,212482391,2968,113320,0
14:20:54:481,120000515,212155144,2979,120150,0
14:20:54:681,120000512,212266713,2982,116708,0
14:20:54:881,120000512,212238987,2961,117552,0
14:20:55:281,120000472,265122433,404,354,0
14:20:55:481,120000517,264424412,447,2156,0
14:20:55:681,120000436,212266535,2965,117257,0
14:20:55:881,120000508,212352062,2972,116395,0
14:20:56:081,120000503,212325540,2974,115611,0
14:20:56:281,120000509,212572227,2976,110249,0
14:20:56:481,120000438,212517140,2973,111786,0
14:20:56:681,120000524,212405681,2969,114920,0
14:20:56:881,120000516,212175358,2976,119964,0
14:20:57:081,120000508,212294976,2966,116991,0
14:20:57:281,120000455,212301888,2965,116066,0
14:20:57:481,120000450,212364976,2979,114408,0
14:20:57:681,120000506,212238535,2966,119180,0
14:20:57:881,120000511,212425390,2984,112989,0
14:20:58:081,120000518,212367378,2971,114910,0
14:20:58:281,120000439,212165474,2964,119707,0
14:20:58:481,120000516,212206691,2969,119215,0
14:20:58:681,120000507,212330904,2980,116934,0
14:20:58:881,120000509,212293832,2971,116564,0
14:20:59:081,120000436,212166901,2968,120037,0
14:20:59:281,120000504,212327069,2970,115058,0
14:20:59:481,120000503,212092166,2975,122384,0
14:20:59:681,120000446,212349958,2965,114382,0
14:20:59:881,120000509,212433435,2975,113602,0
14:21:00:081,120000449,212229462,2967,118892,0
14:21:00:281,120000512,212319541,2971,116244,0
14:21:00:481,120000514,212341178,2977,114723,0
14:21:00:681,120000513,212248923,2971,118740,0
14:21:00:881,120000452,212230604,2959,118886,0
14:21:01:081,120000503,212393476,2974,113069,0
14:21:01:281,120000436,212475520,2965,113107,0
14:21:01:481,120000504,212470236,2977,113619,0
14:21:01:681,120000512,212281138,2973,117919,0
14:21:01:881,120000512,212381734,2980,115611,0
14:21:02:081,120000515,212372424,2967,115876,0
14:21:02:281,120000441,212274929,2968,117660,0
14:21:02:481,120000511,212370973,2968,113882,0
14:21:02:681,120000512,212074930,2971,123532,0
14:21:02:881,120000509,212142957,2968,121524,0
14:21:03:081,120000430,212251402,2965,118580,0
14:21:03:281,120000509,212316951,2971,115828,0
14:21:03:481,120000501,212451557,2975,112945,0
14:21:03:681,120000506,212509315,2967,111108,0
14:21:03:881,120000500,212497367,2964,112785,0
14:21:04:081,120000430,212309662,2975,116575,0
14:21:04:281,120000510,212591376,2966,109285,0
14:21:04:481,120000444,212201905,2971,119723,0
14:21:04:681,120000508,212327141,2968,117775,0
14:21:04:881,120000450,212447457,2966,114162,0
14:21:05:081,120000511,212323569,2963,114901,0
14:21:05:281,120000433,212428516,2962,113307,0
14:21:05:481,120000510,212294181,2967,118849,0
14:21:05:681,120000509,212193003,2974,120127,0
14:21:05:881,120000514,212289154,2968,116738,0
14:21:06:081,120000453,212305818,2964,117053,0
14:21:06:281,120000518,212104464,2979,121701,0
14:21:06:481,120000505,212604117,2965,108715,0
14:21:06:681,120000503,212284245,2976,117987,0
14:21:06:881,120000512,212225001,2969,118896,0
14:21:07:081,120000437,212407522,2962,114136,0
14:21:07:281,120000506,212132883,2964,121031,0
14:21:07:481,120000515,212288438,2977,117618,0
14:21:07:681,120000510,212253752,2967,119022,0
14:21:07:881,120000452,212232751,2969,117388,0
14:21:08:081,120000512,212263837,2966,118723,0
14:21:08:281,120000509,212162585,2975,120804,0
14:21:08:481,120000446,212285373,2972,117833,0
14:21:08:681,120000455,212296471,2961,118691,0
14:21:08:881,120000446,212387332,2970,114669,0
14:21:09:081,120000506,212376909,2973,113525,0
14:21:09:281,120000512,212373998,2980,115313,0
14:21:09:481,120000511,212283327,2974,118719,0
14:21:09:681,120000450,212314618,2965,117006,0
14:21:09:881,120000512,212165042,2969,121998,0
14:21:10:081,120000517,212206612,2974,120386,0
14:21:10:281,120000510,212170656,2967,119203,0
14:21:10:881,120000460,265130207,401,357,0
14:21:10:881,120000460,265130207,401,357,0
14:21:11:081,120000456,220278222,2587,100195,0
14:21:11:281,120000504,212094192,2965,121927,0
14:21:11:481,120000455,212192732,2980,121009,0
14:21:11:681,120000506,212084697,2970,121455,0
14:21:11:881,120000506,212308313,2974,116394,0
14:21:12:081,120000522,212196009,2959,118873,0
14:21:12:281,120000447,212328695,2963,115544,0
14:21:12:481,120000452,212226489,2971,118719,0
14:21:12:681,120000519,212315228,2968,115823,0
14:21:12:881,120000438,212165266,2967,120026,0
14:21:13:081,120000434,212241117,2963,118045,0
14:21:13:281,120000444,212548173,2976,111130,0
14:21:13:481,120000509,212225658,2973,119725,0
14:21:13:681,120000512,212316240,2995,116763,0
14:21:13:881,120000511,212224902,2964,118503,0
14:21:14:081,120000453,212433159,2963,114177,0
14:21:14:281,120000509,212179113,2969,120309,0
14:21:14:481,120000514,212445296,2971,113167,0
14:21:14:681,120000453,212276997,2971,117916,0
14:21:14:881,120000512,212226912,2964,118640,0
14:21:15:081,120000442,212344047,2958,114468,0
14:21:15:281,120000501,212421056,2976,114102,0
14:21:15:481,120000500,212168224,2974,120756,0
14:21:15:681,120000500,212317230,2964,116200,0
14:21:15:881,120000509,212435301,2979,112647,0
14:21:16:081,120000508,212257848,2965,117333,0
14:21:16:281,120000453,212337045,2966,115755,0
14:21:16:481,120000517,212306981,2972,116730,0
14:21:16:681,120000510,212252815,2974,119662,0
14:21:16:881,120000439,212334750,2978,115664,0
14:21:17:081,120000501,212303988,2967,117235,0
14:21:17:281,120000442,212200354,2963,118354,0
14:21:17:481,120000504,212349503,2967,116766,0
14:21:17:681,120000517,212263008,2977,117252,0
14:21:17:881,120000510,212132122,2964,121121,0
14:21:18:081,120000444,212287558,2968,117117,0
14:21:18:281,120000508,212432169,2971,114115,0
14:21:18:481,120000512,212111947,2979,121939,0
14:21:18:681,120000509,212461155,2960,113367,0
14:21:18:881,120000441,212252294,2962,116959,0
14:21:19:081,120000505,212351248,2969,115671,0
14:21:19:281,120000509,212133093,2970,121715,0
14:21:19:481,120000433,212268846,2974,116973,0
14:21:19:681,120000504,212324690,2972,115663,0
14:21:19:881,120000450,212434919,2961,112009,0
14:21:20:081,120000513,212379182,2964,113857,0
14:21:20:281,120000504,212182988,2973,119423,0
14:21:20:481,120000512,212453767,2973,114210,0
14:21:20:681,120000512,212564091,2972,109698,0
14:21:20:881,120000512,212429315,2967,114371,0
14:21:21:081,120000515,212248035,2980,117394,0
14:21:21:281,120000506,212239281,2957,118722,0
14:21:21:481,120000458,212367671,2972,114921,0
14:21:21:681,120000436,212296739,2979,117574,0
14:21:21:881,120000513,212410735,2967,113419,0
14:21:22:081,120000449,212184786,2972,120457,0
14:21:22:281,120000500,212554234,2973,111242,0
14:21:22:481,120000430,212261647,2963,117553,0
14:21:22:681,120000509,212342695,2970,115079,0
14:21:22:881,120000450,212431017,2964,113754,0
14:21:23:081,120000508,212419945,2970,113401,0
14:21:23:281,120000515,212236289,2970,118996,0
14:21:23:481,120000501,212567928,2969,110621,0
14:21:23:681,120000505,212162921,2971,121039,0
14:21:23:881,120000445,212473123,2966,113292,0
14:21:24:081,120000508,212385623,2967,116238,0
14:21:24:281,120000450,212205512,2962,120148,0
14:21:24:481,120000507,212429145,2971,113568,0
14:21:24:681,120000498,212364216,2978,116442,0
14:21:24:881,120000503,212334925,2967,117060,0
14:21:25:081,120000452,211984349,2967,125825,0
14:21:25:281,120000509,212393581,2969,114588,0
14:21:25:481,120000506,212240867,2973,118359,0
14:21:25:681,120000518,212163631,2968,120381,0
14:21:26:281,120000444,265130753,401,348,0
14:21:26:281,120000444,265130753,401,348,0
14:21:26:481,120000463,229175618,2158,77651,0
14:21:26:681,120000501,212250813,2970,117728,0
14:21:26:881,120000439,212433979,2964,113968,0
14:21:27:081,120000507,212387531,2967,114588,0
14:21:27:281,120000509,212399078,2985,115612,0
14:21:27:481,120000513,212476380,2976,111930,0
14:21:27:681,120000504,212202535,2974,119735,0
14:21:27:881,120000447,212355898,2963,115415,0
14:21:28:081,120000457,212279973,2962,117328,0
14:21:28:281,120000454,212349290,2975,115811,0
14:21:28:481,120000506,212247947,2978,118216,0
14:21:28:681,120000443,212141509,2967,120350,0
14:21:28:881,120000506,212343391,2965,116915,0
14:21:29:081,120000450,212391368,2962,114959,0
14:21:29:281,120000513,212332511,2965,116084,0
14:21:29:481,120000510,212485635,2978,112249,0
14:21:29:681,120000506,212415940,2975,114945,0
14:21:29:881,120000512,212152798,2980,120554,0
14:21:30:081,120000458,212469051,2969,112453,0
14:21:30:281,120000449,212201683,2963,119318,0
14:21:30:481,120000508,212245260,2978,118118,0
14:21:30:681,120000507,212244437,2973,118379,0
14:21:30:881,120000443,212234000,2962,117874,0
14:21:31:081,120000503,212358606,2969,114918,0
14:21:31:281,120000458,212352446,2966,115405,0
14:21:31:481,120000509,212196385,2966,120737,0
14:21:31:681,120000512,212276745,2972,117737,0
14:21:31:881,120000518,212296587,2963,116728,0
14:21:32:081,120000449,212409150,2966,114339,0
14:21:32:281,120000447,212371554,2970,115246,0
14:21:32:481,120000514,212266522,2963,117841,0
14:21:32:681,120000436,212101467,2971,121944,0
14:21:32:881,120000510,212276871,2970,116815,0
14:21:33:081,120000506,212218842,2979,117398,0
14:21:33:281,120000512,212420943,2961,114761,0
14:21:33:481,120000514,212503325,2980,112617,0
14:21:33:681,120000501,212325950,2970,114690,0
14:21:33:881,120000512,212327033,2968,116786,0
14:21:34:081,120000506,212272226,2965,117058,0
14:21:34:281,120000512,212286143,2971,117131,0
14:21:34:481,120000458,212368996,2968,115003,0
14:21:34:681,120000509,212427887,2972,113584,0
14:21:34:881,120000450,212160098,2967,119522,0
14:21:35:081,120000505,212313424,2978,116568,0
14:21:35:281,120000446,212350399,2968,116115,0
14:21:35:481,120000509,212383617,2965,116370,0
14:21:35:681,120000506,212290691,2981,116113,0
14:21:35:881,120000514,212398734,2964,115525,0
14:21:36:081,120000501,212378436,2977,114921,0
14:21:36:281,120000511,212160018,2964,119857,0
14:21:36:481,120000501,212232355,2967,118706,0
14:21:36:681,120000444,212391502,2975,116445,0
14:21:36:881,120000510,212260795,2969,117736,0
14:21:37:081,120000442,212542858,2966,110303,0
14:21:37:281,120000511,212384135,2965,114166,0
14:21:37:481,120000515,212516541,2974,112340,0
14:21:37:681,120000511,212314591,2963,117252,0
14:21:37:881,120000453,212195661,2968,119423,0
14:21:38:081,120000517,212301245,2964,117498,0
14:21:38:281,120000504,212312013,2982,115600,0
14:21:38:481,120000517,212442432,2964,113264,0
14:21:38:681,120000512,212334127,2968,115898,0
14:21:38:881,120000470,212106947,2966,122885,0
14:21:39:081,120000507,212458879,2969,113618,0
14:21:39:281,120000512,212297725,2980,116249,0
14:21:39:481,120000506,212304382,2963,117230,0
14:21:39:681,120000447,212251463,2971,118916,0
14:21:39:881,120000513,211980444,2973,124654,0
14:21:40:081,120000434,212143000,2972,119913,0
14:21:40:281,120000515,212302764,2971,118206,0
14:21:40:481,120000442,212542774,2966,110437,0
14:21:40:681,120000513,212301762,2976,115894,0
14:21:40:881,120000504,212302471,2971,117370,0
14:21:41:081,120000446,212467120,2972,112849,0
14:21:41:681,120000479,265130648,401,358,0
14:21:41:681,120000479,265130648,401,358,0
14:21:41:881,120000450,237763766,1743,61633,0
14:21:42:081,120000511,212451315,2970,114204,0
14:21:42:281,120000506,212259155,2983,119335,0
14:21:42:481,120000514,212379175,2965,116504,0
14:21:42:681,120000504,212160293,2968,121636,0
14:21:42:881,120000519,212104869,2961,122780,0
14:21:43:081,120000518,212259526,2973,117878,0
14:21:43:281,120000442,212334541,2965,116565,0
14:21:43:481,120000460,212166816,2965,120047,0
14:21:43:681,120000510,212276129,2974,117066,0
14:21:43:881,120000504,212235051,2975,118344,0
14:21:44:081,120000438,212359227,2967,115243,0
14:21:44:281,120000513,212488795,2968,112107,0
14:21:44:481,120000453,212175995,2959,120099,0
14:21:44:681,120000515,212343397,2963,116024,0
14:21:44:881,120000511,212320056,2973,116156,0
14:21:45:081,120000513,212411692,2969,113679,0
14:21:45:281,120000452,212081847,2961,122627,0
14:21:45:481,120000447,212300608,2976,118184,0
14:21:45:681,120000507,212382036,2970,115756,0
14:21:45:881,120000503,212212187,2981,118714,0
14:21:46:081,120000512,212070722,2970,123148,0
14:21:46:281,120000507,212180712,2979,118959,0
14:21:46:481,120000494,212333403,2974,116343,0
14:21:46:681,120000514,212408408,2974,115452,0
14:21:46:881,120000512,212153020,2966,121570,0
14:21:47:081,120000450,212403289,2966,114101,0
14:21:47:281,120000511,212330951,2972,116742,0
14:21:47:481,120000500,212289617,2975,117744,0
14:21:47:681,120000444,212238599,2965,117561,0
14:21:47:881,120000512,212508330,2970,113131,0
14:21:48:081,120000458,212272487,2968,117064,0
14:21:48:281,120000509,212336397,2967,116257,0
14:21:48:481,120000450,212428058,2978,115273,0
14:21:48:681,120000505,212247490,2981,117865,0
14:21:48:881,120000500,212315488,2978,117265,0
14:21:49:081,120000497,212062478,2973,122527,0
14:21:49:281,120000508,212321143,2976,115567,0
14:21:49:481,120000513,212117883,2965,122032,0
14:21:49:681,120000506,212356047,2972,115349,0
14:21:49:881,120000430,212092876,2965,123639,0
14:21:50:081,120000504,212348186,2970,115520,0
14:21:50:281,120000438,212395382,2974,115112,0
14:21:50:481,120000514,212389438,2973,115243,0
14:21:50:681,120000452,212258682,2972,117724,0
14:21:50:881,120000509,212305764,2964,117413,0
14:21:51:081,120000512,212338536,2977,115452,0
14:21:51:281,120000512,212215035,2972,119508,0
14:21:51:481,120000517,212621389,2978,108615,0
14:21:51:681,120000510,212216280,2965,119570,0
14:21:51:881,120000511,212506311,2981,112522,0
14:21:52:081,120000453,212325547,2961,115485,0
14:21:52:281,120000515,212254016,2968,118320,0
14:21:52:481,120000512,212378837,2981,116029,0
14:21:52:681,120000512,212244642,2974,118365,0
14:21:52:881,120000444,212187040,2960,120087,0
14:21:53:081,120000507,212178782,2971,120520,0
14:21:53:281,120000510,212264334,2974,116879,0
14:21:53:481,120000517,212246760,2969,119733,0
14:21:53:681,120000515,212489140,2968,111260,0
14:21:53:881,120000509,212366937,2967,115248,0
14:21:54:081,120000510,212436252,2972,114450,0
14:21:54:281,120000452,212270498,2971,117040,0
14:21:54:481,120000506,212255525,2967,119186,0
14:21:54:681,120000505,212431298,2979,114332,0
14:21:54:881,120000504,212349346,2966,115568,0
14:21:55:081,120000452,212170622,2972,119757,0
14:21:55:281,120000512,212256314,2968,117649,0
14:21:55:481,120000509,212350755,2980,116461,0
14:21:55:681,120000494,212353795,2962,116099,0
14:21:55:881,120000506,212264998,2972,116542,0
14:21:56:081,120000509,212165769,2961,122034,0
14:21:56:281,120000508,212226679,2974,120161,0
14:21:56:481,120000450,212418919,2972,114860,0
14:21:57:081,120000469,265130308,401,353,0
14:21:57:081,120000469,265130308,401,353,0
14:21:57:281,120000520,246831591,1306,40133,0
14:21:57:481,120000523,212315026,2972,115894,0
14:21:57:681,120000516,212330145,2976,117077,0
14:21:57:881,120000508,212205495,2957,119047,0
14:21:58:081,120000513,212301520,2967,116060,0
14:21:58:281,120000460,212189938,2965,119386,0
14:21:58:481,120000506,212409429,2967,113078,0
14:21:58:681,120000444,212302159,2965,116388,0
14:21:58:881,120000506,212420463,2972,112414,0
14:21:59:081,120000451,212378417,2966,115295,0
14:21:59:281,120000515,212236854,2979,118991,0
14:21:59:481,120000512,212165856,2986,121041,0
14:21:59:681,120000512,212196829,2963,119212,0
14:21:59:881,120000452,212330708,2967,116645,0
14:22:00:081,120000514,212307252,2968,117417,0
14:22:00:281,120000504,212334824,2982,116718,0
14:22:00:481,120000449,212144230,2966,121027,0
14:22:00:681,120000509,212525132,2971,112640,0
14:22:00:881,120000438,212233398,2963,117717,0
14:22:01:081,120000513,212484699,2967,111580,0
14:22:01:281,120000515,212366433,2975,114784,0
14:22:01:481,120000504,212360620,2967,115195,0
14:22:01:681,120000509,212411238,2980,112287,0
14:22:01:881,120000509,212400518,2962,115728,0
14:22:02:081,120000497,212401157,2975,114479,0
14:22:02:281,120000514,212182990,2959,120149,0
14:22:02:481,120000442,212457059,2972,115127,0
14:22:02:681,120000446,212099203,2974,121534,0
14:22:02:881,120000511,212501128,2971,113121,0
14:22:03:081,120000452,212365754,2977,115601,0
14:22:03:281,120000517,212400308,2971,115593,0
14:22:03:481,120000442,212449530,2971,114453,0
14:22:03:681,120000514,212268414,2969,117220,0
14:22:03:881,120000449,212331340,2969,115734,0
14:22:04:081,120000497,212169422,2961,119320,0
14:22:04:281,120000506,212169032,2981,120481,0
14:22:04:481,120000515,212140896,2970,121123,0
14:22:04:681,120000511,212458210,2970,112770,0
14:22:04:881,120000440,212242882,2969,118054,0
14:22:05:081,120000503,212135490,2970,119681,0
14:22:05:281,120000448,212288992,2974,117731,0
14:22:05:481,120000511,212413021,2963,114364,0
14:22:05:681,120000506,212336366,2974,114390,0
14:22:05:881,120000506,212325395,2970,115218,0
14:22:06:081,120000452,212141275,2961,121759,0
14:22:06:281,120000509,212322772,2967,117199,0
14:22:06:481,120000512,212234099,2974,117716,0
14:22:06:881,120000500,212287134,2978,116646,0
14:22:07:081,120000431,212277543,2965,117142,0
14:22:07:281,120000518,212416784,2971,113008,0
14:22:07:481,120000434,212175741,2968,119722,0
14:22:07:681,120000498,212268224,2967,116373,0
14:22:07:881,120000449,212094983,2966,121527,0
14:22:08:081,120000518,212357631,2971,116393,0
14:22:08:281,120000503,212302486,2969,115645,0
14:22:08:481,120000506,212283772,2965,116522,0
14:22:08:681,120000511,212369175,2968,113760,0
14:22:08:881,120000507,212173587,2967,120727,0
14:22:09:081,120000446,212352475,2972,116263,0
14:22:09:281,120000512,212420074,2974,113591,0
14:22:09:481,120000511,212349316,2976,115057,0
14:22:09:681,120000436,212272005,2966,117883,0
14:22:09:881,120000508,212260621,2971,118013,0
14:22:10:081,120000458,212480304,2960,112837,0
14:22:10:281,120000511,212415336,2977,116071,0
14:22:10:481,120000456,212225611,2964,118080,0
14:22:10:681,120000515,212146577,2973,121497,0
14:22:10:881,120000506,212426524,2972,113183,0
14:22:11:081,120000512,212360308,2961,115417,0
14:22:11:281,120000515,212450245,2980,112103,0
14:22:11:481,120000515,212272407,2969,118225,0
14:22:11:681,120000503,212230500,2968,118398,0
14:22:11:881,120000430,212316783,2969,115901,0
14:22:12:081,120000506,212176003,2980,119700,0
14:22:12:481,120000484,265130255,402,353,0
14:22:12:681,120000511,255372669,885,25044,0
14:22:12:881,120000504,212167333,2966,121232,0
14:22:13:081,120000433,212357927,2959,115077,0
14:22:13:281,120000509,212418489,2969,113754,0
14:22:13:481,120000450,212530234,2971,110007,0
14:22:13:681,120000447,212146718,2972,120963,0
14:22:13:881,120000518,212214106,2967,118899,0
14:22:14:081,120000442,212207425,2971,119554,0
14:22:14:281,120000513,212489826,2967,111431,0
14:22:14:481,120000520,212144171,2976,122399,0
14:22:14:681,120000508,212243953,2963,118725,0
14:22:14:881,120000512,212492761,2977,112171,0
14:22:15:081,120000515,212498267,2964,112718,0
14:22:15:281,120000452,212169851,2967,120220,0
14:22:15:481,120000514,212312560,2964,117243,0
14:22:15:681,120000512,212256250,2981,117984,0
14:22:15:881,120000453,212411544,2974,115028,0
14:22:16:081,120000506,212208003,2974,119152,0
14:22:16:281,120000433,212474852,2972,113451,0
14:22:16:481,120000512,212542751,2983,110111,0
14:22:16:681,120000434,212262531,2969,116886,0
14:22:16:881,120000510,212243857,2971,117376,0
14:22:17:081,120000514,212234813,2983,117713,0
14:22:17:281,120000507,212244326,2971,118222,0
14:22:17:481,120000449,212377210,2968,114481,0
14:22:17:681,120000503,212243818,2973,119518,0
14:22:17:881,120000517,212449731,2978,112612,0
14:22:18:081,120000450,212181670,2966,119877,0
14:22:18:281,120000517,212399558,2972,113919,0
14:22:18:481,120000445,212216129,2966,119225,0
14:22:18:681,120000510,212464133,2968,114270,0
14:22:18:881,120000512,212091300,2972,122641,0
14:22:19:081,120000512,212280426,2966,116848,0
14:22:19:281,120000453,212269142,2959,117892,0
14:22:19:481,120000511,212299630,2970,116709,0
14:22:19:681,120000510,212421806,2979,112776,0
14:22:19:881,120000506,212286528,2967,117071,0
14:22:20:081,120000506,212189334,2969,118769,0
14:22:20:281,120000455,212250420,2973,119483,0
14:22:20:481,120000452,212478344,2960,115066,0
14:22:20:681,120000503,212144147,2974,120292,0
14:22:20:881,120000505,212400786,2963,114094,0
14:22:21:081,120000453,212349025,2963,116461,0
14:22:21:281,120000514,212193176,2969,120178,0
14:22:21:481,120000507,212202986,2985,120394,0
14:22:21:681,120000500,212379070,2965,115573,0
14:22:21:881,120000500,212233412,2975,118573,0
14:22:22:081,120000503,212484584,2958,113108,0
14:22:22:281,120000436,212253899,2960,117913,0
14:22:22:481,120000453,212089768,2967,122713,0
14:22:22:681,120000512,212184390,2967,120227,0
14:22:22:881,120000439,212356918,2962,115081,0
14:22:23:081,120000506,212281036,2960,116367,0
14:22:23:281,120000500,212346420,2971,115921,0
14:22:23:481,120000495,212169544,2984,119980,0
14:22:23:681,120000436,212342409,2968,115746,0
14:22:23:881,120000509,212328524,2968,115225,0
14:22:24:081,120000512,212268822,2964,118578,0
14:22:24:281,120000498,212410733,2967,114768,0
14:22:24:481,120000506,212236547,2980,119094,0
14:22:24:681,120000458,212295006,2979,117590,0
14:22:24:881,120000514,212235565,2959,118891,0
14:22:25:081,120000507,212334282,2975,115735,0
14:22:25:281,120000515,212225383,2966,118039,0
14:22:25:481,120000439,212351529,2968,115076,0
14:22:25:681,120000506,212343022,2973,115366,0
14:22:25:881,120000450,212318589,2966,116829,0
14:22:26:081,120000503,212328928,2971,116852,0
14:22:26:281,120000517,212525913,2981,112491,0
14:22:26:481,120000507,212461461,2970,112927,0
14:22:26:681,120000515,212402339,2966,113822,0
14:22:26:881,120000452,212484443,2973,113204,0
14:22:27:081,120000514,212187785,2964,119899,0
14:22:27:281,120000453,212333666,2961,116109,0
14:22:27:481,120000518,212494829,2974,113610,0
14:22:27:881,120000470,265129931,402,351,0
14:22:28:081,120000513,264486216,450,1979,0
14:22:28:281,120000504,212357630,2967,115683,0
14:22:28:481,120000449,212375267,2969,115355,0
14:22:28:681,120000517,212148767,2972,120805,0
14:22:28:881,120000504,212167570,2972,120863,0
14:22:29:081,120000449,212452357,2968,113274,0
14:22:29:281,120000527,212427756,2972,114103,0
14:22:29:481,120000435,212352737,2965,116090,0
14:22:29:681,120000501,212193435,2965,119362,0
14:22:29:881,120000450,212625536,2974,109971,0
14:22:30:081,120000510,212152334,2965,121859,0
14:22:30:281,120000512,212400757,2974,115299,0
14:22:30:481,120000515,212290746,2957,116556,0
14:22:30:681,120000436,212291200,2967,116654,0
14:22:30:881,120000321,212458255,2970,111842,0
14:22:31:081,120000509,212248003,2973,118321,0
14:22:31:281,120000447,212329750,2967,116768,0
14:22:31:481,120000505,212375587,2970,114908,0
14:22:31:681,120000438,212380652,2967,114105,0
14:22:31:881,120000513,212314320,2966,117183,0
14:22:32:081,120000445,212406488,2965,114859,0
14:22:32:281,120000511,212250013,2964,118714,0
14:22:32:481,120000512,212493801,2988,112004,0
14:22:32:681,120000506,212206485,2972,119974,0
14:22:32:881,120000518,212576720,2977,110140,0
14:22:33:081,120000511,212274964,2971,118259,0
14:22:33:281,120000513,212335552,2972,115000,0
14:22:33:481,120000449,212414221,2972,114434,0
14:22:33:681,120000517,212471738,2971,111590,0
14:22:33:881,120000501,212169403,2969,120559,0
14:22:34:081,120000514,212243687,2969,118037,0
14:22:34:281,120000444,212265722,2965,117612,0
14:22:34:481,120000503,212034605,2960,123294,0
14:22:34:681,120000518,212278274,2974,117083,0
14:22:34:881,120000506,212163096,2966,120728,0
14:22:35:081,120000455,212354894,2962,115240,0
14:22:35:281,120000512,212394156,2970,114416,0
14:22:35:481,120000512,212264116,2975,118008,0
14:22:35:681,120000455,212240353,2971,117637,0
14:22:35:881,120000509,212448325,2974,114459,0
14:22:36:081,120000449,212424184,2962,112069,0
14:22:36:281,120000503,212311109,2974,116522,0
14:22:36:481,120000444,212486437,2970,113338,0
14:22:36:681,120000508,212346349,2973,117101,0
14:22:36:881,120000509,212339835,2971,117578,0
14:22:37:081,120000508,212263449,2966,117333,0
14:22:37:281,120000512,212281591,2979,117112,0
14:22:37:481,120000507,212406985,2967,113577,0
14:22:37:681,120000514,212156259,2963,120043,0
14:22:37:881,120000453,212165514,2974,120869,0
14:22:38:081,120000514,212185376,2969,120728,0
14:22:38:281,120000437,212341370,2978,116081,0
14:22:38:481,120000510,212171491,2970,120327,0
14:22:38:681,120000452,212243974,2973,119338,0
14:22:38:881,120000509,212256811,2963,118183,0
14:22:39:081,120000518,212230083,2972,118618,0
14:22:39:281,120000503,212210089,2961,120058,0
14:22:39:481,120000449,212235480,2966,118057,0
14:22:39:681,120000509,212329977,2972,116232,0
14:22:39:881,120000512,212365456,2966,116100,0
14:22:40:081,120000512,212250403,2985,117211,0
14:22:40:281,120000512,212318840,2965,116942,0
14:22:40:481,120000455,212313554,2964,116193,0
14:22:40:681,120000509,212157498,2961,121332,0
14:22:40:881,120000505,212227362,2978,118933,0
14:22:41:081,120000507,212202545,2962,118713,0
14:22:41:281,120000440,212230079,2967,119240,0
14:22:41:481,120000511,212311122,2970,115901,0
14:22:41:681,120000512,212378084,2976,114651,0
14:22:41:881,120000513,212319131,2961,115997,0
14:22:42:081,120000503,212237045,2978,118736,0
14:22:42:281,120000438,212292621,2970,117596,0
14:22:42:481,120000508,212291289,2964,117586,0
14:22:42:681,120000509,212335878,2980,115741,0
14:22:42:881,120000508,212154938,2967,120871,0
14:22:43:481,120000448,265122477,403,360,0
14:22:43:481,120000448,265122477,403,360,0
14:22:43:681,120000517,220394784,2581,98900,0
14:22:43:881,120000512,212223096,2971,118536,0
14:22:44:081,120000437,212415581,2970,113924,0
14:22:44:281,120000510,212314144,2972,115903,0
14:22:44:481,120000452,212394062,2961,112751,0
14:22:44:681,120000531,212191589,2973,119209,0
14:22:44:881,120000450,212402110,2969,113754,0
14:22:45:081,120000512,212321604,2971,116466,0
14:22:45:281,120000519,212342157,2980,115361,0
14:22:45:481,120000508,212267030,2966,118549,0
14:22:45:681,120000449,212235489,2965,118313,0
14:22:45:881,120000509,212400753,2964,113836,0
14:22:46:081,120000503,212332979,2974,114904,0
14:22:46:281,120000458,212505348,2973,113647,0
14:22:46:481,120000509,212458872,2974,113787,0
14:22:46:681,120000512,212271045,2980,117708,0
14:22:46:881,120000512,212239393,2976,117717,0
14:22:47:081,120000442,212209486,2962,119535,0
14:22:47:281,120000507,212263667,2967,118534,0
14:22:47:481,120000536,212493227,2980,111935,0
14:22:47:681,120000497,212354737,2981,116220,0
14:22:47:881,120000509,212409273,2983,113776,0
14:22:48:081,120000506,212429806,2968,112413,0
14:22:48:281,120000506,212336952,2978,115911,0
14:22:48:481,120000455,212211316,2962,119906,0
14:22:48:681,120000450,212427094,2971,113424,0
14:22:48:881,120000505,212192858,2974,118373,0
14:22:49:081,120000506,212197543,2966,119563,0
14:22:49:281,120000452,212385661,2965,116122,0
14:22:49:481,120000517,212267129,2967,117129,0
14:22:49:681,120000506,212247803,2978,118150,0
14:22:49:881,120000504,212309246,2971,115888,0
14:22:50:081,120000509,212347876,2969,115572,0
14:22:50:281,120000509,212222202,2976,118241,0
14:22:50:481,120000517,212277919,2967,119256,0
14:22:50:681,120000445,212473472,2974,111927,0
14:22:50:881,120000511,212186757,2968,120997,0
14:22:51:081,120000452,212286742,2975,118177,0
14:22:51:281,120000509,212191019,2968,121057,0
14:22:51:481,120000506,212349063,2974,116425,0
14:22:51:681,120000503,212376796,2971,114852,0
14:22:51:881,120000503,212359533,2977,116135,0
14:22:52:081,120000500,212174104,2963,120347,0
14:22:52:281,120000430,212496100,2969,113551,0
14:22:52:481,120000504,212249070,2973,117999,0
14:22:52:681,120000500,212393818,2968,115011,0
14:22:52:881,120000449,212283360,2969,117666,0
14:22:53:081,120000515,212070834,2969,122516,0
14:22:53:281,120000444,212396325,2968,114521,0
14:22:53:481,120000510,212292974,2967,117175,0
14:22:53:681,120000510,212253793,2985,118150,0
14:22:53:881,120000515,212266055,2964,119526,0
14:22:54:081,120000436,212346456,2965,115789,0
14:22:54:281,120000510,212143379,2973,121526,0
14:22:54:481,120000509,212289278,2987,118321,0
14:22:54:681,120000500,212477965,2961,113717,0
14:22:54:881,120000509,212231516,2968,117443,0
14:22:55:081,120000289,212520952,2967,111368,0
14:22:55:281,120000516,212302291,2974,116233,0
14:22:55:481,120000452,212432541,2969,115300,0
14:22:55:681,120000515,212263231,2963,119683,0
14:22:55:881,120000452,212467987,2975,113793,0
14:22:56:081,120000509,212194395,2969,120042,0
14:22:56:281,120000458,212205241,2967,119219,0
14:22:56:481,120000514,212330109,2978,115875,0
14:22:56:681,120000509,212174370,2974,120522,0
14:22:56:881,120000516,212422445,2974,114423,0
14:22:57:081,120000503,212254251,2974,118252,0
14:22:57:281,120000509,212244614,2962,118728,0
14:22:57:481,120000503,212284463,2974,117239,0
14:22:57:681,120000511,212434362,2975,113280,0
14:22:57:881,120000506,212202297,2969,119355,0
14:22:58:081,120000445,212322254,2971,117423,0
14:22:58:281,120000510,212309106,2968,117602,0
14:22:58:881,120000452,265122874,403,345,0
14:22:58:881,120000452,265122874,403,345,0
14:22:59:081,120000524,228883177,2158,86102,0
14:22:59:281,120000513,212512506,2976,112136,0
14:22:59:481,120000509,212480306,2977,111966,0
14:22:59:681,120000515,212304631,2980,116576,0
14:22:59:881,120000439,212282263,2969,116394,0
14:23:00:081,120000519,212351469,2967,115245,0
14:23:00:281,120000448,212256468,2959,118234,0
14:23:00:481,120000505,212439274,2970,113900,0
14:23:00:681,120000513,212171448,2974,119972,0
14:23:00:881,120000516,212365012,2968,115702,0
14:23:01:081,120000442,212091888,2961,122094,0
14:23:01:281,120000514,212210619,2971,119802,0
14:23:01:481,120000512,212285888,2978,118410,0
14:23:01:681,120000436,212325375,2964,116753,0
14:23:01:881,120000450,212292326,2960,117580,0
14:23:02:081,120000455,212338800,2977,115423,0
14:23:02:281,120000515,211955479,2974,125577,0
14:23:02:481,120000452,212203624,2967,118709,0
14:23:02:681,120000509,212333110,2968,116426,0
14:23:02:881,120000506,212302601,2978,116673,0
14:23:03:081,120000511,212404859,2974,113632,0
14:23:03:281,120000512,212492731,2977,112623,0
14:23:03:481,120000513,212343006,2957,115905,0
14:23:03:681,120000452,212216788,2967,119062,0
14:23:03:881,120000447,212220307,2985,117019,0
14:23:04:081,120000514,212211686,2969,119319,0
14:23:04:281,120000449,212162241,2962,120402,0
14:23:04:481,120000512,212191844,2967,119150,0
14:23:04:681,120000450,212244824,2971,118625,0
14:23:04:881,120000505,212331101,2969,116747,0
14:23:05:081,120000518,212084783,2977,122712,0
14:23:05:281,120000506,212424428,2974,113090,0
14:23:05:481,120000509,212281428,2974,116044,0
14:23:05:681,120000503,212373361,2972,114564,0
14:23:05:881,120000439,212204959,2969,118543,0
14:23:06:081,120000434,212334801,2970,116687,0
14:23:06:281,120000504,212279557,2975,117732,0
14:23:06:481,120000446,212343730,2974,117846,0
14:23:06:681,120000518,212407470,2968,114084,0
14:23:06:881,120000449,212422605,2967,113084,0
14:23:07:081,120000512,212320287,2967,117236,0
14:23:07:281,120000455,212350365,2966,115590,0
14:23:07:481,120000518,212120535,2971,122034,0
14:23:07:681,120000511,212418071,2979,113930,0
14:23:07:881,120000504,212304593,2969,118401,0
14:23:08:081,120000502,212399326,2975,114087,0
14:23:08:281,120000439,212364545,2968,115179,0
14:23:08:481,120000507,212139762,2968,121482,0
14:23:08:681,120000513,212454946,2979,112525,0
14:23:08:881,120000509,212491191,2972,111685,0
14:23:09:081,120000512,212283832,2981,116056,0
14:23:09:281,120000515,212268047,2962,117349,0
14:23:09:481,120000444,212283504,2961,118748,0
14:23:09:681,120000508,212290007,2964,117575,0
14:23:09:881,120000518,212319346,2978,115048,0
14:23:10:081,120000503,212398304,2962,113400,0
14:23:10:281,120000494,212250510,2968,118588,0
14:23:10:481,120000455,212389022,2970,115949,0
14:23:10:681,120000509,212223529,2967,119422,0
14:23:10:881,120000512,212378884,2986,113915,0
14:23:11:081,120000512,212431472,2963,115790,0
14:23:11:281,120000447,212227012,2971,118598,0
14:23:11:481,120000513,212141117,2966,120104,0
14:23:11:681,120000513,212280142,2977,117842,0
14:23:11:881,120000506,212129031,2961,120981,0
14:23:12:081,120000447,212179976,2965,120101,0
14:23:12:281,120000508,212243963,2968,119069,0
14:23:12:481,120000512,212174948,2977,120737,0
14:23:12:681,120000458,212483422,2968,112102,0
14:23:12:881,120000506,212065233,2962,123342,0
14:23:13:081,120000503,212159774,2983,121235,0
14:23:13:281,120000518,212404963,2965,114396,0
14:23:13:481,120000452,212270362,2972,118346,0
14:23:13:681,120000509,212340771,2967,115101,0
14:23:14:281,120000463,265122901,403,339,0
14:23:14:281,120000463,265122901,403,339,0
14:23:14:481,120000461,237977711,1738,57933,0
14:23:14:681,120000516,212215443,2964,118636,0
14:23:14:881,120000519,212325605,2973,115987,0
14:23:15:081,120000516,212317963,2964,118363,0
14:23:15:281,120000443,212332243,2966,115656,0
14:23:15:481,120000527,212141780,2967,121018,0
14:23:15:681,120000502,212252708,2982,117045,0
14:23:15:881,120000500,212172641,2969,119176,0
14:23:16:081,120000450,212218654,2971,119129,0
14:23:16:281,120000508,212375143,2970,115358,0
14:23:16:481,120000509,212416134,2985,113591,0
14:23:16:681,120000446,212341689,2970,114894,0
14:23:16:881,120000498,212332256,2974,116170,0
14:23:17:081,120000455,212336435,2962,116320,0
14:23:17:281,120000514,212418134,2978,114928,0
14:23:17:481,120000440,212324860,2959,117252,0
14:23:17:681,120000506,212394890,2964,114873,0
14:23:17:881,120000504,212299474,2974,116433,0
14:23:18:081,120000500,212327360,2960,117226,0
14:23:18:281,120000449,212221517,2972,118769,0
14:23:18:481,120000514,212136821,2969,120362,0
14:23:18:681,120000513,212310847,2981,115122,0
14:23:18:881,120000508,212156091,2962,120852,0
14:23:19:081,120000437,212223210,2963,119729,0
14:23:19:281,120000434,212363173,2974,114672,0
14:23:19:481,120000504,212325197,2970,116398,0
14:23:19:681,120000442,212217490,2972,118242,0
14:23:19:881,120000506,212445216,2970,113360,0
14:23:20:081,120000440,212295825,2967,117121,0
14:23:20:281,120000504,212028546,2965,123001,0
14:23:20:481,120000447,212170320,2968,119872,0
14:23:20:681,120000514,212266034,2973,117337,0
14:23:20:881,120000433,212464587,2961,112241,0
14:23:21:081,120000504,212391710,2974,113569,0
14:23:21:281,120000509,212432940,2967,115892,0
14:23:21:481,120000449,212266498,2969,118315,0
14:23:21:681,120000517,212268292,2971,116987,0
14:23:21:881,120000450,212335983,2958,114463,0
14:23:22:081,120000512,212313417,2977,116189,0
14:23:22:281,120000512,212352819,2970,114779,0
14:23:22:481,120000509,212350085,2966,115197,0
14:23:22:681,120000500,212206712,2977,119569,0
14:23:22:881,120000509,212313011,2966,116749,0
14:23:23:081,120000441,212394577,2964,113908,0
14:23:23:281,120000513,212359945,2967,115025,0
14:23:23:481,120000507,212398670,2972,116622,0
14:23:23:681,120000450,212447351,2974,112429,0
14:23:23:881,120000507,212339452,2967,116232,0
14:23:24:081,120000428,212285636,2973,117425,0
14:23:24:281,120000510,212244509,2968,118713,0
14:23:24:481,120000444,212272695,2971,117566,0
14:23:24:681,120000513,212304823,2973,117525,0
14:23:24:881,120000447,212121228,2968,120866,0
14:23:25:081,120000503,212393998,2970,115436,0
14:23:25:281,120000512,212122272,2966,121571,0
14:23:25:481,120000509,212461968,2968,112019,0
14:23:25:681,120000511,212202850,2976,119639,0
14:23:25:881,120000439,212500918,2966,112031,0
14:23:26:081,120000508,212202345,2976,119991,0
14:23:26:281,120000450,212390251,2967,114607,0
14:23:26:481,120000507,212501416,2971,113760,0
14:23:26:681,120000431,212357114,2966,114276,0
14:23:26:881,120000504,212198467,2961,119147,0
14:23:27:081,120000452,212179611,2971,119801,0
14:23:27:281,120000508,212357277,2963,114333,0
14:23:27:481,120000437,212426696,2965,113086,0
14:23:27:681,120000501,212368775,2968,116100,0
14:23:27:881,120000503,212089046,2973,122517,0
14:23:28:081,120000455,212290328,2971,117413,0
14:23:28:281,120000512,212329972,2971,117373,0
14:23:28:481,120000506,212141841,2971,121829,0
14:23:28:681,120000506,212144621,2975,120516,0
14:23:28:881,120000442,212085119,2961,123091,0
14:23:29:081,120000501,212244847,2969,117833,0
14:23:29:681,120000465,265122336,403,359,0
14:23:29:681,120000465,265122336,403,359,0
14:23:29:881,120000459,246604186,1315,41008,0
14:23:30:081,120000498,212151724,2970,119697,0
14:23:30:281,120000449,212193177,2958,119494,0
14:23:30:481,120000511,212356165,2977,116259,0
14:23:30:681,120000506,212237412,2979,118766,0
14:23:30:881,120000526,212418359,2972,115063,0
14:23:31:081,120000510,212306848,2984,116291,0
14:23:31:281,120000503,212344404,2961,116420,0
14:23:31:481,120000516,212409075,2975,113660,0
14:23:31:681,120000514,212219989,2964,118831,0
14:23:31:881,120000508,212212085,2969,119224,0
14:23:32:081,120000448,212277020,2971,118570,0
14:23:32:281,120000508,212641679,2972,108635,0
14:23:32:481,120000515,212446078,2975,113432,0
14:23:32:681,120000506,212161561,2970,120648,0
14:23:32:881,120000450,212451577,2965,113363,0
14:23:33:081,120000508,212360264,2975,116847,0
14:23:33:281,120000447,212386474,2968,114251,0
14:23:33:481,120000514,212227227,2971,119240,0
14:23:33:681,120000506,212251574,2985,117962,0
14:23:33:881,120000512,212507462,2964,112540,0
14:23:34:081,120000503,212017688,2963,123821,0
14:23:34:281,120000506,212256745,2982,118409,0
14:23:34:481,120000506,212436215,2959,113852,0
14:23:34:681,120000452,212404792,2971,114517,0
14:23:34:881,120000518,212249400,2973,118011,0
14:23:35:081,120000449,212335472,2967,115750,0
14:23:35:281,120000517,212151223,2972,120037,0
14:23:35:481,120000507,212203183,2980,119919,0
14:23:35:681,120000514,212208716,2970,119348,0
14:23:35:881,120000453,212405781,2963,114546,0
14:23:36:081,120000514,212356192,2972,114848,0
14:23:36:281,120000513,212314550,2978,116928,0
14:23:36:481,120000511,212473032,2978,113445,0
14:23:36:681,120000504,212367515,2972,115252,0
14:23:36:881,120000433,212470141,2959,113437,0
14:23:37:081,120000510,212252129,2966,118727,0
14:23:37:281,120000452,212443891,2965,115276,0
14:23:37:481,120000509,212163510,2969,120860,0
14:23:37:681,120000512,212225974,2982,119101,0
14:23:37:881,120000512,212136241,2964,121027,0
14:23:38:081,120000509,212222172,2974,119417,0
14:23:38:281,120000503,212139997,2970,120354,0
14:23:38:481,120000515,212272682,2977,118002,0
14:23:38:681,120000439,212417888,2962,113336,0
14:23:38:881,120000444,212302456,2972,116885,0
14:23:39:081,120000449,212392170,2967,115762,0
14:23:39:481,120000445,212408739,2962,112636,0
14:23:39:681,120000502,212262063,2963,117144,0
14:23:39:881,120000443,212342632,2965,116802,0
14:23:40:081,120000508,212426128,2977,113588,0
14:23:40:281,120000515,212365658,2969,114906,0
14:23:40:481,120000507,212242799,2964,118571,0
14:23:40:682,120000449,212109546,2972,123396,0
14:23:40:882,120000460,212214774,2972,119558,0
14:23:41:082,120000457,212552914,2960,111965,0
14:23:41:282,120000514,212346899,2975,114929,0
14:23:41:482,120000507,212275486,2969,116890,0
14:23:41:682,120000450,212356720,2969,115282,0
14:23:41:882,120000502,212244236,2985,119219,0
14:23:42:082,120000452,212240543,2962,118052,0
14:23:42:282,120000512,212196158,2977,118998,0
14:23:42:482,120000509,212512206,2970,112566,0
14:23:42:682,120000514,212221704,2968,118583,0
14:23:42:882,120000501,212119923,2970,121388,0
14:23:43:082,120000511,212344235,2970,116774,0
14:23:43:282,120000513,212528083,2980,111107,0
14:23:43:482,120000506,212342341,2984,115497,0
14:23:43:682,120000518,212443955,2966,113747,0
14:23:43:882,120000441,212375074,2965,114749,0
14:23:44:082,120000513,212283649,2966,117234,0
14:23:44:282,120000440,212225410,2970,120288,0
14:23:44:482,120000506,212173574,2971,121298,0
14:23:44:682,120000513,212386093,2968,115450,0
14:23:45:082,120000463,265122228,404,350,0
14:23:45:282,120000513,255621408,889,20230,0
14:23:45:482,120000510,212161080,2966,119441,0
14:23:45:682,120000447,212228162,2970,118796,0
14:23:45:882,120000508,212300820,2965,117206,0
14:23:46:082,120000518,212405831,2982,115033,0
14:23:46:282,120000503,212273169,2959,117707,0
14:23:46:482,120000449,212258886,2963,117751,0
14:23:46:682,120000511,212364829,2975,115928,0
14:23:46:882,120000518,212156978,2970,120048,0
14:23:47:082,120000515,212543671,2969,110441,0
14:23:47:282,120000508,212356588,2970,114901,0
14:23:47:482,120000444,212301816,2963,117065,0
14:23:47:682,120000448,212172384,2960,121223,0
14:23:47:882,120000449,212295725,2978,116735,0
14:23:48:082,120000518,212243046,2977,118664,0
14:23:48:282,120000503,212422701,2969,114490,0
14:23:48:482,120000497,212454070,2970,113276,0
14:23:48:682,120000500,212527998,2975,110146,0
14:23:48:882,120000514,212260529,2972,118307,0
14:23:49:082,120000510,212545362,2971,111954,0
14:23:49:282,120000508,212348028,2958,114226,0
14:23:49:482,120000445,212300542,2972,118760,0
14:23:49:682,120000514,212245527,2973,116627,0
14:23:49:882,120000512,212515488,2967,110086,0
14:23:50:082,120000509,212381619,2977,116119,0
14:23:50:282,120000500,212205915,2960,119326,0
14:23:50:482,120000436,212287673,2961,117804,0
14:23:50:682,120000504,212266240,2972,118240,0
14:23:50:882,120000517,212202710,2985,119368,0
14:23:51:082,120000513,212389801,2965,114241,0
14:23:51:282,120000506,212508743,2975,112283,0
14:23:51:482,120000515,212313443,2969,116904,0
14:23:51:682,120000452,212193970,2973,119052,0
14:23:51:882,120000455,212137864,2970,121133,0
14:23:52:082,120000512,212182970,2971,119365,0
14:23:52:282,120000458,212185462,2963,119377,0
14:23:52:482,120000515,212365898,2961,115154,0
14:23:52:682,120000512,212365777,2979,114797,0
14:23:52:882,120000509,212273741,2965,117888,0
14:23:53:082,120000444,212405359,2965,115280,0
14:23:53:282,120000508,212346905,2969,115882,0
14:23:53:482,120000512,212172162,2973,120964,0
14:23:53:682,120000520,212291799,2961,116982,0
14:23:53:882,120000501,212318649,2976,115410,0
14:23:54:082,120000438,212214907,2969,120053,0
14:23:54:282,120000508,212492020,2968,113303,0
14:23:54:482,120000458,212352830,2969,116259,0
14:23:54:682,120000509,212286760,2968,119582,0
14:23:54:882,120000518,212503415,2971,111635,0
14:23:55:082,120000511,212328496,2969,116040,0
14:23:55:282,120000453,212091952,2973,122380,0
14:23:55:482,120000509,212262379,2972,117539,0
14:23:55:682,120000517,212264947,2970,118084,0
14:23:55:882,120000509,212276964,2965,116894,0
14:23:56:082,120000512,212459007,2977,112184,0
14:23:56:282,120000445,212280958,2957,117326,0
14:23:56:482,120000505,212408237,2967,115268,0
14:23:56:682,120000443,212470656,2976,112436,0
14:23:56:882,120000503,212247482,2969,117791,0
14:23:57:082,120000500,212300714,2985,118705,0
14:23:57:282,120000508,212368911,2961,116598,0
14:23:57:482,120000504,212382798,2973,116256,0
14:23:57:682,120000505,212214461,2963,119023,0
14:23:57:882,120000453,212358107,2966,116015,0
14:23:58:082,120000520,212201529,2968,120547,0
14:23:58:282,120000439,211907342,2967,127319,0
14:23:58:482,120000438,212482485,2983,112780,0
14:23:58:682,120000504,212192563,2972,118872,0
14:23:58:882,120000458,212085766,2969,124053,0
14:23:59:082,120000511,212378709,2964,115368,0
14:23:59:282,120000518,212127453,2979,121287,0
14:23:59:482,120000504,212004177,2967,126680,0
14:23:59:682,120000511,212222350,2975,118719,0
14:23:59:882,120000492,212461822,2970,112264,0
14:24:00:082,120000515,212490100,2972,111938,0
14:24:00:482,120000469,265122543,404,346,0
14:24:00:682,120000440,264309445,452,1979,0
14:24:00:882,120000499,212468563,2972,114740,0
14:24:01:082,120000447,212216943,2967,118784,0
14:24:01:282,120000505,212102901,2961,122524,0
14:24:01:482,120000502,212329312,2984,114903,0
14:24:01:682,120000504,212288291,2976,116728,0
14:24:01:882,120000460,212220953,2972,118728,0
14:24:02:082,120000503,212257079,2967,117885,0
14:24:02:282,120000508,212246490,2975,118913,0
14:24:02:482,120000450,212482523,2962,112278,0
14:24:02:682,120000503,212275250,2974,117576,0
14:24:02:882,120000445,212347769,2973,116098,0
14:24:03:082,120000498,212293169,2966,117066,0
14:24:03:282,120000509,212372876,2977,116266,0
14:24:03:482,120000512,212224800,2971,119021,0
14:24:03:682,120000433,212277462,2968,116474,0
14:24:03:882,120000512,212303597,2976,115844,0
14:24:04:082,120000437,212330419,2966,115961,0
14:24:04:282,120000506,212333796,2968,115257,0
14:24:04:482,120000513,212496471,2985,112446,0
14:24:04:682,120000470,212487363,2967,113793,0
14:24:04:882,120000510,212195767,2975,119374,0
14:24:05:082,120000449,212203203,2965,120089,0
14:24:05:282,120000517,212227800,2967,118365,0
14:24:05:482,120000504,212419494,2977,114787,0
14:24:05:682,120000503,212219031,2968,120080,0
14:24:05:882,120000455,212389464,2966,113917,0
14:24:06:082,120000512,212155034,2972,121177,0
14:24:06:282,120000509,212269247,2967,117229,0
14:24:06:482,120000508,212331778,2965,114722,0
14:24:06:682,120000504,212393666,2971,114753,0
14:24:06:882,120000497,212306512,2958,116407,0
14:24:07:082,120000444,212181542,2970,120045,0
14:24:07:282,120000505,212303759,2978,116561,0
14:24:07:482,120000505,212194860,2974,120640,0
14:24:07:682,120000453,212406702,2960,113976,0
14:24:07:882,120000509,212401849,2974,114092,0
14:24:08:082,120000430,212324929,2968,116067,0
14:24:08:282,120000510,212447757,2971,113778,0
14:24:08:482,120000444,212352883,2966,116616,0
14:24:08:682,120000508,212413315,2970,113421,0
14:24:08:882,120000517,212403764,2986,115625,0
14:24:09:082,120000510,212410968,2969,115112,0
14:24:09:282,120000512,212302067,2984,116566,0
14:24:09:482,120000452,212551018,2964,110623,0
14:24:09:682,120000511,212281929,2967,117402,0
14:24:09:882,120000436,212371275,2961,116944,0
14:24:10:082,120000508,212306034,2972,117578,0
14:24:10:282,120000506,212230499,2971,119144,0
14:24:10:482,120000509,212385833,2972,115832,0
14:24:10:682,120000517,212456618,2986,113130,0
14:24:10:882,120000504,212434183,2967,112564,0
14:24:11:082,120000506,212356531,2969,114913,0
14:24:11:282,120000503,212364215,2967,115583,0
14:24:11:482,120000505,212168923,2978,121075,0
14:24:11:682,120000450,212487170,2977,112620,0
14:24:11:882,120000503,212276665,2963,117535,0
14:24:12:082,120000517,212403416,2977,114936,0
14:24:12:282,120000507,212425882,2963,114563,0
14:24:12:482,120000509,212377876,2972,113838,0
14:24:12:682,120000500,212407450,2976,114218,0
14:24:12:882,120000430,212329750,2962,117240,0
14:24:13:082,120000510,212305445,2983,117262,0
14:24:13:282,120000509,212262381,2972,118310,0
14:24:13:482,120000509,212280265,2967,117322,0
14:24:13:682,120000512,212360674,2978,115919,0
14:24:13:882,120000450,212145725,2963,120042,0
14:24:14:082,120000511,212290661,2974,118873,0
14:24:14:282,120000511,212430172,2981,112996,0
14:24:14:482,120000507,212301196,2963,116194,0
14:24:14:682,120000458,212278789,2971,118069,0
14:24:14:882,120000506,212530745,2969,112131,0
14:24:15:082,120000449,212274082,2968,117056,0
14:24:15:282,120000515,212389378,2968,115762,0
14:24:15:482,120000444,212414723,2964,112749,0
14:24:16:082,120000448,265122503,403,345,0
14:24:16:082,120000448,265122503,403,345,0
14:24:16:282,120000523,220111064,2593,102044,0
14:24:16:482,120000457,212406153,2969,114007,0
14:24:16:682,120000514,212329724,2973,115873,0
14:24:16:882,120000513,212351055,2982,115412,0
14:24:17:082,120000506,212271816,2964,117209,0
14:24:17:282,120000471,212019521,2969,124871,0
14:24:17:482,120000510,212423242,2967,112577,0
14:24:17:682,120000506,212342114,2975,116766,0
14:24:17:882,120000456,212372573,2969,115057,0
14:24:18:082,120000511,212160117,2981,120043,0
14:24:18:282,120000503,212105073,2968,122027,0
14:24:18:482,120000506,212277333,2967,117221,0
14:24:18:682,120000452,212278512,2966,118422,0
14:24:18:882,120000512,212289490,2973,117079,0
14:24:19:082,120000515,212193189,2976,118524,0
14:24:19:282,120000511,212394950,2968,115080,0
14:24:19:482,120000515,212339935,2988,115480,0
14:24:19:682,120000509,212110782,2967,122617,0
14:24:19:882,120000453,212412607,2969,113411,0
14:24:20:082,120000455,212212585,2975,119387,0
14:24:20:282,120000514,212260180,2967,116879,0
14:24:20:482,120000453,212405526,2958,114163,0
14:24:20:682,120000506,212303767,2967,116562,0
14:24:20:882,120000433,212437970,2962,113459,0
14:24:21:082,120000504,212393771,2971,114345,0
14:24:21:282,120000506,212217385,2976,118765,0
14:24:21:482,120000508,212202523,2960,119164,0
14:24:21:682,120000510,212386984,2977,115255,0
14:24:21:882,120000518,212262748,2963,118576,0
14:24:22:082,120000446,212432699,2974,113589,0
14:24:22:282,120000433,212458345,2971,114455,0
14:24:22:482,120000509,212408675,2971,114767,0
14:24:22:682,120000510,212173368,2980,121316,0
14:24:22:882,120000517,212258456,2958,118672,0
14:24:23:082,120000441,212199286,2963,119648,0
14:24:23:282,120000511,212496392,2966,113286,0
14:24:23:482,120000437,212417001,2964,114971,0
14:24:23:682,120000504,212177901,2965,119662,0
14:24:23:882,120000520,212363187,2968,115918,0
14:24:24:082,120000506,212366344,2964,114895,0
14:24:24:282,120000453,212303321,2966,117244,0
14:24:24:482,120000455,212538622,2967,111113,0
14:24:24:682,120000518,212204556,2962,119539,0
14:24:24:882,120000452,212495239,2978,112296,0
14:24:25:082,120000503,212161594,2972,120188,0
14:24:25:282,120000452,212274153,2967,116725,0
14:24:25:482,120000512,212460989,2968,112260,0
14:24:25:682,120000442,212210480,2966,118758,0
14:24:25:882,120000501,212326387,2967,116373,0
14:24:26:082,120000512,212413904,2995,115166,0
14:24:26:282,120000515,212473525,2969,112764,0
14:24:26:482,120000509,212304809,2989,117990,0
14:24:26:682,120000455,212247164,2963,117815,0
14:24:26:882,120000509,211984998,2963,126018,0
14:24:27:082,120000433,212166652,2967,119876,0
14:24:27:282,120000506,212314815,2974,116721,0
14:24:27:482,120000507,212146921,2972,120666,0
14:24:27:682,120000502,212199485,2966,120017,0
14:24:27:882,120000428,212365111,2959,114608,0
14:24:28:082,120000501,212092068,2973,122017,0
14:24:28:282,120000509,212091237,2984,122099,0
14:24:28:482,120000503,212391885,2961,116045,0
14:24:28:682,120000449,212257166,2972,117918,0
14:24:28:882,120000439,212378442,2972,114580,0
14:24:29:082,120000504,212207178,2964,119533,0
14:24:29:282,120000449,212228744,2965,118903,0
14:24:29:482,120000449,212235774,2959,118468,0
14:24:29:682,120000503,212178178,2983,119632,0
14:24:29:882,120000503,212304818,2968,117216,0
14:24:30:082,120000455,212279633,2966,116772,0
14:24:30:282,120000512,212246170,2964,118824,0
14:24:30:482,120000515,212223362,2974,118311,0
14:24:30:682,120000508,212449770,2965,113707,0
14:24:30:882,120000495,212282933,2968,117235,0
14:24:31:482,120000448,265122453,403,361,0
14:24:31:482,120000448,265122453,403,361,0
14:24:31:682,120000521,229197524,2151,78842,0
14:24:31:882,120000515,212334242,2980,114946,0
14:24:32:082,120000508,212111656,2968,121166,0
14:24:32:282,120000436,212129904,2962,120688,0
14:24:32:482,120000507,212306688,2969,116407,0
14:24:32:682,120000521,212399503,2978,114840,0
14:24:32:882,120000508,212005191,2974,124019,0
14:24:33:082,120000435,212377909,2968,114232,0
14:24:33:282,120000466,212391803,2981,115967,0
14:24:33:482,120000507,212385892,2972,114233,0
14:24:33:682,120000513,212484073,2976,113107,0
14:24:33:882,120000503,212497854,2969,112285,0
14:24:34:082,120000503,212295045,2975,117455,0
14:24:34:282,120000512,212357853,2960,114228,0
14:24:34:482,120000512,212417285,2977,112965,0
14:24:34:682,120000509,212314671,2966,115053,0
14:24:34:882,120000430,212488401,2963,110916,0
14:24:35:082,120000509,212339501,2970,115233,0
14:24:35:282,120000513,212318785,2966,116993,0
14:24:35:482,120000452,212193787,2971,119634,0
14:24:35:682,120000506,212400177,2974,114920,0
14:24:35:882,120000449,212484587,2961,113305,0
14:24:36:082,120000512,212429536,2967,115621,0
14:24:36:282,120000447,212354833,2969,115294,0
14:24:36:482,120000508,212437961,2972,113233,0
14:24:36:682,120000518,212109493,2970,122460,0
14:24:36:882,120000511,212260806,2967,117502,0
14:24:37:082,120000498,212306917,2972,116401,0
14:24:37:282,120000509,212346309,2971,116080,0
14:24:37:482,120000455,212272217,2963,117062,0
14:24:37:682,120000442,212376039,2975,115076,0
14:24:37:882,120000504,212164981,2970,120210,0
14:24:38:082,120000452,212160919,2964,120859,0
14:24:38:282,120000508,212427455,2963,114708,0
14:24:38:482,120000513,212267043,2974,119014,0
14:24:38:682,120000506,212173791,2975,118949,0
14:24:38:882,120000509,212538474,2982,111483,0
14:24:39:082,120000497,212285095,2962,116725,0
14:24:39:282,120000452,212369757,2968,115609,0
14:24:39:482,120000515,212285242,2971,118343,0
14:24:39:682,120000514,212348152,2971,115568,0
14:24:39:882,120000434,212267246,2978,117058,0
14:24:40:082,120000507,212383741,2977,114334,0
14:24:40:282,120000436,212347022,2961,116098,0
14:24:40:482,120000506,212210253,2961,119539,0
14:24:40:682,120000515,212292462,2977,117253,0
14:24:40:882,120000513,212336818,2962,115913,0
14:24:41:082,120000449,212193633,2960,119246,0
14:24:41:282,120000517,212315777,2969,115563,0
14:24:41:482,120000507,212289344,2969,116022,0
14:24:41:682,120000514,212504334,2971,111976,0
14:24:41:882,120000513,212021277,2971,124680,0
14:24:42:082,120000452,212387624,2961,115454,0
14:24:42:282,120000509,212350083,2976,115563,0
14:24:42:482,120000436,212292477,2974,117080,0
14:24:42:682,120000503,212397304,2973,114021,0
14:24:42:882,120000503,212495228,2972,113880,0
14:24:43:082,120000501,212299298,2967,117042,0
14:24:43:282,120000444,212198394,2980,118365,0
14:24:43:482,120000508,212235956,2962,118555,0
14:24:43:682,120000445,212482775,2963,112936,0
14:24:43:882,120000509,212469651,2974,113530,0
14:24:44:082,120000501,212145892,2970,121560,0
14:24:44:282,120000430,212343732,2973,116770,0
14:24:44:482,120000510,212220124,2971,119722,0
14:24:44:682,120000444,212488728,2963,113461,0
14:24:44:882,120000508,212382395,2978,115259,0
14:24:45:082,120000439,212353263,2969,115230,0
14:24:45:282,120000509,212164565,2967,119968,0
14:24:45:482,120000453,212218072,2966,120488,0
14:24:45:682,120000506,212308980,2973,115385,0
14:24:45:882,120000512,212266529,2970,116709,0
14:24:46:082,120000508,212261494,2972,118045,0
14:24:46:282,120000512,212275340,2974,116644,0
14:24:46:882,120000460,265122765,403,355,0
14:24:46:882,120000460,265122765,403,355,0
14:24:47:082,120000510,238000155,1734,58291,0
14:24:47:282,120000512,212328761,2976,116288,0
14:24:47:482,120000508,212170267,2964,120846,0
14:24:47:682,120000512,212392283,2973,113241,0
14:24:47:882,120000512,212511341,2962,112787,0
14:24:48:082,120000522,212464955,2976,113432,0
14:24:48:282,120000453,212206655,2969,119896,0
14:24:48:482,120000506,212303550,2962,117388,0
14:24:48:682,120000522,212245234,2981,117071,0
14:24:48:882,120000511,212276807,2959,116551,0
14:24:49:082,120000436,212309924,2962,116770,0
14:24:49:282,120000507,211945511,2968,126456,0
14:24:49:482,120000450,212222262,2960,119593,0
14:24:49:682,120000505,212294398,2967,115887,0
14:24:49:882,120000515,212377410,2970,114914,0
14:24:50:082,120000515,212342537,2965,115569,0
14:24:50:282,120000506,212393985,2980,115364,0
14:24:50:482,120000455,212301239,2969,117080,0
14:24:50:682,120000509,212320636,2970,116087,0
14:24:50:882,120000446,212423385,2964,114273,0
14:24:51:082,120000500,212203104,2962,119812,0
14:24:51:282,120000438,212134726,2974,122316,0
14:24:51:482,120000508,212296946,2970,117584,0
14:24:51:682,120000458,212489526,2968,113631,0
14:24:51:882,120000509,212341732,2967,116924,0
14:24:52:082,120000450,212329825,2966,115398,0
14:24:52:282,120000502,212222422,2972,118881,0
14:24:52:482,120000512,212461489,2980,112101,0
14:24:52:682,120000433,212352808,2975,116264,0
14:24:52:882,120000504,212459686,2973,112526,0
14:24:53:082,120000446,212189310,2961,119710,0
14:24:53:282,120000506,212192959,2960,119296,0
14:24:53:482,120000508,212302549,2977,117154,0
14:24:53:682,120000516,212282752,2969,117010,0
14:24:53:882,120000433,212306750,2963,116395,0
14:24:54:082,120000512,212394512,2972,114879,0
14:24:54:282,120000434,212374739,2968,113557,0
14:24:54:482,120000504,212393809,2971,115279,0
14:24:54:682,120000518,212310856,2980,116654,0
14:24:54:882,120000506,212433512,2966,113935,0
14:24:55:082,120000509,212175687,2978,120062,0
14:24:55:282,120000449,212284634,2970,116241,0
14:24:55:482,120000455,212434519,2966,113092,0
14:24:55:682,120000455,212346848,2974,114559,0
14:24:55:882,120000515,212471574,2966,111910,0
14:24:56:082,120000512,212197323,2974,118878,0
14:24:56:282,120000512,212390963,2962,115436,0
14:24:56:482,120000512,212417053,2981,114325,0
14:24:56:682,120000503,212342166,2958,115488,0
14:24:56:882,120000503,212146923,2965,122248,0
14:24:57:082,120000512,212330845,2961,116576,0
14:24:57:282,120000515,212334506,2978,115901,0
14:24:57:482,120000452,212262492,2965,116713,0
14:24:57:682,120000447,212267263,2961,117219,0
14:24:57:882,120000508,212315056,2974,117446,0
14:24:58:082,120000517,212243164,2970,118048,0
14:24:58:282,120000453,212263921,2969,117730,0
14:24:58:482,120000515,212231699,2966,117832,0
14:24:58:682,120000512,212400397,2972,115307,0
14:24:58:882,120000503,212349680,2964,115584,0
14:24:59:082,120000509,212406145,2980,113992,0
14:24:59:282,120000508,212304891,2965,116341,0
14:24:59:482,120000507,212371016,2984,116015,0
14:24:59:682,120000438,212537998,2964,110448,0
14:24:59:882,120000508,212290566,2972,118021,0
14:25:00:082,120000450,212381053,2962,113987,0
14:25:00:282,120000508,212534059,2967,111894,0
14:25:00:482,120000479,212247993,2966,117989,0
14:25:00:682,120000509,212442967,2964,114368,0
14:25:00:882,120000518,212365625,2987,115583,0
14:25:01:082,120000508,212436555,2969,115603,0
14:25:01:282,120000507,212303773,2974,115619,0
14:25:01:482,120000505,212435425,2961,112167,0
14:25:01:682,120000504,212371424,2968,113644,0
14:25:02:282,120000467,265123167,403,347,0
14:25:02:282,120000467,265123167,403,347,0
14:25:02:482,120000510,246723654,1312,40175,0
14:25:02:682,120000510,212209474,2978,118432,0
14:25:02:882,120000512,212511785,2970,111553,0
14:25:03:082,120000503,212181766,2973,120299,0
14:25:03:282,120000511,212228173,2965,118870,0
14:25:03:482,120000522,212213894,2981,118566,0
14:25:03:682,120000443,212251092,2968,118905,0
14:25:03:882,120000502,212320630,2970,116421,0
14:25:04:082,120000454,212323433,2963,116065,0
14:25:04:282,120000507,212238700,2965,117208,0
14:25:04:482,120000506,212219879,2988,119965,0
14:25:04:682,120000512,212318030,2962,116323,0
14:25:04:882,120000452,212221142,2970,118266,0
14:25:05:082,120000506,212251323,2964,118356,0
14:25:05:282,120000508,212547179,2975,113345,0
14:25:05:482,120000507,212361638,2971,114396,0
14:25:05:682,120000518,212208147,2983,119051,0
14:25:05:882,120000441,212387191,2959,114405,0
14:25:06:082,120000454,212302450,2960,115894,0
14:25:06:282,120000509,212243162,2972,117384,0
14:25:06:482,120000500,212202614,2970,119839,0
14:25:06:682,120000449,212194900,2961,120132,0
14:25:06:882,120000509,212446116,2968,114760,0
14:25:07:082,120000518,212162137,2970,119750,0
14:25:07:282,120000508,212313380,2969,116718,0
14:25:07:482,120000515,212292441,2977,116834,0
14:25:07:682,120000509,212062400,2966,123251,0
14:25:07:882,120000512,212241462,2975,117722,0
14:25:08:082,120000445,212217119,2963,120239,0
14:25:08:282,120000451,212234774,2962,120409,0
14:25:08:482,120000452,212610458,2970,110645,0
14:25:08:682,120000511,212171459,2964,120041,0
14:25:08:882,120000512,212233022,2983,118767,0
14:25:09:082,120000509,212185148,2962,120454,0
14:25:09:282,120000442,212282742,2966,117607,0
14:25:09:482,120000510,212322692,2971,117595,0
14:25:09:682,120000512,212345945,2987,115421,0
14:25:09:882,120000515,212471943,2966,115311,0
14:25:10:082,120000445,212117898,2963,120411,0
14:25:10:282,120000448,212287201,2980,117671,0
14:25:10:482,120000509,212484244,2971,113624,0
14:25:10:682,120000500,212264853,2981,117387,0
14:25:10:882,120000509,212104902,2963,122672,0
14:25:11:082,120000452,212407402,2965,112665,0
14:25:11:282,120000520,212202503,2963,120152,0
14:25:11:482,120000504,212422691,2974,115261,0
14:25:11:682,120000514,212268357,2964,116707,0
14:25:12:082,120000515,212266787,2966,118148,0
14:25:12:282,120000509,212312458,2970,117252,0
14:25:12:482,120000455,212368832,2978,114752,0
14:25:12:682,120000509,212429371,2975,113595,0
14:25:12:882,120000438,212375771,2974,113893,0
14:25:13:082,120000514,212186949,2972,119222,0
14:25:13:282,120000452,212367525,2971,115799,0
14:25:13:482,120000509,212478262,2971,114267,0
14:25:13:682,120000442,212411999,2965,114136,0
14:25:13:882,120000507,212229086,2970,118151,0
14:25:14:082,120000515,212176628,2981,119965,0
14:25:14:282,120000503,212288165,2964,115990,0
14:25:14:482,120000503,212254832,2973,117854,0
14:25:14:682,120000449,212326033,2981,115224,0
14:25:14:882,120000511,212349647,2966,114903,0
14:25:15:082,120000442,212270058,2964,117078,0
14:25:15:282,120000508,212157794,2969,120625,0
14:25:15:482,120000497,212169364,2978,119616,0
14:25:15:682,120000506,212446382,2969,113937,0
14:25:15:882,120000509,212373930,2978,116316,0
14:25:16:082,120000500,212430878,2970,113886,0
14:25:16:282,120000446,212265127,2973,118062,0
14:25:16:482,120000515,212222873,2976,119051,0
14:25:16:682,120000515,212328143,2978,115654,0
14:25:16:882,120000461,212291717,2978,116383,0
14:25:17:082,120000515,212288540,2977,117053,0
14:25:17:282,120000452,212321100,2970,116420,0
14:25:17:682,120000462,265122788,404,359,0
14:25:17:882,120000514,255325498,882,23400,0
14:25:18:082,120000442,212134701,2971,122086,0
14:25:18:282,120000505,212210004,2965,119567,0
14:25:18:482,120000500,212387386,2971,114440,0
14:25:18:682,120000500,212327428,2971,115233,0
14:25:18:882,120000511,212342221,2975,115248,0
14:25:19:082,120000457,212185723,2966,119138,0
14:25:19:282,120000510,212518641,2976,112207,0
14:25:19:482,120000449,212184472,2968,119467,0
14:25:19:682,120000518,212321317,2963,116529,0
14:25:19:882,120000508,212361790,2983,117105,0
14:25:20:082,120000515,212042243,2962,123481,0
14:25:20:282,120000503,212171881,2968,120977,0
14:25:20:482,120000497,212433160,2971,115233,0
14:25:20:682,120000500,212270561,2977,118631,0
14:25:20:882,120000512,212235005,2961,119150,0
14:25:21:082,120000436,212306025,2966,116050,0
14:25:21:282,120000509,212327769,2975,115402,0
14:25:21:482,120000507,212396404,2967,114084,0
14:25:21:682,120000442,212286680,2973,116570,0
14:25:21:882,120000506,212297504,2973,117083,0
14:25:22:082,120000453,212305969,2962,115616,0
14:25:22:282,120000512,212305028,2961,117540,0
14:25:22:482,120000515,212318648,2980,115734,0
14:25:22:682,120000503,212445556,2965,112594,0
14:25:22:882,120000503,212325429,2975,117599,0
14:25:23:082,120000505,212341941,2960,115928,0
14:25:23:282,120000507,212495594,2971,112958,0
14:25:23:482,120000438,212283705,2968,116546,0
14:25:23:682,120000505,212510474,2967,112281,0
14:25:23:882,120000441,212493059,2965,113621,0
14:25:24:082,120000514,212324797,2971,116030,0
14:25:24:282,120000511,212220355,2986,118755,0
14:25:24:482,120000504,212374197,2965,115747,0
14:25:24:682,120000438,212262866,2963,118275,0
14:25:24:882,120000508,212309514,2972,116846,0
14:25:25:082,120000442,212330049,2965,117663,0
14:25:25:282,120000501,212362657,2964,115185,0
14:25:25:482,120000503,212408489,2977,113229,0
14:25:25:682,120000439,212168156,2963,119380,0
14:25:25:882,120000513,212219084,2989,119314,0
14:25:26:082,120000503,212244106,2981,119127,0
14:25:26:282,120000500,212241694,2971,118730,0
14:25:26:482,120000449,212312302,2966,117772,0
14:25:26:682,120000509,212381354,2963,116242,0
14:25:26:882,120000458,212205535,2973,118894,0
14:25:27:082,120000517,212361154,2968,115736,0
14:25:27:282,120000504,212434837,2978,112107,0
14:25:27:482,120000517,212129926,2971,120678,0
14:25:27:682,120000442,212239395,2967,118722,0
14:25:27:882,120000443,212440116,2981,112089,0
14:25:28:082,120000511,212196614,2969,119623,0
14:25:28:282,120000455,212138325,2972,120096,0
14:25:28:482,120000518,212276156,2972,116508,0
14:25:28:682,120000508,212229010,2978,118442,0
14:25:28:882,120000512,212325817,2967,115516,0
14:25:29:082,120000445,212150606,2971,120112,0
14:25:29:282,120000505,212208931,2968,119166,0
14:25:29:482,120000509,212275405,2974,116543,0
14:25:29:682,120000500,212237954,2962,117717,0
14:25:29:882,120000452,212265324,2964,117388,0
14:25:30:082,120000455,212306877,2967,117408,0
14:25:30:282,120000514,212432088,2966,113863,0
14:25:30:482,120000507,212237929,2981,117983,0
14:25:30:682,120000518,212480345,2964,112580,0
14:25:30:882,120000452,212312178,2971,115218,0
14:25:31:082,120000514,212396558,2970,115433,0
14:25:31:282,120000453,212199153,2965,120220,0
14:25:31:482,120000514,212276371,2964,118728,0
14:25:31:682,120000507,212329742,2980,115481,0
14:25:31:882,120000509,212271479,2968,118349,0
14:25:32:082,120000506,212453162,2967,114111,0
14:25:32:282,120000452,212225196,2969,118716,0
14:25:32:482,120000517,212250651,2971,118912,0
14:25:32:682,120000445,212304602,2978,118098,0
14:25:33:082,120000471,265122977,404,343,0
14:25:33:282,120000521,264382007,447,1842,0
14:25:33:482,120000453,212235178,2973,117933,0
14:25:33:682,120000509,212248196,2967,116863,0
14:25:33:882,120000506,212387867,2980,115690,0
14:25:34:082,120000441,212367952,2977,116350,0
14:25:34:282,120000505,212252839,2972,117902,0
14:25:34:482,120000460,212361252,2967,116086,0
14:25:34:682,120000449,212253991,2967,118394,0
14:25:34:882,120000458,212439679,2984,113439,0
14:25:35:082,120000518,212329625,2969,116924,0
14:25:35:282,120000505,212258141,2979,119478,0
14:25:35:482,120000509,212522649,2965,113427,0
14:25:35:682,120000505,212330466,2972,117086,0
14:25:35:882,120000501,212173752,2962,119205,0
14:25:36:082,120000512,212114062,2980,121365,0
14:25:36:282,120000446,212173308,2969,120057,0
14:25:36:482,120000503,212161503,2971,120706,0
14:25:36:682,120000509,212225534,2989,118563,0
14:25:36:882,120000500,212369474,2965,114897,0
14:25:37:082,120000444,212340015,2968,116450,0
14:25:37:282,120000499,212141729,2966,120423,0
14:25:37:482,120000514,212355394,2975,114150,0
14:25:37:682,120000504,212069143,2967,123150,0
14:25:37:882,120000430,212191794,2962,119196,0
14:25:38:082,120000510,212270894,2964,118074,0
14:25:38:282,120000506,212100325,2977,122263,0
14:25:38:482,120000447,212412625,2972,112748,0
14:25:38:682,120000514,212442077,2970,113264,0
14:25:38:882,120000509,212129020,2973,121664,0
14:25:39:082,120000509,212205597,2973,118640,0
14:25:39:282,120000450,212190461,2964,119075,0
14:25:39:482,120000513,212344040,2975,116343,0
14:25:39:682,120000510,212264824,2984,117786,0
14:25:39:882,120000509,212379595,2968,114529,0
14:25:40:082,120000506,212273766,2978,118240,0
14:25:40:282,120000503,212524587,2972,112437,0
14:25:40:482,120000518,212332718,2977,116273,0
14:25:40:682,120000514,212109795,2970,121357,0
14:25:40:882,120000501,212221345,2970,118646,0
14:25:41:082,120000433,212357558,2961,115819,0
14:25:41:282,120000501,212378815,2968,115075,0
14:25:41:482,120000430,212422746,2962,113813,0
14:25:41:682,120000512,212509635,2967,113137,0
14:25:41:882,120000510,212083502,2970,122173,0
14:25:42:082,120000512,212368293,2967,114909,0
14:25:42:282,120000508,212372598,2977,114741,0
14:25:42:482,120000510,212084824,2971,121679,0
14:25:42:682,120000444,212483277,2964,113611,0
14:25:42:882,120000499,212317381,2982,115911,0
14:25:43:082,120000500,212412311,2972,115449,0
14:25:43:282,120000503,212342997,2987,114914,0
14:25:43:482,120000511,212292602,2962,117730,0
14:25:43:682,120000444,212198904,2968,119559,0
14:25:43:882,120000509,212330833,2980,117433,0
14:25:44:082,120000506,212371263,2973,115640,0
14:25:44:282,120000517,212483543,2967,111863,0
14:25:44:482,120000506,212341585,2983,115570,0
14:25:44:682,120000515,212420943,2961,115078,0
14:25:44:882,120000510,212419684,2969,113937,0
14:25:45:082,120000509,212475176,2962,113107,0
14:25:45:282,120000515,212369880,2975,115582,0
14:25:45:482,120000444,212130343,2965,121197,0
14:25:45:682,120000511,212290316,2973,117854,0
14:25:45:882,120000512,212310965,2985,115939,0
14:25:46:082,120000512,212271578,2968,116851,0
14:25:46:282,120000452,212280832,2961,118057,0
14:25:46:482,120000515,212133097,2966,120506,0
14:25:46:682,120000506,212211292,2977,119234,0
14:25:46:882,120000509,212252016,2966,118001,0
14:25:47:082,120000503,212565053,2983,111122,0
14:25:47:282,120000517,212339328,2962,116079,0
14:25:47:482,120000442,212435603,2970,112933,0
14:25:47:682,120000454,212453177,2973,113424,0
14:25:47:882,120000509,212328490,2967,116080,0
14:25:48:082,120000518,212354746,2981,114419,0
14:25:48:682,120000454,265130308,401,357,0
14:25:48:682,120000454,265130308,401,357,0
14:25:48:882,120000526,219966574,2593,107322,0
14:25:49:082,120000514,212156919,2967,119975,0
14:25:49:282,120000452,212155990,2964,121387,0
14:25:49:482,120000509,212223100,2975,118891,0
14:25:49:682,120000500,212452559,2970,111916,0
14:25:49:882,120000522,212469225,2978,113117,0
14:25:50:082,120000504,212265967,2970,116887,0
14:25:50:282,120000458,212261723,2967,119157,0
14:25:50:482,120000518,212351398,2973,116027,0
14:25:50:682,120000511,212288566,2966,116150,0
14:25:50:882,120000512,212194793,2970,118373,0
14:25:51:082,120000512,212286781,2976,117054,0
14:25:51:282,120000509,212277746,2963,116720,0
14:25:51:482,120000444,212386681,2962,113996,0
14:25:51:682,120000454,212042989,2968,122748,0
14:25:51:882,120000512,212340562,2971,114899,0
14:25:52:082,120000447,212261623,2962,117392,0
14:25:52:282,120000508,212513601,2968,112627,0
14:25:52:482,120000455,212274464,2969,117402,0
14:25:52:682,120000518,212438310,2963,113254,0
14:25:52:882,120000503,212336582,2983,114904,0
14:25:53:082,120000502,212289199,2975,118405,0
14:25:53:282,120000498,212462150,2975,112968,0
14:25:53:482,120000508,212405216,2965,115251,0
14:25:53:682,120000437,212291774,2964,117923,0
14:25:53:882,120000439,212239380,2971,118389,0
14:25:54:082,120000508,212447272,2963,112421,0
14:25:54:282,120000455,212121392,2971,122236,0
14:25:54:482,120000506,212325576,2967,115874,0
14:25:54:682,120000436,212473173,2961,112604,0
14:25:54:882,120000501,212353421,2967,115577,0
14:25:55:082,120000449,212397698,2961,114141,0
14:25:55:282,120000515,212292237,2969,117985,0
14:25:55:482,120000503,212393680,2977,114495,0
14:25:55:682,120000500,212169265,2970,122005,0
14:25:55:882,120000509,212451401,2979,112841,0
14:25:56:082,120000444,212279980,2971,117998,0
14:25:56:282,120000454,212415824,2959,114608,0
14:25:56:482,120000515,212237463,2974,118247,0
14:25:56:682,120000511,212372367,2967,115896,0
14:25:56:882,120000450,212244676,2977,118056,0
14:25:57:082,120000500,212463111,2966,112925,0
14:25:57:282,120000438,212458268,2977,111983,0
14:25:57:482,120000508,212469646,2967,113681,0
14:25:57:682,120000442,212192248,2966,118940,0
14:25:57:882,120000510,212453960,2971,113710,0
14:25:58:082,120000512,212259169,2973,118474,0
14:25:58:282,120000433,212384403,2974,114657,0
14:25:58:482,120000509,212274368,2971,118089,0
14:25:58:682,120000445,212191708,2972,119200,0
14:25:58:882,120000510,212448541,2967,112691,0
14:25:59:082,120000442,212523467,2974,110821,0
14:25:59:282,120000505,212235693,2966,118561,0
14:25:59:482,120000506,212360599,2977,117272,0
14:25:59:682,120000518,212454850,2969,113783,0
14:25:59:882,120000512,212409691,2968,113990,0
14:26:00:082,120000509,212312237,2978,116863,0
14:26:00:282,120000441,212240850,2959,118402,0
14:26:00:482,120000457,212179110,2973,119895,0
14:26:00:682,120000506,212336256,2969,114990,0
14:26:00:882,120000433,212191944,2965,119642,0
14:26:01:082,120000509,212112894,2967,122013,0
14:26:01:282,120000513,212382657,2982,114764,0
14:26:01:482,120000508,212473922,2962,112604,0
14:26:01:682,120000507,212298792,2983,117393,0
14:26:01:882,120000508,212357625,2968,114906,0
14:26:02:082,120000453,212412302,2965,114085,0
14:26:02:282,120000515,212171439,2971,119543,0
14:26:02:482,120000508,212233751,2974,118560,0
14:26:02:682,120000445,212349070,2976,115564,0
14:26:02:882,120000446,212166537,2967,120467,0
14:26:03:082,120000454,212306553,2978,118171,0
14:26:03:282,120000509,212293058,2981,117558,0
14:26:03:482,120000458,212257453,2980,119615,0
14:26:04:082,120000445,265130114,401,343,0
14:26:04:082,120000445,265130114,401,343,0
14:26:04:282,120000520,229121010,2172,77759,0
14:26:04:482,120000507,212388635,2969,115457,0
14:26:04:682,120000436,212357424,2971,114835,0
14:26:04:882,120000507,212272349,2984,117627,0
14:26:05:082,120000506,212211664,2973,118141,0
14:26:05:282,120000465,212170250,2967,119939,0
14:26:05:482,120000504,212321854,2961,116030,0
14:26:05:682,120000517,212330666,2979,114650,0
14:26:05:882,120000520,212205987,2970,119644,0
14:26:06:082,120000443,212281827,2967,118328,0
14:26:06:282,120000513,212075757,2970,123311,0
14:26:06:482,120000512,212201664,2980,121253,0
14:26:06:682,120000507,212509770,2957,112882,0
14:26:06:882,120000506,212220554,2981,118965,0
14:26:07:082,120000452,212178508,2966,119791,0
14:26:07:282,120000509,212342360,2973,115914,0
14:26:07:482,120000502,212473481,2988,112759,0
14:26:07:682,120000506,212342344,2964,115580,0
14:26:07:882,120000450,212382498,2966,115931,0
14:26:08:082,120000512,212316327,2966,116889,0
14:26:08:282,120000442,212233303,2966,119504,0
14:26:08:482,120000503,212372347,2969,114522,0
14:26:08:682,120000503,212414845,2974,115183,0
14:26:08:882,120000515,212286708,2960,116823,0
14:26:09:082,120000501,212237943,2976,117047,0
14:26:09:282,120000441,212394779,2965,115447,0
14:26:09:482,120000510,212284937,2968,117061,0
14:26:09:682,120000512,212288148,2985,116566,0
14:26:09:882,120000512,212359890,2962,115580,0
14:26:10:082,120000507,212503775,2975,111817,0
14:26:10:282,120000518,212407198,2969,113923,0
14:26:10:482,120000512,212350642,2988,115298,0
14:26:10:682,120000506,212503206,2961,111952,0
14:26:10:882,120000511,212368465,2972,114994,0
14:26:11:082,120000495,212229689,2968,118471,0
14:26:11:282,120000506,212329237,2975,117592,0
14:26:11:482,120000517,212296340,2983,116478,0
14:26:11:682,120000509,212362092,2970,115235,0
14:26:11:882,120000453,212357629,2966,115077,0
14:26:12:082,120000511,212407778,2966,113692,0
14:26:12:282,120000428,212316833,2959,117642,0
14:26:12:482,120000504,212133987,2974,120989,0
14:26:12:682,120000500,212398812,2981,114171,0
14:26:12:882,120000506,212450506,2971,113343,0
14:26:13:082,120000506,212461087,2975,112765,0
14:26:13:282,120000506,212380926,2964,115940,0
14:26:13:482,120000514,211989334,2967,124851,0
14:26:13:682,120000447,212340204,2969,114559,0
14:26:13:882,120000509,212269199,2969,118074,0
14:26:14:082,120000441,212191474,2964,119549,0
14:26:14:282,120000508,212236372,2970,118145,0
14:26:14:482,120000512,212175282,2977,119576,0
14:26:14:682,120000512,212158351,2964,120200,0
14:26:14:882,120000509,212258564,2973,118393,0
14:26:15:082,120000500,212157143,2970,121021,0
14:26:15:282,120000497,212370067,2976,114249,0
14:26:15:482,120000512,212450484,2968,113273,0
14:26:15:682,120000506,212435211,2972,113763,0
14:26:15:882,120000455,212375375,2965,115099,0
14:26:16:082,120000518,212265563,2959,118004,0
14:26:16:282,120000503,212283502,2979,116137,0
14:26:16:482,120000503,212405070,2963,114540,0
14:26:16:682,120000455,212290183,2977,116612,0
14:26:16:882,120000512,212269872,2969,116850,0
14:26:17:082,120000447,212296508,2963,117130,0
14:26:17:282,120000508,212436093,2969,114559,0
14:26:17:482,120000512,212318091,2977,116581,0
14:26:17:682,120000518,212352993,2967,115075,0
14:26:17:882,120000433,212054720,2968,123947,0
14:26:18:082,120000442,212318958,2981,115987,0
14:26:18:282,120000510,212256948,2967,118373,0
14:26:18:482,120000516,212456020,2986,114452,0
14:26:18:682,120000506,212091213,2960,122833,0
14:26:18:882,120000442,212401457,2962,114803,0
14:26:19:482,120000456,265130532,401,360,0
14:26:19:482,120000456,265130532,401,360,0
14:26:19:682,120000518,237532222,1740,65767,0
14:26:19:882,120000456,212029203,2982,124197,0
14:26:20:082,120000515,212289669,2967,117565,0
14:26:20:282,120000449,212358655,2976,115418,0
14:26:20:482,120000508,212319993,2969,118179,0
14:26:20:682,120000520,212328294,2980,116422,0
14:26:20:882,120000504,212491564,2971,112570,0
14:26:21:082,120000444,212240047,2969,118050,0
14:26:21:282,120000519,212336603,2966,115370,0
14:26:21:482,120000446,212337288,2972,116299,0
14:26:21:682,120000512,212113505,2968,121797,0
14:26:21:882,120000515,212288456,2976,119330,0
14:26:22:082,120000441,212250622,2965,119505,0
14:26:22:282,120000508,212298639,2962,117723,0
14:26:22:482,120000449,212182959,2973,119880,0
14:26:22:682,120000515,212268200,2973,117908,0
14:26:22:882,120000452,212244501,2958,117749,0
14:26:23:082,120000512,212209654,2970,119366,0
14:26:23:282,120000506,212314191,2979,115954,0
14:26:23:482,120000509,212342265,2966,115735,0
14:26:23:682,120000444,212329807,2970,116642,0
14:26:23:882,120000505,212479433,2965,112033,0
14:26:24:082,120000443,212365126,2972,116001,0
14:26:24:282,120000503,212230783,2984,119830,0
14:26:24:482,120000508,212372334,2972,114745,0
14:26:24:682,120000450,212300904,2971,116236,0
14:26:24:882,120000515,212249735,2967,117876,0
14:26:25:082,120000436,212278226,2968,117062,0
14:26:25:282,120000509,212387027,2966,115892,0
14:26:25:482,120000507,212332007,2973,114438,0
14:26:25:682,120000512,212312862,2962,116213,0
14:26:25:882,120000455,212294267,2970,116066,0
14:26:26:082,120000509,212284870,2971,117409,0
14:26:26:282,120000449,212435146,2960,113503,0
14:26:26:482,120000455,212377440,2969,114084,0
14:26:26:682,120000518,212381540,2966,114917,0
14:26:26:882,120000506,212307368,2992,116417,0
14:26:27:082,120000515,212355667,2969,115903,0
14:26:27:282,120000444,212318794,2971,116384,0
14:26:27:482,120000508,212403783,2974,116584,0
14:26:27:682,120000509,212077318,2973,123405,0
14:26:27:882,120000505,212277979,2962,117400,0
14:26:28:082,120000512,212426865,2982,113332,0
14:26:28:282,120000512,212209370,2957,119338,0
14:26:28:482,120000512,212168662,2972,120559,0
14:26:28:682,120000507,212070145,2959,124518,0
14:26:28:882,120000509,212103019,2975,122458,0
14:26:29:082,120000441,212513789,2978,111777,0
14:26:29:282,120000499,212264196,2970,117195,0
14:26:29:482,120000449,212207463,2970,118593,0
14:26:29:682,120000508,212335374,2973,116217,0
14:26:29:882,120000504,212197886,2980,120903,0
14:26:30:082,120000509,212641580,2974,108638,0
14:26:30:282,120000433,212452115,2965,113438,0
14:26:30:482,120000512,212441851,2966,113761,0
14:26:30:682,120000504,212223911,2974,118558,0
14:26:30:882,120000500,212285378,2965,118249,0
14:26:31:082,120000438,212211262,2967,119394,0
14:26:31:282,120000448,212464678,2973,114291,0
14:26:31:482,120000506,212472197,2964,112947,0
14:26:31:682,120000447,212391357,2971,116124,0
14:26:31:882,120000513,212263481,2969,117495,0
14:26:32:082,120000513,212189976,2983,120598,0
14:26:32:282,120000503,212437650,2964,113580,0
14:26:32:482,120000433,212090933,2965,122298,0
14:26:32:682,120000509,212426916,2971,114525,0
14:26:32:882,120000512,212184602,2977,119632,0
14:26:33:082,120000509,212410058,2960,114432,0
14:26:33:282,120000513,212453038,2972,112262,0
14:26:33:482,120000452,212146275,2974,121374,0
14:26:33:682,120000455,212424721,2966,113938,0
14:26:33:882,120000514,212276096,2980,117427,0
14:26:34:082,120000513,212322465,2973,116064,0
14:26:34:282,120000444,212165002,2973,120043,0
14:26:34:882,120000474,265130551,401,340,0
14:26:34:882,120000474,265130551,401,340,0
14:26:35:082,120000510,246701534,1308,41367,0
14:26:35:282,120000459,211936346,2971,125902,0
14:26:35:482,120000516,212246370,2968,118842,0
14:26:35:682,120000501,212265260,2977,118445,0
14:26:35:882,120000512,212441387,2967,112925,0
14:26:36:082,120000468,212355574,2968,114959,0
14:26:36:282,120000513,212412352,2973,115082,0
14:26:36:482,120000452,212408797,2965,115477,0
14:26:36:682,120000525,212591618,2973,110788,0
14:26:36:882,120000451,212310215,2968,116934,0
14:26:37:082,120000506,212101109,2963,123211,0
14:26:37:282,120000509,212356545,2974,115484,0
14:26:37:482,120000455,212286761,2970,117487,0
14:26:37:683,120000509,212268449,2967,117163,0
14:26:37:883,120000446,212407354,2963,114291,0
14:26:38:083,120000517,212326019,2966,117439,0
14:26:38:283,120000513,212173046,2977,119733,0
14:26:38:483,120000503,212609741,2965,111066,0
14:26:38:683,120000500,212297115,2978,117129,0
14:26:38:883,120000503,212284087,2956,117348,0
14:26:39:083,120000449,212227660,2967,118536,0
14:26:39:283,120000506,212112655,2965,121712,0
14:26:39:483,120000518,212277973,2976,117562,0
14:26:39:683,120000441,212385884,2958,114758,0
14:26:39:883,120000513,212201459,2971,120243,0
14:26:40:083,120000507,212379803,2977,114587,0
14:26:40:283,120000509,212154625,2972,119648,0
14:26:40:483,120000449,212368400,2964,114793,0
14:26:40:683,120000515,212382279,2966,115274,0
14:26:40:883,120000441,212463166,2966,113333,0
14:26:41:083,120000511,212252691,2973,118531,0
14:26:41:283,120000506,212455204,2972,113106,0
14:26:41:483,120000509,212238484,2973,118220,0
14:26:41:683,120000508,212320447,2976,115044,0
14:26:41:883,120000441,212482298,2963,113433,0
14:26:42:083,120000508,212476783,2964,112880,0
14:26:42:283,120000437,212230314,2965,118788,0
14:26:42:483,120000504,212317241,2973,115147,0
14:26:42:683,120000514,212376751,2978,114819,0
14:26:42:883,120000509,212188052,2974,119285,0
14:26:43:083,120000441,212179897,2958,120069,0
14:26:43:283,120000508,212157544,2972,120855,0
14:26:43:483,120000507,212360357,2977,115240,0
14:26:43:683,120000514,212394239,2966,113744,0
14:26:43:883,120000512,212351038,2974,114738,0
14:26:44:083,120000453,212245928,2962,118055,0
14:26:44:283,120000515,212048673,2965,123854,0
14:26:44:683,120000438,212188983,2962,119695,0
14:26:44:883,120000510,212347619,2975,115246,0
14:26:45:083,120000506,212377459,2964,114229,0
14:26:45:283,120000509,212294251,2974,117952,0
14:26:45:483,120000502,212462763,2963,113064,0
14:26:45:683,120000436,212177133,2962,120568,0
14:26:45:883,120000508,212321966,2964,115896,0
14:26:46:083,120000505,212389977,2965,114245,0
14:26:46:283,120000445,212364727,2968,115422,0
14:26:46:483,120000505,212439900,2969,112357,0
14:26:46:683,120000449,212359582,2970,116184,0
14:26:46:883,120000509,212279318,2974,117208,0
14:26:47:083,120000442,212279916,2961,118444,0
14:26:47:283,120000509,212330704,2967,116868,0
14:26:47:483,120000504,212145861,2980,121728,0
14:26:47:683,120000509,212459805,2965,112432,0
14:26:47:883,120000509,212335630,2976,116418,0
14:26:48:083,120000506,212449321,2963,113603,0
14:26:48:283,120000446,212170958,2966,120804,0
14:26:48:483,120000445,212395071,2971,114332,0
14:26:48:683,120000504,212398273,2973,114427,0
14:26:48:883,120000512,212302444,2981,116891,0
14:26:49:083,120000506,212077820,2966,122666,0
14:26:49:283,120000452,212501833,2961,111588,0
14:26:49:483,120000506,212252812,2975,117345,0
14:26:49:683,120000511,212323328,2989,116792,0
14:26:49:883,120000504,212464431,2965,113711,0
14:26:50:283,120000477,265130524,402,350,0
14:26:50:483,120000519,255389299,885,23223,0
14:26:50:683,120000447,212224731,2963,118140,0
14:26:50:883,120000512,212287236,2967,115387,0
14:26:51:083,120000447,212409549,2970,114081,0
14:26:51:283,120000513,212587790,2964,110411,0
14:26:51:483,120000442,212220531,2970,118646,0
14:26:51:683,120000524,212165335,2967,120118,0
14:26:51:883,120000515,212381139,2971,114921,0
14:26:52:083,120000507,212308876,2961,116176,0
14:26:52:283,120000467,212415645,2970,113918,0
14:26:52:483,120000502,212214917,2966,118629,0
14:26:52:683,120000512,212226342,2974,119237,0
14:26:52:883,120000439,212155951,2963,120564,0
14:26:53:083,120000510,212065807,2967,123468,0
14:26:53:283,120000433,212291710,2969,116392,0
14:26:53:483,120000513,212380711,2972,115930,0
14:26:53:683,120000444,212260116,2971,118050,0
14:26:53:883,120000511,212371413,2980,115572,0
14:26:54:083,120000512,212370576,2983,114312,0
14:26:54:283,120000512,212205309,2961,119641,0
14:26:54:483,120000506,212352660,2975,114478,0
14:26:54:683,120000506,212241775,2958,118991,0
14:26:54:883,120000433,212406494,2961,114011,0
14:26:55:083,120000442,212341762,2974,116650,0
14:26:55:283,120000514,212364342,2970,116097,0
14:26:55:483,120000444,212079462,2968,123728,0
14:26:55:683,120000508,212439590,2966,112678,0
14:26:55:883,120000455,212257423,2962,117928,0
14:26:56:083,120000509,212226926,2965,119055,0
14:26:56:283,120000508,212545732,2983,111855,0
14:26:56:483,120000504,212426941,2961,115556,0
14:26:56:683,120000509,212513708,2974,110345,0
14:26:56:883,120000509,212385136,2963,114155,0
14:26:57:083,120000509,212296268,2976,116213,0
14:26:57:283,120000439,212333605,2966,116588,0
14:26:57:483,120000509,212173573,2966,119516,0
14:26:57:683,120000509,212307627,2982,116410,0
14:26:57:883,120000507,212421956,2972,115044,0
14:26:58:083,120000503,212447100,2976,113140,0
14:26:58:283,120000506,212372361,2962,115938,0
14:26:58:483,120000452,212270933,2963,117786,0
14:26:58:683,120000511,212145325,2967,120129,0
14:26:58:883,120000510,212145490,2981,121296,0
14:26:59:083,120000512,212520510,2963,112194,0
14:26:59:283,120000509,212229340,2975,118061,0
14:26:59:483,120000438,212496651,2972,113123,0
14:26:59:683,120000508,212475321,2969,112942,0
14:26:59:883,120000450,212305167,2961,116248,0
14:27:00:083,120000505,212221506,2970,119025,0
14:27:00:283,120000503,212467741,2975,112096,0
14:27:00:483,120000506,212265502,2969,117053,0
14:27:00:683,120000508,212426871,2978,114491,0
14:27:00:883,120000513,212259853,2972,119513,0
14:27:01:083,120000506,212212581,2970,118092,0
14:27:01:283,120000517,212504779,2976,112613,0
14:27:01:483,120000507,212333216,2975,116079,0
14:27:01:683,120000458,212019074,2969,123683,0
14:27:01:883,120000515,212128680,2973,121373,0
14:27:02:083,120000506,212251858,2985,119062,0
14:27:02:283,120000509,212465541,2968,113956,0
14:27:02:483,120000503,212422689,2971,113929,0
14:27:02:683,120000514,212328303,2963,116710,0
14:27:02:883,120000437,212271793,2976,117485,0
14:27:03:083,120000510,212217251,2962,119812,0
14:27:03:283,120000509,212306972,2980,116059,0
14:27:03:483,120000515,212155548,2963,119861,0
14:27:03:683,120000441,212267653,2970,117997,0
14:27:03:883,120000441,212213505,2973,119740,0
14:27:04:083,120000439,212017452,2973,124676,0
14:27:04:283,120000443,212409217,2982,114109,0
14:27:04:483,120000508,212384449,2963,113995,0
14:27:04:683,120000518,212350517,2975,115399,0
14:27:04:883,120000508,212295372,2969,118516,0
14:27:05:083,120000445,212219390,2965,120603,0
14:27:05:283,120000514,212210179,2967,118841,0
14:27:05:683,120000469,265130591,402,347,0
14:27:05:883,120000516,264444444,450,1694,0
14:27:06:083,120000431,212084421,2970,122556,0
14:27:06:283,120000506,212360077,2963,114340,0
14:27:06:483,120000509,212399889,2981,114626,0
14:27:06:683,120000510,212307098,2962,116537,0
14:27:06:883,120000512,212439254,2977,114954,0
14:27:07:083,120000519,212373404,2960,114751,0
14:27:07:283,120000442,212412095,2969,113412,0
14:27:07:483,120000514,212321917,2972,115905,0
14:27:07:683,120000463,212452972,2973,112928,0
14:27:07:883,120000444,212391947,2974,115782,0
14:27:08:083,120000502,212252319,2969,118045,0
14:27:08:283,120000507,212392818,2987,114104,0
14:27:08:483,120000509,212410661,2977,114860,0
14:27:08:683,120000444,212276345,2962,117997,0
14:27:08:883,120000508,212276729,2971,118379,0
14:27:09:083,120000512,212274474,2976,118608,0
14:27:09:283,120000517,212307758,2965,117212,0
14:27:09:483,120000509,212417736,2972,113273,0
14:27:09:683,120000504,212377338,2966,115258,0
14:27:09:883,120000449,212262563,2967,117232,0
14:27:10:083,120000455,212225674,2971,119470,0
14:27:10:283,120000518,212390023,2968,113735,0
14:27:10:483,120000508,212358659,2980,114250,0
14:27:10:683,120000513,212332389,2966,114865,0
14:27:10:883,120000452,212347734,2965,115748,0
14:27:11:083,120000515,212467806,2978,112772,0
14:27:11:283,120000452,212192081,2969,119205,0
14:27:11:483,120000509,212496421,2965,113468,0
14:27:11:683,120000503,212327460,2974,116078,0
14:27:11:883,120000509,212189114,2966,119548,0
14:27:12:083,120000433,212002735,2969,125360,0
14:27:12:283,120000506,212335679,2978,115845,0
14:27:12:483,120000507,212384467,2976,114413,0
14:27:12:683,120000446,212289767,2976,117568,0
14:27:12:883,120000517,212245640,2975,117811,0
14:27:13:083,120000447,212549496,2972,112358,0
14:27:13:283,120000503,212271047,2970,117224,0
14:27:13:483,120000517,212310292,2975,116958,0
14:27:13:683,120000507,212296634,2967,116737,0
14:27:13:883,120000511,212205764,2978,119209,0
14:27:14:083,120000498,212328864,2969,116379,0
14:27:14:283,120000503,212268359,2976,116730,0
14:27:14:483,120000452,212397969,2976,115022,0
14:27:14:683,120000503,212299118,2966,117400,0
14:27:14:883,120000518,212479034,2972,111120,0
14:27:15:083,120000511,212418172,2966,112702,0
14:27:15:283,120000450,212321074,2966,116733,0
14:27:15:483,120000514,212376907,2981,113875,0
14:27:15:683,120000515,212660414,2975,108294,0
14:27:15:883,120000504,212475692,2967,113627,0
14:27:16:083,120000508,212359739,2974,116653,0
14:27:16:283,120000504,212378807,2965,115358,0
14:27:16:483,120000446,212404542,2975,115451,0
14:27:16:683,120000512,212336296,2967,116431,0
14:27:16:883,120000509,212271872,2974,119570,0
14:27:17:083,120000446,212104908,2963,122378,0
14:27:17:283,120000514,212328323,2970,116011,0
14:27:17:483,120000450,212380492,2968,115053,0
14:27:17:683,120000506,212162346,2961,120947,0
14:27:17:883,120000515,212308655,2983,117278,0
14:27:18:083,120000506,212353117,2968,115398,0
14:27:18:283,120000458,212194207,2969,119554,0
14:27:18:483,120000506,212436596,2971,112241,0
14:27:18:683,120000508,212228488,2974,118067,0
14:27:18:883,120000504,212192671,2966,120070,0
14:27:19:083,120000509,212513420,2971,110940,0
14:27:19:283,120000433,212278734,2966,117211,0
14:27:19:483,120000507,212470390,2982,114461,0
14:27:19:683,120000455,212252322,2966,117886,0
14:27:19:883,120000515,212301721,2973,117242,0
14:27:20:083,120000503,212490796,2988,112104,0
14:27:20:283,120000511,212276976,2963,118037,0
14:27:20:483,120000504,212392986,2974,114960,0
14:27:20:683,120000500,212259516,2968,117565,0
14:27:21:283,120000451,265130068,401,344,0
14:27:21:283,120000451,265130068,401,344,0
14:27:21:483,120000444,220372656,2584,97370,0
14:27:21:683,120000505,212348736,2967,116738,0
14:27:21:883,120000503,212153029,2976,121906,0
14:27:22:083,120000512,212446993,2969,113224,0
14:27:22:283,120000514,212277904,2977,116641,0
14:27:22:483,120000520,212523160,2965,113564,0
14:27:22:683,120000501,212424345,2977,114628,0
14:27:22:883,120000515,212128895,2967,121546,0
14:27:23:083,120000518,212265297,2986,118489,0
14:27:23:283,120000448,212362894,2971,115770,0
14:27:23:483,120000517,212378233,2971,115931,0
14:27:23:683,120000444,212344072,2963,115934,0
14:27:23:883,120000512,212438403,2976,113870,0
14:27:24:083,120000436,212205950,2967,119927,0
14:27:24:283,120000501,212375688,2968,114918,0
14:27:24:483,120000503,212192995,2986,119116,0
14:27:24:683,120000512,212154902,2966,121144,0
14:27:24:883,120000455,212446477,2968,113087,0
14:27:25:083,120000518,212469611,2966,111428,0
14:27:25:283,120000511,212269195,2967,117986,0
14:27:25:483,120000450,212255680,2971,117640,0
14:27:25:683,120000518,212263470,2969,116803,0
14:27:25:883,120000436,212348698,2968,116136,0
14:27:26:083,120000503,212244443,2976,118186,0
14:27:26:283,120000498,212168292,2974,119302,0
14:27:26:483,120000509,212240506,2965,118178,0
14:27:26:683,120000449,212364780,2969,114943,0
14:27:26:883,120000512,212401621,2964,114193,0
14:27:27:083,120000514,212328101,2973,117285,0
14:27:27:283,120000501,212389739,2979,114590,0
14:27:27:483,120000511,212371332,2976,115003,0
14:27:27:683,120000450,212312370,2966,117429,0
14:27:27:883,120000509,212182572,2974,120728,0
14:27:28:083,120000452,212266488,2972,117902,0
14:27:28:283,120000509,212274917,2971,117058,0
14:27:28:483,120000518,212396205,2981,113443,0
14:27:28:683,120000509,212315520,2962,117731,0
14:27:28:883,120000506,212024124,2970,124512,0
14:27:29:083,120000500,212349038,2961,116416,0
14:27:29:283,120000500,212364208,2974,114735,0
14:27:29:483,120000503,212434670,2971,113785,0
14:27:29:683,120000515,212361850,2972,115419,0
14:27:29:883,120000444,212384561,2964,113925,0
14:27:30:083,120000505,212059330,2970,122841,0
14:27:30:283,120000509,212400988,2973,115114,0
14:27:30:483,120000506,212297971,2972,118092,0
14:27:30:683,120000445,212304248,2958,118638,0
14:27:30:883,120000503,212244552,2966,118200,0
14:27:31:083,120000453,212480654,2971,112943,0
14:27:31:283,120000515,212186579,2967,119385,0
14:27:31:483,120000506,212172353,2980,119941,0
14:27:31:683,120000500,212194693,2962,119981,0
14:27:31:883,120000509,212282513,2976,118160,0
14:27:32:083,120000433,212396192,2980,114841,0
14:27:32:283,120000504,212427678,2968,113262,0
14:27:32:483,120000446,212278664,2966,117495,0
14:27:32:683,120000515,212345850,2970,114559,0
14:27:32:883,120000436,212412921,2967,113414,0
14:27:33:083,120000504,212444632,2964,112257,0
14:27:33:283,120000427,212398889,2966,113127,0
14:27:33:483,120000513,212275247,2967,117335,0
14:27:33:683,120000506,212341519,2974,116665,0
14:27:33:883,120000517,212252785,2962,117144,0
14:27:34:083,120000442,212330858,2961,115074,0
14:27:34:283,120000446,212359186,2974,115081,0
14:27:34:483,120000508,212093827,2973,123193,0
14:27:34:683,120000442,212316548,2964,115885,0
14:27:34:883,120000510,212456056,2964,113079,0
14:27:35:083,120000433,212255516,2970,117311,0
14:27:35:283,120000498,212152672,2965,120978,0
14:27:35:483,120000512,212235496,2981,117578,0
14:27:35:683,120000509,212440478,2963,113103,0
14:27:35:883,120000455,212283869,2962,118149,0
14:27:36:083,120000511,212287213,2974,116996,0
14:27:36:683,120000458,265130322,401,347,0
14:27:36:683,120000458,265130322,401,347,0
14:27:36:883,120000441,229144775,2162,77958,0
14:27:37:083,120000514,212145506,2967,122837,0
14:27:37:283,120000500,212317383,2981,117013,0
14:27:37:483,120000503,212362357,2969,116248,0
14:27:37:683,120000503,212464634,2979,113448,0
14:27:37:883,120000534,212352876,2961,115581,0
14:27:38:083,120000498,212156665,2969,121577,0
14:27:38:283,120000449,212256510,2975,117298,0
14:27:38:483,120000527,212184109,2972,120035,0
14:27:38:683,120000449,212500248,2958,112135,0
14:27:38:883,120000512,212345260,2966,117351,0
14:27:39:083,120000446,212363102,2963,116151,0
14:27:39:283,120000508,212229755,2961,118171,0
14:27:39:483,120000513,212332834,2977,116168,0
14:27:39:683,120000506,212241243,2966,118709,0
14:27:39:883,120000447,212277427,2967,118796,0
14:27:40:083,120000508,212333557,2971,116351,0
14:27:40:283,120000506,212205085,2973,118627,0
14:27:40:483,120000508,212174767,2968,119965,0
14:27:40:683,120000456,212379565,2965,115089,0
14:27:40:883,120000439,212447188,2986,113108,0
14:27:41:083,120000504,212321795,2963,117063,0
14:27:41:283,120000442,212407215,2969,114002,0
14:27:41:483,120000510,212372543,2971,117234,0
14:27:41:683,120000449,212078550,2977,122517,0
14:27:41:883,120000509,212471990,2967,111093,0
14:27:42:083,120000449,212413738,2963,113755,0
14:27:42:283,120000515,212351083,2966,116425,0
14:27:42:483,120000475,212430745,2962,114015,0
14:27:42:683,120000515,212433102,2971,115201,0
14:27:42:883,120000504,212354761,2970,115501,0
14:27:43:083,120000446,212208691,2966,119966,0
14:27:43:283,120000518,212396414,2973,114423,0
14:27:43:483,120000452,212348487,2964,116967,0
14:27:43:683,120000509,212403099,2967,115571,0
14:27:43:883,120000512,212121668,2983,121410,0
14:27:44:083,120000509,212404847,2966,113046,0
14:27:44:283,120000508,212305299,2984,116568,0
14:27:44:483,120000506,212529105,2957,111445,0
14:27:44:683,120000425,212232160,2971,119576,0
14:27:44:883,120000512,212211806,2967,121777,0
14:27:45:083,120000507,212157680,2973,121895,0
14:27:45:283,120000450,212460895,2975,112764,0
14:27:45:483,120000513,212203150,2974,118893,0
14:27:45:683,120000509,212095744,2971,121689,0
14:27:45:883,120000507,212437890,2966,113925,0
14:27:46:083,120000520,212414106,2986,114927,0
14:27:46:283,120000504,212454742,2975,113778,0
14:27:46:483,120000512,212262765,2986,116553,0
14:27:46:683,120000514,212312912,2965,117395,0
14:27:46:883,120000453,212359692,2973,115083,0
14:27:47:083,120000509,212309374,2970,116905,0
14:27:47:283,120000508,212195472,2969,119228,0
14:27:47:483,120000442,212246352,2961,118750,0
14:27:47:683,120000513,212225318,2971,118046,0
14:27:47:883,120000445,212433562,2973,114943,0
14:27:48:083,120000508,212292042,2974,116349,0
14:27:48:283,120000517,212470287,2977,113331,0
14:27:48:483,120000509,212306037,2964,117215,0
14:27:48:683,120000437,212181408,2964,120312,0
14:27:48:883,120000509,212329627,2974,115699,0
14:27:49:083,120000509,212263156,2976,118826,0
14:27:49:283,120000507,212203824,2965,120060,0
14:27:49:483,120000500,212624083,2974,108467,0
14:27:49:683,120000438,212407666,2974,114929,0
14:27:49:883,120000513,212230029,2969,117829,0
14:27:50:083,120000453,212612433,2972,110827,0
14:27:50:283,120000503,212361450,2972,117370,0
14:27:50:483,120000452,212416769,2965,113466,0
14:27:50:683,120000518,212292513,2965,116561,0
14:27:50:883,120000500,212198309,2976,119391,0
14:27:51:083,120000503,212225693,2961,117663,0
14:27:51:283,120000503,212469732,2981,113211,0
14:27:51:483,120000509,212431793,2973,114366,0
14:27:52:083,120000468,265130924,401,340,0
14:27:52:083,120000468,265130924,401,340,0
14:27:52:283,120000462,237944497,1739,57392,0
14:27:52:483,120000510,212264114,2973,117867,0
14:27:52:683,120000438,212493238,2967,113162,0
14:27:52:883,120000496,212446045,2970,113261,0
14:27:53:083,120000497,212309911,2973,116393,0
14:27:53:283,120000525,212566577,2963,109935,0
14:27:53:483,120000512,212060428,2982,123259,0
14:27:53:683,120000445,212369653,2964,115514,0
14:27:53:883,120000457,212272834,2962,117882,0
14:27:54:083,120000454,212339604,2973,115914,0
14:27:54:283,120000509,212466219,2973,112263,0
14:27:54:483,120000518,212357754,2978,115784,0
14:27:54:683,120000511,212359044,2962,116043,0
14:27:54:883,120000447,212292956,2965,117418,0
14:27:55:083,120000500,212238526,2966,119697,0
14:27:55:283,120000508,212331265,2973,115413,0
14:27:55:483,120000513,212320051,2964,116912,0
14:27:55:683,120000500,212354990,2977,114921,0
14:27:55:883,120000452,212389054,2970,114408,0
14:27:56:083,120000503,212238650,2971,117817,0
14:27:56:283,120000452,212266335,2967,117839,0
14:27:56:483,120000512,212310375,2973,116664,0
14:27:56:683,120000509,212338014,2982,114391,0
14:27:56:883,120000500,212214760,2965,118814,0
14:27:57:083,120000446,212313437,2966,116930,0
14:27:57:283,120000518,212349317,2970,114914,0
14:27:57:483,120000452,212463232,2973,113789,0
14:27:57:683,120000509,212302584,2968,116406,0
14:27:57:883,120000514,212136434,2983,121304,0
14:27:58:083,120000456,212337062,2962,114815,0
14:27:58:283,120000455,212354823,2967,114497,0
14:27:58:483,120000455,212525637,2974,110773,0
14:27:58:683,120000509,212174232,2965,119804,0
14:27:58:883,120000503,212355040,2977,116360,0
14:27:59:083,120000514,212427667,2968,114198,0
14:27:59:283,120000437,212172465,2966,119971,0
14:27:59:483,120000510,212345995,2969,116350,0
14:27:59:683,120000506,212067596,2971,123953,0
14:27:59:883,120000509,212404044,2968,115030,0
14:28:00:083,120000446,212272732,2968,118249,0
14:28:00:283,120000430,212311125,2980,117236,0
14:28:00:483,120000510,212268581,2964,117161,0
14:28:00:683,120000452,212310526,2978,117149,0
14:28:00:883,120000509,212458262,2979,112742,0
14:28:01:083,120000500,212432801,2969,112414,0
14:28:01:283,120000508,212179197,2964,121521,0
14:28:01:483,120000450,212435465,2964,113596,0
14:28:01:683,120000514,212438242,2968,112389,0
14:28:01:883,120000437,212331250,2962,116960,0
14:28:02:083,120000504,212150808,2965,122383,0
14:28:02:283,120000506,212348669,2977,114645,0
14:28:02:483,120000452,212292630,2961,117148,0
14:28:02:683,120000447,212396478,2962,115529,0
14:28:02:883,120000514,212251030,2979,117144,0
14:28:03:083,120000506,212195963,2965,119866,0
14:28:03:283,120000512,212542926,2975,112976,0
14:28:03:483,120000515,212433559,2968,113552,0
14:28:03:683,120000444,212386209,2966,113332,0
14:28:03:883,120000508,212276016,2962,116502,0
14:28:04:083,120000458,212500160,2966,112107,0
14:28:04:283,120000515,212625660,2967,108458,0
14:28:04:483,120000444,212218054,2969,119905,0
14:28:04:683,120000510,212415135,2969,113245,0
14:28:04:883,120000453,212441622,2968,113697,0
14:28:05:083,120000455,212115603,2969,121864,0
14:28:05:283,120000515,212368701,2974,115072,0
14:28:05:483,120000442,212210056,2972,120893,0
14:28:05:683,120000501,212333204,2966,117602,0
14:28:05:883,120000503,212265463,2992,118564,0
14:28:06:083,120000511,212457088,2968,114789,0
14:28:06:283,120000507,212460623,2980,114123,0
14:28:06:483,120000506,212415426,2959,113391,0
14:28:06:683,120000512,212205011,2977,119069,0
14:28:06:883,120000451,194879865,1808,281685,0
14:28:07:083,120000451,173439201,1,547387,0
14:28:07:283,120000444,173496243,0,546862,0
14:28:07:483,120000438,173520968,0,545947,0
14:28:07:683,120000437,173541126,1,545808,0
14:28:07:883,120000442,173496790,0,546304,0
14:28:08:083,120000440,173598089,1,543802,0
14:28:08:283,120000449,173595804,0,543641,0
14:28:08:483,120000438,173582075,0,543791,0
14:28:08:683,120000437,173554432,0,544367,0
14:28:08:883,120000447,173592934,0,543641,0
14:28:09:083,120000436,173616857,0,542584,0
14:28:09:283,120000453,173659330,0,541196,0
14:28:09:483,120000441,173818109,1,538489,0
14:28:09:683,120000457,173927666,0,534703,0
14:28:09:883,120000442,173870900,0,535749,0
14:28:10:083,120000450,173872530,1,536431,0
14:28:10:283,120000429,173666091,0,540520,0
14:28:10:483,120000429,173763879,1,538845,0
14:28:10:683,120000434,173743327,0,538799,0
14:28:10:883,120000447,173812047,0,538586,0
14:28:11:083,120000455,173787457,0,537782,0
14:28:11:283,120000445,173822547,0,538410,0
14:28:11:483,120000449,173798950,0,538739,0
14:28:11:683,120000446,173904387,0,536671,0
14:28:11:883,120000430,173873328,0,537749,0
14:28:12:083,120000436,173778981,0,538994,0
14:28:12:283,120000466,173773396,0,540416,0
14:28:12:483,120000466,173746311,0,540019,0
14:28:12:683,120000454,173792147,0,539280,0
14:28:12:883,120000436,173712346,1,539916,0
14:28:13:083,120000450,173727469,0,540650,0
14:28:13:283,120000449,173797872,0,538149,0
14:28:13:483,120000455,173834558,0,537954,0
14:28:13:683,120000442,173964669,0,534753,0
14:28:13:883,120000449,173905245,1,535333,0
14:28:14:083,120000433,173914478,0,535732,0
14:28:14:283,120000465,173956950,0,535632,0
14:28:14:483,120000454,173932954,0,535551,0
14:28:14:683,120000458,173945554,0,535618,0
14:28:14:883,120000438,174064563,1,533735,0
14:28:15:083,120000444,174123749,0,532008,0
14:28:15:283,120000449,174036349,1,533981,0
14:28:15:483,120000441,174063896,0,532716,0
14:28:15:683,120000434,174012122,0,534141,0
14:28:15:883,120000454,174015664,0,533939,0
14:28:16:083,120000450,173895508,0,536564,0
14:28:16:283,120000445,173860845,1,537064,0
14:28:16:483,120000444,173856207,0,537276,0
14:28:16:683,120000435,173782440,0,537877,0
14:28:16:883,120000448,173799340,1,538414,0
14:28:17:283,120000462,173929683,1,534855,0
14:28:17:483,120000466,173948423,0,534439,0
14:28:17:683,120000454,173921121,0,534621,0
14:28:17:883,120000449,173935073,0,534264,0
14:28:18:083,120000450,173885248,0,536204,0
14:28:18:283,120000450,173981784,1,533784,0
14:28:18:483,120000449,174019468,0,532648,0
14:28:18:683,120000441,173975183,0,533836,0
14:28:18:883,120000449,174089460,0,531331,0
14:28:19:083,120000443,174077348,0,531714,0
14:28:19:283,120000440,174003325,0,533220,0
14:28:19:483,120000454,173993819,0,533808,0
14:28:19:683,120000452,173911404,1,535927,0
14:28:19:883,120000450,173985720,0,533522,0
14:28:20:083,120000448,173993712,0,533287,0
14:28:20:283,120000447,173973096,0,533294,0
14:28:20:483,120000443,173952662,0,533945,0
14:28:20:683,120000449,174024943,1,531855,0
14:28:20:883,120000448,173884792,0,534302,0
14:28:21:083,120000443,173757816,1,538366,0
14:28:21:283,120000440,173870167,0,534971,0
14:28:21:483,120000446,173909629,0,533843,0
14:28:21:683,120000454,173852874,1,536199,0
14:28:22:483,120000448,265141789,401,151,0
14:28:22:483,120000448,265141789,401,151,0
14:28:22:483,120000448,265141789,401,151,0
14:28:22:683,120000460,202850033,134,363982,0
14:28:22:883,120000456,174014021,0,532529,0
14:28:23:083,120000440,173912151,0,533781,0
14:28:23:283,120000438,173971420,0,532644,0
14:28:23:483,120000447,173950373,0,534197,0
14:28:23:683,120000444,173973241,0,533517,0
14:28:23:883,120000444,173910908,0,535118,0
14:28:24:083,120000449,173870726,1,535918,0
14:28:24:283,120000438,173939583,0,534977,0
14:28:24:483,120000450,174071034,0,532366,0
14:28:24:683,120000449,174047903,0,533102,0
14:28:24:883,120000449,174072895,0,532887,0
14:28:25:083,120000449,174102343,0,532077,0
14:28:25:283,120000433,173975142,0,534848,0
14:28:25:483,120000445,174026635,1,533376,0
14:28:25:683,120000443,174115462,0,531324,0
14:28:25:883,120000457,174132976,0,531420,0
14:28:26:083,120000434,174145274,0,531223,0
14:28:26:283,120000440,174135877,0,530692,0
14:28:26:483,120000451,174056776,1,532339,0
14:28:26:683,120000449,174122845,0,530828,0
14:28:26:883,120000452,174032577,0,532553,0
14:28:27:083,120000446,174014450,1,533831,0
14:28:27:283,120000446,173918899,0,536892,0
14:28:27:483,120000436,173931411,1,535197,0
14:28:27:683,120000437,173968489,0,534313,0
14:28:27:883,120000445,173942778,1,535122,0
14:28:28:083,120000455,173964431,0,535038,0
14:28:28:283,120000450,173910880,0,536611,0
14:28:28:483,120000436,173872577,1,536889,0
14:28:28:683,120000437,173843954,0,538658,0
14:28:28:883,120000445,173715855,0,540669,0
14:28:29:083,120000435,173769044,0,539972,0
14:28:29:283,120000447,173710027,0,540927,0
14:28:29:483,120000439,173716110,1,541609,0
14:28:29:683,120000457,173744704,1,540431,0
14:28:29:883,120000453,173747071,1,539664,0
14:28:30:083,120000439,173817265,0,538144,0
14:28:30:283,120000452,173844619,0,538582,0
14:28:30:483,120000449,173788319,0,538208,0
14:28:30:683,120000447,173832247,0,538596,0
14:28:30:883,120000448,173850112,0,536496,0
14:28:31:083,120000438,173848948,0,536760,0
14:28:31:283,120000445,173904566,0,535862,0
14:28:31:483,120000449,173713719,0,540388,0
14:28:31:683,120000454,173790183,0,539258,0
14:28:31:883,120000441,173893594,0,535495,0
14:28:32:083,120000455,173963788,0,534677,0
14:28:32:283,120000465,173970962,1,534223,0
14:28:32:483,120000466,174065665,0,531508,0
14:28:32:683,120000466,174032133,0,531891,0
14:28:32:883,120000441,173999299,0,532412,0
14:28:33:083,120000443,173954676,0,533321,0
14:28:33:283,120000449,174022771,1,531793,0
14:28:33:483,120000446,174047189,0,531892,0
14:28:33:683,120000446,173969312,0,534878,0
14:28:33:883,120000447,173870952,0,536835,0
14:28:34:083,120000441,173817333,0,537606,0
14:28:34:283,120000444,173907181,1,535465,0
14:28:34:483,120000452,173896836,0,536547,0
14:28:34:683,120000452,173918526,0,535818,0
14:28:34:883,120000451,173953411,0,535907,0
14:28:35:083,120000449,173903347,0,537290,0
14:28:35:283,120000449,173785292,0,538454,0
14:28:35:483,120000441,173920268,0,536578,0
14:28:35:683,120000446,173869363,0,538263,0
14:28:35:883,120000458,173779020,0,538744,0
14:28:36:083,120000445,173773754,0,539504,0
14:28:36:283,120000449,173770633,0,538101,0
14:28:36:483,120000460,173862670,0,537386,0
14:28:36:683,120000442,173841469,1,536784,0
14:28:36:883,120000453,173785011,0,538660,0
14:28:37:083,120000439,173810117,0,537214,0
14:28:37:283,120000443,173975037,0,533638,0
14:28:37:483,120000432,173947634,0,534972,0
14:28:37:883,120000468,265133805,404,165,0
14:28:38:083,120000448,258405435,376,39730,0
14:28:38:283,120000452,173964360,0,533912,0
14:28:38:483,120000441,173890949,0,536017,0
14:28:38:683,120000449,173975016,0,534177,0
14:28:38:883,120000451,174103683,0,531395,0
14:28:39:083,120000447,174140752,0,529936,0
14:28:39:283,120000459,174073507,0,531522,0
14:28:39:483,120000455,174119959,0,530474,0
14:28:39:683,120000446,174094120,0,531504,0
14:28:39:883,120000460,174171476,0,529165,0
14:28:40:083,120000457,174130752,0,529418,0
14:28:40:283,120000440,174156777,0,529361,0
14:28:40:483,120000466,174106472,0,530677,0
14:28:40:683,120000449,174106971,0,530949,0
14:28:40:883,120000435,174074304,0,531888,0
14:28:41:083,120000445,174129388,1,530955,0
14:28:41:283,120000452,174209983,0,528952,0
14:28:41:483,120000439,174134623,0,530636,0
14:28:41:683,120000456,174073742,0,531356,0
14:28:41:883,120000440,174106774,0,531046,0
14:28:42:083,120000444,174140923,0,529975,0
14:28:42:283,120000457,174043779,0,531848,0
14:28:42:483,120000466,174032504,0,532223,0
14:28:42:683,120000457,174051301,0,532071,0
14:28:42:883,120000438,174063435,0,532285,0
14:28:43:083,120000449,174119859,0,531075,0
14:28:43:283,120000463,174044054,0,532545,0
14:28:43:483,120000440,174063783,1,531988,0
14:28:43:683,120000448,174092415,0,531890,0
14:28:43:883,120000455,174102182,0,531233,0
14:28:44:083,120000441,174068400,0,531631,0
14:28:44:283,120000448,174084485,0,531562,0
14:28:44:483,120000444,174108062,1,531112,0
14:28:44:683,120000432,174016678,0,534017,0
14:28:44:883,120000462,174022686,0,533990,0
14:28:45:083,120000449,173988295,0,534486,0
14:28:45:283,120000446,174130864,0,531463,0
14:28:45:483,120000454,174064422,0,531630,0
14:28:45:683,120000443,174038223,0,532209,0
14:28:45:883,120000453,174085422,1,530747,0
14:28:46:083,120000438,174047111,0,531789,0
14:28:46:283,120000447,173963906,0,533675,0
14:28:46:483,120000449,173937058,0,534293,0
14:28:46:683,120000454,174040847,0,533072,0
14:28:46:883,120000443,173959619,1,534524,0
14:28:47:083,120000449,173893548,0,535698,0
14:28:47:283,120000453,173953718,0,535185,0
14:28:47:483,120000445,173873270,0,536229,0
14:28:47:683,120000457,173852900,0,536422,0
14:28:47:883,120000438,173865614,1,537092,0
14:28:48:083,120000429,173910328,0,536127,0
14:28:48:283,120000453,173871806,0,536859,0
14:28:48:483,120000441,173840141,0,538033,0
14:28:48:683,120000454,173896058,0,535607,0
14:28:48:883,120000450,173972188,1,533814,0
14:28:49:083,120000445,173928108,0,535974,0
14:28:49:283,120000449,173915307,1,535805,0
14:28:49:483,120000451,173916104,0,535055,0
14:28:49:683,120000450,173888914,1,535765,0
14:28:49:883,120000456,173920077,1,535304,0
14:28:50:083,120000449,173979641,0,533098,0
14:28:50:283,120000446,173937736,1,533217,0
14:28:50:483,120000451,173948018,0,533229,0
14:28:50:683,120000448,173947960,0,533692,0
14:28:50:883,120000449,173909027,0,533710,0
14:28:51:083,120000449,173893350,0,533932,0
14:28:51:283,120000438,173909353,1,534030,0
14:28:51:483,120000445,173943005,0,533088,0
14:28:51:683,120000446,173894813,0,534431,0
14:28:51:883,120000449,173868680,0,535758,0
14:28:52:083,120000447,173888925,0,535365,0
14:28:52:283,120000439,173905797,0,533949,0
14:28:52:483,120000450,173962124,0,532755,0
14:28:52:683,120000430,173991008,1,532916,0
14:28:52:883,120000454,174051050,0,531002,0
14:28:53:483,120000451,265133707,403,151,0
14:28:53:483,120000451,265133707,403,151,0
14:28:53:683,120000453,178390600,26,509184,0
14:28:53:883,120000442,173971821,0,532129,0
14:28:54:083,120000442,173926197,0,533230,0
14:28:54:283,120000457,173874159,0,535378,0
14:28:54:483,120000449,173827516,0,536674,0
14:28:54:683,120000448,173897538,1,534430,0
14:28:54:883,120000453,173848253,0,536405,0
14:28:55:083,120000441,173698463,0,539059,0
14:28:55:283,120000448,173812070,0,537010,0
14:28:55:483,120000436,173813205,0,536776,0
14:28:55:683,120000446,173731322,0,539144,0
14:28:55:883,120000443,173777840,0,537400,0
14:28:56:083,120000433,173772583,1,538253,0
14:28:56:283,120000428,173788818,0,536867,0
14:28:56:483,120000453,173754123,1,538048,0
14:28:56:683,120000449,173768615,0,537226,0
14:28:56:883,120000447,173801866,0,537215,0
14:28:57:083,120000450,173962897,1,533237,0
14:28:57:283,120000446,173830429,0,535784,0
14:28:57:483,120000456,173824175,1,536473,0
14:28:57:683,120000454,173960502,0,533105,0
14:28:57:883,120000462,173816969,0,535734,0
14:28:58:083,120000458,173865508,1,535667,0
14:28:58:283,120000441,173880084,0,535114,0
14:28:58:483,120000454,173845118,0,535189,0
14:28:58:683,120000453,173961217,0,533400,0
14:28:58:883,120000438,173928710,0,534108,0
14:28:59:083,120000426,173856285,0,534915,0
14:28:59:283,120000448,173903636,0,534204,0
14:28:59:483,120000454,173945262,1,533387,0
14:28:59:683,120000450,173793178,0,536662,0
14:28:59:883,120000449,173817165,0,537003,0
14:29:00:083,120000441,173858247,0,536236,0
14:29:00:283,120000441,173812680,0,536269,0
14:29:00:483,120000447,173945565,1,533610,0
14:29:00:683,120000436,173970291,0,532752,0
14:29:00:883,120000445,173922558,0,533455,0
14:29:01:083,120000446,173954374,0,532594,0
14:29:01:283,120000432,173903513,0,533815,0
14:29:01:483,120000437,173762625,0,536320,0
14:29:01:683,120000444,173760854,0,537085,0
14:29:01:883,120000439,173736238,0,537105,0
14:29:02:083,120000456,173818422,0,536369,0
14:29:02:283,120000451,173773129,0,536707,0
14:29:02:483,120000449,173819394,0,536107,0
14:29:02:683,120000443,173845124,0,535627,0
14:29:02:883,120000455,173877514,1,534489,0
14:29:03:083,120000444,173812586,0,537277,0
14:29:03:283,120000452,173880229,0,534297,0
14:29:03:483,120000427,173790522,0,536707,0
14:29:03:683,120000447,173806087,0,536697,0
14:29:03:883,120000450,173813984,1,535738,0
14:29:04:083,120000446,173756112,0,538293,0
14:29:04:283,120000434,173833201,0,535755,0
14:29:04:483,120000440,173955787,0,533057,0
14:29:04:683,120000447,173918478,0,534444,0
14:29:04:883,120000444,173876439,0,534471,0
14:29:05:083,120000429,173883586,0,534349,0
14:29:05:283,120000459,173959161,0,533227,0
14:29:05:483,120000445,173880546,0,534528,0
14:29:05:683,120000452,173838096,0,535771,0
14:29:05:883,120000444,173963900,1,533334,0
14:29:06:083,120000448,173953876,0,533399,0
14:29:06:283,120000444,173861571,1,534880,0
14:29:06:483,120000452,173885043,0,534820,0
14:29:06:683,120000448,173879946,0,535043,0
14:29:06:883,120000451,173841708,0,535765,0
14:29:07:083,120000441,173874784,0,535593,0
14:29:07:283,120000452,173929707,1,534061,0
14:29:07:483,120000441,173844360,0,535337,0
14:29:07:683,120000449,173854724,0,535858,0
14:29:07:883,120000454,173906454,0,534153,0
14:29:08:083,120000442,173851210,0,535354,0
14:29:08:283,120000450,173851123,1,536269,0
14:29:08:883,120000448,265133880,403,153,0
14:29:08:883,120000448,265133880,403,153,0
14:29:09:083,120000458,193296135,92,423594,0
14:29:09:283,120000454,173731369,0,538558,0
14:29:09:483,120000445,173812253,0,537290,0
14:29:09:683,120000434,173795287,1,536264,0
14:29:09:883,120000440,173735798,0,538796,0
14:29:10:083,120000464,173806770,0,536506,0
14:29:10:283,120000442,173883874,1,535803,0
14:29:10:483,120000437,173927305,0,534116,0
14:29:10:683,120000453,173820786,1,536415,0
14:29:10:883,120000442,173891387,0,535704,0
14:29:11:083,120000445,173900510,0,535324,0
14:29:11:283,120000451,173888594,0,535611,0
14:29:11:483,120000444,173900992,0,535937,0
14:29:11:683,120000438,173954613,1,534584,0
14:29:11:883,120000453,173858426,0,535555,0
14:29:12:083,120000443,173968743,1,533480,0
14:29:12:283,120000439,173947651,0,534527,0
14:29:12:483,120000439,173906040,0,534792,0
14:29:12:683,120000432,173797561,0,536881,0
14:29:12:883,120000445,173831431,0,537153,0
14:29:13:083,120000454,173910889,0,534705,0
14:29:13:283,120000449,173945627,0,533763,0
14:29:13:483,120000442,173882770,0,535504,0
14:29:13:683,120000436,173846870,0,535808,0
14:29:13:883,120000444,173888654,0,535162,0
14:29:14:083,120000439,173927305,1,535083,0
14:29:14:283,120000447,174013626,0,533116,0
14:29:14:483,120000444,173900280,0,535471,0
14:29:14:683,120000432,173748709,0,539165,0
14:29:14:883,120000442,173775148,0,537952,0
14:29:15:083,120000466,173690667,0,540188,0
14:29:15:283,120000441,173736289,0,538307,0
14:29:15:483,120000445,173797102,1,537436,0
14:29:15:683,120000454,173768352,0,537194,0
14:29:15:883,120000441,173850152,0,536232,0
14:29:16:083,120000454,173892936,0,535085,0
14:29:16:283,120000446,173820530,0,536035,0
14:29:16:483,120000445,173850904,1,536367,0
14:29:16:683,120000458,173800318,0,537002,0
14:29:16:883,120000454,173849339,1,536627,0
14:29:17:083,120000445,173839405,0,537008,0
14:29:17:283,120000420,173839445,0,536664,0
14:29:17:483,120000438,173833978,1,537810,0
14:29:17:683,120000437,173823631,0,537003,0
14:29:17:883,120000445,173781954,1,538622,0
14:29:18:083,120000449,173649075,0,540903,0
14:29:18:283,120000448,173771079,0,538807,0
14:29:18:483,120000449,173733496,1,538321,0
14:29:18:683,120000452,173852919,0,536438,0
14:29:18:883,120000438,173836762,0,536412,0
14:29:19:083,120000429,173843707,0,536720,0
14:29:19:283,120000496,173879824,0,536003,0
14:29:19:483,120000430,173910674,0,534558,0
14:29:19:683,120000447,173911615,0,534712,0
14:29:19:883,120000442,173959886,0,533867,0
14:29:20:083,120000439,173960875,0,533402,0
14:29:20:283,120000441,173865797,0,535584,0
14:29:20:483,120000450,173880620,0,536334,0
14:29:20:683,120000437,173939138,0,534739,0
14:29:20:883,120000440,173907170,1,535035,0
14:29:21:083,120000431,173891008,0,535570,0
14:29:21:283,120000453,173850158,0,537277,0
14:29:21:483,120000440,173822770,0,537519,0
14:29:21:683,120000463,173828329,0,538421,0
14:29:21:883,120000440,173904317,0,535932,0
14:29:22:083,120000438,173930005,0,535387,0
14:29:22:283,120000447,173977609,1,534144,0
14:29:22:483,120000455,173997582,0,533920,0
14:29:22:683,120000452,173967065,0,535028,0
14:29:22:883,120000446,173899781,0,536032,0
14:29:23:083,120000447,173888409,0,536243,0
14:29:23:283,120000449,173919363,0,536257,0
14:29:23:483,120000448,173799408,0,538135,0
14:29:23:683,120000452,173845400,1,537683,0
14:29:24:283,120000456,265122938,403,341,0
14:29:24:283,120000456,265122938,403,341,0
14:29:24:483,120000464,208925188,160,328761,0
14:29:24:683,120000442,173911347,0,535599,0
14:29:24:883,120000446,173957367,0,534872,0
14:29:25:083,120000446,173922517,0,535935,0
14:29:25:283,120000453,173975667,0,534104,0
14:29:25:483,120000443,173898684,0,535359,0
14:29:25:683,120000451,173937868,1,535131,0
14:29:25:883,120000462,173929652,0,535542,0
14:29:26:083,120000442,173896109,0,535844,0
14:29:26:283,120000452,173924924,0,534860,0
14:29:26:483,120000446,173894227,0,536470,0
14:29:26:683,120000430,173925504,0,535241,0
14:29:26:883,120000447,173868819,0,536318,0
14:29:27:083,120000455,173822990,0,538458,0
14:29:27:283,120000445,173713249,0,540078,0
14:29:27:483,120000454,173809203,0,537819,0
14:29:27:683,120000449,173790744,1,537712,0
14:29:27:883,120000455,173813762,0,538073,0
14:29:28:083,120000440,173825942,0,537310,0
14:29:28:283,120000457,173731253,0,539717,0
14:29:28:483,120000452,173817662,0,537884,0
14:29:28:683,120000436,173824957,1,537439,0
14:29:28:883,120000445,173873999,0,537058,0
14:29:29:083,120000451,173849025,0,536422,0
14:29:29:283,120000453,173792543,0,539459,0
14:29:29:483,120000457,173760469,0,539573,0
14:29:29:683,120000454,173779013,0,539821,0
14:29:29:883,120000437,173847631,0,537534,0
14:29:30:083,120000456,173822233,1,537297,0
14:29:30:283,120000448,173874486,0,536608,0
14:29:30:483,120000444,173869694,0,535989,0
14:29:30:683,120000441,173837571,0,537090,0
14:29:30:883,120000446,173926606,0,534940,0
14:29:31:083,120000441,173916816,1,534525,0
14:29:31:283,120000454,173850430,0,536831,0
14:29:31:483,120000441,173928431,0,535583,0
14:29:31:683,120000449,173887028,0,535750,0
14:29:31:883,120000446,173907131,0,535206,0
14:29:32:083,120000446,173906465,1,535959,0
14:29:32:283,120000440,173813539,0,537196,0
14:29:32:483,120000434,173771206,0,537989,0
14:29:32:683,120000453,173808259,0,537974,0
14:29:32:883,120000433,173812726,0,537414,0
14:29:33:083,120000442,173878050,1,536719,0
14:29:33:283,120000440,173876110,0,536403,0
14:29:33:483,120000454,173828608,1,538227,0
14:29:33:683,120000442,173888629,0,536682,0
14:29:33:883,120000449,173845322,0,537037,0
14:29:34:083,120000433,173881394,0,536370,0
14:29:34:283,120000447,173863929,0,536632,0
14:29:34:483,120000447,173860492,1,536379,0
14:29:34:683,120000460,173904883,0,536494,0
14:29:34:883,120000454,173894209,0,536714,0
14:29:35:083,120000435,173803140,0,538005,0
14:29:35:283,120000453,173778369,0,539180,0
14:29:35:483,120000450,173824282,0,536876,0
14:29:35:683,120000443,173877863,0,536483,0
14:29:35:883,120000445,173932460,0,535241,0
14:29:36:083,120000446,173890321,0,535326,0
14:29:36:283,120000447,174030311,0,533028,0
14:29:36:483,120000435,173904817,1,536326,0
14:29:36:683,120000425,174005552,0,533817,0
14:29:36:883,120000436,174027711,1,533475,0
14:29:37:083,120000445,174101413,0,532146,0
14:29:37:283,120000430,174056734,0,533017,0
14:29:37:483,120000448,173991832,0,533947,0
14:29:37:683,120000448,173991369,0,533999,0
14:29:37:883,120000444,174000297,1,533762,0
14:29:38:083,120000449,174046825,0,532728,0
14:29:38:283,120000445,174033221,0,532746,0
14:29:38:483,120000449,174032689,0,532992,0
14:29:38:683,120000438,174016992,0,533853,0
14:29:38:883,120000445,173943832,1,535569,0
14:29:39:083,120000466,173935001,0,536263,0
14:29:39:683,120000471,265141828,401,147,0
14:29:39:683,120000471,265141828,401,147,0
14:29:39:883,120000458,224241866,228,240607,0
14:29:40:083,120000436,173852190,0,537932,0
14:29:40:283,120000449,173715743,0,539487,0
14:29:40:483,120000451,173851292,0,537281,0
14:29:40:683,120000447,173862683,0,536634,0
14:29:40:884,120000446,173884077,0,536528,0
14:29:41:084,120000448,173904538,0,535515,0
14:29:41:284,120000438,173874552,1,535820,0
14:29:41:484,120000437,173827709,0,537347,0
14:29:41:684,120000453,173870138,0,536903,0
14:29:41:884,120000441,173859376,0,536362,0
14:29:42:084,120000455,173833909,0,537415,0
14:29:42:284,120000450,173891108,1,535831,0
14:29:42:484,120000436,173882973,0,535684,0
14:29:42:684,120000447,173964795,1,534735,0
14:29:42:884,120000453,173920966,0,535754,0
14:29:43:084,120000425,173881454,0,535761,0
14:29:43:284,120000444,173887179,0,535925,0
14:29:43:484,120000433,173954719,0,534922,0
14:29:43:684,120000437,173957647,1,534643,0
14:29:43:884,120000437,173801673,0,537431,0
14:29:44:084,120000437,173857927,2,537154,0
14:29:44:284,120000442,173830673,0,537736,0
14:29:44:484,120000429,173755831,0,540238,0
14:29:44:684,120000453,173738712,1,539850,0
14:29:44:884,120000446,173816630,0,539205,0
14:29:45:084,120000444,173918178,0,536128,0
14:29:45:284,120000448,173908531,0,535734,0
14:29:45:484,120000447,173910689,0,536464,0
14:29:45:684,120000446,173967332,1,535316,0
14:29:45:884,120000451,173967065,0,534826,0
14:29:46:084,120000444,173921790,1,535574,0
14:29:46:284,120000432,173934660,0,535879,0
14:29:46:484,120000459,173890472,0,537093,0
14:29:46:684,120000429,173911422,0,535215,0
14:29:46:884,120000453,173842751,0,537405,0
14:29:47:084,120000438,173899572,1,536977,0
14:29:47:284,120000432,173879744,0,536146,0
14:29:47:484,120000453,173885809,1,535608,0
14:29:47:684,120000435,173888770,1,535973,0
14:29:47:884,120000440,173928416,0,534874,0
14:29:48:084,120000455,173843099,1,537783,0
14:29:48:284,120000445,173831070,0,539104,0
14:29:48:484,120000446,173754515,0,539268,0
14:29:48:684,120000449,173888441,0,537616,0
14:29:48:884,120000449,173864732,0,537331,0
14:29:49:084,120000430,173860898,1,536582,0
14:29:49:284,120000453,173905759,0,536568,0
14:29:49:484,120000440,173974202,0,534692,0
14:29:49:884,120000434,173881959,0,537341,0
14:29:50:084,120000451,173887560,0,536923,0
14:29:50:284,120000448,173812616,0,537779,0
14:29:50:484,120000437,173958771,1,535223,0
14:29:50:684,120000437,173975540,0,534199,0
14:29:50:884,120000445,174004309,0,533366,0
14:29:51:084,120000454,173951149,0,534527,0
14:29:51:284,120000449,174001282,0,534029,0
14:29:51:484,120000449,173990426,1,534043,0
14:29:51:684,120000458,174001745,0,533864,0
14:29:51:884,120000443,174067714,0,532057,0
14:29:52:084,120000444,173998320,0,533283,0
14:29:52:284,120000457,173976995,0,533719,0
14:29:52:484,120000442,173952824,0,533923,0
14:29:52:684,120000446,173991367,0,533514,0
14:29:52:884,120000443,173982587,1,534007,0
14:29:53:084,120000436,174021710,0,533240,0
14:29:53:284,120000454,173988424,0,533538,0
14:29:53:484,120000433,173960183,0,534069,0
14:29:53:684,120000440,173953886,0,534651,0
14:29:53:884,120000450,173929350,0,535535,0
14:29:54:084,120000452,173924539,0,535321,0
14:29:54:284,120000456,173896390,0,534956,0
14:29:54:484,120000438,173932017,0,535252,0
14:29:54:684,120000464,173924387,0,535782,0
14:29:55:084,120000464,265134092,404,156,0
14:29:55:284,120000453,239237619,292,152023,0
14:29:55:484,120000440,173970779,0,534765,0
14:29:55:684,120000447,173902655,0,535690,0
14:29:55:884,120000433,173938487,1,534254,0
14:29:56:084,120000444,174004117,0,532707,0
14:29:56:284,120000447,173972684,0,533739,0
14:29:56:484,120000461,173998438,0,533072,0
14:29:56:684,120000441,173920521,0,535137,0
14:29:56:884,120000454,173950768,0,534089,0
14:29:57:084,120000442,173907575,0,536216,0
14:29:57:284,120000461,173835837,1,536769,0
14:29:57:484,120000458,173738544,0,539074,0
14:29:57:684,120000445,173806577,0,537769,0
14:29:57:884,120000450,173699159,0,539867,0
14:29:58:084,120000449,173690547,0,540430,0
14:29:58:284,120000458,173686765,1,541063,0
14:29:58:484,120000449,173648441,0,540763,0
14:29:58:684,120000446,173764847,0,539396,0
14:29:58:884,120000449,173760091,0,539183,0
14:29:59:084,120000451,173949400,0,535394,0
14:29:59:284,120000446,173856101,0,536933,0
14:29:59:484,120000447,173990543,0,534278,0
14:29:59:684,120000463,173886179,1,537266,0
14:29:59:884,120000429,173913728,0,536046,0
14:30:00:084,120000445,173913585,0,535815,0
14:30:00:284,120000438,173847263,0,537309,0
14:30:00:484,120000444,173826405,0,537681,0
14:30:00:684,120000454,173876294,1,536187,0
14:30:00:884,120000442,173940439,0,535098,0
14:30:01:084,120000444,173925022,0,534914,0
14:30:01:284,120000441,173898175,0,534922,0
14:30:01:484,120000444,173989033,0,533221,0
14:30:01:684,120000455,174081566,1,531029,0
14:30:01:884,120000459,173995036,0,532660,0
14:30:02:084,120000453,173946408,0,533965,0
14:30:02:284,120000449,173929872,0,533768,0
14:30:02:484,120000438,173986366,0,533943,0
14:30:02:684,120000442,174015298,1,533368,0
14:30:02:884,120000444,173935332,0,535722,0
14:30:03:084,120000446,173933460,0,534906,0
14:30:03:284,120000437,173957681,0,533821,0
14:30:03:484,120000449,173958182,1,534139,0
14:30:03:684,120000454,173980042,1,533431,0
14:30:03:884,120000449,173957979,0,533804,0
14:30:04:084,120000446,173994629,0,532848,0
14:30:04:284,120000441,173935723,0,535112,0
14:30:04:484,120000441,173923730,1,535882,0
14:30:04:684,120000462,173930181,0,535138,0
14:30:04:884,120000441,173791796,0,537633,0
14:30:05:084,120000453,173856613,1,536729,0
14:30:05:284,120000455,173885696,0,535621,0
14:30:05:484,120000436,173849973,0,535804,0
14:30:05:684,120000434,173925846,0,534716,0
14:30:05:884,120000445,173924128,0,534056,0
14:30:06:084,120000449,173957637,0,532635,0
14:30:06:284,120000454,174033773,0,531678,0
14:30:06:484,120000449,174008314,1,531986,0
14:30:06:684,120000449,173946725,0,533704,0
14:30:06:884,120000450,173954194,0,533600,0
14:30:07:084,120000446,173929700,0,533752,0
14:30:07:284,120000437,173851849,0,536502,0
14:30:07:484,120000446,173933320,1,534578,0
14:30:07:684,120000432,174017189,0,532146,0
14:30:07:884,120000450,173942923,0,533780,0
14:30:08:084,120000452,173956917,0,533724,0
14:30:08:284,120000447,173907124,0,535210,0
14:30:08:484,120000446,173923113,0,535370,0
14:30:08:684,120000452,173855547,0,535786,0
14:30:08:884,120000430,173860916,2,536212,0
14:30:09:084,120000445,173806908,0,536325,0
14:30:09:284,120000466,173831129,0,535910,0
14:30:09:484,120000451,173857026,0,535202,0
14:30:09:684,120000452,173791379,0,536768,0
14:30:09:884,120000433,173822427,1,536720,0
14:30:10:084,120000453,173857941,0,535068,0
14:30:10:484,120000468,265133710,404,169,0
14:30:10:684,120000440,254634011,360,61769,0
14:30:10:884,120000451,173755268,1,537388,0
14:30:11:084,120000441,173876252,0,536106,0
14:30:11:284,120000441,173863895,0,535569,0
14:30:11:484,120000447,173880253,0,535249,0
14:30:11:684,120000446,173826200,0,537010,0
14:30:11:884,120000473,173773253,0,537778,0
14:30:12:084,120000431,173839476,0,537544,0
14:30:12:284,120000453,173815747,0,537373,0
14:30:12:484,120000438,173863155,0,537064,0
14:30:12:684,120000444,173856453,0,537212,0
14:30:12:884,120000447,173802805,0,536924,0
14:30:13:084,120000455,173900554,0,536291,0
14:30:13:284,120000432,173998468,0,534206,0
14:30:13:484,120000446,174006886,0,533440,0
14:30:13:684,120000452,173947085,0,534924,0
14:30:13:884,120000458,173964383,0,534688,0
14:30:14:084,120000449,173944506,0,534673,0
14:30:14:284,120000438,173938056,1,534306,0
14:30:14:484,120000453,173924773,0,533966,0
14:30:14:684,120000430,173954301,1,533961,0
14:30:14:884,120000462,173920483,1,535982,0
14:30:15:084,120000429,173849335,0,536708,0
14:30:15:284,120000459,173882103,0,536258,0
14:30:15:484,120000445,173880172,0,536113,0
14:30:15:684,120000444,173854939,0,535202,0
14:30:15:884,120000445,173907138,0,534639,0
14:30:16:084,120000450,173937890,0,534246,0
14:30:16:284,120000437,173985635,0,532338,0
14:30:16:484,120000454,173819947,1,535516,0
14:30:16:684,120000443,173837398,1,536146,0
14:30:16:884,120000447,173883237,0,535091,0
14:30:17:084,120000441,173865478,0,535361,0
14:30:17:284,120000454,173855034,1,536537,0
14:30:17:484,120000446,173769540,0,537534,0
14:30:17:684,120000442,173829344,1,537017,0
14:30:17:884,120000444,173930073,0,535050,0
14:30:18:084,120000454,173898555,0,534982,0
14:30:18:284,120000461,173906486,0,535641,0
14:30:18:484,120000457,173880808,2,536278,0
14:30:18:684,120000458,173930850,0,534361,0
14:30:18:884,120000433,173901078,0,534986,0
14:30:19:084,120000453,173931645,0,535324,0
14:30:19:284,120000443,173888793,0,536136,0
14:30:19:484,120000445,173940012,0,534528,0
14:30:19:684,120000458,173924394,1,535107,0
14:30:19:884,120000451,173913603,0,535109,0
14:30:20:084,120000443,173894420,0,534941,0
14:30:20:284,120000438,173850395,0,536519,0
14:30:20:484,120000453,173874984,0,535715,0
14:30:20:684,120000447,173785155,0,536977,0
14:30:20:884,120000453,173863724,0,535930,0
14:30:21:084,120000450,173803993,1,536265,0
14:30:21:284,120000462,173806098,0,537308,0
14:30:21:484,120000440,173918888,0,534775,0
14:30:21:684,120000449,173849090,0,535655,0
14:30:21:884,120000443,173916715,0,534511,0
14:30:22:084,120000446,173940228,0,534009,0
14:30:22:284,120000447,173987912,0,532387,0
14:30:22:484,120000430,173919039,0,534642,0
14:30:22:684,120000450,173907333,0,535636,0
14:30:22:884,120000449,173926908,0,534565,0
14:30:23:084,120000449,173828182,0,535982,0
14:30:23:284,120000441,173876396,0,536159,0
14:30:23:484,120000446,173881220,0,535862,0
14:30:23:684,120000445,173952823,0,534073,0
14:30:23:884,120000430,173905751,1,535186,0
14:30:24:084,120000448,173930241,1,535381,0
14:30:24:284,120000444,173884202,0,536082,0
14:30:24:484,120000456,173777550,1,538364,0
14:30:24:684,120000429,173941220,0,534983,0
14:30:24:884,120000448,173876163,0,535684,0
14:30:25:084,120000455,173912977,0,535048,0
14:30:25:284,120000434,173887755,0,536475,0
14:30:25:484,120000444,173886718,0,535819,0
14:30:26:084,120000464,265134071,403,158,0
14:30:26:084,120000464,265134071,403,158,0
14:30:26:284,120000458,178340436,26,509668,0
14:30:26:484,120000442,173863775,1,537320,0
14:30:26:684,120000434,173941040,0,535273,0
14:30:26:884,120000434,173902771,1,535933,0
14:30:27:084,120000454,173940102,0,535631,0
14:30:27:284,120000448,173916121,0,536352,0
14:30:27:484,120000450,173771410,0,538978,0
14:30:27:684,120000436,173790294,0,538963,0
14:30:27:884,120000434,173977937,1,535249,0
14:30:28:084,120000448,173928820,0,535415,0
14:30:28:284,120000460,173986554,1,534878,0
14:30:28:484,120000455,173923140,0,536309,0
14:30:28:684,120000430,173912124,0,536222,0
14:30:28:884,120000437,173850070,1,537142,0
14:30:29:084,120000446,173916222,0,536608,0
14:30:29:284,120000453,173954943,0,535527,0
14:30:29:484,120000453,173906895,0,535154,0
14:30:29:684,120000430,174011195,1,533500,0
14:30:29:884,120000465,173962556,1,535154,0
14:30:30:084,120000463,174058740,0,533176,0
14:30:30:284,120000441,174169276,1,530092,0
14:30:30:484,120000443,174186213,0,529362,0
14:30:30:684,120000455,174214668,0,528405,0
14:30:30:884,120000449,174163656,0,530191,0
14:30:31:084,120000447,174154270,0,530010,0
14:30:31:284,120000442,174118976,1,530697,0
14:30:31:484,120000444,174124419,0,530606,0
14:30:31:684,120000438,174147289,1,529958,0
14:30:31:884,120000448,174162367,0,529857,0
14:30:32:084,120000446,174225614,0,528530,0
14:30:32:284,120000451,174168016,0,529924,0
14:30:32:484,120000452,174136108,0,530991,0
14:30:32:684,120000449,174103654,0,531884,0
14:30:32:884,120000433,174112007,0,532033,0
14:30:33:084,120000451,174141987,0,531140,0
14:30:33:284,120000457,174105845,0,532002,0
14:30:33:484,120000437,174106040,0,532603,0
14:30:33:684,120000437,174104041,1,532420,0
14:30:33:884,120000447,174163647,0,531146,0
14:30:34:084,120000464,174167861,0,530641,0
14:30:34:284,120000444,174139019,0,530996,0
14:30:34:484,120000455,174071486,0,532875,0
14:30:34:684,120000443,174062134,1,533102,0
14:30:34:884,120000444,174109123,0,532260,0
14:30:35:084,120000441,174196076,0,530721,0
14:30:35:284,120000462,174055777,0,533133,0
14:30:35:484,120000457,173957440,0,535434,0
14:30:35:684,120000438,173987675,0,534353,0
14:30:35:884,120000466,173934083,0,536357,0
14:30:36:084,120000466,174005678,0,534423,0
14:30:36:284,120000451,174096577,0,532632,0
14:30:36:484,120000455,174057844,0,533622,0
14:30:36:684,120000446,174062099,0,533123,0
14:30:36:884,120000451,173953661,0,535100,0
14:30:37:084,120000452,173956803,1,535047,0
14:30:37:284,120000438,173985713,0,534666,0
14:30:37:484,120000439,173964258,0,535321,0
14:30:37:684,120000447,173961644,0,534089,0
14:30:37:884,120000447,173996359,0,533885,0
14:30:38:084,120000452,174103776,1,532083,0
14:30:38:284,120000450,174075095,0,532171,0
14:30:38:484,120000445,173961794,1,535248,0
14:30:38:684,120000454,174023374,0,533530,0
14:30:38:884,120000441,174083402,0,532327,0
14:30:39:084,120000450,174165630,0,529792,0
14:30:39:284,120000458,174195008,0,528970,0
14:30:39:484,120000438,174147335,1,529967,0
14:30:39:684,120000433,174072149,0,531738,0
14:30:39:884,120000428,174080518,0,531586,0
14:30:40:084,120000446,174075721,0,531483,0
14:30:40:284,120000446,174137026,0,530346,0
14:30:40:484,120000444,174223859,0,528083,0
14:30:40:684,120000437,174155636,0,529987,0
14:30:40:884,120000449,174226242,0,528087,0
14:30:41:484,120000448,265133913,403,144,0
14:30:41:484,120000448,265133913,403,144,0
14:30:41:684,120000442,193898478,94,415666,0
14:30:41:884,120000451,174083880,0,531959,0
14:30:42:084,120000433,174129735,1,531253,0
14:30:42:284,120000459,174068433,0,532204,0
14:30:42:484,120000442,174025903,0,532993,0
14:30:42:684,120000449,174109874,0,531642,0
14:30:42:884,120000447,174066956,0,532632,0
14:30:43:084,120000442,174119381,0,531013,0
14:30:43:284,120000441,173993015,0,533890,0
14:30:43:484,120000444,173983358,0,532649,0
14:30:43:684,120000450,173976780,0,533048,0
14:30:43:884,120000439,173935198,1,534609,0
14:30:44:084,120000455,174024673,0,532612,0
14:30:44:284,120000443,174128599,0,529982,0
14:30:44:484,120000461,174130200,0,529505,0
14:30:44:684,120000451,174095831,0,530646,0
14:30:44:884,120000446,174118592,0,529891,0
14:30:45:084,120000441,174106236,0,530605,0
14:30:45:284,120000437,174051921,0,532162,0
14:30:45:484,120000440,174060125,0,531636,0
14:30:45:684,120000438,174149210,0,529940,0
14:30:45:884,120000445,174082637,0,530921,0
14:30:46:084,120000458,174126982,0,530126,0
14:30:46:284,120000453,174050046,1,531987,0
14:30:46:484,120000433,173946752,0,534409,0
14:30:46:684,120000437,173966803,0,534195,0
14:30:46:884,120000442,173931345,1,534878,0
14:30:47:084,120000445,174016689,0,532469,0
14:30:47:284,120000441,174041106,1,532200,0
14:30:47:484,120000446,174057102,1,531426,0
14:30:47:684,120000429,174089973,1,531174,0
14:30:47:884,120000453,174081877,0,531145,0
14:30:48:084,120000446,174109255,0,530809,0
14:30:48:284,120000441,174050708,1,531542,0
14:30:48:484,120000437,174010597,0,532153,0
14:30:48:684,120000454,173979791,0,533495,0
14:30:48:884,120000445,174028975,0,532606,0
14:30:49:084,120000433,174024632,0,532527,0
14:30:49:284,120000442,173985418,0,533737,0
14:30:49:484,120000454,173967398,0,534293,0
14:30:49:684,120000457,173915970,1,536204,0
14:30:49:884,120000426,173954740,0,535175,0
14:30:50:084,120000444,173931380,0,535388,0
14:30:50:284,120000433,173968703,0,534547,0
14:30:50:484,120000450,173929517,0,534855,0
14:30:50:684,120000444,173868151,1,535504,0
14:30:50:884,120000454,173936033,0,533440,0
14:30:51:084,120000449,174062991,1,531555,0
14:30:51:284,120000430,174108431,0,530207,0
14:30:51:484,120000445,174116395,0,529751,0
14:30:51:684,120000449,174033946,1,531290,0
14:30:51:884,120000446,174063491,0,530811,0
14:30:52:084,120000429,174035700,0,531556,0
14:30:52:284,120000437,174029665,0,531174,0
14:30:52:484,120000445,173950303,0,533095,0
14:30:52:684,120000457,174083097,1,530342,0
14:30:52:884,120000440,174052125,0,530893,0
14:30:53:084,120000447,173971455,1,532339,0
14:30:53:284,120000446,173959521,0,533135,0
14:30:53:484,120000437,173933726,0,533756,0
14:30:53:684,120000451,173929475,0,533649,0
14:30:53:884,120000442,173974245,0,533013,0
14:30:54:084,120000448,173926196,1,534947,0
14:30:54:284,120000465,173936387,0,534819,0
14:30:54:484,120000454,173876325,0,535203,0
14:30:54:684,120000441,173931617,0,534574,0
14:30:54:884,120000450,174000609,0,532845,0
14:30:55:084,120000441,174042022,1,531719,0
14:30:55:284,120000439,174006963,0,532520,0
14:30:55:484,120000447,173988397,1,532165,0
14:30:55:684,120000451,173963807,0,532527,0
14:30:55:884,120000449,173956317,0,533771,0
14:30:56:084,120000458,174013287,0,532588,0
14:30:56:284,120000432,173985908,0,533742,0
14:30:56:884,120000464,265130988,401,344,0
14:30:56:884,120000464,265130988,401,344,0
14:30:57:084,120000459,208711036,160,331294,0
14:30:57:284,120000440,173906193,0,535123,0
14:30:57:484,120000444,173910405,0,535143,0
14:30:57:684,120000448,173895058,0,535864,0
14:30:57:884,120000449,173904228,0,535449,0
14:30:58:084,120000449,173908078,0,534967,0
14:30:58:284,120000440,173947327,0,535145,0
14:30:58:484,120000457,173964718,0,535200,0
14:30:58:684,120000449,173859622,0,537571,0
14:30:58:884,120000435,173894612,1,536619,0
14:30:59:084,120000456,173980856,0,535081,0
14:30:59:284,120000455,173994037,0,534155,0
14:30:59:484,120000450,173951352,0,535025,0
14:30:59:684,120000450,173836870,0,537475,0
14:30:59:884,120000450,173930664,0,535311,0
14:31:00:084,120000443,173963677,0,534328,0
14:31:00:284,120000457,173909782,0,534533,0
14:31:00:484,120000430,173876952,0,536064,0
14:31:00:684,120000462,173929187,0,535144,0
14:31:00:884,120000432,174011209,0,533054,0
14:31:01:084,120000437,174047432,0,532254,0
14:31:01:284,120000434,174013717,0,533358,0
14:31:01:484,120000437,173972613,0,534408,0
14:31:01:684,120000447,173916270,0,536424,0
14:31:01:884,120000447,173938719,0,535540,0
14:31:02:084,120000446,173965171,0,534513,0
14:31:02:284,120000444,173931234,1,535911,0
14:31:02:484,120000447,173895227,0,537101,0
14:31:02:684,120000449,173976773,0,534252,0
14:31:02:884,120000441,173920106,0,535351,0
14:31:03:084,120000453,173951504,0,535272,0
14:31:03:284,120000452,173973439,0,534130,0
14:31:03:484,120000449,173960815,0,534336,0
14:31:03:684,120000452,173995284,0,533519,0
14:31:03:884,120000436,174002321,1,533762,0
14:31:04:084,120000450,174042066,0,532967,0
14:31:04:284,120000451,174028594,1,533705,0
14:31:04:484,120000450,173994529,0,534272,0
14:31:04:684,120000445,173993061,0,533798,0
14:31:04:884,120000459,173969786,0,533439,0
14:31:05:084,120000455,173882958,0,535637,0
14:31:05:284,120000462,173923248,1,535603,0
14:31:05:484,120000449,174006684,0,533391,0
14:31:05:684,120000451,173954700,0,534054,0
14:31:05:884,120000452,173859012,0,535868,0
14:31:06:084,120000436,173935630,0,534090,0
14:31:06:284,120000453,173922132,0,534593,0
14:31:06:484,120000432,173988018,0,532448,0
14:31:06:684,120000445,174018533,1,531832,0
14:31:06:884,120000432,174057769,0,530991,0
14:31:07:084,120000453,174040084,0,531965,0
14:31:07:284,120000454,174034153,1,531928,0
14:31:07:484,120000456,173975493,0,533303,0
14:31:07:684,120000444,174000486,1,531976,0
14:31:07:884,120000446,173973595,0,532467,0
14:31:08:084,120000439,173989469,1,532858,0
14:31:08:284,120000434,174016738,0,532102,0
14:31:08:484,120000453,173991038,0,533009,0
14:31:08:684,120000438,174030318,0,532064,0
14:31:08:884,120000445,174037915,0,532365,0
14:31:09:084,120000451,174002558,0,533705,0
14:31:09:284,120000461,173969220,0,534366,0
14:31:09:484,120000458,173956491,0,534614,0
14:31:09:684,120000450,173943428,0,534759,0
14:31:09:884,120000436,173947376,0,534259,0
14:31:10:084,120000453,173892501,0,535784,0
14:31:10:284,120000442,173956216,0,535017,0
14:31:10:484,120000447,173969251,0,534375,0
14:31:10:684,120000444,173931304,0,535076,0
14:31:10:884,120000449,173881407,0,536043,0
14:31:11:084,120000446,173926638,1,535771,0
14:31:11:284,120000437,173920712,0,535357,0
14:31:11:484,120000447,173971014,0,533565,0
14:31:11:684,120000456,174047016,0,531906,0
14:31:12:284,120000484,265134016,403,157,0
14:31:12:284,120000484,265134016,403,157,0
14:31:12:484,120000461,224181994,226,239961,0
14:31:12:684,120000434,174025724,0,533050,0
14:31:12:884,120000453,173971003,0,534186,0
14:31:13:084,120000461,174058262,1,532328,0
14:31:13:284,120000435,174059389,0,532358,0
14:31:13:484,120000471,174047048,1,532516,0
14:31:13:684,120000444,174039739,0,532736,0
14:31:13:884,120000452,174028399,0,533042,0
14:31:14:084,120000445,173972097,0,534140,0
14:31:14:284,120000434,173991017,0,534067,0
14:31:14:484,120000434,174009408,1,534077,0
14:31:14:684,120000449,173976504,0,535176,0
14:31:14:884,120000441,173947678,0,535171,0
14:31:15:084,120000438,173898632,0,535489,0
14:31:15:284,120000449,173883092,0,536745,0
14:31:15:484,120000433,173896127,0,536204,0
14:31:15:684,120000445,173852975,0,536027,0
14:31:15:884,120000454,173897820,1,535864,0
14:31:16:084,120000443,173875206,0,536287,0
14:31:16:284,120000455,173701786,0,538815,0
14:31:16:484,120000449,173832930,1,536668,0
14:31:16:684,120000448,173771652,0,538151,0
14:31:16:884,120000446,173826574,1,538209,0
14:31:17:084,120000442,173835093,0,537039,0
14:31:17:284,120000442,173911139,1,534958,0
14:31:17:484,120000463,173911402,1,534696,0
14:31:17:684,120000440,174004709,0,532727,0
14:31:17:884,120000446,173983145,1,533123,0
14:31:18:084,120000441,173932864,0,533986,0
14:31:18:284,120000450,173997715,0,533453,0
14:31:18:484,120000441,174054750,0,532064,0
14:31:18:684,120000455,174089975,0,531299,0
14:31:18:884,120000431,174112531,1,530729,0
14:31:19:084,120000437,174108254,0,530858,0
14:31:19:284,120000459,174043581,0,532794,0
14:31:19:484,120000437,173933092,0,534473,0
14:31:19:684,120000445,173918865,0,535223,0
14:31:19:884,120000438,173997538,1,534167,0
14:31:20:084,120000440,173993115,0,533985,0
14:31:20:284,120000446,173943270,0,535404,0
14:31:20:484,120000454,173957853,0,534772,0
14:31:20:684,120000452,173993332,1,533986,0
14:31:20:884,120000455,174080546,1,531302,0
14:31:21:084,120000441,173976153,0,533288,0
14:31:21:284,120000429,173989098,1,532981,0
14:31:21:484,120000453,173953373,0,534207,0
14:31:21:684,120000433,173994276,0,533125,0
14:31:21:884,120000453,174010439,0,532938,0
14:31:22:084,120000442,174041636,0,532825,0
14:31:22:484,120000449,174043268,0,532568,0
14:31:22:684,120000458,174012872,0,533223,0
14:31:22:884,120000437,174020622,0,532756,0
14:31:23:084,120000454,173913765,0,534805,0
14:31:23:284,120000441,173976079,0,533932,0
14:31:23:484,120000438,173999995,0,533669,0
14:31:23:684,120000448,174042208,0,532624,0
14:31:23:884,120000433,174089895,0,531685,0
14:31:24:084,120000459,174083548,0,531848,0
14:31:24:284,120000432,174115069,0,530744,0
14:31:24:484,120000450,174128090,1,530342,0
14:31:24:684,120000441,174087228,1,531492,0
14:31:24:884,120000446,174120173,0,530984,0
14:31:25:084,120000432,174116390,0,530813,0
14:31:25:284,120000447,174081119,0,531954,0
14:31:25:484,120000436,174084455,0,532405,0
14:31:25:684,120000453,174093855,2,531960,0
14:31:25:884,120000441,173976401,0,533727,0
14:31:26:084,120000441,173935803,1,534837,0
14:31:26:284,120000451,173955321,0,535722,0
14:31:26:484,120000447,173957311,0,535166,0
14:31:26:684,120000452,174004981,0,533094,0
14:31:26:884,120000441,174029001,1,532821,0
14:31:27:084,120000435,173998444,1,534144,0
14:31:27:284,120000452,173952879,1,535429,0
14:31:27:684,120000458,265133773,404,163,0
14:31:27:884,120000448,239096387,292,152789,0
14:31:28:084,120000460,174041431,1,532679,0
14:31:28:284,120000435,174079900,0,531863,0
14:31:28:484,120000442,174091708,0,531942,0
14:31:28:684,120000448,174103538,1,531775,0
14:31:28:884,120000455,174086151,0,532733,0
14:31:29:084,120000472,174040819,1,533506,0
14:31:29:284,120000449,174123319,0,531005,0
14:31:29:484,120000440,174141606,0,530607,0
14:31:29:684,120000438,174052554,0,532608,0
14:31:29:884,120000440,174061144,0,532210,0
14:31:30:084,120000454,173980243,0,533865,0
14:31:30:284,120000447,173979873,0,533769,0
14:31:30:484,120000451,174036682,1,532762,0
14:31:30:684,120000436,174035748,0,533039,0
14:31:30:884,120000431,174032926,0,533387,0
14:31:31:084,120000442,174096514,1,531426,0
14:31:31:284,120000441,174113351,0,531462,0
14:31:31:484,120000449,174045119,1,533246,0
14:31:31:684,120000445,174017840,0,533442,0
14:31:31:884,120000443,174041106,0,532786,0
14:31:32:084,120000447,173982843,0,533848,0
14:31:32:284,120000446,173985572,0,533933,0
14:31:32:484,120000457,174062430,1,532681,0
14:31:32:684,120000443,174031609,0,533442,0
14:31:32:884,120000444,173968575,0,535105,0
14:31:33:084,120000449,173986339,0,534442,0
14:31:33:284,120000463,174023453,0,533549,0
14:31:33:484,120000442,174028359,0,533433,0
14:31:33:684,120000436,174007092,0,534210,0
14:31:33:884,120000462,174057288,1,533367,0
14:31:34:084,120000438,174065094,0,532906,0
14:31:34:284,120000465,174056174,0,533043,0
14:31:34:484,120000450,174057440,0,532960,0
14:31:34:684,120000433,174050601,0,532793,0
14:31:34:884,120000453,174026714,1,533127,0
14:31:35:084,120000433,173970524,0,534262,0
14:31:35:284,120000440,174006377,0,533846,0
14:31:35:484,120000451,174012399,0,533256,0
14:31:35:684,120000434,174010065,0,533519,0
14:31:35:884,120000456,174018646,0,533542,0
14:31:36:084,120000438,173993551,0,533988,0
14:31:36:284,120000449,173910009,0,535159,0
14:31:36:484,120000441,173944617,0,534913,0
14:31:36:684,120000442,173971404,0,534973,0
14:31:36:884,120000437,173957869,0,534679,0
14:31:37:084,120000454,174070179,0,531952,0
14:31:37:284,120000447,174043145,1,532682,0
14:31:37:484,120000435,173997217,0,533249,0
14:31:37:684,120000445,174051336,1,533117,0
14:31:37:884,120000446,174064851,0,532520,0
14:31:38:084,120000437,174078536,0,532349,0
14:31:38:284,120000438,173986565,1,533890,0
14:31:38:484,120000453,174056109,0,531766,0
14:31:38:684,120000459,174011590,0,532584,0
14:31:38:884,120000448,173944610,0,534282,0
14:31:39:084,120000441,174033051,0,532539,0
14:31:39:284,120000449,174076018,1,531637,0
14:31:39:484,120000438,174030595,0,532535,0
14:31:39:684,120000434,174008732,0,533310,0
14:31:39:884,120000436,173988317,0,533745,0
14:31:40:084,120000451,173960866,0,534529,0
14:31:40:284,120000444,173856429,0,536023,0
14:31:40:484,120000429,173903506,0,536002,0
14:31:40:684,120000437,173963410,0,534573,0
14:31:40:884,120000453,174001206,0,533274,0
14:31:41:084,120000430,173948802,0,533942,0
14:31:41:284,120000448,173966585,0,534399,0
14:31:41:484,120000446,173893868,0,536180,0
14:31:41:684,120000449,173902334,1,534956,0
14:31:41:884,120000446,173938662,0,534302,0
14:31:42:084,120000463,173946780,0,534331,0
14:31:42:284,120000440,173978627,0,533831,0
14:31:42:484,120000449,173954055,0,534367,0
14:31:42:684,120000448,173893958,1,535442,0
14:31:43:084,120000471,265141336,402,174,0
14:31:43:284,120000461,254473604,360,63193,0
14:31:43:484,120000434,173899245,0,536429,0
14:31:43:684,120000442,173966185,0,534597,0
14:31:43:884,120000437,173894163,0,535849,0
14:31:44:084,120000441,173909646,1,535724,0
14:31:44:284,120000445,173950005,0,534141,0
14:31:44:484,120000448,173944452,0,533270,0
14:31:44:684,120000434,173984849,0,532269,0
14:31:44:884,120000437,173938049,0,534230,0
14:31:45:084,120000442,173984739,1,533177,0
14:31:45:284,120000440,173922433,0,534476,0
14:31:45:484,120000454,173948593,1,535274,0
14:31:45:684,120000433,173904227,0,535839,0
14:31:45:884,120000453,173962271,0,534449,0
14:31:46:084,120000458,173840770,0,537241,0
14:31:46:284,120000439,173923453,0,535571,0
14:31:46:484,120000436,173973595,0,533747,0
14:31:46:684,120000437,174013157,0,533010,0
14:31:46:884,120000442,173951320,0,534332,0
14:31:47:084,120000432,174055426,0,531970,0
14:31:47:284,120000442,174075081,0,531456,0
14:31:47:484,120000445,174085320,1,531498,0
14:31:47:684,120000449,174022462,0,533301,0
14:31:47:884,120000443,174001296,0,534128,0
14:31:48:084,120000446,174023231,0,533370,0
14:31:48:284,120000455,174026608,0,534257,0
14:31:48:484,120000438,174003483,1,534082,0
14:31:48:684,120000439,174090710,0,532444,0
14:31:48:884,120000452,174003613,1,534564,0
14:31:49:084,120000438,173974182,0,535183,0
14:31:49:284,120000457,174006837,0,534792,0
14:31:49:484,120000448,174021621,1,533737,0
14:31:49:684,120000458,174019058,0,533549,0
14:31:49:884,120000433,174011388,2,533902,0
14:31:50:084,120000450,173996282,0,533960,0
14:31:50:284,120000446,174091509,0,532483,0
14:31:50:484,120000444,174152263,1,530551,0
14:31:50:684,120000446,174228556,0,528580,0
14:31:50:884,120000454,174231141,1,528991,0
14:31:51:084,120000450,174162127,0,530500,0
14:31:51:284,120000450,174131036,0,531556,0
14:31:51:484,120000444,174030710,0,534059,0
14:31:51:684,120000449,173999177,0,534614,0
14:31:51:884,120000448,174136627,1,531567,0
14:31:52:084,120000447,173993449,0,533743,0
14:31:52:284,120000451,174067565,1,531427,0
14:31:52:484,120000452,174102042,0,530650,0
14:31:52:684,120000449,174057998,0,532115,0
14:31:52:884,120000447,174031098,1,532816,0
14:31:53:084,120000465,174041503,0,532594,0
14:31:53:284,120000438,173994988,0,534299,0
14:31:53:484,120000453,173832653,0,536940,0
14:31:53:684,120000441,173809263,0,537499,0
14:31:53:884,120000441,173845620,0,536036,0
14:31:54:084,120000445,173742441,0,538984,0
14:31:54:284,120000444,173730464,0,538898,0
14:31:54:484,120000442,173638345,0,542114,0
14:31:54:684,120000440,173770536,0,538187,0
14:31:54:884,120000442,173767685,1,538522,0
14:31:55:084,120000439,173742943,0,538261,0
14:31:55:284,120000447,173890760,1,536073,0
14:31:55:484,120000436,173831900,0,536621,0
14:31:55:684,120000434,173919152,1,534490,0
14:31:55:884,120000440,173937095,0,534824,0
14:31:56:084,120000454,173993032,0,533167,0
14:31:56:284,120000453,173919704,0,533809,0
14:31:56:484,120000438,173940104,0,533731,0
14:31:56:684,120000448,174012848,1,532615,0
14:31:56:884,120000447,174068526,0,531267,0
14:31:57:084,120000438,174063629,0,531496,0
14:31:57:284,120000455,174072074,0,532642,0
14:31:57:484,120000444,174060502,1,532811,0
14:31:57:684,120000444,174022680,0,532787,0
14:31:57:884,120000446,173909513,0,535114,0
14:31:58:084,120000445,173924623,0,535580,0
14:31:58:684,120000443,265122596,403,352,0
14:31:58:684,120000443,265122596,403,352,0
14:31:58:884,120000457,178380021,26,506317,0
14:31:59:084,120000453,174134562,0,530037,0
14:31:59:284,120000451,174113628,0,530835,0
14:31:59:484,120000450,174057776,0,531988,0
14:31:59:684,120000437,174118778,0,530434,0
14:31:59:884,120000479,174165774,0,528917,0
14:32:00:084,120000440,174159952,0,528841,0
14:32:00:284,120000432,174109129,0,530640,0
14:32:00:484,120000444,174095675,0,530936,0
14:32:00:684,120000439,174038478,0,532758,0
14:32:00:884,120000437,173963260,0,533925,0
14:32:01:084,120000445,173974719,0,533937,0
14:32:01:284,120000448,174106545,0,531734,0
14:32:01:484,120000439,174019223,0,533394,0
14:32:01:684,120000450,174035438,1,532581,0
14:32:01:884,120000442,174073871,0,531737,0
14:32:02:084,120000453,174160906,1,530156,0
14:32:02:284,120000450,174137777,0,529840,0
14:32:02:484,120000450,174132830,0,529826,0
14:32:02:684,120000445,174184053,0,528616,0
14:32:02:884,120000440,174102784,0,530992,0
14:32:03:084,120000443,174066692,1,532006,0
14:32:03:284,120000441,174055129,0,532498,0
14:32:03:484,120000453,174185358,0,529009,0
14:32:03:684,120000446,174092197,0,530979,0
14:32:03:884,120000444,174131145,0,530845,0
14:32:04:084,120000438,174151165,0,529686,0
14:32:04:284,120000454,174092708,0,531203,0
14:32:04:484,120000449,174071949,1,532019,0
14:32:04:684,120000433,174086982,0,531843,0
14:32:04:884,120000446,174108330,0,531540,0
14:32:05:084,120000440,174124820,0,530443,0
14:32:05:284,120000431,174070253,0,532043,0
14:32:05:484,120000441,174128273,0,530530,0
14:32:05:684,120000436,174085150,0,531447,0
14:32:05:884,120000445,174149422,0,529740,0
14:32:06:084,120000457,174147139,0,529796,0
14:32:06:284,120000455,174199210,0,528901,0
14:32:06:484,120000441,174132935,0,530788,0
14:32:06:684,120000441,174156037,0,530433,0
14:32:06:884,120000457,174138364,1,531060,0
14:32:07:084,120000444,174155727,0,530451,0
14:32:07:284,120000436,174191884,0,529750,0
14:32:07:484,120000445,174179865,1,529402,0
14:32:07:684,120000446,174161274,0,529345,0
14:32:07:884,120000452,174242287,1,527952,0
14:32:08:084,120000433,174132666,0,530209,0
14:32:08:284,120000450,174068958,0,532063,0
14:32:08:484,120000449,174074754,0,531127,0
14:32:08:684,120000449,174050258,0,532050,0
14:32:08:884,120000461,174142204,1,530048,0
14:32:09:084,120000435,174156137,0,529895,0
14:32:09:284,120000453,174076771,1,531743,0
14:32:09:484,120000430,174126812,0,530577,0
14:32:09:684,120000448,174223603,0,529188,0
14:32:09:884,120000446,174070956,1,532330,0
14:32:10:084,120000457,174114684,0,531552,0
14:32:10:284,120000440,174097061,1,531811,0
14:32:10:484,120000449,174080904,0,531477,0
14:32:10:684,120000441,174100210,0,531533,0
14:32:10:884,120000440,174144234,0,529892,0
14:32:11:084,120000441,174207254,0,528797,0
14:32:11:284,120000453,174143589,0,530473,0
14:32:11:484,120000438,174139237,0,529550,0
14:32:11:684,120000445,174158322,0,529412,0
14:32:11:884,120000449,173986321,0,532838,0
14:32:12:084,120000438,174043582,0,531829,0
14:32:12:284,120000437,174062119,1,531347,0
14:32:12:484,120000446,174090100,0,531665,0
14:32:12:684,120000437,174031849,0,532469,0
14:32:12:884,120000457,174137129,0,530251,0
14:32:13:084,120000457,174087745,0,531901,0
14:32:13:284,120000467,174117838,0,530732,0
14:32:13:484,120000441,174085964,0,531189,0
14:32:14:084,120000446,265130541,401,352,0
14:32:14:084,120000446,265130541,401,352,0
14:32:14:284,120000463,193801839,94,416049,0
14:32:14:484,120000439,174147114,0,530479,0
14:32:14:684,120000441,174175120,1,529454,0
14:32:14:884,120000442,174126333,0,530360,0
14:32:15:084,120000442,174178378,0,530518,0
14:32:15:284,120000478,174204327,0,529607,0
14:32:15:484,120000443,174153741,0,530721,0
14:32:15:684,120000448,174101804,0,531843,0
14:32:15:884,120000461,174080667,0,532338,0
14:32:16:084,120000429,174103346,0,531335,0
14:32:16:284,120000453,174123200,0,530572,0
14:32:16:484,120000436,174109360,0,531178,0
14:32:16:684,120000434,174046237,0,532576,0
14:32:16:884,120000453,173972144,0,534429,0
14:32:17:084,120000441,173965009,1,534584,0
14:32:17:284,120000463,173965356,0,534787,0
14:32:17:484,120000445,173883625,0,536565,0
14:32:17:684,120000441,173978589,0,533919,0
14:32:17:884,120000446,173989700,0,533941,0
14:32:18:084,120000445,174017196,1,533591,0
14:32:18:284,120000433,174122766,0,530824,0
14:32:18:484,120000442,174019055,0,533563,0
14:32:18:684,120000440,173998936,0,533857,0
14:32:18:884,120000449,174022798,0,532594,0
14:32:19:084,120000438,173980428,0,533102,0
14:32:19:284,120000437,173912756,0,534882,0
14:32:19:484,120000445,173931719,1,535174,0
14:32:19:684,120000457,173930116,0,534776,0
14:32:19:884,120000446,173892949,0,535074,0
14:32:20:084,120000441,173961154,0,534434,0
14:32:20:284,120000446,173927084,0,535429,0
14:32:20:484,120000438,173967656,0,534326,0
14:32:20:684,120000461,173940717,0,534323,0
14:32:20:884,120000441,173971803,1,534000,0
14:32:21:084,120000454,173981771,1,533370,0
14:32:21:284,120000445,174066238,0,531677,0
14:32:21:484,120000451,173956427,1,534438,0
14:32:21:684,120000452,173942179,0,534051,0
14:32:21:884,120000449,174019654,1,533233,0
14:32:22:084,120000438,174064911,0,532291,0
14:32:22:284,120000445,174048163,0,533232,0
14:32:22:484,120000458,173990425,1,534681,0
14:32:22:684,120000450,174016615,0,534049,0
14:32:22:884,120000441,174054939,0,533639,0
14:32:23:084,120000445,173987771,0,534059,0
14:32:23:284,120000433,173957971,0,534700,0
14:32:23:484,120000437,173951450,1,535552,0
14:32:23:684,120000442,174053579,0,533460,0
14:32:23:884,120000441,173972167,1,534978,0
14:32:24:084,120000441,173978778,0,534430,0
14:32:24:284,120000451,173890312,0,535973,0
14:32:24:484,120000444,173944208,0,535377,0
14:32:24:684,120000438,173967705,0,534998,0
14:32:24:884,120000437,174042896,1,532595,0
14:32:25:084,120000453,174041087,0,532639,0
14:32:25:284,120000449,173981073,0,534035,0
14:32:25:484,120000449,174021016,0,533484,0
14:32:25:684,120000430,174054852,0,533051,0
14:32:25:884,120000437,174077565,1,531735,0
14:32:26:084,120000434,174171018,0,528958,0
14:32:26:284,120000445,174079515,0,531280,0
14:32:26:484,120000453,174079350,0,530880,0
14:32:26:684,120000446,173995264,0,533261,0
14:32:26:884,120000452,173931826,0,534692,0
14:32:27:084,120000433,173901258,0,534278,0
14:32:27:284,120000451,174054966,1,531861,0
14:32:27:484,120000456,174022031,0,532950,0
14:32:27:684,120000459,173896128,0,535905,0
14:32:27:884,120000445,173939408,0,534102,0
14:32:28:084,120000457,173909310,0,534268,0
14:32:28:284,120000455,173916528,1,534360,0
14:32:28:484,120000457,173999457,0,532759,0
14:32:28:684,120000449,174039292,0,531787,0
14:32:28:884,120000446,173902370,0,534300,0
14:32:29:484,120000443,265134250,403,157,0
14:32:29:484,120000443,265134250,403,157,0
14:32:29:684,120000449,208605129,158,330500,0
14:32:29:884,120000458,173883207,0,535083,0
14:32:30:084,120000450,173864944,0,535994,0
14:32:30:284,120000450,173854382,0,536613,0
14:32:30:484,120000462,173915723,0,535141,0
14:32:30:684,120000445,173892554,0,534985,0
14:32:30:884,120000445,173980046,0,533182,0
14:32:31:084,120000453,173981146,0,534003,0
14:32:31:284,120000458,173993353,1,534288,0
14:32:31:484,120000426,174033948,0,533634,0
14:32:31:684,120000447,173926495,1,535375,0
14:32:31:884,120000442,173839555,0,537009,0
14:32:32:084,120000453,173958943,0,534832,0
14:32:32:284,120000430,173892606,0,536469,0
14:32:32:484,120000437,173993001,0,533782,0
14:32:32:684,120000440,174105680,0,531129,0
14:32:32:884,120000447,173927717,0,535197,0
14:32:33:084,120000461,173999461,0,533368,0
14:32:33:284,120000454,174045092,0,532281,0
14:32:33:484,120000438,173968837,0,534081,0
14:32:33:684,120000440,173903058,0,535720,0
14:32:33:884,120000447,173962573,0,535097,0
14:32:34:084,120000433,173974434,0,535155,0
14:32:34:284,120000433,174004498,0,534674,0
14:32:34:484,120000440,173878164,0,536603,0
14:32:34:684,120000446,173890937,0,536257,0
14:32:34:884,120000435,173977222,0,534908,0
14:32:35:084,120000450,173795377,1,538391,0
14:32:35:284,120000458,173893853,0,536027,0
14:32:35:484,120000443,173841501,0,538329,0
14:32:35:684,120000449,173851831,0,536319,0
14:32:35:884,120000444,173959313,0,534509,0
14:32:36:084,120000435,173882562,1,537222,0
14:32:36:284,120000444,173964819,0,535000,0
14:32:36:484,120000441,173995075,0,533980,0
14:32:36:684,120000458,174066677,0,533069,0
14:32:36:884,120000445,174126015,0,531726,0
14:32:37:084,120000441,174061688,0,532708,0
14:32:37:284,120000434,174044955,0,532858,0
14:32:37:484,120000462,174045806,0,532863,0
14:32:37:684,120000445,174047474,0,532709,0
14:32:37:884,120000458,174155117,0,529962,0
14:32:38:084,120000429,174049680,0,532337,0
14:32:38:284,120000434,173985423,0,533124,0
14:32:38:484,120000428,173949862,1,533751,0
14:32:38:684,120000447,174013129,0,532839,0
14:32:38:884,120000455,173975848,1,533758,0
14:32:39:084,120000446,174042410,1,532436,0
14:32:39:284,120000438,173954037,0,534920,0
14:32:39:484,120000429,173936648,0,534401,0
14:32:39:684,120000448,173906366,0,535214,0
14:32:39:884,120000460,173929747,0,535017,0
14:32:40:084,120000451,173949184,0,534423,0
14:32:40:284,120000440,173932469,0,534291,0
14:32:40:484,120000439,173914704,0,535247,0
14:32:40:684,120000447,173918663,0,534937,0
14:32:40:884,120000452,173965740,0,532920,0
14:32:41:084,120000445,173945278,0,533214,0
14:32:41:284,120000441,174008450,1,532459,0
14:32:41:484,120000463,173951833,0,533890,0
14:32:41:684,120000446,173984105,0,533275,0
14:32:41:884,120000456,173921088,1,534020,0
14:32:42:084,120000447,173885801,0,535615,0
14:32:42:284,120000457,173941031,0,535381,0
14:32:42:484,120000462,173983570,0,534415,0
14:32:42:684,120000457,173978183,0,533789,0
14:32:42:884,120000438,174030161,1,532436,0
14:32:43:084,120000442,174032367,0,533040,0
14:32:43:284,120000439,174039051,1,533515,0
14:32:43:484,120000451,174016788,0,534512,0
14:32:43:684,120000454,173998327,0,534719,0
14:32:43:884,120000453,173960818,0,534806,0
14:32:44:084,120000449,173966240,0,533876,0
14:32:44:284,120000449,174013857,1,533259,0
14:32:44:884,120000471,265133990,403,154,0
14:32:44:884,120000471,265133990,403,154,0
14:32:45:084,120000450,224056597,226,240773,0
14:32:45:284,120000446,173990577,1,534900,0
14:32:45:484,120000443,173967481,0,534514,0
14:32:45:684,120000452,173969572,1,534055,0
14:32:45:884,120000446,174141496,0,531390,0
14:32:46:084,120000454,174065952,0,532767,0
14:32:46:284,120000440,174006038,1,534031,0
14:32:46:484,120000451,173998947,0,534766,0
14:32:46:684,120000455,173978578,0,534861,0
14:32:46:884,120000441,174108223,0,531727,0
14:32:47:084,120000446,174072692,0,532304,0
14:32:47:284,120000451,174086805,0,532164,0
14:32:47:484,120000444,174114479,0,532074,0
14:32:47:684,120000429,174092036,1,532359,0
14:32:47:884,120000453,174073099,0,532550,0
14:32:48:084,120000433,174112949,1,532319,0
14:32:48:284,120000447,174181741,0,530601,0
14:32:48:484,120000436,174120872,0,531791,0
14:32:48:684,120000453,174101208,1,532019,0
14:32:48:884,120000449,174094085,0,532269,0
14:32:49:084,120000430,174128098,1,531829,0
14:32:49:284,120000437,174056238,0,532909,0
14:32:49:484,120000440,173997205,0,534470,0
14:32:49:684,120000459,173979603,1,535082,0
14:32:49:884,120000463,173949382,0,535832,0
14:32:50:084,120000440,174021887,0,534122,0
14:32:50:284,120000457,173885160,0,536246,0
14:32:50:485,120000455,173952138,0,536308,0
14:32:50:685,120000454,174000534,1,534927,0
14:32:50:885,120000441,174045340,0,533209,0
14:32:51:085,120000433,174035642,1,532830,0
14:32:51:285,120000445,174013341,0,533447,0
14:32:51:485,120000442,173976808,0,534904,0
14:32:51:685,120000433,173950355,0,535437,0
14:32:51:885,120000460,173962753,0,536097,0
14:32:52:085,120000434,173912801,1,537124,0
14:32:52:285,120000445,174012122,0,535049,0
14:32:52:485,120000450,174044806,1,534250,0
14:32:52:685,120000446,174059088,0,533428,0
14:32:52:885,120000449,173915679,0,536180,0
14:32:53:085,120000446,173921858,1,535887,0
14:32:53:285,120000449,173873485,0,536455,0
14:32:53:485,120000433,173894685,1,537114,0
14:32:53:685,120000454,173920909,0,537152,0
14:32:53:885,120000448,173918499,0,536324,0
14:32:54:085,120000454,173984060,0,534484,0
14:32:54:285,120000458,174016610,0,533954,0
14:32:54:485,120000466,174093038,1,531705,0
14:32:54:685,120000441,173986771,0,534519,0
14:32:55:085,120000455,173883605,0,536153,0
14:32:55:285,120000446,173971521,1,534429,0
14:32:55:485,120000458,174052518,1,532712,0
14:32:55:685,120000429,173963616,0,534714,0
14:32:55:885,120000437,174024816,0,532214,0
14:32:56:085,120000445,174088506,0,530813,0
14:32:56:285,120000446,174196894,0,528775,0
14:32:56:485,120000457,174148567,0,529582,0
14:32:56:685,120000438,174105801,0,529637,0
14:32:56:885,120000456,174052727,0,531437,0
14:32:57:085,120000458,174099819,0,531211,0
14:32:57:285,120000440,174158247,0,530057,0
14:32:57:485,120000452,174184851,0,529093,0
14:32:57:685,120000455,174133062,0,530188,0
14:32:57:885,120000443,174147192,1,529654,0
14:32:58:085,120000448,174094480,0,531467,0
14:32:58:285,120000456,174118440,0,530905,0
14:32:58:485,120000447,174105249,0,531337,0
14:32:58:685,120000453,174077057,0,531816,0
14:32:58:885,120000436,174018672,0,532849,0
14:32:59:085,120000429,174014403,0,533208,0
14:32:59:285,120000440,174013310,1,533096,0
14:32:59:485,120000459,174041416,0,532068,0
14:32:59:685,120000432,174131235,0,530056,0
14:32:59:885,120000450,174066310,1,531683,0
14:33:00:285,120000469,265141381,402,161,0
14:33:00:485,120000445,239497641,294,149419,0
14:33:00:685,120000441,174133648,0,530170,0
14:33:00:885,120000441,174193255,0,529106,0
14:33:01:085,120000445,174092107,0,531297,0
14:33:01:285,120000435,174034897,1,532142,0
14:33:01:485,120000428,174029449,0,532331,0
14:33:01:685,120000455,174027904,1,532454,0
14:33:01:885,120000443,174032102,0,532473,0
14:33:02:085,120000454,173973342,0,534265,0
14:33:02:285,120000442,174005904,1,533272,0
14:33:02:485,120000452,174012549,0,533161,0
14:33:02:685,120000430,173985454,0,533904,0
14:33:02:885,120000450,174040981,0,532465,0
14:33:03:085,120000452,174043158,0,532783,0
14:33:03:285,120000458,173978314,1,534130,0
14:33:03:485,120000449,173966681,0,534079,0
14:33:03:685,120000454,173961968,0,534623,0
14:33:03:885,120000441,173976165,0,534321,0
14:33:04:085,120000451,173984030,1,534188,0
14:33:04:285,120000452,174037095,1,532937,0
14:33:04:485,120000445,173950841,0,535273,0
14:33:04:685,120000447,173847081,0,536881,0
14:33:04:885,120000446,173898395,0,535897,0
14:33:05:085,120000447,173900570,0,536166,0
14:33:05:285,120000445,174016077,0,533998,0
14:33:05:485,120000456,174024156,0,533939,0
14:33:05:685,120000447,174097154,1,531949,0
14:33:05:885,120000449,174130439,0,531061,0
14:33:06:085,120000441,174015880,0,533750,0
14:33:06:285,120000440,174002396,0,534160,0
14:33:06:485,120000444,174047066,0,533319,0
14:33:06:685,120000445,174130938,1,531628,0
14:33:06:885,120000439,174181217,0,530891,0
14:33:07:085,120000438,174110646,1,531845,0
14:33:07:285,120000437,174052729,0,532508,0
14:33:07:485,120000445,174048994,0,532348,0
14:33:07:685,120000445,174010844,0,533434,0
14:33:07:885,120000443,174051942,0,532676,0
14:33:08:085,120000446,174073374,1,531714,0
14:33:08:285,120000465,174095977,0,531301,0
14:33:08:485,120000456,174134230,0,530258,0
14:33:08:685,120000445,174068790,0,531749,0
14:33:08:885,120000444,174024239,0,532462,0
14:33:09:085,120000442,173978920,1,533692,0
14:33:09:285,120000446,174110479,0,530939,0
14:33:09:485,120000437,174159241,1,529979,0
14:33:09:685,120000438,174086365,0,531552,0
14:33:09:885,120000456,174155405,0,529966,0
14:33:10:085,120000438,174193563,0,528765,0
14:33:10:285,120000457,174087742,0,530764,0
14:33:10:485,120000441,173963752,1,533498,0
14:33:10:685,120000455,173945513,0,533818,0
14:33:10:885,120000450,173962534,0,533747,0
14:33:11:085,120000452,173945759,0,533679,0
14:33:11:285,120000450,173903972,0,534458,0
14:33:11:485,120000456,173913513,1,535316,0
14:33:11:685,120000456,173901581,0,535344,0
14:33:11:885,120000432,173865637,0,535882,0
14:33:12:085,120000437,173952274,0,534460,0
14:33:12:285,120000445,173915722,0,535437,0
14:33:12:485,120000449,173964963,0,533868,0
14:33:12:685,120000446,173936327,0,534157,0
14:33:12:885,120000454,173863571,0,536364,0
14:33:13:085,120000436,173814074,0,536984,0
14:33:13:285,120000451,173874787,0,536205,0
14:33:13:485,120000440,173912635,1,535919,0
14:33:13:685,120000453,173933660,0,534228,0
14:33:13:885,120000458,173905356,0,535168,0
14:33:14:085,120000455,173974402,0,534343,0
14:33:14:285,120000448,173975645,0,534687,0
14:33:14:485,120000438,173967504,0,533994,0
14:33:14:685,120000451,173985934,0,532825,0
14:33:14:885,120000452,174013313,1,532452,0
14:33:15:085,120000441,174061730,0,531547,0
14:33:15:285,120000449,174016984,0,532642,0
14:33:15:685,120000474,265130398,402,342,0
14:33:15:885,120000451,254347011,360,63437,0
14:33:16:085,120000464,173883773,0,534901,0
14:33:16:285,120000441,173978041,0,532850,0
14:33:16:485,120000445,173925325,0,533692,0
14:33:16:685,120000463,173866271,0,535106,0
14:33:16:885,120000455,173973244,1,533122,0
14:33:17:085,120000449,173986893,0,532473,0
14:33:17:285,120000443,173936353,0,533384,0
14:33:17:485,120000436,173846425,0,535496,0
14:33:17:685,120000437,173914149,0,535201,0
14:33:17:885,120000445,173977193,0,533110,0
14:33:18:085,120000454,173934988,0,533858,0
14:33:18:285,120000430,173898664,1,534969,0
14:33:18:485,120000437,173903227,0,535164,0
14:33:18:685,120000450,173979455,0,533085,0
14:33:18:885,120000452,173850871,0,536068,0
14:33:19:085,120000433,173944505,0,534389,0
14:33:19:285,120000434,173962260,1,533815,0
14:33:19:485,120000437,173937381,0,533681,0
14:33:19:685,120000437,174023940,1,532613,0
14:33:19:885,120000445,174006293,0,532683,0
14:33:20:085,120000441,174087976,0,531166,0
14:33:20:285,120000434,174061902,1,532200,0
14:33:20:485,120000450,173919537,0,535712,0
14:33:20:685,120000433,173926941,0,535573,0
14:33:20:885,120000457,173849443,0,536611,0
14:33:21:085,120000453,173880337,0,535892,0
14:33:21:285,120000433,173833496,0,536190,0
14:33:21:485,120000446,173826537,0,537107,0
14:33:21:685,120000441,173875077,1,536247,0
14:33:21:885,120000449,173806693,0,537149,0
14:33:22:085,120000435,173852060,0,537526,0
14:33:22:285,120000439,173954593,0,534573,0
14:33:22:485,120000446,173881299,0,535860,0
14:33:22:685,120000454,173950444,1,535174,0
14:33:22:885,120000458,173996891,0,534175,0
14:33:23:085,120000432,174041994,0,533057,0
14:33:23:285,120000451,174005847,0,533584,0
14:33:23:485,120000448,173976397,0,534688,0
14:33:23:685,120000446,174034948,0,533122,0
14:33:23:885,120000454,173943293,0,535222,0
14:33:24:085,120000445,173874118,0,536250,0
14:33:24:285,120000446,173816566,0,535980,0
14:33:24:485,120000446,173807788,0,537141,0
14:33:24:685,120000444,173780179,0,536680,0
14:33:24:885,120000458,173836144,0,536263,0
14:33:25:085,120000454,173814506,1,536245,0
14:33:25:285,120000462,173824809,0,536740,0
14:33:25:485,120000451,173878394,0,536010,0
14:33:25:685,120000449,173792527,0,537391,0
14:33:25:885,120000441,173794965,0,538073,0
14:33:26:085,120000441,173793118,0,537671,0
14:33:26:285,120000445,173893105,0,536496,0
14:33:26:485,120000450,173952491,0,534738,0
14:33:26:685,120000428,173966119,0,533436,0
14:33:26:885,120000442,173889520,0,534893,0
14:33:27:085,120000432,173827197,1,537561,0
14:33:27:285,120000454,173784634,0,537817,0
14:33:27:485,120000445,173852801,1,536926,0
14:33:27:685,120000441,173867885,0,536130,0
14:33:27:885,120000445,173830896,0,536708,0
14:33:28:085,120000438,173839802,1,537335,0
14:33:28:285,120000437,173807983,0,537071,0
14:33:28:485,120000445,173883582,1,536117,0
14:33:28:685,120000441,173913545,1,535678,0
14:33:28:885,120000453,173986501,0,533152,0
14:33:29:085,120000458,173958080,0,533400,0
14:33:29:285,120000438,173975041,0,533822,0
14:33:29:485,120000438,173949021,1,534307,0
14:33:29:685,120000433,173890708,0,536093,0
14:33:29:885,120000456,173892872,0,535783,0
14:33:30:085,120000443,173918619,0,535522,0
14:33:30:285,120000452,173917368,0,535466,0
14:33:30:485,120000430,173901709,0,535050,0
14:33:30:685,120000445,173956264,0,533636,0
14:33:31:285,120000445,265141786,401,162,0
14:33:31:285,120000445,265141786,401,162,0
14:33:31:485,120000450,178538386,28,508851,0
14:33:31:685,120000792,173787669,0,537086,0
14:33:31:885,120000447,173770674,1,538880,0
14:33:32:085,120000436,173775297,0,537439,0
14:33:32:285,120000437,173855256,0,536919,0
14:33:32:485,120000457,173951682,0,533816,0
14:33:32:685,120000458,173974884,0,532955,0
14:33:32:885,120000459,173831790,0,536552,0
14:33:33:085,120000453,173915318,0,535170,0
14:33:33:285,120000443,173971185,0,533625,0
14:33:33:485,120000452,174004594,0,532900,0
14:33:33:685,120000447,174043987,0,532118,0
14:33:33:885,120000433,174006043,1,533019,0
14:33:34:085,120000440,173953025,0,534584,0
14:33:34:285,120000446,173956417,0,534317,0
14:33:34:485,120000432,173874272,0,535566,0
14:33:34:685,120000462,173913197,0,535196,0
14:33:34:885,120000446,173979882,0,533854,0
14:33:35:085,120000432,174053976,0,531882,0
14:33:35:285,120000442,173947240,1,534385,0
14:33:35:485,120000449,174011901,0,533245,0
14:33:35:685,120000447,174031469,1,533220,0
14:33:35:885,120000450,173968331,0,534447,0
14:33:36:085,120000453,173956300,0,534281,0
14:33:36:285,120000448,173907334,0,534600,0
14:33:36:485,120000436,173915313,0,534754,0
14:33:36:685,120000447,173887773,0,535225,0
14:33:36:885,120000438,173938548,0,533877,0
14:33:37:085,120000437,173888785,0,535311,0
14:33:37:285,120000441,173839970,1,537462,0
14:33:37:485,120000449,173817532,0,536768,0
14:33:37:685,120000442,173795139,1,537708,0
14:33:37:885,120000444,173843067,0,536084,0
14:33:38:085,120000460,173812768,0,536715,0
14:33:38:285,120000440,173908112,1,535520,0
14:33:38:485,120000442,173933461,0,535047,0
14:33:38:685,120000446,173966030,1,533950,0
14:33:38:885,120000447,173917777,0,535507,0
14:33:39:085,120000463,173989219,0,534546,0
14:33:39:285,120000442,173996639,0,533949,0
14:33:39:485,120000444,174020616,0,532986,0
14:33:39:685,120000458,174129310,1,530261,0
14:33:39:885,120000434,174114094,0,530408,0
14:33:40:085,120000448,174051485,0,531916,0
14:33:40:285,120000446,174038138,0,531846,0
14:33:40:485,120000463,174015740,0,532238,0
14:33:40:685,120000457,174049028,1,531442,0
14:33:40:885,120000437,174083170,0,530198,0
14:33:41:085,120000426,174119954,0,529206,0
14:33:41:285,120000448,174131982,0,528294,0
14:33:41:485,120000453,174012124,0,531594,0
14:33:41:685,120000436,173974431,1,533504,0
14:33:41:885,120000461,173992577,0,532723,0
14:33:42:085,120000445,173976193,1,533098,0
14:33:42:285,120000436,174050076,0,532422,0
14:33:42:485,120000454,174038433,1,532426,0
14:33:42:685,120000445,174082323,0,531588,0
14:33:42:885,120000449,174044316,0,532668,0
14:33:43:085,120000454,174084342,0,531550,0
14:33:43:285,120000446,174093522,0,531119,0
14:33:43:485,120000433,174111585,0,530991,0
14:33:43:685,120000450,174087406,0,531603,0
14:33:43:885,120000436,174119886,0,530855,0
14:33:44:085,120000445,174078125,0,531382,0
14:33:44:285,120000446,174063859,0,531715,0
14:33:44:485,120000446,174075133,0,531199,0
14:33:44:685,120000432,174023114,0,531659,0
14:33:44:885,120000454,174045723,0,531127,0
14:33:45:085,120000445,173985782,0,532312,0
14:33:45:285,120000449,173868431,0,535855,0
14:33:45:485,120000435,173945079,1,533798,0
14:33:45:685,120000425,173935661,0,533603,0
14:33:45:885,120000438,173949354,1,533363,0
14:33:46:085,120000464,173979028,1,532825,0
14:33:46:685,120000447,265122914,403,342,0
14:33:46:685,120000447,265122914,403,342,0
14:33:46:885,120000449,193611412,92,417903,0
14:33:47:085,120000461,173962230,0,533288,0
14:33:47:285,120000451,173946450,0,534053,0
14:33:47:485,120000442,173967629,1,533488,0
14:33:47:685,120000449,174023443,0,532145,0
14:33:47:885,120000459,173979956,1,532697,0
14:33:48:085,120000441,173860799,0,534572,0
14:33:48:285,120000456,173855867,1,535999,0
14:33:48:485,120000453,173823580,0,536801,0
14:33:48:685,120000443,173852950,0,535866,0
14:33:48:885,120000446,173879260,1,535938,0
14:33:49:085,120000444,173892133,0,534695,0
14:33:49:285,120000445,173926697,0,533695,0
14:33:49:485,120000458,173904367,0,534767,0
14:33:49:685,120000440,173930628,0,534009,0
14:33:49:885,120000446,173896574,0,534053,0
14:33:50:085,120000466,173894103,0,534969,0
14:33:50:285,120000451,173969652,1,534169,0
14:33:50:485,120000444,173922466,0,534989,0
14:33:50:685,120000457,173923013,0,535284,0
14:33:50:885,120000455,173800984,1,538515,0
14:33:51:085,120000449,173802784,0,538143,0
14:33:51:285,120000462,173811709,1,538651,0
14:33:51:485,120000426,173866811,0,536946,0
14:33:51:685,120000436,173805180,0,537631,0
14:33:51:885,120000439,173828596,1,537811,0
14:33:52:085,120000447,173885444,0,535831,0
14:33:52:285,120000449,173896329,1,536069,0
14:33:52:485,120000446,173862776,0,537053,0
14:33:52:685,120000449,173785938,0,537937,0
14:33:52:885,120000447,173777215,0,538954,0
14:33:53:085,120000446,173878802,0,535607,0
14:33:53:285,120000444,173969684,0,533358,0
14:33:53:485,120000434,173966538,0,533763,0
14:33:53:685,120000457,173957437,0,533862,0
14:33:53:885,120000439,173958234,0,533581,0
14:33:54:085,120000439,174029884,0,532292,0
14:33:54:285,120000445,174104226,0,530191,0
14:33:54:485,120000449,174027499,0,532862,0
14:33:54:685,120000446,174006386,1,533217,0
14:33:54:885,120000438,173972098,0,533610,0
14:33:55:085,120000456,174041015,0,532090,0
14:33:55:285,120000450,174078670,0,531319,0
14:33:55:485,120000448,174114153,0,530939,0
14:33:55:685,120000461,174074351,0,531913,0
14:33:55:885,120000440,174007417,0,533165,0
14:33:56:085,120000438,174020679,0,533270,0
14:33:56:285,120000453,173988776,0,533920,0
14:33:56:485,120000438,173972412,0,534199,0
14:33:56:685,120000442,174005332,0,533651,0
14:33:56:885,120000447,173983596,0,534331,0
14:33:57:085,120000435,173999335,1,533187,0
14:33:57:285,120000439,173946226,0,534499,0
14:33:57:485,120000455,173999729,0,533852,0
14:33:57:685,120000456,174005618,0,533259,0
14:33:57:885,120000458,173924207,0,534962,0
14:33:58:085,120000433,173773234,1,538257,0
14:33:58:285,120000443,173881382,0,536302,0
14:33:58:485,120000436,173890439,0,534736,0
14:33:58:685,120000450,173867240,0,535925,0
14:33:58:885,120000445,173837200,0,536923,0
14:33:59:085,120000438,173847473,0,535754,0
14:33:59:285,120000429,173885000,0,535897,0
14:33:59:485,120000437,173983494,0,533851,0
14:33:59:685,120000448,173970453,0,533630,0
14:33:59:885,120000454,173897247,0,533903,0
14:34:00:085,120000452,173988775,1,532451,0
14:34:00:285,120000460,174019232,0,532586,0
14:34:00:485,120000439,174001331,0,533309,0
14:34:00:685,120000455,174016217,0,532614,0
14:34:00:885,120000438,174042159,0,531638,0
14:34:01:085,120000446,173983886,0,532806,0
14:34:01:285,120000446,173978833,0,533699,0
14:34:01:485,120000452,174053722,1,531573,0
14:34:02:085,120000440,265134316,403,169,0
14:34:02:085,120000440,265134316,403,169,0
14:34:02:285,120000452,209004646,160,327966,0
14:34:02:485,120000448,174012970,1,532737,0
14:34:02:685,120000461,174005389,0,532988,0
14:34:02:885,120000443,173977914,0,534027,0
14:34:03:085,120000431,173917817,0,535486,0
14:34:03:285,120000455,173987319,0,533733,0
14:34:03:485,120000439,174011818,0,532883,0
14:34:03:685,120000451,174010977,0,533580,0
14:34:03:885,120000441,173979395,1,533868,0
14:34:04:085,120000444,174025428,0,532878,0
14:34:04:285,120000457,174062077,0,531778,0
14:34:04:485,120000440,173987266,0,533340,0
14:34:04:685,120000439,173893798,0,535198,0
14:34:04:885,120000450,173900285,1,535444,0
14:34:05:085,120000441,173914282,0,534001,0
14:34:05:285,120000437,174027733,0,531066,0
14:34:05:485,120000457,173994188,0,532083,0
14:34:05:685,120000441,173959551,0,533188,0
14:34:05:885,120000448,173974780,1,533314,0
14:34:06:085,120000447,173989188,0,532925,0
14:34:06:285,120000446,173911694,0,534379,0
14:34:06:485,120000441,173998227,0,532415,0
14:34:06:685,120000434,174034647,0,531765,0
14:34:06:885,120000440,174020496,0,532152,0
14:34:07:085,120000442,173959925,0,533226,0
14:34:07:285,120000445,173918735,1,534094,0
14:34:07:485,120000438,173785849,0,537277,0
14:34:07:685,120000448,173875522,0,534907,0
14:34:07:885,120000438,173893516,0,534016,0
14:34:08:085,120000429,173836155,0,536036,0
14:34:08:285,120000445,173870848,0,534685,0
14:34:08:485,120000449,173840943,0,535669,0
14:34:08:685,120000454,173976186,0,532879,0
14:34:08:885,120000458,174066452,0,530830,0
14:34:09:085,120000457,174022611,0,531827,0
14:34:09:285,120000443,174010207,0,532020,0
14:34:09:485,120000441,174039246,0,531868,0
14:34:09:685,120000440,173998020,1,533089,0
14:34:09:885,120000458,174051326,0,532333,0
14:34:10:085,120000445,173966538,0,533490,0
14:34:10:285,120000438,173897402,0,534680,0
14:34:10:485,120000456,173969844,0,532647,0
14:34:10:685,120000448,173889455,1,535203,0
14:34:10:885,120000449,173927350,0,534885,0
14:34:11:085,120000452,173928991,0,534573,0
14:34:11:285,120000440,173834044,0,535535,0
14:34:11:485,120000447,173858561,0,536039,0
14:34:11:685,120000450,173819236,1,536912,0
14:34:11:885,120000441,173907295,0,535317,0
14:34:12:085,120000455,173926731,0,534293,0
14:34:12:285,120000434,173925184,0,534016,0
14:34:12:485,120000439,173891853,0,535453,0
14:34:12:685,120000440,173889900,1,535919,0
14:34:12:885,120000442,173892833,0,535175,0
14:34:13:085,120000452,173808173,0,536938,0
14:34:13:285,120000428,173753585,0,538326,0
14:34:13:485,120000440,173761139,0,537751,0
14:34:13:685,120000462,173895531,1,536355,0
14:34:13:885,120000458,173941291,0,534248,0
14:34:14:085,120000450,173889365,0,535343,0
14:34:14:285,120000430,173949116,0,534601,0
14:34:14:485,120000440,174014732,0,532991,0
14:34:14:685,120000441,173960874,0,534014,0
14:34:14:885,120000441,173983599,0,533110,0
14:34:15:085,120000453,174054043,1,531702,0
14:34:15:285,120000439,173982892,0,533643,0
14:34:15:485,120000444,173986091,0,534379,0
14:34:15:685,120000446,173953819,0,534525,0
14:34:15:885,120000437,174014927,0,532077,0
14:34:16:085,120000441,173913140,1,534109,0
14:34:16:285,120000437,174022386,0,532404,0
14:34:16:485,120000454,173959737,0,533555,0
14:34:16:685,120000447,173939711,0,533571,0
14:34:16:885,120000447,174022076,0,531979,0
14:34:17:485,120000471,265141264,401,150,0
14:34:17:485,120000471,265141264,401,150,0
14:34:17:685,120000456,223926895,226,240997,0
14:34:17:885,120000443,174046793,0,532160,0
14:34:18:085,120000446,174153774,1,529661,0
14:34:18:285,120000452,174140871,0,529469,0
14:34:18:485,120000441,174149374,1,529196,0
14:34:18:685,120000461,174125725,0,529875,0
14:34:18:885,120000443,174121570,0,530472,0
14:34:19:085,120000456,174150926,0,529912,0
14:34:19:285,120000445,174169612,0,529642,0
14:34:19:485,120000457,174225131,1,528419,0
14:34:19:685,120000455,174146009,0,530035,0
14:34:19:885,120000458,174086445,0,531282,0
14:34:20:085,120000448,174042074,0,531873,0
14:34:20:285,120000450,174093247,0,530984,0
14:34:20:485,120000446,174149653,1,529521,0
14:34:20:685,120000429,174113856,0,529953,0
14:34:20:885,120000453,174149687,1,529186,0
14:34:21:085,120000441,174091999,0,531382,0
14:34:21:285,120000443,174089304,0,531414,0
14:34:21:485,120000440,174104125,0,531175,0
14:34:21:685,120000454,174059761,0,532366,0
14:34:21:885,120000433,174028274,1,533443,0
14:34:22:085,120000454,174057428,0,532716,0
14:34:22:285,120000456,174030402,0,533033,0
14:34:22:485,120000452,174007138,0,534067,0
14:34:22:685,120000444,174049469,0,532874,0
14:34:22:885,120000445,174065669,1,532289,0
14:34:23:085,120000446,174133907,0,530697,0
14:34:23:285,120000452,174048063,0,532904,0
14:34:23:485,120000459,174027549,0,532896,0
14:34:23:685,120000450,174028051,0,533095,0
14:34:23:885,120000453,174073186,1,532266,0
14:34:24:085,120000447,174063553,0,532254,0
14:34:24:285,120000456,174068931,1,532612,0
14:34:24:485,120000453,174021254,0,533339,0
14:34:24:685,120000438,174041327,0,532721,0
14:34:24:885,120000442,174080632,0,531274,0
14:34:25:085,120000460,174068235,0,531247,0
14:34:25:285,120000457,174091126,1,531002,0
14:34:25:485,120000427,174070676,0,531235,0
14:34:25:685,120000428,174129989,0,530164,0
14:34:25:885,120000448,174068925,0,531447,0
14:34:26:085,120000454,174042097,0,532191,0
14:34:26:285,120000433,174032460,1,533034,0
14:34:26:485,120000437,174033196,0,533036,0
14:34:26:685,120000451,174015472,0,533356,0
14:34:26:885,120000437,174019313,0,533200,0
14:34:27:085,120000465,174066814,0,531907,0
14:34:27:285,120000449,174094180,0,531244,0
14:34:27:485,120000454,174118103,0,530422,0
14:34:27:885,120000450,174119771,0,529776,0
14:34:28:085,120000452,174045617,0,531844,0
14:34:28:285,120000450,173992069,0,532731,0
14:34:28:485,120000446,174042369,0,532207,0
14:34:28:685,120000454,174083416,1,531157,0
14:34:28:885,120000441,174189250,0,528803,0
14:34:29:085,120000441,174113914,1,530303,0
14:34:29:285,120000437,174096875,0,530571,0
14:34:29:485,120000445,174054776,0,531940,0
14:34:29:685,120000446,174110238,1,530894,0
14:34:29:885,120000446,174127736,0,530373,0
14:34:30:085,120000445,174074072,1,531711,0
14:34:30:285,120000443,174085558,0,531165,0
14:34:30:485,120000452,174089217,0,531213,0
14:34:30:685,120000449,174119817,0,530356,0
14:34:30:885,120000450,174092813,0,530748,0
14:34:31:085,120000450,174032518,1,532510,0
14:34:31:285,120000452,174006907,0,533061,0
14:34:31:485,120000440,173999846,0,532970,0
14:34:31:685,120000455,173973529,0,533474,0
14:34:31:885,120000907,173942477,0,534252,0
14:34:32:085,120000456,174053814,1,531609,0
14:34:32:285,120000436,173992554,0,533278,0
14:34:32:485,120000441,174035059,0,532054,0
14:34:32:885,120000465,265141736,402,170,0
14:34:33:085,120000458,239355762,294,150527,0
14:34:33:285,120000446,174126450,0,530340,0
14:34:33:485,120000461,174094473,0,531133,0
14:34:33:685,120000437,174126013,0,530581,0
14:34:33:885,120000450,174067532,0,531824,0
14:34:34:085,120000433,174062062,0,531925,0
14:34:34:285,120000455,174085462,0,530807,0
14:34:34:485,120000446,174022594,1,531746,0
14:34:34:685,120000444,173918742,0,534051,0
14:34:34:885,120000464,173981389,0,532988,0
14:34:35:085,120000458,174039394,0,531445,0
14:34:35:285,120000454,174133958,0,529612,0
14:34:35:485,120000454,174154111,1,529197,0
14:34:35:685,120000448,174174880,0,528459,0
14:34:35:885,120000454,174186115,0,528204,0
14:34:36:085,120000433,174132546,1,530047,0
14:34:36:285,120000443,174143833,0,529753,0
14:34:36:485,120000453,174112008,1,530181,0
14:34:36:685,120000450,174073229,0,531387,0
14:34:36:885,120000453,174060224,0,531611,0
14:34:37:085,120000454,174066674,0,531648,0
14:34:37:285,120000483,174092621,0,531005,0
14:34:37:485,120000439,174092469,0,530697,0
14:34:37:685,120000446,174132091,0,529400,0
14:34:37:885,120000440,174191743,0,528721,0
14:34:38:085,120000454,174135980,0,530259,0
14:34:38:285,120000445,174155863,0,529867,0
14:34:38:485,120000444,174193958,1,528734,0
14:34:38:685,120000456,174162065,0,529997,0
14:34:38:885,120000459,174074127,1,531503,0
14:34:39:085,120000444,174059848,0,531275,0
14:34:39:285,120000436,174107577,0,530007,0
14:34:39:485,120000447,174084329,1,529996,0
14:34:39:685,120000453,174137654,0,528947,0
14:34:39:885,120000434,174094645,1,530411,0
14:34:40:085,120000453,174001143,0,533890,0
14:34:40:285,120000430,174032161,0,533213,0
14:34:40:485,120000431,174011717,0,532704,0
14:34:40:685,120000434,174011968,0,532918,0
14:34:40:885,120000445,174039131,0,532742,0
14:34:41:085,120000444,174084289,0,531373,0
14:34:41:285,120000448,173965298,1,534443,0
14:34:41:485,120000428,174030488,0,532580,0
14:34:41:685,120000459,174019508,0,532782,0
14:34:41:885,120000451,174025950,0,532106,0
14:34:42:085,120000450,173993635,0,532411,0
14:34:42:285,120000451,173976419,1,532989,0
14:34:42:485,120000439,174072692,0,531589,0
14:34:42:685,120000451,174224764,0,528230,0
14:34:42:885,120000453,174232630,0,528128,0
14:34:43:085,120000433,174241709,0,528565,0
14:34:43:285,120000454,174170006,0,529746,0
14:34:43:485,120000453,174137481,0,530776,0
14:34:43:685,120000446,174182025,0,529702,0
14:34:43:885,120000455,174143708,0,530930,0
14:34:44:085,120000457,174141389,0,530394,0
14:34:44:285,120000429,174136807,0,530778,0
14:34:44:485,120000445,174124153,0,530937,0
14:34:44:685,120000438,174105059,1,531110,0
14:34:44:885,120000453,174028540,0,532739,0
14:34:45:085,120000453,174007929,0,533283,0
14:34:45:285,120000441,173898691,0,534998,0
14:34:45:485,120000448,173955564,0,534274,0
14:34:45:685,120000464,173903553,1,535624,0
14:34:45:885,120000437,173908079,0,535250,0
14:34:46:085,120000466,173903529,0,535221,0
14:34:46:285,120000463,173884791,0,536502,0
14:34:46:485,120000440,173920747,0,535049,0
14:34:46:685,120000463,173875958,1,535343,0
14:34:46:885,120000448,173954132,0,533741,0
14:34:47:085,120000443,173949531,1,533933,0
14:34:47:285,120000441,173934811,0,533930,0
14:34:47:485,120000449,173951977,0,534205,0
14:34:47:685,120000437,174018560,0,532514,0
14:34:47:885,120000437,174064092,0,531467,0
14:34:48:285,120000468,265134154,404,169,0
14:34:48:485,120000461,254279977,358,63719,0
14:34:48:685,120000453,173996972,0,532549,0
14:34:48:885,120000451,174051445,0,531124,0
14:34:49:085,120000449,174090818,1,530867,0
14:34:49:285,120000455,174119922,0,530139,0
14:34:49:485,120000446,174071867,1,530876,0
14:34:49:685,120000451,174070637,0,530628,0
14:34:49:885,120000454,174086177,0,530158,0
14:34:50:085,120000436,174069223,1,531361,0
14:34:50:285,120000450,174118592,0,530222,0
14:34:50:485,120000433,174075615,0,531284,0
14:34:50:685,120000453,173973649,1,534518,0
14:34:50:885,120000443,173865044,0,536461,0
14:34:51:085,120000429,173910827,1,535242,0
14:34:51:285,120000449,173888781,0,536588,0
14:34:51:485,120000433,173904337,1,536004,0
14:34:51:685,120000445,173921190,0,535300,0
14:34:51:885,120000451,173930406,0,535693,0
14:34:52:085,120000461,173935621,0,536069,0
14:34:52:285,120000439,173972598,0,534650,0
14:34:52:485,120000442,173867139,1,535934,0
14:34:52:685,120000459,173927480,0,536171,0
14:34:52:885,120000463,174053719,0,532518,0
14:34:53:085,120000440,174112678,0,530663,0
14:34:53:285,120000457,173993907,0,532993,0
14:34:53:485,120000450,173965138,0,533388,0
14:34:53:685,120000454,173946948,0,534193,0
14:34:53:885,120000436,174046017,1,531947,0
14:34:54:085,120000439,174078394,0,531559,0
14:34:54:285,120000441,174072622,0,531998,0
14:34:54:485,120000444,174058492,0,532407,0
14:34:54:685,120000443,174066109,0,531762,0
14:34:54:885,120000451,174059048,1,532076,0
14:34:55:085,120000451,174025288,0,532258,0
14:34:55:285,120000449,174051164,0,531717,0
14:34:55:485,120000446,174044217,0,531676,0
14:34:55:685,120000430,174066922,0,531950,0
14:34:55:885,120000457,174006304,1,533340,0
14:34:56:085,120000440,174051896,0,532559,0
14:34:56:285,120000459,174055814,0,532523,0
14:34:56:485,120000429,174019643,0,533223,0
14:34:56:685,120000453,173985161,0,533759,0
14:34:56:885,120000449,173930206,0,534811,0
14:34:57:085,120000438,173947437,0,535081,0
14:34:57:285,120000438,174050774,0,532492,0
14:34:57:485,120000445,174002580,0,533270,0
14:34:57:685,120000437,173976529,0,534067,0
14:34:57:885,120000435,173812313,0,537068,0
14:34:58:085,120000456,173986324,0,533257,0
14:34:58:285,120000432,174017302,1,532721,0
14:34:58:485,120000442,174054442,0,531208,0
14:34:58:685,120000445,174000335,0,532705,0
14:34:58:885,120000449,174040861,0,531112,0
14:34:59:085,120000450,173971477,0,533124,0
14:34:59:285,120000437,173966774,1,534261,0
14:34:59:485,120000437,173928892,0,534934,0
14:34:59:685,120000442,173955269,0,534624,0
14:34:59:885,120000437,173898271,0,535211,0
14:35:00:085,120000442,173941788,0,534720,0
14:35:00:285,120000442,173969856,0,533633,0
14:35:00:485,120000455,174005020,0,532832,0
14:35:00:685,120000442,173905116,1,535121,0
14:35:00:885,120000447,174003538,0,533349,0
14:35:01:085,120000452,174070736,0,531696,0
14:35:01:285,120000438,173988123,1,533670,0
14:35:01:485,120000442,173933119,0,535046,0
14:35:01:685,120000442,173851456,1,536591,0
14:35:01:885,120000439,173883050,0,535968,0
14:35:02:085,120000437,173954859,0,534636,0
14:35:02:285,120000445,174022141,0,533289,0
14:35:02:485,120000438,174009585,0,533270,0
14:35:02:685,120000445,173970230,0,533512,0
14:35:02:885,120000446,173934985,0,535837,0
14:35:03:085,120000432,174011003,0,533875,0
14:35:03:285,120000443,174026205,0,532938,0
14:35:03:885,120000448,265134422,403,162,0
14:35:03:885,120000448,265134422,403,162,0
14:35:04:085,120000458,178600542,26,504974,0
14:35:04:285,120000448,174016181,0,533501,0
14:35:04:485,120000450,174009424,0,533690,0
14:35:04:685,120000439,174059853,0,532321,0
14:35:04:885,120000434,174065899,0,532044,0
14:35:05:085,120000463,174023255,1,532205,0
14:35:05:285,120000436,173885856,0,535298,0
14:35:05:485,120000457,173905061,1,535291,0
14:35:05:685,120000439,173986842,0,533621,0
14:35:05:885,120000447,174027334,0,532938,0
14:35:06:085,120000454,173918625,0,535403,0
14:35:06:285,120000452,173942155,0,534746,0
14:35:06:485,120000460,173937652,0,535231,0
14:35:06:685,120000457,174053348,0,532144,0
14:35:06:885,120000451,174035271,0,532347,0
14:35:07:085,120000436,174002314,0,532646,0
14:35:07:285,120000445,173939821,0,534297,0
14:35:07:485,120000449,173874038,1,536786,0
14:35:07:685,120000454,173935582,0,535168,0
14:35:07:885,120000441,173902989,0,535499,0
14:35:08:085,120000446,174012667,0,533498,0
14:35:08:285,120000432,174090349,0,531983,0
14:35:08:485,120000434,174120285,1,531063,0
14:35:08:685,120000459,174126702,0,530832,0
14:35:08:885,120000440,174070633,0,532260,0
14:35:09:085,120000445,174114848,1,531352,0
14:35:09:285,120000443,174117102,0,531356,0
14:35:09:485,120000444,174099238,1,531779,0
14:35:09:685,120000454,174078038,0,532294,0
14:35:09:885,120000457,174104337,0,531769,0
14:35:10:085,120000441,174033759,0,533080,0
14:35:10:285,120000443,174044098,0,532316,0
14:35:10:485,120000453,174052739,0,532532,0
14:35:10:685,120000445,174029420,0,532693,0
14:35:10:885,120000450,173980695,0,533646,0
14:35:11:085,120000449,174035675,0,532621,0
14:35:11:285,120000449,174108059,0,530715,0
14:35:11:485,120000449,174152087,1,530156,0
14:35:11:685,120000430,174078338,0,531554,0
14:35:11:885,120000445,174066326,1,532497,0
14:35:12:085,120000454,174077966,0,532034,0
14:35:12:285,120000449,174073447,0,532475,0
14:35:12:485,120000441,174043619,0,533143,0
14:35:12:685,120000451,174057707,0,532237,0
14:35:12:885,120000450,174073732,0,531891,0
14:35:13:085,120000431,174104820,0,530969,0
14:35:13:285,120000437,174078342,0,531544,0
14:35:13:485,120000447,174105368,0,530927,0
14:35:13:685,120000452,173932384,0,534542,0
14:35:13:885,120000446,174069383,0,532171,0
14:35:14:085,120000443,174080956,0,532286,0
14:35:14:285,120000455,174046267,1,532696,0
14:35:14:485,120000436,174056067,0,532428,0
14:35:14:685,120000453,174046331,0,533513,0
14:35:14:885,120000447,174081730,0,532412,0
14:35:15:085,120000450,174079737,0,532153,0
14:35:15:285,120000454,174026200,1,533665,0
14:35:15:485,120000441,174107981,0,531495,0
14:35:15:685,120000449,174075432,0,531962,0
14:35:15:885,120000457,174164917,0,529810,0
14:35:16:085,120000458,174127769,0,530877,0
14:35:16:285,120000448,174051059,0,532379,0
14:35:16:485,120000458,174175792,0,529148,0
14:35:16:685,120000460,174145894,0,530050,0
14:35:16:885,120000447,174092997,0,530560,0
14:35:17:085,120000439,174051489,0,531055,0
14:35:17:285,120000442,174076424,0,530597,0
14:35:17:485,120000454,174110678,0,530668,0
14:35:17:685,120000446,174114997,0,530907,0
14:35:17:885,120000444,174185292,0,528804,0
14:35:18:085,120000454,174175121,0,528902,0
14:35:18:285,120000430,174178443,0,529109,0
14:35:18:485,120000456,174170405,0,529046,0
14:35:18:685,120000430,174149637,1,530301,0
14:35:19:285,120000459,265134049,403,158,0
14:35:19:285,120000459,265134049,403,158,0
14:35:19:485,120000456,193594949,92,416473,0
14:35:19:685,120000459,174119503,1,530513,0
14:35:19:885,120000441,174070921,0,531826,0
14:35:20:085,120000443,174075057,0,531595,0
14:35:20:285,120000453,174109108,0,530200,0
14:35:20:485,120000471,174090434,0,531169,0
14:35:20:685,120000439,174140331,0,529796,0
14:35:20:885,120000444,174167502,0,529136,0
14:35:21:085,120000450,174151558,0,529291,0
14:35:21:285,120000430,174204420,0,527966,0
14:35:21:485,120000462,174182318,0,528591,0
14:35:21:685,120000429,174153904,0,528866,0
14:35:21:885,120000453,174178798,0,528562,0
14:35:22:085,120000441,174167830,0,528963,0
14:35:22:285,120000449,174075526,0,531039,0
14:35:22:485,120000454,174066919,0,530980,0
14:35:22:685,120000433,174077272,0,531059,0
14:35:22:885,120000437,174097596,0,530778,0
14:35:23:085,120000459,174120809,1,530201,0
14:35:23:285,120000442,174078482,0,531017,0
14:35:23:485,120000446,174016502,1,532925,0
14:35:23:685,120000464,174015572,0,532880,0
14:35:23:885,120000458,174020850,0,533043,0
14:35:24:085,120000445,173996020,0,533113,0
14:35:24:285,120000454,173970674,0,533317,0
14:35:24:485,120000433,173883866,1,535808,0
14:35:24:685,120000454,173935330,0,535197,0
14:35:24:885,120000448,174081805,1,531183,0
14:35:25:085,120000435,174096144,0,530910,0
14:35:25:285,120000441,174052890,0,531813,0
14:35:25:485,120000441,174092251,1,531094,0
14:35:25:685,120000429,174083551,0,530771,0
14:35:25:885,120000448,173957059,0,533337,0
14:35:26:085,120000446,174035528,0,531650,0
14:35:26:285,120000457,174117423,0,529978,0
14:35:26:485,120000433,174117592,1,530185,0
14:35:26:685,120000451,174063084,0,531787,0
14:35:26:885,120000456,174073515,0,531740,0
14:35:27:085,120000447,174095025,1,531458,0
14:35:27:285,120000432,174078832,0,531697,0
14:35:27:485,120000445,174077480,0,532030,0
14:35:27:685,120000438,174072161,0,532414,0
14:35:27:885,120000462,174059311,0,532669,0
14:35:28:085,120000434,174009752,0,533901,0
14:35:28:285,120000440,174036496,0,532851,0
14:35:28:485,120000447,174024278,0,532387,0
14:35:28:685,120000453,174035850,0,533007,0
14:35:28:885,120000456,174123995,1,530688,0
14:35:29:085,120000447,174112736,0,530657,0
14:35:29:285,120000456,174132008,0,529478,0
14:35:29:485,120000459,174058496,0,531821,0
14:35:29:685,120000450,174117850,0,530583,0
14:35:29:885,120000436,174136746,1,530077,0
14:35:30:085,120000443,174168920,0,529343,0
14:35:30:285,120000439,174187452,1,528956,0
14:35:30:485,120000447,174197245,0,529113,0
14:35:30:685,120000436,174080719,0,532128,0
14:35:30:885,120000453,174241486,0,528577,0
14:35:31:085,120000452,174263775,0,527305,0
14:35:31:285,120000461,174279513,1,526827,0
14:35:31:485,120000429,174236856,0,527652,0
14:35:31:685,120000465,174187935,0,529170,0
14:35:31:885,120000457,174196425,0,528920,0
14:35:32:085,120000450,174211244,0,528387,0
14:35:32:285,120000441,174151436,1,529473,0
14:35:32:485,120000460,174196798,0,528650,0
14:35:32:685,120000436,174165417,0,529486,0
14:35:32:885,120000448,174150732,0,529691,0
14:35:33:085,120000447,174154821,0,530010,0
14:35:33:285,120000452,174120525,0,530568,0
14:35:33:485,120000442,174089398,0,531097,0
14:35:33:685,120000444,174075252,0,532049,0
14:35:33:885,120000457,174012459,0,533274,0
14:35:34:085,120000451,174000820,0,532965,0
14:35:34:685,120000448,265141888,401,158,0
14:35:34:685,120000448,265141888,401,158,0
14:35:34:885,120000448,208923449,160,328641,0
14:35:35:085,120000448,174165354,0,529623,0
14:35:35:285,120000449,174104039,0,530882,0
14:35:35:485,120000444,174132030,0,530142,0
14:35:35:685,120000449,174207501,1,527939,0
14:35:35:885,120000472,174161908,0,529312,0
14:35:36:085,120000445,174227976,0,527938,0
14:35:36:285,120000447,174181452,1,528506,0
14:35:36:485,120000438,174247975,0,527089,0
14:35:36:685,120000441,174186231,0,529211,0
14:35:36:885,120000445,174177052,0,529032,0
14:35:37:085,120000446,174192048,0,528481,0
14:35:37:285,120000451,174118500,0,529854,0
14:35:37:485,120000447,174106664,0,530025,0
14:35:37:685,120000448,173965050,0,532445,0
14:35:37:885,120000456,173976530,0,532987,0
14:35:38:085,120000440,173999173,1,532823,0
14:35:38:285,120000443,174019334,0,532092,0
14:35:38:485,120000458,173988901,0,533148,0
14:35:38:685,120000448,173963712,0,533078,0
14:35:38:885,120000544,174012145,0,531963,0
14:35:39:085,120000434,174121227,1,529925,0
14:35:39:285,120000447,174113851,0,530628,0
14:35:39:485,120000452,174101599,1,530585,0
14:35:39:685,120000449,174106973,0,530862,0
14:35:39:885,120000449,174030966,0,532513,0
14:35:40:085,120000440,174030583,1,532613,0
14:35:40:285,120000452,174046294,0,531870,0
14:35:40:485,120000461,174074922,0,531178,0
14:35:40:685,120000457,174076872,0,530470,0
14:35:40:885,120000450,174077336,0,531056,0
14:35:41:085,120000451,174072918,0,531125,0
14:35:41:285,120000452,173995916,0,532100,0
14:35:41:485,120000441,174021330,0,531780,0
14:35:41:685,120000451,174057394,0,531672,0
14:35:41:885,120000455,174029813,0,532404,0
14:35:42:085,120000452,174088081,1,531040,0
14:35:42:285,120000437,174072186,0,531303,0
14:35:42:485,120000462,174054109,1,531572,0
14:35:42:685,120000443,174035656,0,531908,0
14:35:42:885,120000451,174009016,0,532290,0
14:35:43:085,120000441,174023868,0,531631,0
14:35:43:285,120000438,174011016,0,532069,0
14:35:43:485,120000445,174048800,0,531249,0
14:35:43:685,120000458,174032249,0,532172,0
14:35:43:885,120000446,173948503,1,533853,0
14:35:44:085,120000446,173954058,0,533605,0
14:35:44:285,120000452,173949722,0,533652,0
14:35:44:485,120000436,174011157,1,532468,0
14:35:44:685,120000459,173911760,0,534667,0
14:35:44:885,120000451,173949924,1,533737,0
14:35:45:085,120000436,173983163,0,533532,0
14:35:45:285,120000450,173920400,0,534770,0
14:35:45:485,120000453,173913826,0,535287,0
14:35:45:685,120000449,174005728,0,533051,0
14:35:45:885,120000449,173919090,1,535296,0
14:35:46:085,120000450,173980214,0,533546,0
14:35:46:285,120000449,174014545,1,533312,0
14:35:46:485,120000441,173992961,0,533948,0
14:35:46:685,120000451,174028811,0,533154,0
14:35:46:885,120000451,174006484,1,533391,0
14:35:47:085,120000436,173984973,0,533670,0
14:35:47:285,120000437,174048682,0,532288,0
14:35:47:485,120000440,173985599,0,533337,0
14:35:47:685,120000446,174006748,0,533094,0
14:35:47:885,120000463,173968600,1,534454,0
14:35:48:085,120000449,174045698,0,532443,0
14:35:48:285,120000451,174097522,0,531561,0
14:35:48:485,120000437,174056714,0,532264,0
14:35:48:685,120000455,173956857,0,533877,0
14:35:48:885,120000442,173933911,0,534430,0
14:35:49:085,120000437,173968259,0,534332,0
14:35:49:285,120000459,173955435,1,534362,0
14:35:49:485,120000432,174016025,0,532323,0
14:35:50:085,120000475,265141445,401,151,0
14:35:50:085,120000475,265141445,401,151,0
14:35:50:285,120000448,223780642,226,242048,0
14:35:50:485,120000448,173871712,0,535166,0
14:35:50:685,120000455,173948127,0,533971,0
14:35:50:885,120000455,173996166,0,532866,0
14:35:51:085,120000443,174005327,0,532159,0
14:35:51:285,120000470,173997312,0,532493,0
14:35:51:485,120000431,174006412,0,533098,0
14:35:51:685,120000451,174010323,1,533102,0
14:35:51:885,120000439,173999487,0,533413,0
14:35:52:085,120000455,173994638,0,533100,0
14:35:52:285,120000456,173958126,0,533698,0
14:35:52:485,120000452,174039404,0,531826,0
14:35:52:685,120000439,174062736,1,531260,0
14:35:52:885,120000450,174078734,0,530987,0
14:35:53:085,120000446,174106197,0,530491,0
14:35:53:285,120000444,174137521,0,529695,0
14:35:53:485,120000451,174051509,0,531403,0
14:35:53:685,120000452,174041015,1,531742,0
14:35:53:885,120000439,173997562,0,532789,0
14:35:54:085,120000446,174050410,0,531651,0
14:35:54:285,120000444,174058846,0,531845,0
14:35:54:485,120000437,174075494,0,530786,0
14:35:54:685,120000449,174087868,0,530216,0
14:35:54:885,120000449,174088779,0,530569,0
14:35:55:085,120000454,174075075,1,531140,0
14:35:55:285,120000438,174038022,0,531797,0
14:35:55:485,120000454,174094241,1,530558,0
14:35:55:685,120000440,174189154,0,528755,0
14:35:55:885,120000446,174099401,0,530645,0
14:35:56:085,120000445,174061265,1,531104,0
14:35:56:285,120000446,174063058,0,531332,0
14:35:56:485,120000453,174069751,0,531016,0
14:35:56:685,120000437,174169859,0,529147,0
14:35:56:885,120000442,174163035,0,529181,0
14:35:57:085,120000454,174186806,1,528844,0
14:35:57:285,120000440,174151703,0,529123,0
14:35:57:485,120000448,174074095,1,531313,0
14:35:57:685,120000452,173948199,0,534048,0
14:35:57:885,120000445,174006845,0,533533,0
14:35:58:085,120000443,174033427,0,532299,0
14:35:58:285,120000456,174057817,0,531735,0
14:35:58:485,120000447,174115280,0,530872,0
14:35:58:685,120000458,174043387,0,532462,0
14:35:58:885,120000438,174030199,0,532779,0
14:35:59:085,120000453,174008714,0,532689,0
14:35:59:285,120000451,174017341,0,533356,0
14:35:59:486,120000450,173999409,1,533714,0
14:35:59:686,120000462,174051453,0,532150,0
14:35:59:886,120000429,174085402,0,531831,0
14:36:00:086,120000446,174146453,0,530500,0
14:36:00:486,120000455,174074264,0,531394,0
14:36:00:686,120000465,174082846,0,531172,0
14:36:00:886,120000451,174064166,0,531740,0
14:36:01:086,120000436,174097512,0,530955,0
14:36:01:286,120000451,174125670,0,530362,0
14:36:01:486,120000444,174118774,0,529838,0
14:36:01:686,120000447,174118640,0,529885,0
14:36:01:886,120000440,174134824,0,529758,0
14:36:02:086,120000441,174055645,0,531219,0
14:36:02:286,120000446,174076950,0,530640,0
14:36:02:486,120000440,174075189,0,530579,0
14:36:02:686,120000444,174095745,0,530120,0
14:36:02:886,120000444,174102825,1,529912,0
14:36:03:086,120000437,174059093,0,530877,0
14:36:03:286,120000449,173957038,0,533646,0
14:36:03:486,120000434,173898655,0,535901,0
14:36:03:686,120000441,173958856,0,534516,0
14:36:03:886,120000436,173918485,0,534731,0
14:36:04:086,120000453,173905990,0,534946,0
14:36:04:286,120000443,173992183,0,533514,0
14:36:04:486,120000449,173963356,0,534456,0
14:36:04:686,120000444,173929831,0,534673,0
14:36:04:886,120000446,173950590,1,533899,0
14:36:05:086,120000449,173974725,0,533478,0
14:36:05:486,120000466,265133532,404,156,0
14:36:05:686,120000453,239224491,292,151112,0
14:36:05:886,120000449,174096527,1,530755,0
14:36:06:086,120000461,174047185,0,531769,0
14:36:06:286,120000441,174108927,0,530667,0
14:36:06:486,120000458,174103008,0,531001,0
14:36:06:686,120000441,174134780,0,530069,0
14:36:06:886,120000459,174107481,0,530482,0
14:36:07:086,120000444,174057608,0,531291,0
14:36:07:286,120000446,174058981,1,531172,0
14:36:07:486,120000436,174089088,0,530790,0
14:36:07:686,120000439,174072323,0,530903,0
14:36:07:886,120000447,174075985,0,530845,0
14:36:08:086,120000457,174100879,0,530710,0
14:36:08:286,120000455,174073990,0,531417,0
14:36:08:486,120000444,174092215,0,531026,0
14:36:08:686,120000446,174099515,1,530899,0
14:36:08:886,120000449,174069654,0,531438,0
14:36:09:086,120000438,174055068,1,531969,0
14:36:09:286,120000442,174018188,0,533411,0
14:36:09:486,120000432,174059768,0,532451,0
14:36:09:686,120000454,174055949,1,532446,0
14:36:09:886,120000446,174066318,0,532178,0
14:36:10:086,120000461,174096792,0,531625,0
14:36:10:286,120000458,174147849,0,530242,0
14:36:10:486,120000437,174143617,0,530271,0
14:36:10:686,120000462,174147516,0,529608,0
14:36:10:886,120000466,174088617,0,532075,0
14:36:11:086,120000458,173987854,0,534244,0
14:36:11:286,120000447,174033534,0,532316,0
14:36:11:486,120000439,173960345,0,533570,0
14:36:11:686,120000453,174097451,0,530915,0
14:36:11:886,120000438,174029200,0,532367,0
14:36:12:086,120000454,174143200,1,530052,0
14:36:12:286,120000449,174123437,0,530441,0
14:36:12:486,120000441,174158641,1,529506,0
14:36:12:686,120000446,174110988,0,530336,0
14:36:12:886,120000440,174079593,0,531280,0
14:36:13:086,120000443,174050656,1,531535,0
14:36:13:286,120000432,174036439,0,532094,0
14:36:13:486,120000454,173973975,0,533995,0
14:36:13:686,120000462,174019398,0,532778,0
14:36:13:886,120000445,173991959,0,533177,0
14:36:14:086,120000446,173951556,1,533966,0
14:36:14:286,120000444,174027450,0,533057,0
14:36:14:486,120000448,174063765,1,532627,0
14:36:14:686,120000439,174047031,0,532898,0
14:36:14:886,120000454,174006561,0,533614,0
14:36:15:086,120000445,174074963,0,531539,0
14:36:15:286,120000449,174094280,0,531274,0
14:36:15:486,120000448,174107990,1,531301,0
14:36:15:686,120000482,174117932,0,531065,0
14:36:15:886,120000439,174055538,0,531993,0
14:36:16:086,120000437,174068001,0,531575,0
14:36:16:286,120000454,174108861,0,530379,0
14:36:16:486,120000438,174080231,1,531073,0
14:36:16:686,120000437,174054814,0,531757,0
14:36:16:886,120000440,174063612,1,531471,0
14:36:17:086,120000449,174114989,0,530483,0
14:36:17:286,120000441,174088484,0,530969,0
14:36:17:486,120000439,174042812,1,532119,0
14:36:17:686,120000440,174048120,0,532409,0
14:36:17:886,120000458,174060877,0,531980,0
14:36:18:086,120000459,174060482,0,531629,0
14:36:18:286,120000442,174054924,0,531831,0
14:36:18:486,120000464,174086193,0,531081,0
14:36:18:686,120000441,174084958,0,531007,0
14:36:18:886,120000446,174092726,0,530751,0
14:36:19:086,120000455,174093400,0,530766,0
14:36:19:286,120000443,174135930,0,530500,0
14:36:19:486,120000454,174164068,0,529841,0
14:36:19:686,120000433,174083793,0,531995,0
14:36:19:886,120000445,174120590,0,531305,0
14:36:20:086,120000454,174050094,0,532606,0
14:36:20:286,120000441,174051593,0,532514,0
14:36:20:486,120000446,174033694,0,532822,0
14:36:20:886,120000484,265133986,404,170,0
14:36:21:086,120000449,254606652,360,61950,0
14:36:21:286,120000461,174153322,0,530273,0
14:36:21:486,120000457,174144726,0,530216,0
14:36:21:686,120000440,174095888,0,531493,0
14:36:21:886,120000458,174025291,0,533182,0
14:36:22:086,120000434,173991940,0,533427,0
14:36:22:286,120000453,173982463,1,533194,0
14:36:22:486,120000448,174053570,0,531851,0
14:36:22:686,120000441,174059500,0,531860,0
14:36:22:886,120000441,174055579,1,531741,0
14:36:23:086,120000442,174027059,0,532649,0
14:36:23:286,120000446,174104763,1,530753,0
14:36:23:486,120000452,174080157,0,531365,0
14:36:23:686,120000440,174096771,0,531276,0
14:36:23:886,120000447,174053418,0,532231,0
14:36:24:086,120000446,174045970,0,532270,0
14:36:24:286,120000445,174100331,0,531281,0
14:36:24:486,120000441,174080702,0,531909,0
14:36:24:686,120000451,174024599,0,533094,0
14:36:24:886,120000444,174004811,0,533159,0
14:36:25:086,120000449,174030112,0,532843,0
14:36:25:286,120000463,174027446,1,533181,0
14:36:25:486,120000448,174044748,0,532758,0
14:36:25:686,120000458,174061991,1,531761,0
14:36:25:886,120000446,174091964,0,531490,0
14:36:26:086,120000458,174110325,0,531216,0
14:36:26:286,120000445,174089501,0,531467,0
14:36:26:486,120000443,174064357,0,531621,0
14:36:26:686,120000439,174070279,1,531706,0
14:36:26:886,120000450,174022782,0,532749,0
14:36:27:086,120000441,174009261,1,533336,0
14:36:27:286,120000457,173973206,0,533961,0
14:36:27:486,120000439,174016527,0,533245,0
14:36:27:686,120000437,173988171,1,533825,0
14:36:27:886,120000440,174059200,0,532001,0
14:36:28:086,120000437,174071594,1,531783,0
14:36:28:286,120000450,174040906,0,532458,0
14:36:28:486,120000438,174125358,0,530865,0
14:36:28:686,120000445,174107899,0,530841,0
14:36:28:886,120000433,174127280,0,530373,0
14:36:29:086,120000454,174048884,0,531797,0
14:36:29:286,120000450,174091931,0,530991,0
14:36:29:486,120000442,174032803,1,533346,0
14:36:29:686,120000449,173992909,0,534311,0
14:36:29:886,120000461,174015629,0,533682,0
14:36:30:086,120000429,174028431,1,532814,0
14:36:30:286,120000440,174012888,0,532924,0
14:36:30:486,120000434,173984898,0,533369,0
14:36:30:686,120000445,174039052,0,532316,0
14:36:30:886,120000457,174072421,0,531888,0
14:36:31:086,120000439,173965590,1,534419,0
14:36:31:286,120000452,174030831,0,533129,0
14:36:31:486,120000438,174109487,0,531165,0
14:36:31:686,120000432,174074825,0,531550,0
14:36:31:886,120000450,174033666,0,532701,0
14:36:32:086,120000433,174031625,0,532395,0
14:36:32:286,120000445,174108794,0,530800,0
14:36:32:486,120000446,174077528,1,532169,0
14:36:32:686,120000442,173914973,0,535016,0
14:36:32:886,120000436,173997839,0,532958,0
14:36:33:086,120000454,174076241,0,531476,0
14:36:33:286,120000480,174094550,0,530733,0
14:36:33:486,120000439,174107033,1,530006,0
14:36:33:686,120000441,174130961,0,529597,0
14:36:33:886,120000450,174095774,0,530158,0
14:36:34:086,120000448,174098956,0,529981,0
14:36:34:286,120000463,174101896,0,529521,0
14:36:34:486,120000438,174065813,0,530542,0
14:36:34:686,120000446,174076854,0,530516,0
14:36:34:886,120000455,174040125,0,531005,0
14:36:35:086,120000459,174071555,0,530704,0
14:36:35:286,120000437,174001463,0,532140,0
14:36:35:486,120000437,174068089,0,530634,0
14:36:35:686,120000445,174049064,0,531601,0
14:36:35:886,120000441,174002125,1,532680,0
14:36:36:486,120000462,265134064,403,161,0
14:36:36:486,120000462,265134064,403,161,0
14:36:36:686,120000453,178502652,26,504788,0
14:36:36:886,120000447,174034174,1,531377,0
14:36:37:086,120000465,174083477,0,530821,0
14:36:37:286,120000458,174061074,1,531410,0
14:36:37:486,120000453,173991989,0,532727,0
14:36:37:686,120000456,174056882,0,531293,0
14:36:37:886,120000464,174068734,1,531532,0
14:36:38:086,120000429,174126774,0,530109,0
14:36:38:286,120000440,174037831,1,532633,0
14:36:38:486,120000442,174025358,0,533255,0
14:36:38:686,120000426,174030683,0,532503,0
14:36:38:886,120000428,173953268,0,534641,0
14:36:39:086,120000445,174045820,0,532816,0
14:36:39:286,120000442,174078885,1,532063,0
14:36:39:486,120000445,174092521,0,531154,0
14:36:39:686,120000433,174027869,0,532542,0
14:36:39:886,120000450,174053441,1,531823,0
14:36:40:086,120000458,174049330,0,532034,0
14:36:40:286,120000446,174016968,1,533338,0
14:36:40:486,120000439,173993049,0,533614,0
14:36:40:686,120000446,174055057,0,532303,0
14:36:40:886,120000434,174085056,0,531552,0
14:36:41:086,120000448,174051754,1,532425,0
14:36:41:286,120000458,174057440,0,532078,0
14:36:41:486,120000441,174090039,0,531557,0
14:36:41:686,120000454,174045752,1,532843,0
14:36:41:886,120000445,174077605,0,532089,0
14:36:42:086,120000452,174110587,0,531430,0
14:36:42:286,120000431,174138513,0,530374,0
14:36:42:486,120000465,174220710,0,528202,0
14:36:42:686,120000464,174185060,1,529265,0
14:36:42:886,120000442,174149682,0,529885,0
14:36:43:086,120000447,174093745,1,531563,0
14:36:43:286,120000446,174091518,0,531715,0
14:36:43:486,120000437,174026836,0,533470,0
14:36:43:686,120000454,174005267,1,534142,0
14:36:43:886,120000436,174033311,0,533077,0
14:36:44:086,120000442,174015852,0,533237,0
14:36:44:286,120000458,173904119,0,535213,0
14:36:44:486,120000445,173994061,0,533370,0
14:36:44:686,120000460,174081831,1,532103,0
14:36:44:886,120000451,174073149,0,532446,0
14:36:45:086,120000438,174047232,0,533666,0
14:36:45:286,120000457,173961613,0,534456,0
14:36:45:486,120000441,174031500,0,532648,0
14:36:45:686,120000447,174064691,0,531770,0
14:36:45:886,120000439,174151548,0,530224,0
14:36:46:086,120000450,174114846,1,530776,0
14:36:46:286,120000438,174120055,0,530179,0
14:36:46:486,120000437,174063198,0,531589,0
14:36:46:686,120000454,174043894,0,532152,0
14:36:46:886,120000444,174126219,0,530565,0
14:36:47:086,120000438,174183050,0,529267,0
14:36:47:286,120000445,174193554,0,529203,0
14:36:47:486,120000441,174168835,1,529346,0
14:36:47:686,120000444,174130036,0,530507,0
14:36:47:886,120000455,174114859,0,530881,0
14:36:48:086,120000443,174100656,0,530934,0
14:36:48:286,120000455,174130230,0,530318,0
14:36:48:486,120000447,174174124,0,528776,0
14:36:48:686,120000443,174134761,0,529992,0
14:36:48:886,120000451,174150978,0,529718,0
14:36:49:086,120000467,174088347,0,531161,0
14:36:49:286,120000426,174070836,0,531863,0
14:36:49:486,120000425,174062896,1,531698,0
14:36:49:686,120000439,174032213,0,532079,0
14:36:49:886,120000446,174025479,0,532235,0
14:36:50:086,120000438,174019958,0,532394,0
14:36:50:286,120000448,174035708,0,532222,0
14:36:50:486,120000443,174046589,1,532419,0
14:36:50:686,120000457,174097674,0,531543,0
14:36:50:886,120000454,174085419,0,531767,0
14:36:51:086,120000457,174114665,0,530633,0
14:36:51:286,120000457,174155968,0,529567,0
14:36:51:886,120000456,265141415,401,159,0
14:36:51:886,120000456,265141415,401,159,0
14:36:52:086,120000461,193829862,94,416418,0
14:36:52:286,120000451,174102889,0,531059,0
14:36:52:486,120000453,174078449,1,531912,0
14:36:52:686,120000447,174066501,0,532217,0
14:36:52:886,120000436,174091058,1,531332,0
14:36:53:086,120000458,174090578,0,530727,0
14:36:53:286,120000450,174189566,0,528874,0
14:36:53:486,120000448,174141728,0,529827,0
14:36:53:686,120000453,174120707,0,530135,0
14:36:53:886,120000446,174156736,0,529443,0
14:36:54:086,120000452,174131843,0,530100,0
14:36:54:286,120000458,174145739,0,530131,0
14:36:54:486,120000439,174108927,0,530834,0
14:36:54:686,120000452,174115380,0,530244,0
14:36:54:886,120000449,174039561,1,532327,0
14:36:55:086,120000458,174112775,0,530380,0
14:36:55:286,120000438,174084670,1,531712,0
14:36:55:486,120000429,174080782,0,531777,0
14:36:55:686,120000447,174116057,0,530898,0
14:36:55:886,120000458,174095518,0,531343,0
14:36:56:086,120000460,174125595,0,530477,0
14:36:56:286,120000454,174075967,1,531514,0
14:36:56:486,120000445,174068650,0,531654,0
14:36:56:686,120000441,174063449,0,531712,0
14:36:56:886,120000457,174016825,0,532168,0
14:36:57:086,120000440,174007882,0,532529,0
14:36:57:286,120000449,174075415,1,531131,0
14:36:57:486,120000447,174105532,0,530687,0
14:36:57:686,120000455,174057447,1,531484,0
14:36:57:886,120000462,173998343,0,532427,0
14:36:58:086,120000445,174055460,0,531492,0
14:36:58:286,120000441,174065186,0,531370,0
14:36:58:486,120000451,174060668,0,531659,0
14:36:58:686,120000439,174056632,0,531622,0
14:36:58:886,120000434,174059575,0,531210,0
14:36:59:086,120000450,174034258,0,531543,0
14:36:59:286,120000441,173973269,0,533108,0
14:36:59:486,120000445,174023989,0,532552,0
14:36:59:686,120000458,174033255,1,532668,0
14:36:59:886,120000446,173990395,0,532926,0
14:37:00:086,120000453,174066763,0,531697,0
14:37:00:286,120000441,174114414,0,530399,0
14:37:00:486,120000437,174143948,0,529967,0
14:37:00:686,120000450,174108677,0,530899,0
14:37:00:886,120000452,174048160,0,532030,0
14:37:01:086,120000452,174089811,1,531283,0
14:37:01:286,120000436,174079130,0,531739,0
14:37:01:486,120000445,174047295,0,533027,0
14:37:01:686,120000449,174041806,0,532826,0
14:37:01:886,120000455,173971082,0,534294,0
14:37:02:086,120000437,174024494,1,533869,0
14:37:02:286,120000449,174053885,0,533215,0
14:37:02:486,120000446,174051053,0,532708,0
14:37:02:686,120000452,174052608,0,533215,0
14:37:02:886,120000443,174001800,0,533863,0
14:37:03:086,120000444,173979639,1,533909,0
14:37:03:286,120000463,173983986,0,534012,0
14:37:03:486,120000457,174002227,0,533786,0
14:37:03:686,120000441,173944142,0,535185,0
14:37:03:886,120000445,173966881,0,534212,0
14:37:04:086,120000438,174002216,1,532825,0
14:37:04:286,120000451,174018961,0,532840,0
14:37:04:486,120000453,174059738,1,532347,0
14:37:04:686,120000448,174046837,0,532515,0
14:37:04:886,120000433,174103733,0,531262,0
14:37:05:086,120000445,174063303,0,531977,0
14:37:05:286,120000454,174088518,0,531169,0
14:37:05:486,120000438,174087626,0,530900,0
14:37:05:686,120000451,174091967,0,530362,0
14:37:05:886,120000436,174058107,0,531765,0
14:37:06:086,120000448,173992876,0,533381,0
14:37:06:286,120000438,174028087,0,533112,0
14:37:06:486,120000453,174057697,0,532655,0
14:37:06:686,120000449,174033149,0,533161,0
14:37:07:286,120000457,265130837,401,344,0
14:37:07:286,120000457,265130837,401,344,0
14:37:07:486,120000462,208727559,160,330430,0
14:37:07:686,120000444,174008482,0,533203,0
14:37:07:886,120000444,173984971,0,533657,0
14:37:08:086,120000441,174085661,0,531284,0
14:37:08:286,120000437,174056278,0,531683,0
14:37:08:486,120000444,174114373,1,530541,0
14:37:08:686,120000442,174082803,0,530615,0
14:37:08:886,120000449,174024809,1,532158,0
14:37:09:086,120000452,173996399,0,532670,0
14:37:09:286,120000439,173967746,0,534033,0
14:37:09:486,120000438,173990689,0,532962,0
14:37:09:686,120000450,173966805,0,533120,0
14:37:09:886,120000449,173988779,1,532408,0
14:37:10:086,120000449,173983309,0,533087,0
14:37:10:286,120000433,173913042,0,534490,0
14:37:10:486,120000451,173993980,0,532289,0
14:37:10:686,120000436,173986076,0,532225,0
14:37:10:886,120000439,173955225,0,532590,0
14:37:11:086,120000452,174038734,0,531965,0
14:37:11:286,120000453,174010325,0,533265,0
14:37:11:486,120000453,174048928,0,532099,0
14:37:11:686,120000430,174067677,0,531491,0
14:37:11:886,120000445,174050672,0,532027,0
14:37:12:086,120000449,174012194,0,532736,0
14:37:12:286,120000446,173967893,1,533043,0
14:37:12:486,120000438,173940131,0,534647,0
14:37:12:686,120000453,174012128,0,533340,0
14:37:12:886,120000453,174079122,0,531809,0
14:37:13:086,120000441,174084365,0,531683,0
14:37:13:286,120000443,174103028,0,531296,0
14:37:13:486,120000440,174007504,0,533875,0
14:37:13:686,120000438,174033550,0,532830,0
14:37:13:886,120000451,174079814,0,531943,0
14:37:14:086,120000451,174003053,0,533325,0
14:37:14:286,120000441,173998683,1,533632,0
14:37:14:486,120000441,174119497,0,530347,0
14:37:14:686,120000434,174081288,0,531452,0
14:37:14:886,120000445,174076393,0,531899,0
14:37:15:086,120000449,174082964,0,531992,0
14:37:15:286,120000451,174109148,0,531171,0
14:37:15:486,120000433,174091251,0,531453,0
14:37:15:686,120000465,174121394,0,531060,0
14:37:15:886,120000458,174111135,0,531250,0
14:37:16:086,120000446,174202066,0,528581,0
14:37:16:286,120000433,174137678,0,530136,0
14:37:16:486,120000457,174111510,0,531075,0
14:37:16:686,120000434,174097867,0,531483,0
14:37:16:886,120000448,174129343,0,530171,0
14:37:17:086,120000457,174132153,0,530156,0
14:37:17:286,120000463,174118446,0,530173,0
14:37:17:486,120000458,174136410,0,530270,0
14:37:17:686,120000462,174071762,1,531693,0
14:37:17:886,120000437,174037511,0,532336,0
14:37:18:086,120000453,174088911,0,530519,0
14:37:18:286,120000446,174018809,0,531949,0
14:37:18:486,120000433,173922779,0,533782,0
14:37:18:686,120000450,174031135,0,531520,0
14:37:18:886,120000441,174033820,0,531345,0
14:37:19:086,120000437,174079202,1,530788,0
14:37:19:286,120000446,174091678,0,530641,0
14:37:19:486,120000448,173989592,0,533146,0
14:37:19:686,120000448,174028691,0,531691,0
14:37:19:886,120000464,174095845,0,530364,0
14:37:20:086,120000449,173981682,0,532796,0
14:37:20:286,120000451,173976208,0,532767,0
14:37:20:486,120000436,173996147,1,532476,0
14:37:20:686,120000450,174013646,0,531857,0
14:37:20:886,120000445,174017641,0,531835,0
14:37:21:086,120000446,174030858,0,532097,0
14:37:21:286,120000436,174073230,0,530885,0
14:37:21:486,120000439,174119283,1,530096,0
14:37:21:686,120000442,174164955,0,529027,0
14:37:21:886,120000455,174157648,0,529372,0
14:37:22:086,120000440,174109112,0,529754,0
14:37:22:686,120000464,265134090,403,160,0
14:37:22:686,120000464,265134090,403,160,0
14:37:22:886,120000448,224186518,226,238910,0
14:37:23:086,120000447,174028973,0,531308,0
14:37:23:286,120000455,173999879,0,532206,0
14:37:23:486,120000450,173967514,1,532936,0
14:37:23:686,120000447,174083978,0,530327,0
14:37:23:886,120000461,174011997,0,532469,0
14:37:24:086,120000455,174022452,0,531944,0
14:37:24:286,120000442,174015450,0,531936,0
14:37:24:486,120000452,173892135,0,535055,0
14:37:24:686,120000449,174030455,0,532252,0
14:37:24:886,120000443,174040721,1,532035,0
14:37:25:086,120000449,174083961,0,531249,0
14:37:25:286,120000436,174108593,0,530349,0
14:37:25:486,120000450,174110783,0,530475,0
14:37:25:686,120000441,174150988,0,529825,0
14:37:25:886,120000441,174112585,1,531402,0
14:37:26:086,120000434,174054949,0,532742,0
14:37:26:286,120000445,174117076,0,530800,0
14:37:26:486,120000451,174072754,0,531068,0
14:37:26:686,120000446,174077722,0,531141,0
14:37:26:886,120000460,174073826,0,531599,0
14:37:27:086,120000426,174079096,0,531251,0
14:37:27:286,120000436,174065811,0,531333,0
14:37:27:486,120000429,174098598,0,530732,0
14:37:27:686,120000453,174108869,0,530716,0
14:37:27:886,120000433,174065366,0,531513,0
14:37:28:086,120000453,174051219,0,531364,0
14:37:28:286,120000441,174099507,1,530215,0
14:37:28:486,120000454,174124381,0,530232,0
14:37:28:686,120000458,174076422,1,531453,0
14:37:28:886,120000451,174180257,0,529388,0
14:37:29:086,120000452,174199045,0,528663,0
14:37:29:286,120000446,174165015,1,528973,0
14:37:29:486,120000433,174079038,0,530493,0
14:37:29:686,120000450,174040124,0,531644,0
14:37:29:886,120000436,174130266,0,529911,0
14:37:30:086,120000440,174107547,0,530444,0
14:37:30:286,120000442,174105273,0,530510,0
14:37:30:486,120000444,174122004,0,530826,0
14:37:30:686,120000439,174068781,1,531712,0
14:37:30:886,120000445,174027509,0,532795,0
14:37:31:086,120000446,174044904,0,532337,0
14:37:31:286,120000441,174125476,1,530392,0
14:37:31:486,120000450,174138174,0,530743,0
14:37:31:686,120000455,174167617,1,530504,0
14:37:31:886,120000440,174098377,0,531247,0
14:37:32:086,120000449,174098223,0,531273,0
14:37:32:286,120000437,174229377,1,527862,0
14:37:32:486,120000450,174220533,0,528301,0
14:37:32:686,120000449,174234028,0,527736,0
14:37:33:086,120000445,174183814,0,528989,0
14:37:33:286,120000463,174105473,0,530667,0
14:37:33:486,120000457,174142423,0,529228,0
14:37:33:686,120000449,174092274,0,530870,0
14:37:33:886,120000454,174087491,0,530573,0
14:37:34:086,120000441,174073410,0,530681,0
14:37:34:286,120000438,174083960,0,530671,0
14:37:34:486,120000450,174053639,0,531295,0
14:37:34:686,120000436,174090799,1,530391,0
14:37:34:886,120000445,174132893,0,529320,0
14:37:35:086,120000443,174141081,0,529556,0
14:37:35:286,120000440,174145656,0,529713,0
14:37:35:486,120000458,174202256,0,528182,0
14:37:35:686,120000453,174075706,0,530644,0
14:37:35:886,120000433,173973271,0,532430,0
14:37:36:086,120000437,174120511,1,529712,0
14:37:36:286,120000439,174044850,0,531426,0
14:37:36:486,120000432,174077955,1,530937,0
14:37:36:686,120000442,174111088,0,530665,0
14:37:36:886,120000440,174122044,0,530865,0
14:37:37:086,120000457,174066437,1,531745,0
14:37:37:286,120000452,174096724,0,530804,0
14:37:37:486,120000449,174117539,0,530345,0
14:37:37:686,120000449,174080500,0,531571,0
14:37:38:086,120000468,265134531,404,169,0
14:37:38:286,120000456,239094929,292,152089,0
14:37:38:486,120000447,174040858,0,532286,0
14:37:38:686,120000449,174105141,0,530999,0
14:37:38:886,120000438,173995836,0,533389,0
14:37:39:086,120000454,174044837,1,532496,0
14:37:39:286,120000453,174088026,0,531544,0
14:37:39:486,120000475,174059976,1,532295,0
14:37:39:686,120000435,174050652,0,532489,0
14:37:39:886,120000450,174039086,0,532441,0
14:37:40:086,120000433,174063692,0,532045,0
14:37:40:286,120000459,174159050,0,530491,0
14:37:40:486,120000444,174117821,0,531021,0
14:37:40:686,120000429,174119028,0,531082,0
14:37:40:886,120000450,174073548,0,532478,0
14:37:41:086,120000444,174099897,0,531542,0
14:37:41:286,120000446,174026584,0,532943,0
14:37:41:486,120000432,173957918,1,534127,0
14:37:41:686,120000447,174003910,0,533320,0
14:37:41:886,120000452,174066668,0,531735,0
14:37:42:086,120000438,174023871,0,532692,0
14:37:42:286,120000454,174056474,0,531554,0
14:37:42:486,120000448,174069855,0,531667,0
14:37:42:686,120000442,174012621,0,532492,0
14:37:42:886,120000453,174095260,1,530328,0
14:37:43:086,120000446,174154705,0,529016,0
14:37:43:286,120000433,174151791,0,529600,0
14:37:43:486,120000445,174083506,0,531157,0
14:37:43:686,120000463,174202186,0,528709,0
14:37:43:886,120000457,174180749,0,528937,0
14:37:44:086,120000441,174119891,0,530452,0
14:37:44:286,120000439,174096555,0,531198,0
14:37:44:486,120000440,174067602,0,531879,0
14:37:44:686,120000438,173999521,1,533157,0
14:37:44:886,120000457,173952592,1,534111,0
14:37:45:086,120000442,174018003,0,532908,0
14:37:45:286,120000435,174074671,1,531889,0
14:37:45:486,120000443,174080718,0,531949,0
14:37:45:686,120000430,174087137,0,531823,0
14:37:45:886,120000447,174068627,0,531625,0
14:37:46:086,120000452,174009363,0,533639,0
14:37:46:286,120000439,173982859,1,533915,0
14:37:46:486,120000450,173985703,0,533584,0
14:37:46:686,120000441,173977083,1,534026,0
14:37:46:886,120000457,174050683,0,532739,0
14:37:47:086,120000467,174077840,0,532148,0
14:37:47:286,120000466,174128541,0,530615,0
14:37:47:486,120000438,174096026,0,531616,0
14:37:47:686,120000456,173987188,0,534492,0
14:37:47:886,120000443,173995916,0,533686,0
14:37:48:086,120000449,174162955,0,529449,0
14:37:48:286,120000453,174144554,0,529494,0
14:37:48:486,120000446,174125662,0,530096,0
14:37:48:686,120000458,174104612,0,530901,0
14:37:48:886,120000441,174155665,0,529574,0
14:37:49:086,120000449,174141186,0,530124,0
14:37:49:286,120000439,174158777,0,529739,0
14:37:49:486,120000615,174136489,0,530191,0
14:37:49:686,120000451,174125987,1,530482,0
14:37:49:886,120000433,174101781,0,530840,0
14:37:50:086,120000445,174112615,0,530887,0
14:37:50:286,120000449,174029642,0,533032,0
14:37:50:486,120000448,174108243,0,531376,0
14:37:50:686,120000455,174022401,0,532985,0
14:37:50:886,120000430,174022247,0,532923,0
14:37:51:086,120000437,174042715,1,532445,0
14:37:51:286,120000437,174097727,0,531109,0
14:37:51:486,120000443,173998750,0,533259,0
14:37:51:686,120000448,174011978,1,532790,0
14:37:51:886,120000438,173947011,0,534504,0
14:37:52:086,120000432,173941627,0,534306,0
14:37:52:286,120000437,173983863,0,533330,0
14:37:52:486,120000459,173933579,0,534941,0
14:37:52:686,120000432,173940134,0,534395,0
14:37:52:886,120000437,173885932,0,535409,0
14:37:53:086,120000456,173889827,1,535158,0
14:37:53:486,120000480,265141337,402,161,0
14:37:53:686,120000449,254460443,360,62661,0
14:37:53:886,120000442,173957778,0,534121,0
14:37:54:086,120000445,173906495,0,534881,0
14:37:54:286,120000454,173934774,0,534422,0
14:37:54:486,120000458,173902813,1,535824,0
14:37:54:686,120000438,173990687,0,533337,0
14:37:54:886,120000455,174048397,0,532191,0
14:37:55:086,120000443,174045796,0,532506,0
14:37:55:286,120000432,174007868,0,533757,0
14:37:55:486,120000445,174059534,1,532624,0
14:37:55:686,120000454,174077089,0,531787,0
14:37:55:886,120000442,174029593,0,532494,0
14:37:56:086,120000458,174036367,1,532982,0
14:37:56:286,120000441,174035713,0,533127,0
14:37:56:486,120000433,174061636,1,532149,0
14:37:56:686,120000450,174126452,0,531305,0
14:37:56:886,120000461,174166251,0,530072,0
14:37:57:086,120000438,174093931,0,531503,0
14:37:57:286,120000456,174120126,0,530765,0
14:37:57:486,120000455,174126147,1,530587,0
14:37:57:686,120000454,174175237,0,528928,0
14:37:57:886,120000448,174184270,0,529018,0
14:37:58:086,120000443,173987606,1,533543,0
14:37:58:286,120000452,174017082,0,532805,0
14:37:58:486,120000441,174001880,0,533275,0
14:37:58:686,120000451,174043614,0,532746,0
14:37:58:886,120000444,174022361,0,532822,0
14:37:59:086,120000452,173983149,0,533677,0
14:37:59:286,120000436,173984051,0,533621,0
14:37:59:486,120000448,174001806,0,533297,0
14:37:59:686,120000430,173936006,0,534346,0
14:37:59:886,120000437,173919060,1,534457,0
14:38:00:086,120000442,173936822,0,534404,0
14:38:00:286,120000432,173924773,0,534797,0
14:38:00:486,120000447,173874216,0,535224,0
14:38:00:686,120000439,173998209,0,533208,0
14:38:00:886,120000443,173976079,1,534013,0
14:38:01:086,120000436,174000635,0,532859,0
14:38:01:286,120000450,173997264,0,533093,0
14:38:01:486,120000446,173886336,0,535303,0
14:38:01:686,120000453,173951129,0,533993,0
14:38:01:886,120000453,174079550,1,531156,0
14:38:02:086,120000458,174028047,0,532654,0
14:38:02:286,120000466,174014713,0,533382,0
14:38:02:486,120000457,173932269,0,535095,0
14:38:02:686,120000446,173883444,0,536529,0
14:38:02:886,120000430,173952728,1,535575,0
14:38:03:086,120000449,174048938,0,533192,0
14:38:03:286,120000444,174040692,1,533036,0
14:38:03:486,120000451,174046872,0,532771,0
14:38:03:686,120000444,173998406,0,533767,0
14:38:03:886,120000438,174000795,0,534103,0
14:38:04:086,120000443,174001874,0,534329,0
14:38:04:286,120000447,174016631,1,534029,0
14:38:04:486,120000450,174058401,0,532227,0
14:38:04:686,120000436,174104716,0,530979,0
14:38:04:886,120000451,174045674,0,532461,0
14:38:05:086,120000445,173974676,0,534153,0
14:38:05:286,120000449,173988906,0,533646,0
14:38:05:486,120000454,174024076,0,532779,0
14:38:05:686,120000441,174034290,1,533050,0
14:38:05:886,120000446,174080379,0,532094,0
14:38:06:086,120000434,174036813,0,533344,0
14:38:06:286,120000449,174032948,0,533333,0
14:38:06:486,120000440,174067221,0,532631,0
14:38:06:686,120000442,174081751,1,531756,0
14:38:06:886,120000429,174030078,0,532609,0
14:38:07:086,120000437,174056662,0,532129,0
14:38:07:286,120000437,174069433,0,532617,0
14:38:07:486,120000453,174129352,0,531307,0
14:38:07:686,120000438,174138381,0,531220,0
14:38:07:886,120000437,174122580,0,531256,0
14:38:08:086,120001335,148978128,407175,424955,0
14:38:08:286,120001392,47307265,2282732,104,0
14:38:08:486,120001186,47405950,2293371,116,0
14:38:08:686,120001277,47208248,2271364,99,0
14:38:08:886,120001138,47364253,2288481,116,0
14:38:09:086,120001127,47312081,2283640,113,0
14:38:09:286,120000680,47302065,2276332,115,0
14:38:09:486,120000757,47386922,2277855,109,0
14:38:09:686,120000557,47353964,2277436,106,0
14:38:09:886,120001123,47637142,2282293,108,0
14:38:10:086,120001192,47319046,2283187,98,0
14:38:10:286,120001338,47374000,2289180,114,0
14:38:10:486,120001149,47362291,2287472,107,0
14:38:10:686,120001201,47295754,2280622,108,0
14:38:10:886,120000603,47388624,2279579,114,0
14:38:11:086,120000537,47607797,2280788,104,0
14:38:11:286,120000532,47240868,2275756,97,0
14:38:11:486,120000942,47278157,2276786,110,0
14:38:11:686,120001602,47443510,2282112,113,0
14:38:11:886,120000547,47111125,2271017,103,0
14:38:12:086,120001068,47441757,2286835,109,0
14:38:12:286,120000938,47346651,2287157,113,0
14:38:12:486,120001186,47237524,2274847,106,0
14:38:12:686,120000930,47322115,2284199,102,0
14:38:12:886,120001213,47264056,2277625,107,0
14:38:13:086,120000695,47447395,2290494,103,0
14:38:13:286,120000644,47343403,2277444,108,0
14:38:13:486,120000464,47171708,2275324,99,0
14:38:13:686,120000739,47570268,2280448,109,0
14:38:13:886,120000631,47256846,2276269,122,0
14:38:14:086,120001476,47550403,2284980,122,0
14:38:14:286,120001238,47413033,2294286,111,0
14:38:14:486,120001014,47360131,2287867,108,0
14:38:14:686,120001373,47256847,2276074,111,0
14:38:14:886,120000587,47337215,2282209,116,0
14:38:15:086,120001064,47170255,2270595,106,0
14:38:15:286,120001729,47232133,2273883,116,0
14:38:15:486,120001183,47266682,2277818,119,0
14:38:15:686,120000595,47300503,2281173,99,0
14:38:15:886,120000731,47552009,2280217,112,0
14:38:16:086,120000697,47551331,2279749,109,0
14:38:16:286,120001252,47391603,2286450,116,0
14:38:16:486,120001097,47327210,2284722,106,0
14:38:16:686,120001200,47378266,2290203,116,0
14:38:16:886,120000637,47480830,2287553,105,0
14:38:17:086,120000796,47277235,2276253,107,0
14:38:17:286,120000848,47232113,2276024,107,0
14:38:17:486,120000758,47465891,2279336,111,0
14:38:17:686,120000650,47340931,2276755,113,0
14:38:17:886,120000592,47215182,2276193,108,0
14:38:18:086,120000750,47305914,2276495,107,0
14:38:18:286,120000461,47310270,2276419,109,0
14:38:18:486,120001223,47403650,2280380,107,0
14:38:18:686,120000621,47054068,2271407,104,0
14:38:18:886,120001301,47437022,2279513,110,0
14:38:19:086,120001502,47384521,2291009,104,0
14:38:19:286,120000984,47370821,2290039,105,0
14:38:19:486,120001255,47247057,2275342,107,0
14:38:19:686,120000764,47606700,2291580,111,0
14:38:19:886,120000577,47395973,2278212,99,0
14:38:20:086,120000473,47290891,2276409,114,0
14:38:20:286,120000622,47395215,2277935,103,0
14:38:20:486,120000862,46867611,2271405,96,0
14:38:20:686,120000577,47618053,2280810,106,0
14:38:20:886,120001334,47410458,2283179,106,0
14:38:21:086,120001230,47307481,2282689,99,0
14:38:21:286,120001465,47295593,2281398,104,0
14:38:21:486,120001471,47278393,2279125,105,0
14:38:21:686,120001561,47345299,2286481,105,0
14:38:21:886,120001003,47333851,2285260,117,0
14:38:22:086,120000518,47574001,2281876,106,0
14:38:22:286,120001251,47649899,2286107,103,0
14:38:22:486,120001279,47245782,2276191,105,0
14:38:22:686,120001226,47401591,2293195,104,0
14:38:22:886,120001223,47278447,2279617,110,0
14:38:23:686,120000449,265141581,401,154,0
14:38:23:686,120000449,265141581,401,154,0
14:38:23:686,120000449,265141581,401,154,0
14:38:23:886,120001256,217836166,492807,146,0
14:38:24:086,120000464,47307189,2279193,109,0
14:38:24:286,120000708,47460307,2279669,108,0
14:38:24:486,120000666,47456274,2278599,109,0
14:38:24:686,120000637,47119657,2273890,102,0
14:38:24:886,120000662,47187716,2275864,105,0
14:38:25:086,120000703,47584003,2281149,109,0
14:38:25:286,120001134,47380152,2283507,109,0
14:38:25:486,120001552,47249791,2275656,104,0
14:38:25:686,120001117,47368618,2289515,113,0
14:38:25:886,120001275,47284972,2279898,111,0
14:38:26:086,120002487,47258240,2276404,115,0
14:38:26:286,120001599,47318418,2283136,106,0
14:38:26:486,120001313,47297672,2281115,108,0
14:38:26:686,120000600,47398882,2282352,104,0
14:38:26:886,120000467,47355162,2277559,107,0
14:38:27:086,120000475,47280913,2276519,108,0
14:38:27:286,120000577,47319655,2276888,107,0
14:38:27:486,120000769,47345027,2276728,120,0
14:38:27:686,120000471,47287660,2276712,113,0
14:38:27:886,120000470,47354827,2278015,110,0
14:38:28:086,120001248,47421395,2282970,116,0
14:38:28:286,120001184,47264092,2277345,111,0
14:38:28:486,120001034,47274172,2278254,99,0
14:38:28:686,120000868,47298364,2281686,105,0
14:38:28:886,120001708,47373073,2289653,103,0
14:38:29:086,120001270,47339512,2285666,108,0
14:38:29:286,120000665,47619776,2283769,119,0
14:38:29:486,120000646,47323698,2276878,111,0
14:38:29:686,120001033,47423969,2278512,112,0
14:38:29:886,120001778,47346240,2278555,111,0
14:38:30:086,120001298,47303438,2281358,103,0
14:38:30:286,120001421,47254968,2276325,105,0
14:38:30:486,120001204,47358567,2288081,111,0
14:38:30:686,120001078,47452144,2297445,109,0
14:38:30:886,120000835,47568275,2280540,104,0
14:38:31:086,120000697,47535667,2279454,106,0
14:38:31:286,120001657,47319053,2279694,123,0
14:38:31:486,120001242,47328361,2284698,111,0
14:38:31:686,120001298,47256820,2276028,107,0
14:38:31:886,120001189,47168368,2266955,96,0
14:38:32:086,120001522,47331519,2284936,98,0
14:38:32:286,120001095,47308923,2282925,104,0
14:38:32:486,120001227,47236570,2274167,109,0
14:38:32:686,120001249,47483745,2301210,107,0
14:38:32:886,120001358,47226582,2273606,104,0
14:38:33:086,120000850,47357488,2279425,111,0
14:38:33:286,120000672,47458604,2278958,112,0
14:38:33:486,120000935,47362947,2277772,113,0
14:38:33:686,120001462,47523563,2281709,107,0
14:38:33:886,120001421,47298598,2281080,108,0
14:38:34:086,120001126,47366143,2288669,112,0
14:38:34:286,120001604,47384980,2291436,100,0
14:38:34:486,120001292,47280751,2279612,107,0
14:38:34:686,120001130,47272658,2278535,108,0
14:38:34:886,120001203,47232369,2274221,95,0
14:38:35:086,120000923,47380551,2280530,109,0
14:38:35:286,120001344,47150630,2274449,110,0
14:38:35:486,120001137,47228290,2273397,119,0
14:38:35:686,120000612,47284805,2278603,106,0
14:38:35:886,120000832,47652255,2281712,108,0
14:38:36:086,120000763,47180980,2275385,116,0
14:38:36:286,120000857,47467331,2278520,103,0
14:38:36:486,120000674,47300067,2277166,100,0
14:38:36:686,120001433,47351112,2282074,110,0
14:38:36:886,120001470,47290502,2281161,119,0
14:38:37:086,120001493,47369176,2288983,103,0
14:38:37:286,120001339,47272363,2278221,107,0
14:38:37:486,120001257,47368575,2288990,105,0
14:38:37:686,120000788,47298771,2279854,106,0
14:38:37:886,120000884,47428609,2278362,108,0
14:38:38:086,120000625,47420270,2278950,106,0
14:38:38:286,120001033,47588930,2284965,107,0
14:38:38:486,120001230,47379670,2290693,114,0
14:38:38:686,120001104,47244112,2275574,107,0
14:38:39:286,120000470,265141722,401,162,0
14:38:39:286,120000470,265141722,401,162,0
14:38:39:486,120000516,164631830,1046343,130,0
14:38:39:687,120001175,47443204,2285938,109,0
14:38:39:887,120001286,47386562,2290997,108,0
14:38:40:087,120000566,47530593,2295878,110,0
14:38:40:287,120000544,47509045,2279927,109,0
14:38:40:487,120000862,47320707,2276408,109,0
14:38:40:687,120000839,47332221,2277339,104,0
14:38:40:887,120001680,47504678,2290932,117,0
14:38:41:087,120001172,47362664,2288232,111,0
14:38:41:287,120001561,47264353,2277889,108,0
14:38:41:487,120001330,47215692,2271790,115,0
14:38:41:687,120000889,47221954,2274071,102,0
14:38:41:887,120001177,47282164,2278914,106,0
14:38:42:087,120001300,47244598,2275216,104,0
14:38:42:287,120001156,47208256,2270946,100,0
14:38:42:487,120001110,47340305,2286303,115,0
14:38:42:687,120000797,47391491,2290855,107,0
14:38:42:887,120000745,47738963,2283100,110,0
14:38:43:087,120000782,47306613,2276494,116,0
14:38:43:287,120001104,47372417,2279394,116,0
14:38:43:487,120001488,47268583,2278239,108,0
14:38:43:687,120000813,47184948,2271334,112,0
14:38:43:887,120001407,47372911,2286793,107,0
14:38:44:087,120001598,47299344,2281068,100,0
14:38:44:287,120001287,47343663,2286639,108,0
14:38:44:487,120001380,47373721,2289713,111,0
14:38:44:687,120001019,47176270,2267559,102,0
14:38:44:887,120001382,47306492,2282653,107,0
14:38:45:087,120000656,47289344,2280386,102,0
14:38:45:287,120001131,47235763,2274960,110,0
14:38:45:487,120001343,47251942,2275883,111,0
14:38:45:687,120000706,47300722,2278736,110,0
14:38:45:887,120000819,47536097,2280559,103,0
14:38:46:087,120000976,47325171,2277143,107,0
14:38:46:287,120001110,47165251,2274829,109,0
14:38:46:487,120000606,47495054,2279429,101,0
14:38:46:687,120000929,47356562,2277221,104,0
14:38:46:887,120001238,47273083,2278177,99,0
14:38:47:087,120001189,47409307,2293489,121,0
14:38:47:287,120001186,47329072,2284058,103,0
14:38:47:487,120001499,47207518,2271424,100,0
14:38:47:687,120001305,47306563,2281818,107,0
14:38:47:887,120001698,47318596,2283492,107,0
14:38:48:087,120001385,47285314,2279773,110,0
14:38:48:287,120000694,47408617,2278498,112,0
14:38:48:487,120000847,47510031,2279573,107,0
14:38:48:687,120001400,47572143,2287681,100,0
14:38:48:887,120001205,47234700,2273803,110,0
14:38:49:087,120001063,47328163,2284886,109,0
14:38:49:287,120001535,47340374,2286076,106,0
14:38:49:487,120001136,47351394,2285959,104,0
14:38:49:687,120000895,47365630,2282149,107,0
14:38:49:887,120000942,47601187,2280453,101,0
14:38:50:087,120000798,47349283,2277410,110,0
14:38:50:287,120001337,47449140,2283835,112,0
14:38:50:487,120001214,47335786,2284978,102,0
14:38:50:687,120000949,47368978,2288516,115,0
14:38:50:887,120000914,47235004,2273833,106,0
14:38:51:087,120001297,47276665,2278664,108,0
14:38:51:287,120001433,47178270,2267551,105,0
14:38:51:487,120001410,47251411,2276311,99,0
14:38:51:687,120001050,47304131,2281720,116,0
14:38:51:887,120001193,47197469,2270001,113,0
14:38:52:087,120001275,47258926,2276926,114,0
14:38:52:287,120001213,47304511,2281890,106,0
14:38:52:487,120001361,47289481,2280493,108,0
14:38:52:687,120001215,47305141,2281443,112,0
14:38:52:887,120001427,47229379,2273638,103,0
14:38:53:087,120000836,47401072,2283272,115,0
14:38:53:287,120000674,47564181,2280473,104,0
14:38:53:487,120000880,47320358,2277212,108,0
14:38:53:687,120001098,47316078,2277188,101,0
14:38:53:887,120001512,47424979,2283461,112,0
14:38:54:087,120001141,47287051,2279972,119,0
14:38:54:687,120000470,265134246,403,161,0
14:38:54:687,120000470,265134246,403,161,0
14:38:54:887,120000936,198833097,693295,145,0
14:38:55:087,120000769,47407104,2278530,108,0
14:38:55:287,120000771,47534192,2279585,102,0
14:38:55:487,120000829,47199241,2275217,116,0
14:38:55:687,120000955,47493531,2279373,109,0
14:38:55:887,120001512,47325331,2282732,98,0
14:38:56:087,120001433,47307859,2282345,109,0
14:38:56:287,120001177,47289643,2280026,106,0
14:38:56:487,120001412,47326102,2284500,106,0
14:38:56:687,120000995,47398205,2292837,119,0
14:38:57:087,120000805,47352929,2277564,107,0
14:38:57:287,120000953,47570082,2280627,108,0
14:38:57:487,120001352,47422683,2280616,109,0
14:38:57:687,120001473,47269321,2278457,117,0
14:38:57:887,120001479,47342797,2286074,104,0
14:38:58:087,120001290,47323411,2284030,111,0
14:38:58:287,120001339,47351491,2286981,102,0
14:38:58:487,120000889,47335104,2284996,111,0
14:38:58:687,120000877,47432641,2278140,103,0
14:38:58:887,120000774,47585749,2280625,106,0
14:38:59:087,120000781,47164675,2275172,108,0
14:38:59:287,120001521,47516997,2284304,103,0
14:38:59:487,120001464,47384818,2290906,106,0
14:38:59:687,120001117,47391523,2291270,109,0
14:38:59:887,120000645,47445595,2284255,97,0
14:39:00:087,120000988,47576771,2280409,98,0
14:39:00:287,120000781,47330810,2277134,112,0
14:39:00:487,120000701,47301199,2276975,106,0
14:39:00:687,120001439,47391314,2285849,105,0
14:39:00:887,120001201,47450671,2297976,108,0
14:39:01:087,120000557,47341937,2286472,106,0
14:39:01:287,120000625,47416196,2278980,104,0
14:39:01:487,120000805,47462555,2278940,107,0
14:39:01:687,120000637,47386524,2277655,100,0
14:39:01:887,120001132,47441548,2282897,97,0
14:39:02:087,120001479,47378779,2290111,117,0
14:39:02:287,120001239,47305744,2282161,113,0
14:39:02:487,120001275,47251200,2276248,100,0
14:39:02:687,120001021,47304731,2282353,101,0
14:39:02:887,120001253,47250241,2276008,107,0
14:39:03:087,120000766,47448985,2288050,116,0
14:39:03:287,120000661,47262771,2276015,99,0
14:39:03:487,120000606,47454524,2279453,115,0
14:39:03:687,120000609,47152507,2274524,106,0
14:39:03:887,120000618,47484803,2278652,104,0
14:39:04:087,120000683,47353996,2277962,100,0
14:39:04:287,120000775,47329907,2276494,111,0
14:39:04:487,120000976,47255930,2276846,102,0
14:39:04:687,120001341,47368004,2286809,105,0
14:39:04:887,120001035,47408659,2293809,106,0
14:39:05:087,120001196,47348604,2286728,112,0
14:39:05:287,120000610,47357288,2279905,108,0
14:39:05:487,120000728,47300063,2277169,109,0
14:39:05:687,120000879,47252368,2276124,104,0
14:39:05:887,120000578,47335804,2277545,112,0
14:39:06:087,120000514,47257848,2276260,101,0
14:39:06:287,120000637,47048569,2273388,104,0
14:39:06:487,120000786,47493105,2279492,108,0
14:39:06:687,120000593,47503964,2280136,100,0
14:39:06:887,120001154,47421779,2280715,109,0
14:39:07:087,120001053,47271807,2277633,109,0
14:39:07:287,120001318,47284029,2279198,110,0
14:39:07:487,120001072,47369302,2289726,107,0
14:39:07:687,120001347,47391613,2291748,100,0
14:39:07:887,120000660,47352769,2281371,108,0
14:39:08:087,120000680,47239355,2276306,118,0
14:39:08:287,120000646,47438385,2278049,104,0
14:39:08:487,120000513,47633215,2280823,109,0
14:39:08:687,120001185,47328252,2281546,111,0
14:39:08:887,120001248,47415028,2294496,115,0
14:39:09:087,120000951,47351628,2286745,106,0
14:39:09:287,120000625,47334336,2283775,109,0
14:39:09:487,120000506,47565380,2280045,110,0
14:39:09:687,120000634,47381245,2278507,112,0
14:39:10:087,120000509,248303086,186116,167,0
14:39:10:287,120000623,241021871,251634,151,0
14:39:10:487,120000520,47297614,2276858,109,0
14:39:10:687,120000583,47553994,2279908,108,0
14:39:10:887,120001405,47434804,2293688,112,0
14:39:11:087,120001047,47414689,2294931,110,0
14:39:11:287,120000549,47396635,2283409,117,0
14:39:11:487,120000946,47543555,2279688,103,0
14:39:11:687,120000571,47319580,2276856,105,0
14:39:11:887,120000765,47447571,2278669,105,0
14:39:12:087,120001180,47336377,2284278,110,0
14:39:12:287,120001119,47374549,2290000,108,0
14:39:12:487,120000511,47490185,2295969,111,0
14:39:12:687,120000757,47450053,2278446,113,0
14:39:12:887,120000551,47262442,2276953,100,0
14:39:13:087,120000843,47233339,2275734,104,0
14:39:13:287,120000530,47395766,2278221,111,0
14:39:13:487,120000616,47394465,2277753,109,0
14:39:13:687,120000649,47247857,2276040,107,0
14:39:13:887,120000519,47259561,2276344,112,0
14:39:14:087,120000484,47165340,2275210,102,0
14:39:14:287,120000474,47332218,2277621,110,0
14:39:14:487,120000461,47297356,2276652,110,0
14:39:14:687,120001143,47402121,2286176,102,0
14:39:14:887,120001013,47500965,2304581,105,0
14:39:15:087,120001104,47276611,2279803,117,0
14:39:15:287,120000488,47453168,2280885,103,0
14:39:15:487,120000748,47417532,2278221,110,0
14:39:15:687,120000858,47402773,2278079,113,0
14:39:15:887,120000602,47261214,2276113,105,0
14:39:16:087,120001153,47434455,2282199,105,0
14:39:16:287,120001110,47307213,2282536,112,0
14:39:16:487,120001641,47287699,2280132,106,0
14:39:16:687,120000957,47270547,2278679,101,0
14:39:16:887,120001484,47248504,2276558,109,0
14:39:17:087,120001320,47296780,2281128,105,0
14:39:17:287,120001055,47292883,2281043,111,0
14:39:17:487,120001154,47298769,2281510,108,0
14:39:17:687,120001525,47260015,2276452,102,0
14:39:17:887,120001394,47332753,2284838,106,0
14:39:18:087,120000854,47290327,2276942,109,0
14:39:18:287,120000790,47403498,2278705,102,0
14:39:18:487,120001302,47060804,2272908,102,0
14:39:18:687,120000675,47412225,2278928,119,0
14:39:18:887,120001035,47573874,2280119,100,0
14:39:19:087,120001068,47467885,2283306,102,0
14:39:19:287,120001949,47441824,2297194,109,0
14:39:19:487,120001195,47355325,2287980,108,0
14:39:19:687,120000848,47322834,2280389,113,0
14:39:19:887,120000871,47652447,2281279,110,0
14:39:20:087,120000725,47330437,2276875,105,0
14:39:20:287,120001505,47488475,2287510,106,0
14:39:20:487,120001137,47453506,2299038,107,0
14:39:20:687,120000798,47400049,2285722,110,0
14:39:20:887,120000870,47330145,2277800,103,0
14:39:21:087,120000968,47319637,2277360,110,0
14:39:21:287,120000739,47092531,2273515,114,0
14:39:21:487,120000915,47793589,2283574,109,0
14:39:21:687,120000796,47204961,2276342,113,0
14:39:21:887,120001421,47424443,2284775,107,0
14:39:22:087,120001150,47329225,2284063,103,0
14:39:22:287,120001142,47428333,2296123,110,0
14:39:22:487,120000909,47357874,2282110,112,0
14:39:22:687,120000666,47297217,2276483,100,0
14:39:22:887,120000840,47539844,2279593,107,0
14:39:23:087,120000868,47463352,2278095,112,0
14:39:23:287,120001276,47383502,2285655,102,0
14:39:23:487,120001234,47412764,2293631,108,0
14:39:23:687,120000924,47249323,2276061,111,0
14:39:23:887,120001107,47392760,2289952,109,0
14:39:24:087,120000857,47404274,2278313,113,0
14:39:24:287,120000580,47500887,2279729,108,0
14:39:24:487,120001184,47533164,2283938,127,0
14:39:24:687,120000859,47203136,2271570,97,0
14:39:24:887,120001683,47347557,2285468,104,0
14:39:25:087,120000965,47321450,2283829,101,0
14:39:25:687,120000462,265134420,403,164,0
14:39:25:687,120000462,265134420,403,164,0
14:39:25:887,120001314,66279831,2077329,112,0
14:39:26:087,120000938,47567120,2281554,105,0
14:39:26:287,120000880,47322743,2277440,118,0
14:39:26:487,120000690,47411517,2278585,112,0
14:39:26:687,120001246,47465165,2288174,106,0
14:39:26:887,120001025,47298355,2281191,112,0
14:39:27:087,120001532,47307427,2282401,102,0
14:39:27:287,120001143,47305276,2282243,113,0
14:39:27:487,120001540,47327434,2284311,111,0
14:39:27:687,120000770,47363257,2281563,118,0
14:39:27:887,120000726,47371027,2277930,111,0
14:39:28:087,120000692,47637067,2281730,100,0
14:39:28:287,120001417,47480075,2293251,106,0
14:39:28:487,120001299,47401531,2292688,114,0
14:39:28:687,120000734,47621680,2288352,109,0
14:39:28:887,120000937,47595957,2281220,117,0
14:39:29:087,120000647,47176979,2275033,110,0
14:39:29:287,120000797,47203839,2275323,105,0
14:39:29:487,120001247,47490428,2289114,111,0
14:39:29:687,120001182,47379269,2290369,112,0
14:39:29:887,120001240,47272651,2278014,111,0
14:39:30:087,120001094,47305627,2282111,105,0
14:39:30:287,120000877,47331128,2283378,105,0
14:39:30:487,120001073,47177391,2268958,107,0
14:39:30:687,120002048,47292667,2280745,101,0
14:39:30:887,120000843,47406321,2280950,105,0
14:39:31:087,120000789,47434673,2278040,107,0
14:39:31:287,120000889,47496979,2279482,117,0
14:39:31:487,120000765,47320867,2277483,111,0
14:39:31:687,120001028,47298899,2278699,111,0
14:39:31:887,120001361,47430106,2296196,118,0
14:39:32:087,120001329,47359069,2287776,106,0
14:39:32:287,120000621,47343165,2283884,101,0
14:39:32:487,120000611,47531297,2279584,103,0
14:39:32:687,120001282,47631154,2284404,102,0
14:39:32:887,120001262,47400534,2292609,102,0
14:39:33:087,120001092,47410623,2293869,108,0
14:39:33:287,120000868,47492435,2282205,101,0
14:39:33:487,120000830,47277550,2275789,105,0
14:39:33:687,120000661,47439290,2278126,112,0
14:39:33:887,120001069,47534315,2284967,114,0
14:39:34:087,120001187,47244994,2274915,108,0
14:39:34:287,120001164,47337100,2285718,113,0
14:39:34:487,120001161,47278843,2279285,102,0
14:39:34:687,120001070,47360032,2288290,104,0
14:39:34:887,120001107,47277178,2279089,112,0
14:39:35:087,120000594,47438252,2286503,110,0
14:39:35:287,120000954,47489043,2278678,102,0
14:39:35:487,120000533,47227404,2274977,111,0
14:39:35:687,120000859,47265811,2277092,108,0
14:39:35:887,120000707,47258143,2274911,100,0
14:39:36:087,120000603,47403250,2278135,117,0
14:39:36:287,120000524,47249434,2276443,104,0
14:39:36:487,120001311,47604039,2298382,106,0
14:39:36:687,120001042,47355928,2287496,104,0
14:39:36:887,120000583,47503968,2287844,108,0
14:39:37:087,120000868,47600379,2279872,105,0
14:39:37:287,120000560,47343628,2277335,106,0
14:39:37:487,120001159,47341243,2281512,109,0
14:39:37:687,120001087,47388679,2291456,106,0
14:39:37:887,120001201,47306095,2282515,108,0
14:39:38:087,120000540,47432571,2291383,107,0
14:39:38:287,120000727,47359571,2277355,102,0
14:39:38:487,120000470,47369096,2278373,105,0
14:39:38:687,120000742,47245701,2276195,106,0
14:39:38:887,120001063,47656500,2282644,104,0
14:39:39:087,120000919,47408299,2293605,98,0
14:39:39:287,120001303,47343616,2286864,110,0
14:39:39:487,120000491,47432676,2288979,100,0
14:39:39:687,120000795,47387388,2277798,103,0
14:39:39:887,120000583,47311827,2277083,105,0
14:39:40:087,120000480,47482972,2279435,120,0
14:39:40:287,120001370,47438955,2282262,109,0
14:39:40:487,120001053,47284414,2279458,109,0
14:39:41:087,120000455,265133666,403,156,0
14:39:41:087,120000455,265133666,403,156,0
14:39:41:287,120000937,108542468,1636612,130,0
14:39:41:487,120000617,47265340,2276687,118,0
14:39:41:687,120000511,47471436,2279379,118,0
14:39:41:887,120001007,47454321,2282554,105,0
14:39:42:087,120001325,47253177,2276576,115,0
14:39:42:287,120001118,47434462,2296482,104,0
14:39:42:487,120001206,47298193,2281523,104,0
14:39:42:687,120001137,47345848,2286235,105,0
14:39:42:887,120000649,47371599,2278941,114,0
14:39:43:087,120000471,47697434,2281971,101,0
14:39:43:287,120000850,47359516,2279294,104,0
14:39:43:487,120000990,47324068,2284131,114,0
14:39:43:687,120001249,47315338,2282848,111,0
14:39:43:887,120001357,47339197,2285562,112,0
14:39:44:087,120001052,47250385,2275827,104,0
14:39:44:287,120001057,47271139,2279386,117,0
14:39:44:487,120001360,47169106,2266490,102,0
14:39:44:687,120001761,47343067,2285981,108,0
14:39:44:887,120001428,47304196,2281947,109,0
14:39:45:087,120000468,47461969,2285005,107,0
14:39:45:287,120000883,47762437,2283773,108,0
14:39:45:487,120000967,47257187,2276841,106,0
14:39:45:687,120001089,47309420,2282667,107,0
14:39:45:887,120001314,47366022,2288669,104,0
14:39:46:087,120001159,47386541,2290946,107,0
14:39:46:287,120000906,47319994,2282694,121,0
14:39:46:487,120000506,47492131,2279634,114,0
14:39:46:687,120001047,47305356,2276877,116,0
14:39:46:887,120000928,47451781,2278909,109,0
14:39:47:087,120000932,46974995,2272123,103,0
14:39:47:287,120000833,47224865,2275756,115,0
14:39:47:487,120000870,47328741,2276858,119,0
14:39:47:687,120000866,47609969,2281017,113,0
14:39:47:887,120001350,47282856,2277768,111,0
14:39:48:087,120001787,47285655,2280305,106,0
14:39:48:287,120001265,47284309,2279762,105,0
14:39:48:487,120001474,47251339,2276477,113,0
14:39:48:687,120001255,47274163,2279393,105,0
14:39:48:887,120000934,47314484,2282994,110,0
14:39:49:087,120001492,47330782,2284359,104,0
14:39:49:287,120001126,47334508,2285857,106,0
14:39:49:487,120001235,47269015,2278407,99,0
14:39:49:687,120000485,47336809,2279892,118,0
14:39:49:887,120000676,47408316,2278325,106,0
14:39:50:087,120000883,47666811,2281417,104,0
14:39:50:287,120001253,47324418,2281973,106,0
14:39:50:487,120001338,47354858,2288250,110,0
14:39:50:687,120001036,47258124,2276556,114,0
14:39:50:887,120001219,47349918,2287203,111,0
14:39:51:087,120001500,47374312,2288681,107,0
14:39:51:287,120000857,47631477,2282155,109,0
14:39:51:487,120001478,47553922,2283881,113,0
14:39:51:687,120000686,47161035,2271109,104,0
14:39:51:887,120000831,47267062,2275874,113,0
14:39:52:087,120001724,47363946,2285036,110,0
14:39:52:287,120001451,47244767,2275194,102,0
14:39:52:487,120001283,47270072,2277926,97,0
14:39:52:687,120001957,47290266,2280416,109,0
14:39:52:887,120001692,47218291,2272277,103,0
14:39:53:087,120001476,47257639,2276468,102,0
14:39:53:287,120001312,47206220,2271101,105,0
14:39:53:487,120001709,47288351,2279895,107,0
14:39:53:687,120001682,47273443,2278171,111,0
14:39:53:887,120001078,47367403,2289311,105,0
14:39:54:087,120001697,47269267,2278162,110,0
14:39:54:287,120001036,47268691,2278198,101,0
14:39:54:487,120001180,47190346,2269330,107,0
14:39:54:687,120001576,47329882,2284491,107,0
14:39:54:887,120001597,47215627,2272026,109,0
14:39:55:087,120001051,47353806,2287884,111,0
14:39:55:287,120000540,47412681,2281322,108,0
14:39:55:487,120000966,47384339,2278930,106,0
14:39:55:687,120000972,47438083,2278696,110,0
14:39:55:887,120000789,47347731,2277099,115,0
14:39:56:487,120000477,265134150,403,147,0
14:39:56:487,120000477,265134150,403,147,0
14:39:56:687,120000641,151591758,1188912,144,0
14:39:56:887,120000703,47330257,2277398,118,0
14:39:57:087,120000922,47409825,2277975,112,0
14:39:57:287,120000782,47420365,2278061,109,0
14:39:57:487,120001131,47503779,2286049,108,0
14:39:57:687,120001407,47387770,2291597,110,0
14:39:57:887,120001135,47264092,2277787,112,0
14:39:58:087,120001046,47241331,2275410,106,0
14:39:58:287,120001516,47232988,2274255,112,0
14:39:58:487,120001137,47365090,2288607,109,0
14:39:58:687,120000796,47487962,2284742,109,0
14:39:58:887,120000794,47517609,2279793,108,0
14:39:59:087,120000644,47354838,2276697,102,0
14:39:59:287,120001138,47516838,2295262,102,0
14:39:59:487,120001176,47243734,2275467,107,0
14:39:59:687,120000952,47351275,2287141,106,0
14:39:59:887,120001056,47312436,2282710,104,0
14:40:00:087,120001252,47257706,2277292,108,0
14:40:00:287,120000905,47527042,2285375,114,0
14:40:00:487,120000904,47480417,2279008,107,0
14:40:00:687,120000733,47375667,2277826,108,0
14:40:00:887,120000747,47216611,2275689,102,0
14:40:01:087,120000798,47349633,2277656,105,0
14:40:01:287,120001109,47426179,2292760,108,0
14:40:01:487,120001925,47341708,2285825,101,0
14:40:01:687,120000965,47395649,2289898,105,0
14:40:01:887,120000795,47248147,2276266,105,0
14:40:02:087,120000846,47808315,2283446,110,0
14:40:02:287,120000554,47246470,2276102,115,0
14:40:02:487,120000741,47202963,2275166,112,0
14:40:02:687,120001147,47512833,2290918,109,0
14:40:02:887,120001450,47186503,2269462,103,0
14:40:03:087,120001518,47236089,2273795,101,0
14:40:03:287,120001295,47340634,2286144,102,0
14:40:03:487,120001671,47256703,2276847,110,0
14:40:03:687,120001190,47381155,2290551,115,0
14:40:03:887,120000949,47419572,2288674,107,0
14:40:04:087,120000643,47246613,2275825,110,0
14:40:04:287,120000781,47479450,2279476,109,0
14:40:04:487,120000739,47466547,2278999,107,0
14:40:04:687,120000780,47127941,2274544,101,0
14:40:04:887,120001186,47560530,2282447,108,0
14:40:05:087,120001262,47368582,2289037,105,0
14:40:05:287,120001073,47342797,2286420,110,0
14:40:05:487,120001097,47313475,2283101,109,0
14:40:05:687,120001265,47254100,2276929,112,0
14:40:05:887,120001345,47301795,2281661,105,0
14:40:06:087,120000495,47447554,2281208,115,0
14:40:06:287,120000722,47419795,2278522,106,0
14:40:06:487,120000585,47342920,2277560,105,0
14:40:06:687,120000855,47123439,2274603,117,0
14:40:06:887,120000748,47465221,2279772,103,0
14:40:07:087,120000813,47331475,2277424,113,0
14:40:07:287,120001277,47333832,2279090,102,0
14:40:07:487,120001776,47272093,2278285,113,0
14:40:07:687,120001065,47327632,2284960,107,0
14:40:07:887,120001730,47357782,2288158,110,0
14:40:08:087,120001593,47245521,2275358,112,0
14:40:08:287,120001410,47308502,2282316,101,0
14:40:08:487,120000997,47334922,2285201,109,0
14:40:08:687,120001122,47221153,2272612,105,0
14:40:08:887,120000761,47453107,2282758,109,0
14:40:09:087,120000730,47498091,2279209,94,0
14:40:09:287,120000924,47508363,2279912,103,0
14:40:09:487,120001253,47430961,2296227,103,0
14:40:09:687,120001123,47250061,2276631,101,0
14:40:09:887,120001135,47350816,2287355,110,0
14:40:10:087,120001272,47241718,2274812,120,0
14:40:10:287,120001172,47339692,2285741,113,0
14:40:10:487,120000807,47504479,2280509,104,0
14:40:10:687,120000923,47364763,2277218,107,0
14:40:10:887,120000610,47201836,2275238,108,0
14:40:11:087,120001015,47360277,2277273,106,0
14:40:11:287,120000460,47300954,2276901,103,0
14:40:11:887,120000465,265134102,403,157,0
14:40:11:887,120000465,265134102,403,157,0
14:40:12:087,120001465,194638217,735796,149,0
14:40:12:287,120000635,47491640,2284816,97,0
14:40:12:487,120000493,47391661,2278028,108,0
14:40:12:687,120000758,47212379,2276080,119,0
14:40:12:887,120000551,47243702,2276866,109,0
14:40:13:087,120000960,47601409,2280916,102,0
14:40:13:287,120001206,47350152,2284169,106,0
14:40:13:487,120001460,47229167,2274252,110,0
14:40:13:687,120001056,47217825,2272130,104,0
14:40:13:887,120001138,47387230,2291155,106,0
14:40:14:087,120001359,47367691,2288799,99,0
14:40:14:287,120001147,47270923,2278643,110,0
14:40:14:487,120000576,47455771,2287794,106,0
14:40:14:687,120000523,47569090,2280495,111,0
14:40:14:887,120000999,47498935,2281276,108,0
14:40:15:087,120000977,47302495,2282294,102,0
14:40:15:287,120001289,47417587,2294773,110,0
14:40:15:487,120000839,47656706,2294479,106,0
14:40:15:887,120000668,47313928,2277338,113,0
14:40:16:087,120000891,47262974,2276573,113,0
14:40:16:287,120000669,47346981,2276755,109,0
14:40:16:487,120001248,47416985,2282355,107,0
14:40:16:687,120001826,47349455,2286973,105,0
14:40:16:887,120001195,47323017,2284330,105,0
14:40:17:087,120001121,47219198,2272406,112,0
14:40:17:287,120001263,47339008,2285836,105,0
14:40:17:487,120001178,47317185,2282804,104,0
14:40:17:687,120001085,47430232,2282653,113,0
14:40:17:888,120000878,47472659,2278757,106,0
14:40:18:088,120001299,47574792,2283017,102,0
14:40:18:288,120000950,47230526,2273100,106,0
14:40:18:488,120000964,47380813,2289938,110,0
14:40:18:688,120001574,47212360,2272141,106,0
14:40:18:888,120001336,47233717,2274199,104,0
14:40:19:088,120001059,47266999,2278120,105,0
14:40:19:288,120001427,47280535,2279175,101,0
14:40:19:488,120001251,47340140,2285604,102,0
14:40:19:688,120001341,47349144,2287443,102,0
14:40:19:888,120001305,47202973,2271140,110,0
14:40:20:088,120001297,47314339,2283440,100,0
14:40:20:288,120000528,47371371,2282477,105,0
14:40:20:488,120000658,47466214,2278569,117,0
14:40:20:688,120000727,47359646,2277910,102,0
14:40:20:888,120001277,47553163,2283869,112,0
14:40:21:088,120001183,47273164,2278101,107,0
14:40:21:288,120001135,47353417,2286927,105,0
14:40:21:488,120001259,47300776,2281669,102,0
14:40:21:688,120001386,47238813,2275317,104,0
14:40:21:888,120001056,47341031,2285885,114,0
14:40:22:088,120000889,47409612,2287081,98,0
14:40:22:288,120000513,47559836,2280132,108,0
14:40:22:488,120000594,47405681,2277944,108,0
14:40:22:688,120000548,47284755,2275946,116,0
14:40:22:888,120001334,47440708,2287749,117,0
14:40:23:088,120000702,47109812,2264987,111,0
14:40:23:288,120001233,47383859,2286412,111,0
14:40:23:488,120001645,47266117,2277809,120,0
14:40:23:688,120001054,47336020,2286056,120,0
14:40:23:888,120000481,47448632,2296251,125,0
14:40:24:088,120000935,47234299,2275659,104,0
14:40:24:288,120000727,47398153,2277818,110,0
14:40:24:488,120000650,47376433,2277618,110,0
14:40:24:688,120000615,47550750,2280387,112,0
14:40:24:888,120001040,47494773,2294361,109,0
14:40:25:088,120001174,47296771,2281515,111,0
14:40:25:288,120001271,47290248,2280440,103,0
14:40:25:488,120001197,47177719,2268043,115,0
14:40:25:688,120001133,47407273,2293625,110,0
14:40:25:888,120001176,47253373,2276786,112,0
14:40:26:088,120001231,47260627,2277351,107,0
14:40:26:288,120000625,47446862,2282658,100,0
14:40:26:488,120000696,47343726,2277823,99,0
14:40:26:688,120000532,47320284,2277191,103,0
14:40:26:888,120001145,47607068,2282319,114,0
14:40:27:288,120000513,248620111,178174,166,0
14:40:27:488,120000741,236613634,298947,158,0
14:40:27:688,120000641,47361492,2277052,109,0
14:40:27:888,120000718,47146763,2274648,119,0
14:40:28:088,120000789,47604909,2281071,103,0
14:40:28:288,120000493,47311162,2276567,107,0
14:40:28:488,120001445,47485467,2289314,108,0
14:40:28:688,120001111,47286268,2280055,110,0
14:40:28:888,120001232,47366370,2289487,118,0
14:40:29:088,120001227,47302603,2281571,103,0
14:40:29:288,120001134,47249044,2274963,114,0
14:40:29:488,120000621,47405901,2284115,107,0
14:40:29:688,120000509,47567783,2280306,103,0
14:40:29:888,120001108,47576390,2287415,100,0
14:40:30:088,120000635,47119840,2267124,108,0
14:40:30:288,120001316,47453605,2292522,103,0
14:40:30:488,120000458,47336256,2285672,108,0
14:40:30:688,120002129,47280101,2279700,105,0
14:40:30:888,120001263,47277043,2278465,107,0
14:40:31:088,120001045,47321395,2283517,110,0
14:40:31:288,120000738,47315952,2279370,118,0
14:40:31:488,120000727,47355035,2277294,108,0
14:40:31:688,120000711,47430628,2278502,105,0
14:40:31:888,120000661,47357514,2277702,103,0
14:40:32:088,120000802,47138677,2274358,106,0
14:40:32:288,120000698,47418773,2278003,103,0
14:40:32:488,120001218,47479777,2284845,108,0
14:40:32:688,120001660,47284567,2279607,99,0
14:40:32:888,120001445,47349799,2287260,112,0
14:40:33:088,120001052,47347378,2286567,107,0
14:40:33:288,120000987,47338432,2285706,110,0
14:40:33:488,120000608,47252389,2276289,109,0
14:40:33:688,120000868,47318805,2277040,106,0
14:40:33:888,120000807,47317713,2277333,108,0
14:40:34:088,120000934,47512456,2279942,110,0
14:40:34:288,120001350,47569247,2285681,107,0
14:40:34:488,120001858,47311702,2282349,104,0
14:40:34:688,120001721,47277313,2279061,105,0
14:40:34:888,120001163,47389419,2290782,107,0
14:40:35:088,120001095,47259772,2276344,116,0
14:40:35:288,120001095,47222618,2272312,116,0
14:40:35:488,120001015,47294523,2280827,106,0
14:40:35:688,120001194,47302693,2281815,101,0
14:40:35:888,120001472,47256199,2276769,109,0
14:40:36:088,120000735,47360590,2279918,106,0
14:40:36:288,120000909,47643991,2281624,103,0
14:40:36:488,120001296,47472861,2284535,117,0
14:40:36:688,120001357,47262481,2277181,114,0
14:40:36:888,120001380,47312179,2282516,108,0
14:40:37:088,120001402,47376115,2290572,101,0
14:40:37:288,120001174,47363902,2289216,117,0
14:40:37:488,120000651,47298764,2278150,107,0
14:40:37:688,120000905,47539529,2279859,105,0
14:40:37:888,120000863,47525135,2280034,101,0
14:40:38:088,120001161,47434939,2290487,106,0
14:40:38:288,120001130,47411570,2293104,111,0
14:40:38:488,120001093,47257828,2277174,107,0
14:40:38:688,120000896,47335874,2285078,119,0
14:40:38:888,120000867,47552819,2280321,104,0
14:40:39:088,120001614,47645395,2285210,122,0
14:40:39:288,120001480,47358746,2287833,99,0
14:40:39:488,120001197,47301001,2281646,108,0
14:40:39:688,120001126,47325580,2284493,105,0
14:40:39:888,120001100,47290300,2280239,109,0
14:40:40:088,120000811,47353277,2283734,112,0
14:40:40:288,120000662,47451262,2278618,107,0
14:40:40:488,120000856,47414463,2278389,106,0
14:40:40:688,120000728,47482761,2278962,112,0
14:40:40:888,120001291,47423059,2292940,108,0
14:40:41:088,120001317,47283089,2279396,111,0
14:40:41:288,120001964,47304567,2282309,113,0
14:40:41:488,120001085,47262589,2277273,101,0
14:40:41:688,120000742,47487747,2291576,106,0
14:40:41:888,120000619,47596740,2280956,111,0
14:40:42:088,120000632,47323100,2276525,108,0
14:40:42:288,120000828,47158927,2274969,101,0
14:40:42:888,120000462,265133528,403,152,0
14:40:42:888,120000462,265133528,403,152,0
14:40:43:088,120001021,62046347,2128504,111,0
14:40:43:288,120000655,47526886,2279369,104,0
14:40:43:488,120000978,47229835,2276109,101,0
14:40:43:688,120000907,47404907,2278619,112,0
14:40:43:888,120000585,47274188,2275826,103,0
14:40:44:088,120001199,47509826,2287734,97,0
14:40:44:288,120001129,47343101,2286289,107,0
14:40:44:488,120001777,47291706,2280667,102,0
14:40:44:688,120001121,47279842,2279720,103,0
14:40:44:888,120000624,47381779,2289939,106,0
14:40:45:088,120000694,47550561,2280152,113,0
14:40:45:288,120000631,47245500,2275414,118,0
14:40:45:488,120000655,47214211,2275788,107,0
14:40:45:688,120000847,47620163,2281154,104,0
14:40:45:888,120001429,47326203,2281421,115,0
14:40:46:088,120001223,47264380,2277522,101,0
14:40:46:288,120001368,47364100,2288600,112,0
14:40:46:488,120001309,47274820,2278063,102,0
14:40:46:688,120001017,47295088,2281750,109,0
14:40:46:888,120001063,47272381,2278469,107,0
14:40:47:088,120000540,47442151,2288694,108,0
14:40:47:288,120000704,47311107,2276768,110,0
14:40:47:488,120000697,47555612,2279863,109,0
14:40:47:688,120000784,47471388,2279730,111,0
14:40:47:888,120000923,47139108,2273848,111,0
14:40:48:088,120001678,47387403,2281062,116,0
14:40:48:288,120001176,47306707,2281954,118,0
14:40:48:488,120001223,47302243,2281862,111,0
14:40:48:688,120001582,47298859,2281174,107,0
14:40:48:888,120001395,47295797,2280935,112,0
14:40:49:088,120001282,47339951,2285585,111,0
14:40:49:288,120000932,47674506,2287418,103,0
14:40:49:488,120000713,47502108,2278526,106,0
14:40:49:688,120000784,47292282,2277568,120,0
14:40:49:888,120001944,47405677,2293639,115,0
14:40:50:088,120001746,47222618,2272696,101,0
14:40:50:288,120001283,47284589,2279825,105,0
14:40:50:488,120001103,47286628,2279742,107,0
14:40:50:688,120001116,47246047,2276328,113,0
14:40:50:888,120001017,47264985,2277492,114,0
14:40:51:088,120000667,47466432,2295544,103,0
14:40:51:288,120000589,47258792,2275860,107,0
14:40:51:488,120001023,47545312,2279902,114,0
14:40:51:688,120000739,47387833,2278240,105,0
14:40:51:888,120000575,47235636,2275725,102,0
14:40:52:088,120000521,47319068,2276378,111,0
14:40:52:288,120001208,47450847,2286364,104,0
14:40:52:488,120001079,47230817,2274114,110,0
14:40:52:688,120001112,47351710,2286992,105,0
14:40:52:888,120001048,47396311,2292658,111,0
14:40:53:088,120000825,47579256,2286786,114,0
14:40:53:288,120000565,47189529,2275176,101,0
14:40:53:488,120000607,47385493,2277230,107,0
14:40:53:688,120000761,47532174,2279941,109,0
14:40:53:888,120001088,47364192,2284165,108,0
14:40:54:088,120001203,47349083,2287162,109,0
14:40:54:288,120001079,47338371,2285363,102,0
14:40:54:488,120001075,47279590,2279841,104,0
14:40:54:688,120001116,47228803,2273953,104,0
14:40:54:888,120001003,47307283,2282184,113,0
14:40:55:088,120001068,47276135,2278933,105,0
14:40:55:288,120000605,47362510,2281668,118,0
14:40:55:488,120000864,47422972,2278322,109,0
14:40:55:688,120000529,47278910,2275779,107,0
14:40:55:888,120000916,47487729,2279563,109,0
14:40:56:088,120000578,47192862,2275046,110,0
14:40:56:288,120000691,47374314,2277682,113,0
14:40:56:488,120001354,47446427,2289816,109,0
14:40:56:688,120001157,47322772,2284034,104,0
14:40:56:888,120001247,47343202,2286400,113,0
14:40:57:088,120001078,47326003,2284164,101,0
14:40:57:288,120000595,47303026,2279513,105,0
14:40:57:488,120000495,47261628,2276324,104,0
14:40:57:688,120000999,47178250,2271579,114,0
14:40:58:288,120000444,265133865,403,166,0
14:40:58:288,120000444,265133865,403,166,0
14:40:58:488,120000692,104228253,1685610,130,0
14:40:58:688,120000767,47547391,2280406,114,0
14:40:58:888,120001422,47459888,2288522,120,0
14:40:59:088,120001211,47321280,2283834,114,0
14:40:59:288,120001221,47290053,2280007,103,0
14:40:59:488,120001580,47394916,2292078,108,0
14:40:59:688,120000715,47315021,2279063,110,0
14:40:59:888,120000595,47476700,2278501,117,0
14:41:00:088,120000709,47326423,2276742,116,0
14:41:00:288,120000748,47361457,2277700,103,0
14:41:00:488,120001200,47602342,2295061,111,0
14:41:00:688,120001261,47260006,2276670,104,0
14:41:00:888,120001181,47308973,2282618,103,0
14:41:01:088,120001142,47315152,2283538,119,0
14:41:01:288,120000486,47440803,2288968,110,0
14:41:01:488,120000669,47511308,2279857,109,0
14:41:01:688,120000770,47297722,2277062,100,0
14:41:01:888,120000663,47199413,2276137,110,0
14:41:02:088,120000661,47153683,2274695,109,0
14:41:02:288,120000473,47364771,2277778,108,0
14:41:02:488,120000519,47443418,2278768,104,0
14:41:02:688,120000655,47366807,2278818,97,0
14:41:02:888,120001356,47386123,2291125,104,0
14:41:03:088,120001212,47407795,2293510,113,0
14:41:03:288,120001155,47204663,2270394,99,0
14:41:03:488,120000494,47228711,2273235,109,0
14:41:03:688,120000502,47504582,2293371,105,0
14:41:03:888,120000601,47591936,2281104,111,0
14:41:04:088,120000658,47213733,2275696,100,0
14:41:04:288,120000728,47389907,2278052,113,0
14:41:04:488,120001225,47394441,2281402,111,0
14:41:04:688,120001172,47308869,2282500,104,0
14:41:04:888,120001902,47327290,2284934,111,0
14:41:05:088,120001282,47237515,2275104,114,0
14:41:05:288,120001541,47213755,2271564,105,0
14:41:05:488,120001322,47255292,2276436,108,0
14:41:05:688,120001148,47284388,2280249,108,0
14:41:05:888,120001273,47372938,2289350,112,0
14:41:06:088,120001365,47293756,2281530,103,0
14:41:06:288,120001429,47263363,2278278,103,0
14:41:06:488,120000869,47415024,2282503,109,0
14:41:06:688,120000592,47354106,2277827,109,0
14:41:06:888,120000800,47195148,2274792,109,0
14:41:07:088,120000968,47475443,2278757,106,0
14:41:07:288,120001489,47649011,2294440,104,0
14:41:07:488,120001156,47304619,2282156,114,0
14:41:07:688,120001277,47284738,2279218,106,0
14:41:07:888,120001380,47202964,2270874,114,0
14:41:08:088,120001242,47362003,2289051,104,0
14:41:08:288,120001127,47282236,2280190,103,0
14:41:08:488,120001407,47273938,2279675,104,0
14:41:08:688,120001444,47218507,2272612,107,0
14:41:08:888,120001356,47321213,2283311,107,0
14:41:09:088,120000776,47280539,2276792,114,0
14:41:09:288,120000494,47518455,2280155,106,0
14:41:09:488,120000720,47553267,2279676,113,0
14:41:09:688,120001463,47353772,2281952,109,0
14:41:09:888,120001560,47358079,2287428,97,0
14:41:10:088,120001429,47397094,2292547,120,0
14:41:10:288,120001193,47296339,2281218,108,0
14:41:10:488,120000654,47560688,2282972,105,0
14:41:10:688,120000784,47261147,2276455,105,0
14:41:10:888,120000706,47251956,2276107,109,0
14:41:11:088,120000664,47012092,2273135,107,0
14:41:11:288,120000955,47224597,2275595,111,0
14:41:11:488,120001589,47246849,2276979,112,0
14:41:11:688,120000990,47673107,2282104,103,0
14:41:11:888,120000493,47057726,2273746,99,0
14:41:12:088,120001265,47675259,2282753,107,0
14:41:12:288,120001548,47300641,2281368,103,0
14:41:12:488,120001077,47286092,2279728,111,0
14:41:12:688,120000983,47354875,2287874,109,0
14:41:12:888,120001545,47354227,2287484,104,0
14:41:13:088,120000814,47408760,2285130,110,0
14:41:13:688,120000472,265133807,403,163,0
14:41:13:688,120000472,265133807,403,163,0
14:41:13:888,120000752,147350537,1238271,137,0
14:41:14:088,120000825,47317604,2276498,105,0
14:41:14:288,120000799,47378707,2277707,117,0
14:41:14:488,120000775,47555789,2280330,109,0
14:41:14:688,120001674,47391848,2284985,106,0
14:41:14:888,120001273,47450860,2298844,117,0
14:41:15:088,120000722,47444573,2288178,112,0
14:41:15:288,120000700,47463763,2279997,102,0
14:41:15:488,120000857,47454720,2278820,97,0
14:41:15:688,120001192,47437218,2282557,105,0
14:41:15:888,120001338,47276413,2278425,116,0
14:41:16:088,120001232,47193802,2269438,103,0
14:41:16:288,120001482,47295592,2280973,105,0
14:41:16:488,120001497,47224951,2273107,110,0
14:41:16:688,120001091,47384278,2290935,104,0
14:41:16:888,120001656,47355559,2287485,105,0
14:41:17:088,120000910,47481457,2290768,106,0
14:41:17:288,120000862,47292187,2276786,115,0
14:41:17:488,120000979,47556955,2279598,114,0
14:41:17:688,120000755,47177235,2275282,101,0
14:41:17:888,120001130,47527222,2279994,105,0
14:41:18:088,120001278,47259113,2276904,106,0
14:41:18:288,120001020,47246699,2275924,103,0
14:41:18:488,120001219,47287123,2280560,108,0
14:41:18:688,120001199,47272480,2279165,113,0
14:41:18:888,120001213,47360005,2288100,111,0
14:41:19:088,120001484,47290579,2280310,102,0
14:41:19:288,120001333,47258589,2276945,113,0
14:41:19:488,120001233,47398412,2292260,107,0
14:41:19:688,120000745,47770137,2282813,105,0
14:41:19:888,120000758,47291333,2276752,105,0
14:41:20:088,120001184,47528663,2297158,102,0
14:41:20:288,120001566,47235499,2273599,100,0
14:41:20:488,120001435,47332124,2284844,97,0
14:41:20:688,120001269,47287843,2280117,111,0
14:41:20:888,120001413,47337172,2285747,113,0
14:41:21:088,120000828,47382347,2278478,111,0
14:41:21:288,120000908,47454183,2279140,99,0
14:41:21:488,120000604,47343707,2277270,105,0
14:41:21:688,120000940,47302843,2276606,107,0
14:41:21:888,120000790,47130891,2273584,100,0
14:41:22:088,120000845,47399979,2278279,107,0
14:41:22:288,120001312,47450958,2282344,105,0
14:41:22:488,120001411,47361338,2288180,101,0
14:41:22:688,120000648,47478672,2301089,102,0
14:41:22:888,120001212,47245722,2275051,102,0
14:41:23:088,120000818,47429677,2278929,113,0
14:41:23:288,120000881,47275795,2276350,108,0
14:41:23:488,120000895,47322627,2277742,105,0
14:41:23:688,120000909,47273395,2276121,105,0
14:41:23:888,120000719,47355701,2277737,114,0
14:41:24:088,120000907,47174225,2275496,105,0
14:41:24:288,120000833,47401909,2278507,103,0
14:41:24:488,120000697,47045761,2273477,99,0
14:41:24:688,120000606,47436668,2278591,109,0
14:41:24:888,120000719,47358407,2277237,105,0
14:41:25:088,120000941,47333655,2277342,104,0
14:41:25:288,120001598,47442058,2294384,103,0
14:41:25:488,120001378,47307276,2281690,122,0
14:41:25:688,120001844,47383315,2290412,107,0
14:41:25:888,120000462,47371419,2279416,103,0
14:41:26:088,120000544,47188234,2275409,113,0
14:41:26:288,120000692,47402407,2278088,117,0
14:41:26:488,120000662,47220871,2276446,100,0
14:41:26:688,120000844,47343056,2277035,105,0
14:41:26:888,120000737,47210422,2275181,101,0
14:41:27:088,120000746,47640192,2280822,108,0
14:41:27:288,120001343,47477645,2295763,114,0
14:41:27:488,120001209,47207428,2271709,108,0
14:41:27:688,120001155,47299491,2281359,108,0
14:41:27:888,120001454,47191444,2269669,107,0
14:41:28:088,120001222,47230765,2273553,108,0
14:41:28:288,120001060,47340169,2285944,106,0
14:41:28:488,120001174,47341895,2286679,105,0
14:41:29:088,120000475,265141353,401,162,0
14:41:29:088,120000475,265141353,401,162,0
14:41:29:288,120001434,189332369,789125,146,0
14:41:29:488,120001222,47269419,2277694,111,0
14:41:29:688,120000731,47481822,2279204,104,0
14:41:29:888,120000983,47386619,2278206,110,0
14:41:30:088,120000746,47522405,2280112,101,0
14:41:30:288,120001216,47466691,2296827,113,0
14:41:30:488,120001373,47205205,2271429,109,0
14:41:30:688,120001288,47337415,2286036,108,0
14:41:30:888,120000943,47222538,2272230,108,0
14:41:31:088,120001025,47279034,2279359,113,0
14:41:31:288,120001639,47259214,2277302,109,0
14:41:31:488,120001631,47267393,2278203,120,0
14:41:31:688,120000941,47289069,2280847,103,0
14:41:31:888,120001195,47328282,2284332,107,0
14:41:32:088,120000482,47270667,2276809,112,0
14:41:32:288,120000511,47243329,2276559,109,0
14:41:32:488,120000639,47435502,2278328,101,0
14:41:32:688,120000492,47556300,2280443,107,0
14:41:32:888,120000520,47164561,2274412,104,0
14:41:33:088,120001056,47563365,2286712,118,0
14:41:33:288,120001626,47292505,2280832,105,0
14:41:33:488,120001103,47174553,2267237,111,0
14:41:33:688,120001308,47404033,2293003,102,0
14:41:33:888,120001264,47330665,2285327,102,0
14:41:34:088,120001133,47350717,2286826,109,0
14:41:34:288,120000459,47470457,2281562,103,0
14:41:34:688,120001201,47433103,2290731,103,0
14:41:34:888,120001493,47286934,2279679,104,0
14:41:35:088,120001279,47313205,2282480,119,0
14:41:35:288,120001076,47302702,2281546,105,0
14:41:35:488,120001154,47317858,2283518,105,0
14:41:35:688,120000545,47367425,2281051,98,0
14:41:35:888,120000534,47630405,2280915,102,0
14:41:36:088,120001169,47513790,2286109,109,0
14:41:36:288,120001253,47330577,2284893,115,0
14:41:36:488,120000488,47351192,2287422,100,0
14:41:36:688,120001151,47225736,2273001,107,0
14:41:36:888,120001125,47363967,2288384,100,0
14:41:37:088,120000778,47447051,2281959,112,0
14:41:37:288,120000741,47445411,2278884,103,0
14:41:37:488,120000854,47518113,2280450,108,0
14:41:37:688,120001277,47440923,2293850,108,0
14:41:37:888,120001058,47358898,2288191,111,0
14:41:38:088,120001163,47314292,2283214,109,0
14:41:38:288,120000979,47426000,2283166,101,0
14:41:38:488,120000906,47616867,2281640,113,0
14:41:38:688,120001728,47505515,2287853,114,0
14:41:38:888,120001320,47302387,2281732,98,0
14:41:39:088,120001166,47244364,2274849,107,0
14:41:39:288,120001655,47346586,2287224,112,0
14:41:39:488,120000526,47409651,2293078,107,0
14:41:39:688,120000723,47531667,2279957,97,0
14:41:39:888,120000844,47510325,2279548,110,0
14:41:40:088,120001080,47487336,2291225,101,0
14:41:40:288,120001077,47357001,2288520,101,0
14:41:40:488,120001333,47349718,2287335,96,0
14:41:40:688,120000716,47400915,2281379,117,0
14:41:40:888,120000924,47347265,2277771,119,0
14:41:41:088,120000699,47121043,2273929,109,0
14:41:41:288,120000617,47620430,2281148,102,0
14:41:41:488,120001445,47472674,2280567,103,0
14:41:41:688,120001128,47341264,2285517,105,0
14:41:41:888,120001462,47248864,2275372,106,0
14:41:42:088,120001297,47283701,2279401,106,0
14:41:42:288,120001514,47340999,2286122,114,0
14:41:42:488,120001086,47304691,2282173,102,0
14:41:42:688,120001283,47348260,2287022,107,0
14:41:42:888,120000490,47257512,2276864,105,0
14:41:43:088,120000923,47477779,2278720,99,0
14:41:43:288,120000732,47242593,2276207,108,0
14:41:43:488,120000664,47243605,2275866,103,0
14:41:43:688,120000719,47506069,2278936,110,0
14:41:43:888,120000604,47377498,2277642,101,0
14:41:44:088,120000874,47218229,2275750,102,0
14:41:44:488,120000517,257050272,92936,172,0
14:41:44:688,120000759,231612224,350139,159,0
14:41:44:888,120000964,47396081,2278467,104,0
14:41:45:088,120000849,47324907,2277289,104,0
14:41:45:288,120001153,47466019,2282021,107,0
14:41:45:488,120001300,47441716,2296972,107,0
14:41:45:688,120001254,47328784,2284603,112,0
14:41:45:888,120001078,47288581,2281013,118,0
14:41:46:088,120000596,47293777,2280421,100,0
14:41:46:288,120000774,47383667,2277704,117,0
14:41:46:488,120001133,47089093,2271639,101,0
14:41:46:688,120001730,47293009,2278927,116,0
14:41:46:888,120000859,47462915,2278845,99,0
14:41:47:088,120000686,47453175,2278967,102,0
14:41:47:288,120000476,47468420,2278940,105,0
14:41:47:488,120001475,47326183,2283807,104,0
14:41:47:688,120001334,47372299,2289567,110,0
14:41:47:888,120001471,47258512,2276795,101,0
14:41:48:088,120001293,47357134,2287535,105,0
14:41:48:288,120000984,47319955,2283848,101,0
14:41:48:488,120000698,47603160,2281455,103,0
14:41:48:688,120000631,47433310,2278354,107,0
14:41:48:888,120000858,47326657,2276845,107,0
14:41:49:088,120001190,47349483,2281836,110,0
14:41:49:288,120001284,47384324,2290913,105,0
14:41:49:488,120001125,47296915,2280988,105,0
14:41:49:688,120001155,47365437,2288870,105,0
14:41:49:888,120000894,47345702,2281059,105,0
14:41:50:088,120000759,47404796,2278044,111,0
14:41:50:288,120000757,47448860,2278848,115,0
14:41:50:488,120000710,47228975,2275581,103,0
14:41:50:688,120000727,47412976,2278721,118,0
14:41:50:888,120001512,47448363,2287387,108,0
14:41:51:088,120001364,47249251,2274897,109,0
14:41:51:288,120001129,47374820,2288874,107,0
14:41:51:488,120001651,47398651,2293096,108,0
14:41:51:688,120000876,47427704,2279934,111,0
14:41:51:888,120000998,47684628,2282353,119,0
14:41:52:088,120001029,47344339,2280674,98,0
14:41:52:288,120001005,47223295,2272802,102,0
14:41:52:488,120001419,47311711,2283336,108,0
14:41:52:688,120001399,47334643,2284734,105,0
14:41:52:888,120001644,47398237,2292363,111,0
14:41:53:088,120000851,47432578,2286203,104,0
14:41:53:288,120000857,47408201,2278026,107,0
14:41:53:488,120000863,47313361,2277160,108,0
14:41:53:688,120000889,47468267,2279186,109,0
14:41:53:888,120000905,47242276,2275881,102,0
14:41:54:088,120001180,47469243,2288170,108,0
14:41:54:288,120000961,47365797,2288756,103,0
14:41:54:488,120001388,47236458,2274727,114,0
14:41:54:688,120001014,47318218,2283640,107,0
14:41:54:888,120001156,47328604,2285132,106,0
14:41:55:088,120001108,47282227,2279963,106,0
14:41:55:288,120000710,47376035,2279182,98,0
14:41:55:488,120000810,47328657,2277871,113,0
14:41:55:688,120000702,47245027,2275883,103,0
14:41:55:888,120000546,47290420,2276832,122,0
14:41:56:088,120000829,47450580,2279037,102,0
14:41:56:289,120000983,47561995,2287651,114,0
14:41:56:489,120001168,47345326,2286665,103,0
14:41:56:689,120001684,47386070,2291077,112,0
14:41:56:889,120000786,47337548,2283818,107,0
14:41:57:089,120000744,47442534,2278706,103,0
14:41:57:289,120000763,47259171,2276069,108,0
14:41:57:489,120000741,47440257,2278755,99,0
14:41:57:689,120001346,47540843,2284027,110,0
14:41:57:889,120001225,47247857,2276161,101,0
14:41:58:089,120001031,47306662,2281853,116,0
14:41:58:289,120001417,47353935,2287748,103,0
14:41:58:489,120000551,47446964,2295786,107,0
14:41:58:689,120001217,47219599,2274460,111,0
14:41:58:889,120000465,47553152,2281015,111,0
14:41:59:089,120000652,47515043,2279630,117,0
14:41:59:289,120001518,47395331,2281368,106,0
14:41:59:489,120000967,47338292,2285798,100,0
14:42:00:089,120000447,265133888,403,166,0
14:42:00:089,120000447,265133888,403,166,0
14:42:00:289,120000775,58043499,2177464,112,0
14:42:00:489,120000794,47401103,2277922,113,0
14:42:00:689,120000971,47249287,2275986,116,0
14:42:00:889,120000803,47680222,2281579,110,0
14:42:01:089,120001270,47403641,2288270,107,0
14:42:01:289,120001028,47389813,2291449,113,0
14:42:01:489,120001269,47221873,2272475,103,0
14:42:01:689,120001168,47361301,2287961,105,0
14:42:01:889,120000748,47732871,2286577,112,0
14:42:02:089,120000734,47315459,2276818,104,0
14:42:02:289,120000704,47300108,2276528,111,0
14:42:02:489,120000614,47212499,2275799,99,0
14:42:02:689,120001359,47417452,2279972,113,0
14:42:02:889,120001373,47309306,2281887,103,0
14:42:03:089,120001442,47335230,2286001,106,0
14:42:03:289,120000997,47365891,2289310,103,0
14:42:03:489,120001326,47331482,2284745,103,0
14:42:03:689,120000883,47370495,2279327,116,0
14:42:03:889,120000608,47572400,2280686,111,0
14:42:04:089,120000718,47483985,2279288,103,0
14:42:04:289,120001110,47503721,2304475,110,0
14:42:04:489,120001223,47300056,2281446,111,0
14:42:04:689,120001085,47255921,2277204,107,0
14:42:04:889,120000732,47426094,2284789,106,0
14:42:05:089,120000658,47584348,2280657,111,0
14:42:05:289,120001106,47547003,2287884,113,0
14:42:05:489,120002395,47383461,2290284,102,0
14:42:05:689,120001385,47271139,2278301,115,0
14:42:05:889,120000589,47444875,2292315,114,0
14:42:06:089,120000830,47506694,2279136,110,0
14:42:06:289,120000502,47427273,2278637,109,0
14:42:06:489,120000610,47326298,2277212,114,0
14:42:06:689,120001103,47512380,2295405,106,0
14:42:06:889,120001414,47266675,2277621,107,0
14:42:07:089,120001210,47406364,2293469,113,0
14:42:07:289,120001278,47283874,2280168,100,0
14:42:07:489,120000761,47423929,2278599,105,0
14:42:07:689,120000900,47498427,2279685,106,0
14:42:07:889,120000690,47492174,2279730,105,0
14:42:08:089,120001732,47427961,2295453,106,0
14:42:08:289,120001098,47294789,2280862,103,0
14:42:08:489,120001273,47369241,2289094,106,0
14:42:08:689,120000581,47520081,2282777,100,0
14:42:08:889,120000520,47277075,2276365,108,0
14:42:09:089,120000464,47330165,2277274,108,0
14:42:09:289,120001300,47609683,2284450,102,0
14:42:09:489,120001185,47332692,2284721,101,0
14:42:09:689,120001189,47226560,2273590,112,0
14:42:09:889,120001352,47305550,2282051,103,0
14:42:10:089,120001123,47284108,2279585,105,0
14:42:10:289,120001020,47231539,2273603,108,0
14:42:10:489,120001228,47214331,2272062,114,0
14:42:10:689,120001143,47304034,2282324,97,0
14:42:10:889,120001133,47322115,2284165,103,0
14:42:11:089,120000510,47385267,2289727,111,0
14:42:11:289,120000470,47523869,2280169,102,0
14:42:11:489,120000555,47547975,2279545,109,0
14:42:11:689,120000460,47303661,2277050,116,0
14:42:11:889,120000856,47024098,2273365,112,0
14:42:12:089,120000879,47415427,2278224,103,0
14:42:12:289,120001662,47380817,2281623,116,0
14:42:12:489,120001668,47282606,2279813,110,0
14:42:12:689,120001420,47309452,2282412,107,0
14:42:12:889,120000984,47347594,2286209,109,0
14:42:13:089,120001273,47344372,2286531,109,0
14:42:13:289,120001346,47233186,2274055,101,0
14:42:13:489,120001497,47316022,2283208,116,0
14:42:13:689,120000953,47435869,2279532,107,0
14:42:13:889,120001262,47051590,2270562,115,0
14:42:14:089,120000983,47402832,2280308,111,0
14:42:14:289,120000780,47533717,2279308,113,0
14:42:14:489,120000918,46990889,2272496,112,0
14:42:14:689,120000794,47357373,2277193,111,0
14:42:14:889,120001012,47540177,2280090,102,0
14:42:15:489,120000446,265141801,401,161,0
14:42:15:489,120000446,265141801,401,161,0
14:42:15:689,120000859,100246085,1735621,120,0
14:42:15:889,120000826,47462451,2279126,114,0
14:42:16:089,120001263,47477611,2280198,109,0
14:42:16:289,120001005,47397787,2292414,111,0
14:42:16:489,120000872,47327868,2285218,98,0
14:42:16:689,120000868,47441359,2292130,110,0
14:42:16:889,120001036,47212890,2276127,117,0
14:42:17:089,120000735,47587285,2280426,104,0
14:42:17:289,120000976,47401267,2278163,105,0
14:42:17:489,120001631,47433808,2281020,110,0
14:42:17:689,120001139,47329369,2284164,111,0
14:42:17:889,120001192,47343742,2286475,111,0
14:42:18:089,120001287,47229879,2274281,107,0
14:42:18:289,120001141,47241425,2274841,110,0
14:42:18:489,120001060,47256570,2277008,108,0
14:42:18:689,120001004,47324678,2284121,101,0
14:42:18:889,120001204,47252255,2275807,109,0
14:42:19:089,120001292,47355426,2288310,120,0
14:42:19:289,120001543,47269593,2278376,110,0
14:42:19:489,120001244,47265448,2276840,104,0
14:42:19:689,120001213,47169048,2268158,99,0
14:42:19:889,120001345,47274100,2278195,111,0
14:42:20:089,120000641,47399435,2283090,101,0
14:42:20:289,120000944,47311139,2276669,98,0
14:42:20:489,120000903,47259038,2275791,112,0
14:42:20:689,120000958,47371173,2278046,103,0
14:42:20:889,120000687,47289144,2277040,97,0
14:42:21:089,120000776,47571733,2280455,107,0
14:42:21:289,120001550,47328651,2283071,103,0
14:42:21:489,120001554,47400107,2292412,113,0
14:42:21:689,120001097,47270925,2278257,109,0
14:42:21:889,120001220,47277745,2279082,100,0
14:42:22:089,120001354,47306851,2282839,112,0
14:42:22:289,120001477,47292451,2281130,115,0
14:42:22:489,120000939,47274222,2278583,100,0
14:42:22:689,120001188,47246708,2275338,108,0
14:42:22:889,120001475,47245759,2274551,99,0
14:42:23:089,120000851,47357256,2279093,117,0
14:42:23:289,120000775,47553333,2280111,107,0
14:42:23:489,120001226,47524517,2281196,112,0
14:42:23:689,120001142,47251375,2276307,108,0
14:42:23:889,120001323,47249278,2276382,102,0
14:42:24:089,120001150,47395231,2291585,104,0
14:42:24:289,120001117,47261141,2276874,104,0
14:42:24:489,120001178,47401032,2292656,107,0
14:42:24:689,120000762,47372203,2283645,104,0
14:42:24:889,120000923,47268883,2277007,107,0
14:42:25:089,120000658,47535155,2279509,102,0
14:42:25:289,120000955,47258837,2275927,105,0
14:42:25:489,120000913,47354035,2276721,111,0
14:42:25:689,120000674,47299987,2276339,115,0
14:42:25:889,120000903,47047457,2274043,105,0
14:42:26:089,120000721,47296067,2276678,119,0
14:42:26:289,120000767,47285461,2276926,104,0
14:42:26:489,120000929,47412753,2278121,102,0
14:42:26:689,120001033,47456700,2288793,108,0
14:42:26:889,120001205,47292811,2280245,105,0
14:42:27:089,120001574,47362003,2287994,105,0
14:42:27:289,120001349,47215843,2272046,106,0
14:42:27:489,120001077,47358547,2287947,104,0
14:42:27:689,120001377,47195179,2270569,107,0
14:42:27:889,120000714,47434376,2288086,117,0
14:42:28:089,120000725,47473091,2279382,101,0
14:42:28:289,120000869,47458165,2279594,104,0
14:42:28:489,120000785,47374339,2277657,109,0
14:42:28:689,120001152,47284753,2276947,102,0
14:42:28:889,120001220,47360356,2287928,104,0
14:42:29:089,120001366,47273866,2278757,107,0
14:42:29:289,120001232,47231764,2273616,104,0
14:42:29:489,120001090,47297712,2281012,106,0
14:42:29:689,120001140,47289190,2280145,118,0
14:42:29:889,120001310,47335813,2285524,108,0
14:42:30:089,120000706,47356262,2286024,106,0
14:42:30:289,120000855,47234883,2275491,111,0
14:42:30:889,120000463,265133329,403,155,0
14:42:30:889,120000463,265133329,403,155,0
14:42:31:089,120001238,141731808,1284138,126,0
14:42:31:289,120000863,47411552,2279945,108,0
14:42:31:489,120000764,47372341,2277807,108,0
14:42:31:689,120000497,47196924,2275231,98,0
14:42:31:889,120000786,47264593,2276889,104,0
14:42:32:089,120000753,47474110,2278836,106,0
14:42:32:289,120000986,47503386,2283679,105,0
14:42:32:489,120000724,47180899,2271569,108,0
14:42:32:689,120001083,47454637,2295018,106,0
14:42:32:889,120001206,47273425,2278711,107,0
14:42:33:089,120001308,47293892,2281055,108,0
14:42:33:289,120001745,47364289,2288520,104,0
14:42:33:489,120000534,47305595,2279669,118,0
14:42:33:689,120000552,47369486,2278208,102,0
14:42:33:889,120000766,47260531,2276217,109,0
14:42:34:089,120000632,47481603,2278978,109,0
14:42:34:289,120000769,47184793,2275718,113,0
14:42:34:489,120000612,47453325,2279359,101,0
14:42:34:689,120001510,47414005,2281132,120,0
14:42:34:889,120001111,47325463,2284144,106,0
14:42:35:089,120001752,47284099,2280349,101,0
14:42:35:289,120001257,47221315,2272649,103,0
14:42:35:489,120001271,47239819,2274411,102,0
14:42:35:689,120001438,47219652,2272591,102,0
14:42:35:889,120001250,47388067,2291348,105,0
14:42:36:089,120001281,47396491,2292001,105,0
14:42:36:289,120000824,47441192,2281115,110,0
14:42:36:489,120000773,47291859,2277081,104,0
14:42:36:689,120000833,47504397,2279143,108,0
14:42:36:889,120001209,47528513,2286615,111,0
14:42:37:089,120001286,47234410,2274120,106,0
14:42:37:289,120001212,47288797,2280106,105,0
14:42:37:489,120001253,47312782,2283584,102,0
14:42:37:689,120001153,47291273,2280636,106,0
14:42:37:889,120001491,47357638,2287656,109,0
14:42:38:089,120000858,47450166,2286693,105,0
14:42:38:289,120000529,47468094,2279277,107,0
14:42:38:489,120000760,47098198,2273751,112,0
14:42:38:689,120001048,47448979,2279105,112,0
14:42:38:889,120000515,47225836,2275281,115,0
14:42:39:089,120000470,47397375,2278971,100,0
14:42:39:289,120001441,47435954,2281763,114,0
14:42:39:489,120001201,47294045,2280939,98,0
14:42:39:689,120001242,47293041,2280564,103,0
14:42:39:889,120001320,47283718,2279801,106,0
14:42:40:089,120001292,47432563,2296374,112,0
14:42:40:289,120000838,47467328,2283396,102,0
14:42:40:489,120000855,47328531,2277563,105,0
14:42:40:689,120000506,47464972,2279070,100,0
14:42:40:889,120000826,47219551,2276486,101,0
14:42:41:089,120000640,47157804,2274861,102,0
14:42:41:289,120001118,47620862,2285906,127,0
14:42:41:489,120001259,47267764,2277581,108,0
14:42:41:689,120001185,47312098,2283507,116,0
14:42:41:889,120001076,47266199,2277420,107,0
14:42:42:089,120001023,47358961,2288338,102,0
14:42:42:289,120001243,47288491,2280493,107,0
14:42:42:489,120001186,47266891,2277461,107,0
14:42:42:689,120001252,47319811,2283777,110,0
14:42:42:889,120000465,47283049,2276792,113,0
14:42:43:089,120000568,47348065,2277723,109,0
14:42:43:289,120000580,47400278,2277864,103,0
14:42:43:489,120000721,47532619,2279612,104,0
14:42:43:689,120000510,47264894,2276045,117,0
14:42:43:889,120000464,47244122,2276123,101,0
14:42:44:089,120000678,47312444,2276991,107,0
14:42:44:289,120000990,47378252,2286738,106,0
14:42:44:489,120000977,47309371,2282073,112,0
14:42:44:689,120001363,47317363,2283304,105,0
14:42:44:889,120000565,47429314,2294064,114,0
14:42:45:089,120000479,47314833,2276030,106,0
14:42:45:289,120000588,47452005,2278880,109,0
14:42:45:489,120000973,47236339,2275643,106,0
14:42:45:689,120000768,47461651,2279168,110,0
14:42:46:289,120000465,265141394,401,158,0
14:42:46:289,120000465,265141394,401,158,0
14:42:46:489,120001051,185265002,839376,140,0
14:42:46:689,120000507,47320204,2278513,114,0
14:42:46:889,120000697,47306464,2276495,107,0
14:42:47:089,120000647,47328017,2277623,105,0
14:42:47:289,120000512,47597272,2281145,103,0
14:42:47:489,120000569,47263447,2276391,106,0
14:42:47:689,120001225,47483953,2289967,110,0
14:42:47:889,120001221,47305934,2282763,118,0
14:42:48:089,120000502,47230740,2273813,108,0
14:42:48:289,120000495,47340115,2285838,117,0
14:42:48:489,120001494,47317163,2283193,111,0
14:42:48:689,120001269,47319119,2283871,111,0
14:42:48:889,120001528,47228776,2273416,98,0
14:42:49:089,120000737,47300480,2279186,107,0
14:42:49:289,120000822,47452511,2278856,108,0
14:42:49:489,120000787,47426735,2278434,111,0
14:42:49:689,120002027,47537139,2282798,105,0
14:42:49:889,120001632,47350843,2287523,114,0
14:42:50:089,120001268,47392963,2291477,98,0
14:42:50:289,120000541,47357512,2287730,110,0
14:42:50:489,120001047,47230639,2274126,95,0
14:42:50:689,120000749,47848847,2285356,112,0
14:42:50:889,120001472,47368927,2281666,109,0
14:42:51:089,120001477,47401490,2292645,110,0
14:42:51:289,120001200,47241806,2274989,110,0
14:42:51:489,120001202,47344365,2286133,108,0
14:42:51:689,120000975,47592532,2290032,109,0
14:42:51:889,120000761,47592847,2280451,118,0
14:42:52:089,120001217,47466699,2293123,112,0
14:42:52:289,120001234,47380406,2290808,102,0
14:42:52:489,120001177,47308329,2282648,114,0
14:42:52:689,120000850,47717304,2285128,109,0
14:42:52:889,120001355,47530373,2284308,110,0
14:42:53:289,120001531,47441149,2297093,114,0
14:42:53:489,120000758,47470860,2278306,108,0
14:42:53:689,120000669,47316434,2277097,102,0
14:42:53:889,120000793,47500623,2279385,110,0
14:42:54:089,120001228,47482579,2289688,98,0
14:42:54:289,120001504,47368521,2289230,103,0
14:42:54:489,120002013,47318200,2282734,109,0
14:42:54:689,120000736,47422399,2286466,103,0
14:42:54:889,120000778,47748963,2282307,101,0
14:42:55:089,120001601,47419802,2288317,110,0
14:42:55:289,120001772,47211516,2271559,115,0
14:42:55:489,120001569,47357548,2287867,103,0
14:42:55:689,120001071,47281282,2279257,98,0
14:42:55:889,120001054,47349394,2286443,105,0
14:42:56:089,120001286,47302549,2281848,99,0
14:42:56:289,120000736,47447393,2281532,101,0
14:42:56:489,120000830,47661910,2282383,99,0
14:42:56:689,120001162,47426117,2287944,99,0
14:42:56:889,120001065,47456260,2299274,106,0
14:42:57:089,120001067,47359680,2284150,104,0
14:42:57:289,120000660,47529957,2279546,97,0
14:42:57:489,120000934,47585857,2280818,116,0
14:42:57:689,120001722,47375516,2289460,104,0
14:42:57:889,120001289,47290498,2280028,105,0
14:42:58:089,120001283,47313347,2283135,114,0
14:42:58:289,120000880,47503829,2295149,101,0
14:42:58:489,120000708,47445550,2278134,105,0
14:42:58:689,120001629,47645749,2285195,107,0
14:42:58:889,120001168,47309929,2282530,99,0
14:42:59:089,120001445,47313709,2282399,106,0
14:42:59:289,120001152,47224357,2273210,115,0
14:42:59:489,120001294,47350951,2286563,111,0
14:42:59:689,120001198,47259084,2276972,108,0
14:42:59:889,120000991,47363906,2288832,103,0
14:43:00:089,120001608,47294378,2278974,108,0
14:43:00:289,120001269,47221170,2274587,109,0
14:43:00:489,120000615,47422859,2279648,119,0
14:43:00:689,120000694,47680895,2282437,101,0
14:43:00:889,120001370,47336160,2278493,100,0
14:43:01:089,120001327,47308210,2281670,118,0
14:43:01:289,120000622,47173403,2268434,109,0
14:43:01:689,120000519,258427667,78436,160,0
14:43:01:889,120000518,227357593,396810,149,0
14:43:02:089,120000822,47579872,2280585,113,0
14:43:02:289,120000938,47408599,2277967,110,0
14:43:02:489,120001522,47471371,2287889,110,0
14:43:02:689,120001265,47212092,2271744,103,0
14:43:02:889,120001158,47326003,2284347,105,0
14:43:03:089,120001022,47413042,2294329,107,0
14:43:03:289,120000654,47403248,2285880,113,0
14:43:03:489,120000916,47428839,2279362,107,0
14:43:03:689,120000940,47604993,2280712,108,0
14:43:03:889,120001014,47123653,2274055,101,0
14:43:04:089,120000702,47335602,2276789,115,0
14:43:04:289,120001519,47471675,2289984,113,0
14:43:04:489,120001403,47313952,2283222,107,0
14:43:04:689,120001117,47303728,2282060,111,0
14:43:04:889,120001471,47246328,2275800,109,0
14:43:05:089,120001681,47235238,2274341,103,0
14:43:05:289,120002100,47269438,2277713,107,0
14:43:05:489,120001247,47369086,2289475,107,0
14:43:05:689,120001294,47268513,2278121,98,0
14:43:05:889,120000760,47406909,2279204,107,0
14:43:06:089,120000824,47300899,2276505,108,0
14:43:06:289,120000475,47493628,2279747,117,0
14:43:06:489,120001088,47544820,2287691,108,0
14:43:06:689,120001243,47277745,2278722,104,0
14:43:06:889,120001090,47334006,2285642,104,0
14:43:07:089,120001212,47396060,2291891,107,0
14:43:07:289,120000622,47612224,2285579,105,0
14:43:07:489,120000671,47396549,2278166,109,0
14:43:07:689,120000508,47408890,2278619,105,0
14:43:07:889,120000745,47248323,2276536,111,0
14:43:08:089,120001057,47360036,2284367,105,0
14:43:08:289,120001365,47369457,2289289,113,0
14:43:08:489,120000996,47261662,2277441,102,0
14:43:08:689,120001039,47321305,2284023,103,0
14:43:08:889,120001276,47347045,2286596,101,0
14:43:09:089,120000880,47457824,2280377,110,0
14:43:09:289,120000635,47550427,2280538,105,0
14:43:09:489,120001389,47434443,2280212,106,0
14:43:09:689,120001102,47353291,2287872,111,0
14:43:09:889,120001189,47331331,2284936,105,0
14:43:10:089,120001493,47404609,2293159,114,0
14:43:10:289,120000715,47479323,2280348,117,0
14:43:10:489,120000621,47390060,2278642,103,0
14:43:10:689,120000879,47524531,2280035,100,0
14:43:10:889,120001118,47389069,2288092,109,0
14:43:11:089,120001494,47263480,2277295,108,0
14:43:11:289,120001009,47363596,2289075,114,0
14:43:11:489,120000663,47428665,2292412,109,0
14:43:11:689,120000586,47342291,2277239,101,0
14:43:11:889,120000612,47399516,2277656,110,0
14:43:12:089,120000586,47569179,2279698,100,0
14:43:12:289,120000684,47157895,2274470,106,0
14:43:12:489,120001410,47422099,2279862,99,0
14:43:12:689,120001181,47360671,2288196,104,0
14:43:12:889,120001049,47321989,2283343,107,0
14:43:13:089,120001415,47285593,2279150,102,0
14:43:13:289,120001252,47282703,2279504,99,0
14:43:13:489,120002063,47277423,2279494,104,0
14:43:13:689,120000618,47408042,2286581,116,0
14:43:13:889,120000588,47465896,2278580,107,0
14:43:14:089,120000625,47536168,2279602,107,0
14:43:14:289,120001231,47414926,2285505,109,0
14:43:14:489,120001124,47258782,2276817,113,0
14:43:14:689,120001464,47302909,2280992,106,0
14:43:14:889,120001166,47292469,2280692,103,0
14:43:15:089,120000957,47360239,2288481,105,0
14:43:15:289,120000517,47468026,2287974,106,0
14:43:15:489,120000900,47119855,2273391,107,0
14:43:15:689,120000468,47390610,2278391,113,0
14:43:15:889,120000484,47068060,2268305,109,0
14:43:16:089,120001170,47233924,2274056,104,0
14:43:16:289,120001246,47216421,2272176,106,0
14:43:16:489,120001101,47214160,2271578,114,0
14:43:16:689,120001125,47293594,2281134,100,0
14:43:17:289,120000447,265134405,403,160,0
14:43:17:289,120000447,265134405,403,160,0
14:43:17:489,120001395,52833317,2224170,121,0
14:43:17:689,120001146,47258962,2276583,113,0
14:43:17:889,120000808,47550793,2281256,110,0
14:43:18:089,120000907,47486644,2279776,122,0
14:43:18:289,120001208,47458474,2285043,111,0
14:43:18:489,120001251,47284765,2279260,109,0
14:43:18:689,120001611,47297626,2281266,115,0
14:43:18:889,120001063,47252916,2276267,103,0
14:43:19:089,120001427,47378347,2289798,109,0
14:43:19:289,120001313,47270050,2277985,107,0
14:43:19:489,120001066,47375041,2285398,114,0
14:43:19:689,120000928,47535908,2279534,106,0
14:43:19:889,120000814,47475160,2279134,109,0
14:43:20:089,120001364,47406888,2283554,113,0
14:43:20:289,120001231,47350825,2287211,114,0
14:43:20:489,120001256,47319928,2284195,103,0
14:43:20:689,120001671,47393737,2291623,105,0
14:43:20:889,120000869,47483300,2279783,120,0
14:43:21:089,120001474,47725127,2286486,105,0
14:43:21:289,120001325,47329209,2285264,107,0
14:43:21:489,120001170,47287556,2280497,101,0
14:43:21:689,120001089,47267881,2278004,104,0
14:43:21:889,120001683,47296654,2280830,109,0
14:43:22:089,120000912,47437243,2293612,110,0
14:43:22:289,120001168,47205979,2274031,109,0
14:43:22:489,120000881,47584038,2281155,111,0
14:43:22:689,120000854,47499716,2279211,114,0
14:43:22:889,120001884,47381907,2281638,122,0
14:43:23:089,120001261,47355469,2287993,110,0
14:43:23:289,120001028,47282184,2279766,103,0
14:43:23:489,120001258,47258558,2276254,110,0
14:43:23:689,120001472,47321674,2283557,120,0
14:43:23:889,120000615,47494401,2290921,103,0
14:43:24:089,120000640,47219803,2274971,101,0
14:43:24:289,120000621,47256928,2276474,107,0
14:43:24:489,120000910,47266758,2276167,118,0
14:43:24:689,120000917,47467548,2278988,105,0
14:43:24:889,120000821,47527083,2279720,104,0
14:43:25:089,120001196,47373932,2284632,110,0
14:43:25:289,120001515,47344003,2286509,108,0
14:43:25:489,120001489,47286098,2280322,113,0
14:43:25:689,120001235,47280078,2279752,110,0
14:43:25:889,120000803,47471232,2293456,105,0
14:43:26:089,120001138,47855572,2286883,110,0
14:43:26:289,120001188,47277162,2279575,106,0
14:43:26:489,120001251,47354783,2287671,103,0
14:43:26:689,120001172,47280082,2279634,107,0
14:43:26:889,120001192,47312481,2282865,111,0
14:43:27:089,120001194,47329373,2285127,115,0
14:43:27:289,120001183,47279851,2280001,110,0
14:43:27:489,120000822,47599560,2282990,111,0
14:43:27:689,120000969,47412923,2277944,103,0
14:43:27:889,120001068,47427988,2278851,109,0
14:43:28:089,120001302,47264587,2277658,106,0
14:43:28:289,120001323,47367620,2289070,114,0
14:43:28:489,120001197,47291488,2279893,103,0
14:43:28:689,120001139,47366647,2288299,111,0
14:43:28:889,120001287,47218471,2271512,117,0
14:43:29:089,120001560,47209246,2271814,101,0
14:43:29:289,120001228,47304941,2283014,103,0
14:43:29:489,120001071,47254365,2276578,108,0
14:43:29:689,120001238,47293990,2281013,111,0
14:43:29:889,120001338,47231539,2272798,103,0
14:43:30:089,120000548,47347065,2285369,112,0
14:43:30:289,120000647,47593582,2280751,102,0
14:43:30:489,120000918,47330051,2276846,97,0
14:43:30:689,120001070,47555322,2287923,104,0
14:43:30:889,120001325,47233465,2274507,112,0
14:43:31:089,120001102,47415596,2294652,102,0
14:43:31:289,120001321,47333700,2285638,102,0
14:43:31:489,120000658,47385904,2284114,105,0
14:43:31:689,120000779,47389171,2277940,110,0
14:43:31:889,120000650,47328883,2277660,111,0
14:43:32:089,120000779,47365747,2277953,107,0
14:43:32:689,120000448,265133630,403,160,0
14:43:32:689,120000448,265133630,403,160,0
14:43:32:889,120001390,96020015,1755169,126,0
14:43:33:090,120001371,47433931,2296353,112,0
14:43:33:290,120000780,47415952,2283698,101,0
14:43:33:490,120000685,47204149,2275512,103,0
14:43:33:690,120000633,47428383,2278720,107,0
14:43:33:890,120000615,47549184,2280127,119,0
14:43:34:090,120001602,47490933,2291141,112,0
14:43:34:290,120000962,47424769,2295907,97,0
14:43:34:490,120001264,47247595,2275696,121,0
14:43:34:690,120000463,47433307,2286949,108,0
14:43:34:890,120000964,47405425,2278342,104,0
14:43:35:090,120000478,47556652,2280143,121,0
14:43:35:290,120001308,47386548,2281678,103,0
14:43:35:490,120001130,47440218,2297652,108,0
14:43:35:690,120001511,47372780,2289387,108,0
14:43:35:890,120000563,47280480,2278154,108,0
14:43:36:090,120000720,47315987,2277026,103,0
14:43:36:290,120000949,47431283,2278780,108,0
14:43:36:490,120000663,47477340,2279379,114,0
14:43:36:690,120000839,47309508,2276547,100,0
14:43:36:890,120001480,47430239,2284512,109,0
14:43:37:090,120001178,47309866,2282675,105,0
14:43:37:290,120001467,47412097,2294438,111,0
14:43:37:490,120000969,47289409,2280107,110,0
14:43:37:690,120000765,47437610,2284605,110,0
14:43:37:890,120000946,47503492,2279793,99,0
14:43:38:090,120000514,47314232,2275902,106,0
14:43:38:290,120001315,47485499,2281633,109,0
14:43:38:490,120001024,47334224,2285598,116,0
14:43:38:690,120001103,47320594,2283974,106,0
14:43:38:890,120001591,47416309,2294673,108,0
14:43:39:090,120000630,47493080,2282387,107,0
14:43:39:290,120000814,47399235,2278436,110,0
14:43:39:490,120001251,47586659,2283432,105,0
14:43:39:690,120001029,47336308,2285643,104,0
14:43:39:890,120000985,47274586,2278692,111,0
14:43:40:090,120001251,47318335,2283301,119,0
14:43:40:290,120001496,47359097,2288033,99,0
14:43:40:490,120001304,47270708,2278479,114,0
14:43:40:690,120001360,47261401,2277463,105,0
14:43:40:890,120000566,47666978,2284214,117,0
14:43:41:090,120000668,47294270,2276448,116,0
14:43:41:290,120000890,47278049,2277119,108,0
14:43:41:490,120001005,47467188,2280782,115,0
14:43:41:690,120001376,47407595,2293626,111,0
14:43:41:890,120001461,47318069,2283689,114,0
14:43:42:090,120001197,47312962,2283680,100,0
14:43:42:290,120000500,47371609,2284277,112,0
14:43:42:490,120000701,47394179,2277984,109,0
14:43:42:690,120000580,47618901,2280889,109,0
14:43:42:890,120000477,47178092,2275098,119,0
14:43:43:090,120000697,47332545,2277035,106,0
14:43:43:290,120001274,47383563,2282566,105,0
14:43:43:490,120001400,47404361,2294106,112,0
14:43:43:690,120001308,47347567,2286491,120,0
14:43:43:890,120000624,47441637,2286096,113,0
14:43:44:090,120000798,47200325,2275530,104,0
14:43:44:290,120000709,47365582,2277724,121,0
14:43:44:490,120000456,47520410,2279449,105,0
14:43:44:690,120001343,47498233,2282195,108,0
14:43:44:890,120000957,47261736,2276495,110,0
14:43:45:090,120001060,47260958,2277083,98,0
14:43:45:290,120001016,47335356,2285322,103,0
14:43:45:490,120001468,47290678,2280794,107,0
14:43:45:690,120001181,47255632,2276993,107,0
14:43:45:890,120001143,47399398,2292534,108,0
14:43:46:090,120000513,47443915,2283001,105,0
14:43:46:290,120000458,47256218,2275924,103,0
14:43:46:490,120001220,47042665,2267529,104,0
14:43:46:690,120000639,47594722,2285928,113,0
14:43:46:890,120000719,47434373,2278947,103,0
14:43:47:090,120000715,47347194,2277274,108,0
14:43:47:290,120001202,47379474,2281230,122,0
14:43:47:490,120001140,47322711,2283999,110,0
14:43:48:090,120000455,265142064,401,159,0
14:43:48:090,120000455,265142064,401,159,0
14:43:48:290,120001186,138118440,1324509,135,0
14:43:48:490,120002059,47271896,2278544,101,0
14:43:48:690,120000785,47303099,2282174,106,0
14:43:48:890,120000489,47492385,2283195,113,0
14:43:49:090,120001090,47731661,2285928,113,0
14:43:49:290,120001138,47342275,2286796,114,0
14:43:49:490,120001197,47324905,2283651,104,0
14:43:49:690,120001221,47374225,2290298,103,0
14:43:49:890,120001115,47220631,2272256,110,0
14:43:50:090,120001069,47283325,2279337,110,0
14:43:50:290,120000843,47151610,2265634,108,0
14:43:50:490,120000604,47339640,2285932,104,0
14:43:50:690,120001449,47282990,2279471,109,0
14:43:50:890,120001314,47227651,2273444,108,0
14:43:51:090,120002339,47299587,2281066,108,0
14:43:51:290,120000649,47269505,2278161,116,0
14:43:51:490,120000835,47370379,2278340,98,0
14:43:51:690,120000775,47203629,2275563,114,0
14:43:51:890,120000793,47341169,2277372,105,0
14:43:52:090,120000788,47505323,2279612,104,0
14:43:52:290,120000614,47259731,2276169,110,0
14:43:52:490,120000830,47432475,2279048,115,0
14:43:52:690,120001793,47386299,2285940,109,0
14:43:52:890,120001163,47343427,2286408,108,0
14:43:53:090,120001090,47408387,2293465,108,0
14:43:53:290,120000636,47246859,2275177,112,0
14:43:53:490,120000628,47432040,2282875,111,0
14:43:53:690,120000836,47350499,2277453,102,0
14:43:53:890,120000622,47438659,2278559,108,0
14:43:54:090,120000788,47171377,2275206,113,0
14:43:54:290,120000916,47384565,2277939,114,0
14:43:54:490,120000709,47293212,2276478,105,0
14:43:54:690,120000874,47188227,2275441,108,0
14:43:54:890,120000716,47153763,2274713,110,0
14:43:55:090,120000871,47162357,2275287,109,0
14:43:55:290,120000736,47326323,2276894,110,0
14:43:55:490,120000814,47396873,2278317,106,0
14:43:55:690,120000850,47224045,2275292,109,0
14:43:55:890,120000477,47272674,2276521,108,0
14:43:56:090,120000733,47162171,2274758,120,0
14:43:56:290,120000714,47306675,2277466,106,0
14:43:56:490,120000779,47185351,2275523,112,0
14:43:56:690,120000917,47374927,2277846,100,0
14:43:56:890,120001278,47436699,2280950,112,0
14:43:57:090,120001493,47242312,2274608,109,0
14:43:57:290,120000987,47238678,2274656,113,0
14:43:57:490,120000679,47012990,2272641,100,0
14:43:57:690,120000849,47425505,2278466,109,0
14:43:57:890,120001417,47479979,2295347,110,0
14:43:58:090,120001203,47346507,2286710,114,0
14:43:58:290,120001260,47346532,2286991,106,0
14:43:58:490,120000842,47496673,2280807,104,0
14:43:58:690,120000914,47158787,2275416,111,0
14:43:58:890,120000734,47325619,2277127,112,0
14:43:59:090,120000823,47406927,2278324,112,0
14:43:59:290,120001103,47544793,2280194,102,0
14:43:59:490,120001282,47380345,2290613,116,0
14:43:59:690,120001594,47297714,2281345,101,0
14:43:59:890,120001329,47314348,2283188,99,0
14:44:00:090,120000981,47325411,2284544,104,0
14:44:00:290,120001247,47262346,2277543,117,0
14:44:00:490,120001264,47253130,2276354,104,0
14:44:00:690,120001162,47252226,2276451,112,0
14:44:00:890,120000657,47295187,2281037,103,0
14:44:01:090,120001166,47220879,2272498,105,0
14:44:01:290,120001108,47282479,2279916,118,0
14:44:01:490,120001221,47245804,2276183,104,0
14:44:01:690,120000794,47504635,2280215,110,0
14:44:01:890,120000901,47567413,2280565,107,0
14:44:02:090,120001484,47395017,2283171,114,0
14:44:02:290,120001396,47318162,2283674,108,0
14:44:02:490,120000848,47322749,2283599,108,0
14:44:02:690,120001127,47211163,2271981,102,0
14:44:02:890,120001292,47408218,2292951,104,0
14:44:03:490,120000470,265133926,403,152,0
14:44:03:490,120000470,265133926,403,152,0
14:44:03:690,120001105,181338981,874687,145,0
14:44:03:890,120001175,47241529,2275257,117,0
14:44:04:090,120001477,47241421,2275215,111,0
14:44:04:290,120001591,47263030,2277483,105,0
14:44:04:490,120001283,47277644,2278879,111,0
14:44:04:690,120001083,47228103,2273501,108,0
14:44:04:890,120001112,47311891,2282708,110,0
14:44:05:090,120001278,47304547,2282192,104,0
14:44:05:290,120000700,47345744,2282179,111,0
14:44:05:490,120000784,47399923,2278356,110,0
14:44:05:690,120000887,47389859,2277610,108,0
14:44:05:890,120001360,47617339,2284885,101,0
14:44:06:090,120001192,47351635,2286898,109,0
14:44:06:290,120001094,47253598,2276570,105,0
14:44:06:490,120001152,47328001,2284648,108,0
14:44:06:690,120001252,47362139,2288890,100,0
14:44:06:890,120001217,47206796,2270477,110,0
14:44:07:090,120001002,47303298,2281551,118,0
14:44:07:290,120001223,47217634,2271967,102,0
14:44:07:490,120000869,47382009,2284345,104,0
14:44:07:690,120000868,47385875,2277489,105,0
14:44:07:890,120000988,47103507,2274630,105,0
14:44:08:090,120000766,47556115,2280114,106,0
14:44:08:290,120000775,47052963,2273870,113,0
14:44:08:490,120000611,47131819,2274364,112,0
14:44:08:690,120000768,47417715,2278491,109,0
14:44:08:890,120001227,47048048,2273493,100,0
14:44:09:090,120001214,47194738,2270257,103,0
14:44:09:290,120000704,47408336,2283499,111,0
14:44:09:490,120001262,47171242,2275210,100,0
14:44:09:690,120000765,47542264,2279390,112,0
14:44:09:890,120000880,47188887,2275207,108,0
14:44:10:090,120000845,47539212,2279944,117,0
14:44:10:290,120000952,47339267,2277422,103,0
14:44:10:490,120001285,47428907,2292260,103,0
14:44:10:690,120001162,47320819,2283749,107,0
14:44:10:890,120001049,47356882,2287924,102,0
14:44:11:090,120001331,47299237,2281672,107,0
14:44:11:290,120000596,47332278,2278167,112,0
14:44:11:490,120000796,47318269,2276940,112,0
14:44:11:690,120000659,47395629,2278282,110,0
14:44:12:090,120000477,47608994,2281073,102,0
14:44:12:290,120000859,47427580,2294959,108,0
14:44:12:490,120001362,47290282,2280510,108,0
14:44:12:690,120001446,47362228,2287970,108,0
14:44:12:890,120000847,47583247,2286530,101,0
14:44:13:090,120000619,47398149,2277693,112,0
14:44:13:290,120001324,47539562,2285674,117,0
14:44:13:490,120001572,47367599,2288659,109,0
14:44:13:690,120001284,47303053,2281756,108,0
14:44:13:890,120001178,47320317,2284037,122,0
14:44:14:090,120000674,47390146,2285330,106,0
14:44:14:290,120000477,47366070,2277360,102,0
14:44:14:490,120000535,47178206,2274634,104,0
14:44:14:690,120000877,47449486,2278837,111,0
14:44:14:890,120000609,47468461,2278865,113,0
14:44:15:090,120000742,47373463,2278237,106,0
14:44:15:290,120001859,47304101,2279755,104,0
14:44:15:490,120001118,47344831,2286571,113,0
14:44:15:690,120001030,47329756,2285407,109,0
14:44:15:890,120001314,47356439,2287461,104,0
14:44:16:090,120000656,47338694,2283238,110,0
14:44:16:290,120000594,47683971,2281706,98,0
14:44:16:490,120001089,47580180,2292810,103,0
14:44:16:690,120001028,47277817,2279066,97,0
14:44:16:890,120001083,47303683,2282030,108,0
14:44:17:090,120001292,47369293,2289610,101,0
14:44:17:290,120001096,47275540,2278751,103,0
14:44:17:490,120000816,47568255,2282390,121,0
14:44:17:690,120000737,47607339,2280292,106,0
14:44:17:890,120000629,47175629,2275836,109,0
14:44:18:090,120001543,47355184,2280410,108,0
14:44:18:290,120001295,47349052,2286991,119,0
14:44:18:490,120001230,47289186,2280337,108,0
