CPU_CYCLES, INSTRUCTIONS, CACHE_MISSES, BRANCH_MISSES, LABEL
00:01:40.539 119847945 30114780 581509 6837 1.0
00:01:40.739 119846708 30308158 575840 6828 1.0
00:01:40.939 119847443 30302072 575598 6827 1.0
00:01:41.139 119846755 30310578 575834 6827 1.0
00:01:41.539 119846990 30112492 581541 6829 1.0
00:01:41.739 119847472 30303329 575715 6833 1.0
00:01:41.939 119846630 30303036 575674 6838 1.0
00:01:42.139 119846606 30310780 575845 6832 1.0
00:01:42.539 119847107 30115536 581623 6818 1.0
00:01:42.739 119847595 30305408 575677 6834 1.0
00:01:42.939 119846691 30311118 575820 6827 1.0
00:01:43.139 119847440 30307533 575789 6828 1.0
00:01:43.539 119847835 30124683 581771 6843 1.0
00:01:43.739 119846715 30302017 575676 6824 1.0
00:01:43.939 119846603 30302137 575679 6838 1.0
00:01:44.139 119847411 30304521 575649 6828 1.0
00:01:44.539 119847869 30109916 581495 6834 1.0
00:01:44.739 119846632 30305263 575705 6834 1.0
00:01:44.939 119847502 30309126 575769 6817 1.0
00:01:45.139 119846681 30299556 575613 6841 1.0
00:01:45.539 119847057 30115122 581612 6843 1.0
00:01:45.739 119847653 30307953 575785 6827 1.0
00:01:45.939 119846661 30302147 575654 6822 1.0
00:01:46.139 119846686 30303833 575657 6831 1.0
00:01:46.539 119847097 30110594 581492 6843 1.0
00:01:46.739 119847560 30306979 575810 6818 1.0
00:01:46.939 119846769 30305253 575670 6819 1.0
00:01:47.139 119847440 30314196 575903 6827 1.0
00:01:47.539 119847836 30112913 581553 6824 1.0
00:01:47.739 119846566 30315989 575953 6823 1.0
00:01:47.939 119846690 30302645 575668 6821 1.0
00:01:48.139 119847355 30309139 575795 6820 1.0
00:01:48.539 119847955 30123949 581750 6832 1.0
00:01:48.739 119846742 30302717 575602 6831 1.0
00:01:48.939 119847333 30304682 575750 6841 1.0
00:01:49.139 119846760 30312597 575859 6826 1.0
00:01:49.539 119847150 30109512 581465 6826 1.0
00:01:49.739 119846501 30302973 575661 6845 1.0
00:01:49.939 119847531 30314214 575847 6828 1.0
00:01:50.139 119846690 30309145 575840 6829 1.0
00:01:50.539 119847144 30117814 581665 6827 1.0
00:01:50.739 119847392 30300478 575583 6836 1.0
00:01:50.939 119846639 30300850 575623 6819 1.0
00:01:51.139 119847451 30304728 575745 6836 1.0
00:01:51.539 119847951 30113678 581536 6829 1.0
00:01:51.739 119846601 30310640 575806 6832 1.0
00:01:51.939 119846710 30315168 575929 6837 1.0
00:01:52.139 119847539 30302542 575689 6832 1.0
00:01:52.539 119847951 30110993 581504 6831 1.0
00:01:52.739 119846686 30313962 575876 6847 1.0
00:01:52.939 119847493 30304933 575678 6808 1.0
00:01:53.139 119846785 30306873 575752 6834 1.0
00:01:53.539 119847131 30114063 581546 6835 1.0
00:01:53.739 119846748 30302347 575628 6841 1.0
00:01:53.939 119847527 30304015 575728 6828 1.0
00:01:54.139 119846734 30309785 575785 6811 1.0
00:01:54.539 119847091 30116976 581659 6844 1.0
00:01:54.739 119847479 30309163 575771 6820 1.0
00:01:54.939 119846665 30305369 575682 6825 1.0
00:01:55.139 119847239 30301899 575661 6832 1.0
00:01:55.539 119847164 30120528 581753 6819 1.0
00:01:55.739 119847524 30302530 575597 6829 1.0
00:01:55.939 119846681 30304826 575749 6833 1.0
00:01:56.139 119847435 30314555 575912 6821 1.0
00:01:56.539 119848008 30111327 581512 6845 1.0
00:01:56.739 119846685 30308834 575761 6839 1.0
00:01:56.939 119847434 30314914 575920 6838 1.0
00:01:57.139 119846636 30309208 575770 6847 1.0
00:01:57.539 119847107 30115876 581604 6844 1.0
00:01:57.739 119846711 30306361 575724 6827 1.0
00:01:57.939 119847468 30307320 575721 6829 1.0
00:01:58.139 119846803 30299661 575613 6841 1.0
00:01:58.539 119847109 30110043 581477 6833 1.0
00:01:58.739 119847529 30304342 575737 6827 1.0
00:01:58.939 119846690 30313829 575885 6832 1.0
00:01:59.139 119847517 30306860 575716 6825 1.0
00:01:59.539 119846928 30110770 581500 6832 1.0
00:01:59.739 119847473 30319522 576013 6831 1.0
00:01:59.939 119846723 30302635 575674 6810 1.0
00:02:00.139 119847458 30309283 575791 6827 1.0
00:02:00.539 119847882 30183706 579428 6821 1.0
00:02:00.739 119846711 30311304 575826 6837 1.0
00:02:00.939 119847610 30301882 575670 6818 1.0
00:02:01.139 119846740 30312404 575852 6814 1.0
00:02:01.539 119847991 30302093 575827 6812 1.0
00:02:01.739 119846681 30304435 575686 6820 1.0
00:02:01.939 119847570 30315220 575928 6832 1.0
00:02:02.339 119847790 30111419 581514 6834 1.0
00:02:02.539 119846639 31722100 572389 6802 1.0
00:02:02.739 119847564 30306005 575740 6831 1.0
00:02:02.939 119846633 30306388 575695 6843 1.0
00:02:03.339 119847163 30120385 581656 6835 1.0
00:02:03.539 119846777 31725824 572193 6795 1.0
00:02:03.739 119847359 30306089 575782 6827 1.0
00:02:03.939 119846733 30311518 575829 6822 1.0
00:02:04.339 119847037 30115143 581599 6821 1.0
00:02:04.539 119847533 31713299 572209 6793 1.0
00:02:04.739 119846702 30306736 575723 6825 1.0
00:02:04.939 119847508 30308051 575738 6827 1.0
00:02:05.339 119847118 30120379 581656 6818 1.0
00:02:05.539 119847532 31694808 572264 6796 1.0
00:02:05.739 119846634 30309206 575771 6829 1.0
00:02:05.939 119847340 30300463 575632 6824 1.0
00:02:06.339 119847894 30112985 581555 6826 1.0
00:02:06.539 119846728 31729195 572241 6786 1.0
00:02:06.739 119847536 30310247 575797 6829 1.0
00:02:06.939 119846704 30303480 575710 6827 1.0
00:02:07.339 119847877 30111444 581515 6829 1.0
00:02:07.539 119846838 31759887 572342 6766 1.0
00:02:07.739 119847439 30306549 575701 6833 1.0
00:02:07.939 119846676 30304069 575727 6825 1.0
00:02:08.339 119847016 30108548 581473 6833 1.0
00:02:08.539 119847518 31711828 572211 6807 1.0
00:02:08.739 119846772 30300797 575635 6828 1.0
00:02:08.939 119846893 30316843 575884 6810 1.0
00:02:09.339 119847068 30115235 581521 6834 1.0
00:02:09.539 119847524 31677394 572597 6799 1.0
00:02:09.739 119846697 30307232 575728 6834 1.0
00:02:09.939 119847482 30305551 575758 6821 1.0
00:02:10.339 119847953 30121495 581686 6822 1.0
00:02:10.539 119846752 31681394 572247 6768 1.0
00:02:10.739 119847500 30309542 575802 6827 1.0
00:02:10.939 119846608 30310325 575848 6824 1.0
00:02:11.339 119847984 30115732 581614 6831 1.0
00:02:11.539 119846684 31682766 572236 6780 1.0
00:02:11.739 119847462 30310255 575841 6830 1.0
00:02:11.939 119846618 30310012 575843 6835 1.0
00:02:12.339 119847171 30124460 581758 6830 1.0
00:02:12.539 119847493 31742409 572231 6796 1.0
00:02:12.739 119846612 30309944 575846 6831 1.0
00:02:12.939 119846751 30307014 575715 6821 1.0
00:02:13.339 119847137 30114904 581567 6831 1.0
00:02:13.539 119847531 31674550 572346 6789 1.0
00:02:13.739 119846703 30312153 575849 6824 1.0
00:02:13.939 119847425 30312282 575850 6830 1.0
00:02:14.339 119847802 30117568 581648 6835 1.0
00:02:14.539 119846608 31745915 572341 6789 1.0
00:02:14.739 119846794 30302616 575614 6829 1.0
00:02:14.939 119847440 30299132 575599 6826 1.0
00:02:15.339 119847872 30111915 581495 6842 1.0
00:02:15.539 119846699 31712192 572236 6790 1.0
00:02:15.739 119847513 30303519 575717 6815 1.0
00:02:15.939 119846719 30312602 575862 6839 1.0
00:02:16.339 119847074 30114054 581513 6826 1.0
00:02:16.539 119847542 31724446 572372 6788 1.0
00:02:16.739 119846702 30307658 575731 6830 1.0
00:02:16.939 119846701 30307509 575820 6824 1.0
00:02:17.339 119847097 30127333 581840 6849 1.0
00:02:17.539 119847511 31715722 572372 6796 1.0
00:02:17.739 119846726 30306558 575700 6809 1.0
00:02:17.939 119847542 30305478 575739 6823 1.0
00:02:18.339 119847775 30116473 581585 6840 1.0
00:02:18.539 119846801 31689572 572242 6776 1.0
00:02:18.739 119846810 30311924 575840 6823 1.0
00:02:18.939 119847563 30304329 575739 6828 1.0
00:02:19.339 119847896 30112417 581541 6812 1.0
00:02:19.539 119846760 31676046 572341 6802 1.0
00:02:19.739 119847474 30308309 575748 6826 1.0
00:02:19.939 119846622 30300301 575630 6819 1.0
00:02:20.339 119847079 30113164 581500 6837 1.0
00:02:20.539 119846784 31750619 572250 6810 1.0
00:02:20.739 119847502 30305019 575756 6823 1.0
00:02:20.939 119846854 30314206 575902 6825 1.0
00:02:21.339 119847027 30115943 581635 6836 1.0
00:02:21.539 119847501 31754991 572402 6800 1.0
00:02:21.739 119846683 30308816 575759 6826 1.0
00:02:21.939 119847516 30302718 575694 6826 1.0
00:02:22.339 119847908 30117904 581558 6832 1.0
00:02:22.539 119846812 31701714 572239 6791 1.0
00:02:22.739 119846746 30308032 575835 6816 1.0
00:02:22.939 119847404 30310461 575804 6827 1.0
00:02:23.339 119847963 30203443 578491 6818 1.0
00:02:23.539 119846737 31733999 572157 6790 1.0
00:02:23.739 119847510 30312252 575841 6824 1.0
00:02:24.139 119847893 30113717 581574 6838 1.0
00:02:24.339 119846625 30312930 575868 6817 1.0
00:02:24.539 119846719 31723945 572198 6794 1.0
00:02:24.739 119847635 30306333 575694 6828 1.0
00:02:25.139 119847932 30118443 581620 6827 1.0
00:02:25.339 119846595 30298926 575588 6821 1.0
00:02:25.539 119847522 31758945 572131 6783 1.0
00:02:25.739 119846678 30313898 575894 6811 1.0
00:02:26.139 119847122 30112940 581554 6838 1.0
00:02:26.339 119846724 30305656 575702 6829 1.0
00:02:26.539 119847607 31750033 572295 6792 1.0
00:02:26.739 119846717 30307103 575782 6818 1.0
00:02:27.139 119847125 30122381 581709 6832 1.0
00:02:27.339 119847482 30300731 575641 6830 1.0
00:02:27.539 119846831 31766111 572145 6788 1.0
00:02:27.739 119847513 30308216 575802 6840 1.0
00:02:28.139 119847139 30111727 581522 6840 1.0
00:02:28.339 119847514 30300312 575620 6835 1.0
00:02:28.539 119846687 31726137 572262 6798 1.0
00:02:28.739 119847557 30301691 575665 6825 1.0
00:02:29.139 119847925 30113731 581539 6829 1.0
00:02:29.339 119846682 30319214 575976 6837 1.0
00:02:29.539 119847524 31718204 572263 6795 1.0
00:02:29.739 119846726 30306214 575692 6835 1.0
00:02:30.139 119847111 30107794 581420 6849 1.0
00:02:30.339 119846685 30309685 575800 6828 1.0
00:02:30.539 119847612 31706614 572425 6791 1.0
00:02:30.739 119846738 30314289 575904 6829 1.0
00:02:31.139 119847064 30113990 581583 6842 1.0
00:02:31.339 119847440 30305322 575677 6817 1.0
00:02:31.539 119846752 31717135 572236 6788 1.0
00:02:31.739 119847424 30303993 575719 6816 1.0
00:02:32.139 119847101 30124783 581773 6826 1.0
00:02:32.339 119847427 30305826 575694 6835 1.0
00:02:32.539 119846656 31761723 572227 6782 1.0
00:02:32.739 119847377 30312697 575850 6833 1.0
00:02:33.139 119847867 30112330 581539 6838 1.0
00:02:33.339 119846646 30307624 575728 6836 1.0
00:02:33.539 119847523 31691407 572503 6790 1.0
00:02:33.739 119846725 30308472 575828 6827 1.0
00:02:34.139 119847915 30123118 581753 6833 1.0
00:02:34.339 119846644 30303250 575650 6834 1.0
00:02:34.539 119847582 31725703 572227 6784 1.0
00:02:34.739 119846604 30306954 575788 6830 1.0
00:02:35.139 119847110 30111291 581509 6835 1.0
00:02:35.339 119847504 30307188 575718 6836 1.0
00:02:35.539 119846629 31664805 572366 6792 1.0
00:02:35.739 119847392 30307299 575775 6836 1.0
00:02:36.139 119847146 30111205 581510 6835 1.0
00:02:36.339 119847553 30312297 575851 6835 1.0
00:02:36.539 119846901 31703423 572427 6772 1.0
00:02:36.739 119847489 30307495 575726 6832 1.0
00:02:37.139 119847782 30119652 581638 6830 1.0
00:02:37.339 119846707 30308162 575759 6829 1.0
00:02:37.539 119847522 31679238 572344 6799 1.0
00:02:37.739 119846744 30311796 575838 6835 1.0
00:02:38.139 119847930 30115071 581519 6833 1.0
00:02:38.339 119846714 30305333 575762 6826 1.0
00:02:38.539 119847381 31706200 572377 6807 1.0
00:02:38.739 119846710 30303328 575711 6846 1.0
00:02:39.139 119847154 30121385 581682 6823 1.0
00:02:39.339 119847527 30303175 575706 6825 1.0
00:02:39.539 119846640 31758138 572094 6794 1.0
00:02:39.739 119846678 30309149 575793 6834 1.0
00:02:40.139 119847156 30113194 581561 6823 1.0
00:02:40.339 119847538 30303518 575621 6829 1.0
00:02:40.539 119846782 31770238 572230 6795 1.0
00:02:40.739 119847439 30304261 575699 6833 1.0
00:02:41.139 119847838 30114215 581587 6835 1.0
00:02:41.339 119846707 30312566 575859 6836 1.0
00:02:41.539 119847591 31762016 572067 6807 1.0
00:02:41.739 119846771 30303935 575726 6833 1.0
00:02:42.139 119847758 30114255 581512 6840 1.0
00:02:42.339 119846719 30307299 575810 6825 1.0
00:02:42.539 119847526 31665670 572267 6780 1.0
00:02:42.739 119846633 30313717 575873 6830 1.0
00:02:43.139 119847051 30111902 581503 6832 1.0
00:02:43.339 119847448 30311196 575841 6835 1.0
00:02:43.539 119846827 31728742 572203 6788 1.0
00:02:43.739 119846743 30307320 575720 6843 1.0
00:02:44.139 119846948 30116478 581647 6850 1.0
00:02:44.339 119847404 30304200 575689 6830 1.0
00:02:44.539 119846827 31760760 572099 6787 1.0
00:02:44.739 119847430 30313563 575887 6824 1.0
00:02:45.139 119847892 30175412 579733 6822 1.0
00:02:45.339 119846688 30302617 575691 6824 1.0
00:02:45.539 119846761 31723632 572444 6778 1.0
00:02:45.739 119847464 30308718 575758 6842 1.0
00:02:46.139 119847874 30298973 576233 6805 1.0
00:02:46.339 119846796 30298959 575596 6825 1.0
00:02:46.539 119847474 31745576 572109 6799 1.0
00:02:46.939 119847896 30118619 581612 6838 1.0
00:02:47.139 119846527 30305419 575759 6829 1.0
00:02:47.339 119847397 30303483 575630 6822 1.0
00:02:47.539 119846850 31757972 572247 6794 1.0
00:02:47.939 119848018 30112336 581507 6833 1.0
00:02:48.139 119846674 30306976 575807 6822 1.0
00:02:48.339 119847399 30306356 575694 6829 1.0
00:02:48.539 119846755 31688039 572276 6796 1.0
00:02:48.939 119847058 30121302 581700 6832 1.0
00:02:49.139 119847550 30304245 575641 6825 1.0
00:02:49.339 119846559 30308935 575846 6823 1.0
00:02:49.539 119846745 31676026 572329 6802 1.0
00:02:49.939 119846993 30115733 581602 6833 1.0
00:02:50.139 119847526 30310319 575828 6831 1.0
00:02:50.339 119846661 30318289 575914 6842 1.0
00:02:50.539 119847458 31704425 572176 6788 1.0
00:02:50.939 119847832 30115653 581614 6830 1.0
00:02:51.139 119846730 30311604 575846 6826 1.0
00:02:51.339 119846721 30306334 575694 6826 1.0
00:02:51.539 119847477 31679325 572384 6788 1.0
00:02:51.939 119847847 30114957 581526 6838 1.0
00:02:52.139 119846788 30302774 575682 6836 1.0
00:02:52.339 119847438 30308617 575755 6835 1.0
00:02:52.539 119846729 31732373 572266 6804 1.0
00:02:52.939 119847109 30112728 581500 6820 1.0
00:02:53.139 119847156 30312200 575841 6834 1.0
00:02:53.339 119847464 30307304 575813 6829 1.0
00:02:53.539 119846853 31667056 572304 6788 1.0
00:02:53.939 119847015 30118402 581637 6824 1.0
00:02:54.139 119847526 30298958 575583 6829 1.0
00:02:54.339 119846676 30304496 575719 6821 1.0
00:02:54.539 119847470 31686984 572359 6795 1.0
00:02:54.939 119847693 30109450 581463 6844 1.0
00:02:55.139 119846785 30307103 575716 6815 1.0
00:02:55.339 119846804 30310486 575803 6814 1.0
00:02:55.539 119847549 31680057 572433 6794 1.0
00:02:55.939 119847930 30116661 581651 6831 1.0
00:02:56.139 119846836 30311260 575825 6827 1.0
00:02:56.339 119847527 30303486 575659 6812 1.0
00:02:56.539 119846793 31756875 572171 6789 1.0
00:02:56.939 119847015 30114435 581593 6839 1.0
00:02:57.139 119846739 30303717 575625 6819 1.0
00:02:57.339 119847509 30310394 575805 6825 1.0
00:02:57.539 119846620 31677942 572524 6800 1.0
00:02:57.939 119847158 30115134 581611 6835 1.0
00:02:58.139 119847430 30315809 575910 6820 1.0
00:02:58.339 119846724 30306066 575724 6825 1.0
00:02:58.539 119847493 31670758 572353 6791 1.0
00:02:58.939 119847103 30122117 581702 6838 1.0
00:02:59.139 119847464 30301350 575659 6835 1.0
00:02:59.339 119846737 30305135 575739 6828 1.0
00:02:59.539 119847457 31727786 572316 6798 1.0
00:02:59.939 119847835 30114738 581603 6831 1.0
00:03:00.139 119846630 30307956 575740 6830 1.0
00:03:00.339 119847443 30312314 575850 6824 1.0
00:03:00.539 119846751 31700604 572339 6798 1.0
00:03:00.939 119847078 30118988 581687 6834 1.0
00:03:01.139 119846712 30304842 575659 6824 1.0
00:03:01.339 119847382 30305439 575759 6815 1.0
00:03:01.539 119846622 31746592 572125 6784 1.0
00:03:01.939 119847078 30116586 581617 6848 1.0
00:03:02.139 119847527 30307587 575760 6822 1.0
00:03:02.339 119846831 30316928 575928 6824 1.0
00:03:02.539 119847425 31706788 572231 6802 1.0
00:03:02.939 119847140 30112900 581553 6833 1.0
00:03:03.139 119847524 30314741 575881 6825 1.0
00:03:03.339 119846687 30303032 575642 6827 1.0
00:03:03.539 119847597 31688584 572408 6798 1.0
00:03:03.939 119847930 30106570 581388 6827 1.0
00:03:04.139 119846723 30304165 575705 6826 1.0
00:03:04.339 119847633 30310352 575824 6825 1.0
00:03:04.539 119846776 31766404 572148 6791 1.0
00:03:04.939 119847877 30112683 581495 6825 1.0
00:03:05.139 119846663 30306554 575793 6827 1.0
00:03:05.339 119847570 30306834 575706 6830 1.0
00:03:05.539 119846817 31717167 572256 6784 1.0
00:03:05.939 119847122 30118043 581594 6827 1.0
00:03:06.139 119847477 30305659 575771 6836 1.0
00:03:06.339 119846699 30308355 575751 6833 1.0
00:03:06.539 119847496 31753668 572340 6787 1.0
00:03:06.939 119847047 30118143 581633 6848 1.0
00:03:07.139 119847511 30308694 575780 6809 1.0
00:03:07.339 119846719 30315304 575907 6825 1.0
00:03:07.539 119847576 31719973 572154 6798 1.0
00:03:07.939 119847903 30215527 578809 6817 1.0
00:03:08.139 119846668 30301222 575593 6814 1.0
00:03:08.339 119847472 30304140 575694 6825 1.0
00:03:08.739 119847130 30114562 581597 6832 1.0
00:03:08.939 119847458 30306046 575692 6816 1.0
00:03:09.139 119846764 30301502 575655 6813 1.0
00:03:09.339 119847506 30313391 575878 6836 1.0
00:03:09.739 119847839 30115748 581537 6824 1.0
00:03:09.939 119846637 30306533 575791 6819 1.0
00:03:10.139 119847387 30317148 575885 6832 1.0
00:03:10.339 119846658 30299318 575605 6829 1.0
00:03:10.739 119847868 30116639 581557 6833 1.0
00:03:10.939 119846745 30308350 575785 6827 1.0
00:03:11.139 119847547 30305074 575743 6812 1.0
00:03:11.339 119846671 30307769 575735 6824 1.0
00:03:11.739 119846990 30109873 581487 6841 1.0
00:03:11.939 119847577 30306634 575703 6833 1.0
00:03:12.139 119846755 30304524 575739 6842 1.0
00:03:12.339 119847514 30311812 575842 6822 1.0
00:03:12.739 119846981 30115359 581617 6838 1.0
00:03:12.939 119847542 30308548 575753 6822 1.0
00:03:13.139 119846674 30306066 575716 6823 1.0
00:03:13.339 119847447 30308591 575820 6832 1.0
00:03:13.739 119847820 30118636 581705 6832 1.0
00:03:13.939 119846820 30300732 575618 6828 1.0
00:03:14.139 119847530 30306602 575725 6825 1.0
00:03:14.339 119846805 30313128 575873 6830 1.0
00:03:14.739 119847778 30114294 581513 6825 1.0
00:03:14.939 119846621 30305357 575763 6835 1.0
00:03:15.139 119847430 30321922 576013 6837 1.0
00:03:15.339 119846723 30308882 575760 6839 1.0
00:03:15.739 119847080 30117006 581568 6831 1.0
00:03:15.939 119847550 30305549 575770 6829 1.0
00:03:16.139 119846763 30303852 575660 6845 1.0
00:03:16.339 119846669 30302852 575667 6826 1.0
00:03:16.739 119846966 30111407 581516 6817 1.0
00:03:16.939 119847545 30309169 575771 6835 1.0
00:03:17.139 119846613 30307911 575799 6832 1.0
00:03:17.339 119847422 30308507 575782 6837 1.0
00:03:17.739 119847902 30117592 581674 6839 1.0
00:03:17.939 119846695 30312164 575848 6824 1.0
00:03:18.139 119846767 30303995 575665 6825 1.0
00:03:18.339 119847455 30306260 575755 6820 1.0
00:03:18.739 119847939 30115585 581544 6832 1.0
00:03:18.939 119846680 30303780 575724 6825 1.0
00:03:19.139 119847413 30306581 575701 6821 1.0
00:03:19.339 119846788 30314754 575916 6821 1.0
00:03:19.739 119847192 30112256 581535 6840 1.0
00:03:19.939 119847525 30312659 575861 6819 1.0
00:03:20.139 119846695 30305054 575664 6829 1.0
00:03:20.339 119846657 30303509 575715 6821 1.0
00:03:20.739 119847085 30118024 581657 6839 1.0
00:03:20.939 119847369 30307066 575748 6825 1.0
00:03:21.139 119846640 30304435 575682 6820 1.0
00:03:21.339 119847547 30312409 575841 6829 1.0
00:03:21.739 119847876 30118684 581691 6836 1.0
00:03:21.939 119846742 30298847 575591 6819 1.0
00:03:22.139 119846735 30313518 575885 6843 1.0
00:03:22.339 119847449 30301695 575603 6826 1.0
00:03:22.739 119847614 30119156 581624 6853 1.0
00:03:22.939 119846681 30306253 575719 6836 1.0
00:03:23.139 119847526 30308459 575818 6830 1.0
00:03:23.339 119846760 30306251 575693 6832 1.0
00:03:23.739 119847073 30108745 581445 6836 1.0
00:03:23.939 119846715 30307251 575734 6831 1.0
00:03:24.139 119847379 30316676 575954 6830 1.0
00:03:24.339 119846655 30300629 575637 6838 1.0
00:03:24.739 119847126 30111656 581521 6826 1.0
00:03:24.939 119847412 30312257 575850 6836 1.0
00:03:25.139 119846813 30306039 575744 6837 1.0
00:03:25.339 119847369 30305192 575702 6834 1.0
00:03:25.739 119847916 30109624 581495 6826 1.0
00:03:25.939 119846764 30303579 575672 6820 1.0
00:03:26.139 119846601 30303559 575714 6821 1.0
00:03:26.339 119847442 30315707 575889 6827 1.0
00:03:26.739 119847866 30111080 581506 6825 1.0
00:03:26.939 119846820 30312477 575857 6826 1.0
00:03:27.139 119847490 30305236 575667 6836 1.0
00:03:27.339 119846656 30304531 575740 6828 1.0
00:03:27.739 119847110 30126258 581811 6830 1.0
00:03:27.939 119846659 30302563 575629 6845 1.0
00:03:28.139 119847372 30307641 575789 6829 1.0
00:03:28.339 119846783 30304937 575659 6833 1.0
00:03:28.739 119847090 30109211 581453 6828 1.0
00:03:28.939 119847477 30302661 575696 6820 1.0
00:03:29.139 119846729 30308149 575741 6843 1.0
00:03:29.339 119847523 30305173 575757 6817 1.0
00:03:29.739 119847054 30163144 579977 6836 1.0
00:03:29.939 119847588 30313006 575872 6836 1.0
00:03:30.139 119846732 30305407 575766 6819 1.0
00:03:30.339 119847570 30307950 575738 6825 1.0
00:03:30.739 119847920 30275431 576256 6810 1.0
00:03:30.939 119846694 30302445 575675 6823 1.0
00:03:31.139 119847569 30304867 575670 6827 1.0
00:03:31.539 119847886 30112278 581505 6847 1.0
00:03:31.739 119846723 31740595 572105 6782 1.0
00:03:31.939 119846722 30312888 575866 6829 1.0
00:03:32.139 119847424 30308029 575742 6814 1.0
00:03:32.539 119847772 30113974 581530 6833 1.0
00:03:32.739 119846824 31699224 572471 6793 1.0
00:03:32.939 119847587 30307555 575823 6828 1.0
00:03:33.139 119846683 30306961 575712 6824 1.0
00:03:33.539 119847111 30112991 581555 6829 1.0
00:03:33.739 119846807 31668799 572304 6799 1.0
00:03:33.939 119847536 30301824 575656 6812 1.0
00:03:34.139 119846702 30306361 575773 6824 1.0
00:03:34.539 119847128 30108002 581424 6828 1.0
00:03:34.739 119847421 31764406 572464 6792 1.0
00:03:34.939 119846658 30305816 575699 6831 1.0
00:03:35.139 119847468 30300664 575639 6814 1.0
00:03:35.540 119847135 30117889 581674 6833 1.0
00:03:35.740 119847560 31720574 572315 6809 1.0
00:03:35.940 119846656 30302047 575612 6819 1.0
00:03:36.140 119847475 30317188 575981 6833 1.0
00:03:36.540 119847872 30110815 581495 6836 1.0
00:03:36.740 119846853 31678929 572337 6801 1.0
00:03:36.940 119847509 30313272 575879 6830 1.0
00:03:37.140 119846720 30303291 575707 6832 1.0
00:03:37.540 119847110 30112346 581539 6836 1.0
00:03:37.740 119846661 31764686 572050 6788 1.0
00:03:37.940 119847554 30305122 575730 6826 1.0
00:03:38.140 119846689 30311425 575829 6825 1.0
00:03:38.540 119847191 30115893 581633 6823 1.0
00:03:38.740 119847664 31689010 572275 6782 1.0
00:03:38.940 119846626 30318311 575917 6826 1.0
00:03:39.140 119847506 30303119 575705 6820 1.0
00:03:39.540 119847058 30109056 581496 6830 1.0
00:03:39.740 119847416 31746802 572378 6784 1.0
00:03:39.940 119846666 30307504 575727 6843 1.0
00:03:40.140 119847437 30301191 575652 6816 1.0
00:03:40.540 119847894 30107367 581408 6836 1.0
00:03:40.740 119846752 31744065 572167 6792 1.0
00:03:40.940 119847609 30307074 575746 6838 1.0
00:03:41.140 119846747 30318753 575993 6813 1.0
00:03:41.540 119847928 30110598 581495 6829 1.0
00:03:41.740 119846854 31723495 572287 6787 1.0
00:03:41.940 119847431 30300640 575637 6836 1.0
00:03:42.140 119846752 30305303 575717 6823 1.0
00:03:42.540 119847126 30118256 581668 6840 1.0
00:03:42.740 119847483 31704929 572243 6786 1.0
00:03:42.940 119846703 30306179 575786 6830 1.0
00:03:43.140 119846848 30318947 575933 6833 1.0
00:03:43.540 119847041 30109598 581465 6847 1.0
00:03:43.740 119847559 31735860 572096 6781 1.0
00:03:43.940 119846610 30310990 575818 6825 1.0
00:03:44.140 119847503 30306040 575782 6835 1.0
00:03:44.540 119847835 30120707 581724 6830 1.0
00:03:44.740 119846690 31751590 572071 6788 1.0
00:03:44.940 119847360 30308616 575777 6837 1.0
00:03:45.140 119846747 30308254 575817 6835 1.0
00:03:45.540 119847846 30114197 581587 6842 1.0
00:03:45.740 119846783 31668588 572258 6790 1.0
00:03:45.940 119847572 30304434 575688 6823 1.0
00:03:46.140 119846802 30310978 575817 6822 1.0
00:03:46.540 119847053 30115817 581630 6827 1.0
00:03:46.740 119847467 31685817 572350 6801 1.0
00:03:46.940 119846717 30305610 575761 6813 1.0
00:03:47.140 119846739 30310444 575803 6822 1.0
00:03:47.540 119847123 30124460 581763 6847 1.0
00:03:47.740 119847621 31775624 572237 6790 1.0
00:03:47.940 119846622 30305221 575761 6827 1.0
00:03:48.140 119847450 30319041 575935 6824 1.0
00:03:48.540 119847888 30113981 581582 6831 1.0
00:03:48.740 119846717 31752171 572116 6792 1.0
00:03:48.940 119846741 30312156 575848 6832 1.0
00:03:49.140 119847460 30303198 575708 6819 1.0
00:03:49.540 119847966 30116905 581581 6846 1.0
00:03:49.740 119846724 31727103 572291 6785 1.0
00:03:49.940 119847566 30308018 575786 6829 1.0
00:03:50.140 119846711 30309299 575820 6841 1.0
00:03:50.540 119847112 30117135 581582 6831 1.0
00:03:50.740 119847505 31727248 572231 6798 1.0
00:03:50.940 119846743 30311152 575845 6821 1.0
00:03:51.140 119846745 30305623 575675 6832 1.0
00:03:51.540 119847119 30110328 581461 6839 1.0
00:03:51.740 119847487 31725978 572489 6787 1.0
00:03:51.940 119846670 30301726 575638 6822 1.0
00:03:52.140 119847445 30305663 575708 6827 1.0
00:03:52.540 119847770 30209928 578666 6806 1.0
00:03:52.740 119846753 31694034 572395 6808 1.0
00:03:52.940 119846694 30306322 575695 6825 1.0
00:03:53.340 119847186 30108339 581484 6838 1.0
00:03:53.540 119847621 30305809 575683 6823 1.0
00:03:53.740 119846604 31752873 572285 6776 1.0
00:03:53.940 119847436 30309857 575788 6848 1.0
00:03:54.340 119847893 30116454 581647 6826 1.0
00:03:54.540 119846749 30310651 575808 6829 1.0
00:03:54.740 119846710 31700975 572264 6780 1.0
00:03:54.940 119847572 30308875 575764 6824 1.0
00:03:55.340 119847813 30112646 581547 6831 1.0
00:03:55.540 119846750 30303280 575617 6817 1.0
00:03:55.740 119847644 31688639 572445 6782 1.0
00:03:55.940 119846657 30311733 575838 6832 1.0
00:03:56.340 119847105 30114260 581564 6827 1.0
00:03:56.540 119847635 30318242 576008 6827 1.0
00:03:56.740 119846701 31668979 572342 6789 1.0
00:03:56.940 119846684 30306052 575767 6835 1.0
00:03:57.340 119847126 30120719 581681 6834 1.0
00:03:57.540 119847512 30306893 575788 6813 1.0
00:03:57.740 119846833 31679659 572277 6780 1.0
00:03:57.940 119847429 30312365 575853 6833 1.0
00:03:58.340 119847858 30111547 581517 6841 1.0
00:03:58.540 119846859 30300842 575631 6835 1.0
00:03:58.740 119846729 31728372 572236 6794 1.0
00:03:58.940 119847563 30304055 575687 6830 1.0
00:03:59.340 119847880 30122378 581709 6824 1.0
00:03:59.540 119846764 30307008 575713 6833 1.0
00:03:59.740 119847695 31692990 572191 6791 1.0
00:03:59.940 119846768 30305817 575778 6834 1.0
00:04:00.340 119847205 30119286 581628 6831 1.0
00:04:00.540 119846692 30302472 575685 6812 1.0
00:04:00.740 119847486 31758981 572346 6800 1.0
00:04:00.940 119846611 30308334 575832 6825 1.0
00:04:01.340 119847122 30109808 581472 6812 1.0
00:04:01.540 119847588 30312323 575850 6835 1.0
00:04:01.740 119846733 31762393 572134 6790 1.0
00:04:01.940 119847450 30302443 575647 6827 1.0
00:04:02.340 119847180 30110289 581500 6822 1.0
00:04:02.540 119847418 30300969 575613 6808 1.0
00:04:02.740 119846830 31755986 572205 6781 1.0
00:04:02.940 119847364 30305205 575665 6835 1.0
00:04:03.340 119847913 30112275 581538 6840 1.0
00:04:03.540 119846623 30306039 575685 6831 1.0
00:04:03.740 119847551 31735274 572408 6799 1.0
00:04:03.940 119846810 30306240 575692 6833 1.0
00:04:04.340 119847078 30122190 581709 6824 1.0
00:04:04.540 119846778 30305768 575767 6823 1.0
00:04:04.740 119847536 31679684 572310 6797 1.0
00:04:04.940 119846844 30302984 575650 6835 1.0
00:04:05.340 119847141 30110014 581478 6821 1.0
00:04:05.540 119847503 30301156 575652 6816 1.0
00:04:05.740 119846734 31668144 572396 6782 1.0
00:04:05.940 119847447 30306219 575707 6824 1.0
00:04:06.340 119847113 30112197 581533 6852 1.0
00:04:06.540 119847516 30310022 575790 6830 1.0
00:04:06.740 119846832 31692723 572282 6784 1.0
00:04:06.940 119847575 30305158 575663 6835 1.0
00:04:07.340 119847961 30110690 581495 6841 1.0
00:04:07.540 119846549 30301427 575659 6817 1.0
00:04:07.740 119847467 31746950 572128 6798 1.0
00:04:07.940 119846476 30311551 575834 6826 1.0
00:04:08.340 119847946 30113456 581569 6833 1.0
00:04:08.540 119846634 30314990 575919 6824 1.0
00:04:08.740 119847592 31716135 572027 6787 1.0
00:04:08.940 119846720 30300453 575633 6826 1.0
00:04:09.340 119847125 30113120 581508 6844 1.0
00:04:09.540 119847471 30306876 575802 6828 1.0
00:04:09.740 119846753 31681741 572257 6797 1.0
00:04:09.940 119847525 30305827 575681 6836 1.0
00:04:10.340 119847065 30112032 581500 6828 1.0
00:04:10.540 119847445 30301335 575625 6829 1.0
00:04:10.740 119846796 31703456 572384 6786 1.0
00:04:10.940 119847443 30300796 575644 6823 1.0
00:04:11.340 119847955 30120585 581735 6856 1.0
00:04:11.540 119846771 30299337 575604 6826 1.0
00:04:11.740 119847550 31680595 572404 6799 1.0
00:04:11.940 119846791 30298587 575587 6833 1.0
00:04:12.340 119847845 30113849 581577 6831 1.0
00:04:12.540 119846723 30310523 575808 6839 1.0
00:04:12.740 119847476 31764866 572296 6786 1.0
00:04:12.940 119846756 30306624 575796 6836 1.0
00:04:13.340 119847143 30113090 581558 6840 1.0
00:04:13.540 119847535 30311434 575827 6815 1.0
00:04:13.740 119846694 31679275 572238 6789 1.0
00:04:13.940 119846696 30306574 575702 6821 1.0
00:04:14.340 119847117 30154234 580356 6832 1.0
00:04:14.540 119847558 30303732 575700 6819 1.0
00:04:14.740 119846788 31725055 572236 6787 1.0
00:04:14.940 119847596 30311204 575841 6833 1.0
00:04:15.340 119847967 30273420 576771 6794 1.0
00:04:15.540 119846782 30318959 576022 6831 1.0
00:04:15.740 119847266 31689244 572130 6792 1.0
00:04:16.140 119847028 30108060 581500 6838 1.0
00:04:16.340 119847487 30315322 575857 6822 1.0
00:04:16.540 119846778 30303342 575711 6816 1.0
00:04:16.740 119847611 31738499 572179 6786 1.0
00:04:17.140 119847848 30114899 581607 6832 1.0
00:04:17.340 119846825 30305494 575705 6838 1.0
00:04:17.540 119847547 30305488 575734 6816 1.0
00:04:17.740 119846834 31746797 572359 6792 1.0
00:04:18.140 119847856 30113628 581573 6831 1.0
00:04:18.340 119846554 30310469 575805 6829 1.0
00:04:18.540 119847495 30308704 575757 6830 1.0
00:04:18.740 119846750 31682950 572324 6790 1.0
00:04:19.140 119847013 30119165 581625 6841 1.0
00:04:19.340 119847392 30303406 575712 6827 1.0
00:04:19.540 119846772 30299927 575621 6821 1.0
00:04:19.740 119846746 31758624 572251 6788 1.0
00:04:20.140 119846991 30114655 581558 6830 1.0
00:04:20.340 119847579 30303940 575727 6832 1.0
00:04:20.540 119846764 30315898 575902 6816 1.0
00:04:20.740 119847488 31711312 572390 6779 1.0
00:04:21.140 119847950 30120541 581685 6834 1.0
00:04:21.340 119846703 30308189 575746 6820 1.0
00:04:21.540 119846713 30305303 575756 6832 1.0
00:04:21.740 119847419 31706638 572231 6805 1.0
00:04:22.140 119847939 30116621 581652 6827 1.0
00:04:22.340 119846770 30302241 575680 6828 1.0
00:04:22.540 119847391 30309115 575769 6832 1.0
00:04:22.740 119846824 31750645 572258 6790 1.0
00:04:23.140 119847121 30115852 581632 6826 1.0
00:04:23.340 119847496 30314775 575914 6828 1.0
00:04:23.540 119846832 30304087 575637 6826 1.0
00:04:23.740 119846871 31724055 572254 6774 1.0
00:04:24.140 119847097 30116271 581621 6838 1.0
00:04:24.340 119847587 30302572 575615 6817 1.0
00:04:24.540 119846776 30302015 575677 6827 1.0
00:04:24.740 119847454 31676934 572446 6787 1.0
00:04:25.140 119847808 30115624 581619 6826 1.0
00:04:25.340 119846889 30305167 575722 6822 1.0
00:04:25.540 119846630 30311754 575846 6832 1.0
00:04:25.740 119847512 31672565 572231 6787 1.0
00:04:26.140 119847856 30122916 581722 6838 1.0
00:04:26.340 119846757 30302040 575669 6818 1.0
00:04:26.540 119847443 30306234 575704 6824 1.0
00:04:26.740 119846744 31673742 572355 6785 1.0
00:04:27.140 119847082 30108600 581487 6834 1.0
00:04:27.340 119846627 30301130 575601 6835 1.0
00:04:27.540 119847539 30308314 575796 6829 1.0
00:04:27.740 119846838 31702268 572155 6793 1.0
00:04:28.140 119847281 30111474 581516 6836 1.0
00:04:28.340 119847397 30316625 575967 6840 1.0
00:04:28.540 119846780 30300065 575624 6826 1.0
00:04:28.740 119847568 31745036 572146 6788 1.0
00:04:29.140 119847808 30108704 581444 6841 1.0
00:04:29.340 119846657 30301690 575663 6820 1.0
00:04:29.540 119846678 30303386 575650 6814 1.0
00:04:29.740 119847537 31765000 572231 6788 1.0
00:04:30.140 119847896 30115406 581619 6843 1.0
00:04:30.340 119846775 30308779 575760 6849 1.0
00:04:30.540 119847552 30307211 575760 6832 1.0
00:04:30.740 119846626 31755344 572236 6790 1.0
00:04:31.140 119847198 30117941 581660 6834 1.0
00:04:31.340 119846694 30309196 575798 6822 1.0
00:04:31.540 119847467 30300825 575633 6826 1.0
00:04:31.740 119846742 31745984 572236 6786 1.0
00:04:32.140 119847000 30110962 581503 6834 1.0
00:04:32.340 119847479 30304591 575742 6817 1.0
00:04:32.540 119846655 30315496 575858 6827 1.0
00:04:32.740 119847544 31704709 572322 6777 1.0
00:04:33.140 119847059 30121510 581684 6846 1.0
00:04:33.340 119847496 30307473 575725 6825 1.0
00:04:33.540 119846765 30306770 575801 6814 1.0
00:04:33.740 119847607 31707568 572276 6787 1.0
00:04:34.140 119847856 30115449 581526 6821 1.0
00:04:34.340 119846712 30301546 575663 6826 1.0
00:04:34.540 119847538 30311608 575833 6840 1.0
00:04:34.740 119846739 31665347 572292 6787 1.0
00:04:35.140 119847162 30109290 581470 6828 1.0
00:04:35.340 119846791 30311677 575835 6831 1.0
00:04:35.540 119847484 30309538 575780 6825 1.0
00:04:35.740 119846682 31741931 572150 6797 1.0
00:04:36.140 119847165 30115394 581585 6837 1.0
00:04:36.340 119847430 30307621 575729 6848 1.0
00:04:36.540 119846695 30301059 575651 6831 1.0
00:04:36.740 119847521 31767955 572136 6788 1.0
00:04:37.140 119847059 30208772 578671 6829 1.0
00:04:37.340 119847498 30314772 575851 6832 1.0
00:04:37.540 119846754 30307639 575824 6808 1.0
00:04:37.940 119847050 30108972 581500 6832 1.0
00:04:38.140 119847517 30316330 575872 6826 1.0
00:04:38.340 119846706 30305241 575762 6825 1.0
00:04:38.540 119847432 30310433 575801 6836 1.0
00:04:38.940 119847243 30117793 581588 6838 1.0
00:04:39.140 119847490 30300431 575635 6842 1.0
00:04:39.340 119846614 30301942 575672 6828 1.0
00:04:39.540 119847506 30309165 575771 6834 1.0
00:04:39.940 119847796 30113050 581559 6836 1.0
00:04:40.140 119846721 30305789 575687 6832 1.0
00:04:40.340 119847474 30307865 575822 6831 1.0
00:04:40.540 119846736 30304580 575648 6823 1.0
00:04:40.940 119847910 30122828 581721 6846 1.0
00:04:41.140 119846793 30310860 575814 6833 1.0
00:04:41.340 119847350 30302424 575687 6827 1.0
00:04:41.540 119846689 30305447 575736 6826 1.0
00:04:41.940 119847144 30116559 581584 6814 1.0
00:04:42.140 119847463 30305343 575757 6827 1.0
00:04:42.340 119846686 30313524 575846 6830 1.0
00:04:42.540 119847430 30307524 575768 6830 1.0
00:04:42.940 119847080 30110475 581490 6845 1.0
00:04:43.140 119847559 30310075 575795 6815 1.0
00:04:43.340 119846763 30304137 575702 6822 1.0
00:04:43.540 119847403 30308453 575778 6820 1.0
00:04:43.940 119847897 30115859 581629 6833 1.0
00:04:44.140 119846735 30302217 575589 6832 1.0
00:04:44.340 119847501 30305331 575762 6823 1.0
00:04:44.540 119846774 30307791 575735 6822 1.0
00:04:44.940 119847806 30111646 581520 6833 1.0
00:04:45.140 119846876 30310818 575812 6833 1.0
00:04:45.340 119847486 30300454 575636 6830 1.0
00:04:45.540 119846690 30306100 575783 6827 1.0
00:04:45.940 119847088 30123922 581754 6823 1.0
00:04:46.140 119847495 30306323 575696 6825 1.0
00:04:46.340 119846752 30305904 575737 6832 1.0
00:04:46.540 119846700 30317242 575930 6823 1.0
00:04:46.940 119847021 30113886 581556 6830 1.0
00:04:47.140 119847551 30304010 575658 6826 1.0
00:04:47.340 119846730 30312259 575850 6824 1.0
00:04:47.540 119847486 30308514 575762 6821 1.0
00:04:47.940 119847802 30122869 581725 6843 1.0
00:04:48.140 119846764 30304297 575730 6819 1.0
00:04:48.340 119847488 30302171 575681 6830 1.0
00:04:48.540 119846733 30301502 575606 6831 1.0
00:04:48.940 119847925 30105230 581427 6834 1.0
00:04:49.140 119846607 30304134 575656 6836 1.0
00:04:49.340 119847485 30316328 575939 6829 1.0
00:04:49.540 119846710 30310052 575795 6844 1.0
00:04:49.940 119847163 30115975 581540 6848 1.0
00:04:50.140 119847471 30316490 575961 6840 1.0
00:04:50.340 119846831 30303004 575701 6834 1.0
00:04:50.540 119846707 30304674 575650 6827 1.0
00:04:50.940 119847158 30112429 581541 6825 1.0
00:04:51.140 119847390 30306873 575712 6849 1.0
00:04:51.340 119846761 30301749 575670 6823 1.0
00:04:51.540 119847530 30309078 575768 6836 1.0
00:04:51.940 119847860 30109699 581468 6842 1.0
00:04:52.140 119846682 30313836 575893 6827 1.0
00:04:52.340 119846795 30307641 575768 6833 1.0
00:04:52.540 119847413 30300493 575597 6833 1.0
00:04:52.940 119847844 30121678 581753 6833 1.0
00:04:53.140 119846797 30308648 575770 6831 1.0
00:04:53.340 119847501 30298246 575576 6823 1.0
00:04:53.540 119846705 30314914 575920 6835 1.0
00:04:53.940 119846980 30111744 581511 6844 1.0
00:04:54.140 119847424 30307371 575736 6825 1.0
00:04:54.340 119846684 30309504 575777 6836 1.0
00:04:54.540 119846764 30306949 575762 6829 1.0
00:04:54.940 119847039 30126185 581809 6825 1.0
00:04:55.140 119847352 30304205 575642 6837 1.0
00:04:55.340 119846780 30303654 575716 6822 1.0
00:04:55.540 119847454 30304343 575714 6835 1.0
00:04:55.940 119847839 30115212 581613 6838 1.0
00:04:56.140 119846752 30307778 575734 6827 1.0
00:04:56.340 119846705 30304089 575730 6827 1.0
00:04:56.540 119847476 30314106 575889 6842 1.0
00:04:56.940 119847835 30110339 581495 6831 1.0
00:04:57.140 119846747 30309110 575810 6823 1.0
00:04:57.340 119847457 30306645 575706 6836 1.0
00:04:57.540 119846669 30305809 575759 6837 1.0
00:04:57.940 119847049 30122001 581699 6843 1.0
00:04:58.140 119846709 30304400 575663 6820 1.0
00:04:58.340 119847490 30302699 575674 6826 1.0
00:04:58.540 119846696 30315393 575934 6822 1.0
00:04:58.940 119847170 30141386 580646 6824 1.0
00:04:59.140 119847473 30303382 575669 6819 1.0
00:04:59.340 119846789 30318883 575979 6823 1.0
00:04:59.540 119847415 30308453 575751 6818 1.0
00:04:59.940 119847059 30265382 577117 6812 1.0
00:05:00.140 119847481 30301735 575596 6842 1.0
00:05:00.340 119846719 30302941 575698 6828 1.0
00:05:00.740 119847086 30119021 581621 6830 1.0
00:05:00.940 119847495 31735893 572147 6789 1.0
00:05:01.140 119846681 30306877 575759 6821 1.0
00:05:01.340 119847416 30310884 575812 6816 1.0
00:05:01.740 119847858 30110369 581487 6843 1.0
00:05:01.940 119846661 31708381 572223 6793 1.0
00:05:02.140 119846808 30318680 575926 6835 1.0
00:05:02.340 119847529 30302594 575689 6827 1.0
00:05:02.740 119847870 30120107 581724 6834 1.0
00:05:02.940 119846715 31749309 572236 6795 1.0
00:05:03.140 119847547 30311609 575841 6832 1.0
00:05:03.340 119846786 30300712 575612 6822 1.0
00:05:03.740 119847123 30107418 581464 6832 1.0
00:05:03.940 119846786 31758481 572040 6800 1.0
00:05:04.140 119847518 30308788 575815 6840 1.0
00:05:04.340 119846668 30305052 575735 6823 1.0
00:05:04.740 119846977 30108104 581500 6827 1.0
00:05:04.940 119847480 31704709 572492 6786 1.0
00:05:05.140 119846719 30307511 575818 6845 1.0
00:05:05.340 119847500 30307038 575715 6832 1.0
00:05:05.740 119847075 30115556 581623 6825 1.0
00:05:05.940 119847495 31717865 572165 6792 1.0
00:05:06.140 119846646 30304769 575690 6830 1.0
00:05:06.340 119847452 30314809 575879 6836 1.0
00:05:06.740 119847881 30110468 581490 6825 1.0
00:05:06.940 119846789 31715650 572556 6802 1.0
00:05:07.140 119847508 30302852 575645 6832 1.0
00:05:07.340 119846516 30303325 575666 6821 1.0
00:05:07.740 119847204 30121028 581673 6825 1.0
00:05:07.940 119846748 31735584 572147 6793 1.0
00:05:08.140 119847522 30303532 575712 6829 1.0
00:05:08.340 119846735 30309335 575772 6819 1.0
00:05:08.740 119847148 30114510 581566 6831 1.0
00:05:08.940 119847429 31690336 572231 6779 1.0
00:05:09.140 119846685 30306479 575784 6824 1.0
00:05:09.340 119847531 30311968 575844 6820 1.0
00:05:09.740 119847012 30118130 581668 6837 1.0
00:05:09.940 119847531 31715632 572083 6775 1.0
00:05:10.140 119846631 30301817 575668 6834 1.0
00:05:10.340 119847349 30304001 575651 6823 1.0
00:05:10.740 119847775 30115973 581634 6830 1.0
00:05:10.940 119846710 31730365 572233 6806 1.0
00:05:11.140 119847532 30312502 575859 6821 1.0
00:05:11.340 119846702 30305720 575677 6841 1.0
00:05:11.740 119847823 30120737 581737 6840 1.0
00:05:11.940 119846752 31679951 572492 6784 1.0
00:05:12.140 119847403 30308155 575743 6845 1.0
00:05:12.340 119846789 30305789 575706 6829 1.0
00:05:12.740 119847113 30110112 581479 6816 1.0
00:05:12.940 119847506 31695144 572262 6795 1.0
00:05:13.140 119846849 30304598 575666 6824 1.0
00:05:13.340 119847560 30310873 575814 6818 1.0
00:05:13.740 119847006 30112808 581551 6822 1.0
00:05:13.940 119847542 31709130 572344 6794 1.0
00:05:14.140 119846780 30310464 575832 6816 1.0
00:05:14.340 119847372 30303468 575687 6826 1.0
00:05:14.740 119847807 30125846 581772 6844 1.0
00:05:14.940 119846767 31672293 572272 6794 1.0
00:05:15.140 119847501 30303525 575716 6824 1.0
00:05:15.340 119846721 30301359 575658 6836 1.0
00:05:15.740 119847790 30114310 581591 6835 1.0
00:05:15.940 119846679 31736650 572119 6788 1.0
00:05:16.140 119847653 30311429 575831 6835 1.0
00:05:16.340 119846724 30305210 575665 6843 1.0
00:05:16.740 119847046 30110538 581491 6823 1.0
00:05:16.940 119847365 31717002 572274 6798 1.0
00:05:17.140 119846628 30303991 575633 6829 1.0
00:05:17.340 119846693 30304159 575731 6825 1.0
00:05:17.740 119847055 30109136 581453 6851 1.0
00:05:17.940 119847520 31680189 572351 6788 1.0
00:05:18.140 119846650 30301211 575652 6827 1.0
00:05:18.340 119847447 30310620 575817 6827 1.0
00:05:18.740 119847779 30110760 581498 6823 1.0
00:05:18.940 119846733 31731109 572511 6793 1.0
00:05:19.140 119847368 30304901 575686 6823 1.0
00:05:19.340 119846872 30302477 575661 6839 1.0
00:05:19.740 119847987 30124783 581753 6842 1.0
00:05:19.940 119846789 31682303 572435 6789 1.0
00:05:20.140 119847298 30302161 575642 6840 1.0
00:05:20.340 119846719 30310047 575830 6839 1.0
00:05:20.740 119847098 30111238 581485 6852 1.0
00:05:20.940 119847520 31724010 572267 6778 1.0
00:05:21.140 119846811 30312981 575871 6822 1.0
00:05:21.340 119846762 30302886 575697 6825 1.0
00:05:21.740 119847216 30212232 578723 6815 1.0
00:05:21.940 119847523 31726428 572213 6805 1.0
00:05:22.140 119846823 30308105 575742 6829 1.0
00:05:22.540 119847132 30122049 581729 6836 1.0
00:05:22.740 119847550 30306594 575703 6812 1.0
00:05:22.940 119846748 31703286 572181 6791 1.0
00:05:23.140 119846695 30310700 575849 6834 1.0
00:05:23.540 119847068 30111686 581521 6840 1.0
00:05:23.740 119847368 30302008 575669 6838 1.0
00:05:23.940 119846804 31693749 572459 6807 1.0
00:05:24.140 119847554 30310229 575800 6831 1.0
00:05:24.540 119847750 30126689 581822 6836 1.0
00:05:24.740 119846741 30307522 575726 6818 1.0
00:05:24.940 119847290 31727954 572204 6792 1.0
00:05:25.140 119847561 30304632 575660 6817 1.0
00:05:25.540 119847872 30120347 581735 6820 1.0
00:05:25.740 119846562 30307134 575718 6830 1.0
00:05:25.940 119847529 31687941 572450 6784 1.0
00:05:26.140 119846740 30306239 575774 6829 1.0
00:05:26.540 119847049 30115767 581629 6836 1.0
00:05:26.740 119847379 30316122 575946 6818 1.0
00:05:26.940 119846883 31750372 572028 6778 1.0
00:05:27.140 119846776 30302229 575682 6822 1.0
00:05:27.540 119847228 30112301 581538 6849 1.0
00:05:27.740 119847498 30304814 575656 6830 1.0
00:05:27.940 119846755 31735934 572192 6796 1.0
00:05:28.140 119847446 30311467 575831 6811 1.0
00:05:28.540 119847764 30114752 581528 6829 1.0
00:05:28.740 119846597 30307161 575793 6827 1.0
00:05:28.940 119846787 31708868 572289 6792 1.0
00:05:29.140 119847552 30301175 575656 6817 1.0
00:05:29.540 119847855 30116995 581583 6840 1.0
00:05:29.740 119846702 30306096 575758 6830 1.0
00:05:29.940 119847425 31752432 572149 6797 1.0
00:05:30.140 119846764 30309080 575768 6823 1.0
00:05:30.540 119847101 30112935 581500 6822 1.0
00:05:30.740 119846727 30304339 575698 6815 1.0
00:05:30.940 119847515 31723857 572366 6806 1.0
00:05:31.140 119846689 30305788 575683 6824 1.0
00:05:31.540 119847062 30113250 581500 6834 1.0
00:05:31.740 119847429 30312753 575856 6837 1.0
00:05:31.940 119846668 31697843 572222 6788 1.0
00:05:32.140 119847433 30301344 575659 6829 1.0
00:05:32.540 119847958 30112929 581554 6828 1.0
00:05:32.740 119846657 30301640 575651 6828 1.0
00:05:32.940 119846739 31705230 572236 6791 1.0
00:05:33.140 119847500 30312556 575841 6829 1.0
00:05:33.540 119848041 30110410 581488 6828 1.0
00:05:33.740 119846668 30308191 575812 6825 1.0
00:05:33.940 119847474 31737460 572129 6778 1.0
00:05:34.140 119846730 30306788 575708 6829 1.0
00:05:34.540 119847095 30116952 581661 6828 1.0
00:05:34.740 119846815 30302527 575607 6831 1.0
00:05:34.940 119847582 31690059 572258 6780 1.0
00:05:35.140 119846783 30316236 575956 6838 1.0
00:05:35.540 119846997 30111639 581500 6840 1.0
00:05:35.740 119847620 30302706 575644 6819 1.0
00:05:35.940 119846735 31714025 572491 6797 1.0
00:05:36.140 119847376 30301558 575664 6815 1.0
00:05:36.540 119847008 30124471 581758 6840 1.0
00:05:36.740 119847509 30305595 575690 6826 1.0
00:05:36.940 119846776 31766216 572102 6789 1.0
00:05:37.140 119847407 30308991 575764 6818 1.0
00:05:37.540 119847728 30113611 581572 6832 1.0
00:05:37.740 119846615 30301887 575626 6829 1.0
00:05:37.940 119847512 31744585 572231 6789 1.0
00:05:38.140 119846687 30307570 575761 6834 1.0
00:05:38.540 119847079 30113017 581558 6841 1.0
00:05:38.740 119846670 30313296 575878 6837 1.0
00:05:38.940 119847555 31727221 572038 6794 1.0
00:05:39.140 119846591 30304696 575744 6827 1.0
00:05:39.540 119847141 30110983 581505 6832 1.0
00:05:39.740 119847442 30306376 575748 6828 1.0
00:05:39.940 119846833 31689812 572308 6795 1.0
00:05:40.140 119847524 30314117 575902 6829 1.0
00:05:40.540 119847158 30112207 581500 6834 1.0
00:05:40.740 119847398 30312799 575841 6824 1.0
00:05:40.940 119846604 31753874 572223 6795 1.0
00:05:41.140 119847434 30303724 575628 6831 1.0
00:05:41.540 119847950 30114172 581517 6831 1.0
00:05:41.740 119846689 30305207 575735 6831 1.0
00:05:41.940 119847566 31704613 572342 6785 1.0
00:05:42.140 119846761 30312082 575847 6834 1.0
00:05:42.540 119847897 30112945 581555 6829 1.0
00:05:42.740 119846598 30304159 575730 6814 1.0
00:05:42.940 119847433 31703905 572351 6788 1.0
00:05:43.140 119846795 30300625 575640 6829 1.0
00:05:43.540 119847067 30141534 581042 6849 1.0
00:05:43.740 119847464 30301495 575625 6824 1.0
00:05:43.940 119846788 31722946 572194 6782 1.0
00:05:44.140 119847425 30307380 575797 6823 1.0
00:05:44.540 119847130 30247961 577276 6811 1.0
00:05:44.740 119847514 30301503 575618 6822 1.0
00:05:44.940 119846642 31675161 572539 6804 1.0
00:05:45.340 119847191 30112966 581500 6820 1.0
00:05:45.540 119847508 30306383 575754 6817 1.0
00:05:45.740 119846747 30315340 575933 6832 1.0
00:05:45.940 119847538 31753766 572194 6800 1.0
00:05:46.340 119847041 30117710 581679 6830 1.0
00:05:46.540 119847328 30307897 575737 6830 1.0
00:05:46.740 119846817 30307546 575726 6823 1.0
00:05:46.940 119847619 31702116 572276 6783 1.0
00:05:47.340 119847865 30112309 581537 6827 1.0
00:05:47.540 119846677 30305512 575765 6852 1.0
00:05:47.740 119847601 30310934 575818 6826 1.0
00:05:47.940 119846704 31701956 572260 6794 1.0
00:05:48.340 119847855 30115345 581540 6842 1.0
00:05:48.540 119846642 30317927 575983 6811 1.0
00:05:48.740 119847519 30301895 575671 6814 1.0
00:05:48.940 119846669 31734117 572269 6796 1.0
00:05:49.340 119847209 30123778 581748 6830 1.0
00:05:49.540 119847555 30312442 575856 6830 1.0
00:05:49.740 119846735 30304921 575658 6818 1.0
00:05:49.940 119846722 31717391 572340 6802 1.0
00:05:50.340 119847169 30112352 581540 6830 1.0
00:05:50.540 119847464 30304827 575743 6822 1.0
00:05:50.740 119846700 30306143 575694 6824 1.0
00:05:50.940 119847373 31712790 572264 6800 1.0
00:05:51.340 119847809 30115891 581619 6846 1.0
00:05:51.540 119846752 30305715 575723 6807 1.0
00:05:51.740 119847390 30302397 575641 6822 1.0
00:05:51.940 119846731 31700382 572178 6773 1.0
00:05:52.340 119848046 30116009 581580 6838 1.0
00:05:52.540 119846655 30301523 575662 6819 1.0
00:05:52.740 119847447 30312510 575858 6803 1.0
00:05:52.940 119846751 31692708 572318 6789 1.0
00:05:53.340 119847108 30113438 581554 6843 1.0
00:05:53.540 119847459 30309848 575802 6829 1.0
00:05:53.740 119846772 30307103 575715 6834 1.0
00:05:53.940 119846763 31687715 572284 6785 1.0
00:05:54.340 119846966 30116020 581608 6845 1.0
00:05:54.540 119847523 30305472 575699 6819 1.0
00:05:54.740 119846800 30303220 575708 6813 1.0
00:05:54.940 119847525 31694411 572314 6794 1.0
00:05:55.340 119847847 30113847 581507 6817 1.0
00:05:55.540 119846839 30309486 575846 6834 1.0
00:05:55.740 119846676 30308639 575759 6830 1.0
00:05:55.940 119847503 31758089 572060 6782 1.0
00:05:56.340 119847776 30126136 581810 6820 1.0
00:05:56.540 119846539 30309779 575786 6831 1.0
00:05:56.740 119847479 30307630 575728 6821 1.0
00:05:56.940 119846732 31722447 572497 6789 1.0
00:05:57.340 119847118 30107807 581439 6842 1.0
00:05:57.540 119847389 30306845 575708 6831 1.0
00:05:57.740 119846799 30311628 575837 6817 1.0
00:05:57.940 119846781 31718770 572294 6784 1.0
00:05:58.340 119847141 30117225 581595 6819 1.0
00:05:58.540 119847509 30299220 575603 6827 1.0
00:05:58.740 119846790 30304469 575731 6842 1.0
00:05:58.940 119847449 31696456 572330 6788 1.0
00:05:59.340 119847924 30113118 581559 6830 1.0
00:05:59.540 119846790 30307364 575723 6821 1.0
00:05:59.740 119846700 30314451 575909 6824 1.0
00:05:59.940 119847523 31750280 572090 6776 1.0
00:06:00.340 119847826 30116912 581576 6833 1.0
00:06:00.540 119846648 30309416 575846 6813 1.0
00:06:00.740 119847515 30300451 575592 6823 1.0
00:06:00.940 119846778 31762298 572227 6780 1.0
00:06:01.340 119847011 30116242 581642 6832 1.0
00:06:01.540 119846747 30302525 575633 6837 1.0
00:06:01.740 119847512 30305779 575733 6823 1.0
00:06:01.940 119846797 31671529 572442 6796 1.0
00:06:02.340 119847034 30112104 581532 6839 1.0
00:06:02.540 119847524 30312709 575861 6825 1.0
00:06:02.740 119846700 30307865 575771 6832 1.0
00:06:02.940 119847624 31662286 572278 6783 1.0
00:06:03.340 119847838 30123004 581753 6819 1.0
00:06:03.540 119846826 30302671 575614 6816 1.0
00:06:03.740 119846709 30311263 575821 6819 1.0
00:06:03.940 119847706 31752298 572473 6784 1.0
00:06:04.340 119847784 30111870 581526 6832 1.0
00:06:04.540 119846729 30305950 575777 6826 1.0
00:06:04.740 119847553 30312819 575847 6826 1.0
00:06:04.940 119846760 31725687 572227 6780 1.0
00:06:05.340 119847034 30123980 581717 6831 1.0
00:06:05.540 119846728 30306952 575779 6825 1.0
00:06:05.740 119847598 30300860 575583 6806 1.0
00:06:05.940 119846692 31763980 572109 6794 1.0
00:06:06.340 119847246 30204612 578523 6825 1.0
00:06:06.540 119847522 30306452 575790 6826 1.0
00:06:06.740 119846639 30303329 575633 6827 1.0
00:06:07.140 119847168 30112221 581535 6831 1.0
00:06:07.340 119846660 30303902 575723 6825 1.0
00:06:07.540 119847471 30313732 575887 6834 1.0
00:06:07.740 119846735 30303746 575630 6819 1.0
00:06:08.140 119847156 30109732 581500 6829 1.0
00:06:08.340 119847360 30321739 576023 6849 1.0
00:06:08.540 119846587 30304502 575664 6837 1.0
00:06:08.740 119847554 30307789 575808 6819 1.0
00:06:09.140 119847107 30111182 581507 6835 1.0
00:06:09.340 119847639 30304075 575635 6842 1.0
00:06:09.540 119846683 30306337 575787 6818 1.0
00:06:09.740 119847617 30309173 575769 6819 1.0
00:06:10.140 119847803 30113598 581571 6846 1.0
00:06:10.340 119846702 30307971 575764 6830 1.0
00:06:10.540 119847365 30302410 575685 6824 1.0
00:06:10.740 119846669 30301060 575620 6833 1.0
00:06:11.140 119847035 30124885 581774 6839 1.0
00:06:11.340 119846825 30307311 575769 6827 1.0
00:06:11.540 119847392 30302335 575635 6823 1.0
00:06:11.740 119846710 30305186 575758 6815 1.0
00:06:12.140 119846996 30112734 581542 6837 1.0
00:06:12.340 119847501 30309749 575799 6826 1.0
00:06:12.540 119846625 30317834 575985 6822 1.0
00:06:12.740 119847546 30307514 575727 6831 1.0
00:06:13.140 119847030 30126206 581808 6839 1.0
00:06:13.340 119847454 30306008 575687 6834 1.0
00:06:13.540 119846758 30301261 575657 6825 1.0
00:06:13.740 119847471 30301932 575673 6828 1.0
00:06:14.140 119847886 30115498 581622 6835 1.0
00:06:14.340 119846708 30302441 575649 6823 1.0
00:06:14.540 119847564 30311555 575841 6825 1.0
00:06:14.740 119846795 30307338 575752 6826 1.0
00:06:15.140 119848015 30115581 581624 6834 1.0
00:06:15.340 119846580 30309133 575768 6836 1.0
00:06:15.540 119847362 30309213 575779 6821 1.0
00:06:15.740 119846783 30305104 575749 6813 1.0
00:06:16.140 119847094 30114702 581522 6822 1.0
00:06:16.340 119847385 30301931 575672 6831 1.0
00:06:16.540 119846726 30307629 575735 6828 1.0
00:06:16.740 119847517 30317046 575972 6835 1.0
00:06:17.140 119847265 30116186 581545 6829 1.0
00:06:17.340 119847389 30311195 575825 6829 1.0
00:06:17.540 119846603 30303607 575717 6829 1.0
00:06:17.740 119847402 30307484 575726 6828 1.0
00:06:18.140 119847930 30118808 581643 6829 1.0
00:06:18.340 119846653 30306932 575776 6833 1.0
00:06:18.540 119847443 30306202 575694 6815 1.0
00:06:18.740 119846597 30316220 575955 6836 1.0
00:06:19.140 119847859 30111150 581506 6834 1.0
00:06:19.340 119846711 30303359 575711 6829 1.0
00:06:19.540 119847508 30302325 575684 6812 1.0
00:06:19.741 119846658 30306556 575702 6833 1.0
00:06:20.141 119847121 30127529 581758 6836 1.0
00:06:20.341 119847539 30305295 575757 6835 1.0
00:06:20.541 119846779 30307438 575725 6829 1.0
00:06:20.741 119846632 30309529 575793 6827 1.0
00:06:21.141 119847043 30105914 581368 6832 1.0
00:06:21.341 119847440 30301818 575671 6833 1.0
00:06:21.541 119846559 30309538 575781 6833 1.0
00:06:21.741 119847482 30299184 575600 6821 1.0
00:06:22.141 119847866 30112409 581540 6835 1.0
00:06:22.341 119846683 30311917 575843 6831 1.0
00:06:22.541 119847485 30307102 575715 6824 1.0
00:06:22.741 119846784 30303480 575713 6834 1.0
00:06:23.141 119847961 30113856 581557 6831 1.0
00:06:23.341 119846702 30307583 575749 6813 1.0
00:06:23.541 119847424 30300636 575641 6826 1.0
00:06:23.741 119846586 30313995 575885 6836 1.0
00:06:24.141 119847161 30113193 581510 6837 1.0
00:06:24.341 119847424 30304930 575753 6827 1.0
00:06:24.541 119846652 30306652 575713 6819 1.0
00:06:24.741 119846672 30302585 575689 6823 1.0
00:06:25.141 119847036 30117254 581571 6828 1.0
00:06:25.341 119847391 30308299 575841 6829 1.0
00:06:25.541 119846764 30302774 575604 6830 1.0
00:06:25.741 119847447 30299712 575614 6817 1.0
00:06:26.141 119847816 30110635 581492 6820 1.0
00:06:26.341 119846649 30305545 575745 6837 1.0
00:06:26.541 119846760 30311454 575846 6831 1.0
00:06:26.741 119847556 30305504 575681 6834 1.0
00:06:27.141 119847782 30112135 581534 6836 1.0
00:06:27.341 119846712 30311450 575830 6824 1.0
00:06:27.541 119847484 30303582 575717 6833 1.0
00:06:27.741 119846676 30308624 575754 6826 1.0
00:06:28.141 119847255 30116630 581169 6831 1.0
00:06:28.341 119846777 30306892 575711 6830 1.0
00:06:28.541 119847426 30308860 575797 6813 1.0
00:06:28.741 119846789 30318464 575979 6817 1.0
00:06:29.141 119847195 30237215 577570 6816 1.0
00:06:29.341 119847549 30309136 575815 6839 1.0
00:06:29.541 119846701 30304019 575682 6827 1.0
00:06:29.941 119847142 30112320 581530 6850 1.0
00:06:30.141 119847584 31757224 572231 6803 1.0
00:06:30.341 119846831 30305010 575744 6812 1.0
00:06:30.541 119846873 30297255 575548 6830 1.0
00:06:30.941 119847037 30114298 581591 6829 1.0
00:06:31.141 119847638 31768326 572045 6783 1.0
00:06:31.341 119846729 30309150 575796 6820 1.0
00:06:31.541 119847456 30307739 575799 6826 1.0
00:06:31.941 119847861 30115709 581626 6833 1.0
00:06:32.141 119846783 31674252 572435 6783 1.0
00:06:32.341 119846694 30304039 575731 6819 1.0
00:06:32.541 119847617 30303991 575634 6828 1.0
00:06:32.941 119847791 30121134 581676 6837 1.0
00:06:33.141 119846805 31750149 572111 6794 1.0
00:06:33.341 119847407 30302218 575679 6827 1.0
00:06:33.541 119846709 30310974 575818 6825 1.0
00:06:33.941 119847065 30114804 581603 6842 1.0
00:06:34.141 119846752 31714657 572224 6786 1.0
00:06:34.341 119847405 30315307 575932 6832 1.0
00:06:34.541 119846656 30302891 575622 6836 1.0
00:06:34.941 119847073 30115601 581585 6832 1.0
00:06:35.141 119847501 31696488 572407 6796 1.0
00:06:35.341 119846636 30302923 575670 6827 1.0
00:06:35.541 119847497 30306467 575728 6834 1.0
00:06:35.941 119847832 30110297 581484 6831 1.0
00:06:36.141 119846916 31755471 572152 6797 1.0
00:06:36.341 119846742 30307870 575752 6829 1.0
00:06:36.541 119847573 30308620 575753 6832 1.0
00:06:36.941 119847768 30115714 581591 6829 1.0
00:06:37.141 119846793 31692663 572485 6794 1.0
00:06:37.341 119847477 30303789 575724 6829 1.0
00:06:37.541 119846621 30301817 575618 6827 1.0
00:06:37.941 119847123 30112500 581511 6835 1.0
00:06:38.141 119846774 31680976 572325 6789 1.0
00:06:38.341 119847500 30308229 575746 6845 1.0
00:06:38.541 119846627 30312414 575857 6820 1.0
00:06:38.941 119847166 30110576 581500 6826 1.0
00:06:39.141 119847480 31701653 572472 6777 1.0
00:06:39.341 119846750 30310269 575799 6819 1.0
00:06:39.541 119847507 30308294 575748 6826 1.0
00:06:39.941 119847220 30109533 581500 6821 1.0
00:06:40.141 119847489 31687193 572135 6779 1.0
00:06:40.341 119846687 30307482 575725 6829 1.0
00:06:40.541 119847528 30312475 575858 6816 1.0
00:06:40.941 119847910 30108676 581495 6831 1.0
00:06:41.141 119846649 31725567 572151 6760 1.0
00:06:41.341 119847473 30318751 575929 6837 1.0
00:06:41.541 119846745 30302310 575683 6824 1.0
00:06:41.941 119847094 30113219 581532 6846 1.0
00:06:42.141 119846795 31720328 572343 6784 1.0
00:06:42.341 119847435 30304688 575702 6837 1.0
00:06:42.541 119846755 30303104 575655 6824 1.0
00:06:42.941 119847172 30113252 581562 6827 1.0
00:06:43.141 119847554 31764943 572036 6776 1.0
00:06:43.341 119846725 30310062 575813 6840 1.0
00:06:43.541 119847385 30307399 575724 6820 1.0
00:06:43.941 119847086 30112309 581533 6839 1.0
00:06:44.141 119847530 31754419 572279 6789 1.0
00:06:44.341 119846595 30308884 575765 6833 1.0
00:06:44.541 119847581 30304871 575750 6832 1.0
00:06:44.941 119847887 30117059 581569 6850 1.0
00:06:45.141 119846672 31750815 572172 6790 1.0
00:06:45.341 119847635 30307347 575723 6834 1.0
00:06:45.541 119846674 30315091 575926 6831 1.0
00:06:45.941 119847847 30111212 581511 6831 1.0
00:06:46.141 119846784 31709199 572233 6781 1.0
00:06:46.341 119847515 30318447 576015 6821 1.0
00:06:46.541 119846696 30304723 575652 6827 1.0
00:06:46.941 119847065 30122429 581711 6842 1.0
00:06:47.141 119847526 31731823 572130 6792 1.0
00:06:47.341 119846700 30302979 575646 6833 1.0
00:06:47.541 119847466 30302316 575684 6816 1.0
00:06:47.941 119847043 30113848 581505 6846 1.0
00:06:48.141 119847437 31721298 572173 6777 1.0
00:06:48.341 119846706 30310081 575796 6830 1.0
00:06:48.541 119847499 30308826 575760 6832 1.0
00:06:48.941 119847820 30112079 581519 6826 1.0
00:06:49.141 119846781 31708176 572452 6794 1.0
00:06:49.341 119847550 30304650 575651 6824 1.0
00:06:49.541 119846761 30303490 575713 6826 1.0
00:06:49.941 119847809 30113329 581519 6825 1.0
00:06:50.141 119846676 31694697 572388 6784 1.0
00:06:50.341 119847463 30304627 575665 6826 1.0
00:06:50.541 119846550 30313237 575862 6823 1.0
00:06:50.941 119847210 30200656 578460 6808 1.0
00:06:51.141 119847447 31722846 572346 6789 1.0
00:06:51.341 119846707 30303781 575684 6824 1.0
00:06:51.741 119847853 30112248 581536 6833 1.0
00:06:51.941 119846735 30314656 575896 6840 1.0
00:06:52.141 119847508 31728122 572230 6794 1.0
00:06:52.341 119846710 30305535 575673 6821 1.0
00:06:52.741 119847125 30114045 581584 6830 1.0
00:06:52.941 119847401 30303346 575647 6827 1.0
00:06:53.141 119846742 31765535 572073 6782 1.0
00:06:53.341 119846815 30316583 575965 6828 1.0
00:06:53.741 119847117 30115167 581612 6825 1.0
00:06:53.941 119847457 30316176 575919 6842 1.0
00:06:54.141 119846750 31679893 572343 6792 1.0
00:06:54.341 119847516 30310971 575817 6839 1.0
00:06:54.741 119847777 30124149 581754 6845 1.0
00:06:54.941 119846760 30301118 575630 6832 1.0
00:06:55.141 119847624 31700937 572315 6777 1.0
00:06:55.341 119846679 30312059 575844 6825 1.0
00:06:55.741 119847710 30114443 581521 6833 1.0
00:06:55.941 119846774 30306028 575761 6827 1.0
00:06:56.141 119847496 31724641 572412 6794 1.0
00:06:56.341 119846654 30299553 575611 6828 1.0
00:06:56.741 119847180 30122372 581729 6827 1.0
00:06:56.941 119847406 30306020 575690 6840 1.0
00:06:57.141 119846863 31672195 572294 6791 1.0
00:06:57.341 119846744 30303207 575706 6825 1.0
00:06:57.741 119847060 30108835 581451 6839 1.0
00:06:57.941 119847516 30307283 575808 6821 1.0
00:06:58.141 119846794 31681775 572591 6785 1.0
00:06:58.341 119847571 30304910 575753 6818 1.0
00:06:58.741 119847887 30114916 581588 6826 1.0
00:06:58.941 119846690 30318223 576008 6828 1.0
00:06:59.141 119846686 31676075 572239 6789 1.0
00:06:59.341 119847534 30311167 575841 6814 1.0
00:06:59.741 119847896 30122047 581699 6835 1.0
00:06:59.941 119846657 30309614 575780 6832 1.0
00:07:00.141 119847477 31671896 572375 6782 1.0
00:07:00.341 119846725 30309394 575804 6842 1.0
00:07:00.741 119846973 30114860 581605 6843 1.0
00:07:00.941 119847546 30307158 575714 6832 1.0
00:07:01.141 119846855 31733994 572337 6793 1.0
00:07:01.341 119846740 30301195 575654 6826 1.0
00:07:01.741 119847137 30120246 581728 6829 1.0
00:07:01.941 119847314 30305057 575679 6826 1.0
00:07:02.141 119846758 31718971 572328 6796 1.0
00:07:02.341 119847512 30302013 575653 6834 1.0
00:07:02.741 119848000 30109714 581469 6827 1.0
00:07:02.941 119846717 30309512 575777 6828 1.0
00:07:03.141 119846752 31749692 572172 6779 1.0
00:07:03.341 119847507 30303839 575722 6825 1.0
00:07:03.741 119847923 30111350 581514 6823 1.0
00:07:03.941 119846766 30311006 575817 6823 1.0
00:07:04.141 119847502 31702214 572273 6798 1.0
00:07:04.341 119846715 30304299 575657 6822 1.0
00:07:04.741 119847094 30115097 581599 6835 1.0
00:07:04.941 119846737 30307619 575747 6819 1.0
00:07:05.141 119847526 31671704 572416 6793 1.0
00:07:05.341 119846652 30308564 575751 6832 1.0
00:07:05.741 119847070 30112549 581546 6825 1.0
00:07:05.941 119847511 30318859 575930 6831 1.0
00:07:06.141 119846776 31696843 572160 6789 1.0
00:07:06.341 119847459 30303888 575725 6831 1.0
00:07:06.741 119847890 30124902 581774 6843 1.0
00:07:06.941 119846839 30303705 575707 6826 1.0
00:07:07.141 119846649 31705790 572236 6796 1.0
00:07:07.341 119847546 30314390 575888 6827 1.0
00:07:07.741 119847945 30118459 581608 6835 1.0
00:07:07.941 119846712 30304397 575736 6819 1.0
00:07:08.141 119847432 31747060 572193 6787 1.0
00:07:08.341 119846771 30308463 575750 6824 1.0
00:07:08.741 119847121 30121506 581705 6829 1.0
00:07:08.941 119846559 30306579 575701 6820 1.0
00:07:09.141 119847464 31673467 572296 6788 1.0
00:07:09.341 119846752 30305213 575722 6841 1.0
00:07:09.741 119846896 30113447 581547 6842 1.0
00:07:09.941 119847457 30305884 575775 6829 1.0
00:07:10.141 119846811 31697647 572513 6802 1.0
00:07:10.341 119847584 30299168 575597 6826 1.0
00:07:10.741 119847047 30117658 581601 6832 1.0
00:07:10.941 119847491 30310567 575841 6821 1.0
00:07:11.141 119846627 31703241 572236 6801 1.0
00:07:11.341 119847514 30300955 575638 6826 1.0
00:07:11.741 119847927 30111140 581506 6846 1.0
00:07:11.941 119846753 30306347 575788 6833 1.0
00:07:12.141 119847487 31686054 572258 6794 1.0
00:07:12.341 119846714 30311110 575820 6847 1.0
00:07:12.741 119847852 30112669 581508 6847 1.0
00:07:12.941 119846761 30311705 575835 6837 1.0
00:07:13.141 119847504 31718372 572279 6791 1.0
00:07:13.341 119846607 30306854 575711 6833 1.0
00:07:13.741 119847236 30233656 577963 6829 1.0
00:07:13.941 119847534 30311076 575821 6825 1.0
00:07:14.141 119846734 31752763 572032 6796 1.0
00:07:14.541 119847055 30113137 581560 6827 1.0
00:07:14.741 119846708 30302725 575679 6831 1.0
00:07:14.941 119847525 30300554 575583 6826 1.0
00:07:15.141 119846697 31717048 572529 6786 1.0
00:07:15.541 119847081 30116630 581618 6842 1.0
00:07:15.741 119847580 30312290 575853 6846 1.0
00:07:15.941 119846810 30307413 575724 6829 1.0
00:07:16.141 119847545 31769041 572164 6793 1.0
00:07:16.541 119847047 30117768 581656 6829 1.0
00:07:16.741 119847557 30305258 575685 6848 1.0
00:07:16.941 119846781 30300622 575620 6833 1.0
00:07:17.141 119847592 31668580 572321 6791 1.0
00:07:17.541 119847895 30112296 581536 6834 1.0
00:07:17.741 119846725 30309934 575797 6816 1.0
00:07:17.941 119847533 30312597 575855 6832 1.0
00:07:18.141 119846805 31725772 572363 6779 1.0
00:07:18.541 119848028 30112590 581522 6822 1.0
00:07:18.741 119846713 30311374 575846 6815 1.0
00:07:18.941 119847448 30300677 575583 6829 1.0
00:07:19.141 119846763 31729240 572232 6799 1.0
00:07:19.541 119846938 30109415 581463 6834 1.0
00:07:19.741 119847491 30300484 575634 6838 1.0
00:07:19.941 119846633 30301327 575657 6829 1.0
00:07:20.141 119847384 31697628 572571 6788 1.0
00:07:20.541 119847022 30108858 581446 6834 1.0
00:07:20.741 119847486 30305929 575778 6825 1.0
00:07:20.941 119846791 30306256 575694 6819 1.0
00:07:21.141 119847513 31699325 572313 6785 1.0
00:07:21.541 119847852 30115472 581605 6840 1.0
00:07:21.741 119846801 30304338 575660 6824 1.0
00:07:21.941 119847389 30302872 575697 6816 1.0
00:07:22.141 119846786 31746363 572223 6795 1.0
00:07:22.541 119847845 30112778 581533 6831 1.0
00:07:22.741 119846716 30308749 575808 6827 1.0
00:07:22.941 119847435 30310311 575841 6828 1.0
00:07:23.141 119846704 31734414 572236 6784 1.0
00:07:23.541 119847133 30121248 581697 6832 1.0
00:07:23.741 119847293 30301055 575630 6835 1.0
00:07:23.941 119846838 30303702 575721 6824 1.0
00:07:24.141 119846776 31714095 572170 6808 1.0
00:07:24.541 119847017 30112688 581548 6833 1.0
00:07:24.741 119847549 30312404 575856 6818 1.0
00:07:24.941 119846700 30309927 575790 6825 1.0
00:07:25.141 119847490 31706341 572125 6794 1.0
00:07:25.541 119847843 30111795 581523 6838 1.0
00:07:25.741 119846671 30309349 575777 6825 1.0
00:07:25.941 119847555 30307378 575741 6821 1.0
00:07:26.141 119846765 31687581 572245 6791 1.0
00:07:26.541 119847911 30111247 581511 6827 1.0
00:07:26.741 119846745 30307381 575799 6828 1.0
00:07:26.941 119847424 30306737 575724 6845 1.0
00:07:27.141 119846686 31775755 572326 6784 1.0
00:07:27.541 119847104 30116199 581623 6829 1.0
00:07:27.741 119847485 30317161 575976 6820 1.0
00:07:27.941 119846769 30306452 575706 6837 1.0
00:07:28.141 119846882 31675935 572286 6792 1.0
00:07:28.541 119847094 30125893 581800 6842 1.0
00:07:28.741 119847522 30309510 575789 6830 1.0
00:07:28.941 119846630 30305064 575744 6845 1.0
00:07:29.141 119847529 31771388 572280 6793 1.0
00:07:29.541 119847876 30113648 581552 6835 1.0
00:07:29.741 119846777 30299855 575619 6840 1.0
00:07:29.941 119846669 30311721 575836 6829 1.0
00:07:30.141 119847392 31716696 572153 6789 1.0
00:07:30.541 119847974 30123361 581735 6840 1.0
00:07:30.741 119846756 30307878 575762 6829 1.0
00:07:30.941 119847552 30304877 575728 6831 1.0
00:07:31.141 119846792 31677542 572311 6789 1.0
00:07:31.541 119847222 30109724 581475 6815 1.0
00:07:31.741 119847546 30307795 575735 6826 1.0
00:07:31.941 119846725 30312993 575870 6823 1.0
00:07:32.141 119846849 31715515 572204 6777 1.0
00:07:32.541 119846990 30118486 581634 6830 1.0
00:07:32.741 119847380 30310942 575816 6843 1.0
00:07:32.941 119846693 30304293 575736 6826 1.0
00:07:33.141 119847462 31749243 572076 6781 1.0
00:07:33.541 119847918 30107851 581495 6822 1.0
00:07:33.741 119846844 30299982 575588 6819 1.0
00:07:33.941 119846819 30305285 575701 6837 1.0
00:07:34.141 119847435 31732897 572422 6792 1.0
00:07:34.541 119847949 30111187 581507 6829 1.0
00:07:34.741 119846739 30308205 575746 6831 1.0
00:07:34.941 119847479 30306703 575720 6824 1.0
00:07:35.141 119846727 31726463 572171 6797 1.0
00:07:35.541 119847074 30221324 578913 6815 1.0
00:07:35.741 119846715 30307062 575714 6824 1.0
00:07:35.941 119847529 30303661 575720 6823 1.0
00:07:36.341 119847892 30124484 581766 6835 1.0
00:07:36.541 119846715 30303257 575636 6833 1.0
00:07:36.741 119847529 30306929 575782 6822 1.0
00:07:36.941 119846584 30315490 575905 6832 1.0
00:07:37.341 119847122 30105868 581370 6827 1.0
00:07:37.541 119846645 30302389 575684 6831 1.0
00:07:37.741 119847611 30313649 575887 6832 1.0
00:07:37.941 119846785 30301979 575675 6830 1.0
00:07:38.341 119846990 30118997 581695 6834 1.0
00:07:38.541 119847570 30303820 575646 6828 1.0
00:07:38.741 119846816 30303066 575689 6829 1.0
00:07:38.941 119847514 30304464 575739 6816 1.0
00:07:39.341 119847725 30113516 581502 6831 1.0
00:07:39.541 119846754 30303128 575704 6835 1.0
00:07:39.741 119846788 30312155 575849 6852 1.0
00:07:39.941 119847513 30309389 575776 6817 1.0
00:07:40.341 119847793 30113451 581567 6828 1.0
00:07:40.541 119846648 30311860 575843 6821 1.0
00:07:40.741 119847464 30302942 575622 6831 1.0
00:07:40.941 119846705 30311076 575846 6831 1.0
00:07:41.341 119847100 30115990 581633 6832 1.0
00:07:41.541 119846857 30306906 575710 6835 1.0
00:07:41.741 119847533 30304273 575723 6829 1.0
00:07:41.941 119846721 30313873 575846 6833 1.0
00:07:42.341 119846939 30115319 581589 6842 1.0
00:07:42.541 119847542 30312389 575856 6824 1.0
00:07:42.741 119846596 30305409 575742 6828 1.0
00:07:42.941 119847497 30305339 575694 6844 1.0
00:07:43.341 119847090 30123814 581747 6825 1.0
00:07:43.541 119847563 30304890 575660 6830 1.0
00:07:43.741 119846661 30303093 575703 6833 1.0
00:07:43.941 119847541 30317155 575979 6817 1.0
00:07:44.341 119847738 30111639 581519 6826 1.0
00:07:44.541 119846739 30302779 575640 6824 1.0
00:07:44.741 119847522 30315654 575903 6833 1.0
00:07:44.941 119846778 30310423 575803 6832 1.0
00:07:45.341 119847086 30119682 581679 6851 1.0
00:07:45.541 119846731 30305046 575716 6824 1.0
00:07:45.741 119847556 30309731 575785 6828 1.0
00:07:45.941 119846842 30307521 575774 6832 1.0
00:07:46.341 119847010 30114060 581561 6843 1.0
00:07:46.541 119847472 30304264 575735 6821 1.0
00:07:46.741 119846732 30312777 575865 6832 1.0
00:07:46.941 119847441 30301071 575609 6831 1.0
00:07:47.341 119847239 30113668 581542 6835 1.0
00:07:47.541 119847495 30317695 575934 6829 1.0
00:07:47.741 119846603 30307604 575753 6826 1.0
00:07:47.941 119847552 30300834 575620 6826 1.0
00:07:48.341 119847890 30113345 581565 6832 1.0
00:07:48.541 119846709 30305033 575663 6830 1.0
00:07:48.741 119847488 30307024 575790 6835 1.0
00:07:48.941 119846757 30316676 575891 6834 1.0
00:07:49.341 119847757 30110463 581489 6844 1.0
00:07:49.541 119846698 30312081 575846 6834 1.0
00:07:49.741 119847367 30309798 575787 6830 1.0
00:07:49.941 119846803 30306071 575783 6811 1.0
00:07:50.341 119847156 30118657 581668 6836 1.0
00:07:50.541 119847435 30308387 575751 6827 1.0
00:07:50.741 119846677 30307087 575768 6833 1.0
00:07:50.941 119847543 30316176 575899 6822 1.0
00:07:51.341 119847194 30109839 581472 6824 1.0
00:07:51.541 119847443 30310524 575806 6840 1.0
00:07:51.741 119846582 30316212 575956 6838 1.0
00:07:51.941 119847637 30305793 575681 6833 1.0
00:07:52.341 119847816 30119190 581625 6831 1.0
00:07:52.541 119846771 30315391 575938 6830 1.0
00:07:52.741 119847535 30303428 575711 6840 1.0
00:07:52.941 119846788 30305200 575665 6846 1.0
00:07:53.341 119847805 30108421 581449 6843 1.0
00:07:53.541 119846753 30308547 575833 6820 1.0
00:07:53.741 119847490 30302651 575600 6819 1.0
00:07:53.941 119846840 30314056 575897 6819 1.0
00:07:54.341 119847078 30114202 581550 6838 1.0
00:07:54.541 119847585 30316684 575970 6824 1.0
00:07:54.741 119846769 30300471 575634 6833 1.0
00:07:54.941 119846692 30308304 575747 6821 1.0
00:07:55.341 119847069 30118746 581615 6846 1.0
00:07:55.541 119847573 30302852 575698 6833 1.0
00:07:55.741 119846657 30306682 575705 6828 1.0
00:07:55.941 119847454 30317150 575978 6832 1.0
00:07:56.341 119847929 30109691 581469 6819 1.0
00:07:56.541 119846705 30305461 575756 6842 1.0
00:07:56.741 119846739 30315675 575855 6818 1.0
00:07:56.941 119847470 30302568 575690 6823 1.0
00:07:57.341 119847928 30121396 581705 6836 1.0
00:07:57.541 119846673 30304169 575677 6840 1.0
00:07:57.741 119847416 30305522 575752 6814 1.0
00:07:57.941 119846657 30300562 575588 6824 1.0
00:07:58.341 119847037 30225663 578316 6820 1.0
00:07:58.541 119847483 30306138 575691 6823 1.0
00:07:58.741 119846688 30307555 575821 6821 1.0
00:07:59.141 119847989 30115136 581561 6826 1.0
00:07:59.341 119846520 31730394 572250 6790 1.0
00:07:59.541 119847516 30310991 575828 6837 1.0
00:07:59.741 119846635 30309216 575846 6832 1.0
00:08:00.141 119847136 30123720 581742 6838 1.0
00:08:00.341 119847479 31720830 572161 6796 1.0
00:08:00.541 119846683 30298343 575579 6819 1.0
00:08:00.741 119846748 30301953 575671 6831 1.0
00:08:01.141 119846944 30109513 581465 6824 1.0
00:08:01.341 119847560 31757444 572168 6786 1.0
00:08:01.541 119846747 30313792 575890 6821 1.0
00:08:01.741 119847524 30303373 575642 6823 1.0
00:08:02.141 119847763 30115411 581563 6830 1.0
00:08:02.341 119846770 31706069 572348 6789 1.0
00:08:02.541 119846741 30309852 575788 6837 1.0
00:08:02.741 119847437 30302378 575682 6830 1.0
00:08:03.141 119847863 30114184 581563 6850 1.0
00:08:03.341 119846679 31725005 572146 6796 1.0
00:08:03.541 119847513 30306377 575695 6818 1.0
00:08:03.741 119846740 30308495 575824 6825 1.0
00:08:04.141 119846997 30115915 581633 6835 1.0
00:08:04.341 119847591 31727811 572371 6792 1.0
00:08:04.541 119846736 30307579 575805 6829 1.0
00:08:04.741 119846849 30304365 575655 6818 1.0
00:08:05.141 119847109 30124962 581772 6840 1.0
00:08:05.341 119847493 31706055 572278 6793 1.0
00:08:05.541 119846789 30304461 575738 6827 1.0
00:08:05.741 119847426 30311941 575843 6824 1.0
00:08:06.141 119847940 30112993 581555 6833 1.0
00:08:06.341 119846661 31746438 572141 6790 1.0
00:08:06.541 119846649 30309722 575804 6821 1.0
00:08:06.741 119847524 30303552 575626 6827 1.0
00:08:07.141 119847769 30114255 581589 6838 1.0
00:08:07.341 119846701 31687383 572342 6795 1.0
00:08:07.541 119847400 30307484 575762 6832 1.0
00:08:07.741 119846662 30309011 575765 6830 1.0
00:08:08.141 119847029 30113344 581533 6819 1.0
00:08:08.341 119846651 31738521 571978 6788 1.0
00:08:08.541 119847427 30314728 575842 6841 1.0
00:08:08.741 119846786 30308672 575837 6815 1.0
00:08:09.141 119847027 30111402 581514 6842 1.0
00:08:09.341 119847462 31759973 572421 6795 1.0
00:08:09.541 119846665 30305483 575764 6811 1.0
00:08:09.741 119847452 30301769 575598 6837 1.0
00:08:10.141 119847892 30115844 581537 6830 1.0
00:08:10.341 119846740 31723832 572200 6802 1.0
00:08:10.541 119846701 30307215 575719 6833 1.0
00:08:10.741 119847433 30315098 575929 6825 1.0
00:08:11.141 119847890 30118197 581599 6829 1.0
00:08:11.341 119846832 31746925 572222 6777 1.0
00:08:11.541 119847497 30310583 575841 6831 1.0
00:08:11.741 119846625 30301884 575596 6818 1.0
00:08:12.141 119847024 30119023 581622 6820 1.0
00:08:12.341 119846858 31695197 572283 6797 1.0
00:08:12.541 119847486 30303999 575704 6838 1.0
00:08:12.741 119846664 30304978 575684 6822 1.0
00:08:13.141 119847084 30115545 581563 6832 1.0
00:08:13.341 119847582 31723119 572229 6792 1.0
00:08:13.541 119846656 30312438 575854 6837 1.0
00:08:13.741 119847439 30304328 575737 6818 1.0
00:08:14.141 119847233 30112089 581500 6833 1.0
00:08:14.341 119847582 31767027 572160 6781 1.0
00:08:14.541 119846587 30303327 575659 6833 1.0
00:08:14.741 119847395 30306069 575739 6832 1.0
00:08:15.141 119847875 30111735 581522 6841 1.0
00:08:15.341 119846793 31765056 572193 6782 1.0
00:08:15.541 119847430 30305284 575740 6823 1.0
00:08:15.741 119846722 30306839 575709 6820 1.0
00:08:16.141 119847050 30113506 581557 6835 1.0
00:08:16.341 119846906 31746951 572229 6778 1.0
00:08:16.541 119847544 30300615 575590 6817 1.0
00:08:16.741 119846721 30301830 575626 6827 1.0
00:08:17.141 119847142 30124201 581757 6833 1.0
00:08:17.341 119847467 31765294 572183 6797 1.0
00:08:17.541 119846645 30311184 575823 6827 1.0
00:08:17.741 119847407 30311293 575828 6829 1.0
00:08:18.141 119847080 30107951 581488 6823 1.0
00:08:18.341 119847623 31714322 572342 6785 1.0
00:08:18.541 119846768 30314224 575902 6824 1.0
00:08:18.741 119847507 30304504 575674 6830 1.0
00:08:19.141 119847740 30121596 581689 6841 1.0
00:08:19.341 119846826 31682966 572234 6788 1.0
00:08:19.541 119847553 30306517 575739 6817 1.0
00:08:19.741 119846755 30303354 575672 6831 1.0
00:08:20.141 119847930 30202783 578697 6818 1.0
00:08:20.341 119846777 31756686 572105 6789 1.0
00:08:20.541 119847569 30318915 575972 6834 1.0
00:08:20.941 119847862 30113993 581581 6831 1.0
00:08:21.141 119846609 30306704 575705 6826 1.0
00:08:21.341 119847594 31741613 572457 6785 1.0
00:08:21.541 119846672 30303940 575668 6831 1.0
00:08:21.941 119847931 30119779 581639 6832 1.0
00:08:22.141 119846684 30303318 575711 6828 1.0
00:08:22.341 119847554 31687676 572281 6785 1.0
00:08:22.541 119846618 30302300 575670 6837 1.0
00:08:22.941 119846981 30107088 581399 6835 1.0
00:08:23.141 119847491 30309865 575787 6834 1.0
00:08:23.341 119846755 31682360 572514 6789 1.0
00:08:23.541 119847494 30307748 575786 6830 1.0
00:08:23.941 119847007 30113649 581504 6834 1.0
00:08:24.141 119847578 30308680 575837 6829 1.0
00:08:24.341 119846644 31667861 572380 6792 1.0
00:08:24.541 119847600 30305350 575697 6821 1.0
00:08:24.941 119847899 30113401 581567 6820 1.0
00:08:25.141 119846694 30300458 575635 6821 1.0
00:08:25.341 119847549 31748198 572126 6785 1.0
00:08:25.541 119846788 30310878 575814 6828 1.0
00:08:25.941 119847870 30114629 581574 6825 1.0
00:08:26.141 119846655 30314201 575846 6820 1.0
00:08:26.341 119847566 31729599 572231 6785 1.0
00:08:26.541 119846724 30305476 575741 6831 1.0
00:08:26.941 119846808 30118006 581687 6836 1.0
00:08:27.141 119847440 30306139 575691 6826 1.0
00:08:27.341 119846712 31675417 572276 6790 1.0
00:08:27.541 119846728 30303523 575705 6817 1.0
00:08:27.941 119847073 30111984 581504 6851 1.0
00:08:28.141 119847462 30303951 575656 6817 1.0
00:08:28.341 119846766 31700501 572421 6790 1.0
00:08:28.541 119847481 30305352 575687 6831 1.0
00:08:28.941 119847929 30117409 581672 6836 1.0
00:08:29.141 119846875 30312964 575872 6829 1.0
00:08:29.341 119847522 31688631 572366 6787 1.0
00:08:29.541 119846763 30303675 575718 6835 1.0
00:08:29.941 119847895 30112428 581541 6825 1.0
00:08:30.141 119846830 30304642 575743 6814 1.0
00:08:30.341 119847472 31701295 572223 6803 1.0
00:08:30.541 119846789 30315974 575870 6829 1.0
00:08:30.941 119847112 30115125 581610 6842 1.0
00:08:31.141 119847654 30312780 575865 6830 1.0
00:08:31.341 119846760 31695064 572328 6792 1.0
00:08:31.541 119846714 30311768 575841 6828 1.0
00:08:31.941 119846943 30119665 581637 6840 1.0
00:08:32.141 119847522 30301734 575701 6817 1.0
00:08:32.341 119846732 31736835 572190 6791 1.0
00:08:32.541 119847491 30311590 575832 6825 1.0
00:08:32.941 119847740 30114520 581595 6844 1.0
00:08:33.141 119846828 30303671 575718 6826 1.0
00:08:33.341 119846728 31740530 572260 6813 1.0
00:08:33.541 119847473 30310729 575841 6831 1.0
00:08:33.941 119847867 30125894 581801 6838 1.0
00:08:34.141 119846757 30308180 575746 6833 1.0
00:08:34.341 119847496 31770215 572130 6797 1.0
00:08:34.541 119846827 30308519 575845 6836 1.0
00:08:34.941 119847009 30110426 581489 6830 1.0
00:08:35.141 119847499 30306741 575704 6824 1.0
00:08:35.341 119846635 31689183 572444 6807 1.0
00:08:35.541 119846716 30306073 575741 6835 1.0
00:08:35.941 119846990 30114019 581583 6829 1.0
00:08:36.141 119847401 30314947 575921 6840 1.0
00:08:36.341 119846681 31760177 572070 6785 1.0
00:08:36.541 119847528 30307621 575783 6821 1.0
00:08:36.941 119847835 30111267 581495 6836 1.0
00:08:37.141 119846734 30306763 575765 6835 1.0
00:08:37.341 119846825 31685016 572317 6808 1.0
00:08:37.541 119847455 30317450 575916 6810 1.0
00:08:37.941 119847990 30112001 581499 6825 1.0
00:08:38.141 119846624 30314488 575846 6826 1.0
00:08:38.341 119847333 31704454 572198 6786 1.0
00:08:38.541 119846702 30306112 575692 6824 1.0
00:08:38.941 119846980 30123751 581746 6828 1.0
00:08:39.141 119846780 30307461 575725 6825 1.0
00:08:39.341 119847567 31713408 572334 6793 1.0
00:08:39.541 119846724 30310188 575798 6832 1.0
00:08:39.941 119846842 30109954 581500 6847 1.0
00:08:40.141 119847586 30302623 575606 6836 1.0
00:08:40.341 119846765 31760666 572213 6798 1.0
00:08:40.541 119847541 30306066 575724 6834 1.0
00:08:40.941 119847908 30123339 581735 6831 1.0
00:08:41.141 119846769 30303117 575704 6826 1.0
00:08:41.341 119846748 31674754 572335 6782 1.0
00:08:41.541 119847456 30304371 575736 6831 1.0
00:08:41.941 119847891 30120127 581620 6843 1.0
00:08:42.141 119846667 30303813 575725 6822 1.0
00:08:42.341 119847583 31739520 572351 6790 1.0
00:08:42.541 119846791 30303158 575704 6826 1.0
00:08:42.941 119847233 30208180 578500 6809 1.0
00:08:43.141 119846838 30315189 575926 6832 1.0
00:08:43.341 119847403 31751886 572202 6787 1.0
00:08:43.741 119847833 30119389 581662 6841 1.0
00:08:43.941 119846640 30310926 575814 6833 1.0
00:08:44.141 119847386 30304610 575706 6834 1.0
00:08:44.341 119846731 31741076 572079 6782 1.0
00:08:44.741 119847091 30110314 581485 6845 1.0
00:08:44.941 119846715 30306534 575701 6846 1.0
00:08:45.141 119847526 30314545 575910 6817 1.0
00:08:45.341 119846863 31706776 572409 6809 1.0
00:08:45.741 119846934 30114599 581532 6825 1.0
00:08:45.941 119847523 30312123 575841 6814 1.0
00:08:46.141 119846801 30305380 575747 6823 1.0
00:08:46.341 119847429 31686146 572330 6794 1.0
00:08:46.741 119847131 30125300 581787 6833 1.0
00:08:46.941 119847458 30301043 575648 6828 1.0
00:08:47.141 119846671 30302169 575644 6822 1.0
00:08:47.341 119847371 31767392 572137 6782 1.0
00:08:47.741 119847861 30110245 581495 6822 1.0
00:08:47.941 119846772 30307749 575816 6815 1.0
00:08:48.141 119847533 30307208 575720 6826 1.0
00:08:48.341 119846685 31727138 572236 6778 1.0
00:08:48.741 119847177 30121607 581689 6845 1.0
00:08:48.941 119846766 30302295 575684 6819 1.0
00:08:49.141 119847547 30305835 575682 6821 1.0
00:08:49.341 119846713 31676834 572428 6806 1.0
00:08:49.741 119847049 30113291 581562 6835 1.0
00:08:49.941 119847378 30305523 575730 6828 1.0
00:08:50.141 119846747 30315302 575875 6832 1.0
00:08:50.341 119847580 31771891 572202 6797 1.0
00:08:50.741 119847060 30112149 581534 6837 1.0
00:08:50.941 119847511 30315135 575875 6835 1.0
00:08:51.141 119846615 30312055 575846 6829 1.0
00:08:51.341 119847622 31720692 572089 6779 1.0
00:08:51.741 119848000 30112393 581541 6835 1.0
00:08:51.941 119846826 30307269 575718 6836 1.0
00:08:52.141 119847614 30304640 575745 6821 1.0
00:08:52.341 119846841 31694174 572251 6786 1.0
00:08:52.741 119847891 30115591 581625 6833 1.0
00:08:52.941 119846761 30310190 575796 6817 1.0
00:08:53.141 119847458 30309088 575766 6814 1.0
00:08:53.341 119846644 31758313 572125 6797 1.0
00:08:53.741 119847113 30124132 581755 6829 1.0
00:08:53.941 119847484 30307958 575830 6837 1.0
00:08:54.141 119846776 30303911 575633 6835 1.0
00:08:54.341 119847583 31689097 572537 6789 1.0
00:08:54.741 119847089 30115786 581537 6827 1.0
00:08:54.941 119847427 30307846 575823 6837 1.0
00:08:55.141 119846660 30316965 575886 6821 1.0
00:08:55.341 119847465 31703852 572282 6795 1.0
00:08:55.741 119847824 30118549 581636 6831 1.0
00:08:55.941 119846800 30307395 575723 6825 1.0
00:08:56.141 119847567 30304882 575752 6831 1.0
00:08:56.341 119846868 31766122 572049 6780 1.0
00:08:56.741 119847729 30114016 581535 6831 1.0
00:08:56.941 119846679 30305354 575762 6825 1.0
00:08:57.141 119847581 30307760 575732 6824 1.0
00:08:57.341 119846644 31765823 572202 6801 1.0
00:08:57.741 119847202 30108885 581449 6816 1.0
00:08:57.941 119847459 30318968 575960 6824 1.0
00:08:58.141 119846769 30308476 575822 6811 1.0
00:08:58.341 119846704 31666826 572159 6804 1.0
00:08:58.741 119847083 30111973 581500 6826 1.0
00:08:58.941 119847528 30305567 575708 6828 1.0
00:08:59.141 119846687 30310545 575804 6846 1.0
00:08:59.341 119847487 31711640 572535 6792 1.0
00:08:59.741 119847893 30115164 581570 6839 1.0
00:08:59.941 119846737 30310684 575810 6820 1.0
00:09:00.141 119847497 30310971 575818 6819 1.0
00:09:00.341 119846839 31693148 572220 6788 1.0
00:09:00.741 119847933 30118831 581616 6843 1.0
00:09:00.941 119846716 30300521 575633 6829 1.0
00:09:01.141 119847365 30307571 575760 6854 1.0
00:09:01.341 119846700 31725834 572352 6783 1.0
00:09:01.741 119847130 30115748 581544 6830 1.0
00:09:01.941 119847683 30308634 575797 6829 1.0
00:09:02.141 119846786 30312107 575846 6833 1.0
00:09:02.341 119846751 31739990 572107 6797 1.0
00:09:02.741 119847067 30115564 581622 6826 1.0
00:09:02.941 119847456 30312301 575850 6835 1.0
00:09:03.141 119846804 30304733 575686 6818 1.0
00:09:03.341 119847386 31695133 572338 6783 1.0
00:09:03.741 119847890 30114230 581587 6834 1.0
00:09:03.941 119846622 30309201 575768 6835 1.0
00:09:04.142 119846738 30308874 575760 6832 1.0
00:09:04.342 119847640 31686868 572440 6785 1.0
00:09:04.742 119847873 30192773 579002 6819 1.0
00:09:04.942 119846745 30318543 575931 6830 1.0
00:09:05.142 119847537 30303858 575722 6820 1.0
00:09:05.542 119847810 30113059 581507 6827 1.0
00:09:05.742 119846617 30311078 575846 6838 1.0
00:09:05.942 119846695 30304882 575678 6833 1.0
00:09:06.142 119847654 30309921 575788 6802 1.0
00:09:06.542 119847847 30113672 581574 6839 1.0
00:09:06.742 119846583 30301213 575643 6829 1.0
00:09:06.942 119847435 30303442 575627 6825 1.0
00:09:07.142 119846693 30315359 575932 6819 1.0
00:09:07.542 119847113 30110418 581488 6823 1.0
00:09:07.742 119847499 30309425 575775 6832 1.0
00:09:07.942 119846559 30306378 575787 6821 1.0
00:09:08.142 119846618 30308771 575757 6825 1.0
00:09:08.542 119847137 30115434 581596 6833 1.0
00:09:08.742 119847448 30308176 575745 6820 1.0
00:09:08.942 119846648 30298797 575588 6809 1.0
00:09:09.142 119847529 30307633 575820 6832 1.0
00:09:09.542 119847769 30113861 581495 6829 1.0
00:09:09.742 119846689 30308534 575837 6829 1.0
00:09:09.942 119846746 30310763 575810 6831 1.0
00:09:10.142 119847461 30307971 575737 6837 1.0
00:09:10.542 119847967 30118818 581616 6829 1.0
00:09:10.742 119846602 30304401 575738 6814 1.0
00:09:10.942 119847491 30311473 575831 6811 1.0
00:09:11.142 119846717 30299575 575611 6818 1.0
00:09:11.542 119847201 30110874 581500 6839 1.0
00:09:11.742 119846615 30303647 575718 6836 1.0
00:09:11.942 119847496 30310675 575811 6827 1.0
00:09:12.142 119846658 30305657 575690 6813 1.0
00:09:12.542 119847022 30110135 581500 6850 1.0
00:09:12.742 119847563 30307872 575799 6829 1.0
00:09:12.942 119846813 30299645 575611 6830 1.0
00:09:13.142 119847344 30306811 575709 6825 1.0
00:09:13.542 119847856 30108929 581448 6844 1.0
00:09:13.742 119846621 30303661 575636 6839 1.0
00:09:13.942 119846672 30305209 575747 6845 1.0
00:09:14.142 119847463 30309198 575772 6814 1.0
00:09:14.542 119847972 30115132 581612 6841 1.0
00:09:14.742 119846715 30316863 575879 6845 1.0
00:09:14.942 119847499 30303268 575708 6837 1.0
00:09:15.142 119846689 30306851 575713 6807 1.0
00:09:15.542 119847113 30119361 581665 6832 1.0
00:09:15.742 119846691 30306914 575770 6826 1.0
00:09:15.942 119847563 30304117 575659 6839 1.0
00:09:16.142 119846706 30314074 575878 6830 1.0
00:09:16.542 119847159 30112205 581500 6827 1.0
00:09:16.742 119847510 30309588 575841 6832 1.0
00:09:16.942 119846651 30311479 575846 6825 1.0
00:09:17.142 119847541 30302012 575595 6824 1.0
00:09:17.542 119847126 30120015 581667 6839 1.0
00:09:17.742 119847449 30302484 575674 6835 1.0
00:09:17.942 119846602 30301870 575590 6833 1.0
00:09:18.142 119847491 30304335 575737 6831 1.0
00:09:18.542 119847939 30113803 581576 6834 1.0
00:09:18.742 119846658 30305516 575676 6834 1.0
00:09:18.942 119847421 30317271 575982 6822 1.0
00:09:19.142 119846571 30303338 575636 6842 1.0
00:09:19.542 119847108 30115817 581628 6824 1.0
00:09:19.742 119846748 30315849 575901 6822 1.0
00:09:19.942 119847464 30302610 575641 6834 1.0
00:09:20.142 119846706 30311371 575829 6834 1.0
00:09:20.542 119847010 30114973 581607 6830 1.0
00:09:20.742 119847584 30306728 575708 6842 1.0
00:09:20.942 119846689 30306527 575760 6827 1.0
00:09:21.142 119847476 30308893 575795 6824 1.0
00:09:21.542 119847061 30114365 581513 6830 1.0
00:09:21.742 119847418 30309147 575841 6834 1.0
00:09:21.942 119846804 30310147 575804 6821 1.0
00:09:22.142 119847516 30304762 575654 6823 1.0
00:09:22.542 119847798 30122339 581710 6839 1.0
00:09:22.742 119846718 30302309 575683 6842 1.0
00:09:22.942 119847539 30305027 575659 6837 1.0
00:09:23.142 119846805 30302396 575687 6840 1.0
00:09:23.542 119847859 30112059 581530 6844 1.0
00:09:23.742 119846742 30304291 575733 6822 1.0
00:09:23.942 119847561 30316164 575867 6821 1.0
00:09:24.142 119846770 30303710 575718 6836 1.0
00:09:24.542 119846966 30118031 581688 6849 1.0
00:09:24.742 119847393 30312505 575858 6850 1.0
00:09:24.942 119846823 30306740 575706 6831 1.0
00:09:25.142 119846625 30304097 575731 6816 1.0
00:09:25.542 119847114 30110650 581500 6830 1.0
00:09:25.742 119847512 30305267 575673 6837 1.0
00:09:25.942 119846642 30307463 575756 6813 1.0
00:09:26.142 119847444 30313933 575863 6831 1.0
00:09:26.542 119847868 30113057 581524 6856 1.0
00:09:26.742 119846711 30320433 575973 6842 1.0
00:09:26.942 119847471 30309320 575775 6824 1.0
00:09:27.142 119846696 30301880 575670 6828 1.0
00:09:27.542 119847938 30224345 578946 6819 1.0
00:09:27.742 119846693 30304093 575637 6836 1.0
00:09:27.942 119847438 30305501 575766 6818 1.0
00:09:28.342 119847940 30194510 581315 6841 1.0
00:09:28.542 119846761 31675508 572224 6792 1.0
00:09:28.742 119847563 30305814 575685 6839 1.0
00:09:28.942 119846682 30310562 575808 6836 1.0
00:09:29.342 119847870 30109902 581474 6839 1.0
00:09:29.542 119846701 31698656 572473 6795 1.0
00:09:29.742 119847454 30302008 575657 6834 1.0
00:09:29.942 119846601 30298908 575588 6821 1.0
00:09:30.342 119847036 30115536 581597 6832 1.0
00:09:30.542 119847584 31737748 572231 6779 1.0
00:09:30.742 119846730 30303542 575641 6837 1.0
00:09:30.942 119846712 30313976 575895 6822 1.0
00:09:31.342 119847145 30109168 581456 6830 1.0
00:09:31.542 119847468 31696467 572220 6792 1.0
00:09:31.742 119846623 30317293 575981 6829 1.0
00:09:31.942 119847573 30303571 575642 6827 1.0
00:09:32.342 119847864 30124577 581768 6838 1.0
00:09:32.542 119846806 31764169 572058 6791 1.0
00:09:32.742 119847627 30304396 575739 6833 1.0
00:09:32.942 119846639 30302967 575657 6831 1.0
00:09:33.342 119847766 30113307 581557 6836 1.0
00:09:33.542 119846803 31702383 572200 6782 1.0
00:09:33.742 119847442 30311210 575822 6842 1.0
00:09:33.942 119846840 30309943 575793 6833 1.0
00:09:34.342 119847158 30113114 581559 6831 1.0
00:09:34.542 119847490 31693317 572513 6794 1.0
00:09:34.742 119846698 30307355 575755 6829 1.0
00:09:34.942 119846799 30306804 575770 6822 1.0
00:09:35.342 119847040 30111255 581502 6841 1.0
00:09:35.542 119847508 31678137 572229 6797 1.0
00:09:35.742 119846689 30304232 575731 6837 1.0
00:09:35.942 119847527 30313603 575886 6828 1.0
00:09:36.342 119847842 30117758 581682 6840 1.0
00:09:36.542 119846839 31687953 572376 6788 1.0
00:09:36.742 119846642 30304973 575728 6829 1.0
00:09:36.942 119847631 30303717 575653 6815 1.0
00:09:37.342 119847790 30121384 581683 6834 1.0
00:09:37.542 119846677 31690415 572307 6807 1.0
00:09:37.742 119847522 30300794 575641 6828 1.0
00:09:37.942 119846664 30308722 575788 6820 1.0
00:09:38.342 119847119 30114572 581548 6837 1.0
00:09:38.542 119847442 31752518 572172 6791 1.0
00:09:38.742 119846690 30314255 575903 6835 1.0
00:09:38.942 119846739 30303358 575616 6841 1.0
00:09:39.342 119847076 30115271 581521 6843 1.0
00:09:39.542 119847564 31766132 572321 6790 1.0
00:09:39.742 119846751 30300657 575640 6826 1.0
00:09:39.942 119847409 30303992 575688 6837 1.0
00:09:40.342 119847958 30108752 581469 6832 1.0
00:09:40.542 119846757 31693064 572236 6799 1.0
00:09:40.742 119846631 30301803 575635 6837 1.0
00:09:40.942 119847407 30318389 576011 6839 1.0
00:09:41.342 119847853 30111734 581523 6815 1.0
00:09:41.542 119846655 31686394 572356 6798 1.0
00:09:41.742 119847401 30311785 575842 6826 1.0
00:09:41.942 119846798 30306004 575775 6816 1.0
00:09:42.342 119847105 30123404 581758 6835 1.0
00:09:42.542 119846640 31756057 572023 6786 1.0
00:09:42.742 119847507 30307971 575796 6830 1.0
00:09:42.942 119846746 30310267 575840 6836 1.0
00:09:43.342 119847066 30116319 581642 6840 1.0
00:09:43.542 119847462 31754558 572055 6808 1.0
00:09:43.742 119846685 30313788 575891 6831 1.0
00:09:43.942 119847509 30298712 575589 6838 1.0
00:09:44.342 119847900 30128174 581840 6841 1.0
00:09:44.542 119846767 31741341 572149 6789 1.0
00:09:44.742 119846709 30306112 575725 6826 1.0
00:09:44.942 119847467 30304993 575705 6827 1.0
00:09:45.342 119847853 30112851 581495 6833 1.0
00:09:45.542 119846717 31733880 572147 6781 1.0
00:09:45.742 119847430 30308139 575744 6827 1.0
00:09:45.942 119846868 30304152 575732 6816 1.0
00:09:46.342 119847003 30113282 581563 6843 1.0
00:09:46.542 119846731 31692212 572383 6792 1.0
00:09:46.742 119847435 30301547 575599 6830 1.0
00:09:46.942 119846800 30298915 575588 6823 1.0
00:09:47.342 119847116 30110968 581500 6833 1.0
00:09:47.542 119847519 31708782 572364 6791 1.0
00:09:47.742 119846727 30303842 575713 6826 1.0
00:09:47.942 119847397 30315331 575876 6840 1.0
00:09:48.342 119847172 30106530 581385 6826 1.0
00:09:48.542 119847551 31680497 572589 6775 1.0
00:09:48.742 119846682 30302937 575636 6836 1.0
00:09:48.942 119847486 30305854 575745 6815 1.0
00:09:49.342 119847872 30186302 579337 6830 1.0
00:09:49.542 119846732 31684762 572367 6800 1.0
00:09:49.742 119847399 30305970 575701 6818 1.0
00:09:49.942 119846671 30311062 575818 6838 1.0
00:09:50.342 119847837 30303783 575710 6823 1.0
00:09:50.542 119846720 31673108 572377 6794 1.0
00:09:50.742 119847394 30309912 575788 6830 1.0
00:09:51.142 119847874 30113257 581564 6827 1.0
00:09:51.342 119846735 30310464 575802 6834 1.0
00:09:51.542 119847558 31762519 572053 6799 1.0
00:09:51.742 119846735 30301206 575655 6824 1.0
00:09:52.142 119846961 30125790 581759 6832 1.0
00:09:52.342 119846690 30306425 575737 6823 1.0
00:09:52.542 119847588 31766932 572082 6773 1.0
00:09:52.742 119846655 30316446 575902 6841 1.0
00:09:53.142 119846978 30112830 581500 6823 1.0
00:09:53.342 119847461 30308213 575814 6828 1.0
00:09:53.542 119846668 31714281 572381 6798 1.0
00:09:53.742 119847402 30309137 575769 6824 1.0
00:09:54.142 119847066 30116669 581559 6829 1.0
00:09:54.342 119847464 30304254 575733 6832 1.0
00:09:54.542 119846691 31712505 572061 6801 1.0
00:09:54.742 119847479 30302346 575686 6830 1.0
00:09:55.142 119847963 30112202 581509 6820 1.0
00:09:55.342 119846666 30301886 575672 6821 1.0
00:09:55.542 119847493 31720868 572211 6792 1.0
00:09:55.742 119846786 30312591 575859 6843 1.0
00:09:56.142 119847722 30114021 581547 6845 1.0
00:09:56.342 119846654 30315736 575883 6827 1.0
00:09:56.542 119847478 31729783 572226 6800 1.0
00:09:56.742 119846653 30307768 575814 6825 1.0
00:09:57.142 119846982 30127973 581856 6847 1.0
00:09:57.342 119847621 30306434 575697 6832 1.0
00:09:57.542 119846635 31767585 572204 6796 1.0
00:09:57.742 119847509 30317227 575888 6837 1.0
00:09:58.142 119847137 30114287 581589 6820 1.0
00:09:58.342 119847506 30306082 575690 6825 1.0
00:09:58.542 119846887 31735002 572206 6770 1.0
00:09:58.742 119847470 30304991 575754 6826 1.0
00:09:59.142 119847993 30116863 581616 6829 1.0
00:09:59.342 119846804 30305131 575706 6824 1.0
00:09:59.542 119847404 31754264 572113 6791 1.0
00:09:59.742 119846630 30308054 575807 6832 1.0
00:10:00.142 119847852 30110679 581495 6836 1.0
00:10:00.342 119846655 30302830 575601 6831 1.0
00:10:00.542 119847540 31755900 572470 6786 1.0
00:10:00.742 119846701 30305775 575681 6826 1.0
00:10:01.142 119847091 30116439 581562 6832 1.0
00:10:01.342 119847477 30316103 575942 6828 1.0
00:10:01.542 119846790 31703267 572288 6802 1.0
00:10:01.742 119846647 30304462 575693 6813 1.0
00:10:02.142 119847090 30111881 581528 6838 1.0
00:10:02.342 119847518 30303055 575701 6835 1.0
00:10:02.542 119846729 31719681 572300 6779 1.0
00:10:02.742 119847410 30311946 575844 6835 1.0
00:10:03.142 119847850 30113181 581531 6828 1.0
00:10:03.342 119846521 30311126 575847 6827 1.0
00:10:03.542 119847521 31685947 572279 6798 1.0
00:10:03.742 119846794 30306959 575798 6830 1.0
00:10:04.142 119847889 30117688 581589 6840 1.0
00:10:04.342 119846726 30303666 575717 6812 1.0
00:10:04.542 119847509 31762993 572098 6795 1.0
00:10:04.742 119846735 30315294 575851 6829 1.0
00:10:05.142 119847125 30112757 581551 6825 1.0
00:10:05.342 119847495 30306586 575701 6829 1.0
00:10:05.542 119846847 31751520 572368 6795 1.0
00:10:05.742 119846653 30307333 575720 6837 1.0
00:10:06.142 119846975 30119594 581635 6829 1.0
00:10:06.342 119847521 30304603 575719 6824 1.0
00:10:06.542 119846832 31763293 572108 6791 1.0
00:10:06.742 119847469 30301079 575652 6832 1.0
00:10:07.142 119847978 30114442 581593 6828 1.0
00:10:07.342 119846792 30308141 575745 6833 1.0
00:10:07.542 119846879 31772794 572332 6787 1.0
00:10:07.742 119847344 30307606 575731 6833 1.0
00:10:08.142 119847892 30111511 581495 6840 1.0
00:10:08.342 119846625 30309635 575825 6827 1.0
00:10:08.542 119847512 31696477 572252 6792 1.0
00:10:08.742 119846700 30306486 575759 6825 1.0
00:10:09.142 119847170 30106944 581397 6824 1.0
00:10:09.342 119846706 30301021 575648 6816 1.0
00:10:09.542 119847598 31693928 572280 6786 1.0
00:10:09.742 119846784 30312274 575854 6822 1.0
00:10:10.142 119846931 30112295 581537 6835 1.0
00:10:10.342 119847487 30310465 575805 6826 1.0
00:10:10.542 119846789 31673010 572273 6788 1.0
00:10:10.742 119847450 30304688 575747 6830 1.0
00:10:11.142 119847849 30116565 581616 6838 1.0
00:10:11.342 119846801 30305854 575683 6831 1.0
00:10:11.542 119846846 31712537 572208 6807 1.0
00:10:11.742 119847361 30308218 575812 6828 1.0
00:10:12.142 119847906 30209331 578645 6819 1.0
00:10:12.342 119846597 30300523 575637 6837 1.0
00:10:12.542 119847433 31752076 572329 6778 1.0
00:10:12.942 119847891 30109819 581472 6829 1.0
00:10:13.142 119846670 30312822 575866 6825 1.0
00:10:13.342 119846574 30304014 575722 6834 1.0
00:10:13.542 119847478 31738625 572212 6783 1.0
00:10:13.942 119847893 30122361 581710 6836 1.0
00:10:14.142 119846757 30306039 575781 6831 1.0
00:10:14.342 119847489 30302001 575584 6818 1.0
00:10:14.542 119846745 31707468 572363 6779 1.0
00:10:14.942 119847141 30111650 581522 6829 1.0
00:10:15.142 119846762 30302595 575659 6833 1.0
00:10:15.342 119847477 30311273 575841 6832 1.0
00:10:15.542 119846708 31700078 572283 6790 1.0
00:10:15.942 119847062 30115633 581624 6828 1.0
00:10:16.142 119847395 30312716 575867 6832 1.0
00:10:16.342 119846682 30304475 575682 6826 1.0
00:10:16.542 119847383 31717635 572231 6793 1.0
00:10:16.942 119847853 30112692 581546 6845 1.0
00:10:17.142 119846635 30302888 575699 6835 1.0
00:10:17.342 119846646 30309705 575784 6830 1.0
00:10:17.542 119847513 31774136 572331 6786 1.0
00:10:17.942 119847876 30112466 581542 6836 1.0
00:10:18.142 119846700 30315296 575934 6836 1.0
00:10:18.342 119847562 30307249 575718 6829 1.0
00:10:18.542 119846780 31669832 572345 6793 1.0
00:10:18.942 119847164 30119854 581644 6832 1.0
00:10:19.142 119846615 30309231 575772 6844 1.0
00:10:19.342 119847515 30301458 575663 6815 1.0
00:10:19.542 119846694 31747553 572223 6780 1.0
00:10:19.942 119847067 30113662 581500 6829 1.0
00:10:20.142 119847454 30304974 575747 6821 1.0
00:10:20.342 119846675 30312745 575864 6827 1.0
00:10:20.542 119847613 31672394 572287 6799 1.0
00:10:20.942 119847059 30124163 581757 6830 1.0
00:10:21.142 119847482 30308189 575771 6835 1.0
00:10:21.342 119846741 30304881 575725 6830 1.0
00:10:21.542 119847447 31719542 572262 6781 1.0
00:10:21.942 119847927 30109330 581461 6835 1.0
00:10:22.142 119846749 30307212 575739 6838 1.0
00:10:22.342 119847523 30315385 575913 6825 1.0
00:10:22.542 119846757 31700665 572291 6780 1.0
00:10:22.942 119847217 30111016 581505 6839 1.0
00:10:23.142 119846737 30314872 575847 6829 1.0
00:10:23.342 119847500 30305085 575735 6819 1.0
00:10:23.542 119846692 31667617 572342 6796 1.0
00:10:23.942 119847089 30109746 581500 6832 1.0
00:10:24.142 119847531 30305161 575708 6822 1.0
00:10:24.342 119846749 30306195 575721 6834 1.0
00:10:24.542 119847492 31700727 572421 6787 1.0
00:10:24.942 119847170 30114301 581589 6837 1.0
00:10:25.142 119847483 30314654 575916 6827 1.0
00:10:25.342 119846583 30300090 575621 6840 1.0
00:10:25.542 119847415 31722174 572089 6786 1.0
00:10:25.942 119847731 30116535 581554 6829 1.0
00:10:26.142 119846550 30305493 575767 6823 1.0
00:10:26.342 119847582 30302037 575662 6824 1.0
00:10:26.542 119846900 31686851 572449 6774 1.0
00:10:26.942 119847763 30113096 581543 6844 1.0
00:10:27.142 119846666 30304057 575730 6833 1.0
00:10:27.342 119847410 30314015 575899 6822 1.0
00:10:27.542 119846855 31672348 572246 6778 1.0
00:10:27.942 119847019 30116416 581553 6840 1.0
00:10:28.142 119847347 30305777 575774 6816 1.0
00:10:28.342 119846739 30306399 575697 6830 1.0
00:10:28.542 119847541 31765194 572105 6772 1.0
00:10:28.942 119847249 30115197 581559 6828 1.0
00:10:29.142 119847486 30306806 575782 6839 1.0
00:10:29.342 119846823 30314253 575846 6824 1.0
00:10:29.542 119847651 31732424 572143 6764 1.0
00:10:29.942 119847939 30115254 581521 6839 1.0
00:10:30.142 119846667 30314930 575924 6834 1.0
00:10:30.342 119847593 30304115 575731 6816 1.0
00:10:30.542 119846814 31760608 572030 6783 1.0
00:10:30.942 119847847 30117087 581665 6836 1.0
00:10:31.142 119846634 30306236 575693 6820 1.0
00:10:31.342 119847391 30310645 575810 6830 1.0
00:10:31.542 119846705 31763025 572214 6799 1.0
00:10:31.942 119846939 30111974 581529 6828 1.0
00:10:32.142 119847530 30303931 575633 6827 1.0
00:10:32.342 119846670 30312458 575857 6821 1.0
00:10:32.542 119846775 31770485 572220 6788 1.0
00:10:32.942 119847103 30118318 581659 6836 1.0
00:10:33.142 119847429 30303891 575682 6839 1.0
00:10:33.342 119846747 30306298 575739 6818 1.0
00:10:33.542 119847567 31726405 572231 6788 1.0
00:10:33.942 119847868 30173620 579650 6831 1.0
00:10:34.142 119846681 30302656 575638 6838 1.0
00:10:34.342 119846641 30316359 575960 6833 1.0
00:10:34.542 119847635 31729297 572099 6775 1.0
00:10:34.942 119847911 30288544 576027 6802 1.0
00:10:35.142 119846697 30306960 575727 6818 1.0
00:10:35.342 119847484 30306376 575702 6831 1.0
00:10:35.742 119847875 30120151 581726 6829 1.0
00:10:35.942 119846740 30307844 575734 6825 1.0
00:10:36.142 119847519 30304443 575722 6832 1.0
00:10:36.342 119846731 30305931 575704 6820 1.0
00:10:36.742 119847873 30115099 581519 6847 1.0
00:10:36.942 119846715 30305031 575755 6846 1.0
00:10:37.142 119847500 30317198 575926 6829 1.0
00:10:37.342 119846683 30304007 575694 6823 1.0
00:10:37.742 119846976 30108895 581450 6828 1.0
00:10:37.942 119847556 30318688 575969 6822 1.0
00:10:38.142 119846834 30307051 575765 6812 1.0
00:10:38.342 119846668 30303029 575669 6823 1.0
00:10:38.742 119847081 30114047 581584 6842 1.0
00:10:38.942 119847389 30304501 575689 6834 1.0
00:10:39.142 119846753 30303812 575683 6824 1.0
00:10:39.342 119847516 30314538 575913 6825 1.0
00:10:39.742 119847861 30113718 581558 6822 1.0
00:10:39.942 119846587 30319486 576041 6830 1.0
00:10:40.142 119846614 30303864 575635 6838 1.0
00:10:40.342 119847480 30300602 575637 6823 1.0
00:10:40.742 119847923 30119795 581641 6826 1.0
00:10:40.942 119846642 30298821 575592 6812 1.0
00:10:41.142 119847494 30305935 575702 6812 1.0
00:10:41.342 119846723 30312274 575846 6825 1.0
00:10:41.742 119847068 30114007 581582 6833 1.0
00:10:41.942 119847402 30304476 575647 6825 1.0
00:10:42.142 119846673 30311640 575836 6826 1.0
00:10:42.342 119846688 30303096 575704 6813 1.0
00:10:42.742 119847004 30121399 581683 6854 1.0
00:10:42.942 119847373 30303668 575720 6817 1.0
00:10:43.142 119846728 30307510 575727 6837 1.0
00:10:43.342 119847506 30305640 575772 6835 1.0
00:10:43.742 119847969 30116661 581608 6836 1.0
00:10:43.942 119846698 30303372 575711 6816 1.0
00:10:44.142 119846728 30309981 575792 6826 1.0
00:10:44.342 119847441 30298965 575640 6820 1.0
00:10:44.742 119847927 30110393 581488 6824 1.0
00:10:44.942 119846763 30313459 575884 6825 1.0
00:10:45.142 119847493 30306102 575691 6822 1.0
00:10:45.342 119846699 30300615 575638 6811 1.0
00:10:45.742 119847185 30111220 581509 6835 1.0
00:10:45.942 119846743 30300853 575647 6834 1.0
00:10:46.142 119847516 30308224 575746 6835 1.0
00:10:46.342 119846789 30318757 576024 6825 1.0
00:10:46.742 119847213 30112894 581553 6841 1.0
00:10:46.942 119847626 30316004 575950 6832 1.0
00:10:47.142 119846695 30306183 575692 6840 1.0
00:10:47.342 119847408 30306491 575794 6828 1.0
00:10:47.742 119847752 30115816 581552 6848 1.0
00:10:47.942 119846799 30300135 575626 6828 1.0
00:10:48.142 119846722 30308919 575763 6824 1.0
00:10:48.342 119847545 30305724 575774 6822 1.0
00:10:48.742 119847776 30113528 581566 6838 1.0
00:10:48.942 119846723 30305997 575691 6833 1.0
00:10:49.142 119847495 30312700 575868 6817 1.0
00:10:49.342 119846827 30306764 575716 6817 1.0
00:10:49.742 119847222 30109662 581468 6826 1.0
00:10:49.942 119846743 30311900 575842 6831 1.0
00:10:50.142 119847587 30303121 575706 6829 1.0
00:10:50.342 119846768 30302900 575621 6824 1.0
00:10:50.742 119847240 30115520 581623 6820 1.0
00:10:50.942 119847377 30304566 575668 6824 1.0
00:10:51.142 119846658 30308024 575816 6808 1.0
00:10:51.342 119847486 30312283 575855 6839 1.0
00:10:51.742 119847043 30113187 581510 6820 1.0
00:10:51.942 119847521 30316611 575967 6833 1.0
00:10:52.142 119846637 30300218 575628 6836 1.0
00:10:52.342 119847378 30303390 575665 6829 1.0
00:10:52.742 119847823 30119674 581637 6837 1.0
00:10:52.942 119846619 30304383 575738 6833 1.0
00:10:53.142 119847404 30309305 575775 6828 1.0
00:10:53.342 119846756 30313186 575876 6822 1.0
00:10:53.742 119848041 30112981 581555 6835 1.0
00:10:53.942 119846798 30304263 575679 6839 1.0
00:10:54.142 119847424 30313858 575873 6821 1.0
00:10:54.342 119846683 30299941 575623 6827 1.0
00:10:54.742 119847168 30122908 581736 6829 1.0
00:10:54.942 119847424 30309780 575841 6859 1.0
00:10:55.142 119846686 30306591 575729 6842 1.0
00:10:55.342 119847547 30304208 575700 6835 1.0
00:10:55.742 119847132 30115742 581548 6847 1.0
00:10:55.942 119847403 30304963 575753 6837 1.0
00:10:56.142 119846735 30311191 575825 6825 1.0
00:10:56.342 119847271 30308268 575746 6821 1.0
00:10:56.742 119847970 30209650 578666 6817 1.0
00:10:56.942 119846535 30305856 575736 6826 1.0
00:10:57.142 119847485 30301554 575664 6832 1.0
00:10:57.542 119847041 30385427 581180 6835 1.0
00:10:57.742 119847464 31436081 572888 6791 1.0
00:10:57.942 119846647 30306773 575710 6846 1.0
00:10:58.142 119847509 30304324 575736 6828 1.0
00:10:58.542 119847915 30116325 581579 6827 1.0
00:10:58.742 119846672 31721933 572320 6799 1.0
00:10:58.942 119847395 30317993 575931 6847 1.0
00:10:59.142 119846704 30303984 575707 6835 1.0
00:10:59.542 119848006 30112469 581542 6839 1.0
00:10:59.742 119846764 31686791 572505 6795 1.0
00:10:59.942 119847449 30306263 575695 6833 1.0
00:11:00.142 119846723 30308889 575771 6827 1.0
00:11:00.542 119847057 30115256 581530 6843 1.0
00:11:00.742 119847446 31761506 572201 6793 1.0
00:11:00.942 119846668 30307172 575787 6830 1.0
00:11:01.142 119847454 30311036 575818 6836 1.0
00:11:01.542 119847113 30106190 581465 6823 1.0
00:11:01.742 119847434 31763806 572371 6783 1.0
00:11:01.942 119846735 30306933 575712 6826 1.0
00:11:02.142 119847335 30310341 575835 6827 1.0
00:11:02.542 119847873 30126899 581827 6832 1.0
00:11:02.742 119846706 31740790 572202 6803 1.0
00:11:02.942 119847623 30310883 575815 6818 1.0
00:11:03.142 119846683 30313012 575870 6830 1.0
00:11:03.542 119847827 30113435 581530 6835 1.0
00:11:03.742 119846705 31724815 572201 6803 1.0
00:11:03.942 119847415 30317358 575977 6820 1.0
00:11:04.142 119846801 30305781 575711 6827 1.0
00:11:04.542 119847115 30121348 581682 6828 1.0
00:11:04.742 119847598 31763739 572287 6791 1.0
00:11:04.942 119846631 30309956 575789 6817 1.0
00:11:05.142 119846725 30305167 575760 6830 1.0
00:11:05.542 119847154 30112474 581541 6836 1.0
00:11:05.742 119847546 31732202 572307 6790 1.0
00:11:05.942 119846668 30316523 575918 6835 1.0
00:11:06.142 119847453 30311126 575819 6831 1.0
00:11:06.542 119847729 30107175 581403 6830 1.0
00:11:06.742 119846735 31744281 572349 6798 1.0
00:11:06.942 119847475 30307983 575737 6854 1.0
00:11:07.142 119846706 30303158 575693 6835 1.0
00:11:07.542 119847911 30123657 581743 6825 1.0
00:11:07.742 119846622 31679102 572290 6793 1.0
00:11:07.942 119847317 30302538 575616 6821 1.0
00:11:08.142 119846664 30311826 575846 6826 1.0
00:11:08.542 119847118 30111357 581515 6837 1.0
00:11:08.742 119847504 31688356 572194 6785 1.0
00:11:08.942 119846769 30311634 575835 6829 1.0
00:11:09.142 119846649 30304466 575715 6824 1.0
00:11:09.542 119847182 30118830 581637 6831 1.0
00:11:09.742 119847457 31761576 572186 6797 1.0
00:11:09.942 119846773 30306422 575697 6834 1.0
00:11:10.142 119847477 30303064 575702 6829 1.0
00:11:10.542 119847976 30112156 581499 6821 1.0
00:11:10.742 119846822 31701643 572287 6793 1.0
00:11:10.942 119846681 30320625 576049 6826 1.0
00:11:11.142 119847354 30305108 575687 6824 1.0
00:11:11.542 119847898 30114408 581588 6835 1.0
00:11:11.742 119846725 31686428 572401 6790 1.0
00:11:11.942 119847470 30304221 575681 6823 1.0
00:11:12.142 119846608 30310232 575799 6829 1.0
00:11:12.542 119847068 30116200 581640 6842 1.0
00:11:12.742 119847476 31720414 572241 6773 1.0
00:11:12.942 119846798 30303103 575626 6811 1.0
00:11:13.142 119846799 30309654 575846 6820 1.0
00:11:13.542 119847158 30113150 581530 6830 1.0
00:11:13.742 119847535 31763576 572231 6795 1.0
00:11:13.942 119846696 30307112 575747 6829 1.0
00:11:14.142 119847567 30299752 575617 6828 1.0
00:11:14.542 119847937 30121767 581706 6835 1.0
00:11:14.742 119846731 31762561 572025 6784 1.0
00:11:14.942 119846776 30301481 575658 6830 1.0
00:11:15.142 119847415 30313869 575894 6817 1.0
00:11:15.542 119847929 30114291 581546 6828 1.0
00:11:15.742 119846719 31680958 572128 6783 1.0
00:11:15.942 119847513 30313298 575882 6832 1.0
00:11:16.142 119846720 30308667 575756 6830 1.0
00:11:16.542 119846928 30122171 581758 6824 1.0
00:11:16.742 119846874 31752065 572236 6783 1.0
00:11:16.942 119847437 30307993 575753 6828 1.0
00:11:17.142 119846711 30311148 575823 6824 1.0
00:11:17.542 119846960 30106652 581390 6835 1.0
00:11:17.742 119847570 31770641 572164 6796 1.0
00:11:17.942 119846751 30309277 575774 6833 1.0
00:11:18.142 119847581 30306661 575716 6837 1.0
00:11:18.542 119847173 30166249 579972 6826 1.0
00:11:18.742 119847652 31736131 572372 6792 1.0
00:11:18.942 119846873 30305627 575680 6829 1.0
00:11:19.142 119847432 30305114 575757 6837 1.0
00:11:19.542 119848021 30282747 576369 6788 1.0
00:11:19.742 119846696 31688234 572351 6819 1.0
00:11:19.942 119847536 30309430 575837 6825 1.0
00:11:20.342 119847734 30116813 581626 6829 1.0
00:11:20.542 119846618 30303258 575709 6837 1.0
00:11:20.742 119846758 31720089 572306 6776 1.0
00:11:20.942 119847536 30305476 575768 6839 1.0
00:11:21.342 119847833 30114835 581605 6835 1.0
00:11:21.542 119846702 30311530 575831 6826 1.0
00:11:21.742 119847495 31722229 572138 6785 1.0
00:11:21.942 119846714 30305150 575752 6830 1.0
00:11:22.342 119847176 30121301 581681 6831 1.0
00:11:22.542 119846727 30308284 575748 6820 1.0
00:11:22.742 119847617 31719152 572184 6790 1.0
00:11:22.942 119846683 30319668 576042 6815 1.0
00:11:23.342 119847015 30111184 581508 6830 1.0
00:11:23.542 119847357 30309852 575806 6844 1.0
00:11:23.742 119846719 31678490 572431 6792 1.0
00:11:23.942 119847446 30305852 575682 6828 1.0
00:11:24.342 119847238 30119763 581641 6841 1.0
00:11:24.542 119847589 30309951 575790 6817 1.0
00:11:24.742 119846745 31745087 572077 6778 1.0
00:11:24.942 119847420 30305229 575706 6824 1.0
00:11:25.342 119847853 30116797 581606 6819 1.0
00:11:25.542 119846661 30305010 575735 6838 1.0
00:11:25.742 119847502 31742789 572176 6791 1.0
00:11:25.942 119846719 30307151 575721 6830 1.0
00:11:26.342 119847189 30118273 581600 6834 1.0
00:11:26.542 119846716 30308427 575791 6829 1.0
00:11:26.742 119847449 31721598 572299 6791 1.0
00:11:26.942 119846666 30309213 575778 6834 1.0
00:11:27.342 119847052 30110844 581500 6824 1.0
00:11:27.542 119847398 30305282 575674 6815 1.0
00:11:27.742 119846824 31750310 572037 6800 1.0
00:11:27.942 119847466 30310820 575816 6830 1.0
00:11:28.342 119847170 30112824 581510 6827 1.0
00:11:28.542 119847391 30308144 575785 6825 1.0
00:11:28.742 119846697 31693662 572132 6793 1.0
00:11:28.942 119847521 30304476 575742 6805 1.0
00:11:29.342 119847918 30120861 581688 6838 1.0
00:11:29.542 119846625 30304046 575710 6823 1.0
00:11:29.742 119847541 31717636 572125 6790 1.0
00:11:29.942 119846736 30312253 575851 6840 1.0
00:11:30.342 119847919 30114213 581507 6828 1.0
00:11:30.542 119846794 30306668 575799 6832 1.0
00:11:30.742 119847465 31718220 572266 6786 1.0
00:11:30.942 119846749 30305154 575717 6819 1.0
00:11:31.342 119847016 30121629 581690 6849 1.0
00:11:31.542 119847498 30303336 575679 6819 1.0
00:11:31.742 119846848 31733567 572177 6798 1.0
00:11:31.942 119847450 30307424 575726 6820 1.0
00:11:32.342 119847109 30110928 581503 6820 1.0
00:11:32.542 119847415 30307998 575740 6831 1.0
00:11:32.742 119846671 31704364 572393 6778 1.0
00:11:32.942 119847556 30301207 575621 6827 1.0
00:11:33.342 119847935 30112626 581495 6838 1.0
00:11:33.542 119846731 30313119 575858 6830 1.0
00:11:33.742 119847362 31679067 572330 6786 1.0
00:11:33.942 119846692 30306782 575735 6828 1.0
00:11:34.342 119847868 30113581 581495 6833 1.0
00:11:34.542 119846729 30305195 575756 6835 1.0
00:11:34.742 119847404 31761411 572063 6789 1.0
00:11:34.942 119846756 30312720 575846 6823 1.0
00:11:35.342 119847049 30112861 581554 6844 1.0
00:11:35.542 119847548 30312932 575870 6832 1.0
00:11:35.742 119846768 31684709 572315 6785 1.0
00:11:35.942 119846505 30304960 575675 6827 1.0
00:11:36.342 119847186 30120421 581658 6824 1.0
00:11:36.542 119847509 30306346 575788 6831 1.0
00:11:36.742 119846801 31726153 572142 6784 1.0
00:11:36.942 119847411 30313501 575885 6831 1.0
00:11:37.342 119847918 30119052 581712 6827 1.0
00:11:37.542 119846709 30305435 575671 6837 1.0
00:11:37.742 119846662 31731550 572210 6783 1.0
00:11:37.942 119847421 30304649 575745 6837 1.0
00:11:38.342 119847743 30118357 581635 6831 1.0
00:11:38.542 119846599 30301556 575662 6819 1.0
00:11:38.742 119847414 31755626 572017 6800 1.0
00:11:38.942 119846622 30303178 575637 6828 1.0
00:11:39.342 119847081 30110501 581489 6833 1.0
00:11:39.542 119847450 30306940 575742 6834 1.0
00:11:39.742 119846825 31750634 572301 6781 1.0
00:11:39.942 119846773 30306044 575781 6827 1.0
00:11:40.342 119847181 30116194 581607 6844 1.0
00:11:40.542 119847535 30319535 575951 6834 1.0
00:11:40.742 119846749 31672388 572415 6784 1.0
00:11:40.942 119847504 30304668 575662 6822 1.0
00:11:41.342 119847666 30208887 578655 6827 1.0
00:11:41.542 119846865 30303204 575686 6826 1.0
00:11:41.742 119846800 31740390 572144 6770 1.0
00:11:42.142 119847065 30111582 581500 6835 1.0
00:11:42.342 119847390 30309044 575800 6819 1.0
00:11:42.542 119846835 30307879 575737 6829 1.0
00:11:42.742 119847477 31722757 572381 6782 1.0
00:11:43.142 119847764 30112009 581530 6832 1.0
00:11:43.342 119846623 30315625 575873 6828 1.0
00:11:43.542 119846675 30303591 575692 6824 1.0
00:11:43.742 119847510 31706463 572368 6790 1.0
00:11:44.142 119847924 30126170 581809 6836 1.0
00:11:44.342 119846679 30304763 575673 6827 1.0
00:11:44.542 119847521 30305199 575742 6831 1.0
00:11:44.742 119846906 31739120 572376 6784 1.0
00:11:45.142 119847048 30117769 581589 6836 1.0
00:11:45.342 119847370 30305763 575773 6830 1.0
00:11:45.542 119846869 30311349 575828 6834 1.0
00:11:45.742 119846727 31761792 571997 6784 1.0
00:11:46.142 119847095 30116735 581651 6828 1.0
00:11:46.342 119847444 30300212 575628 6822 1.0
00:11:46.542 119846665 30307224 575720 6822 1.0
00:11:46.742 119847616 31734509 572182 6780 1.0
00:11:47.142 119847985 30109371 581463 6827 1.0
00:11:47.342 119846823 30309976 575846 6827 1.0
00:11:47.542 119846669 30310858 575846 6822 1.0
00:11:47.742 119847507 31742564 572225 6792 1.0
00:11:48.142 119847947 30114847 581605 6824 1.0
00:11:48.342 119846738 30307919 575736 6826 1.0
00:11:48.542 119847465 30308262 575747 6824 1.0
00:11:48.743 119846743 31673828 572428 6792 1.0
00:11:49.143 119847184 30104759 581433 6826 1.0
00:11:49.343 119846785 30309598 575783 6842 1.0
00:11:49.543 119847446 30302084 575674 6818 1.0
00:11:49.743 119846737 31673710 572291 6791 1.0
00:11:50.143 119847020 30112766 581500 6847 1.0
00:11:50.343 119847515 30311015 575841 6821 1.0
00:11:50.543 119846640 30299019 575594 6823 1.0
00:11:50.743 119847541 31761307 572225 6785 1.0
00:11:51.143 119847948 30119734 581652 6835 1.0
00:11:51.343 119846668 30305151 575745 6823 1.0
00:11:51.543 119846726 30306387 575697 6822 1.0
00:11:51.743 119847323 31767101 572403 6796 1.0
00:11:52.143 119847900 30111556 581520 6815 1.0
00:11:52.343 119846715 30305052 575754 6830 1.0
00:11:52.543 119847565 30321274 575996 6844 1.0
00:11:52.743 119846743 31716537 572305 6782 1.0
00:11:53.143 119847127 30120557 581732 6843 1.0
00:11:53.343 119846733 30307324 575721 6829 1.0
00:11:53.543 119847530 30307399 575734 6826 1.0
00:11:53.743 119846783 31701239 572254 6782 1.0
00:11:54.143 119847156 30115306 581617 6819 1.0
00:11:54.343 119847522 30306009 575687 6814 1.0
00:11:54.543 119846666 30311090 575821 6839 1.0
00:11:54.743 119847567 31706914 572152 6791 1.0
00:11:55.143 119847011 30112558 581532 6834 1.0
00:11:55.343 119847509 30315701 575945 6834 1.0
00:11:55.543 119846726 30304216 575710 6822 1.0
00:11:55.743 119847664 31736576 572152 6768 1.0
00:11:56.143 119847815 30110465 581489 6830 1.0
00:11:56.343 119846681 30307257 575720 6836 1.0
00:11:56.543 119847379 30304986 575742 6824 1.0
00:11:56.743 119846749 31703613 572389 6803 1.0
00:11:57.143 119847209 30111827 581526 6828 1.0
00:11:57.343 119846758 30307285 575812 6828 1.0
00:11:57.543 119847444 30311234 575828 6802 1.0
00:11:57.743 119846770 31665982 572311 6792 1.0
00:11:58.143 119846991 30118203 581601 6836 1.0
00:11:58.343 119847483 30303388 575711 6827 1.0
00:11:58.543 119846731 30305784 575681 6832 1.0
00:11:58.743 119847559 31760186 572238 6793 1.0
00:11:59.143 119847177 30108044 581425 6829 1.0
00:11:59.343 119847568 30307246 575719 6838 1.0
00:11:59.543 119846789 30311322 575828 6834 1.0
00:11:59.743 119847569 31671527 572397 6793 1.0
00:12:00.143 119847880 30114918 581595 6834 1.0
00:12:00.343 119846659 30313905 575893 6832 1.0
00:12:00.543 119847377 30299179 575600 6827 1.0
00:12:00.743 119846840 31749176 572248 6778 1.0
00:12:01.143 119847925 30113737 581495 6818 1.0
00:12:01.343 119846814 30306551 575782 6826 1.0
00:12:01.543 119847485 30305627 575677 6832 1.0
00:12:01.743 119846785 31685013 572501 6798 1.0
00:12:02.143 119847127 30111972 581529 6827 1.0
00:12:02.343 119847538 30311287 575826 6828 1.0
00:12:02.543 119846721 30304513 575647 6812 1.0
00:12:02.743 119846628 31704783 572236 6777 1.0
00:12:03.143 119847040 30166659 580478 6840 1.0
00:12:03.343 119847441 30303772 575722 6819 1.0
00:12:03.543 119846706 30303585 575641 6816 1.0
00:12:03.743 119847485 31686089 572461 6786 1.0
00:12:04.143 119847964 30269291 576593 6802 1.0
00:12:04.343 119846695 30306293 575782 6825 1.0
00:12:04.543 119847537 30316303 575870 6831 1.0
00:12:04.943 119847172 30110194 581482 6837 1.0
00:12:05.143 119847403 30320330 575972 6849 1.0
00:12:05.343 119846732 30305039 575753 6814 1.0
00:12:05.543 119847455 30307932 575737 6837 1.0
00:12:05.943 119847788 30122626 581739 6818 1.0
00:12:06.143 119846767 30303344 575689 6830 1.0
00:12:06.343 119847587 30304566 575740 6837 1.0
00:12:06.543 119846705 30313760 575846 6824 1.0
00:12:06.943 119847789 30110988 581498 6835 1.0
00:12:07.143 119846595 30305448 575679 6819 1.0
00:12:07.343 119847555 30311089 575819 6818 1.0
00:12:07.543 119846692 30300063 575624 6828 1.0
00:12:07.943 119847107 30120421 581658 6826 1.0
00:12:08.143 119847502 30304522 575714 6841 1.0
00:12:08.343 119846694 30309182 575796 6834 1.0
00:12:08.543 119846685 30308407 575748 6832 1.0
00:12:08.943 119847087 30114349 581591 6828 1.0
00:12:09.143 119847463 30307000 575714 6833 1.0
00:12:09.343 119846735 30316248 575955 6851 1.0
00:12:09.543 119847309 30300810 575643 6821 1.0
00:12:09.943 119847907 30117165 581642 6827 1.0
00:12:10.143 119846654 30309523 575781 6828 1.0
00:12:10.343 119847516 30304234 575737 6835 1.0
00:12:10.543 119846713 30308968 575763 6825 1.0
00:12:10.943 119847910 30112909 581555 6827 1.0
00:12:11.143 119846663 30303602 575718 6835 1.0
00:12:11.343 119847541 30309887 575788 6842 1.0
00:12:11.543 119846722 30307316 575723 6831 1.0
00:12:11.943 119847175 30110138 581482 6823 1.0
00:12:12.143 119847491 30317789 575914 6829 1.0
00:12:12.343 119846694 30304248 575724 6820 1.0
00:12:12.543 119846722 30307190 575720 6838 1.0
00:12:12.943 119847014 30122980 581725 6837 1.0
00:12:13.143 119847456 30308002 575744 6830 1.0
00:12:13.343 119846775 30307432 575815 6829 1.0
00:12:13.543 119847482 30308938 575764 6823 1.0
00:12:13.943 119847873 30110783 581495 6828 1.0
00:12:14.143 119846830 30301826 575658 6819 1.0
00:12:14.343 119846598 30310954 575817 6820 1.0
00:12:14.543 119847471 30309796 575800 6831 1.0
00:12:14.943 119847839 30123561 581747 6828 1.0
00:12:15.143 119846672 30308293 575748 6827 1.0
00:12:15.343 119847539 30306346 575697 6837 1.0
00:12:15.543 119846738 30309691 575836 6829 1.0
00:12:15.943 119847200 30111344 581513 6833 1.0
00:12:16.143 119847499 30309148 575768 6831 1.0
00:12:16.343 119846712 30307442 575755 6831 1.0
00:12:16.543 119846738 30306856 575774 6821 1.0
00:12:16.943 119847150 30110661 581495 6832 1.0
00:12:17.143 119847385 30318060 576005 6840 1.0
00:12:17.343 119846613 30306946 575712 6846 1.0
00:12:17.543 119847503 30310298 575800 6818 1.0
00:12:17.943 119847859 30119070 581700 6840 1.0
00:12:18.143 119846683 30301230 575641 6831 1.0
00:12:18.343 119846621 30304050 575652 6828 1.0
00:12:18.543 119847338 30309561 575779 6824 1.0
00:12:18.943 119847877 30112144 581531 6829 1.0
00:12:19.143 119846624 30306315 575700 6823 1.0
00:12:19.343 119847388 30309100 575767 6835 1.0
00:12:19.543 119846664 30299806 575620 6820 1.0
00:12:19.943 119847202 30124205 581756 6838 1.0
00:12:20.143 119846768 30303385 575661 6827 1.0
00:12:20.343 119847565 30301565 575624 6836 1.0
00:12:20.543 119846668 30308331 575805 6815 1.0
00:12:20.943 119847007 30113562 581572 6840 1.0
00:12:21.143 119847494 30305360 575694 6837 1.0
00:12:21.343 119846630 30313908 575870 6831 1.0
00:12:21.543 119847420 30306355 575790 6840 1.0
00:12:21.943 119847268 30111060 581495 6846 1.0
00:12:22.143 119847380 30311358 575846 6842 1.0
00:12:22.343 119846701 30305660 575735 6820 1.0
00:12:22.543 119847451 30305062 575694 6831 1.0
00:12:22.943 119847920 30110015 581478 6818 1.0
00:12:23.143 119846671 30310260 575798 6834 1.0
00:12:23.343 119847532 30303156 575709 6817 1.0
00:12:23.543 119846682 30303850 575630 6828 1.0
00:12:23.943 119847085 30113923 581581 6842 1.0
00:12:24.143 119846745 30315362 575896 6827 1.0
00:12:24.343 119847437 30305379 575710 6824 1.0
00:12:24.543 119846771 30304326 575719 6829 1.0
00:12:24.943 119847213 30125691 581764 6837 1.0
00:12:25.143 119847521 30304593 575744 6822 1.0
00:12:25.343 119846678 30308889 575764 6812 1.0
00:12:25.543 119847528 30312555 575859 6825 1.0
00:12:25.943 119847087 30206139 578594 6832 1.0
00:12:26.143 119847506 30304959 575724 6830 1.0
00:12:26.343 119846765 30313965 575895 6837 1.0
00:12:26.743 119846922 30594652 580390 6820 1.0
00:12:26.943 119847416 31198697 573528 6784 1.0
00:12:27.143 119846765 30306124 575785 6828 1.0
00:12:27.343 119847405 30300495 575628 6831 1.0
00:12:27.743 119847063 30119463 581632 6831 1.0
00:12:27.943 119847548 31695550 572328 6783 1.0
00:12:28.143 119846649 30305338 575674 6831 1.0
00:12:28.343 119847438 30311222 575825 6821 1.0
00:12:28.743 119847837 30113516 581519 6839 1.0
00:12:28.943 119846666 31679430 572334 6784 1.0
00:12:29.143 119847460 30314099 575901 6833 1.0
00:12:29.343 119846796 30300414 575632 6831 1.0
00:12:29.743 119847203 30121518 581716 6839 1.0
00:12:29.943 119846689 31703575 572236 6802 1.0
00:12:30.143 119847568 30302871 575699 6828 1.0
00:12:30.343 119846700 30300550 575639 6822 1.0
00:12:30.743 119847028 30115234 581575 6835 1.0
00:12:30.943 119847495 31771051 572156 6802 1.0
00:12:31.143 119846704 30308897 575804 6812 1.0
00:12:31.343 119847449 30304031 575635 6825 1.0
00:12:31.743 119847044 30109492 581463 6828 1.0
00:12:31.943 119847639 31688960 572421 6788 1.0
00:12:32.143 119846710 30308796 575785 6815 1.0
00:12:32.343 119847347 30303895 575645 6829 1.0
00:12:32.743 119847902 30117556 581677 6827 1.0
00:12:32.943 119846629 31762989 572187 6797 1.0
00:12:33.143 119847456 30299904 575621 6817 1.0
00:12:33.343 119846595 30315161 575878 6842 1.0
00:12:33.743 119847997 30112408 581541 6824 1.0
00:12:33.943 119846796 31761638 572247 6769 1.0
00:12:34.143 119847574 30311564 575835 6844 1.0
00:12:34.343 119846723 30308239 575747 6829 1.0
00:12:34.743 119847121 30121569 581687 6821 1.0
00:12:34.943 119847541 31665597 572367 6799 1.0
00:12:35.143 119846688 30307152 575718 6836 1.0
00:12:35.343 119847389 30308226 575777 6834 1.0
00:12:35.743 119847136 30110680 581495 6825 1.0
00:12:35.943 119847511 31732807 572227 6787 1.0
00:12:36.143 119846649 30311744 575840 6837 1.0
00:12:36.343 119847433 30306383 575697 6818 1.0
00:12:36.743 119847897 30116463 581623 6842 1.0
00:12:36.943 119846565 31726993 572236 6798 1.0
00:12:37.143 119847574 30299458 575583 6816 1.0
00:12:37.343 119846676 30307892 575806 6828 1.0
00:12:37.743 119847862 30115186 581562 6841 1.0
00:12:37.943 119846624 31746600 572169 6778 1.0
00:12:38.143 119847632 30310851 575825 6831 1.0
00:12:38.343 119846671 30314918 575862 6828 1.0
00:12:38.743 119847046 30113321 581545 6823 1.0
00:12:38.943 119847512 31726580 572345 6798 1.0
00:12:39.143 119846787 30298966 575598 6835 1.0
00:12:39.343 119846644 30306323 575722 6826 1.0
00:12:39.743 119846997 30113754 581506 6836 1.0
00:12:39.943 119847503 31753461 572025 6788 1.0
00:12:40.143 119846696 30308962 575788 6834 1.0
00:12:40.343 119847514 30310100 575841 6837 1.0
00:12:40.743 119847790 30117544 581583 6840 1.0
00:12:40.943 119846754 31704689 572184 6767 1.0
00:12:41.143 119847497 30317939 576002 6843 1.0
00:12:41.343 119846807 30311263 575824 6823 1.0
00:12:41.743 119847846 30123507 581739 6848 1.0
00:12:41.943 119846738 31702576 572231 6789 1.0
00:12:42.143 119847517 30307377 575724 6839 1.0
00:12:42.343 119846592 30300639 575641 6821 1.0
00:12:42.743 119847088 30112634 581504 6833 1.0
00:12:42.943 119847507 31739679 572177 6789 1.0
00:12:43.143 119846773 30315061 575900 6849 1.0
00:12:43.343 119846667 30312232 575846 6829 1.0
00:12:43.743 119847106 30110669 581494 6832 1.0
00:12:43.943 119847463 31689517 572440 6791 1.0
00:12:44.143 119846681 30307131 575805 6844 1.0
00:12:44.343 119847399 30307263 575721 6831 1.0
00:12:44.743 119847910 30118149 581683 6836 1.0
00:12:44.943 119846782 31765459 572016 6786 1.0
00:12:45.143 119846684 30310027 575808 6820 1.0
00:12:45.343 119847371 30313232 575863 6832 1.0
00:12:45.743 119847827 30111974 581528 6829 1.0
00:12:45.943 119846755 31681908 572548 6804 1.0
00:12:46.143 119847428 30306106 575692 6831 1.0
00:12:46.343 119846606 30303583 575716 6827 1.0
00:12:46.743 119847216 30123135 581730 6839 1.0
00:12:46.943 119846651 31729722 572289 6810 1.0
00:12:47.143 119847399 30307809 575742 6842 1.0
00:12:47.343 119846738 30312973 575870 6814 1.0
00:12:47.743 119847137 30139748 580420 6834 1.0
00:12:47.943 119847520 31709199 572316 6788 1.0
00:12:48.143 119846655 30305918 575736 6836 1.0
00:12:48.343 119847455 30307102 575760 6836 1.0
00:12:48.743 119847902 30266360 577078 6813 1.0
00:12:48.943 119846667 31669461 572288 6794 1.0
00:12:49.143 119846741 30302450 575691 6824 1.0
00:12:49.543 119847029 30122646 581717 6838 1.0
00:12:49.743 119847494 30306866 575798 6825 1.0
00:12:49.943 119846670 31716336 572220 6790 1.0
00:12:50.143 119847463 30314769 575857 6823 1.0
00:12:50.543 119847835 30113557 581569 6832 1.0
00:12:50.743 119846843 30305840 575683 6825 1.0
00:12:50.943 119846852 31755598 572336 6791 1.0
00:12:51.143 119847471 30302070 575668 6815 1.0
00:12:51.543 119847895 30116431 581647 6835 1.0
00:12:51.743 119846717 30309226 575771 6823 1.0
00:12:51.943 119847592 31695845 572189 6784 1.0
00:12:52.143 119846690 30308037 575764 6838 1.0
00:12:52.543 119846997 30112950 581535 6835 1.0
00:12:52.743 119846661 30306760 575727 6831 1.0
00:12:52.943 119847594 31755868 572110 6774 1.0
00:12:53.143 119846745 30311731 575840 6816 1.0
00:12:53.543 119847046 30113209 581513 6829 1.0
00:12:53.743 119847358 30311940 575841 6827 1.0
00:12:53.943 119846646 31732394 572236 6782 1.0
00:12:54.143 119847687 30306633 575730 6811 1.0
00:12:54.543 119847805 30122909 581727 6832 1.0
00:12:54.743 119846638 30303246 575704 6828 1.0
00:12:54.943 119846898 31675958 572339 6785 1.0
00:12:55.143 119847477 30314251 575880 6830 1.0
00:12:55.543 119847766 30116017 581635 6838 1.0
00:12:55.743 119846596 30306890 575709 6833 1.0
00:12:55.943 119847568 31741992 572253 6784 1.0
00:12:56.143 119846702 30304799 575733 6829 1.0
00:12:56.543 119847045 30120199 581650 6840 1.0
00:12:56.743 119846783 30305757 575811 6813 1.0
00:12:56.943 119847485 31671824 572262 6789 1.0
00:12:57.143 119846646 30310504 575842 6838 1.0
00:12:57.543 119847184 30114958 581544 6830 1.0
00:12:57.743 119847442 30306316 575789 6825 1.0
00:12:57.943 119846722 31731220 572379 6798 1.0
00:12:58.143 119847448 30307223 575722 6823 1.0
00:12:58.543 119847151 30118217 581600 6819 1.0
00:12:58.743 119847565 30313633 575889 6827 1.0
00:12:58.943 119846694 31755375 572121 6786 1.0
00:12:59.143 119847525 30312039 575846 6833 1.0
00:12:59.543 119847860 30112084 581524 6835 1.0
00:12:59.743 119846713 30307139 575810 6832 1.0
00:12:59.943 119847475 31755317 572084 6787 1.0
00:13:00.143 119846728 30313147 575875 6822 1.0
00:13:00.543 119847276 30112811 581526 6834 1.0
00:13:00.743 119846656 30302965 575699 6835 1.0
00:13:00.943 119847585 31737410 572078 6797 1.0
00:13:01.143 119846804 30306604 575703 6833 1.0
00:13:01.543 119847164 30123669 581742 6836 1.0
00:13:01.743 119847445 30307801 575733 6839 1.0
00:13:01.943 119846919 31744342 572207 6775 1.0
00:13:02.143 119847280 30314870 575849 6834 1.0
00:13:02.543 119847130 30112458 581541 6838 1.0
00:13:02.743 119847383 30305617 575675 6825 1.0
00:13:02.943 119846691 31761246 572347 6777 1.0
00:13:03.143 119847457 30307517 575729 6837 1.0
00:13:03.543 119847830 30119856 581642 6824 1.0
00:13:03.743 119846671 30304389 575727 6837 1.0
00:13:03.943 119847359 31743476 572097 6797 1.0
00:13:04.143 119846673 30306970 575722 6841 1.0
00:13:04.543 119847801 30114479 581499 6826 1.0
00:13:04.743 119846606 30308264 575840 6838 1.0
00:13:04.943 119847371 31697565 572332 6790 1.0
00:13:05.143 119846782 30304767 575747 6823 1.0
00:13:05.543 119847061 30111949 581526 6834 1.0
00:13:05.743 119847549 30309028 575780 6833 1.0
00:13:05.943 119846714 31744496 572236 6796 1.0
00:13:06.143 119847328 30305146 575720 6823 1.0
00:13:06.543 119847222 30108816 581446 6836 1.0
00:13:06.743 119847321 30304682 575745 6834 1.0
00:13:06.943 119846850 31734161 572187 6783 1.0
00:13:07.143 119847455 30313176 575874 6829 1.0
00:13:07.543 119847877 30112541 581544 6837 1.0
00:13:07.743 119846696 30314991 575921 6831 1.0
00:13:07.943 119847402 31719709 572103 6799 1.0
00:13:08.143 119846741 30303465 575714 6821 1.0
00:13:08.543 119847807 30119697 581729 6833 1.0
00:13:08.743 119846736 30304101 575640 6824 1.0
00:13:08.943 119847552 31715624 572179 6788 1.0
00:13:09.143 119846657 30309436 575776 6840 1.0
00:13:09.543 119847019 30117881 581564 6840 1.0
00:13:09.743 119847394 30306190 575779 6837 1.0
00:13:09.943 119846723 31710006 572475 6787 1.0
00:13:10.143 119846713 30310803 575813 6817 1.0
00:13:10.543 119847079 30203907 578527 6824 1.0
00:13:10.743 119847454 30317344 575963 6835 1.0
00:13:10.943 119846796 31684587 572269 6785 1.0
00:13:11.343 119847019 30126965 581829 6829 1.0
00:13:11.543 119847592 30299262 575606 6815 1.0
00:13:11.743 119846658 30308872 575762 6854 1.0
00:13:11.943 119846754 31708717 572216 6778 1.0
00:13:12.343 119847121 30109294 581458 6832 1.0
00:13:12.543 119847559 30306499 575702 6823 1.0
00:13:12.743 119846710 30311805 575841 6823 1.0
00:13:12.943 119847557 31740710 572176 6804 1.0
00:13:13.343 119847790 30113407 581568 6835 1.0
00:13:13.543 119846693 30310630 575808 6826 1.0
00:13:13.743 119847426 30303594 575717 6834 1.0
00:13:13.943 119846732 31712738 572191 6787 1.0
00:13:14.343 119847843 30114072 581495 6824 1.0
00:13:14.543 119846626 30305947 575779 6841 1.0
00:13:14.743 119847415 30303722 575650 6828 1.0
00:13:14.943 119846801 31682266 572673 6795 1.0
00:13:15.343 119847107 30112317 581538 6832 1.0
00:13:15.543 119847387 30315855 575947 6820 1.0
00:13:15.743 119846756 30308528 575753 6828 1.0
00:13:15.943 119846627 31738459 572227 6806 1.0
00:13:16.343 119847064 30121871 581697 6818 1.0
00:13:16.543 119847544 30306256 575787 6827 1.0
00:13:16.743 119846546 30305252 575666 6831 1.0
00:13:16.943 119847583 31748280 572302 6789 1.0
00:13:17.343 119847849 30111684 581522 6832 1.0
00:13:17.543 119846604 30298650 575587 6819 1.0
00:13:17.743 119846587 30313209 575878 6826 1.0
00:13:17.943 119847396 31721387 572355 6780 1.0
00:13:18.343 119847911 30119718 581639 6842 1.0
00:13:18.543 119846804 30305836 575776 6834 1.0
00:13:18.743 119847493 30307845 575735 6837 1.0
00:13:18.943 119846775 31731460 572348 6799 1.0
00:13:19.343 119847185 30109778 581486 6823 1.0
00:13:19.543 119847545 30307328 575802 6826 1.0
00:13:19.743 119846651 30318441 575919 6816 1.0
00:13:19.943 119846694 31703489 572226 6795 1.0
00:13:20.343 119847114 30115777 581534 6842 1.0
00:13:20.543 119847577 30308286 575814 6820 1.0
00:13:20.743 119846715 30304662 575678 6841 1.0
00:13:20.943 119847599 31768026 572141 6794 1.0
00:13:21.343 119847769 30113160 581559 6838 1.0
00:13:21.543 119846777 30303775 575724 6818 1.0
00:13:21.743 119846802 30302703 575622 6831 1.0
00:13:21.943 119847493 31706081 572480 6787 1.0
00:13:22.343 119847895 30114982 581571 6834 1.0
00:13:22.543 119846691 30313035 575846 6827 1.0
00:13:22.743 119847479 30302885 575667 6820 1.0
00:13:22.943 119846748 31717991 572337 6790 1.0
00:13:23.343 119847006 30118265 581664 6832 1.0
00:13:23.543 119846716 30307546 575726 6825 1.0
00:13:23.743 119847620 30304069 575730 6819 1.0
00:13:23.943 119846805 31685506 572571 6781 1.0
00:13:24.343 119847109 30112032 581500 6830 1.0
00:13:24.543 119847581 30308223 575805 6829 1.0
00:13:24.743 119846694 30305160 575666 6819 1.0
00:13:24.943 119847491 31751393 572190 6793 1.0
00:13:25.343 119847766 30116931 581571 6831 1.0
00:13:25.543 119846721 30307619 575818 6816 1.0
00:13:25.743 119846676 30307650 575732 6820 1.0
00:13:25.943 119847437 31699488 572279 6781 1.0
00:13:26.343 119847660 30115698 581550 6841 1.0
00:13:26.543 119846623 30303957 575727 6826 1.0
00:13:26.743 119847446 30309324 575774 6824 1.0
00:13:26.943 119846850 31689017 572517 6797 1.0
00:13:27.343 119847159 30107104 581476 6830 1.0
00:13:27.543 119846589 30311450 575831 6828 1.0
00:13:27.743 119847450 30307106 575716 6828 1.0
00:13:27.943 119846845 31738416 572165 6777 1.0
00:13:28.343 119847156 30126146 581758 6844 1.0
00:13:28.543 119847609 30309167 575840 6832 1.0
00:13:28.743 119846762 30302786 575601 6837 1.0
00:13:28.943 119847543 31686931 572477 6797 1.0
00:13:29.343 119847203 30111220 581510 6831 1.0
00:13:29.543 119847491 30308847 575783 6830 1.0
00:13:29.743 119846828 30314951 575913 6814 1.0
00:13:29.943 119847569 31667571 572297 6787 1.0
00:13:30.343 119847704 30117843 581665 6844 1.0
00:13:30.543 119846654 30309259 575772 6845 1.0
00:13:30.743 119847462 30301900 575674 6839 1.0
00:13:30.943 119846635 31696755 572204 6790 1.0
00:13:31.343 119847794 30118859 581615 6831 1.0
00:13:31.543 119846802 30309960 575792 6831 1.0
00:13:31.743 119847424 30314612 575912 6842 1.0
00:13:31.943 119846813 31754932 572170 6797 1.0
00:13:32.343 119847132 30132891 580799 6835 1.0
00:13:32.543 119847466 30311422 575830 6825 1.0
00:13:32.743 119846630 30302037 575677 6828 1.0
00:13:32.943 119847573 31681696 572339 6802 1.0
00:13:33.343 119847277 30246618 577117 6809 1.0
00:13:33.543 119847523 30302088 575678 6833 1.0
00:13:33.743 119846718 30306657 575704 6824 1.0
00:13:34.143 119847137 30117008 581608 6831 1.0
00:13:34.343 119847524 30301646 575630 6829 1.0
00:13:34.543 119846698 30307294 575799 6831 1.0
00:13:34.743 119847505 30302893 575625 6821 1.0
00:13:35.143 119847105 30109043 581451 6841 1.0
00:13:35.343 119847474 30318888 576030 6832 1.0
00:13:35.543 119846644 30304208 575639 6825 1.0
00:13:35.743 119847455 30306586 575799 6820 1.0
00:13:36.143 119847829 30109220 581454 6819 1.0
00:13:36.343 119846735 30306382 575792 6835 1.0
00:13:36.543 119847364 30305847 575683 6835 1.0
00:13:36.743 119846705 30319122 576032 6843 1.0
00:13:37.143 119847808 30113487 581531 6833 1.0
00:13:37.343 119846725 30307572 575767 6818 1.0
00:13:37.543 119847584 30303003 575662 6833 1.0
00:13:37.743 119846748 30302988 575647 6833 1.0
00:13:38.143 119847167 30120056 581647 6830 1.0
00:13:38.343 119847520 30306951 575762 6833 1.0
00:13:38.543 119846772 30306863 575756 6824 1.0
00:13:38.743 119847460 30309177 575771 6826 1.0
00:13:39.143 119847208 30116349 581642 6835 1.0
00:13:39.343 119847472 30307880 575739 6835 1.0
00:13:39.543 119846719 30318188 575948 6841 1.0
00:13:39.743 119847409 30303351 575678 6828 1.0
00:13:40.143 119847952 30124392 581764 6830 1.0
00:13:40.343 119846623 30306642 575796 6831 1.0
00:13:40.543 119847358 30301517 575601 6827 1.0
00:13:40.743 119846618 30304658 575714 6822 1.0
00:13:41.143 119847995 30113791 581511 6838 1.0
00:13:41.343 119846783 30307336 575817 6829 1.0
00:13:41.543 119847373 30307586 575729 6829 1.0
00:13:41.743 119846862 30301220 575654 6824 1.0
00:13:42.143 119847172 30108373 581435 6839 1.0
00:13:42.343 119847417 30307637 575733 6839 1.0
00:13:42.543 119846695 30307357 575816 6835 1.0
00:13:42.743 119846783 30307246 575719 6825 1.0
00:13:43.143 119847028 30112126 581500 6826 1.0
00:13:43.343 119847526 30307121 575776 6812 1.0
00:13:43.543 119846672 30307759 575735 6834 1.0
00:13:43.743 119847494 30313444 575884 6822 1.0
00:13:44.143 119847834 30115288 581555 6833 1.0
00:13:44.343 119846687 30311518 575833 6842 1.0
00:13:44.543 119847508 30309316 575794 6821 1.0
00:13:44.743 119846787 30298785 575588 6819 1.0
00:13:45.143 119848006 30124016 581753 6841 1.0
00:13:45.343 119846566 30308933 575768 6837 1.0
00:13:45.543 119847617 30298423 575583 6824 1.0
00:13:45.743 119846602 30307338 575722 6827 1.0
00:13:46.143 119847024 30113728 581575 6828 1.0
00:13:46.343 119847497 30301189 575584 6832 1.0
00:13:46.543 119846729 30316154 575930 6827 1.0
00:13:46.743 119846746 30304903 575750 6814 1.0
00:13:47.143 119847132 30115245 581613 6837 1.0
00:13:47.343 119847481 30311412 575831 6835 1.0
00:13:47.543 119846789 30305154 575665 6822 1.0
00:13:47.743 119847371 30310260 575806 6832 1.0
00:13:48.143 119847931 30113160 581532 6829 1.0
00:13:48.343 119846725 30303888 575726 6821 1.0
00:13:48.543 119846761 30305347 575671 6819 1.0
00:13:48.743 119847390 30315071 575925 6819 1.0
00:13:49.143 119847884 30117443 581585 6836 1.0
00:13:49.343 119846543 30311013 575819 6824 1.0
00:13:49.543 119847481 30307568 575778 6826 1.0
00:13:49.743 119846591 30303593 575667 6848 1.0
00:13:50.143 119846982 30121125 581675 6835 1.0
00:13:50.343 119847482 30298980 575598 6836 1.0
00:13:50.543 119846859 30302663 575694 6835 1.0
00:13:50.743 119846779 30308147 575742 6825 1.0
00:13:51.143 119847035 30112612 581547 6825 1.0
00:13:51.343 119847565 30303472 575711 6829 1.0
00:13:51.543 119846762 30312962 575846 6813 1.0
00:13:51.743 119847505 30306217 575717 6837 1.0
00:13:52.143 119847742 30118981 581689 6842 1.0
00:13:52.343 119846780 30305527 575678 6835 1.0
00:13:52.543 119846840 30302621 575690 6820 1.0
00:13:52.743 119847446 30307942 575739 6825 1.0
00:13:53.143 119847937 30116400 581552 6835 1.0
00:13:53.343 119846735 30307509 575799 6825 1.0
00:13:53.543 119847480 30312207 575841 6823 1.0
00:13:53.743 119846624 30306359 575732 6824 1.0
00:13:54.143 119847049 30116866 581579 6846 1.0
00:13:54.343 119846725 30311274 575847 6823 1.0
00:13:54.543 119847403 30305416 575697 6819 1.0
00:13:54.743 119846727 30306530 575732 6829 1.0
00:13:55.143 119847111 30204042 578510 6831 1.0
00:13:55.343 119847472 30310402 575806 6817 1.0
00:13:55.543 119846691 30300119 575623 6829 1.0
00:13:55.943 119847060 30909879 579468 6806 1.0
00:13:56.143 119846738 30950834 574140 6809 1.0
00:13:56.343 119847460 30312013 575847 6812 1.0
00:13:56.543 119846633 30302631 575691 6835 1.0
00:13:56.943 119847081 30115792 581628 6829 1.0
00:13:57.143 119847559 31685087 572546 6786 1.0
00:13:57.343 119846664 30303435 575635 6836 1.0
00:13:57.543 119847511 30305191 575746 6822 1.0
00:13:57.943 119847884 30114449 581594 6834 1.0
00:13:58.143 119846726 31692337 572224 6786 1.0
00:13:58.343 119846788 30305839 575707 6833 1.0
00:13:58.543 119847412 30314585 575888 6829 1.0
00:13:58.943 119847898 30108063 581426 6829 1.0
00:13:59.143 119846740 31736259 572288 6787 1.0
00:13:59.343 119847503 30306971 575714 6834 1.0
00:13:59.543 119846579 30303473 575713 6820 1.0
00:13:59.943 119846993 30126261 581811 6856 1.0
00:14:00.143 119846682 31751805 572115 6803 1.0
00:14:00.343 119847386 30303576 575716 6822 1.0
00:14:00.543 119846726 30311313 575826 6817 1.0
00:14:00.943 119847094 30116100 581638 6846 1.0
00:14:01.143 119847514 31702342 572267 6789 1.0
00:14:01.343 119846674 30308296 575780 6824 1.0
00:14:01.543 119847497 30306234 575693 6819 1.0
00:14:01.943 119847128 30113288 581562 6836 1.0
00:14:02.143 119847512 31753791 572135 6786 1.0
00:14:02.343 119846623 30310176 575797 6830 1.0
00:14:02.543 119847490 30308748 575757 6824 1.0
00:14:02.943 119847706 30108456 581437 6834 1.0
00:14:03.143 119846738 31697894 572243 6790 1.0
00:14:03.343 119847323 30301903 575670 6825 1.0
00:14:03.543 119846716 30304983 575667 6841 1.0
00:14:03.943 119847152 30113201 581563 6827 1.0
00:14:04.143 119846798 31771394 572298 6800 1.0
00:14:04.343 119847413 30300723 575583 6830 1.0
00:14:04.543 119846763 30304953 575747 6837 1.0
00:14:04.943 119846999 30125661 581796 6842 1.0
00:14:05.143 119847616 31757659 572135 6784 1.0
00:14:05.343 119846556 30303091 575612 6832 1.0
00:14:05.543 119847455 30317257 575982 6831 1.0
00:14:05.943 119847164 30111107 581506 6830 1.0
00:14:06.143 119847473 31733292 572110 6798 1.0
00:14:06.343 119846619 30307034 575719 6837 1.0
00:14:06.543 119847549 30306311 575781 6834 1.0
00:14:06.943 119847856 30113436 581542 6824 1.0
00:14:07.143 119846752 31698823 572238 6793 1.0
00:14:07.343 119847550 30304486 575741 6830 1.0
00:14:07.543 119846738 30311218 575826 6832 1.0
00:14:07.943 119847954 30112187 581495 6823 1.0
00:14:08.143 119846733 31688289 572236 6781 1.0
00:14:08.343 119847437 30311863 575842 6835 1.0
00:14:08.543 119846683 30305627 575679 6846 1.0
00:14:08.943 119847185 30117361 581576 6829 1.0
00:14:09.143 119847469 31763536 572324 6788 1.0
00:14:09.343 119846626 30304723 575727 6824 1.0
00:14:09.543 119847585 30302745 575620 6827 1.0
00:14:09.943 119847163 30112460 581542 6830 1.0
00:14:10.143 119847462 31699948 572304 6786 1.0
00:14:10.343 119846678 30298678 575588 6836 1.0
00:14:10.543 119847470 30308900 575764 6820 1.0
00:14:10.943 119847767 30108531 581490 6833 1.0
00:14:11.143 119846692 31766337 572234 6788 1.0
00:14:11.343 119847425 30302581 575599 6827 1.0
00:14:11.543 119846794 30302974 575701 6826 1.0
00:14:11.943 119847918 30116498 581565 6841 1.0
00:14:12.143 119846737 31731932 572166 6778 1.0
00:14:12.343 119847504 30303332 575632 6827 1.0
00:14:12.543 119846677 30316927 575974 6821 1.0
00:14:12.943 119846994 30111878 581526 6846 1.0
00:14:13.143 119847456 31742357 572163 6791 1.0
00:14:13.343 119846682 30312968 575871 6819 1.0
00:14:13.543 119846750 30306232 575693 6840 1.0
00:14:13.943 119847127 30124358 581760 6838 1.0
00:14:14.143 119847456 31684530 572424 6789 1.0
00:14:14.343 119846666 30303178 575613 6827 1.0
00:14:14.543 119847543 30303266 575709 6825 1.0
00:14:14.943 119847974 30114364 581593 6836 1.0
00:14:15.143 119846638 31731761 572214 6780 1.0
00:14:15.343 119846754 30306747 575732 6831 1.0
00:14:15.543 119847481 30303226 575685 6826 1.0
00:14:15.943 119847814 30111087 581506 6830 1.0
00:14:16.143 119846693 31744315 572240 6802 1.0
00:14:16.343 119847386 30307806 575785 6831 1.0
00:14:16.543 119846638 30310000 575837 6825 1.0
00:14:16.943 119847090 30130863 581247 6837 1.0
00:14:17.143 119847498 31742658 572227 6788 1.0
00:14:17.343 119846747 30303320 575617 6827 1.0
00:14:17.543 119846704 30312836 575868 6822 1.0
00:14:17.943 119847165 30247589 577609 6811 1.0
00:14:18.143 119847461 31695193 572518 6788 1.0
00:14:18.343 119846463 30303200 575709 6828 1.0
00:14:18.743 119847030 30116626 581651 6838 1.0
00:14:18.943 119847406 30309555 575780 6832 1.0
00:14:19.143 119846853 31729203 572258 6784 1.0
00:14:19.343 119846800 30308400 575752 6827 1.0
00:14:19.743 119847092 30115042 581611 6830 1.0
00:14:19.943 119847379 30306051 575690 6834 1.0
00:14:20.143 119846846 31732645 572232 6782 1.0
00:14:20.343 119847521 30304633 575676 6813 1.0
00:14:20.743 119847835 30110440 581489 6824 1.0
00:14:20.943 119846824 30299231 575603 6809 1.0
00:14:21.143 119846786 31720462 572469 6803 1.0
00:14:21.343 119847432 30305384 575671 6832 1.0
00:14:21.743 119847773 30117124 581573 6847 1.0
00:14:21.943 119846677 30311452 575830 6818 1.0
00:14:22.143 119847592 31669188 572300 6791 1.0
00:14:22.343 119846644 30309709 575785 6827 1.0
00:14:22.743 119847010 30116622 581650 6834 1.0
00:14:22.943 119847535 30302154 575644 6828 1.0
00:14:23.143 119846682 31676003 572373 6787 1.0
00:14:23.343 119846619 30308810 575761 6830 1.0
00:14:23.743 119846966 30112173 581535 6838 1.0
00:14:23.943 119847543 30310975 575819 6819 1.0
00:14:24.143 119846795 31693609 572306 6801 1.0
00:14:24.343 119847562 30312643 575864 6821 1.0
00:14:24.743 119848036 30109515 581465 6828 1.0
00:14:24.943 119846628 30302368 575685 6832 1.0
00:14:25.143 119846801 31734015 572250 6784 1.0
00:14:25.343 119847336 30315263 575883 6839 1.0
00:14:25.743 119847920 30115898 581575 6834 1.0
00:14:25.943 119846724 30310704 575810 6827 1.0
00:14:26.143 119847395 31671722 572256 6781 1.0
00:14:26.343 119846686 30302600 575692 6816 1.0
00:14:26.743 119847104 30123589 581758 6820 1.0
00:14:26.943 119846914 30302398 575621 6822 1.0
00:14:27.143 119847589 31694845 572205 6803 1.0
00:14:27.343 119846754 30313880 575895 6839 1.0
00:14:27.743 119847046 30115308 581608 6837 1.0
00:14:27.943 119847542 30309289 575782 6828 1.0
00:14:28.143 119846686 31722372 572295 6789 1.0
00:14:28.343 119847483 30303143 575665 6830 1.0
00:14:28.743 119847911 30125408 581789 6831 1.0
00:14:28.943 119846554 30302430 575646 6829 1.0
00:14:29.143 119846781 31733711 572215 6787 1.0
00:14:29.343 119847546 30305554 575678 6832 1.0
00:14:29.743 119847832 30113238 581562 6832 1.0
00:14:29.943 119846614 30307646 575730 6844 1.0
00:14:30.143 119847505 31733380 572456 6796 1.0
00:14:30.343 119846742 30307277 575744 6831 1.0
00:14:30.743 119847068 30113658 581575 6814 1.0
00:14:30.943 119846695 30316421 575867 6838 1.0
00:14:31.143 119847555 31707274 572334 6781 1.0
00:14:31.343 119846592 30308500 575754 6831 1.0
00:14:31.743 119847124 30114219 581564 6834 1.0
00:14:31.943 119847616 30302278 575683 6821 1.0
00:14:32.143 119846709 31685855 572330 6781 1.0
00:14:32.343 119847424 30314094 575885 6825 1.0
00:14:32.743 119847142 30110714 581495 6835 1.0
00:14:32.943 119847433 30317250 575963 6836 1.0
00:14:33.143 119846720 31770250 572236 6785 1.0
00:14:33.344 119847420 30305164 575704 6833 1.0
00:14:33.744 119847853 30122340 581740 6834 1.0
00:14:33.944 119846659 30305152 575665 6825 1.0
00:14:34.144 119847503 31681846 572260 6789 1.0
00:14:34.344 119846730 30311976 575846 6825 1.0
00:14:34.744 119847092 30112364 581533 6832 1.0
00:14:34.944 119846742 30303377 575623 6819 1.0
00:14:35.144 119847385 31727217 572196 6806 1.0
00:14:35.344 119846764 30303325 575630 6831 1.0
00:14:35.744 119847239 30119983 581645 6835 1.0
00:14:35.944 119847381 30308701 575758 6836 1.0
00:14:36.144 119846639 31738965 572153 6783 1.0
00:14:36.344 119847541 30303098 575622 6834 1.0
00:14:36.744 119847047 30112313 581500 6839 1.0
00:14:36.944 119847442 30305233 575763 6835 1.0
00:14:37.144 119846777 31711488 572343 6790 1.0
00:14:37.344 119847459 30309006 575812 6829 1.0
00:14:37.744 119847952 30109873 581473 6836 1.0
00:14:37.944 119846587 30318352 576002 6844 1.0
00:14:38.144 119847499 31767023 572221 6777 1.0
00:14:38.344 119846695 30305758 575682 6822 1.0
00:14:38.744 119847940 30122122 581738 6844 1.0
00:14:38.944 119846827 30303579 575682 6828 1.0
00:14:39.144 119847496 31722581 572137 6793 1.0
00:14:39.344 119846633 30313090 575846 6830 1.0
00:14:39.744 119847208 30209519 578671 6820 1.0
00:14:39.944 119847428 30306012 575691 6824 1.0
00:14:40.144 119846775 31703461 572375 6796 1.0
00:14:40.544 119847924 30113363 581566 6819 1.0
00:14:40.744 119846601 30314064 575900 6820 1.0
00:14:40.944 119847358 30307479 575728 6825 1.0
00:14:41.144 119846762 31675452 572352 6793 1.0
00:14:41.544 119847096 30118181 581599 6838 1.0
00:14:41.744 119847519 30302410 575686 6824 1.0
00:14:41.944 119846709 30306987 575724 6825 1.0
00:14:42.144 119847519 31693014 572510 6791 1.0
00:14:42.544 119847103 30110468 581500 6834 1.0
00:14:42.744 119847502 30301647 575627 6840 1.0
00:14:42.944 119846757 30308325 575802 6819 1.0
00:14:43.144 119847422 31739733 572292 6792 1.0
00:14:43.544 119847953 30116691 581652 6836 1.0
00:14:43.744 119846633 30307728 575732 6825 1.0
00:14:43.944 119847589 30308624 575756 6832 1.0
00:14:44.144 119846799 31750895 572214 6793 1.0
00:14:44.544 119847693 30111348 581495 6840 1.0
00:14:44.744 119846721 30304422 575698 6810 1.0
00:14:44.944 119847387 30312508 575856 6827 1.0
00:14:45.144 119846759 31702441 572262 6781 1.0
00:14:45.544 119847092 30112528 581500 6837 1.0
00:14:45.744 119847540 30315242 575907 6811 1.0
00:14:45.944 119846480 30305470 575767 6836 1.0
00:14:46.144 119846694 31688129 572339 6801 1.0
00:14:46.544 119847140 30110210 581483 6829 1.0
00:14:46.744 119847405 30301953 575673 6837 1.0
00:14:46.944 119846746 30303333 575619 6833 1.0
00:14:47.144 119847500 31681694 572486 6787 1.0
00:14:47.544 119847929 30117498 581581 6842 1.0
00:14:47.744 119846660 30309351 575836 6813 1.0
00:14:47.944 119847299 30308075 575776 6834 1.0
00:14:48.144 119846746 31673873 572288 6785 1.0
00:14:48.544 119847843 30120480 581660 6835 1.0
00:14:48.744 119846662 30306031 575781 6837 1.0
00:14:48.944 119847430 30302857 575605 6832 1.0
00:14:49.144 119846688 31678981 572540 6790 1.0
00:14:49.544 119847210 30108589 581441 6831 1.0
00:14:49.744 119847411 30313184 575878 6818 1.0
00:14:49.944 119846670 30311455 575831 6836 1.0
00:14:50.144 119846820 31732137 572259 6777 1.0
00:14:50.544 119847143 30121402 581684 6851 1.0
00:14:50.744 119847429 30305912 575777 6836 1.0
00:14:50.944 119846692 30303203 575628 6827 1.0
00:14:51.144 119847413 31705217 572231 6795 1.0
00:14:51.544 119847729 30109999 581478 6828 1.0
00:14:51.744 119846614 30301512 575663 6821 1.0
00:14:51.944 119846744 30310935 575816 6823 1.0
00:14:52.144 119847400 31677142 572298 6792 1.0
00:14:52.544 119847892 30114572 581585 6820 1.0
00:14:52.744 119846670 30308689 575773 6816 1.0
00:14:52.944 119847679 30299847 575620 6821 1.0
00:14:53.144 119846595 31739623 572210 6792 1.0
00:14:53.544 119847017 30112041 581500 6832 1.0
00:14:53.744 119847431 30308728 575829 6820 1.0
00:14:53.944 119846582 30304743 575656 6822 1.0
00:14:54.144 119846677 31704042 572448 6793 1.0
00:14:54.544 119847147 30119300 581628 6836 1.0
00:14:54.744 119847413 30307670 575746 6825 1.0
00:14:54.944 119846674 30308281 575825 6823 1.0
00:14:55.144 119847527 31764021 571994 6788 1.0
00:14:55.544 119847847 30121217 581678 6830 1.0
00:14:55.744 119846666 30303260 575709 6823 1.0
00:14:55.944 119846683 30307760 575733 6839 1.0
00:14:56.144 119847597 31682079 572292 6789 1.0
00:14:56.544 119847941 30114396 581505 6827 1.0
00:14:56.744 119846745 30309203 575836 6821 1.0
00:14:56.944 119847447 30307690 575760 6816 1.0
00:14:57.144 119846655 31721302 572254 6783 1.0
00:14:57.544 119847026 30116734 581637 6822 1.0
00:14:57.744 119846685 30312058 575846 6829 1.0
00:14:57.944 119847418 30306891 575728 6829 1.0
00:14:58.144 119846758 31756992 572107 6795 1.0
00:14:58.544 119847067 30117273 581624 6828 1.0
00:14:58.744 119847500 30303281 575661 6844 1.0
00:14:58.944 119846753 30306520 575768 6830 1.0
00:14:59.144 119847289 31693757 572489 6801 1.0
00:14:59.544 119847818 30112211 581495 6834 1.0
00:14:59.744 119846516 30313384 575846 6837 1.0
00:14:59.944 119846715 30306082 575782 6816 1.0
00:15:00.144 119847536 31718944 572262 6775 1.0
00:15:00.544 119847877 30120725 581672 6839 1.0
00:15:00.744 119846643 30304882 575744 6832 1.0
00:15:00.944 119847526 30303113 575685 6837 1.0
00:15:01.144 119846761 31705749 572353 6792 1.0
00:15:01.544 119847206 30116771 581398 6831 1.0
00:15:01.744 119846860 30303481 575714 6825 1.0
00:15:01.944 119847577 30314017 575897 6835 1.0
00:15:02.144 119846762 31694164 572312 6788 1.0
00:15:02.544 119847211 30240544 577908 6805 1.0
00:15:02.744 119847528 30304010 575730 6827 1.0
00:15:02.944 119846785 30306416 575697 6820 1.0
00:15:03.344 119847110 30117751 581650 6829 1.0
00:15:03.544 119846716 30307128 575717 6833 1.0
00:15:03.744 119847417 30303803 575721 6828 1.0
00:15:03.944 119846785 30313849 575895 6824 1.0
00:15:04.344 119847138 30112775 581551 6839 1.0
00:15:04.544 119847552 30305275 575668 6830 1.0
00:15:04.744 119846708 30305669 575763 6835 1.0
00:15:04.944 119847376 30302232 575595 6818 1.0
00:15:05.344 119847080 30120776 581666 6841 1.0
00:15:05.544 119847339 30306061 575784 6830 1.0
00:15:05.744 119846753 30303406 575617 6821 1.0
00:15:05.944 119847422 30304728 575746 6831 1.0
00:15:06.344 119848010 30112527 581545 6812 1.0
00:15:06.544 119846651 30305365 575765 6835 1.0
00:15:06.744 119847427 30310339 575800 6815 1.0
00:15:06.944 119846640 30300908 575636 6825 1.0
00:15:07.344 119847226 30108453 581470 6829 1.0
00:15:07.544 119846727 30314883 575876 6841 1.0
00:15:07.744 119847579 30304120 575681 6828 1.0
00:15:07.944 119846680 30305314 575749 6828 1.0
00:15:08.344 119847145 30112703 581547 6842 1.0
00:15:08.544 119847511 30311168 575827 6833 1.0
00:15:08.744 119846706 30304888 575749 6831 1.0
00:15:08.944 119847411 30315329 575858 6841 1.0
00:15:09.344 119846847 30109010 581449 6832 1.0
00:15:09.544 119847570 30306626 575796 6825 1.0
00:15:09.744 119846782 30305160 575664 6833 1.0
00:15:09.944 119847485 30307310 575783 6817 1.0
00:15:10.344 119847733 30125583 581794 6853 1.0
00:15:10.544 119846747 30307915 575770 6824 1.0
00:15:10.744 119847521 30308307 575812 6830 1.0
00:15:10.944 119846657 30316035 575877 6837 1.0
00:15:11.344 119847668 30112700 581532 6837 1.0
00:15:11.544 119846649 30307809 575809 6832 1.0
00:15:11.744 119847483 30315307 575860 6833 1.0
00:15:11.944 119846591 30302782 575695 6837 1.0
00:15:12.344 119847182 30114890 581568 6830 1.0
00:15:12.544 119847484 30310681 575842 6837 1.0
00:15:12.744 119846688 30309209 575778 6830 1.0
00:15:12.944 119847572 30306663 575703 6832 1.0
00:15:13.344 119847167 30114366 581592 6828 1.0
00:15:13.544 119847472 30310671 575814 6832 1.0
00:15:13.744 119846801 30306972 575713 6827 1.0
00:15:13.944 119847376 30306932 575771 6825 1.0
00:15:14.344 119847916 30105911 581465 6821 1.0
00:15:14.544 119846668 30317535 575897 6828 1.0
00:15:14.744 119847651 30307090 575811 6851 1.0
00:15:14.944 119846716 30305016 575662 6810 1.0
00:15:15.344 119847834 30125688 581753 6841 1.0
00:15:15.544 119846807 30306617 575781 6837 1.0
00:15:15.744 119847478 30308552 575754 6845 1.0
00:15:15.944 119846655 30314644 575916 6829 1.0
00:15:16.344 119846994 30109792 581471 6841 1.0
00:15:16.544 119847536 30304623 575658 6835 1.0
00:15:16.744 119846813 30314768 575910 6833 1.0
00:15:16.944 119846575 30304238 575734 6829 1.0
00:15:17.344 119847111 30120396 581657 6834 1.0
00:15:17.544 119847341 30303737 575723 6832 1.0
00:15:17.744 119846728 30310306 575800 6845 1.0
00:15:17.944 119847473 30311703 575837 6835 1.0
00:15:18.344 119847901 30117763 581680 6834 1.0
00:15:18.544 119846715 30302940 575651 6821 1.0
00:15:18.744 119847504 30317965 575958 6819 1.0
00:15:18.944 119846715 30305592 575729 6825 1.0
00:15:19.344 119847954 30109437 581487 6826 1.0
00:15:19.544 119846729 30313476 575854 6838 1.0
00:15:19.744 119847479 30300900 575583 6804 1.0
00:15:19.944 119846775 30302054 575679 6834 1.0
00:15:20.344 119847097 30115798 581596 6850 1.0
00:15:20.544 119847371 30301780 575612 6816 1.0
00:15:20.744 119846698 30303507 575715 6810 1.0
00:15:20.944 119846687 30312951 575870 6822 1.0
00:15:21.344 119847081 30111070 581506 6837 1.0
00:15:21.544 119847394 30312435 575856 6826 1.0
00:15:21.744 119846681 30304649 575744 6825 1.0
00:15:21.944 119847437 30307281 575722 6820 1.0
00:15:22.344 119847796 30115555 581609 6825 1.0
00:15:22.544 119846575 30310071 575796 6830 1.0
00:15:22.744 119846625 30306161 575783 6838 1.0
00:15:22.944 119847336 30318962 575937 6826 1.0
00:15:23.344 119847838 30112685 581505 6826 1.0
00:15:23.544 119846675 30301980 575624 6817 1.0
00:15:23.744 119847356 30314581 575913 6827 1.0
00:15:23.944 119846723 30306477 575738 6826 1.0
00:15:24.344 119847061 30216485 578785 6825 1.0
00:15:24.544 119846782 30309269 575774 6838 1.0
00:15:24.744 119847377 30308957 575800 6840 1.0
00:15:25.144 119847866 31146141 579175 6802 1.0
00:15:25.344 119846673 30709710 574721 6820 1.0
00:15:25.544 119847405 30303776 575669 6825 1.0
00:15:25.744 119846742 30311004 575846 6830 1.0
00:15:26.144 119847011 30111546 581518 6820 1.0
00:15:26.344 119847606 31737689 572105 6781 1.0
00:15:26.544 119846460 30312213 575846 6838 1.0
00:15:26.744 119846767 30297737 575588 6815 1.0
00:15:27.144 119847117 30123649 581743 6822 1.0
00:15:27.344 119847420 31681673 572313 6800 1.0
00:15:27.544 119846751 30305690 575743 6829 1.0
00:15:27.744 119847510 30306763 575707 6839 1.0
00:15:28.144 119847821 30112364 581538 6851 1.0
00:15:28.344 119846674 31673793 572175 6796 1.0
00:15:28.544 119846722 30313409 575883 6813 1.0
00:15:28.744 119847503 30303992 575730 6824 1.0
00:15:29.144 119847765 30112195 581535 6822 1.0
00:15:29.344 119846619 31713742 572360 6804 1.0
00:15:29.544 119847638 30304658 575655 6840 1.0
00:15:29.744 119846799 30301447 575660 6823 1.0
00:15:30.144 119846990 30111640 581520 6839 1.0
00:15:30.344 119846692 31720759 572175 6798 1.0
00:15:30.544 119847441 30304705 575701 6830 1.0
00:15:30.744 119846719 30313092 575875 6817 1.0
00:15:31.144 119847023 30108425 581437 6830 1.0
00:15:31.344 119847403 31685238 572350 6794 1.0
00:15:31.544 119846718 30315261 575909 6848 1.0
00:15:31.744 119847582 30303392 575713 6829 1.0
00:15:32.144 119847782 30120890 581725 6843 1.0
00:15:32.344 119846616 31734985 572236 6796 1.0
00:15:32.544 119846713 30308502 575779 6833 1.0
00:15:32.744 119847444 30303899 575650 6829 1.0
00:15:33.144 119847818 30110128 581479 6836 1.0
00:15:33.344 119846738 31712355 572442 6782 1.0
00:15:33.544 119847565 30305651 575705 6824 1.0
00:15:33.744 119846708 30299857 575622 6821 1.0
00:15:34.144 119847052 30113888 581579 6828 1.0
00:15:34.344 119846741 31750992 572286 6788 1.0
00:15:34.544 119847412 30310101 575795 6827 1.0
00:15:34.744 119846753 30303772 575721 6818 1.0
00:15:35.144 119847178 30108471 581461 6835 1.0
00:15:35.344 119847388 31696568 572263 6786 1.0
00:15:35.544 119846634 30303047 575611 6834 1.0
00:15:35.744 119847392 30314645 575913 6831 1.0
00:15:36.144 119847043 30112363 581536 6834 1.0
00:15:36.344 119847557 31674133 572517 6791 1.0
00:15:36.544 119846701 30307631 575782 6837 1.0
00:15:36.744 119847535 30305326 575713 6823 1.0
00:15:37.144 119847954 30118304 581611 6841 1.0
00:15:37.344 119846653 31696913 572129 6801 1.0
00:15:37.544 119847527 30304368 575741 6830 1.0
00:15:37.744 119846802 30310005 575792 6838 1.0
00:15:38.144 119847198 30110650 581500 6835 1.0
00:15:38.344 119846737 31720731 572236 6780 1.0
00:15:38.544 119847528 30309299 575841 6821 1.0
00:15:38.744 119846757 30303605 575640 6837 1.0
00:15:39.144 119847156 30123075 581727 6824 1.0
00:15:39.344 119847625 31691604 572291 6779 1.0
00:15:39.544 119846721 30309944 575791 6828 1.0
00:15:39.744 119847435 30301210 575651 6827 1.0
00:15:40.144 119847057 30111405 581500 6835 1.0
00:15:40.344 119847466 31736148 572071 6780 1.0
00:15:40.544 119846700 30310590 575809 6816 1.0
00:15:40.744 119847363 30306382 575780 6825 1.0
00:15:41.144 119847936 30110529 581492 6827 1.0
00:15:41.344 119846626 31705290 572486 6790 1.0
00:15:41.544 119847335 30310406 575831 6834 1.0
00:15:41.744 119846672 30303329 575659 6812 1.0
00:15:42.144 119847916 30110214 581483 6844 1.0
00:15:42.344 119846657 31732827 572185 6777 1.0
00:15:42.544 119847509 30307015 575750 6839 1.0
00:15:42.744 119846716 30309816 575787 6824 1.0
00:15:43.144 119847063 30114549 581596 6839 1.0
00:15:43.344 119847555 31765922 572287 6786 1.0
00:15:43.544 119846628 30306116 575690 6848 1.0
00:15:43.744 119847429 30309502 575827 6830 1.0
00:15:44.144 119847135 30126299 581813 6834 1.0
00:15:44.344 119847494 31693226 572197 6783 1.0
00:15:44.544 119846724 30305121 575760 6828 1.0
00:15:44.744 119847548 30314413 575848 6832 1.0
00:15:45.144 119847812 30110921 581501 6833 1.0
00:15:45.344 119846840 31749957 572134 6784 1.0
00:15:45.544 119847475 30310463 575806 6830 1.0
00:15:45.744 119846675 30306719 575799 6828 1.0
00:15:46.144 119847939 30119471 581621 6835 1.0
00:15:46.344 119846802 31718679 572229 6778 1.0
00:15:46.544 119847456 30306199 575698 6831 1.0
00:15:46.744 119846762 30303779 575722 6826 1.0
00:15:47.144 119847076 30229105 578265 6830 1.0
00:15:47.344 119847622 31761079 572115 6769 1.0
00:15:47.544 119846773 30306118 575755 6813 1.0
00:15:47.944 119847827 30114197 581571 6836 1.0
00:15:48.144 119846753 30299327 575588 6831 1.0
00:15:48.344 119847453 31769077 572407 6781 1.0
00:15:48.544 119846718 30309024 575765 6841 1.0
00:15:48.944 119847154 30110972 581503 6828 1.0
00:15:49.144 119847512 30309879 575789 6827 1.0
00:15:49.344 119846784 31757967 572150 6795 1.0
00:15:49.544 119846664 30303653 575720 6828 1.0
00:15:49.944 119847053 30111278 581509 6832 1.0
00:15:50.144 119847512 30305982 575687 6838 1.0
00:15:50.344 119846817 31724932 572194 6772 1.0
00:15:50.544 119847481 30316424 575922 6833 1.0
00:15:50.944 119847913 30114155 581571 6824 1.0
00:15:51.144 119846497 30314118 575847 6817 1.0
00:15:51.344 119847437 31739085 572222 6792 1.0
00:15:51.544 119846623 30306091 575690 6827 1.0
00:15:51.944 119847781 30124192 581758 6839 1.0
00:15:52.144 119846790 30303195 575633 6827 1.0
00:15:52.344 119847386 31664685 572378 6779 1.0
00:15:52.544 119846674 30316394 575957 6847 1.0
00:15:52.944 119847118 30113806 581577 6827 1.0
00:15:53.144 119847535 30304982 575744 6822 1.0
00:15:53.344 119846717 31744460 572343 6786 1.0
00:15:53.544 119846620 30303163 575707 6831 1.0
00:15:53.944 119846944 30116842 581590 6844 1.0
00:15:54.144 119847569 30310207 575841 6833 1.0
00:15:54.344 119846804 31674297 572236 6799 1.0
00:15:54.544 119847461 30304530 575694 6830 1.0
00:15:54.944 119847946 30111711 581495 6827 1.0
00:15:55.144 119846714 30305844 575714 6822 1.0
00:15:55.344 119846705 31686369 572413 6805 1.0
00:15:55.544 119847466 30306657 575796 6827 1.0
00:15:55.944 119847749 30112189 581533 6838 1.0
00:15:56.144 119846665 30314512 575912 6819 1.0
00:15:56.344 119847559 31710392 572327 6791 1.0
00:15:56.544 119846697 30312838 575846 6831 1.0
00:15:56.944 119846928 30115026 581609 6837 1.0
00:15:57.144 119847505 30302152 575681 6823 1.0
00:15:57.344 119846752 31754356 572112 6787 1.0
00:15:57.544 119846755 30315602 575941 6836 1.0
00:15:57.944 119847170 30115852 581631 6833 1.0
00:15:58.144 119847446 30312365 575854 6832 1.0
00:15:58.344 119846723 31699075 572251 6779 1.0
00:15:58.544 119847476 30303430 575707 6840 1.0
00:15:58.944 119847833 30123641 581744 6836 1.0
00:15:59.144 119846728 30308554 575774 6814 1.0
00:15:59.344 119846735 31732285 572236 6783 1.0
00:15:59.544 119847493 30313724 575859 6822 1.0
00:15:59.944 119847969 30112919 581555 6843 1.0
00:16:00.144 119846755 30307051 575730 6833 1.0
00:16:00.344 119847608 31736442 572358 6780 1.0
00:16:00.544 119846751 30306011 575719 6830 1.0
00:16:00.944 119847093 30126667 581822 6840 1.0
00:16:01.144 119846759 30305865 575681 6824 1.0
00:16:01.344 119847440 31719846 572248 6790 1.0
00:16:01.544 119846729 30307263 575776 6833 1.0
00:16:01.944 119847114 30108666 581474 6835 1.0
00:16:02.144 119847476 30302472 575609 6832 1.0
00:16:02.344 119846800 31719644 572297 6797 1.0
00:16:02.544 119847481 30304752 575749 6834 1.0
00:16:02.944 119847935 30110912 581502 6833 1.0
00:16:03.144 119846801 30310551 575820 6819 1.0
00:16:03.344 119846687 31728095 572236 6784 1.0
00:16:03.544 119847659 30304183 575647 6818 1.0
00:16:03.944 119847780 30114987 581608 6841 1.0
00:16:04.144 119846761 30306779 575706 6821 1.0
00:16:04.344 119847432 31713967 572281 6781 1.0
00:16:04.544 119846678 30312978 575870 6831 1.0
00:16:04.944 119847064 30112630 581546 6841 1.0
00:16:05.144 119846778 30317279 575984 6834 1.0
00:16:05.344 119847521 31710776 572261 6784 1.0
00:16:05.544 119846798 30305284 575761 6833 1.0
00:16:05.944 119847102 30119445 581633 6830 1.0
00:16:06.144 119847402 30305077 575755 6830 1.0
00:16:06.344 119846898 31753660 572022 6773 1.0
00:16:06.544 119847439 30301563 575586 6823 1.0
00:16:06.944 119847151 30116580 581556 6833 1.0
00:16:07.144 119847537 30307485 575820 6816 1.0
00:16:07.344 119846767 31720187 572236 6802 1.0
00:16:07.544 119847400 30305943 575708 6829 1.0
00:16:07.944 119847898 30106993 581397 6850 1.0
00:16:08.144 119846681 30310258 575798 6819 1.0
00:16:08.344 119847627 31728257 572362 6786 1.0
00:16:08.544 119846749 30309525 575780 6824 1.0
00:16:08.944 119847878 30204088 578584 6824 1.0
00:16:09.144 119846746 30303241 575665 6820 1.0
00:16:09.344 119847579 31693904 572347 6785 1.0
00:16:09.744 119847776 30108819 581447 6828 1.0
00:16:09.944 119846826 30303087 575676 6838 1.0
00:16:10.144 119847423 30312401 575841 6827 1.0
00:16:10.344 119846844 31715552 572240 6799 1.0
00:16:10.744 119847121 30108150 581428 6833 1.0
00:16:10.944 119846846 30309869 575807 6812 1.0
00:16:11.144 119847522 30305307 575747 6832 1.0
00:16:11.344 119846766 31673430 572262 6784 1.0
00:16:11.744 119847160 30113549 581549 6843 1.0
00:16:11.944 119847561 30300148 575627 6825 1.0
00:16:12.144 119846629 30312709 575863 6827 1.0
00:16:12.344 119847560 31682232 572495 6789 1.0
00:16:12.744 119847163 30110123 581488 6848 1.0
00:16:12.944 119847409 30317638 575988 6815 1.0
00:16:13.144 119846665 30306179 575699 6825 1.0
00:16:13.344 119847601 31691303 572321 6778 1.0
00:16:13.744 119847835 30116315 581603 6835 1.0
00:16:13.944 119846655 30304508 575689 6819 1.0
00:16:14.144 119847387 30307370 575740 6833 1.0
00:16:14.344 119846793 31705172 572409 6790 1.0
00:16:14.744 119847728 30108196 581495 6832 1.0
00:16:14.944 119846585 30305587 575681 6819 1.0
00:16:15.144 119847502 30311542 575843 6832 1.0
00:16:15.344 119846736 31700386 572338 6796 1.0
00:16:15.744 119847138 30121541 581687 6836 1.0
00:16:15.944 119847485 30301849 575672 6825 1.0
00:16:16.144 119846559 30306153 575747 6837 1.0
00:16:16.344 119847502 31763122 572080 6797 1.0
00:16:16.744 119847073 30114827 581599 6837 1.0
00:16:16.944 119847481 30303526 575716 6828 1.0
00:16:17.144 119846767 30316397 575872 6837 1.0
00:16:17.344 119847469 31688369 572245 6799 1.0
00:16:17.744 119847985 30113166 581530 6840 1.0
00:16:17.944 119846757 30316987 575915 6826 1.0
00:16:18.144 119847555 30303828 575724 6823 1.0
00:16:18.344 119846831 31696318 572284 6808 1.0
00:16:18.744 119847849 30113294 581566 6832 1.0
00:16:18.944 119846669 30306038 575687 6831 1.0
00:16:19.144 119847425 30306562 575746 6829 1.0
00:16:19.344 119846757 31697456 572494 6783 1.0
00:16:19.744 119847080 30112209 581534 6837 1.0
00:16:19.944 119847535 30309609 575783 6829 1.0
00:16:20.144 119846641 30305837 575760 6836 1.0
00:16:20.344 119846776 31747930 572083 6785 1.0
00:16:20.744 119847098 30129462 581803 6845 1.0
00:16:20.944 119847416 30309388 575800 6823 1.0
00:16:21.144 119846680 30306149 575759 6814 1.0
00:16:21.344 119847644 31706232 572523 6788 1.0
00:16:21.744 119847915 30112556 581495 6835 1.0
00:16:21.944 119846704 30310384 575846 6839 1.0
00:16:22.144 119847480 30312355 575841 6832 1.0
00:16:22.344 119846844 31761034 572191 6800 1.0
00:16:22.744 119847951 30117436 581673 6824 1.0
00:16:22.944 119846592 30304965 575660 6822 1.0
00:16:23.144 119847380 30304271 575735 6821 1.0
00:16:23.344 119846783 31695524 572181 6784 1.0
00:16:23.744 119847049 30111663 581520 6836 1.0
00:16:23.944 119847499 30306347 575696 6822 1.0
00:16:24.144 119846658 30304505 575743 6832 1.0
00:16:24.344 119846727 31711190 572441 6786 1.0
00:16:24.744 119847105 30118837 581628 6821 1.0
00:16:24.944 119847544 30315724 575942 6841 1.0
00:16:25.144 119846670 30307304 575721 6842 1.0
00:16:25.344 119847477 31768373 572160 6787 1.0
00:16:25.744 119847814 30121822 581695 6830 1.0
00:16:25.944 119846638 30304553 575736 6830 1.0
00:16:26.144 119846711 30308084 575747 6839 1.0
00:16:26.344 119847565 31758003 572242 6803 1.0
00:16:26.744 119847949 30115264 581616 6835 1.0
00:16:26.944 119846711 30303470 575676 6818 1.0
00:16:27.144 119847483 30309009 575804 6827 1.0
00:16:27.344 119846631 31728234 572143 6802 1.0
00:16:27.744 119847252 30116718 581653 6836 1.0
00:16:27.944 119847416 30308063 575743 6813 1.0
00:16:28.144 119846754 30308331 575785 6826 1.0
00:16:28.344 119846749 31753950 572032 6798 1.0
00:16:28.744 119847068 30109456 581467 6825 1.0
00:16:28.944 119847508 30300891 575644 6827 1.0
00:16:29.144 119846768 30315367 575932 6828 1.0
00:16:29.344 119847385 31674990 572377 6790 1.0
00:16:29.744 119847765 30116660 581588 6833 1.0
00:16:29.944 119846797 30316184 575956 6825 1.0
00:16:30.144 119846622 30306390 575698 6813 1.0
00:16:30.344 119847594 31680290 572410 6780 1.0
00:16:30.744 119847958 30113838 581528 6847 1.0
00:16:30.944 119846710 30305113 575757 6822 1.0
00:16:31.144 119847375 30298931 575593 6822 1.0
00:16:31.344 119846767 31680236 572461 6791 1.0
00:16:31.744 119847222 30210910 578368 6826 1.0
00:16:31.944 119846768 30315001 575923 6832 1.0
00:16:32.144 119847406 30304137 575733 6821 1.0
00:16:32.544 119847819 30113411 581567 6838 1.0
00:16:32.744 119846638 30314826 575888 6823 1.0
00:16:32.944 119847486 30307139 575750 6824 1.0
00:16:33.144 119846662 30304917 575679 6837 1.0
00:16:33.544 119847149 30109539 581463 6838 1.0
00:16:33.744 119846696 30306917 575714 6822 1.0
00:16:33.944 119847524 30305550 575770 6827 1.0
00:16:34.144 119846646 30315033 575876 6839 1.0
00:16:34.544 119847135 30114174 581516 6832 1.0
00:16:34.744 119847470 30314138 575879 6838 1.0
00:16:34.944 119846710 30303306 575709 6830 1.0
00:16:35.144 119847487 30306880 575710 6829 1.0
00:16:35.544 119847961 30119073 581620 6842 1.0
00:16:35.744 119846691 30306706 575801 6821 1.0
00:16:35.944 119846724 30302891 575619 6827 1.0
00:16:36.144 119847407 30313550 575873 6834 1.0
00:16:36.544 119847887 30112679 581548 6834 1.0
00:16:36.744 119846858 30304679 575718 6840 1.0
00:16:36.944 119847508 30309558 575809 6834 1.0
00:16:37.144 119846653 30301936 575620 6835 1.0
00:16:37.544 119847196 30124874 581774 6824 1.0
00:16:37.744 119846586 30304727 575746 6830 1.0
00:16:37.944 119847531 30305620 575679 6830 1.0
00:16:38.144 119846612 30308191 575834 6825 1.0
00:16:38.544 119847027 30107881 581419 6832 1.0
00:16:38.744 119847450 30305631 575688 6831 1.0
00:16:38.944 119846607 30310317 575846 6847 1.0
00:16:39.144 119847443 30298445 575584 6833 1.0
00:16:39.544 119847117 30109701 581470 6834 1.0
00:16:39.744 119847301 30307325 575799 6835 1.0
00:16:39.944 119846835 30305406 575689 6835 1.0
00:16:40.144 119847482 30305971 575740 6822 1.0
00:16:40.544 119847782 30112527 581542 6840 1.0
00:16:40.744 119846747 30303495 575643 6831 1.0
00:16:40.944 119847458 30308779 575832 6835 1.0
00:16:41.144 119846700 30310414 575805 6832 1.0
00:16:41.544 119847066 30110227 581482 6824 1.0
00:16:41.744 119846728 30302924 575701 6823 1.0
00:16:41.944 119847598 30313239 575878 6822 1.0
00:16:42.144 119846641 30304889 575696 6822 1.0
00:16:42.544 119847068 30119901 581643 6851 1.0
00:16:42.744 119847436 30310869 575816 6819 1.0
00:16:42.944 119846665 30304340 575738 6824 1.0
00:16:43.144 119847487 30307811 575740 6828 1.0
00:16:43.544 119847125 30111867 581526 6849 1.0
00:16:43.744 119847389 30303790 575668 6837 1.0
00:16:43.944 119846674 30307673 575786 6835 1.0
00:16:44.144 119847429 30305591 575678 6850 1.0
00:16:44.544 119847899 30114893 581605 6834 1.0
00:16:44.744 119846678 30311156 575822 6834 1.0
00:16:44.944 119847452 30297939 575570 6833 1.0
00:16:45.144 119846700 30307142 575733 6825 1.0
00:16:45.544 119847858 30113947 581539 6816 1.0
00:16:45.744 119846693 30306281 575789 6829 1.0
00:16:45.944 119847448 30302084 575596 6823 1.0
00:16:46.144 119846623 30316505 575952 6823 1.0
00:16:46.544 119847058 30111447 581514 6822 1.0
00:16:46.744 119847504 30315163 575882 6840 1.0
00:16:46.944 119846694 30303605 575672 6832 1.0
00:16:47.144 119847438 30304330 575738 6838 1.0
00:16:47.544 119847013 30119774 581642 6847 1.0
00:16:47.744 119847540 30302163 575677 6833 1.0
00:16:47.944 119846699 30305327 575752 6839 1.0
00:16:48.144 119847400 30308625 575811 6822 1.0
00:16:48.544 119847804 30112612 581545 6822 1.0
00:16:48.744 119846769 30302193 575682 6834 1.0
00:16:48.944 119847433 30314683 575914 6830 1.0
00:16:49.144 119846643 30306451 575701 6834 1.0
00:16:49.544 119847964 30117869 581618 6834 1.0
00:16:49.744 119846742 30301433 575659 6833 1.0
00:16:49.944 119847416 30302136 575647 6829 1.0
00:16:50.144 119846694 30301173 575593 6822 1.0
00:16:50.544 119847030 30106103 581373 6850 1.0
00:16:50.744 119847417 30303773 575726 6831 1.0
00:16:50.944 119846575 30313954 575879 6831 1.0
00:16:51.144 119846718 30303283 575632 6826 1.0
00:16:51.544 119847150 30113498 581569 6828 1.0
00:16:51.744 119847427 30315583 575922 6823 1.0
00:16:51.944 119846579 30302173 575606 6840 1.0
00:16:52.144 119847421 30303953 575727 6820 1.0
00:16:52.544 119847907 30112653 581547 6823 1.0
00:16:52.744 119846724 30308561 575762 6830 1.0
00:16:52.944 119846805 30303183 575708 6817 1.0
00:16:53.144 119847490 30314526 575908 6835 1.0
00:16:53.544 119847954 30198648 578940 6827 1.0
00:16:53.744 119846649 30312695 575863 6829 1.0
00:16:53.944 119847456 30304753 575747 6815 1.0
00:16:54.344 119847817 31337095 578551 6807 1.0
00:16:54.544 119846734 30475131 575480 6836 1.0
00:16:54.744 119847461 30302734 575684 6828 1.0
00:16:54.944 119846645 30298861 575588 6824 1.0
00:16:55.344 119847791 30111318 581512 6806 1.0
00:16:55.544 119846769 31672552 572205 6774 1.0
00:16:55.744 119847451 30308323 575823 6827 1.0
00:16:55.944 119846639 30314490 575864 6832 1.0
00:16:56.344 119847035 30108828 581447 6826 1.0
00:16:56.544 119847532 31704077 572365 6799 1.0
00:16:56.744 119846703 30304771 575702 6833 1.0
00:16:56.944 119846710 30303226 575661 6827 1.0
00:16:57.344 119847108 30118953 581618 6830 1.0
00:16:57.544 119847503 31727295 572069 6788 1.0
00:16:57.744 119846777 30304542 575714 6833 1.0
00:16:57.944 119847347 30312420 575841 6821 1.0
00:16:58.344 119847921 30114815 581594 6843 1.0
00:16:58.544 119846840 31716784 572160 6775 1.0
00:16:58.744 119846786 30315928 575922 6827 1.0
00:16:58.944 119847402 30303920 575658 6839 1.0
00:16:59.344 119847924 30113778 581534 6828 1.0
00:16:59.544 119846820 31748863 572392 6793 1.0
00:16:59.744 119847381 30301991 575675 6820 1.0
00:16:59.944 119846759 30313390 575857 6835 1.0
00:17:00.344 119847096 30112746 581550 6836 1.0
00:17:00.544 119847497 31668623 572371 6787 1.0
00:17:00.744 119846791 30300972 575648 6824 1.0
00:17:00.944 119846773 30310299 575798 6835 1.0
00:17:01.344 119847061 30114607 581544 6848 1.0
00:17:01.544 119847485 31724314 572268 6790 1.0
00:17:01.744 119846743 30301740 575669 6818 1.0
00:17:01.944 119847527 30308013 575739 6836 1.0
00:17:02.344 119847867 30129080 581828 6838 1.0
00:17:02.544 119846694 31744626 572096 6775 1.0
00:17:02.744 119846663 30300437 575634 6828 1.0
00:17:02.944 119847299 30308884 575762 6831 1.0
00:17:03.344 119847917 30110759 581497 6832 1.0
00:17:03.544 119846786 31743691 572117 6778 1.0
00:17:03.744 119847524 30313957 575896 6841 1.0
00:17:03.944 119846681 30306282 575695 6817 1.0
00:17:04.344 119847077 30121771 581694 6832 1.0
00:17:04.544 119846694 31750697 572072 6798 1.0
00:17:04.744 119847412 30298622 575583 6828 1.0
00:17:04.944 119846727 30302506 575682 6818 1.0
00:17:05.344 119846977 30109761 581500 6832 1.0
00:17:05.544 119847589 31713421 572231 6781 1.0
00:17:05.744 119846796 30306605 575761 6833 1.0
00:17:05.944 119847498 30306685 575703 6824 1.0
00:17:06.344 119847780 30111321 581495 6816 1.0
00:17:06.544 119846838 31722889 572278 6790 1.0
00:17:06.744 119846775 30309432 575804 6827 1.0
00:17:06.944 119847479 30298907 575583 6823 1.0
00:17:07.344 119847882 30113367 581567 6825 1.0
00:17:07.544 119846873 31717960 572236 6784 1.0
00:17:07.744 119847563 30311259 575824 6837 1.0
00:17:07.944 119846779 30318343 576010 6820 1.0
00:17:08.344 119847147 30110258 581483 6840 1.0
00:17:08.544 119846855 31672388 572486 6786 1.0
00:17:08.744 119847539 30308440 575751 6842 1.0
00:17:08.944 119846754 30304573 575742 6830 1.0
00:17:09.344 119847100 30121972 581758 6820 1.0
00:17:09.544 119847507 31723857 572231 6785 1.0
00:17:09.744 119846671 30308453 575798 6833 1.0
00:17:09.944 119847446 30310282 575801 6823 1.0
00:17:10.344 119847083 30116113 581545 6837 1.0
00:17:10.544 119847451 31687025 572460 6785 1.0
00:17:10.744 119846739 30312732 575847 6821 1.0
00:17:10.944 119847427 30301121 575583 6810 1.0
00:17:11.344 119847884 30122808 581720 6844 1.0
00:17:11.544 119846638 31669680 572267 6794 1.0
00:17:11.744 119847565 30305999 575737 6837 1.0
00:17:11.944 119846788 30299887 575588 6823 1.0
00:17:12.344 119847019 30115835 581629 6833 1.0
00:17:12.544 119846818 31752928 572205 6803 1.0
00:17:12.744 119847507 30309716 575785 6838 1.0
00:17:12.944 119846680 30301630 575665 6828 1.0
00:17:13.344 119846998 30109853 581500 6831 1.0
00:17:13.544 119847524 31727256 572324 6795 1.0
00:17:13.744 119846619 30305280 575753 6830 1.0
00:17:13.944 119847444 30307488 575737 6827 1.0
00:17:14.344 119847171 30111898 581528 6830 1.0
00:17:14.544 119847608 31710747 572280 6796 1.0
00:17:14.744 119846771 30310045 575792 6831 1.0
00:17:14.944 119847431 30316106 575953 6835 1.0
00:17:15.344 119847780 30112973 581517 6848 1.0
00:17:15.544 119846730 31672294 572452 6779 1.0
00:17:15.744 119847583 30311348 575828 6826 1.0
00:17:15.944 119846651 30305961 575687 6829 1.0
00:17:16.344 119847848 30215498 578713 6822 1.0
00:17:16.544 119846687 31710763 572194 6801 1.0
00:17:16.744 119847512 30304597 575739 6828 1.0
00:17:17.144 119847890 30116626 581558 6830 1.0
00:17:17.344 119846808 30306101 575785 6821 1.0
00:17:17.544 119847302 31714674 572242 6796 1.0
00:17:17.744 119846692 30310160 575798 6831 1.0
00:17:18.145 119847760 30110180 581481 6835 1.0
00:17:18.345 119846654 30308751 575803 6826 1.0
00:17:18.545 119847562 31741766 572462 6782 1.0
00:17:18.745 119846797 30298262 575578 6833 1.0
00:17:19.145 119847195 30124210 581755 6836 1.0
00:17:19.345 119847481 30311804 575841 6827 1.0
00:17:19.545 119846721 31737395 572108 6791 1.0
00:17:19.745 119847540 30298670 575588 6824 1.0
00:17:20.145 119847048 30100988 581257 6838 1.0
00:17:20.345 119847442 30305496 575750 6817 1.0
00:17:20.545 119846730 31768666 572170 6783 1.0
00:17:20.745 119847520 30306219 575740 6838 1.0
00:17:21.145 119847952 30111887 581495 6833 1.0
00:17:21.345 119846776 30307618 575801 6821 1.0
00:17:21.545 119847573 31695528 572231 6795 1.0
00:17:21.745 119846774 30307103 575715 6834 1.0
00:17:22.145 119847896 30113877 581579 6836 1.0
00:17:22.345 119846827 30304776 575666 6834 1.0
00:17:22.545 119847628 31732489 572174 6789 1.0
00:17:22.745 119846725 30309782 575787 6824 1.0
00:17:23.145 119847175 30115547 581623 6829 1.0
00:17:23.345 119847546 30309090 575769 6828 1.0
00:17:23.545 119846847 31734059 572278 6796 1.0
00:17:23.745 119846721 30310392 575803 6839 1.0
00:17:24.145 119847100 30122298 581728 6832 1.0
00:17:24.345 119847495 30304040 575637 6842 1.0
00:17:24.545 119846790 31724532 572267 6797 1.0
00:17:24.745 119847427 30315469 575936 6823 1.0
00:17:25.145 119847856 30116604 581593 6837 1.0
00:17:25.345 119846680 30302896 575664 6835 1.0
00:17:25.545 119847525 31742343 572413 6793 1.0
00:17:25.745 119846731 30302421 575644 6821 1.0
00:17:26.145 119847920 30122652 581735 6828 1.0
00:17:26.345 119846733 30306072 575688 6828 1.0
00:17:26.545 119847455 31694966 572309 6792 1.0
00:17:26.745 119846636 30303734 575686 6849 1.0
00:17:27.145 119847153 30110258 581500 6842 1.0
00:17:27.345 119847473 30304968 575696 6828 1.0
00:17:27.545 119846704 31715133 572412 6803 1.0
00:17:27.745 119846696 30306941 575807 6834 1.0
00:17:28.145 119847100 30110528 581500 6844 1.0
00:17:28.345 119847473 30308795 575817 6825 1.0
00:17:28.545 119846602 31683303 572260 6789 1.0
00:17:28.745 119847447 30311748 575841 6830 1.0
00:17:29.145 119847926 30113631 581499 6828 1.0
00:17:29.345 119846563 30304017 575729 6830 1.0
00:17:29.545 119846749 31673146 572349 6784 1.0
00:17:29.745 119847458 30311047 575841 6832 1.0
00:17:30.145 119847820 30110310 581484 6840 1.0
00:17:30.345 119846543 30309258 575774 6829 1.0
00:17:30.545 119847574 31676397 572355 6786 1.0
00:17:30.745 119846732 30307008 575716 6824 1.0
00:17:31.145 119846986 30120568 581702 6832 1.0
00:17:31.345 119847480 30300908 575639 6830 1.0
00:17:31.545 119846827 31670845 572236 6796 1.0
00:17:31.745 119846779 30310857 575847 6820 1.0
00:17:32.145 119847091 30107392 581408 6828 1.0
00:17:32.345 119847349 30305803 575714 6825 1.0
00:17:32.545 119846686 31738724 572494 6796 1.0
00:17:32.745 119847413 30303323 575623 6849 1.0
00:17:33.145 119847905 30122038 581700 6831 1.0
00:17:33.345 119846764 30307408 575818 6836 1.0
00:17:33.545 119846747 31703266 572228 6782 1.0
00:17:33.745 119847411 30302948 575607 6835 1.0
00:17:34.145 119847850 30110035 581495 6825 1.0
00:17:34.345 119846679 30304568 575673 6819 1.0
00:17:34.545 119847535 31706689 572349 6770 1.0
00:17:34.745 119846732 30313900 575898 6826 1.0
00:17:35.145 119847161 30113676 581573 6830 1.0
00:17:35.345 119846666 30314224 575895 6837 1.0
00:17:35.545 119847453 31676438 572231 6792 1.0
00:17:35.745 119846601 30305956 575776 6817 1.0
00:17:36.145 119846955 30118293 581663 6850 1.0
00:17:36.345 119847477 30309404 575776 6832 1.0
00:17:36.545 119846818 31752304 572138 6774 1.0
00:17:36.745 119847416 30315527 575888 6828 1.0
00:17:37.145 119847942 30111853 581495 6844 1.0
00:17:37.345 119846700 30305406 575755 6825 1.0
00:17:37.545 119846814 31763307 572259 6802 1.0
00:17:37.745 119847471 30303378 575652 6830 1.0
00:17:38.145 119847878 30189988 579278 6817 1.0
00:17:38.345 119846741 30304292 575663 6829 1.0
00:17:38.545 119847626 31675588 572369 6794 1.0
00:17:38.945 119847861 30117363 581660 6838 1.0
00:17:39.145 119846662 30305931 575687 6835 1.0
00:17:39.345 119846740 30303783 575721 6808 1.0
00:17:39.545 119847449 31746975 572350 6772 1.0
00:17:39.945 119847872 30110233 581482 6826 1.0
00:17:40.145 119846749 30302333 575646 6828 1.0
00:17:40.345 119847406 30310360 575841 6824 1.0
00:17:40.545 119846809 31720707 572295 6807 1.0
00:17:40.945 119847099 30119656 581638 6836 1.0
00:17:41.145 119846676 30306599 575725 6831 1.0
00:17:41.345 119847387 30306337 575768 6828 1.0
00:17:41.545 119846618 31704914 572309 6795 1.0
00:17:41.945 119847040 30103544 581366 6827 1.0
00:17:42.145 119847489 30304475 575718 6831 1.0
00:17:42.345 119846541 30313235 575846 6829 1.0
00:17:42.545 119847677 31676093 572391 6792 1.0
00:17:42.945 119847126 30113208 581562 6838 1.0
00:17:43.145 119847523 30313393 575880 6832 1.0
00:17:43.345 119846718 30303445 575620 6825 1.0
00:17:43.545 119847529 31671889 572246 6786 1.0
00:17:43.945 119847890 30112930 581555 6842 1.0
00:17:44.145 119846762 30304672 575746 6822 1.0
00:17:44.345 119847454 30306595 575703 6828 1.0
00:17:44.545 119846793 31739475 572413 6794 1.0
00:17:44.945 119847027 30113190 581560 6834 1.0
00:17:45.145 119846695 30312720 575865 6830 1.0
00:17:45.345 119847516 30301620 575607 6831 1.0
00:17:45.545 119846749 31720179 572200 6779 1.0
00:17:45.945 119847148 30118541 581608 6836 1.0
00:17:46.145 119847367 30307904 575740 6835 1.0
00:17:46.345 119846714 30305986 575778 6831 1.0
00:17:46.545 119847562 31734848 572223 6787 1.0
00:17:46.945 119847179 30115971 581624 6825 1.0
00:17:47.145 119847551 30304624 575717 6829 1.0
00:17:47.345 119846688 30310606 575836 6821 1.0
00:17:47.545 119847455 31673950 572278 6786 1.0
00:17:47.945 119847833 30114580 581566 6835 1.0
00:17:48.145 119846793 30305909 575717 6812 1.0
00:17:48.345 119847518 30305119 575712 6831 1.0
00:17:48.545 119846807 31717231 572236 6783 1.0
00:17:48.945 119847890 30114354 581497 6834 1.0
00:17:49.145 119846669 30307044 575809 6834 1.0
00:17:49.345 119847346 30306531 575708 6842 1.0
00:17:49.545 119846705 31703429 572372 6790 1.0
00:17:49.945 119846991 30115309 581578 6835 1.0
00:17:50.145 119847373 30313765 575891 6821 1.0
00:17:50.345 119846711 30304909 575719 6834 1.0
00:17:50.545 119847510 31747582 572008 6779 1.0
00:17:50.945 119847089 30118218 581692 6842 1.0
00:17:51.145 119847499 30305089 575663 6821 1.0
00:17:51.345 119846724 30312232 575852 6819 1.0
00:17:51.545 119847504 31723939 572511 6784 1.0
00:17:51.945 119847872 30111428 581515 6830 1.0
00:17:52.145 119846754 30303715 575626 6832 1.0
00:17:52.345 119847426 30317228 575983 6839 1.0
00:17:52.545 119846816 31674867 572318 6790 1.0
00:17:52.945 119847784 30125580 581769 6834 1.0
00:17:53.145 119846587 30306218 575718 6837 1.0
00:17:53.345 119847482 30305644 575711 6826 1.0
00:17:53.545 119846847 31719670 572181 6775 1.0
00:17:53.945 119847260 30110397 581487 6843 1.0
00:17:54.145 119847610 30303011 575664 6829 1.0
00:17:54.345 119846675 30308878 575845 6831 1.0
00:17:54.545 119846659 31672134 572336 6789 1.0
00:17:54.945 119847160 30108065 581500 6835 1.0
00:17:55.145 119847400 30310760 575814 6830 1.0
00:17:55.345 119846620 30302701 575615 6824 1.0
00:17:55.545 119847513 31766116 572111 6795 1.0
00:17:55.945 119847940 30114366 581591 6822 1.0
00:17:56.145 119846686 30302046 575612 6825 1.0
00:17:56.345 119847530 30303053 575674 6836 1.0
00:17:56.545 119846869 31698954 572403 6779 1.0
00:17:56.945 119847783 30113490 581560 6842 1.0
00:17:57.145 119846641 30318477 575931 6832 1.0
00:17:57.345 119847474 30305930 575756 6827 1.0
00:17:57.545 119846764 31757357 572198 6786 1.0
00:17:57.945 119847015 30118394 581660 6849 1.0
00:17:58.145 119847446 30304633 575690 6838 1.0
00:17:58.345 119846691 30304789 575739 6833 1.0
00:17:58.545 119846705 31712523 572346 6798 1.0
00:17:58.945 119847174 30111706 581500 6831 1.0
00:17:59.145 119847413 30307370 575797 6815 1.0
00:17:59.345 119846695 30310815 575815 6835 1.0
00:17:59.545 119847561 31687123 572376 6794 1.0
00:17:59.945 119847894 30123215 581696 6867 1.0
00:18:00.145 119846731 30302088 575677 6830 1.0
00:18:00.345 119846706 30302211 575597 6814 1.0
00:18:00.545 119847470 31729855 572231 6775 1.0
00:18:00.945 119848034 30208133 578612 6819 1.0
00:18:01.145 119846802 30310066 575794 6834 1.0
00:18:01.345 119847469 30322749 576064 6818 1.0
00:18:01.745 119847962 30119482 581632 6832 1.0
00:18:01.945 119846563 30301656 575667 6823 1.0
00:18:02.145 119846649 30309086 575767 6835 1.0
00:18:02.345 119847614 30306157 575765 6824 1.0
00:18:02.745 119847802 30111773 581523 6835 1.0
00:18:02.945 119846697 30308784 575760 6836 1.0
00:18:03.145 119847554 30305254 575761 6828 1.0
00:18:03.345 119846561 30303143 575659 6826 1.0
00:18:03.745 119847028 30111006 581503 6836 1.0
00:18:03.945 119847410 30306972 575805 6827 1.0
00:18:04.145 119846729 30313206 575870 6827 1.0
00:18:04.345 119846584 30304434 575652 6827 1.0
00:18:04.745 119847133 30113510 581510 6819 1.0
00:18:04.945 119847478 30312424 575841 6835 1.0
00:18:05.145 119846762 30304125 575712 6826 1.0
00:18:05.345 119847456 30307398 575723 6817 1.0
00:18:05.745 119847880 30110569 581495 6832 1.0
00:18:05.945 119846737 30303579 575679 6834 1.0
00:18:06.145 119846686 30305782 575755 6829 1.0
00:18:06.345 119847589 30311791 575841 6822 1.0
00:18:06.745 119847893 30110399 581488 6830 1.0
00:18:06.945 119846781 30314690 575918 6824 1.0
00:18:07.145 119847312 30308177 575743 6833 1.0
00:18:07.345 119846849 30306537 575782 6826 1.0
00:18:07.745 119847077 30118981 581714 6828 1.0
00:18:07.945 119846712 30299791 575617 6835 1.0
00:18:08.145 119847469 30306546 575702 6837 1.0
00:18:08.345 119846642 30310784 575811 6820 1.0
00:18:08.745 119847000 30116137 581552 6834 1.0
00:18:08.945 119847441 30305154 575759 6813 1.0
00:18:09.145 119846734 30321698 576003 6836 1.0
00:18:09.345 119847532 30305967 575714 6826 1.0
00:18:09.745 119847756 30116167 581589 6831 1.0
00:18:09.945 119846773 30317506 575944 6839 1.0
00:18:10.145 119846740 30304450 575740 6820 1.0
00:18:10.345 119847487 30303755 575627 6834 1.0
00:18:10.745 119847868 30108293 581433 6812 1.0
00:18:10.945 119846696 30309310 575836 6826 1.0
00:18:11.145 119847558 30306845 575742 6819 1.0
00:18:11.345 119846688 30308318 575747 6820 1.0
00:18:11.745 119847201 30110514 581500 6831 1.0
00:18:11.945 119846730 30309060 575822 6852 1.0
00:18:12.145 119847357 30314161 575866 6836 1.0
00:18:12.345 119846748 30306084 575725 6827 1.0
00:18:12.745 119847085 30121519 581686 6835 1.0
00:18:12.945 119847535 30307217 575720 6847 1.0
00:18:13.145 119846677 30306837 575825 6820 1.0
00:18:13.345 119847494 30314305 575841 6825 1.0
00:18:13.745 119847210 30112737 581547 6831 1.0
00:18:13.945 119847589 30306607 575705 6836 1.0
00:18:14.145 119846729 30313108 575875 6817 1.0
00:18:14.345 119847442 30304939 575705 6827 1.0
00:18:14.745 119847778 30117576 581676 6816 1.0
00:18:14.945 119846668 30302156 575599 6832 1.0
00:18:15.145 119847452 30305005 575747 6829 1.0
00:18:15.345 119846780 30307928 575738 6827 1.0
00:18:15.745 119847098 30115423 581575 6844 1.0
00:18:15.945 119846771 30303568 575717 6811 1.0
00:18:16.145 119847471 30311961 575843 6827 1.0
00:18:16.345 119846647 30307161 575718 6842 1.0
00:18:16.745 119847030 30116208 581547 6829 1.0
00:18:16.945 119847528 30313114 575876 6823 1.0
00:18:17.145 119846565 30310586 575807 6841 1.0
00:18:17.345 119847552 30303609 575717 6821 1.0
00:18:17.745 119847121 30105395 581366 6832 1.0
00:18:17.945 119847500 30305843 575780 6852 1.0
00:18:18.145 119846702 30302131 575649 6832 1.0
00:18:18.345 119847498 30308950 575796 6820 1.0
00:18:18.745 119847906 30113808 581577 6824 1.0
00:18:18.945 119846725 30311604 575836 6824 1.0
00:18:19.145 119847524 30304855 575728 6848 1.0
00:18:19.345 119846769 30305457 575695 6816 1.0
00:18:19.745 119847830 30115356 581542 6839 1.0
00:18:19.945 119846542 30303949 575727 6835 1.0
00:18:20.145 119847507 30305704 575681 6834 1.0
00:18:20.345 119846809 30312585 575861 6822 1.0
00:18:20.745 119847064 30113855 581545 6845 1.0
00:18:20.945 119847451 30304339 575678 6828 1.0
00:18:21.145 119846576 30320109 576009 6818 1.0
00:18:21.345 119847527 30306427 575750 6839 1.0
00:18:21.745 119847087 30122681 581718 6838 1.0
00:18:21.945 119847419 30306536 575748 6831 1.0
00:18:22.145 119846745 30301188 575607 6818 1.0
00:18:22.345 119847482 30308522 575822 6822 1.0
00:18:22.745 119847898 30182364 579693 6836 1.0
00:18:22.945 119846675 30297965 575570 6827 1.0
00:18:23.145 119847515 30306407 575697 6834 1.0
00:18:23.345 119846629 30309439 575778 6838 1.0
00:18:23.745 119848040 30293926 575827 6805 1.0
00:18:23.945 119846769 30316631 575958 6841 1.0
00:18:24.145 119847503 30307353 575730 6822 1.0
00:18:24.545 119847688 30128094 581860 6841 1.0
00:18:24.745 119846647 31718203 572262 6792 1.0
00:18:24.945 119847437 30303604 575719 6825 1.0
00:18:25.145 119846600 30304907 575684 6824 1.0
00:18:25.545 119847801 30116543 581648 6836 1.0
00:18:25.745 119846749 31722013 572211 6792 1.0
00:18:25.945 119847492 30308232 575746 6824 1.0
00:18:26.145 119846740 30313580 575886 6822 1.0
00:18:26.545 119847128 30114007 581561 6835 1.0
00:18:26.745 119847368 31709757 572404 6790 1.0
00:18:26.945 119846510 30307284 575723 6822 1.0
00:18:27.145 119846644 30305661 575736 6845 1.0
00:18:27.545 119847109 30118584 581683 6827 1.0
00:18:27.745 119847445 31697941 572231 6793 1.0
00:18:27.945 119846795 30305652 575712 6828 1.0
00:18:28.145 119847534 30308527 575754 6836 1.0
00:18:28.545 119847768 30116997 581566 6839 1.0
00:18:28.745 119846726 31748601 572182 6780 1.0
00:18:28.945 119847460 30313920 575860 6834 1.0
00:18:29.145 119846704 30306525 575738 6833 1.0
00:18:29.545 119847817 30120218 581680 6840 1.0
00:18:29.745 119846713 31719710 572289 6800 1.0
00:18:29.945 119847415 30309723 575786 6828 1.0
00:18:30.145 119846738 30302345 575665 6822 1.0
00:18:30.545 119847042 30112748 581550 6835 1.0
00:18:30.745 119847617 31714861 572255 6786 1.0
00:18:30.945 119846683 30311240 575828 6834 1.0
00:18:31.145 119846539 30302951 575700 6810 1.0
00:18:31.545 119847067 30112269 581537 6837 1.0
00:18:31.745 119847455 31743183 572347 6778 1.0
00:18:31.945 119846586 30306433 575701 6852 1.0
00:18:32.145 119847446 30303936 575725 6824 1.0
00:18:32.545 119847794 30113894 581495 6833 1.0
00:18:32.745 119846743 31737844 572114 6778 1.0
00:18:32.945 119846606 30302167 575678 6837 1.0
00:18:33.145 119847431 30317449 575895 6828 1.0
00:18:33.545 119847828 30116247 581586 6829 1.0
00:18:33.745 119846729 31759003 572236 6787 1.0
00:18:33.945 119847507 30301862 575615 6838 1.0
00:18:34.145 119846729 30306084 575782 6821 1.0
00:18:34.545 119847060 30122021 581700 6835 1.0
00:18:34.745 119847541 31731225 572184 6788 1.0
00:18:34.945 119846575 30306920 575784 6839 1.0
00:18:35.145 119846767 30312533 575846 6832 1.0
00:18:35.545 119847239 30115699 581534 6845 1.0
00:18:35.745 119847508 31728148 572199 6800 1.0
00:18:35.945 119846686 30311708 575846 6823 1.0
00:18:36.145 119847451 30306675 575767 6827 1.0
00:18:36.545 119847814 30123520 581753 6824 1.0
00:18:36.745 119846699 31732481 572254 6790 1.0
00:18:36.945 119846759 30305470 575769 6818 1.0
00:18:37.145 119847515 30309244 575772 6839 1.0
00:18:37.545 119847763 30109632 581495 6848 1.0
00:18:37.745 119846818 31768444 572236 6789 1.0
00:18:37.945 119847422 30319686 575962 6835 1.0
00:18:38.145 119846808 30301071 575652 6809 1.0
00:18:38.545 119847131 30114786 581603 6840 1.0
00:18:38.745 119846712 31756403 572332 6785 1.0
00:18:38.945 119847525 30305522 575744 6841 1.0
00:18:39.145 119846685 30301801 575670 6804 1.0
00:18:39.545 119847162 30117034 581656 6824 1.0
00:18:39.745 119847416 31685667 572333 6799 1.0
00:18:39.945 119846793 30307862 575807 6822 1.0
00:18:40.145 119847454 30309806 575787 6815 1.0
00:18:40.545 119847799 30106922 581474 6840 1.0
00:18:40.745 119846800 31723438 572372 6808 1.0
00:18:40.945 119846759 30301053 575652 6837 1.0
00:18:41.145 119847391 30306015 575688 6827 1.0
00:18:41.545 119847841 30123950 581753 6835 1.0
00:18:41.745 119846757 31733463 572160 6789 1.0
00:18:41.945 119847469 30298514 575586 6829 1.0
00:18:42.145 119846684 30317438 575919 6824 1.0
00:18:42.545 119847099 30113242 581535 6853 1.0
00:18:42.745 119846542 31671308 572236 6777 1.0
00:18:42.945 119847509 30311403 575841 6814 1.0
00:18:43.145 119846620 30306870 575791 6823 1.0
00:18:43.545 119847130 30115772 581590 6828 1.0
00:18:43.745 119847540 31693432 572409 6802 1.0
00:18:43.945 119846715 30304029 575731 6831 1.0
00:18:44.145 119847475 30305583 575688 6834 1.0
00:18:44.545 119847113 30112278 581503 6841 1.0
00:18:44.745 119847521 31718403 572268 6792 1.0
00:18:44.945 119846743 30305244 575699 6834 1.0
00:18:45.145 119847470 30312701 575864 6828 1.0
00:18:45.545 119847953 30204285 578512 6825 1.0
00:18:45.745 119846726 31685506 572520 6783 1.0
00:18:45.945 119847424 30310437 575804 6821 1.0
00:18:46.345 119847892 30114161 581545 6834 1.0
00:18:46.545 119846651 30314912 575868 6826 1.0
00:18:46.745 119846784 31709932 572364 6784 1.0
00:18:46.945 119847491 30299006 575597 6825 1.0
00:18:47.345 119847891 30113050 581558 6838 1.0
00:18:47.545 119846707 30304082 575637 6821 1.0
00:18:47.745 119847504 31757351 572204 6790 1.0
00:18:47.945 119846821 30308847 575814 6823 1.0
00:18:48.345 119847141 30111915 581519 6837 1.0
00:18:48.545 119846583 30309039 575827 6833 1.0
00:18:48.745 119847555 31726302 572106 6779 1.0
00:18:48.945 119846623 30305537 575713 6833 1.0
00:18:49.345 119847012 30119745 581660 6845 1.0
00:18:49.545 119847427 30302891 575679 6816 1.0
00:18:49.745 119846727 31714193 572398 6795 1.0
00:18:49.945 119847369 30320003 575982 6835 1.0
00:18:50.345 119847127 30114383 581504 6825 1.0
00:18:50.545 119847497 30303766 575718 6823 1.0
00:18:50.745 119846737 31717403 572447 6799 1.0
00:18:50.945 119847673 30311667 575838 6829 1.0
00:18:51.345 119847793 30116799 581564 6828 1.0
00:18:51.545 119846752 30307439 575807 6826 1.0
00:18:51.745 119847466 31700508 572157 6791 1.0
00:18:51.945 119846677 30306533 575700 6833 1.0
00:18:52.345 119847970 30112324 581538 6835 1.0
00:18:52.545 119846701 30309105 575770 6829 1.0
00:18:52.745 119847501 31771338 572327 6778 1.0
00:18:52.945 119846559 30306687 575742 6836 1.0
00:18:53.345 119847027 30112830 581552 6843 1.0
00:18:53.545 119847428 30308078 575740 6835 1.0
00:18:53.745 119846848 31709507 572318 6783 1.0
00:18:53.945 119847433 30305048 575687 6830 1.0
00:18:54.345 119847210 30113384 581500 6834 1.0
00:18:54.545 119847532 30309057 575841 6831 1.0
00:18:54.745 119846867 31671904 572236 6790 1.0
00:18:54.945 119847426 30317080 575934 6831 1.0
00:18:55.345 119847897 30118689 581648 6836 1.0
00:18:55.545 119846739 30307808 575745 6827 1.0
00:18:55.745 119847558 31760671 572160 6793 1.0
00:18:55.945 119846647 30306627 575706 6838 1.0
00:18:56.345 119847827 30121264 581709 6837 1.0
00:18:56.545 119846657 30306579 575702 6826 1.0
00:18:56.745 119847509 31665495 572273 6790 1.0
00:18:56.945 119846734 30310390 575802 6834 1.0
00:18:57.345 119847055 30113361 581565 6840 1.0
00:18:57.545 119847402 30302559 575689 6833 1.0
00:18:57.745 119846620 31746201 572315 6797 1.0
00:18:57.945 119846721 30306475 575706 6831 1.0
00:18:58.345 119847084 30122440 581711 6827 1.0
00:18:58.545 119847378 30304000 575648 6838 1.0
00:18:58.745 119846796 31697936 572304 6786 1.0
00:18:58.945 119847430 30303298 575711 6824 1.0
00:18:59.345 119847746 30111499 581516 6842 1.0
00:18:59.545 119846747 30303776 575722 6824 1.0
00:18:59.745 119847527 31711851 572412 6789 1.0
00:18:59.945 119846673 30305424 575670 6831 1.0
00:19:00.345 119847807 30108063 581427 6836 1.0
00:19:00.545 119846681 30311620 575834 6830 1.0
00:19:00.745 119847565 31681506 572317 6793 1.0
00:19:00.945 119846718 30307123 575717 6819 1.0
00:19:01.345 119847051 30116475 581613 6834 1.0
00:19:01.545 119847437 30306796 575729 6836 1.0
00:19:01.745 119846821 31750034 572119 6772 1.0
00:19:01.945 119846810 30311658 575835 6837 1.0
00:19:02.345 119847074 30113485 581564 6830 1.0
00:19:02.545 119847484 30309457 575777 6831 1.0
00:19:02.745 119846874 31710713 572564 6792 1.0
00:19:02.945 119847484 30303501 575715 6832 1.0
00:19:03.345 119847815 30125986 581753 6833 1.0
00:19:03.545 119846777 30307168 575796 6826 1.0
00:19:03.745 119846699 31667065 572227 6794 1.0
00:19:03.945 119847625 30306671 575704 6820 1.0
00:19:04.345 119847930 30111309 581510 6837 1.0
00:19:04.545 119846653 30303572 575715 6807 1.0
00:19:04.745 119847443 31721189 572321 6788 1.0
00:19:04.945 119846635 30300338 575632 6833 1.0
00:19:05.345 119847149 30112976 581500 6830 1.0
00:19:05.545 119847524 30312913 575841 6835 1.0
00:19:05.745 119846734 31713478 572444 6792 1.0
00:19:05.945 119846609 30304149 575638 6833 1.0
00:19:06.345 119847108 30111706 581500 6830 1.0
00:19:06.545 119847527 30304886 575704 6821 1.0
00:19:06.745 119846743 31740248 572093 6792 1.0
00:19:06.945 119847437 30312969 575863 6831 1.0
00:19:07.345 119847813 30166704 579780 6831 1.0
00:19:07.545 119846604 30314601 575914 6826 1.0
00:19:07.745 119846705 31726193 572243 6785 1.0
00:19:07.945 119847501 30304652 575651 6835 1.0
00:19:08.345 119847911 30292490 576325 6806 1.0
00:19:08.545 119846758 30302712 575693 6819 1.0
00:19:08.745 119847590 31756353 572112 6798 1.0
00:19:09.145 119847904 30112385 581540 6827 1.0
00:19:09.345 119846642 30306873 575710 6831 1.0
00:19:09.545 119846800 30302648 575690 6835 1.0
00:19:09.745 119847370 31772012 572199 6786 1.0
00:19:10.145 119847874 30106689 581389 6832 1.0
00:19:10.345 119846732 30318360 576012 6823 1.0
00:19:10.545 119847446 30303754 575628 6830 1.0
00:19:10.745 119846718 31700637 572230 6784 1.0
00:19:11.145 119847129 30122909 581723 6841 1.0
00:19:11.345 119847180 30303756 575722 6825 1.0
00:19:11.545 119846786 30306082 575688 6828 1.0
00:19:11.745 119846840 31681271 572479 6799 1.0
00:19:12.145 119847029 30111829 581526 6831 1.0
00:19:12.345 119847510 30304588 575651 6843 1.0
00:19:12.545 119846698 30307932 575795 6822 1.0
00:19:12.745 119847500 31765333 572097 6800 1.0
00:19:13.145 119847932 30122536 581735 6823 1.0
00:19:13.345 119846765 30308568 575827 6825 1.0
00:19:13.545 119846728 30300901 575607 6836 1.0
00:19:13.745 119847514 31721888 572231 6801 1.0
00:19:14.145 119847847 30110947 581495 6823 1.0
00:19:14.345 119846693 30305750 575775 6831 1.0
00:19:14.545 119847501 30313983 575896 6817 1.0
00:19:14.745 119846744 31691369 572252 6795 1.0
00:19:15.145 119847192 30113233 581500 6819 1.0
00:19:15.345 119846706 30309024 575846 6834 1.0
00:19:15.545 119847402 30305689 575687 6823 1.0
00:19:15.745 119846788 31668807 572317 6781 1.0
00:19:16.145 119847222 30112511 581500 6820 1.0
00:19:16.345 119847385 30304820 575708 6830 1.0
00:19:16.545 119846772 30304058 575721 6826 1.0
00:19:16.745 119847492 31686346 572374 6784 1.0
00:19:17.145 119847072 30113587 581533 6833 1.0
00:19:17.345 119847465 30309081 575808 6808 1.0
00:19:17.545 119846738 30303861 575629 6827 1.0
00:19:17.745 119847558 31701928 572223 6777 1.0
00:19:18.145 119847910 30116253 581591 6839 1.0
00:19:18.345 119846754 30304304 575695 6820 1.0
00:19:18.545 119847550 30306156 575734 6821 1.0
00:19:18.745 119846718 31706760 572274 6788 1.0
00:19:19.145 119847068 30112908 581500 6826 1.0
00:19:19.345 119846643 30303190 575736 6827 1.0
00:19:19.545 119847349 30315067 575925 6818 1.0
00:19:19.745 119846808 31730503 572154 6788 1.0
00:19:20.145 119847201 30109628 581467 6827 1.0
00:19:20.345 119847441 30315158 575928 6827 1.0
00:19:20.545 119846638 30306346 575697 6832 1.0
00:19:20.745 119847403 31701626 572229 6801 1.0
00:19:21.145 119846992 30114833 581604 6829 1.0
00:19:21.345 119847361 30307812 575735 6829 1.0
00:19:21.545 119846887 30311654 575835 6842 1.0
00:19:21.745 119847439 31701017 572408 6799 1.0
00:19:22.145 119847916 30112695 581547 6828 1.0
00:19:22.345 119846727 30310684 575810 6821 1.0
00:19:22.545 119847450 30309426 575778 6821 1.0
00:19:22.745 119846720 31752810 572205 6770 1.0
00:19:23.145 119847868 30115951 581629 6841 1.0
00:19:23.345 119846811 30303313 575623 6825 1.0
00:19:23.545 119847541 30313186 575874 6833 1.0
00:19:23.745 119846687 31677011 572579 6796 1.0
00:19:24.145 119847170 30109583 581500 6839 1.0
00:19:24.345 119847483 30304575 575664 6821 1.0
00:19:24.545 119846802 30312144 575850 6833 1.0
00:19:24.745 119847597 31729810 572271 6805 1.0
00:19:25.145 119847159 30115409 581597 6839 1.0
00:19:25.345 119847478 30306926 575744 6820 1.0
00:19:25.545 119846595 30306344 575758 6815 1.0
00:19:25.745 119847483 31693519 572363 6796 1.0
00:19:26.145 119847778 30114025 581582 6838 1.0
00:19:26.345 119846705 30300418 575633 6826 1.0
00:19:26.545 119847439 30309132 575771 6837 1.0
00:19:26.745 119846631 31766290 572163 6784 1.0
00:19:27.145 119847759 30116512 581650 6827 1.0
00:19:27.345 119846750 30318638 575925 6833 1.0
00:19:27.545 119847452 30306426 575792 6832 1.0
00:19:27.745 119846761 31717932 572180 6794 1.0
00:19:28.145 119847047 30110045 581500 6840 1.0
00:19:28.345 119847532 30302582 575599 6825 1.0
00:19:28.545 119846651 30305255 575763 6823 1.0
00:19:28.745 119846765 31713158 572413 6800 1.0
00:19:29.145 119847166 30113079 581510 6831 1.0
00:19:29.345 119847418 30309800 575837 6812 1.0
00:19:29.545 119846551 30304295 575641 6819 1.0
00:19:29.745 119847504 31714046 572232 6794 1.0
00:19:30.145 119847947 30216279 578829 6819 1.0
00:19:30.345 119846804 30308270 575746 6846 1.0
00:19:30.545 119847502 30308594 575771 6833 1.0
00:19:30.945 119847151 30113112 581559 6834 1.0
00:19:31.145 119847457 30309372 575776 6830 1.0
00:19:31.345 119846693 30305584 575732 6839 1.0
00:19:31.545 119847468 30316768 575913 6824 1.0
00:19:31.945 119847950 30112813 581550 6845 1.0
00:19:32.145 119846686 30317861 575906 6841 1.0
00:19:32.345 119847492 30305990 575780 6820 1.0
00:19:32.545 119846645 30306362 575697 6822 1.0
00:19:32.945 119847826 30121031 581681 6830 1.0
00:19:33.145 119846657 30299034 575589 6830 1.0
00:19:33.345 119847401 30310578 575840 6828 1.0
00:19:33.545 119846716 30308432 575813 6837 1.0
00:19:33.945 119847082 30109729 581500 6822 1.0
00:19:34.145 119847413 30303654 575685 6826 1.0
00:19:34.345 119846688 30314372 575908 6828 1.0
00:19:34.545 119846682 30304217 575683 6839 1.0
00:19:34.945 119847098 30117023 581575 6832 1.0
00:19:35.145 119847466 30309219 575774 6827 1.0
00:19:35.345 119846684 30306510 575793 6830 1.0
00:19:35.545 119847428 30311491 575831 6827 1.0
00:19:35.945 119847789 30112324 581538 6817 1.0
00:19:36.145 119846674 30307946 575739 6840 1.0
00:19:36.345 119847361 30313771 575892 6821 1.0
00:19:36.545 119846754 30304899 575679 6843 1.0
00:19:36.945 119847888 30113559 581571 6832 1.0
00:19:37.145 119846769 30311946 575845 6842 1.0
00:19:37.345 119847360 30300908 575646 6828 1.0
00:19:37.545 119846667 30300511 575637 6824 1.0
00:19:37.945 119847037 30121331 581758 6837 1.0
00:19:38.145 119847585 30305119 575684 6818 1.0
00:19:38.345 119846743 30305775 575745 6827 1.0
00:19:38.545 119846624 30311634 575846 6828 1.0
00:19:38.945 119847153 30113538 581516 6842 1.0
00:19:39.145 119847428 30310245 575841 6834 1.0
00:19:39.345 119846727 30306939 575722 6829 1.0
00:19:39.545 119847539 30304165 575707 6816 1.0
00:19:39.945 119847840 30120027 581649 6825 1.0
00:19:40.145 119846703 30303899 575727 6831 1.0
00:19:40.345 119846764 30304289 575673 6820 1.0
00:19:40.545 119847422 30303655 575690 6814 1.0
00:19:40.945 119847729 30118824 581708 6830 1.0
00:19:41.145 119846770 30306983 575713 6830 1.0
00:19:41.345 119847570 30313776 575893 6827 1.0
00:19:41.545 119846761 30304915 575669 6820 1.0
00:19:41.945 119847118 30114746 581573 6827 1.0
00:19:42.145 119846739 30316494 575967 6827 1.0
00:19:42.345 119847489 30308454 575752 6821 1.0
00:19:42.545 119846730 30305421 575742 6822 1.0
00:19:42.945 119847053 30107994 581425 6835 1.0
00:19:43.145 119847566 30304554 575711 6835 1.0
00:19:43.345 119846731 30310233 575830 6832 1.0
00:19:43.545 119847488 30311443 575830 6821 1.0
00:19:43.945 119847731 30115780 581606 6827 1.0
00:19:44.145 119846696 30319465 575971 6823 1.0
00:19:44.345 119846731 30309689 575783 6839 1.0
00:19:44.545 119847449 30304408 575740 6815 1.0
00:19:44.945 119847847 30128852 581880 6844 1.0
00:19:45.145 119846716 30310385 575803 6833 1.0
00:19:45.345 119847407 30308598 575757 6823 1.0
00:19:45.545 119846757 30313508 575883 6827 1.0
00:19:45.945 119847123 30113309 581511 6854 1.0
00:19:46.145 119846643 30302173 575679 6825 1.0
00:19:46.345 119847482 30309697 575786 6837 1.0
00:19:46.545 119846870 30302885 575699 6798 1.0
00:19:46.945 119847201 30117673 581586 6825 1.0
00:19:47.145 119847480 30307756 575787 6833 1.0
00:19:47.345 119846685 30303714 575668 6840 1.0
00:19:47.545 119847434 30313057 575874 6820 1.0
00:19:47.945 119847065 30111836 581524 6837 1.0
00:19:48.145 119847556 30299944 575622 6817 1.0
00:19:48.345 119846724 30320595 575978 6829 1.0
00:19:48.545 119847468 30308452 575768 6829 1.0
00:19:48.945 119847810 30112356 581538 6837 1.0
00:19:49.145 119846691 30318830 576025 6827 1.0
00:19:49.345 119847543 30303083 575610 6833 1.0
00:19:49.545 119846698 30298375 575581 6824 1.0
00:19:49.945 119847083 30114718 581567 6823 1.0
00:19:50.145 119846631 30304958 575754 6815 1.0
00:19:50.345 119847279 30300485 575608 6829 1.0
00:19:50.545 119846672 30308439 575778 6833 1.0
00:19:50.945 119847200 30114045 581553 6837 1.0
00:19:51.145 119847432 30305342 575701 6837 1.0
00:19:51.345 119846832 30307592 575728 6825 1.0
00:19:51.545 119847448 30305910 575779 6819 1.0
00:19:51.945 119847046 30162831 580194 6835 1.0
00:19:52.145 119847519 30304621 575652 6834 1.0
00:19:52.345 119846743 30304647 575744 6825 1.0
00:19:52.545 119847414 30313695 575892 6824 1.0
00:19:52.945 119847923 30276936 576430 6810 1.0
00:19:53.145 119846576 30301412 575661 6830 1.0
00:19:53.345 119847426 30315382 575936 6830 1.0
00:19:53.745 119847050 30112552 581543 6838 1.0
00:19:53.945 119847443 31769899 572137 6781 1.0
00:19:54.145 119846652 30306993 575793 6831 1.0
00:19:54.345 119847418 30307427 575738 6819 1.0
00:19:54.745 119847765 30115242 581570 6832 1.0
00:19:54.945 119846879 31770847 572167 6803 1.0
00:19:55.145 119847390 30302362 575685 6821 1.0
00:19:55.345 119846683 30307377 575738 6826 1.0
00:19:55.745 119847134 30110113 581478 6828 1.0
00:19:55.945 119846823 31684503 572399 6796 1.0
00:19:56.145 119847423 30309833 575789 6832 1.0
00:19:56.345 119846654 30305772 575705 6845 1.0
00:19:56.745 119847036 30108341 581459 6824 1.0
00:19:56.945 119847629 31688090 572470 6796 1.0
00:19:57.145 119846668 30307629 575731 6833 1.0
00:19:57.345 119847472 30311602 575833 6832 1.0
00:19:57.745 119847204 30110116 581479 6837 1.0
00:19:57.945 119847424 31749110 572171 6787 1.0
00:19:58.145 119846812 30309495 575835 6815 1.0
00:19:58.345 119847555 30313449 575841 6813 1.0
00:19:58.745 119847772 30115838 581629 6843 1.0
00:19:58.945 119846899 31725354 572237 6780 1.0
00:19:59.145 119847453 30306988 575810 6823 1.0
00:19:59.345 119846740 30305724 575678 6839 1.0
00:19:59.745 119847895 30118364 581605 6836 1.0
00:19:59.945 119846749 31684706 572126 6780 1.0
00:20:00.145 119847520 30307474 575781 6820 1.0
00:20:00.345 119846741 30316572 575906 6839 1.0
00:20:00.745 119847062 30112701 581539 6834 1.0
00:20:00.945 119847549 31686708 572231 6785 1.0
00:20:01.145 119846762 30309083 575788 6824 1.0
00:20:01.345 119846723 30304239 575644 6826 1.0
00:20:01.745 119847180 30122999 581732 6830 1.0
00:20:01.945 119847662 31718937 572231 6781 1.0
00:20:02.145 119846604 30310988 575846 6828 1.0
00:20:02.345 119847410 30304928 575690 6816 1.0
00:20:02.745 119847827 30113753 581575 6830 1.0
00:20:02.946 119846789 31713895 572248 6793 1.0
00:20:03.146 119847524 30308799 575759 6834 1.0
00:20:03.346 119846581 30301590 575666 6823 1.0
00:20:03.746 119847898 30110646 581493 6822 1.0
00:20:03.946 119846680 31699253 572475 6798 1.0
00:20:04.146 119847469 30301939 575674 6838 1.0
00:20:04.346 119846647 30301510 575662 6821 1.0
00:20:04.746 119847149 30113591 581572 6821 1.0
00:20:04.946 119847456 31732134 572241 6782 1.0
00:20:05.146 119846651 30306817 575745 6834 1.0
00:20:05.346 119846660 30319511 576005 6825 1.0
00:20:05.746 119847220 30111576 581517 6826 1.0
00:20:05.946 119847565 31688487 572524 6779 1.0
00:20:06.146 119846664 30304677 575651 6851 1.0
00:20:06.346 119847486 30307855 575831 6823 1.0
00:20:06.746 119847901 30117895 581684 6827 1.0
00:20:06.946 119846813 31701423 572077 6787 1.0
00:20:07.146 119846787 30301621 575667 6842 1.0
00:20:07.346 119847396 30310781 575813 6847 1.0
00:20:07.746 119847810 30117272 581575 6833 1.0
00:20:07.946 119846733 31668488 572428 6793 1.0
00:20:08.146 119847458 30308570 575754 6834 1.0
00:20:08.346 119846693 30302491 575687 6830 1.0
00:20:08.746 119847112 30122691 581757 6836 1.0
00:20:08.946 119847550 31662717 572232 6795 1.0
00:20:09.146 119846603 30302756 575653 6826 1.0
00:20:09.346 119846750 30302377 575685 6828 1.0
00:20:09.746 119846889 30114085 581533 6835 1.0
00:20:09.946 119847590 31726082 572280 6798 1.0
00:20:10.146 119846564 30309604 575797 6835 1.0
00:20:10.346 119847516 30304319 575722 6836 1.0
00:20:10.746 119847948 30114864 581527 6833 1.0
00:20:10.946 119846821 31772496 572204 6801 1.0
00:20:11.146 119846708 30304862 575741 6835 1.0
00:20:11.346 119847460 30303852 575688 6829 1.0
00:20:11.746 119847879 30112770 581550 6830 1.0
00:20:11.946 119846686 31732913 572121 6801 1.0
00:20:12.146 119847524 30303645 575718 6832 1.0
00:20:12.346 119846562 30310541 575808 6822 1.0
00:20:12.746 119847068 30107447 581410 6820 1.0
00:20:12.946 119846822 31745553 572112 6786 1.0
00:20:13.146 119847462 30316776 575971 6831 1.0
00:20:13.346 119846707 30303946 575684 6820 1.0
00:20:13.746 119847082 30121047 581639 6855 1.0
00:20:13.946 119847515 31752910 572152 6784 1.0
00:20:14.146 119846796 30309326 575777 6837 1.0
00:20:14.346 119847549 30308445 575751 6833 1.0
00:20:14.746 119847944 30211239 578696 6818 1.0
00:20:14.946 119846823 31725594 572161 6795 1.0
00:20:15.146 119846700 30307868 575735 6841 1.0
00:20:15.546 119847070 30113341 581564 6837 1.0
00:20:15.746 119847387 30304887 575657 6826 1.0
00:20:15.946 119846809 31721474 572220 6779 1.0
00:20:16.146 119847421 30305451 575734 6828 1.0
00:20:16.546 119847909 30117880 581590 6838 1.0
00:20:16.746 119846804 30302855 575700 6823 1.0
00:20:16.946 119846716 31756278 572156 6792 1.0
00:20:17.146 119847348 30305870 575779 6815 1.0
00:20:17.546 119847848 30109981 581476 6838 1.0
00:20:17.746 119846954 30303614 575624 6817 1.0
00:20:17.946 119847494 31763693 572384 6778 1.0
00:20:18.146 119846810 30301251 575657 6831 1.0
00:20:18.546 119847303 30116738 581590 6831 1.0
00:20:18.746 119846699 30311836 575846 6833 1.0
00:20:18.946 119847572 31746716 572188 6788 1.0
00:20:19.146 119846811 30308474 575754 6829 1.0
00:20:19.546 119847066 30112734 581500 6824 1.0
00:20:19.746 119847473 30309283 575834 6831 1.0
00:20:19.946 119846681 31744060 572104 6791 1.0
00:20:20.146 119847382 30313657 575889 6834 1.0
00:20:20.546 119847797 30112719 581508 6818 1.0
00:20:20.746 119846734 30314016 575846 6806 1.0
00:20:20.946 119846806 31701419 572236 6781 1.0
00:20:21.146 119847457 30301681 575627 6819 1.0
00:20:21.546 119847875 30120767 581698 6828 1.0
00:20:21.746 119846566 30301205 575644 6828 1.0
00:20:21.946 119847579 31718055 572199 6790 1.0
00:20:22.146 119846709 30313431 575878 6836 1.0
00:20:22.546 119847123 30112588 581544 6839 1.0
00:20:22.746 119846756 30307332 575722 6815 1.0
00:20:22.946 119847403 31750386 572360 6782 1.0
00:20:23.146 119846647 30301933 575638 6824 1.0
00:20:23.546 119846958 30124715 581771 6832 1.0
00:20:23.746 119847533 30305824 575683 6832 1.0
00:20:23.946 119846751 31731458 572250 6793 1.0
00:20:24.146 119847496 30303078 575706 6821 1.0
00:20:24.546 119847080 30111296 581511 6830 1.0
00:20:24.746 119847472 30307044 575778 6830 1.0
00:20:24.946 119846699 31697308 572369 6796 1.0
00:20:25.146 119847426 30303976 575708 6811 1.0
00:20:25.546 119847931 30114370 581593 6822 1.0
00:20:25.746 119846878 30316864 575907 6838 1.0
00:20:25.946 119847542 31746284 572231 6778 1.0
00:20:26.146 119846668 30305562 575734 6824 1.0
00:20:26.546 119847817 30115054 581544 6819 1.0
00:20:26.746 119846695 30305686 575771 6831 1.0
00:20:26.946 119847534 31767839 572151 6774 1.0
00:20:27.146 119846695 30313082 575875 6840 1.0
00:20:27.546 119847202 30114453 581593 6838 1.0
00:20:27.746 119847565 30309939 575790 6816 1.0
00:20:27.946 119846803 31699553 572402 6791 1.0
00:20:28.146 119847494 30306285 575697 6825 1.0
00:20:28.546 119847004 30114675 581548 6821 1.0
00:20:28.746 119847476 30300882 575647 6815 1.0
00:20:28.946 119846721 31762752 572103 6781 1.0
00:20:29.146 119847466 30312528 575861 6834 1.0
00:20:29.546 119847940 30117013 581662 6816 1.0
00:20:29.746 119846702 30304756 575654 6821 1.0
00:20:29.946 119847568 31677189 572452 6791 1.0
00:20:30.146 119846691 30308007 575817 6820 1.0
00:20:30.546 119847820 30112448 581541 6835 1.0
00:20:30.746 119846703 30320027 575963 6823 1.0
00:20:30.946 119847592 31717426 572314 6784 1.0
00:20:31.146 119846742 30305473 575674 6817 1.0
00:20:31.546 119847086 30107046 581481 6829 1.0
00:20:31.746 119847494 30302139 575597 6820 1.0
00:20:31.946 119846799 31696553 572250 6796 1.0
00:20:32.146 119846707 30311131 575822 6839 1.0
00:20:32.546 119847151 30109577 581465 6820 1.0
00:20:32.746 119847431 30306017 575769 6833 1.0
00:20:32.946 119846746 31703085 572210 6784 1.0
00:20:33.146 119847430 30311376 575831 6816 1.0
00:20:33.546 119847834 30118843 581657 6834 1.0
00:20:33.746 119846736 30306433 575752 6824 1.0
00:20:33.946 119847576 31722732 572286 6793 1.0
00:20:34.146 119846663 30317511 575897 6834 1.0
00:20:34.546 119847769 30110840 581500 6842 1.0
00:20:34.746 119846740 30308266 575744 6820 1.0
00:20:34.946 119847302 31780116 572366 6787 1.0
00:20:35.146 119846670 30301755 575669 6826 1.0
00:20:35.546 119847142 30121101 581677 6827 1.0
00:20:35.746 119847403 30305555 575770 6820 1.0
00:20:35.946 119846775 31683162 572311 6795 1.0
00:20:36.146 119846609 30307735 575828 6835 1.0
00:20:36.546 119847218 30152301 580443 6832 1.0
00:20:36.746 119847420 30303637 575635 6831 1.0
00:20:36.946 119846765 31697686 572381 6803 1.0
00:20:37.146 119847516 30303490 575644 6834 1.0
00:20:37.546 119847949 30269207 576764 6811 1.0
00:20:37.746 119846612 30312619 575861 6838 1.0
00:20:37.946 119846804 31707687 572228 6777 1.0
00:20:38.346 119847098 30122179 581713 6834 1.0
00:20:38.546 119847347 30302496 575628 6824 1.0
00:20:38.746 119846755 30303161 575674 6824 1.0
00:20:38.946 119847432 31705386 572309 6786 1.0
00:20:39.346 119847802 30113913 581557 6829 1.0
00:20:39.546 119846744 30304709 575675 6826 1.0
00:20:39.746 119847446 30309725 575786 6827 1.0
00:20:39.946 119846768 31696373 572272 6780 1.0
00:20:40.346 119847922 30112490 581536 6825 1.0
00:20:40.546 119846752 30310167 575802 6837 1.0
00:20:40.746 119847477 30305565 575675 6835 1.0
00:20:40.946 119846749 31761838 572188 6783 1.0
00:20:41.346 119847074 30115651 581578 6840 1.0
00:20:41.546 119847448 30305132 575757 6816 1.0
00:20:41.746 119846534 30308884 575764 6832 1.0
00:20:41.946 119846760 31691622 572419 6791 1.0
00:20:42.346 119847192 30114144 581579 6841 1.0
00:20:42.546 119847390 30321520 576008 6825 1.0
00:20:42.746 119846667 30308750 575759 6835 1.0
00:20:42.946 119847594 31714802 572151 6791 1.0
00:20:43.346 119847786 30122450 581710 6830 1.0
00:20:43.546 119846783 30307232 575750 6822 1.0
00:20:43.746 119846749 30304227 575705 6827 1.0
00:20:43.946 119847466 31730044 572198 6780 1.0
00:20:44.346 119847880 30108929 581450 6825 1.0
00:20:44.546 119846791 30311283 575826 6824 1.0
00:20:44.746 119847374 30311300 575826 6835 1.0
00:20:44.946 119846862 31747082 572181 6788 1.0
00:20:45.346 119847031 30125937 581803 6817 1.0
00:20:45.546 119847427 30308156 575745 6828 1.0
00:20:45.746 119846857 30303186 575706 6828 1.0
00:20:45.946 119846747 31706995 572238 6779 1.0
00:20:46.346 119847073 30110890 581500 6840 1.0
00:20:46.546 119847497 30308913 575773 6823 1.0
00:20:46.746 119846671 30308688 575757 6817 1.0
00:20:46.946 119847466 31723620 572170 6793 1.0
00:20:47.346 119847817 30114713 581528 6823 1.0
00:20:47.546 119846739 30313371 575860 6833 1.0
00:20:47.746 119846611 30310671 575832 6828 1.0
00:20:47.946 119847485 31702316 572231 6796 1.0
00:20:48.346 119847779 30112386 581540 6837 1.0
00:20:48.546 119846743 30308157 575766 6817 1.0
00:20:48.746 119847443 30302942 575681 6838 1.0
00:20:48.946 119846701 31727025 572396 6783 1.0
00:20:49.346 119847082 30115638 581530 6846 1.0
00:20:49.546 119846682 30306580 575798 6815 1.0
00:20:49.746 119847509 30318936 575933 6834 1.0
00:20:49.946 119846773 31677408 572317 6779 1.0
00:20:50.346 119847055 30124843 581775 6832 1.0
00:20:50.546 119847556 30305361 575762 6824 1.0
00:20:50.746 119846789 30307815 575736 6835 1.0
00:20:50.946 119847475 31709519 572147 6793 1.0
00:20:51.346 119847146 30111709 581521 6850 1.0
00:20:51.546 119847493 30303887 575724 6831 1.0
00:20:51.746 119846720 30316113 575860 6835 1.0
00:20:51.946 119847575 31734510 572223 6794 1.0
00:20:52.346 119847775 30110384 581486 6831 1.0
00:20:52.546 119846539 30311070 575822 6815 1.0
00:20:52.746 119847481 30301784 575670 6833 1.0
00:20:52.946 119846564 31712558 572299 6773 1.0
00:20:53.346 119847079 30115185 581601 6821 1.0
00:20:53.546 119846717 30304471 575740 6833 1.0
00:20:53.746 119847553 30298210 575578 6829 1.0
00:20:53.946 119846758 31706010 572370 6789 1.0
00:20:54.346 119847013 30107874 581421 6831 1.0
00:20:54.546 119847390 30316903 575975 6834 1.0
00:20:54.746 119846871 30306324 575696 6821 1.0
00:20:54.946 119847473 31722742 572249 6797 1.0
00:20:55.346 119847057 30120296 581676 6829 1.0
00:20:55.546 119847570 30309574 575783 6819 1.0
00:20:55.746 119846681 30301031 575650 6815 1.0
00:20:55.946 119847523 31775389 572268 6784 1.0
00:20:56.346 119847915 30110861 581500 6831 1.0
00:20:56.546 119846692 30306200 575765 6826 1.0
00:20:56.746 119847383 30311772 575841 6843 1.0
00:20:56.946 119846771 31703792 572236 6781 1.0
00:20:57.346 119847930 30116511 581649 6816 1.0
00:20:57.546 119846686 30303063 575665 6823 1.0
00:20:57.746 119847448 30305463 575714 6831 1.0
00:20:57.946 119846678 31670908 572280 6790 1.0
00:20:58.346 119847124 30115514 581589 6837 1.0
00:20:58.546 119847473 30306275 575694 6830 1.0
00:20:58.746 119846814 30314726 575918 6829 1.0
00:20:58.946 119847491 31745829 572133 6784 1.0
00:20:59.346 119847170 30207772 578634 6826 1.0
00:20:59.546 119847476 30314011 575877 6816 1.0
00:20:59.746 119846743 30297263 575572 6833 1.0
00:21:00.146 119847079 30121107 581758 6837 1.0
00:21:00.346 119847390 30305449 575675 6832 1.0
00:21:00.546 119846668 30300899 575646 6825 1.0
00:21:00.746 119847548 30306614 575703 6827 1.0
00:21:01.146 119847223 30114632 581505 6821 1.0
00:21:01.346 119847447 30306015 575781 6830 1.0
00:21:01.546 119846708 30309054 575768 6824 1.0
00:21:01.746 119847415 30310776 575811 6839 1.0
00:21:02.146 119847930 30115469 581621 6830 1.0
00:21:02.346 119846673 30313050 575872 6839 1.0
00:21:02.546 119847536 30304453 575645 6831 1.0
00:21:02.746 119846650 30305668 575769 6828 1.0
00:21:03.146 119847938 30115210 581547 6846 1.0
00:21:03.346 119846668 30300569 575637 6837 1.0
00:21:03.546 119847447 30303488 575713 6827 1.0
00:21:03.746 119846660 30319058 575934 6833 1.0
00:21:04.146 119846998 30108051 581461 6841 1.0
00:21:04.346 119847435 30316172 575880 6835 1.0
00:21:04.546 119846701 30307316 575797 6826 1.0
00:21:04.746 119847399 30304968 575657 6838 1.0
00:21:05.146 119847094 30117175 581572 6836 1.0
00:21:05.346 119847429 30310129 575825 6823 1.0
00:21:05.546 119846705 30309230 575836 6824 1.0
00:21:05.746 119847502 30304261 575642 6824 1.0
00:21:06.146 119847875 30107987 581425 6839 1.0
00:21:06.346 119846691 30304915 575753 6832 1.0
00:21:06.546 119847325 30313310 575879 6830 1.0
00:21:06.746 119846655 30304683 575651 6836 1.0
00:21:07.146 119847870 30114492 581597 6827 1.0
00:21:07.346 119846747 30314838 575917 6832 1.0
00:21:07.546 119847449 30305071 575663 6823 1.0
00:21:07.746 119846642 30303149 575729 6829 1.0
00:21:08.146 119847060 30108519 581437 6834 1.0
00:21:08.346 119847545 30304614 575651 6824 1.0
00:21:08.546 119846621 30304153 575732 6815 1.0
00:21:08.746 119846824 30312102 575846 6830 1.0
00:21:09.146 119847048 30109691 581468 6839 1.0
00:21:09.346 119847519 30314770 575919 6812 1.0
00:21:09.546 119846624 30305634 575676 6831 1.0
00:21:09.746 119847547 30306898 575803 6825 1.0
00:21:10.146 119847949 30123850 581747 6831 1.0
00:21:10.346 119846663 30303413 575715 6840 1.0
00:21:10.546 119847381 30302916 575616 6821 1.0
00:21:10.746 119846587 30318489 576005 6838 1.0
00:21:11.146 119847925 30112035 581531 6843 1.0
00:21:11.346 119846742 30304871 575752 6824 1.0
00:21:11.546 119847571 30310715 575811 6821 1.0
00:21:11.746 119846773 30306097 575689 6829 1.0
00:21:12.146 119847291 30119023 581670 6842 1.0
00:21:12.346 119847495 30304606 575671 6841 1.0
00:21:12.546 119846789 30300324 575631 6827 1.0
00:21:12.746 119846604 30306015 575781 6833 1.0
00:21:13.146 119847145 30113309 581564 6829 1.0
00:21:13.346 119847530 30309067 575769 6833 1.0
00:21:13.546 119846797 30311504 575833 6828 1.0
00:21:13.746 119847601 30305464 575685 6822 1.0
00:21:14.146 119847761 30113056 581560 6820 1.0
00:21:14.346 119846663 30316264 575925 6821 1.0
00:21:14.546 119846748 30305875 575715 6814 1.0
00:21:14.746 119847450 30306618 575714 6820 1.0
00:21:15.146 119847858 30113272 581562 6828 1.0
00:21:15.346 119846713 30303522 575717 6820 1.0
00:21:15.546 119847339 30309420 575775 6825 1.0
00:21:15.746 119846824 30318259 575926 6820 1.0
00:21:16.146 119847143 30114407 581500 6830 1.0
00:21:16.346 119846659 30314611 575913 6833 1.0
00:21:16.546 119847336 30306245 575774 6826 1.0
00:21:16.746 119846690 30304949 575672 6819 1.0
00:21:17.146 119847123 30114955 581575 6853 1.0
00:21:17.346 119847455 30308667 575791 6831 1.0
00:21:17.546 119846866 30305496 575673 6827 1.0
00:21:17.746 119847459 30307840 575806 6845 1.0
00:21:18.146 119847890 30110745 581498 6828 1.0
00:21:18.346 119846794 30305793 575748 6828 1.0
00:21:18.546 119846816 30309346 575804 6823 1.0
00:21:18.746 119847533 30304874 575657 6825 1.0
00:21:19.146 119847950 30121279 581741 6833 1.0
00:21:19.346 119846738 30306362 575732 6830 1.0
00:21:19.546 119847573 30300394 575633 6816 1.0
00:21:19.746 119846790 30307092 575717 6817 1.0
00:21:20.146 119847169 30112705 581500 6842 1.0
00:21:20.346 119846688 30305722 575747 6824 1.0
00:21:20.546 119847602 30310229 575798 6815 1.0
00:21:20.746 119846670 30301961 575674 6823 1.0
00:21:21.146 119847200 30138352 580651 6837 1.0
00:21:21.346 119847501 30307833 575734 6837 1.0
00:21:21.546 119846711 30307627 575777 6825 1.0
00:21:21.746 119847555 30306765 575754 6832 1.0
00:21:22.146 119846937 30257334 577012 6808 1.0
00:21:22.346 119847493 30304871 575693 6825 1.0
00:21:22.546 119846651 30303269 575674 6831 1.0
00:21:22.946 119847054 30111100 581506 6824 1.0
00:21:23.146 119847463 31742303 572113 6776 1.0
00:21:23.346 119846657 30310824 575816 6835 1.0
00:21:23.546 119847597 30310854 575831 6815 1.0
00:21:23.946 119847865 30112745 581550 6836 1.0
00:21:24.146 119846708 31764406 572359 6804 1.0
00:21:24.346 119846667 30302041 575605 6832 1.0
00:21:24.546 119847512 30307558 575799 6819 1.0
00:21:24.946 119847862 30123320 581734 6836 1.0
00:21:25.146 119846679 31743602 572158 6788 1.0
00:21:25.346 119847447 30308652 575758 6840 1.0
00:21:25.546 119846741 30313051 575872 6838 1.0
00:21:25.946 119847115 30114749 581602 6822 1.0
00:21:26.146 119846674 31720182 572268 6798 1.0
00:21:26.346 119847585 30311439 575830 6823 1.0
00:21:26.546 119846747 30305821 575683 6837 1.0
00:21:26.946 119846974 30124151 581755 6824 1.0
00:21:27.146 119847371 31669155 572235 6787 1.0
00:21:27.346 119846814 30307161 575790 6824 1.0
00:21:27.546 119847337 30306507 575700 6829 1.0
00:21:27.946 119847128 30111648 581520 6847 1.0
00:21:28.146 119847550 31734186 572207 6789 1.0
00:21:28.346 119846681 30312100 575847 6844 1.0
00:21:28.546 119847407 30307466 575782 6832 1.0
00:21:28.946 119847743 30115847 581631 6826 1.0
00:21:29.146 119846826 31712735 572293 6788 1.0
00:21:29.346 119847417 30302180 575680 6825 1.0
00:21:29.546 119846762 30302435 575689 6820 1.0
00:21:29.946 119847032 30112546 581504 6831 1.0
00:21:30.146 119846726 31680641 572442 6798 1.0
00:21:30.346 119847501 30303518 575631 6819 1.0
00:21:30.546 119846715 30311395 575846 6836 1.0
00:21:30.946 119847139 30111464 581515 6827 1.0
00:21:31.146 119847561 31736275 572378 6794 1.0
00:21:31.346 119846830 30302543 575666 6831 1.0
00:21:31.546 119847357 30302806 575742 6819 1.0
00:21:31.946 119847027 30123369 581734 6836 1.0
00:21:32.146 119847470 31732838 572223 6788 1.0
00:21:32.346 119846728 30305992 575767 6828 1.0
00:21:32.546 119847558 30316045 575920 6811 1.0
00:21:32.946 119847873 30113195 581561 6838 1.0
00:21:33.146 119846789 31681510 572279 6796 1.0
00:21:33.346 119847447 30306634 575726 6822 1.0
00:21:33.546 119846710 30304340 575716 6838 1.0
00:21:33.946 119848010 30122142 581706 6824 1.0
00:21:34.146 119846729 31678055 572404 6787 1.0
00:21:34.346 119847590 30305544 575677 6840 1.0
00:21:34.546 119846623 30304870 575752 6830 1.0
00:21:34.946 119847196 30109571 581465 6828 1.0
00:21:35.146 119847582 31706996 572215 6791 1.0
00:21:35.346 119846621 30313564 575888 6825 1.0
00:21:35.546 119847542 30302494 575688 6812 1.0
00:21:35.946 119847186 30113763 581501 6819 1.0
00:21:36.146 119847476 31735347 572489 6774 1.0
00:21:36.346 119846705 30308589 575785 6836 1.0
00:21:36.546 119847443 30307207 575718 6836 1.0
00:21:36.946 119847760 30109073 581452 6819 1.0
00:21:37.146 119846794 31672462 572416 6779 1.0
00:21:37.346 119847465 30305725 575683 6821 1.0
00:21:37.546 119846639 30314392 575906 6839 1.0
00:21:37.946 119847781 30115661 581626 6824 1.0
00:21:38.146 119846649 31748680 572270 6780 1.0
00:21:38.346 119847515 30313438 575848 6844 1.0
00:21:38.546 119846699 30307986 575833 6828 1.0
00:21:38.946 119847053 30112490 581542 6836 1.0
00:21:39.146 119847588 31738804 572263 6789 1.0
00:21:39.346 119846663 30306451 575756 6815 1.0
00:21:39.546 119846820 30311664 575846 6824 1.0
00:21:39.946 119847096 30111663 581521 6830 1.0
00:21:40.146 119847450 31707092 572258 6795 1.0
00:21:40.346 119846738 30316875 575944 6825 1.0
00:21:40.546 119847421 30307337 575744 6817 1.0
00:21:40.946 119847860 30114393 581594 6832 1.0
00:21:41.146 119846888 31684463 572534 6794 1.0
00:21:41.346 119846699 30302703 575601 6834 1.0
00:21:41.546 119847355 30304337 575734 6838 1.0
00:21:41.946 119847843 30111644 581518 6838 1.0
00:21:42.146 119846696 31680211 572213 6791 1.0
00:21:42.346 119847474 30302363 575677 6831 1.0
00:21:42.546 119846662 30314115 575899 6820 1.0
00:21:42.946 119847004 30108264 581462 6844 1.0
00:21:43.146 119847525 31685660 572463 6794 1.0
00:21:43.346 119846739 30311491 575833 6830 1.0
00:21:43.546 119846734 30301487 575627 6830 1.0
00:21:43.946 119847141 30213754 578703 6801 1.0
00:21:44.146 119847546 31742650 572198 6779 1.0
00:21:44.346 119846639 30308622 575802 6830 1.0
00:21:44.746 119847122 30107831 581478 6826 1.0
00:21:44.946 119847486 30306095 575728 6830 1.0
00:21:45.146 119846904 31679770 572241 6793 1.0
00:21:45.346 119846774 30307483 575726 6818 1.0
00:21:45.746 119847131 30116918 581639 6824 1.0
00:21:45.946 119847471 30315716 575942 6831 1.0
00:21:46.146 119846766 31757813 571996 6782 1.0
00:21:46.346 119847497 30301987 575624 6823 1.0
00:21:46.746 119847869 30121997 581701 6840 1.0
00:21:46.946 119846720 30304392 575646 6829 1.0
00:21:47.146 119846750 31722681 572238 6789 1.0
00:21:47.346 119847471 30315229 575930 6827 1.0
00:21:47.746 119847792 30110653 581495 6816 1.0
00:21:47.946 119846626 30300584 575593 6826 1.0
00:21:48.146 119847444 31739204 572466 6787 1.0
00:21:48.346 119846635 30304754 575655 6837 1.0
00:21:48.746 119847113 30122539 581714 6847 1.0
00:21:48.946 119847551 30307837 575734 6814 1.0
00:21:49.146 119846808 31711103 572256 6777 1.0
00:21:49.346 119846616 30307209 575751 6831 1.0
00:21:49.746 119847088 30113770 581533 6828 1.0
00:21:49.946 119847413 30300206 575630 6806 1.0
00:21:50.146 119846789 31733661 572363 6788 1.0
00:21:50.346 119847604 30305980 575687 6819 1.0
00:21:50.746 119847827 30113826 581517 6831 1.0
00:21:50.946 119846683 30308356 575808 6817 1.0
00:21:51.146 119846851 31747977 571954 6769 1.0
00:21:51.346 119847528 30305273 575670 6847 1.0
00:21:51.746 119847850 30115944 581544 6829 1.0
00:21:51.946 119846525 30307526 575797 6819 1.0
00:21:52.146 119847486 31738370 572198 6790 1.0
00:21:52.346 119846672 30311852 575843 6833 1.0
00:21:52.746 119847076 30113231 581562 6834 1.0
00:21:52.946 119846799 30316387 575961 6821 1.0
00:21:53.146 119847411 31764107 572247 6789 1.0
00:21:53.346 119846607 30299240 575588 6826 1.0
00:21:53.746 119847143 30123892 581748 6827 1.0
00:21:53.946 119847457 30306469 575700 6823 1.0
00:21:54.146 119846856 31706752 572292 6780 1.0
00:21:54.346 119847624 30319248 576027 6837 1.0
00:21:54.746 119847880 30115506 581621 6830 1.0
00:21:54.946 119846824 30301729 575670 6830 1.0
00:21:55.146 119846794 31699045 572433 6790 1.0
00:21:55.346 119847416 30311068 575821 6849 1.0
00:21:55.746 119847885 30122294 581741 6851 1.0
00:21:55.946 119846652 30305671 575738 6820 1.0
00:21:56.146 119847584 31675587 572291 6793 1.0
00:21:56.346 119846633 30298396 575583 6832 1.0
00:21:56.746 119847082 30114151 581588 6841 1.0
00:21:56.946 119846784 30308614 575755 6813 1.0
00:21:57.146 119847649 31676037 572383 6797 1.0
00:21:57.346 119846776 30309361 575778 6847 1.0
00:21:57.746 119846983 30113838 581578 6831 1.0
00:21:57.946 119847465 30315337 575932 6831 1.0
00:21:58.146 119846700 31755900 572037 6795 1.0
00:21:58.346 119847529 30304981 575754 6828 1.0
00:21:58.746 119847057 30116482 581604 6833 1.0
00:21:58.946 119847460 30307151 575762 6806 1.0
00:21:59.146 119846753 31665157 572315 6796 1.0
00:21:59.346 119847462 30305167 575747 6824 1.0
00:21:59.746 119847877 30112982 581541 6830 1.0
00:21:59.946 119846687 30308789 575800 6826 1.0
00:22:00.146 119847532 31705558 572489 6797 1.0
00:22:00.346 119846790 30301596 575618 6848 1.0
00:22:00.746 119847841 30118611 581610 6847 1.0
00:22:00.946 119846758 30304253 575734 6828 1.0
00:22:01.146 119847517 31748426 572266 6791 1.0
00:22:01.346 119846671 30304398 575645 6841 1.0
00:22:01.746 119847112 30115535 581579 6830 1.0
00:22:01.946 119847404 30306943 575753 6821 1.0
00:22:02.146 119846802 31730670 572210 6793 1.0
00:22:02.346 119847524 30303390 575697 6829 1.0
00:22:02.746 119847040 30111246 581510 6817 1.0
00:22:02.946 119847518 30307977 575738 6827 1.0
00:22:03.146 119846703 31768243 572169 6789 1.0
00:22:03.346 119847499 30302333 575671 6822 1.0
00:22:03.746 119847927 30114626 581597 6824 1.0
00:22:03.946 119846719 30304781 575695 6830 1.0
00:22:04.146 119847604 31755738 572224 6785 1.0
00:22:04.346 119846759 30315076 575853 6841 1.0
00:22:04.746 119847849 30105772 581365 6837 1.0
00:22:04.946 119846630 30311154 575831 6828 1.0
00:22:05.146 119847515 31675435 572394 6793 1.0
00:22:05.346 119846626 30302206 575679 6830 1.0
00:22:05.746 119847170 30144464 581175 6834 1.0
00:22:05.946 119847483 30305269 575682 6833 1.0
00:22:06.146 119846674 31691289 572236 6798 1.0
00:22:06.346 119846585 30305844 575777 6823 1.0
00:22:06.746 119847177 30246044 577265 6807 1.0
00:22:06.946 119847318 30307278 575797 6832 1.0
00:22:07.146 119846823 31729032 572236 6795 1.0
00:22:07.546 119847074 30114700 581600 6841 1.0
00:22:07.746 119847565 30310221 575799 6827 1.0
00:22:07.946 119846756 30304943 575713 6825 1.0
00:22:08.146 119847588 31737978 572188 6779 1.0
00:22:08.546 119847152 30121688 581692 6844 1.0
00:22:08.746 119847402 30301670 575666 6819 1.0
00:22:08.946 119846734 30306998 575719 6825 1.0
00:22:09.146 119847381 31765352 572252 6788 1.0
