CPU_CYCLES, INSTRUCTIONS, CACHE_MISSES, BRANCH_MISSES, LABEL
00:01:19.486 119846685 31735781 573377 6836 1.0
00:01:19.886 119847878 30170656 582606 6855 1.0
00:01:20.086 119846823 30363814 576857 6855 1.0
00:01:20.286 119847374 30367512 576907 6853 1.0
00:01:20.486 119846669 31793967 573256 6808 1.0
00:01:20.886 119847076 30169764 582648 6843 1.0
00:01:21.086 119847378 30368009 576945 6857 1.0
00:01:21.286 119846799 30364749 576858 6849 1.0
00:01:21.486 119847562 31789924 573360 6800 1.0
00:01:21.886 119847120 30171657 582724 6859 1.0
00:01:22.086 119847535 30364619 576857 6848 1.0
00:01:22.286 119846725 30362427 576801 6839 1.0
00:01:22.486 119847430 31739008 573642 6816 1.0
00:01:22.886 119847817 30171724 582632 6833 1.0
00:01:23.086 119846696 30369762 576991 6835 1.0
00:01:23.286 119847405 30364590 576854 6845 1.0
00:01:23.486 119846814 31820220 573230 6813 1.0
00:01:23.886 119847857 30178801 582785 6858 1.0
00:01:24.086 119846726 30361662 576858 6838 1.0
00:01:24.286 119847433 30361834 576781 6847 1.0
00:01:24.486 119846730 31769059 573462 6820 1.0
00:01:24.886 119847008 30170379 582691 6845 1.0
00:01:25.086 119847407 30363376 576820 6851 1.0
00:01:25.286 119846682 30369055 576971 6849 1.0
00:01:25.486 119846631 31811552 573270 6813 1.0
00:01:25.886 119847223 30175571 582733 6855 1.0
00:01:26.086 119847302 30362742 576807 6846 1.0
00:01:26.286 119846696 30362750 576872 6853 1.0
00:01:26.486 119847479 31759613 573356 6814 1.0
00:01:26.886 119847791 30172599 582671 6854 1.0
00:01:27.086 119846774 30363396 576819 6845 1.0
00:01:27.286 119847419 30372526 577049 6838 1.0
00:01:27.486 119846825 31788369 573270 6804 1.0
00:01:27.886 119848034 30173184 582673 6854 1.0
00:01:28.086 119846576 30366103 576893 6841 1.0
00:01:28.286 119847425 30366018 576892 6844 1.0
00:01:28.486 119846738 31769919 573388 6795 1.0
00:01:28.886 119847162 30171353 582714 6851 1.0
00:01:29.086 119847548 30364597 576852 6840 1.0
00:01:29.286 119846631 30362570 576801 6855 1.0
00:01:29.486 119846661 31825788 573334 6813 1.0
00:01:29.886 119847250 30172802 582662 6858 1.0
00:01:30.086 119847392 30369930 576996 6843 1.0
00:01:30.286 119846670 30365715 576883 6855 1.0
00:01:30.486 119847477 31734206 573437 6825 1.0
00:01:30.886 119847995 30179377 582802 6857 1.0
00:01:31.086 119846630 30364467 576852 6838 1.0
00:01:31.286 119846744 30364253 576843 6838 1.0
00:01:31.486 119847455 31745760 573595 6789 1.0
00:01:31.886 119847878 30266047 579702 6838 1.0
00:01:32.086 119846741 30364362 576880 6831 1.0
00:01:32.286 119847408 30371943 576987 6850 1.0
00:01:32.686 119847752 30169526 582616 6848 1.0
00:01:32.886 119846770 30367211 576887 6862 1.0
00:01:33.086 119847456 30365356 576876 6842 1.0
00:01:33.286 119846662 30365166 576872 6844 1.0
00:01:33.686 119848039 30176175 582751 6847 1.0
00:01:33.886 119846659 30363964 576853 6841 1.0
00:01:34.086 119847496 30362606 576875 6853 1.0
00:01:34.286 119846790 30363785 576842 6835 1.0
00:01:34.686 119847132 30171635 582676 6855 1.0
00:01:34.886 119847463 30363574 576831 6867 1.0
00:01:35.086 119846760 30376305 577071 6848 1.0
00:01:35.286 119846688 30363779 576848 6840 1.0
00:01:35.686 119846959 30171302 582621 6845 1.0
00:01:35.886 119847413 30376162 577125 6853 1.0
00:01:36.086 119846687 30365416 576879 6851 1.0
00:01:36.286 119847496 30361632 576810 6834 1.0
00:01:36.686 119847811 30170298 582690 6849 1.0
00:01:36.886 119846856 30363455 576829 6842 1.0
00:01:37.086 119846732 30362673 576802 6852 1.0
00:01:37.286 119847478 30367383 576926 6850 1.0
00:01:37.686 119847878 30173099 582741 6843 1.0
00:01:37.886 119846668 30364863 576863 6857 1.0
00:01:38.086 119847599 30362776 576807 6845 1.0
00:01:38.286 119846716 30364001 576837 6857 1.0
00:01:38.686 119847069 30175594 582734 6862 1.0
00:01:38.886 119847265 30363636 576833 6858 1.0
00:01:39.086 119846680 30362453 576796 6856 1.0
00:01:39.286 119846730 30371291 577030 6840 1.0
00:01:39.686 119847035 30172416 582699 6830 1.0
00:01:39.886 119847493 30364427 576876 6866 1.0
00:01:40.086 119846668 30369681 576919 6853 1.0
00:01:40.286 119847403 30362723 576837 6844 1.0
00:01:40.686 119847910 30176560 582785 6857 1.0
00:01:40.886 119846764 30365894 576882 6848 1.0
00:01:41.086 119846787 30362945 576870 6842 1.0
00:01:41.286 119847472 30362605 576802 6853 1.0
00:01:41.686 119847951 30171340 582622 6858 1.0
00:01:41.886 119846718 30362169 576817 6852 1.0
00:01:42.086 119847551 30368139 576925 6832 1.0
00:01:42.286 119846753 30362534 576826 6847 1.0
00:01:42.686 119847107 30171412 582650 6856 1.0
00:01:42.886 119846735 30372104 577025 6863 1.0
00:01:43.086 119847515 30364002 576839 6849 1.0
00:01:43.286 119846716 30364430 576846 6839 1.0
00:01:43.686 119847046 30173469 582774 6851 1.0
00:01:43.886 119847346 30363140 576816 6856 1.0
00:01:44.086 119846721 30362539 576800 6867 1.0
00:01:44.286 119847514 30369982 576994 6840 1.0
00:01:44.686 119847152 30171660 582632 6856 1.0
00:01:44.886 119847528 30367039 576922 6856 1.0
00:01:45.086 119846588 30363040 576813 6849 1.0
00:01:45.286 119847599 30368277 576949 6848 1.0
00:01:45.686 119847920 30175628 582736 6839 1.0
00:01:45.886 119846760 30363352 576821 6854 1.0
00:01:46.086 119847588 30363333 576832 6822 1.0
00:01:46.286 119846781 30364989 576878 6825 1.0
00:01:46.686 119847060 30171450 582719 6858 1.0
00:01:46.886 119846731 30362324 576797 6858 1.0
00:01:47.086 119847511 30370054 576979 6845 1.0
00:01:47.286 119846549 30362685 576822 6854 1.0
00:01:47.686 119847160 30177128 582790 6840 1.0
00:01:47.886 119847518 30361859 576794 6840 1.0
00:01:48.086 119846708 30364993 576863 6853 1.0
00:01:48.286 119847394 30365244 576870 6851 1.0
00:01:48.686 119847075 30170514 582603 6859 1.0
00:01:48.886 119847485 30364763 576873 6848 1.0
00:01:49.086 119846715 30364850 576878 6829 1.0
00:01:49.286 119847453 30365372 576873 6843 1.0
00:01:49.686 119847854 30172287 582712 6846 1.0
00:01:49.886 119846741 30369105 576910 6850 1.0
00:01:50.086 119847593 30363944 576841 6833 1.0
00:01:50.286 119846790 30364458 576878 6851 1.0
00:01:50.686 119847883 30170552 582673 6859 1.0
00:01:50.886 119846760 30365077 576878 6857 1.0
00:01:51.086 119847462 30365842 576873 6851 1.0
00:01:51.286 119846653 30372616 576996 6846 1.0
00:01:51.686 119847071 30171726 582633 6851 1.0
00:01:51.886 119847480 30361357 576825 6850 1.0
00:01:52.086 119846775 30370801 576962 6862 1.0
00:01:52.286 119847412 30361866 576789 6849 1.0
00:01:52.686 119847094 30176297 582753 6856 1.0
00:01:52.886 119847671 30366136 576895 6845 1.0
00:01:53.086 119846719 30363135 576816 6832 1.0
00:01:53.286 119847472 30362284 576845 6848 1.0
00:01:53.686 119847960 30237765 580651 6847 1.0
00:01:53.886 119846740 30361843 576783 6850 1.0
00:01:54.086 119847450 30367008 576915 6844 1.0
00:01:54.286 119846638 30363559 576825 6848 1.0
00:01:54.686 119848083 30355370 576972 6835 1.0
00:01:54.886 119846730 30367661 576934 6849 1.0
00:01:55.086 119847516 30365058 576869 6846 1.0
00:01:55.486 119847917 30179366 582834 6854 1.0
00:01:55.686 119846782 31756241 573425 6799 1.0
00:01:55.886 119847515 30362638 576825 6840 1.0
00:01:56.086 119846694 30364778 576878 6830 1.0
00:01:56.486 119847886 30170668 582667 6865 1.0
00:01:56.686 119846834 31724897 573504 6792 1.0
00:01:56.886 119847496 30371080 576933 6857 1.0
00:01:57.086 119846836 30362166 576840 6842 1.0
00:01:57.486 119847034 30170511 582625 6841 1.0
00:01:57.686 119847408 31801862 573338 6803 1.0
00:01:57.886 119846741 30364008 576840 6850 1.0
00:01:58.086 119847472 30365675 576882 6846 1.0
00:01:58.486 119847100 30169165 582660 6857 1.0
00:01:58.686 119847574 31776399 573269 6806 1.0
00:01:58.886 119846729 30360809 576797 6856 1.0
00:01:59.086 119847324 30369990 576955 6850 1.0
00:01:59.486 119847855 30173208 582672 6849 1.0
00:01:59.686 119846769 31774310 573580 6819 1.0
00:01:59.886 119847413 30364893 576862 6858 1.0
00:02:00.086 119846723 30364407 576851 6846 1.0
00:02:00.486 119847851 30180924 582875 6848 1.0
00:02:00.686 119846916 31810046 573278 6803 1.0
00:02:00.886 119847392 30365898 576887 6845 1.0
00:02:01.086 119846761 30365055 576865 6839 1.0
00:02:01.486 119847008 30168840 582650 6854 1.0
00:02:01.686 119847567 31752017 573337 6809 1.0
00:02:01.886 119846722 30369654 576986 6843 1.0
00:02:02.086 119846594 30365984 576888 6853 1.0
00:02:02.486 119847056 30176119 582747 6850 1.0
00:02:02.686 119847543 31759253 573466 6795 1.0
00:02:02.886 119846751 30362805 576842 6829 1.0
00:02:03.086 119847541 30360086 576732 6837 1.0
00:02:03.486 119847879 30171367 582624 6846 1.0
00:02:03.686 119846757 31762526 573459 6794 1.0
00:02:03.886 119846633 30373414 576993 6860 1.0
00:02:04.086 119847549 30361469 576801 6849 1.0
00:02:04.486 119847929 30171294 582684 6830 1.0
00:02:04.686 119846685 31733756 573600 6801 1.0
00:02:04.886 119847421 30364342 576845 6853 1.0
00:02:05.086 119846686 30364237 576845 6835 1.0
00:02:05.486 119847022 30097855 581251 6823 1.0
00:02:05.686 119847640 31668692 572095 6772 1.0
00:02:05.886 119846739 30292600 575467 6835 1.0
00:02:06.086 119846677 30296299 575575 6821 1.0
00:02:06.486 119846964 30098305 581262 6824 1.0
00:02:06.686 119847612 31746779 572101 6794 1.0
00:02:06.886 119846672 30290771 575413 6822 1.0
00:02:07.086 119847436 30294542 575500 6840 1.0
00:02:07.486 119847951 30099240 581240 6819 1.0
00:02:07.686 119846751 31738067 571942 6785 1.0
00:02:07.886 119846625 30295901 575513 6836 1.0
00:02:08.086 119847545 30301204 575652 6828 1.0
00:02:08.486 119847885 30101272 581341 6820 1.0
00:02:08.686 119846867 31689165 572000 6774 1.0
00:02:08.886 119847475 30302742 575683 6839 1.0
00:02:09.086 119846664 30297361 575562 6822 1.0
00:02:09.486 119847086 30105470 581356 6849 1.0
00:02:09.686 119846741 31738583 571945 6783 1.0
00:02:09.886 119847320 30291844 575502 6827 1.0
00:02:10.086 119846723 30294162 575467 6821 1.0
00:02:10.486 119847104 30102151 581317 6846 1.0
00:02:10.686 119847521 31692228 571983 6796 1.0
00:02:10.886 119846577 30286332 575359 6838 1.0
00:02:11.086 119847563 30293705 575544 6819 1.0
00:02:11.486 119847832 30100677 581325 6824 1.0
00:02:11.686 119846682 31664265 572108 6796 1.0
00:02:11.886 119846621 30297826 575579 6841 1.0
00:02:12.086 119847510 30295802 575583 6824 1.0
00:02:12.486 119847881 30109313 581459 6835 1.0
00:02:12.686 119846721 31683404 572089 6791 1.0
00:02:12.886 119847546 30286106 575350 6829 1.0
00:02:13.086 119846755 30303372 575632 6831 1.0
00:02:13.486 119847082 30096367 581212 6837 1.0
00:02:13.686 119846765 31757598 571895 6788 1.0
00:02:13.886 119847480 30302631 575693 6836 1.0
00:02:14.086 119846721 30294913 575488 6816 1.0
00:02:14.486 119847012 30108778 581465 6840 1.0
00:02:14.686 119847458 31678276 572008 6794 1.0
00:02:14.886 119846700 30293881 575553 6816 1.0
00:02:15.086 119847522 30297216 575578 6823 1.0
00:02:15.486 119847147 30102163 581253 6831 1.0
00:02:15.686 119847500 31733072 571973 6786 1.0
00:02:15.886 119846658 30305488 575707 6840 1.0
00:02:16.086 119847553 30295692 575509 6823 1.0
00:02:16.486 119847935 30197183 578408 6817 1.0
00:02:16.686 119846533 31698167 572186 6793 1.0
00:02:16.886 119847479 30292793 575431 6846 1.0
00:02:17.286 119847913 30108439 581473 6839 1.0
00:02:17.486 119846723 30289572 575352 6831 1.0
00:02:17.686 119846732 31682403 572123 6793 1.0
00:02:17.886 119847450 30293986 575465 6837 1.0
00:02:18.286 119847736 30101093 581299 6828 1.0
00:02:18.486 119846701 30296217 575562 6831 1.0
00:02:18.686 119847479 31670385 572184 6805 1.0
00:02:18.886 119846798 30293097 575441 6826 1.0
00:02:19.286 119847124 30101770 581335 6835 1.0
00:02:19.486 119846720 30298885 575593 6825 1.0
00:02:19.686 119847438 31665237 572133 6815 1.0
00:02:19.886 119846666 30291475 575479 6835 1.0
00:02:20.286 119846955 30102334 581353 6829 1.0
00:02:20.486 119847442 30292112 575430 6828 1.0
00:02:20.686 119846676 31656508 572131 6782 1.0
00:02:20.886 119847391 30301718 575583 6827 1.0
00:02:21.286 119847067 30102285 581295 6837 1.0
00:02:21.486 119847588 30304055 575708 6818 1.0
00:02:21.686 119846679 31711644 571859 6804 1.0
00:02:21.886 119847468 30298492 575583 6828 1.0
00:02:22.286 119847867 30106693 581390 6832 1.0
00:02:22.486 119846745 30297627 575559 6833 1.0
00:02:22.686 119847594 31750405 571875 6790 1.0
00:02:22.886 119846786 30302346 575615 6832 1.0
00:02:23.286 119847141 30104032 581319 6836 1.0
00:02:23.486 119846855 30290716 575473 6819 1.0
00:02:23.686 119847514 31694335 572202 6793 1.0
00:02:23.886 119846675 30293553 575453 6835 1.0
00:02:24.286 119847105 30110361 581500 6837 1.0
00:02:24.486 119847488 30299068 575584 6826 1.0
00:02:24.686 119846627 31755013 571978 6788 1.0
00:02:24.886 119847429 30292926 575485 6830 1.0
00:02:25.286 119847146 30101238 581277 6826 1.0
00:02:25.486 119847550 30294035 575548 6831 1.0
00:02:25.686 119846643 31685124 572282 6803 1.0
00:02:25.886 119847355 30292258 575515 6816 1.0
00:02:26.286 119847904 30095016 581207 6817 1.0
00:02:26.486 119846601 30297043 575588 6818 1.0
00:02:26.686 119847566 31690706 572123 6800 1.0
00:02:26.886 119846658 30295904 575516 6818 1.0
00:02:27.286 119847840 30107223 581479 6831 1.0
00:02:27.486 119846656 30292469 575443 6826 1.0
00:02:27.686 119847488 31688444 572118 6805 1.0
00:02:27.886 119846714 30294569 575493 6821 1.0
00:02:28.286 119847070 30094234 581156 6826 1.0
00:02:28.486 119847323 30285799 575342 6832 1.0
00:02:28.686 119846771 31757021 572094 6797 1.0
00:02:28.886 119846710 30296253 575523 6830 1.0
00:02:29.286 119847184 30104797 581395 6818 1.0
00:02:29.486 119847513 30287177 575325 6823 1.0
00:02:29.686 119846738 31687702 572108 6799 1.0
00:02:29.886 119847545 30296251 575525 6818 1.0
00:02:30.286 119847847 30099588 581298 6832 1.0
00:02:30.486 119846888 30290526 575452 6823 1.0
00:02:30.686 119847503 31701963 572185 6810 1.0
00:02:30.886 119846724 30293893 575464 6834 1.0
00:02:31.286 119847886 30102261 581303 6832 1.0
00:02:31.486 119846760 30297604 575558 6831 1.0
00:02:31.686 119847477 31744510 571931 6783 1.0
00:02:31.886 119846692 30295093 575494 6810 1.0
00:02:32.286 119847095 30103779 581397 6826 1.0
00:02:32.486 119847470 30293416 575459 6828 1.0
00:02:32.686 119846718 31705422 571947 6788 1.0
00:02:32.886 119846803 30300891 575647 6831 1.0
00:02:33.286 119847120 30100809 581329 6821 1.0
00:02:33.486 119847403 30301618 575584 6841 1.0
00:02:33.686 119846679 31660254 572080 6781 1.0
00:02:33.886 119847507 30292312 575481 6828 1.0
00:02:34.287 119847908 30107154 581448 6840 1.0
00:02:34.487 119846711 30288943 575377 6828 1.0
00:02:34.687 119846751 31713942 571983 6788 1.0
00:02:34.887 119847620 30296241 575531 6839 1.0
00:02:35.287 119847835 30097312 581237 6840 1.0
00:02:35.487 119846684 30294907 575527 6827 1.0
00:02:35.687 119847456 31726617 572034 6783 1.0
00:02:35.887 119846680 30296453 575588 6830 1.0
00:02:36.287 119847041 30106392 581422 6828 1.0
00:02:36.487 119847473 30292082 575469 6816 1.0
00:02:36.687 119846905 31687228 572076 6791 1.0
00:02:36.887 119846744 30292653 575429 6836 1.0
00:02:37.287 119847017 30102469 581368 6839 1.0
00:02:37.487 119847447 30295002 575495 6837 1.0
00:02:37.687 119846761 31717019 572107 6804 1.0
00:02:37.887 119847415 30286955 575374 6840 1.0
00:02:38.287 119847939 30159617 579600 6831 1.0
00:02:38.487 119846751 30301461 575663 6817 1.0
00:02:38.687 119846744 31705175 572144 6788 1.0
00:02:38.887 119847397 30288937 575435 6818 1.0
00:02:39.287 119847827 30276569 575950 6800 1.0
00:02:39.487 119846677 30296308 575589 6839 1.0
00:02:39.687 119847531 31711871 571973 6793 1.0
00:02:40.087 119847904 30101805 581355 6830 1.0
00:02:40.287 119846820 30291395 575396 6819 1.0
00:02:40.487 119846678 30297299 575551 6821 1.0
00:02:40.687 119847561 31675735 572038 6786 1.0
00:02:41.087 119847929 30102369 581281 6830 1.0
00:02:41.287 119846782 30304659 575742 6835 1.0
00:02:41.487 119847480 30299687 575613 6838 1.0
00:02:41.687 119846704 31737883 572007 6784 1.0
00:02:42.087 119847010 30100882 581266 6827 1.0
00:02:42.287 119847408 30297892 575563 6843 1.0
00:02:42.487 119846698 30291040 575482 6822 1.0
00:02:42.687 119846578 31695218 572101 6787 1.0
00:02:43.087 119847073 30101255 581252 6831 1.0
00:02:43.287 119847530 30293729 575543 6813 1.0
00:02:43.487 119846677 30294458 575479 6831 1.0
00:02:43.687 119847492 31651084 572124 6787 1.0
00:02:44.087 119847781 30102501 581325 6833 1.0
00:02:44.287 119846630 30296286 575572 6820 1.0
00:02:44.487 119846735 30291097 575387 6826 1.0
00:02:44.687 119847659 31754442 571856 6794 1.0
00:02:45.087 119847904 30098866 581278 6832 1.0
00:02:45.287 119846680 30298026 575568 6830 1.0
00:02:45.487 119847536 30295748 575512 6848 1.0
00:02:45.687 119846727 31709253 572044 6786 1.0
00:02:46.087 119847127 30107171 581493 6824 1.0
00:02:46.287 119846724 30299191 575589 6831 1.0
00:02:46.487 119847540 30301393 575583 6819 1.0
00:02:46.687 119846731 31670545 571978 6784 1.0
00:02:47.087 119847109 30104847 581434 6834 1.0
00:02:47.287 119847450 30292942 575434 6816 1.0
00:02:47.487 119846708 30298273 575579 6824 1.0
00:02:47.687 119847569 31701330 572152 6787 1.0
00:02:48.087 119847043 30101905 581320 6833 1.0
00:02:48.287 119847549 30300074 575583 6833 1.0
00:02:48.487 119846859 30290117 575452 6831 1.0
00:02:48.687 119847337 31701569 572099 6785 1.0
00:02:49.087 119847980 30102203 581365 6834 1.0
00:02:49.287 119846750 30293482 575449 6818 1.0
00:02:49.487 119847545 30291800 575470 6843 1.0
00:02:49.687 119846819 31674617 572252 6795 1.0
00:02:50.087 119847136 30104817 581341 6831 1.0
00:02:50.287 119846661 30294772 575528 6828 1.0
00:02:50.487 119847452 30300393 575589 6832 1.0
00:02:50.687 119846772 31700920 572054 6785 1.0
00:02:51.087 119847108 30105629 581449 6849 1.0
00:02:51.287 119847503 30296928 575545 6818 1.0
00:02:51.487 119846722 30296871 575539 6840 1.0
00:02:51.687 119847419 31752649 571827 6797 1.0
00:02:52.087 119847072 30101045 581247 6828 1.0
00:02:52.287 119847419 30295249 575582 6810 1.0
00:02:52.487 119846744 30302749 575603 6819 1.0
00:02:52.687 119847528 31694833 572217 6790 1.0
00:02:53.087 119847736 30097684 581248 6823 1.0
00:02:53.287 119846726 30302868 575696 6830 1.0
00:02:53.487 119847466 30293730 575457 6822 1.0
00:02:53.687 119846655 31706601 572063 6786 1.0
00:02:54.087 119847828 30101296 581264 6828 1.0
00:02:54.287 119846795 30294653 575558 6826 1.0
00:02:54.487 119847366 30296666 575535 6846 1.0
00:02:54.687 119846704 31704690 572069 6785 1.0
00:02:55.087 119847128 30106938 581416 6832 1.0
00:02:55.287 119847444 30293283 575517 6831 1.0
00:02:55.487 119846737 30291889 575409 6831 1.0
00:02:55.687 119847471 31679919 571957 6768 1.0
00:02:56.087 119847050 30102672 581377 6831 1.0
00:02:56.287 119847432 30289693 575352 6825 1.0
00:02:56.487 119846749 30288164 575404 6825 1.0
00:02:56.687 119847564 31662111 572221 6790 1.0
00:02:57.087 119847913 30104607 581335 6829 1.0
00:02:57.287 119846663 30294789 575501 6830 1.0
00:02:57.487 119847487 30304006 575710 6832 1.0
00:02:57.687 119846781 31704234 572041 6798 1.0
00:02:58.087 119847995 30110063 581480 6822 1.0
00:02:58.287 119846748 30294214 575560 6812 1.0
00:02:58.487 119847465 30296692 575535 6816 1.0
00:02:58.687 119846784 31658376 572073 6795 1.0
00:02:59.087 119847185 30105319 581353 6832 1.0
00:02:59.287 119847490 30296364 575528 6817 1.0
00:02:59.487 119846698 30296504 575588 6841 1.0
00:02:59.687 119846745 31711529 572016 6781 1.0
00:03:00.087 119847104 30097089 581200 6851 1.0
00:03:00.287 119847425 30291842 575404 6819 1.0
00:03:00.487 119846638 30291346 575486 6812 1.0
00:03:00.687 119847551 31677475 572045 6781 1.0
00:03:01.087 119847955 30191894 578304 6807 1.0
00:03:01.287 119846794 30296521 575529 6852 1.0
00:03:01.487 119847450 30301296 575655 6820 1.0
00:03:01.887 119847119 30095525 581190 6829 1.0
00:03:02.087 119847503 30294798 575486 6833 1.0
00:03:02.287 119846761 30298357 575576 6818 1.0
00:03:02.487 119847467 30299786 575614 6823 1.0
00:03:02.887 119847923 30107183 581421 6821 1.0
00:03:03.087 119846706 30293162 575517 6850 1.0
00:03:03.287 119847501 30292328 575418 6817 1.0
00:03:03.487 119846854 30294958 575566 6824 1.0
00:03:03.887 119847997 30101560 581304 6835 1.0
00:03:04.087 119846693 30288366 575408 6820 1.0
00:03:04.287 119847398 30292429 575438 6832 1.0
00:03:04.487 119846751 30299177 575588 6821 1.0
00:03:04.887 119847104 30105115 581373 6834 1.0
00:03:05.087 119847591 30296817 575539 6832 1.0
00:03:05.287 119846726 30299090 575592 6829 1.0
00:03:05.487 119846797 30293312 575497 6838 1.0
00:03:05.887 119847267 30108498 581439 6820 1.0
00:03:06.087 119847476 30294350 575473 6834 1.0
00:03:06.287 119846709 30295530 575568 6828 1.0
00:03:06.487 119847406 30294227 575495 6834 1.0
00:03:06.887 119847959 30099567 581297 6821 1.0
00:03:07.087 119846860 30293429 575449 6827 1.0
00:03:07.287 119847441 30298268 575583 6831 1.0
00:03:07.487 119846715 30295915 575588 6826 1.0
00:03:07.887 119847725 30098790 581273 6820 1.0
00:03:08.087 119846548 30301523 575662 6813 1.0
00:03:08.287 119847522 30299638 575608 6821 1.0
00:03:08.487 119846636 30295705 575508 6820 1.0
00:03:08.887 119847162 30106402 581383 6838 1.0
00:03:09.087 119847420 30294826 575488 6838 1.0
00:03:09.287 119846727 30288402 575404 6822 1.0
00:03:09.487 119846695 30297341 575553 6823 1.0
00:03:09.887 119847048 30101174 581297 6839 1.0
00:03:10.087 119847277 30301215 575602 6830 1.0
00:03:10.287 119846762 30296030 575570 6818 1.0
00:03:10.487 119847322 30294495 575519 6815 1.0
00:03:10.887 119847958 30112416 581540 6836 1.0
00:03:11.087 119846842 30294928 575490 6828 1.0
00:03:11.287 119846716 30292766 575524 6832 1.0
00:03:11.487 119847478 30300810 575619 6832 1.0
00:03:11.887 119847830 30100644 581323 6822 1.0
00:03:12.087 119846802 30293758 575502 6835 1.0
00:03:12.287 119847313 30298824 575583 6818 1.0
00:03:12.487 119846819 30300294 575595 6837 1.0
00:03:12.887 119846956 30107159 581423 6826 1.0
00:03:13.087 119846754 30292387 575422 6837 1.0
00:03:13.287 119847396 30290958 575477 6814 1.0
00:03:13.487 119846803 30296628 575532 6824 1.0
00:03:13.887 119847014 30102549 581283 6824 1.0
00:03:14.087 119847423 30295908 575578 6839 1.0
00:03:14.287 119846675 30300874 575588 6825 1.0
00:03:14.487 119847433 30292218 575504 6829 1.0
00:03:14.887 119847757 30102070 581361 6828 1.0
00:03:15.087 119846729 30304322 575650 6831 1.0
00:03:15.287 119846583 30296647 575588 6823 1.0
00:03:15.487 119847501 30296092 575553 6829 1.0
00:03:15.887 119847825 30104478 581425 6830 1.0
00:03:16.087 119846725 30290336 575379 6830 1.0
00:03:16.287 119847488 30291842 575489 6824 1.0
00:03:16.487 119846765 30296687 575537 6832 1.0
00:03:16.887 119847073 30102858 581341 6826 1.0
00:03:17.087 119846716 30295335 575502 6830 1.0
00:03:17.287 119847507 30292608 575518 6827 1.0
00:03:17.487 119846792 30293612 575455 6842 1.0
00:03:17.887 119847069 30107785 581418 6845 1.0
00:03:18.087 119847479 30289517 575440 6834 1.0
00:03:18.287 119846747 30290615 575375 6820 1.0
00:03:18.487 119847448 30299812 575618 6827 1.0
00:03:18.887 119847026 30101458 581346 6842 1.0
00:03:19.087 119847471 30299211 575603 6827 1.0
00:03:19.287 119846724 30302837 575601 6828 1.0
00:03:19.487 119847475 30295232 575577 6823 1.0
00:03:19.887 119847897 30104164 581416 6835 1.0
00:03:20.087 119846804 30303923 575649 6833 1.0
00:03:20.287 119847469 30292499 575501 6820 1.0
00:03:20.487 119846627 30292199 575417 6832 1.0
00:03:20.887 119847117 30107573 581464 6843 1.0
00:03:21.087 119846775 30291619 575402 6828 1.0
00:03:21.287 119847435 30290236 575500 6814 1.0
00:03:21.487 119846738 30298805 575593 6823 1.0
00:03:21.887 119847111 30098862 581278 6834 1.0
00:03:22.087 119847519 30307081 575717 6842 1.0
00:03:22.287 119846798 30297924 575563 6821 1.0
00:03:22.487 119847416 30295689 575511 6822 1.0
00:03:22.887 119847088 30157869 580096 6830 1.0
00:03:23.087 119847467 30295582 575506 6822 1.0
00:03:23.287 119846842 30290945 575476 6815 1.0
00:03:23.487 119847404 30302038 575631 6820 1.0
00:03:23.887 119848022 30265497 576249 6800 1.0
00:03:24.087 119846751 30290213 575424 6831 1.0
00:03:24.287 119847379 30298193 575583 6837 1.0
00:03:24.687 119847054 30102869 581382 6826 1.0
00:03:24.887 119847514 31671697 572105 6780 1.0
00:03:25.087 119846717 30298415 575582 6833 1.0
00:03:25.287 119847502 30289371 575435 6815 1.0
00:03:25.687 119847904 30101950 581359 6835 1.0
00:03:25.887 119846776 31702264 572017 6797 1.0
00:03:26.087 119847476 30297080 575558 6827 1.0
00:03:26.287 119846625 30299413 575603 6828 1.0
00:03:26.687 119847144 30101280 581254 6842 1.0
00:03:26.887 119846700 31655907 572224 6792 1.0
00:03:27.087 119847497 30303585 575650 6831 1.0
00:03:27.287 119846651 30296260 575521 6831 1.0
00:03:27.687 119847120 30111915 581500 6832 1.0
00:03:27.887 119847589 31658445 572200 6787 1.0
00:03:28.087 119846678 30296522 575531 6829 1.0
00:03:28.287 119847480 30291060 575413 6827 1.0
00:03:28.687 119846988 30094940 581232 6814 1.0
00:03:28.887 119847530 31689433 572186 6808 1.0
00:03:29.087 119846675 30298809 575593 6845 1.0
00:03:29.287 119847354 30297783 575560 6834 1.0
00:03:29.687 119847767 30100700 581326 6826 1.0
00:03:29.887 119846567 31692625 572023 6791 1.0
00:03:30.087 119847433 30295673 575580 6835 1.0
00:03:30.287 119846765 30300401 575591 6839 1.0
00:03:30.687 119847953 30103630 581403 6826 1.0
00:03:30.887 119846753 31724675 572018 6775 1.0
00:03:31.087 119847388 30294662 575572 6844 1.0
00:03:31.287 119846734 30309725 575787 6843 1.0
00:03:31.687 119847241 30105012 581399 6836 1.0
00:03:31.887 119847508 31743017 572138 6790 1.0
00:03:32.087 119846749 30294771 575524 6835 1.0
00:03:32.287 119846648 30299308 575588 6832 1.0
00:03:32.687 119847143 30106608 581388 6829 1.0
00:03:32.887 119847524 31730425 571935 6791 1.0
00:03:33.087 119846671 30292733 575526 6834 1.0
00:03:33.287 119847436 30294239 575466 6852 1.0
00:03:33.687 119847934 30101571 581321 6829 1.0
00:03:33.887 119846727 31745750 571894 6791 1.0
00:03:34.087 119847347 30292617 575512 6831 1.0
00:03:34.287 119846727 30294075 575465 6826 1.0
00:03:34.687 119847816 30108019 581425 6842 1.0
00:03:34.887 119846813 31695402 572034 6797 1.0
00:03:35.087 119847428 30296502 575532 6830 1.0
00:03:35.287 119846787 30294628 575480 6824 1.0
00:03:35.687 119847135 30100740 581327 6827 1.0
00:03:35.887 119847474 31730162 571958 6784 1.0
00:03:36.087 119846594 30306016 575698 6835 1.0
00:03:36.287 119846682 30289198 575420 6831 1.0
00:03:36.687 119847142 30099069 581284 6815 1.0
00:03:36.887 119847471 31732900 572058 6765 1.0
00:03:37.087 119846644 30294872 575489 6822 1.0
00:03:37.287 119847424 30295579 575545 6824 1.0
00:03:37.687 119847650 30108192 581427 6841 1.0
00:03:37.887 119846798 31662739 571960 6787 1.0
00:03:38.087 119846752 30293166 575475 6819 1.0
00:03:38.287 119847451 30298854 575583 6833 1.0
00:03:38.687 119847793 30107410 581408 6842 1.0
00:03:38.887 119846837 31753272 571885 6783 1.0
00:03:39.087 119847369 30308185 575746 6835 1.0
00:03:39.287 119846771 30290106 575454 6825 1.0
00:03:39.687 119847120 30111438 581514 6837 1.0
00:03:39.887 119847525 31694751 571926 6789 1.0
00:03:40.087 119846802 30296027 575521 6812 1.0
00:03:40.287 119846705 30297794 575588 6836 1.0
00:03:40.687 119847210 30101313 581274 6835 1.0
00:03:40.887 119847458 31709718 571976 6803 1.0
00:03:41.087 119846741 30295607 575553 6829 1.0
00:03:41.287 119847474 30296930 575583 6822 1.0
00:03:41.687 119847856 30100613 581293 6831 1.0
00:03:41.887 119846849 31747968 572009 6781 1.0
00:03:42.087 119846672 30295612 575557 6822 1.0
00:03:42.287 119847500 30295338 575542 6814 1.0
00:03:42.687 119847999 30099763 581290 6840 1.0
00:03:42.887 119846880 31665675 572127 6795 1.0
00:03:43.087 119847497 30289428 575381 6817 1.0
00:03:43.287 119846745 30301588 575627 6819 1.0
00:03:43.687 119847044 30106297 581384 6839 1.0
00:03:43.887 119846768 31709949 572178 6783 1.0
00:03:44.087 119847385 30291357 575490 6819 1.0
00:03:44.287 119846624 30297093 575544 6823 1.0
00:03:44.687 119847188 30110593 581460 6832 1.0
00:03:44.887 119847483 31734210 571899 6787 1.0
00:03:45.087 119846691 30298503 575589 6820 1.0
00:03:45.287 119847326 30300879 575643 6820 1.0
00:03:45.687 119847993 30193950 578379 6827 1.0
00:03:45.887 119846915 31719157 572082 6795 1.0
00:03:46.087 119846668 30299542 575611 6851 1.0
00:03:46.487 119847071 30099588 581274 6826 1.0
00:03:46.687 119847571 30307002 575808 6825 1.0
00:03:46.887 119846845 31720701 571979 6790 1.0
00:03:47.087 119847466 30294545 575531 6826 1.0
00:03:47.487 119847835 30107109 581484 6843 1.0
00:03:47.687 119846729 30297741 575573 6840 1.0
00:03:47.887 119846677 31744145 571859 6807 1.0
00:03:48.087 119847492 30300496 575635 6828 1.0
00:03:48.487 119848017 30105182 581446 6836 1.0
00:03:48.687 119846744 30292923 575435 6834 1.0
00:03:48.887 119847531 31710147 572169 6787 1.0
00:03:49.087 119846775 30296194 575524 6834 1.0
00:03:49.487 119847028 30104013 581414 6829 1.0
00:03:49.687 119846654 30300259 575629 6827 1.0
00:03:49.887 119847529 31719754 571926 6801 1.0
00:03:50.087 119846730 30299827 575617 6833 1.0
00:03:50.487 119847132 30093487 581135 6832 1.0
00:03:50.687 119847554 30295956 575560 6816 1.0
00:03:50.887 119846814 31743569 572013 6813 1.0
00:03:51.087 119847484 30301492 575664 6827 1.0
00:03:51.487 119847316 30095341 581196 6822 1.0
00:03:51.687 119847509 30301035 575629 6835 1.0
00:03:51.887 119846736 31732777 571942 6808 1.0
00:03:52.087 119847548 30297571 575560 6819 1.0
00:03:52.487 119847921 30099859 581304 6836 1.0
00:03:52.687 119846819 30297373 575552 6830 1.0
00:03:52.887 119847410 31742751 571988 6795 1.0
00:03:53.087 119846617 30300167 575628 6839 1.0
00:03:53.487 119847236 30100175 581313 6832 1.0
00:03:53.687 119846647 30300111 575625 6823 1.0
00:03:53.887 119847506 31679243 572031 6786 1.0
00:03:54.087 119846693 30292931 575533 6840 1.0
00:03:54.487 119847026 30110040 581477 6836 1.0
00:03:54.687 119847555 30294115 575522 6830 1.0
00:03:54.887 119846790 31746512 571978 6796 1.0
00:03:55.087 119847473 30293367 575475 6836 1.0
00:03:55.487 119846887 30099713 581246 6832 1.0
00:03:55.687 119847522 30295538 575559 6837 1.0
00:03:55.887 119846794 31770968 572120 6789 1.0
00:03:56.087 119847447 30288931 575427 6814 1.0
00:03:56.487 119847811 30100419 581318 6826 1.0
00:03:56.687 119846647 30302877 575676 6830 1.0
00:03:56.887 119847581 31677757 572060 6800 1.0
00:03:57.087 119846661 30296755 575536 6822 1.0
00:03:57.487 119847863 30108243 581495 6844 1.0
00:03:57.687 119846772 30294891 575518 6814 1.0
00:03:57.887 119847578 31745740 571785 6794 1.0
00:03:58.087 119846718 30296077 575588 6830 1.0
00:03:58.487 119846972 30103488 581308 6830 1.0
00:03:58.687 119847412 30303682 575719 6834 1.0
00:03:58.887 119846841 31698776 572116 6784 1.0
00:03:59.087 119847366 30290182 575460 6817 1.0
00:03:59.487 119847124 30109376 581492 6835 1.0
00:03:59.687 119847566 30288339 575378 6816 1.0
00:03:59.887 119846640 31698684 572078 6784 1.0
00:04:00.087 119847455 30293387 575448 6841 1.0
00:04:00.487 119847880 30102200 581330 6834 1.0
00:04:00.687 119846724 30298132 575573 6824 1.0
00:04:00.887 119847618 31767450 572121 6782 1.0
00:04:01.087 119846785 30293037 575440 6821 1.0
00:04:01.487 119847880 30108039 581426 6823 1.0
00:04:01.687 119846754 30288434 575401 6812 1.0
00:04:01.887 119847437 31700941 571973 6790 1.0
00:04:02.087 119846707 30289321 575373 6830 1.0
00:04:02.487 119847093 30097141 581233 6831 1.0
00:04:02.687 119847399 30290364 575460 6815 1.0
00:04:02.887 119846721 31685165 572158 6788 1.0
00:04:03.087 119846708 30298638 575587 6810 1.0
00:04:03.487 119847162 30101364 581340 6829 1.0
00:04:03.687 119847501 30301876 575673 6825 1.0
00:04:03.887 119846715 31697194 571952 6795 1.0
00:04:04.087 119847450 30293302 575446 6823 1.0
00:04:04.487 119847938 30097386 581239 6822 1.0
00:04:04.687 119846811 30291142 575482 6830 1.0
00:04:04.887 119847401 31735821 571850 6805 1.0
00:04:05.087 119846661 30299377 575603 6832 1.0
00:04:05.487 119847872 30101450 581346 6819 1.0
00:04:05.687 119846778 30300481 575634 6827 1.0
00:04:05.887 119847475 31753370 571840 6790 1.0
00:04:06.087 119846700 30296115 575540 6825 1.0
00:04:06.487 119847149 30104878 581407 6827 1.0
00:04:06.687 119847515 30293476 575450 6838 1.0
00:04:06.887 119846920 31747829 571952 6774 1.0
00:04:07.087 119846640 30291225 575484 6831 1.0
00:04:07.487 119847037 30141716 580252 6836 1.0
00:04:07.687 119847349 30294704 575493 6826 1.0
00:04:07.887 119846772 31714656 572155 6800 1.0
00:04:08.087 119847353 30291837 575406 6818 1.0
00:04:08.487 119848017 30261147 576718 6800 1.0
00:04:08.687 119846747 30295013 575491 6831 1.0
00:04:08.887 119846662 31719667 572084 6790 1.0
00:04:09.287 119847137 30108580 581500 6834 1.0
00:04:09.487 119847397 30293298 575470 6818 1.0
00:04:09.687 119846635 30293212 575443 6835 1.0
00:04:09.887 119847474 31699036 572123 6776 1.0
00:04:10.287 119847864 30104819 581435 6829 1.0
00:04:10.487 119846560 30296653 575536 6829 1.0
00:04:10.687 119847480 30304648 575652 6842 1.0
00:04:10.887 119846782 31707531 571938 6784 1.0
00:04:11.287 119847872 30106031 581382 6833 1.0
00:04:11.487 119846883 30293715 575540 6824 1.0
00:04:11.687 119847533 30293277 575445 6834 1.0
00:04:11.887 119846812 31706966 572108 6788 1.0
00:04:12.287 119847071 30096645 581219 6838 1.0
00:04:12.487 119847447 30291808 575407 6828 1.0
00:04:12.687 119846702 30294269 575556 6809 1.0
00:04:12.887 119846813 31735775 572097 6794 1.0
00:04:13.287 119847137 30105856 581368 6832 1.0
00:04:13.487 119847467 30298548 575583 6824 1.0
00:04:13.687 119846664 30290918 575477 6832 1.0
00:04:13.887 119847551 31699277 572158 6798 1.0
00:04:14.287 119847883 30106048 581438 6831 1.0
00:04:14.487 119846821 30292799 575436 6821 1.0
00:04:14.687 119846730 30293626 575541 6828 1.0
00:04:14.887 119847537 31755599 571974 6793 1.0
00:04:15.287 119847890 30098408 581266 6841 1.0
00:04:15.487 119846629 30290305 575368 6822 1.0
00:04:15.687 119847571 30307606 575803 6836 1.0
00:04:15.887 119846797 31656146 572091 6773 1.0
00:04:16.287 119847165 30107784 581458 6828 1.0
00:04:16.487 119846693 30295971 575516 6818 1.0
00:04:16.687 119847573 30291505 575439 6830 1.0
00:04:16.887 119846630 31658711 572091 6805 1.0
00:04:17.287 119847158 30101198 581339 6835 1.0
00:04:17.487 119847482 30290652 575401 6829 1.0
00:04:17.687 119846717 30302536 575664 6845 1.0
00:04:17.887 119847546 31746794 571911 6795 1.0
00:04:18.287 119847824 30101120 581264 6840 1.0
00:04:18.487 119846706 30296817 575561 6826 1.0
00:04:18.687 119846715 30293071 575511 6828 1.0
00:04:18.887 119847579 31710565 572059 6800 1.0
00:04:19.287 119847858 30100627 581239 6835 1.0
00:04:19.487 119846750 30291579 575489 6824 1.0
00:04:19.687 119847454 30295290 575499 6818 1.0
00:04:19.887 119846687 31692249 572063 6791 1.0
00:04:20.287 119847045 30093021 581215 6816 1.0
00:04:20.487 119846643 30299009 575596 6844 1.0
00:04:20.687 119847549 30298464 575583 6823 1.0
00:04:20.887 119846822 31652191 572079 6793 1.0
00:04:21.287 119847032 30111846 581525 6832 1.0
00:04:21.487 119847557 30290695 575450 6810 1.0
00:04:21.687 119846605 30294839 575507 6838 1.0
00:04:21.887 119847611 31677692 572199 6805 1.0
00:04:22.287 119847195 30101971 581360 6826 1.0
00:04:22.487 119847579 30296891 575540 6831 1.0
00:04:22.687 119846682 30302670 575700 6825 1.0
00:04:22.887 119847530 31687194 571918 6787 1.0
00:04:23.287 119847927 30106126 581420 6831 1.0
00:04:23.487 119846807 30293834 575506 6813 1.0
00:04:23.687 119847499 30299384 575607 6825 1.0
00:04:23.887 119846824 31713644 571966 6775 1.0
00:04:24.287 119847111 30101553 581326 6824 1.0
00:04:24.487 119846679 30294749 575505 6826 1.0
00:04:24.687 119847527 30302252 575664 6824 1.0
00:04:24.887 119846732 31714128 572079 6785 1.0
00:04:25.287 119847108 30105324 581422 6850 1.0
00:04:25.487 119847470 30299824 575583 6841 1.0
00:04:25.687 119846683 30300742 575609 6835 1.0
00:04:25.887 119847396 31714982 571978 6799 1.0
00:04:26.287 119847073 30098360 581264 6843 1.0
00:04:26.487 119847403 30294397 575551 6824 1.0
00:04:26.687 119846719 30292577 575446 6818 1.0
00:04:26.887 119847481 31694229 572115 6797 1.0
00:04:27.287 119847949 30105416 581356 6822 1.0
00:04:27.487 119846700 30294738 575569 6846 1.0
00:04:27.687 119847506 30295270 575550 6820 1.0
00:04:27.887 119846711 31699711 572011 6783 1.0
00:04:28.287 119847752 30111061 581505 6841 1.0
00:04:28.487 119846662 30290774 575473 6847 1.0
00:04:28.687 119847467 30294490 575477 6824 1.0
00:04:28.887 119846708 31712770 572120 6788 1.0
00:04:29.287 119847033 30106229 581438 6830 1.0
00:04:29.487 119847472 30295436 575503 6840 1.0
00:04:29.687 119846721 30299569 575611 6839 1.0
00:04:29.887 119847491 31679082 572106 6785 1.0
00:04:30.287 119847049 30200118 578430 6817 1.0
00:04:30.487 119847569 30297813 575566 6809 1.0
00:04:30.687 119846734 30294341 575566 6824 1.0
00:04:31.087 119847047 30108364 581438 6825 1.0
00:04:31.287 119847527 30293912 575462 6825 1.0
00:04:31.487 119846725 30294564 575513 6835 1.0
00:04:31.687 119847570 30299368 575583 6820 1.0
00:04:32.087 119847038 30103958 581318 6836 1.0
00:04:32.287 119847414 30293119 575539 6825 1.0
00:04:32.487 119846711 30302083 575618 6835 1.0
00:04:32.687 119847547 30292678 575488 6835 1.0
00:04:33.087 119847856 30103018 581387 6844 1.0
00:04:33.287 119846651 30303219 575613 6838 1.0
00:04:33.487 119847495 30289024 575427 6832 1.0
00:04:33.687 119846800 30295097 575493 6837 1.0
00:04:34.087 119847978 30100378 581317 6831 1.0
00:04:34.287 119846757 30293386 575494 6823 1.0
00:04:34.487 119847380 30293055 575485 6816 1.0
00:04:34.687 119846710 30298044 575572 6836 1.0
00:04:35.087 119847147 30098258 581242 6822 1.0
00:04:35.287 119847438 30297343 575583 6844 1.0
00:04:35.487 119846582 30291897 575414 6824 1.0
00:04:35.687 119847513 30295516 575503 6829 1.0
00:04:36.087 119847093 30104086 581326 6831 1.0
00:04:36.287 119847429 30291907 575499 6820 1.0
00:04:36.487 119846820 30299404 575589 6825 1.0
00:04:36.687 119847580 30296180 575541 6832 1.0
00:04:37.087 119847909 30100025 581309 6825 1.0
00:04:37.287 119846806 30295184 575494 6825 1.0
00:04:37.487 119847534 30302001 575675 6832 1.0
00:04:37.687 119846694 30294073 575467 6824 1.0
00:04:38.087 119847879 30113686 581574 6835 1.0
00:04:38.287 119846748 30293849 575461 6830 1.0
00:04:38.487 119847543 30298439 575583 6818 1.0
00:04:38.687 119846682 30295168 575562 6830 1.0
00:04:39.087 119846960 30103148 581340 6837 1.0
00:04:39.287 119847416 30291385 575485 6827 1.0
00:04:39.487 119846667 30300135 575588 6826 1.0
00:04:39.687 119846709 30290609 575417 6823 1.0
00:04:40.087 119846853 30097058 581231 6822 1.0
00:04:40.287 119847484 30292130 575415 6829 1.0
00:04:40.487 119846703 30291460 575492 6836 1.0
00:04:40.687 119847513 30291274 575407 6819 1.0
00:04:41.087 119847712 30100030 581308 6830 1.0
00:04:41.287 119846740 30299899 575618 6833 1.0
00:04:41.487 119846743 30295635 575508 6838 1.0
00:04:41.687 119847603 30297002 575545 6832 1.0
00:04:42.087 119847823 30097463 581242 6832 1.0
00:04:42.287 119846630 30304550 575739 6838 1.0
00:04:42.487 119847625 30294711 575483 6818 1.0
00:04:42.687 119846669 30295987 575518 6840 1.0
00:04:43.087 119847066 30110781 581500 6841 1.0
00:04:43.287 119847502 30290651 575449 6824 1.0
00:04:43.487 119846759 30291311 575464 6826 1.0
00:04:43.687 119846727 30298078 575588 6839 1.0
00:04:44.087 119847138 30103383 581302 6831 1.0
00:04:44.287 119847600 30294936 575524 6831 1.0
00:04:44.487 119846767 30293633 575515 6833 1.0
00:04:44.687 119847466 30301759 575657 6837 1.0
00:04:45.087 119847799 30108747 581443 6829 1.0
00:04:45.287 119846789 30299161 575600 6822 1.0
00:04:45.487 119846754 30289270 575434 6821 1.0
00:04:45.687 119847492 30295690 575508 6828 1.0
00:04:46.087 119847855 30098692 581272 6839 1.0
00:04:46.287 119846719 30296783 575536 6827 1.0
00:04:46.487 119847514 30292879 575548 6837 1.0
00:04:46.687 119846682 30285240 575327 6831 1.0
00:04:47.087 119847121 30103403 581354 6830 1.0
00:04:47.287 119846710 30296529 575531 6840 1.0
00:04:47.487 119847445 30290344 575460 6816 1.0
00:04:47.687 119846732 30291961 575412 6820 1.0
00:04:48.087 119847042 30102815 581289 6840 1.0
00:04:48.287 119847363 30295379 575565 6826 1.0
00:04:48.487 119846766 30292155 575443 6820 1.0
00:04:48.687 119847464 30306299 575728 6826 1.0
00:04:49.087 119847833 30105599 581361 6835 1.0
00:04:49.287 119846666 30291126 575482 6836 1.0
00:04:49.487 119846704 30296539 575530 6815 1.0
00:04:49.687 119847477 30295176 575497 6829 1.0
00:04:50.087 119847873 30104416 581424 6827 1.0
00:04:50.287 119846768 30295810 575511 6832 1.0
00:04:50.487 119847393 30298027 575570 6834 1.0
00:04:50.687 119846838 30295958 575515 6837 1.0
00:04:51.087 119846979 30103706 581394 6840 1.0
00:04:51.287 119846729 30291755 575436 6829 1.0
00:04:51.487 119847461 30307019 575779 6824 1.0
00:04:51.687 119846620 30291266 575394 6832 1.0
00:04:52.087 119847113 30127905 580474 6827 1.0
00:04:52.287 119847372 30296673 575583 6834 1.0
00:04:52.487 119846688 30289393 575366 6829 1.0
00:04:52.687 119847449 30296019 575547 6816 1.0
00:04:53.087 119847069 30245638 576864 6812 1.0
00:04:53.287 119847480 30291756 575418 6829 1.0
00:04:53.487 119846779 30295636 575507 6824 1.0
00:04:53.887 119847050 30102963 581386 6831 1.0
00:04:54.087 119847513 31734713 571974 6803 1.0
00:04:54.287 119846665 30300382 575632 6822 1.0
00:04:54.487 119847364 30294484 575479 6838 1.0
00:04:54.887 119847874 30106499 581420 6838 1.0
00:04:55.087 119846751 31754050 572053 6789 1.0
00:04:55.287 119846729 30300741 575601 6854 1.0
00:04:55.487 119847486 30290249 575459 6819 1.0
00:04:55.887 119847859 30097803 581249 6826 1.0
00:04:56.087 119846774 31663607 572049 6785 1.0
00:04:56.287 119847499 30294672 575482 6827 1.0
00:04:56.487 119846735 30295689 575509 6834 1.0
00:04:56.887 119847097 30106700 581391 6828 1.0
00:04:57.087 119846666 31680703 572222 6806 1.0
00:04:57.287 119847487 30296958 575542 6829 1.0
00:04:57.487 119846715 30297272 575550 6822 1.0
00:04:57.887 119847121 30109902 581474 6837 1.0
00:04:58.087 119847529 31724447 571947 6802 1.0
00:04:58.287 119846710 30291623 575450 6838 1.0
00:04:58.487 119847480 30297829 575583 6827 1.0
00:04:58.887 119847134 30102646 581327 6827 1.0
00:04:59.087 119847478 31678665 572022 6792 1.0
00:04:59.287 119846688 30295187 575539 6832 1.0
00:04:59.487 119847589 30290113 575410 6816 1.0
00:04:59.887 119847909 30106435 581471 6832 1.0
00:05:00.087 119846644 31691308 572093 6796 1.0
00:05:00.287 119847512 30294498 575492 6840 1.0
00:05:00.487 119846666 30293490 575526 6836 1.0
00:05:00.887 119847897 30101665 581312 6837 1.0
00:05:01.087 119846759 31733120 571919 6798 1.0
00:05:01.287 119847494 30303094 575642 6834 1.0
00:05:01.487 119846770 30293819 575518 6818 1.0
00:05:01.887 119846989 30104583 581428 6833 1.0
00:05:02.087 119847523 31739148 572108 6798 1.0
00:05:02.287 119846599 30292152 575498 6827 1.0
00:05:02.487 119847594 30289227 575347 6823 1.0
00:05:02.887 119847103 30097471 581241 6834 1.0
00:05:03.087 119847567 31731628 571802 6783 1.0
00:05:03.287 119846644 30292500 575502 6821 1.0
00:05:03.487 119847509 30298694 575586 6820 1.0
00:05:03.887 119847872 30101667 581352 6830 1.0
00:05:04.087 119846830 31763074 572077 6790 1.0
00:05:04.287 119847492 30296070 575516 6835 1.0
00:05:04.487 119846784 30298077 575571 6826 1.0
00:05:04.887 119847885 30101549 581299 6828 1.0
00:05:05.087 119846751 31665281 572189 6796 1.0
00:05:05.287 119847449 30294693 575568 6829 1.0
00:05:05.487 119846631 30295187 575503 6821 1.0
00:05:05.887 119847160 30099221 581286 6841 1.0
00:05:06.087 119847495 31709299 572019 6793 1.0
00:05:06.287 119846721 30300701 575623 6841 1.0
00:05:06.487 119846643 30295404 575514 6823 1.0
00:05:06.887 119847100 30101981 581284 6842 1.0
00:05:07.087 119847464 31731355 571973 6804 1.0
00:05:07.287 119846725 30292738 575497 6827 1.0
00:05:07.487 119847405 30292860 575432 6829 1.0
00:05:07.887 119847857 30109562 581473 6831 1.0
00:05:08.087 119846717 31693515 571965 6782 1.0
00:05:08.287 119847465 30297341 575549 6833 1.0
00:05:08.487 119846663 30294939 575487 6835 1.0
00:05:08.887 119847919 30101117 581250 6830 1.0
00:05:09.087 119846740 31733546 572013 6789 1.0
00:05:09.287 119847525 30293866 575535 6821 1.0
00:05:09.487 119846658 30289308 575356 6814 1.0
00:05:09.887 119847026 30108538 581438 6829 1.0
00:05:10.087 119847583 31678884 572007 6780 1.0
00:05:10.287 119846737 30289114 575403 6829 1.0
00:05:10.487 119846717 30301296 575588 6818 1.0
00:05:10.887 119846951 30098048 581242 6824 1.0
00:05:11.087 119847625 31657722 572045 6789 1.0
00:05:11.287 119846728 30297927 575565 6821 1.0
00:05:11.487 119847559 30292037 575508 6829 1.0
00:05:11.887 119847893 30106875 581396 6832 1.0
00:05:12.087 119846757 31747959 571968 6789 1.0
00:05:12.287 119846655 30295465 575501 6840 1.0
00:05:12.487 119847449 30289540 575439 6836 1.0
00:05:12.887 119847891 30096610 581220 6830 1.0
00:05:13.087 119846812 31653128 572024 6798 1.0
00:05:13.287 119847452 30300517 575632 6827 1.0
00:05:13.487 119846905 30292592 575429 6828 1.0
00:05:13.887 119847149 30106936 581362 6846 1.0
00:05:14.087 119847484 31683162 572259 6787 1.0
00:05:14.287 119846636 30290836 575474 6834 1.0
00:05:14.487 119846790 30293595 575453 6828 1.0
00:05:14.887 119847153 30197958 578442 6810 1.0
00:05:15.087 119847317 31712144 572050 6786 1.0
00:05:15.287 119846614 30296466 575528 6840 1.0
00:05:15.687 119847062 30106099 581374 6838 1.0
00:05:15.887 119847570 30295451 575503 6825 1.0
00:05:16.087 119846880 31723676 572173 6778 1.0
00:05:16.287 119846690 30297807 575565 6831 1.0
00:05:16.687 119847043 30101883 581359 6829 1.0
00:05:16.887 119847349 30296128 575520 6836 1.0
00:05:17.087 119846747 31682898 572063 6779 1.0
00:05:17.287 119847600 30293088 575484 6815 1.0
00:05:17.687 119847862 30097897 581252 6823 1.0
00:05:17.887 119846715 30290686 575471 6831 1.0
00:05:18.087 119846853 31657397 572181 6789 1.0
00:05:18.287 119847428 30303181 575645 6831 1.0
00:05:18.688 119847839 30099476 581293 6834 1.0
00:05:18.888 119846690 30302355 575668 6831 1.0
00:05:19.088 119847510 31662384 572047 6783 1.0
00:05:19.288 119846763 30296218 575522 6832 1.0
00:05:19.688 119847169 30116133 581637 6834 1.0
00:05:19.888 119846662 30299917 575588 6841 1.0
00:05:20.088 119847502 31699755 571979 6791 1.0
00:05:20.288 119846532 30296216 575583 6838 1.0
00:05:20.688 119847120 30103471 581368 6827 1.0
00:05:20.888 119847557 30293753 575489 6824 1.0
00:05:21.088 119846848 31662826 572072 6786 1.0
00:05:21.288 119847478 30301055 575624 6839 1.0
00:05:21.688 119847828 30108370 581495 6831 1.0
00:05:21.888 119846637 30290646 575392 6818 1.0
00:05:22.088 119846641 31688331 572174 6792 1.0
00:05:22.288 119847416 30296514 575570 6841 1.0
00:05:22.688 119847827 30103236 581393 6825 1.0
00:05:22.888 119846593 30289904 575403 6831 1.0
00:05:23.088 119847564 31687918 572068 6785 1.0
00:05:23.288 119846629 30302031 575673 6828 1.0
00:05:23.688 119847082 30098899 581277 6837 1.0
00:05:23.888 119846774 30304723 575707 6838 1.0
00:05:24.088 119847496 31703976 572074 6800 1.0
00:05:24.288 119846697 30297062 575545 6828 1.0
00:05:24.688 119847098 30104940 581344 6819 1.0
00:05:24.888 119847519 30291684 575496 6820 1.0
00:05:25.088 119846867 31684244 572011 6790 1.0
00:05:25.288 119847646 30299516 575583 6829 1.0
00:05:25.688 119847004 30104843 581341 6830 1.0
00:05:25.888 119847455 30295900 575514 6847 1.0
00:05:26.088 119846623 31724503 572151 6785 1.0
00:05:26.288 119847474 30292788 575431 6834 1.0
00:05:26.688 119847877 30106043 581373 6843 1.0
00:05:26.888 119846734 30298339 575580 6820 1.0
00:05:27.088 119847591 31717784 572048 6785 1.0
00:05:27.288 119846686 30292628 575459 6822 1.0
00:05:27.688 119847138 30099613 581296 6830 1.0
00:05:27.888 119846680 30296969 575541 6829 1.0
00:05:28.088 119847477 31732997 572110 6791 1.0
00:05:28.288 119846611 30295215 575494 6822 1.0
00:05:28.688 119847071 30098357 581264 6831 1.0
00:05:28.888 119847470 30300507 575645 6819 1.0
00:05:29.088 119846736 31731570 571874 6797 1.0
00:05:29.288 119847558 30296550 575562 6839 1.0
00:05:29.688 119847207 30099145 581285 6826 1.0
00:05:29.888 119847367 30289963 575381 6829 1.0
00:05:30.088 119846702 31745938 571933 6787 1.0
00:05:30.288 119847498 30307065 575713 6826 1.0
00:05:30.688 119847974 30098078 581237 6835 1.0
00:05:30.888 119846722 30299149 575588 6828 1.0
00:05:31.088 119847555 31678651 572114 6791 1.0
00:05:31.288 119846680 30295799 575511 6831 1.0
00:05:31.688 119847887 30106399 581385 6826 1.0
00:05:31.888 119846752 30290012 575440 6819 1.0
00:05:32.088 119847465 31677659 571973 6779 1.0
00:05:32.288 119846684 30297905 575588 6835 1.0
00:05:32.688 119847095 30097875 581252 6831 1.0
00:05:32.888 119847447 30294415 575495 6827 1.0
00:05:33.088 119846859 31760917 571986 6783 1.0
00:05:33.288 119847422 30299608 575612 6833 1.0
00:05:33.688 119847191 30103291 581301 6831 1.0
00:05:33.888 119847474 30294200 575563 6838 1.0
00:05:34.088 119846858 31758088 571970 6789 1.0
00:05:34.288 119847401 30294455 575476 6831 1.0
00:05:34.688 119847845 30108395 581435 6834 1.0
00:05:34.888 119846660 30293686 575524 6821 1.0
00:05:35.088 119847544 31759196 572034 6775 1.0
00:05:35.288 119846738 30292390 575514 6827 1.0
00:05:35.688 119847875 30100201 581279 6838 1.0
00:05:35.888 119846671 30299900 575588 6820 1.0
00:05:36.088 119847568 31669434 572058 6770 1.0
00:05:36.288 119846616 30293371 575503 6838 1.0
00:05:36.688 119847143 30113945 580675 6823 1.0
00:05:36.888 119847421 30295613 575506 6830 1.0
00:05:37.088 119846851 31732188 572006 6786 1.0
00:05:37.288 119846688 30300238 575628 6830 1.0
00:05:37.688 119847099 30237724 577192 6806 1.0
00:05:37.888 119847498 30302449 575689 6832 1.0
00:05:38.088 119846589 31688492 571968 6777 1.0
00:05:38.488 119847149 30101165 581338 6836 1.0
00:05:38.688 119847549 30303260 575709 6841 1.0
00:05:38.888 119846726 30295283 575497 6832 1.0
00:05:39.088 119847577 31704375 571932 6778 1.0
00:05:39.488 119847077 30098849 581279 6828 1.0
00:05:39.688 119847476 30292759 575431 6827 1.0
00:05:39.888 119846761 30294545 575538 6836 1.0
00:05:40.088 119847512 31722282 572129 6797 1.0
00:05:40.488 119847863 30100612 581323 6814 1.0
00:05:40.688 119846652 30297497 575557 6837 1.0
00:05:40.888 119847429 30301696 575637 6830 1.0
00:05:41.088 119846754 31718853 571978 6774 1.0
00:05:41.488 119847847 30106793 581393 6834 1.0
00:05:41.688 119846649 30296913 575539 6840 1.0
00:05:41.888 119847380 30291995 575479 6838 1.0
00:05:42.088 119846643 31738279 571930 6791 1.0
00:05:42.488 119847107 30104153 581409 6838 1.0
00:05:42.688 119847534 30293023 575440 6811 1.0
00:05:42.888 119846731 30305000 575754 6821 1.0
00:05:43.088 119846839 31664132 572160 6793 1.0
00:05:43.488 119847011 30099379 581246 6820 1.0
00:05:43.688 119847399 30300851 575595 6822 1.0
00:05:43.888 119846784 30292301 575515 6831 1.0
00:05:44.088 119847444 31742210 571902 6782 1.0
00:05:44.488 119847923 30100539 581270 6825 1.0
00:05:44.688 119846686 30290783 575432 6819 1.0
00:05:44.888 119846693 30289363 575434 6818 1.0
00:05:45.088 119847523 31730324 572025 6794 1.0
00:05:45.488 119847771 30107937 581423 6839 1.0
00:05:45.688 119846717 30295629 575507 6822 1.0
00:05:45.888 119847460 30288407 575411 6823 1.0
00:05:46.088 119846808 31713955 572024 6785 1.0
00:05:46.488 119846946 30108398 581478 6836 1.0
00:05:46.688 119847392 30295861 575511 6833 1.0
00:05:46.888 119846713 30295189 575497 6820 1.0
00:05:47.088 119846826 31702708 572164 6791 1.0
00:05:47.488 119847031 30106314 581380 6832 1.0
00:05:47.688 119847367 30292265 575470 6815 1.0
00:05:47.888 119846716 30296113 575562 6828 1.0
00:05:48.088 119847528 31704201 572054 6787 1.0
00:05:48.488 119847840 30110032 581483 6845 1.0
00:05:48.688 119846678 30298812 575588 6838 1.0
00:05:48.888 119846571 30293518 575541 6821 1.0
00:05:49.088 119847422 31692852 572023 6794 1.0
00:05:49.488 119847945 30104240 581335 6835 1.0
00:05:49.688 119846722 30293296 575490 6830 1.0
00:05:49.888 119847526 30297989 575583 6833 1.0
00:05:50.088 119846692 31723601 571872 6774 1.0
00:05:50.488 119847147 30097890 581253 6822 1.0
00:05:50.688 119846577 30302985 575684 6819 1.0
00:05:50.888 119847472 30290650 575395 6818 1.0
00:05:51.088 119846758 31715454 572043 6785 1.0
00:05:51.488 119847151 30101411 581263 6828 1.0
00:05:51.688 119847425 30289675 575445 6825 1.0
00:05:51.888 119846716 30297573 575557 6824 1.0
00:05:52.088 119847522 31709297 572141 6783 1.0
00:05:52.488 119847808 30095690 581194 6838 1.0
00:05:52.688 119846697 30297478 575595 6827 1.0
00:05:52.888 119846674 30298263 575578 6820 1.0
00:05:53.088 119847545 31668073 572064 6798 1.0
00:05:53.488 119847982 30106954 581398 6835 1.0
00:05:53.688 119846686 30291606 575442 6834 1.0
00:05:53.888 119847419 30294788 575538 6828 1.0
00:05:54.088 119846663 31680814 572039 6795 1.0
00:05:54.488 119847138 30102221 581317 6832 1.0
00:05:54.688 119846780 30290410 575420 6819 1.0
00:05:54.888 119847452 30300712 575641 6818 1.0
00:05:55.088 119846828 31735457 571997 6799 1.0
00:05:55.488 119846931 30105520 581430 6833 1.0
00:05:55.688 119847487 30293242 575467 6820 1.0
00:05:55.888 119846616 30292482 575446 6830 1.0
00:05:56.088 119847584 31690876 572020 6797 1.0
00:05:56.488 119847188 30103145 581387 6830 1.0
00:05:56.688 119847540 30293730 575461 6824 1.0
00:05:56.888 119846770 30298571 575585 6824 1.0
00:05:57.088 119847408 31661353 572098 6793 1.0
00:05:57.488 119847932 30101012 581285 6819 1.0
00:05:57.688 119846746 30295269 575547 6824 1.0
00:05:57.888 119847553 30292675 575428 6841 1.0
00:05:58.088 119846745 31651015 572127 6801 1.0
00:05:58.488 119847072 30109087 581421 6835 1.0
00:05:58.688 119846743 30294914 575534 6831 1.0
00:05:58.888 119847551 30295443 575548 6828 1.0
00:05:59.088 119846770 31724086 572103 6794 1.0
00:05:59.488 119847166 30188817 578200 6812 1.0
00:05:59.688 119847367 30291878 575502 6837 1.0
00:05:59.888 119846687 30298815 575590 6829 1.0
00:06:00.288 119847023 30103934 581410 6814 1.0
00:06:00.488 119846692 30302146 575632 6835 1.0
00:06:00.688 119847489 30296281 575570 6817 1.0
00:06:00.888 119846695 30287148 575343 6830 1.0
00:06:01.288 119847232 30111377 581516 6829 1.0
00:06:01.488 119847568 30296143 575567 6812 1.0
00:06:01.688 119846580 30289499 575392 6828 1.0
00:06:01.888 119847436 30299874 575616 6823 1.0
00:06:02.288 119847073 30095913 581208 6812 1.0
00:06:02.488 119847531 30289659 575359 6835 1.0
00:06:02.688 119846782 30298803 575588 6835 1.0
00:06:02.888 119847429 30298094 575583 6827 1.0
00:06:03.288 119847874 30102285 581302 6834 1.0
00:06:03.488 119846700 30294686 575548 6832 1.0
00:06:03.688 119847503 30291174 575388 6833 1.0
00:06:03.888 119846787 30292751 575524 6817 1.0
00:06:04.288 119847878 30100013 581308 6831 1.0
00:06:04.488 119846643 30291730 575497 6842 1.0
00:06:04.688 119847492 30303938 575632 6835 1.0
00:06:04.888 119846786 30296829 575560 6830 1.0
00:06:05.288 119847111 30103514 581377 6829 1.0
00:06:05.488 119847586 30297910 575567 6831 1.0
00:06:05.688 119846872 30299929 575619 6815 1.0
00:06:05.888 119847508 30294576 575479 6810 1.0
00:06:06.288 119847023 30100000 581242 6831 1.0
00:06:06.488 119847454 30294616 575570 6826 1.0
00:06:06.688 119846695 30293152 575441 6827 1.0
00:06:06.888 119847392 30298036 575569 6820 1.0
00:06:07.288 119847843 30105617 581363 6840 1.0
00:06:07.488 119846617 30306248 575783 6836 1.0
00:06:07.688 119847544 30293467 575451 6817 1.0
00:06:07.888 119846728 30299361 575602 6834 1.0
00:06:08.288 119847804 30106336 581436 6835 1.0
00:06:08.488 119846713 30296335 575566 6827 1.0
00:06:08.688 119847491 30295747 575509 6831 1.0
00:06:08.888 119846802 30302037 575674 6802 1.0
00:06:09.288 119847080 30104737 581432 6829 1.0
00:06:09.488 119847502 30294381 575471 6824 1.0
00:06:09.688 119846624 30290747 575472 6816 1.0
00:06:09.888 119846664 30293656 575453 6825 1.0
00:06:10.288 119847178 30105948 581387 6819 1.0
00:06:10.488 119847553 30288663 575420 6831 1.0
00:06:10.688 119846650 30296029 575518 6834 1.0
00:06:10.888 119847336 30293449 575449 6822 1.0
00:06:11.288 119847783 30109177 581457 6822 1.0
00:06:11.488 119846602 30299719 575615 6822 1.0
00:06:11.688 119847353 30297204 575550 6816 1.0
00:06:11.888 119846741 30291327 575484 6832 1.0
00:06:12.288 119847902 30101008 581333 6831 1.0
00:06:12.488 119846706 30298485 575583 6842 1.0
00:06:12.688 119847524 30293506 575452 6834 1.0
00:06:12.888 119846692 30291706 575499 6819 1.0
00:06:13.288 119847131 30103291 581301 6857 1.0
00:06:13.488 119847411 30294207 575566 6839 1.0
00:06:13.688 119846760 30288338 575332 6807 1.0
00:06:13.888 119846630 30299913 575602 6823 1.0
00:06:14.288 119847057 30101158 581254 6844 1.0
00:06:14.488 119847292 30300344 575632 6833 1.0
00:06:14.688 119846689 30294738 575527 6827 1.0
00:06:14.888 119847432 30297472 575583 6829 1.0
00:06:15.288 119847956 30100451 581282 6828 1.0
00:06:15.488 119846729 30296653 575574 6833 1.0
00:06:15.688 119846670 30290855 575382 6817 1.0
00:06:15.888 119847470 30290038 575454 6833 1.0
00:06:16.288 119847839 30098879 581277 6845 1.0
00:06:16.488 119846577 30299458 575609 6845 1.0
00:06:16.688 119847442 30295394 575500 6838 1.0
00:06:16.888 119846577 30296892 575539 6828 1.0
00:06:17.288 119847081 30100744 581315 6836 1.0
00:06:17.488 119847425 30306108 575768 6834 1.0
00:06:17.688 119846682 30293417 575466 6828 1.0
00:06:17.888 119846724 30293024 575452 6834 1.0
00:06:18.288 119846984 30101309 581279 6833 1.0
00:06:18.488 119847585 30292210 575513 6826 1.0
00:06:18.688 119846589 30295268 575500 6839 1.0
00:06:18.888 119847380 30302214 575681 6817 1.0
00:06:19.288 119847881 30100119 581311 6838 1.0
00:06:19.488 119846567 30300244 575620 6835 1.0
00:06:19.688 119846766 30292373 575431 6832 1.0
00:06:19.888 119847355 30289969 575454 6828 1.0
00:06:20.288 119847858 30112026 581530 6833 1.0
00:06:20.488 119846718 30297420 575556 6848 1.0
00:06:20.688 119847460 30287511 575385 6817 1.0
00:06:20.888 119846714 30299165 575602 6814 1.0
00:06:21.288 119847110 30110458 581147 6837 1.0
00:06:21.488 119846752 30291126 575421 6830 1.0
00:06:21.688 119847541 30295336 575561 6813 1.0
00:06:21.888 119846728 30293643 575455 6828 1.0
00:06:22.288 119847165 30230684 577542 6817 1.0
00:06:22.488 119847439 30298812 575593 6808 1.0
00:06:22.688 119846684 30288680 575417 6827 1.0
00:06:23.088 119846959 30101807 581304 6826 1.0
00:06:23.288 119847523 31720388 571831 6796 1.0
00:06:23.488 119846658 30294029 575473 6831 1.0
00:06:23.688 119846719 30300782 575640 6832 1.0
00:06:24.088 119847051 30102058 581300 6832 1.0
00:06:24.288 119847496 31672035 572120 6783 1.0
00:06:24.488 119846705 30299627 575614 6833 1.0
00:06:24.688 119847394 30295863 575511 6831 1.0
00:06:25.088 119847908 30108527 581495 6838 1.0
00:06:25.288 119846712 31662267 572188 6790 1.0
00:06:25.488 119846798 30293563 575454 6837 1.0
00:06:25.688 119847372 30300982 575648 6829 1.0
00:06:26.088 119847878 30105335 581354 6823 1.0
00:06:26.288 119846811 31724471 571923 6779 1.0
00:06:26.488 119847511 30300150 575583 6823 1.0
00:06:26.688 119846733 30293329 575536 6827 1.0
00:06:27.088 119847134 30101228 581340 6837 1.0
00:06:27.288 119846711 31704976 572070 6793 1.0
00:06:27.488 119847403 30293614 575502 6825 1.0
00:06:27.688 119846623 30300518 575588 6834 1.0
00:06:28.088 119847028 30099433 581276 6843 1.0
00:06:28.288 119847489 31661098 572018 6799 1.0
00:06:28.488 119846653 30290410 575465 6821 1.0
00:06:28.688 119847351 30307465 575725 6834 1.0
00:06:29.088 119847056 30099504 581283 6843 1.0
00:06:29.288 119847563 31699417 572190 6794 1.0
00:06:29.488 119846713 30289510 575356 6836 1.0
00:06:29.688 119847478 30293133 575535 6830 1.0
00:06:30.088 119847770 30110099 581481 6822 1.0
00:06:30.288 119846704 31706479 571984 6783 1.0
00:06:30.488 119847451 30295399 575567 6831 1.0
00:06:30.688 119846780 30296131 575550 6822 1.0
00:06:31.088 119847168 30103076 581321 6819 1.0
00:06:31.288 119846845 31724251 571978 6791 1.0
00:06:31.488 119847519 30299913 575583 6818 1.0
00:06:31.688 119846744 30290024 575428 6824 1.0
00:06:32.088 119847180 30102920 581294 6816 1.0
00:06:32.288 119847508 31680799 572179 6794 1.0
00:06:32.488 119846667 30293277 575457 6815 1.0
00:06:32.688 119847420 30289553 575439 6837 1.0
00:06:33.088 119847178 30100513 581321 6836 1.0
00:06:33.288 119847578 31726726 571907 6778 1.0
00:06:33.488 119846638 30295230 575510 6837 1.0
00:06:33.688 119847427 30303177 575693 6828 1.0
00:06:34.088 119847767 30099899 581303 6829 1.0
00:06:34.288 119846810 31671218 572282 6785 1.0
00:06:34.488 119847505 30293713 575456 6832 1.0
00:06:34.688 119846688 30290923 575478 6841 1.0
00:06:35.088 119847915 30100809 581328 6825 1.0
00:06:35.288 119846735 31674161 572022 6780 1.0
00:06:35.488 119847558 30282933 575278 6802 1.0
00:06:35.688 119846619 30296618 575531 6828 1.0
00:06:36.088 119847087 30095240 581241 6826 1.0
00:06:36.288 119847524 31731989 571931 6785 1.0
00:06:36.488 119846708 30300574 575631 6831 1.0
00:06:36.688 119847317 30293526 575459 6817 1.0
00:06:37.088 119847026 30107548 581452 6831 1.0
00:06:37.288 119847448 31745529 571973 6796 1.0
00:06:37.488 119846739 30291431 575397 6828 1.0
00:06:37.688 119847483 30293360 575541 6802 1.0
00:06:38.088 119847902 30099976 581308 6813 1.0
00:06:38.288 119846731 31726582 571835 6783 1.0
00:06:38.488 119847579 30289856 575357 6844 1.0
00:06:38.688 119846764 30295428 575572 6838 1.0
00:06:39.088 119847883 30100172 581259 6823 1.0
00:06:39.288 119846791 31732726 571978 6805 1.0
00:06:39.488 119847444 30294623 575554 6832 1.0
00:06:39.688 119846652 30294022 575498 6818 1.0
00:06:40.088 119847041 30105096 581361 6837 1.0
00:06:40.288 119847496 31653749 572114 6793 1.0
00:06:40.488 119846785 30291238 575447 6834 1.0
00:06:40.688 119846721 30301924 575618 6832 1.0
00:06:41.088 119847091 30100383 581261 6832 1.0
00:06:41.288 119847678 31668110 572205 6798 1.0
00:06:41.488 119846700 30297933 575568 6837 1.0
00:06:41.688 119847574 30293770 575459 6836 1.0
00:06:42.088 119847868 30109677 581495 6846 1.0
00:06:42.288 119846725 31701377 572010 6791 1.0
00:06:42.488 119847578 30295951 575551 6832 1.0
00:06:42.688 119846703 30298019 575588 6828 1.0
00:06:43.088 119847750 30101044 581335 6813 1.0
00:06:43.288 119846741 31693609 572025 6786 1.0
00:06:43.488 119847478 30297141 575549 6832 1.0
00:06:43.688 119846760 30295923 575516 6839 1.0
00:06:44.088 119847120 30198042 578444 6813 1.0
00:06:44.288 119847579 31671835 571962 6793 1.0
00:06:44.488 119846753 30287408 575387 6822 1.0
00:06:44.888 119847785 30109832 581471 6829 1.0
00:06:45.088 119846702 30296593 575588 6827 1.0
00:06:45.288 119847581 31676458 572188 6787 1.0
00:06:45.488 119846741 30303034 575631 6846 1.0
00:06:45.888 119846976 30101923 581297 6842 1.0
00:06:46.088 119847609 30299159 575600 6825 1.0
00:06:46.288 119846688 31714523 572101 6788 1.0
00:06:46.488 119846687 30296449 575529 6844 1.0
00:06:46.888 119847167 30107125 581402 6818 1.0
00:06:47.088 119847421 30291022 575480 6814 1.0
00:06:47.288 119846796 31671519 571992 6784 1.0
00:06:47.488 119847357 30295796 575514 6831 1.0
00:06:47.888 119847827 30097920 581253 6829 1.0
00:06:48.088 119846755 30292987 575438 6837 1.0
00:06:48.288 119847440 31675664 572182 6809 1.0
00:06:48.488 119846682 30288722 575420 6826 1.0
00:06:48.888 119847863 30102686 581377 6829 1.0
00:06:49.088 119846740 30305280 575667 6834 1.0
00:06:49.288 119847493 31686354 572078 6802 1.0
00:06:49.488 119846843 30296832 575540 6823 1.0
00:06:49.888 119847150 30100254 581314 6831 1.0
00:06:50.088 119847419 30295868 575514 6831 1.0
00:06:50.288 119846746 31698068 572038 6782 1.0
00:06:50.488 119846645 30297013 575545 6833 1.0
00:06:50.888 119847144 30107032 581455 6831 1.0
00:06:51.088 119847458 30299758 575615 6826 1.0
00:06:51.288 119846688 31744144 571991 6798 1.0
00:06:51.488 119847570 30292256 575438 6826 1.0
00:06:51.888 119847903 30105693 581409 6829 1.0
00:06:52.088 119846754 30292245 575420 6830 1.0
00:06:52.288 119846650 31750114 571974 6793 1.0
00:06:52.488 119847423 30298384 575583 6824 1.0
00:06:52.888 119847835 30101405 581311 6830 1.0
00:06:53.088 119846714 30294331 575514 6822 1.0
00:06:53.288 119847398 31700564 572237 6786 1.0
00:06:53.488 119846736 30291602 575494 6818 1.0
00:06:53.888 119847132 30105951 581442 6836 1.0
00:06:54.088 119846709 30297152 575578 6820 1.0
00:06:54.288 119847597 31683590 572087 6787 1.0
00:06:54.488 119846787 30297677 575562 6841 1.0
00:06:54.888 119847057 30095732 581194 6820 1.0
00:06:55.088 119847506 30293492 575545 6820 1.0
00:06:55.288 119846775 31722957 571990 6805 1.0
00:06:55.488 119847591 30299410 575583 6822 1.0
00:06:55.888 119847908 30098599 581270 6806 1.0
00:06:56.088 119846685 30299284 575603 6834 1.0
00:06:56.288 119846753 31701544 572031 6793 1.0
00:06:56.488 119847456 30299097 575598 6847 1.0
00:06:56.888 119847918 30103718 581407 6814 1.0
00:06:57.088 119846765 30294831 575487 6816 1.0
00:06:57.288 119847493 31705765 571982 6798 1.0
00:06:57.488 119846689 30299761 575616 6838 1.0
00:06:57.888 119847103 30099540 581260 6834 1.0
00:06:58.088 119846704 30292566 575522 6826 1.0
00:06:58.288 119847492 31690810 572048 6791 1.0
00:06:58.488 119846673 30290248 575460 6838 1.0
00:06:58.888 119847140 30106554 581386 6828 1.0
00:06:59.088 119847483 30294663 575561 6821 1.0
00:06:59.288 119846733 31687572 571978 6777 1.0
00:06:59.488 119847495 30295960 575547 6819 1.0
00:06:59.888 119847071 30099954 581275 6833 1.0
00:07:00.088 119847433 30291903 575503 6824 1.0
00:07:00.288 119846764 31669635 572093 6793 1.0
00:07:00.488 119847401 30298218 575575 6838 1.0
00:07:00.888 119847928 30103819 581316 6830 1.0
00:07:01.088 119846754 30301400 575655 6831 1.0
00:07:01.288 119847441 31712517 572095 6771 1.0
00:07:01.488 119846736 30294730 575483 6835 1.0
00:07:01.888 119847211 30104150 581370 6823 1.0
00:07:02.088 119846808 30296397 575527 6824 1.0
00:07:02.288 119847539 31695783 571906 6793 1.0
00:07:02.488 119846771 30296368 575559 6816 1.0
00:07:02.888 119847137 30101835 581338 6816 1.0
00:07:03.088 119847607 30307863 575753 6819 1.0
00:07:03.288 119846561 31661095 572066 6789 1.0
00:07:03.488 119847492 30297915 575584 6828 1.0
00:07:03.888 119846979 30109352 581500 6829 1.0
00:07:04.088 119847452 30290552 575418 6821 1.0
00:07:04.288 119846802 31681145 572058 6785 1.0
00:07:04.488 119847542 30296867 575537 6831 1.0
00:07:04.888 119847964 30100455 581318 6827 1.0
00:07:05.088 119846707 30293204 575463 6841 1.0
00:07:05.288 119847514 31752577 572104 6792 1.0
00:07:05.488 119846806 30295453 575502 6827 1.0
00:07:05.888 119847881 30112856 581504 6838 1.0
00:07:06.088 119846636 30290825 575444 6837 1.0
00:07:06.288 119847367 31717032 571994 6790 1.0
00:07:06.488 119846698 30295963 575515 6835 1.0
00:07:06.888 119847270 30214508 577778 6811 1.0
00:07:07.088 119847473 30302192 575615 6825 1.0
00:07:07.288 119846701 31694496 572056 6790 1.0
00:07:07.688 119847105 30101911 581359 6829 1.0
00:07:07.888 119846689 30293166 575438 6823 1.0
00:07:08.088 119847519 30296790 575583 6821 1.0
00:07:08.288 119846656 31716136 571978 6784 1.0
00:07:08.688 119847129 30104119 581416 6824 1.0
00:07:08.888 119847439 30294234 575471 6825 1.0
00:07:09.088 119846729 30291896 575444 6828 1.0
00:07:09.288 119847517 31737588 571924 6778 1.0
00:07:09.688 119847043 30100683 581305 6833 1.0
00:07:09.888 119847414 30292385 575514 6816 1.0
00:07:10.088 119846810 30294305 575472 6835 1.0
00:07:10.288 119847616 31692729 572211 6790 1.0
00:07:10.688 119847921 30102532 581351 6825 1.0
00:07:10.888 119846718 30304536 575732 6824 1.0
00:07:11.088 119847397 30294758 575494 6833 1.0
00:07:11.288 119846780 31659875 572142 6795 1.0
00:07:11.688 119847802 30103761 581312 6839 1.0
00:07:11.888 119846789 30294352 575523 6829 1.0
00:07:12.088 119847457 30292734 575476 6825 1.0
00:07:12.288 119846757 31680110 572163 6791 1.0
00:07:12.688 119847052 30102652 581355 6839 1.0
00:07:12.888 119847516 30300256 575628 6826 1.0
00:07:13.088 119846748 30299785 575617 6824 1.0
00:07:13.288 119846775 31732658 571972 6788 1.0
00:07:13.688 119846918 30101538 581348 6823 1.0
00:07:13.888 119847422 30302118 575679 6819 1.0
00:07:14.088 119846669 30300301 575629 6828 1.0
00:07:14.288 119847496 31686353 572109 6800 1.0
00:07:14.688 119847843 30098336 581263 6827 1.0
00:07:14.888 119846651 30284586 575310 6829 1.0
00:07:15.088 119847470 30301294 575639 6828 1.0
00:07:15.288 119846872 31648885 571978 6782 1.0
00:07:15.688 119847912 30103694 581333 6822 1.0
00:07:15.888 119846823 30298745 575588 6828 1.0
00:07:16.088 119847521 30293160 575516 6835 1.0
00:07:16.288 119846622 31710810 572026 6782 1.0
00:07:16.688 119847064 30104842 581422 6838 1.0
00:07:16.888 119847447 30292380 575421 6848 1.0
00:07:17.088 119846786 30299287 575605 6816 1.0
00:07:17.288 119846803 31695015 572038 6797 1.0
00:07:17.688 119847053 30097523 581242 6824 1.0
00:07:17.888 119847515 30297110 575583 6816 1.0
00:07:18.088 119846653 30292253 575440 6833 1.0
00:07:18.288 119847531 31731507 572062 6768 1.0
00:07:18.688 119847811 30105707 581365 6828 1.0
00:07:18.888 119846780 30293685 575549 6812 1.0
00:07:19.088 119846604 30293794 575459 6832 1.0
00:07:19.288 119847519 31665601 572369 6781 1.0
00:07:19.688 119847838 30102415 581371 6825 1.0
00:07:19.888 119846772 30294129 575467 6815 1.0
00:07:20.088 119847492 30299803 575618 6822 1.0
00:07:20.288 119846659 31666730 572095 6795 1.0
00:07:20.688 119847057 30106640 581460 6834 1.0
00:07:20.888 119847489 30290970 575386 6820 1.0
00:07:21.088 119846740 30290402 575463 6832 1.0
00:07:21.288 119846783 31710526 572065 6776 1.0
00:07:21.688 119846943 30102168 581347 6823 1.0
00:07:21.888 119847524 30290003 575376 6816 1.0
00:07:22.088 119846804 30299042 575598 6840 1.0
00:07:22.288 119847305 31732728 572050 6800 1.0
00:07:22.688 119847871 30095262 581237 6838 1.0
00:07:22.888 119846685 30306758 575747 6819 1.0
00:07:23.088 119846746 30293497 575449 6814 1.0
00:07:23.288 119847503 31740800 571961 6786 1.0
00:07:23.688 119847794 30105264 581366 6825 1.0
00:07:23.888 119846741 30292910 575515 6828 1.0
00:07:24.088 119847375 30291721 575405 6836 1.0
00:07:24.288 119846738 31721321 572229 6781 1.0
00:07:24.688 119847242 30105918 581405 6825 1.0
00:07:24.888 119846850 30296345 575584 6818 1.0
00:07:25.088 119847321 30289695 575351 6830 1.0
00:07:25.288 119846737 31739250 571935 6779 1.0
00:07:25.688 119847150 30108053 581487 6837 1.0
00:07:25.888 119847519 30291160 575423 6822 1.0
00:07:26.088 119846667 30290789 575474 6815 1.0
00:07:26.288 119847446 31675217 572096 6784 1.0
00:07:26.688 119847933 30103000 581386 6821 1.0
00:07:26.888 119846751 30293915 575462 6843 1.0
00:07:27.088 119846608 30301592 575665 6838 1.0
00:07:27.288 119847439 31755434 571835 6793 1.0
00:07:27.688 119847865 30103847 581315 6836 1.0
00:07:27.888 119846665 30304829 575750 6846 1.0
00:07:28.088 119847513 30297882 575565 6843 1.0
00:07:28.288 119846870 31659012 572007 6782 1.0
00:07:28.688 119847074 30196720 578409 6822 1.0
00:07:28.888 119846718 30291272 575486 6833 1.0
00:07:29.088 119847480 30291656 575404 6821 1.0
00:07:29.488 119847913 30102302 581312 6836 1.0
00:07:29.688 119846647 30295475 575561 6826 1.0
00:07:29.888 119847537 30297356 575554 6826 1.0
00:07:30.088 119846753 30295983 575516 6832 1.0
00:07:30.488 119847054 30101665 581352 6829 1.0
00:07:30.688 119846743 30299196 575601 6827 1.0
00:07:30.888 119847458 30293987 575465 6828 1.0
00:07:31.088 119846746 30302149 575680 6831 1.0
00:07:31.488 119847128 30099935 581306 6831 1.0
00:07:31.688 119847455 30294033 575507 6825 1.0
00:07:31.888 119846880 30295203 575550 6818 1.0
00:07:32.088 119847387 30303328 575621 6838 1.0
00:07:32.488 119847174 30102578 581282 6850 1.0
00:07:32.688 119847448 30298094 575573 6829 1.0
00:07:32.888 119846638 30298533 575583 6821 1.0
00:07:33.088 119847447 30295321 575582 6846 1.0
00:07:33.488 119847806 30108835 581446 6823 1.0
00:07:33.688 119846710 30295829 575513 6827 1.0
00:07:33.888 119847334 30295036 575491 6828 1.0
00:07:34.088 119846663 30297833 575565 6828 1.0
00:07:34.488 119847070 30099770 581299 6838 1.0
00:07:34.688 119846642 30290067 575375 6821 1.0
00:07:34.888 119847562 30304619 575733 6837 1.0
00:07:35.088 119846657 30290637 575438 6843 1.0
00:07:35.488 119847092 30108753 581444 6824 1.0
00:07:35.688 119847463 30293705 575551 6823 1.0
00:07:35.888 119846764 30292875 575436 6816 1.0
00:07:36.088 119847420 30293803 575504 6828 1.0
00:07:36.488 119847292 30103868 581346 6831 1.0
00:07:36.688 119847310 30290518 575469 6839 1.0
00:07:36.888 119846688 30303704 575625 6831 1.0
00:07:37.088 119847502 30296301 575556 6813 1.0
00:07:37.488 119847879 30102382 581279 6828 1.0
00:07:37.688 119846747 30297165 575559 6835 1.0
00:07:37.888 119847496 30293413 575534 6828 1.0
00:07:38.088 119846658 30295589 575504 6828 1.0
00:07:38.488 119847809 30104351 581330 6846 1.0
00:07:38.688 119846673 30298269 575578 6821 1.0
00:07:38.888 119847475 30295977 575567 6835 1.0
00:07:39.088 119846695 30299987 575588 6821 1.0
00:07:39.488 119847177 30096201 581232 6816 1.0
00:07:39.688 119847457 30304787 575724 6837 1.0
00:07:39.888 119846671 30292258 575447 6820 1.0
00:07:40.088 119847509 30289674 575416 6827 1.0
00:07:40.488 119847119 30103976 581381 6843 1.0
00:07:40.688 119847513 30291089 575444 6821 1.0
00:07:40.888 119846695 30292172 575454 6831 1.0
00:07:41.088 119847454 30296284 575548 6818 1.0
00:07:41.488 119847878 30102368 581277 6835 1.0
00:07:41.688 119846695 30291274 575491 6831 1.0
00:07:41.888 119847463 30297890 575565 6837 1.0
00:07:42.088 119846758 30287977 575398 6821 1.0
00:07:42.488 119847967 30108529 581440 6833 1.0
00:07:42.688 119846688 30295686 575553 6830 1.0
00:07:42.888 119847420 30291628 575451 6823 1.0
00:07:43.088 119846539 30297139 575548 6824 1.0
00:07:43.488 119846997 30105400 581398 6835 1.0
00:07:43.688 119847507 30295511 575557 6831 1.0
00:07:43.888 119846723 30294512 575477 6813 1.0
00:07:44.088 119846666 30300710 575643 6833 1.0
00:07:44.488 119847015 30102324 581360 6816 1.0
00:07:44.688 119847541 30300639 575639 6822 1.0
00:07:44.888 119846635 30292944 575438 6816 1.0
00:07:45.088 119847458 30288499 575411 6829 1.0
00:07:45.488 119847934 30111263 581510 6829 1.0
00:07:45.688 119846715 30293359 575447 6852 1.0
00:07:45.888 119847586 30296920 575557 6826 1.0
00:07:46.088 119846634 30297942 575568 6842 1.0
00:07:46.488 119847877 30099168 581285 6822 1.0
00:07:46.688 119846730 30297375 575554 6832 1.0
00:07:46.888 119847384 30298199 575575 6830 1.0
00:07:47.088 119846735 30291523 575435 6816 1.0
00:07:47.488 119847156 30106031 581440 6827 1.0
00:07:47.688 119847482 30294629 575507 6830 1.0
00:07:47.888 119846676 30292472 575426 6829 1.0
00:07:48.088 119846611 30295104 575568 6824 1.0
00:07:48.488 119847124 30105037 581416 6835 1.0
00:07:48.688 119847531 30292175 575418 6830 1.0
00:07:48.888 119846700 30298473 575583 6809 1.0
00:07:49.088 119847348 30288427 575411 6830 1.0
00:07:49.488 119847888 30101648 581274 6829 1.0
00:07:49.688 119846692 30296275 575588 6826 1.0
00:07:49.888 119846696 30303338 575630 6836 1.0
00:07:50.088 119847524 30292877 575528 6814 1.0
00:07:50.488 119847822 30101768 581321 6847 1.0
00:07:50.688 119846755 30288984 575343 6833 1.0
00:07:50.888 119847479 30297736 575583 6820 1.0
00:07:51.088 119846837 30300350 575603 6844 1.0
00:07:51.488 119847143 30206978 578104 6813 1.0
00:07:51.688 119847207 30310736 575813 6828 1.0
00:07:51.888 119846863 30294667 575483 6823 1.0
00:07:52.288 119847847 30105151 581354 6827 1.0
00:07:52.488 119846782 31705849 572275 6784 1.0
00:07:52.688 119847511 30293285 575540 6845 1.0
00:07:52.888 119846755 30296954 575544 6825 1.0
00:07:53.288 119847129 30102789 581363 6829 1.0
00:07:53.488 119847456 31652391 572110 6797 1.0
00:07:53.688 119846797 30298475 575588 6805 1.0
00:07:53.888 119846606 30298870 575588 6829 1.0
00:07:54.288 119847126 30098669 581242 6837 1.0
00:07:54.488 119847473 31737025 571973 6787 1.0
00:07:54.688 119846693 30294535 575560 6835 1.0
00:07:54.888 119847587 30293074 575441 6840 1.0
00:07:55.288 119847909 30104557 581334 6833 1.0
00:07:55.488 119846677 31690106 572072 6794 1.0
00:07:55.688 119846756 30293141 575443 6838 1.0
00:07:55.888 119847383 30303568 575716 6833 1.0
00:07:56.288 119847792 30098707 581274 6832 1.0
00:07:56.488 119846793 31727406 571860 6776 1.0
00:07:56.688 119847594 30307929 575829 6834 1.0
00:07:56.888 119846698 30294401 575475 6827 1.0
00:07:57.288 119847097 30107176 581403 6836 1.0
00:07:57.488 119846776 31660163 572214 6788 1.0
00:07:57.688 119847525 30292691 575462 6840 1.0
00:07:57.888 119846755 30290069 575423 6832 1.0
00:07:58.288 119847077 30103075 581389 6819 1.0
00:07:58.488 119847463 31708698 571986 6782 1.0
00:07:58.688 119846649 30301631 575604 6840 1.0
00:07:58.888 119847481 30294641 575544 6816 1.0
00:07:59.288 119847950 30103374 581342 6838 1.0
00:07:59.488 119846867 31766926 572048 6793 1.0
00:07:59.688 119846693 30291556 575493 6831 1.0
00:07:59.888 119847528 30295172 575498 6821 1.0
00:08:00.288 119847820 30106196 581388 6817 1.0
00:08:00.488 119846711 31740234 571899 6789 1.0
00:08:00.688 119847486 30298619 575587 6828 1.0
00:08:00.888 119846648 30303569 575715 6835 1.0
00:08:01.288 119847175 30104802 581381 6820 1.0
00:08:01.488 119846733 31714446 571978 6792 1.0
00:08:01.688 119847463 30297598 575567 6821 1.0
00:08:01.888 119846766 30290503 575372 6826 1.0
00:08:02.288 119847181 30102117 581360 6830 1.0
00:08:02.488 119847563 31681945 572113 6801 1.0
00:08:02.688 119846764 30298740 575589 6838 1.0
00:08:02.888 119847414 30295208 575530 6824 1.0
00:08:03.289 119846991 30093837 581144 6846 1.0
00:08:03.489 119847428 31691070 572013 6782 1.0
00:08:03.689 119846697 30300261 575628 6826 1.0
00:08:03.889 119847595 30296632 575533 6825 1.0
00:08:04.289 119848016 30099867 581286 6828 1.0
00:08:04.489 119846777 31665571 572257 6784 1.0
00:08:04.689 119847424 30291565 575494 6824 1.0
00:08:04.889 119846733 30291601 575444 6829 1.0
00:08:05.289 119847090 30097329 581237 6831 1.0
00:08:05.489 119846713 31695476 572153 6793 1.0
00:08:05.689 119847533 30293176 575481 6819 1.0
00:08:05.889 119846665 30301285 575617 6827 1.0
00:08:06.289 119847124 30103888 581338 6848 1.0
00:08:06.489 119847493 31669877 572234 6781 1.0
00:08:06.689 119846716 30288643 575417 6827 1.0
00:08:06.889 119847407 30291715 575405 6832 1.0
00:08:07.289 119847142 30108748 581445 6825 1.0
00:08:07.489 119847522 31702731 571869 6801 1.0
00:08:07.689 119846690 30297236 575549 6845 1.0
00:08:07.889 119847272 30303217 575706 6817 1.0
00:08:08.289 119847815 30107615 581415 6836 1.0
00:08:08.489 119846775 31726442 571939 6792 1.0
00:08:08.689 119847574 30302375 575685 6832 1.0
00:08:08.889 119846665 30291974 575410 6830 1.0
00:08:09.289 119847846 30110500 581491 6848 1.0
00:08:09.489 119846763 31662866 572051 6787 1.0
00:08:09.689 119847455 30291406 575474 6822 1.0
00:08:09.889 119846663 30292388 575439 6829 1.0
00:08:10.289 119846952 30103933 581384 6831 1.0
00:08:10.489 119847513 31728379 571928 6791 1.0
00:08:10.689 119846689 30300677 575633 6839 1.0
00:08:10.889 119847489 30297155 575554 6827 1.0
00:08:11.289 119847009 30104819 581384 6822 1.0
00:08:11.489 119847407 31650820 572079 6783 1.0
00:08:11.689 119846733 30292576 575482 6818 1.0
00:08:11.889 119847458 30295566 575546 6839 1.0
00:08:12.289 119847842 30099634 581297 6838 1.0
00:08:12.489 119846754 31717777 572104 6781 1.0
00:08:12.689 119847439 30292721 575433 6833 1.0
00:08:12.889 119846700 30302263 575680 6832 1.0
00:08:13.289 119847908 30189701 578556 6826 1.0
00:08:13.489 119846806 31733824 572042 6805 1.0
00:08:13.689 119847407 30293569 575456 6830 1.0
00:08:14.089 119847865 30105224 581446 6821 1.0
00:08:14.289 119846625 30301132 575610 6835 1.0
00:08:14.489 119847441 31656167 572144 6786 1.0
00:08:14.689 119846495 30288919 575417 6837 1.0
00:08:15.089 119847735 30101726 581273 6827 1.0
00:08:15.289 119846701 30292875 575526 6845 1.0
00:08:15.489 119847673 31748138 571852 6785 1.0
00:08:15.689 119846685 30297630 575564 6819 1.0
00:08:16.089 119847135 30097346 581239 6819 1.0
00:08:16.289 119847525 30304714 575744 6823 1.0
00:08:16.489 119846866 31745563 572004 6791 1.0
00:08:16.689 119846676 30297962 575569 6833 1.0
00:08:17.089 119847060 30117303 581668 6846 1.0
00:08:17.289 119847525 30291184 575388 6827 1.0
00:08:17.489 119846757 31688469 572005 6786 1.0
00:08:17.689 119847411 30305673 575773 6840 1.0
00:08:18.089 119847977 30102828 581379 6811 1.0
00:08:18.289 119846575 30295503 575506 6827 1.0
00:08:18.489 119847483 31705639 572059 6789 1.0
00:08:18.689 119846764 30297658 575584 6832 1.0
00:08:19.089 119847827 30098784 581253 6833 1.0
00:08:19.289 119846719 30301035 575588 6836 1.0
00:08:19.489 119847424 31743411 571793 6774 1.0
00:08:19.689 119846650 30295359 575510 6832 1.0
00:08:20.089 119847123 30100393 581315 6829 1.0
00:08:20.289 119847449 30293759 575510 6834 1.0
00:08:20.489 119846728 31684302 572121 6791 1.0
00:08:20.689 119846746 30305477 575703 6838 1.0
00:08:21.089 119847132 30098170 581259 6824 1.0
00:08:21.289 119847422 30299860 575617 6836 1.0
00:08:21.489 119846848 31759165 571903 6784 1.0
00:08:21.689 119847575 30293750 575541 6833 1.0
00:08:22.089 119847951 30101650 581316 6839 1.0
00:08:22.289 119846590 30291683 575437 6835 1.0
00:08:22.489 119846806 31654363 572100 6795 1.0
00:08:22.689 119847416 30298823 575596 6817 1.0
00:08:23.089 119847795 30100380 581318 6833 1.0
00:08:23.289 119846750 30293481 575450 6826 1.0
00:08:23.489 119847498 31704937 572169 6774 1.0
00:08:23.689 119846712 30298033 575573 6837 1.0
00:08:24.089 119847181 30109536 581500 6825 1.0
00:08:24.289 119847483 30296542 575579 6816 1.0
00:08:24.489 119846808 31690362 572096 6791 1.0
00:08:24.689 119846758 30292964 575474 6822 1.0
00:08:25.089 119847005 30098328 581258 6833 1.0
00:08:25.289 119847472 30290563 575377 6807 1.0
00:08:25.489 119846704 31753644 572184 6803 1.0
00:08:25.689 119847477 30293970 575500 6839 1.0
00:08:26.089 119847877 30105699 581427 6831 1.0
00:08:26.289 119846712 30294231 575470 6827 1.0
00:08:26.489 119846743 31690836 572164 6796 1.0
00:08:26.689 119847529 30290184 575430 6833 1.0
00:08:27.089 119847746 30103253 581300 6830 1.0
00:08:27.289 119846722 30293648 575545 6827 1.0
00:08:27.489 119847530 31753700 572003 6792 1.0
00:08:27.689 119846610 30301450 575629 6823 1.0
00:08:28.089 119847048 30099017 581258 6850 1.0
00:08:28.289 119846674 30299508 575588 6821 1.0
00:08:28.489 119847566 31670096 572135 6797 1.0
00:08:28.689 119846751 30289114 575426 6818 1.0
00:08:29.089 119847176 30105555 581453 6833 1.0
00:08:29.289 119847475 30293706 575455 6830 1.0
00:08:29.489 119846679 31728523 571902 6806 1.0
00:08:29.689 119847381 30302332 575683 6825 1.0
00:08:30.089 119847699 30104351 581411 6831 1.0
00:08:30.289 119846715 30295076 575503 6817 1.0
00:08:30.489 119846752 31716890 572063 6785 1.0
00:08:30.689 119847467 30300443 575600 6833 1.0
00:08:31.089 119847906 30109312 581459 6815 1.0
00:08:31.289 119846787 30292828 575430 6833 1.0
00:08:31.489 119847624 31725254 571890 6782 1.0
00:08:31.689 119846800 30292860 575436 6815 1.0
00:08:32.089 119847081 30099079 581284 6834 1.0
00:08:32.289 119846506 30291051 575383 6819 1.0
00:08:32.489 119847532 31681733 572213 6781 1.0
00:08:32.689 119846721 30288351 575337 6836 1.0
00:08:33.089 119847097 30097795 581250 6835 1.0
00:08:33.289 119847497 30303729 575624 6821 1.0
00:08:33.489 119846754 31685539 571994 6789 1.0
00:08:33.689 119847365 30292175 575509 6815 1.0
00:08:34.089 119847074 30106514 581384 6827 1.0
00:08:34.289 119847437 30293819 575465 6825 1.0
00:08:34.489 119846710 31725468 571978 6791 1.0
00:08:34.689 119847530 30290202 575433 6824 1.0
00:08:35.089 119847863 30103344 581322 6839 1.0
00:08:35.289 119846671 30298648 575587 6820 1.0
00:08:35.489 119847473 31706516 572157 6796 1.0
00:08:35.689 119846740 30296415 575562 6834 1.0
00:08:36.089 119847879 30205478 578636 6813 1.0
00:08:36.289 119846631 30289334 575346 6828 1.0
00:08:36.489 119847431 31712779 572156 6785 1.0
00:08:36.889 119847831 30104383 581423 6831 1.0
00:08:37.089 119846671 30298410 575582 6834 1.0
00:08:37.289 119847443 30301772 575596 6834 1.0
00:08:37.489 119846809 31720023 572236 6786 1.0
00:08:37.889 119847101 30097773 581250 6834 1.0
00:08:38.089 119846461 30294500 575476 6827 1.0
00:08:38.289 119847457 30303505 575713 6830 1.0
00:08:38.489 119846766 31691398 572077 6801 1.0
00:08:38.889 119847065 30097022 581230 6813 1.0
00:08:39.089 119847488 30290213 575439 6822 1.0
00:08:39.289 119846673 30289336 575357 6829 1.0
00:08:39.489 119847515 31666380 572188 6793 1.0
00:08:39.889 119847079 30103417 581305 6835 1.0
00:08:40.089 119847439 30291797 575499 6836 1.0
00:08:40.289 119846668 30297317 575551 6824 1.0
00:08:40.489 119847565 31729949 571942 6788 1.0
00:08:40.889 119847852 30106184 581424 6836 1.0
00:08:41.089 119846597 30300056 575624 6833 1.0
00:08:41.289 119847394 30291030 575384 6827 1.0
00:08:41.489 119846880 31730488 571993 6785 1.0
00:08:41.889 119847883 30097966 581255 6832 1.0
00:08:42.089 119846690 30289200 575433 6815 1.0
00:08:42.289 119847377 30292354 575419 6818 1.0
00:08:42.489 119846760 31713155 572226 6790 1.0
00:08:42.889 119847155 30093897 581147 6834 1.0
00:08:43.089 119847507 30297498 575557 6825 1.0
00:08:43.289 119846588 30291783 575458 6820 1.0
00:08:43.489 119847458 31730222 571969 6780 1.0
00:08:43.889 119847018 30103738 581406 6839 1.0
00:08:44.089 119847482 30295728 575510 6835 1.0
00:08:44.289 119846706 30290689 575419 6828 1.0
00:08:44.489 119847441 31723234 572281 6791 1.0
00:08:44.889 119847889 30100126 581310 6826 1.0
00:08:45.089 119846682 30290022 575422 6828 1.0
00:08:45.289 119847548 30305092 575691 6839 1.0
00:08:45.489 119846669 31761482 571977 6786 1.0
00:08:45.889 119847914 30109778 581472 6843 1.0
00:08:46.089 119846696 30292738 575526 6812 1.0
00:08:46.289 119847573 30293469 575447 6845 1.0
00:08:46.489 119846680 31731344 571892 6785 1.0
00:08:46.889 119847013 30103309 581376 6834 1.0
00:08:47.089 119847503 30292482 575443 6812 1.0
00:08:47.289 119846741 30297745 575591 6825 1.0
00:08:47.489 119846843 31661292 572083 6786 1.0
00:08:47.889 119847174 30095847 581198 6821 1.0
00:08:48.089 119847537 30294254 575471 6828 1.0
00:08:48.289 119846767 30292240 575509 6825 1.0
00:08:48.489 119847540 31707047 571806 6788 1.0
00:08:48.889 119847971 30095446 581188 6842 1.0
00:08:49.089 119846700 30292052 575500 6830 1.0
00:08:49.289 119847498 30295152 575501 6832 1.0
00:08:49.489 119846763 31692462 572086 6785 1.0
00:08:49.889 119847797 30103023 581335 6829 1.0
00:08:50.089 119846710 30300680 575640 6827 1.0
00:08:50.289 119847546 30295106 575494 6821 1.0
00:08:50.489 119846794 31747195 571917 6776 1.0
00:08:50.889 119847070 30107983 581423 6833 1.0
00:08:51.089 119847408 30294030 575560 6810 1.0
00:08:51.289 119846669 30296265 575522 6828 1.0
00:08:51.489 119846719 31717105 572051 6789 1.0
00:08:51.889 119847228 30105964 581371 6827 1.0
00:08:52.089 119847454 30297767 575574 6837 1.0
00:08:52.289 119846725 30296456 575588 6822 1.0
00:08:52.489 119847489 31719431 571822 6796 1.0
00:08:52.889 119847918 30108829 581476 6821 1.0
00:08:53.089 119846698 30291771 575471 6827 1.0
00:08:53.289 119846678 30295855 575510 6822 1.0
00:08:53.489 119847342 31715421 571959 6785 1.0
00:08:53.889 119847899 30105359 581373 6823 1.0
00:08:54.089 119846698 30294597 575480 6826 1.0
00:08:54.289 119847541 30292189 575510 6810 1.0
00:08:54.489 119846767 31719442 572023 6798 1.0
00:08:54.889 119847057 30100269 581289 6828 1.0
00:08:55.089 119847512 30295752 575536 6831 1.0
00:08:55.289 119846690 30295831 575579 6839 1.0
00:08:55.489 119846709 31670960 571948 6784 1.0
00:08:55.889 119847056 30108894 581448 6829 1.0
00:08:56.089 119847350 30290260 575460 6833 1.0
00:08:56.289 119846674 30291705 575401 6828 1.0
00:08:56.489 119847501 31734126 572126 6787 1.0
00:08:56.889 119847778 30104623 581427 6829 1.0
00:08:57.089 119846777 30294157 575468 6821 1.0
00:08:57.289 119846803 30292626 575518 6817 1.0
00:08:57.489 119847395 31737615 571765 6789 1.0
00:08:57.889 119847863 30183439 578989 6819 1.0
00:08:58.089 119846573 30290407 575376 6831 1.0
00:08:58.289 119847546 30296469 575537 6824 1.0
00:08:58.689 119847908 30112326 581521 6821 1.0
00:08:58.889 119846676 30294641 575562 6836 1.0
00:08:59.089 119846697 30294302 575486 6831 1.0
00:08:59.289 119847470 30296018 575515 6831 1.0
00:08:59.689 119847818 30097079 581237 6829 1.0
00:08:59.889 119846599 30295634 575555 6830 1.0
00:09:00.089 119847418 30299953 575616 6828 1.0
00:09:00.289 119846690 30293095 575441 6841 1.0
00:09:00.689 119847104 30102889 581296 6835 1.0
00:09:00.889 119846680 30290637 575463 6823 1.0
00:09:01.089 119847478 30288315 575408 6812 1.0
00:09:01.289 119846735 30293143 575438 6833 1.0
00:09:01.689 119847091 30097965 581253 6832 1.0
00:09:01.889 119847512 30291315 575488 6817 1.0
00:09:02.089 119846580 30298931 575593 6838 1.0
00:09:02.289 119847527 30298028 575568 6811 1.0
00:09:02.689 119847889 30104877 581431 6832 1.0
00:09:02.889 119846677 30304586 575652 6832 1.0
00:09:03.089 119846599 30288585 575411 6820 1.0
00:09:03.289 119847384 30292644 575502 6827 1.0
00:09:03.689 119848032 30094366 581160 6828 1.0
00:09:03.889 119846765 30289547 575439 6819 1.0
00:09:04.089 119847457 30288503 575329 6823 1.0
00:09:04.289 119846780 30300449 575620 6827 1.0
00:09:04.689 119847160 30100823 581281 6832 1.0
00:09:04.889 119846789 30302864 575650 6821 1.0
00:09:05.089 119847433 30293847 575521 6822 1.0
00:09:05.289 119846664 30293090 575467 6816 1.0
00:09:05.689 119847070 30109864 581474 6840 1.0
00:09:05.889 119847435 30297580 575557 6827 1.0
00:09:06.089 119846701 30297729 575563 6822 1.0
00:09:06.289 119847520 30297806 575565 6831 1.0
00:09:06.689 119847136 30094775 581242 6838 1.0
00:09:06.889 119847441 30292966 575439 6828 1.0
00:09:07.089 119846638 30303077 575701 6837 1.0
00:09:07.289 119847419 30286276 575351 6824 1.0
00:09:07.689 119847749 30108718 581447 6822 1.0
00:09:07.889 119846730 30291674 575403 6827 1.0
00:09:08.089 119847461 30296893 575558 6814 1.0
00:09:08.289 119846823 30296949 575588 6825 1.0
00:09:08.689 119847096 30095120 581181 6827 1.0
00:09:08.889 119846703 30297617 575559 6840 1.0
00:09:09.089 119847382 30300570 575635 6820 1.0
00:09:09.289 119846726 30288633 575406 6838 1.0
00:09:09.689 119847066 30096547 581217 6834 1.0
00:09:09.889 119847429 30304471 575740 6845 1.0
00:09:10.089 119846738 30292876 575433 6827 1.0
00:09:10.289 119847369 30289173 575428 6835 1.0
00:09:10.689 119847040 30094403 581162 6817 1.0
00:09:10.889 119847568 30292225 575417 6826 1.0
00:09:11.089 119846747 30288373 575457 6834 1.0
00:09:11.289 119847553 30303062 575701 6839 1.0
00:09:11.689 119847868 30100197 581297 6838 1.0
00:09:11.889 119846650 30298011 575572 6838 1.0
00:09:12.089 119847512 30298751 575588 6825 1.0
00:09:12.289 119846566 30297252 575549 6836 1.0
00:09:12.689 119847894 30106819 581392 6822 1.0
00:09:12.889 119846610 30292785 575469 6848 1.0
00:09:13.089 119847413 30292283 575478 6812 1.0
00:09:13.289 119846873 30291224 575435 6835 1.0
00:09:13.689 119847127 30104661 581404 6820 1.0
00:09:13.889 119847454 30302596 575622 6832 1.0
00:09:14.089 119846721 30302310 575685 6826 1.0
00:09:14.289 119847452 30294233 575469 6826 1.0
00:09:14.689 119847034 30102983 581386 6839 1.0
00:09:14.889 119847451 30307116 575715 6842 1.0
00:09:15.089 119846570 30290249 575463 6829 1.0
00:09:15.289 119847433 30298656 575583 6820 1.0
00:09:15.689 119847745 30101703 581298 6829 1.0
00:09:15.889 119846707 30291669 575495 6846 1.0
00:09:16.089 119847486 30292021 575415 6836 1.0
00:09:16.289 119846593 30300957 575646 6826 1.0
00:09:16.689 119847773 30103916 581317 6844 1.0
00:09:16.889 119846715 30297366 575564 6823 1.0
00:09:17.089 119847395 30294145 575550 6826 1.0
00:09:17.289 119846739 30291444 575398 6838 1.0
00:09:17.689 119847089 30107298 581407 6840 1.0
00:09:17.889 119847447 30294114 575561 6827 1.0
00:09:18.089 119846708 30296312 575527 6832 1.0
00:09:18.289 119846767 30298285 575575 6827 1.0
00:09:18.689 119847106 30098294 581262 6839 1.0
00:09:18.889 119847465 30293125 575535 6823 1.0
00:09:19.089 119846723 30303684 575625 6834 1.0
00:09:19.289 119847344 30291547 575494 6827 1.0
00:09:19.689 119847731 30112314 581507 6837 1.0
00:09:19.889 119846721 30294091 575515 6847 1.0
00:09:20.089 119846734 30292917 575438 6840 1.0
00:09:20.289 119847420 30289616 575440 6823 1.0
00:09:20.689 119847876 30201463 578498 6813 1.0
00:09:20.889 119846762 30288497 575413 6817 1.0
00:09:21.089 119847534 30297833 575568 6831 1.0
00:09:21.489 119847833 30158710 581306 6833 1.0
00:09:21.689 119846691 31635791 572234 6790 1.0
00:09:21.889 119847474 30302484 575688 6839 1.0
00:09:22.089 119846688 30294609 575479 6838 1.0
00:09:22.489 119847843 30105024 581378 6823 1.0
00:09:22.689 119846798 31671620 572039 6798 1.0
00:09:22.889 119847444 30291222 575485 6812 1.0
00:09:23.089 119846795 30291831 575407 6832 1.0
00:09:23.489 119847142 30110437 581488 6824 1.0
00:09:23.689 119847486 31716812 572047 6788 1.0
00:09:23.889 119846878 30299187 575604 6835 1.0
00:09:24.089 119846783 30290610 575450 6835 1.0
00:09:24.489 119847090 30099385 581293 6822 1.0
00:09:24.689 119847561 31753164 572009 6774 1.0
00:09:24.889 119846699 30290390 575464 6824 1.0
00:09:25.089 119847423 30293186 575445 6826 1.0
00:09:25.489 119848012 30106760 581469 6827 1.0
00:09:25.689 119846666 31725215 571816 6778 1.0
00:09:25.889 119846739 30294711 575492 6833 1.0
00:09:26.089 119847465 30301292 575649 6847 1.0
00:09:26.489 119847743 30104916 581438 6840 1.0
00:09:26.689 119846779 31764742 572069 6789 1.0
00:09:26.889 119847493 30294328 575516 6839 1.0
00:09:27.089 119846632 30296547 575583 6830 1.0
00:09:27.489 119847142 30107728 581459 6850 1.0
00:09:27.689 119847442 31689840 572086 6789 1.0
00:09:27.889 119846785 30295199 575495 6821 1.0
00:09:28.089 119846828 30302332 575685 6821 1.0
00:09:28.489 119847179 30098793 581277 6806 1.0
00:09:28.689 119847474 31656897 572101 6787 1.0
00:09:28.889 119846676 30300060 575615 6818 1.0
00:09:29.089 119847546 30292229 575511 6819 1.0
00:09:29.489 119847887 30098889 581278 6844 1.0
00:09:29.689 119846819 31711992 572034 6803 1.0
00:09:29.889 119846620 30299417 575609 6821 1.0
00:09:30.089 119847557 30288575 575344 6825 1.0
00:09:30.489 119847749 30106997 581399 6826 1.0
00:09:30.689 119846737 31710932 572030 6790 1.0
00:09:30.889 119847466 30290948 575385 6833 1.0
00:09:31.089 119846647 30300858 575644 6824 1.0
00:09:31.489 119847162 30102617 581377 6823 1.0
00:09:31.689 119846799 31746195 572070 6784 1.0
00:09:31.889 119847406 30294958 575490 6837 1.0
00:09:32.089 119846720 30294191 575469 6815 1.0
00:09:32.489 119847031 30115151 581537 6832 1.0
00:09:32.689 119847429 31733201 571971 6783 1.0
00:09:32.889 119846659 30297218 575553 6835 1.0
00:09:33.089 119847474 30296914 575583 6822 1.0
00:09:33.489 119847996 30095066 581178 6831 1.0
00:09:33.689 119846706 31676919 571920 6791 1.0
00:09:33.889 119846674 30299250 575605 6836 1.0
00:09:34.089 119847396 30292315 575488 6821 1.0
00:09:34.489 119847926 30108639 581443 6836 1.0
00:09:34.689 119846626 31677619 572096 6787 1.0
00:09:34.889 119847376 30290403 575436 6819 1.0
00:09:35.089 119846783 30287718 575330 6814 1.0
00:09:35.489 119847130 30103493 581377 6836 1.0
00:09:35.689 119846805 31677428 572180 6786 1.0
00:09:35.889 119847525 30307204 575718 6842 1.0
00:09:36.089 119846607 30296963 575542 6833 1.0
00:09:36.489 119847169 30099029 581282 6838 1.0
00:09:36.689 119847566 31663763 572176 6783 1.0
00:09:36.889 119846741 30293686 575552 6822 1.0
00:09:37.089 119847649 30293676 575456 6827 1.0
00:09:37.489 119847158 30098773 581274 6841 1.0
00:09:37.689 119847519 31705633 571981 6798 1.0
00:09:37.889 119846778 30289243 575372 6844 1.0
00:09:38.089 119847422 30297668 575583 6820 1.0
00:09:38.489 119847829 30096249 581208 6830 1.0
00:09:38.689 119846819 31709347 572141 6796 1.0
00:09:38.889 119847481 30297598 575583 6835 1.0
00:09:39.089 119846726 30296199 575584 6824 1.0
00:09:39.489 119847980 30112573 581544 6846 1.0
00:09:39.689 119846831 31739277 571875 6793 1.0
00:09:39.889 119847369 30289232 575433 6822 1.0
00:09:40.089 119846800 30300528 575637 6833 1.0
00:09:40.489 119847056 30102450 581278 6841 1.0
00:09:40.689 119847578 31734271 571953 6788 1.0
00:09:40.889 119846637 30299593 575614 6839 1.0
00:09:41.089 119847519 30296077 575548 6824 1.0
00:09:41.489 119846958 30108850 581446 6827 1.0
00:09:41.689 119847592 31677859 572236 6792 1.0
00:09:41.889 119846747 30291883 575504 6831 1.0
00:09:42.089 119847643 30294390 575475 6821 1.0
00:09:42.489 119847952 30171236 579286 6824 1.0
00:09:42.689 119846659 31715960 571927 6783 1.0
00:09:42.889 119847361 30301844 575634 6835 1.0
00:09:43.089 119846703 30293074 575477 6846 1.0
00:09:43.489 119847988 30279112 575457 6787 1.0
00:09:43.689 119846835 31714793 572188 6792 1.0
00:09:43.889 119847463 30297280 575583 6835 1.0
00:09:44.289 119847828 30113807 581577 6826 1.0
00:09:44.489 119846784 30299377 575606 6829 1.0
00:09:44.689 119847534 31693588 572002 6797 1.0
00:09:44.889 119846710 30295299 575574 6836 1.0
00:09:45.289 119847730 30102738 581335 6825 1.0
00:09:45.489 119846721 30297985 575588 6835 1.0
00:09:45.689 119847449 31747716 572008 6797 1.0
00:09:45.889 119846812 30297535 575559 6834 1.0
00:09:46.289 119847155 30102323 581276 6823 1.0
00:09:46.489 119847550 30296033 575568 6822 1.0
00:09:46.689 119846687 31721580 571867 6784 1.0
00:09:46.889 119847200 30297697 575561 6828 1.0
00:09:47.289 119847164 30114287 581588 6833 1.0
00:09:47.489 119847481 30295589 575507 6834 1.0
00:09:47.689 119846696 31704490 572045 6806 1.0
00:09:47.889 119847488 30295688 575508 6835 1.0
00:09:48.289 119847942 30101394 581290 6826 1.0
00:09:48.489 119846620 30293772 575535 6830 1.0
00:09:48.689 119847494 31670459 572295 6787 1.0
00:09:48.889 119846680 30299553 575612 6829 1.0
00:09:49.289 119847830 30109236 581457 6834 1.0
00:09:49.489 119846565 30293862 575463 6825 1.0
00:09:49.689 119847482 31652948 572134 6796 1.0
00:09:49.889 119846664 30291644 575402 6831 1.0
00:09:50.289 119847202 30104194 581378 6837 1.0
00:09:50.489 119847487 30291253 575432 6831 1.0
00:09:50.689 119846767 31713876 572129 6794 1.0
00:09:50.889 119846677 30292805 575526 6833 1.0
00:09:51.289 119847077 30101388 581345 6836 1.0
00:09:51.489 119847440 30307221 575719 6840 1.0
00:09:51.689 119846783 31657079 572137 6782 1.0
00:09:51.889 119847441 30295265 575570 6847 1.0
00:09:52.289 119847877 30101724 581264 6834 1.0
00:09:52.489 119846615 30292505 575520 6827 1.0
00:09:52.689 119847406 31672122 572014 6791 1.0
00:09:52.889 119846757 30301364 575588 6834 1.0
00:09:53.289 119847812 30106624 581389 6843 1.0
00:09:53.489 119846738 30297351 575571 6831 1.0
00:09:53.689 119847543 31732769 571787 6791 1.0
00:09:53.889 119846724 30299186 575603 6830 1.0
00:09:54.289 119847122 30105576 581362 6840 1.0
00:09:54.489 119847496 30295925 575579 6828 1.0
00:09:54.689 119846794 31742681 571841 6799 1.0
00:09:54.889 119846710 30298871 575595 6813 1.0
00:09:55.289 119847136 30099231 581286 6810 1.0
00:09:55.489 119847292 30298964 575598 6824 1.0
00:09:55.689 119846790 31748643 571931 6782 1.0
00:09:55.889 119847395 30293450 575547 6828 1.0
00:09:56.289 119847863 30104305 581419 6839 1.0
00:09:56.489 119846645 30294477 575478 6837 1.0
00:09:56.689 119846822 31756649 572013 6785 1.0
00:09:56.889 119847338 30294139 575468 6828 1.0
00:09:57.289 119847875 30102411 581276 6821 1.0
00:09:57.489 119846689 30296571 575550 6832 1.0
00:09:57.689 119847407 31729906 572011 6787 1.0
00:09:57.889 119846572 30298277 575579 6828 1.0
00:09:58.289 119847189 30101036 581324 6834 1.0
00:09:58.489 119846725 30297438 575567 6812 1.0
00:09:58.689 119847513 31670803 572231 6788 1.0
00:09:58.889 119846763 30296072 575521 6820 1.0
00:09:59.289 119847078 30102930 581384 6832 1.0
00:09:59.489 119847454 30297431 575558 6825 1.0
00:09:59.689 119846661 31746395 571963 6785 1.0
00:09:59.889 119847506 30298180 575575 6836 1.0
00:10:00.289 119847864 30105993 581371 6833 1.0
00:10:00.489 119846748 30304452 575728 6826 1.0
00:10:00.689 119846638 31666044 571978 6779 1.0
00:10:00.889 119847482 30294054 575556 6827 1.0
00:10:01.289 119847737 30110505 581489 6829 1.0
00:10:01.489 119846606 30294011 575466 6833 1.0
00:10:01.689 119847554 31678523 572227 6800 1.0
00:10:01.889 119846696 30298534 575583 6830 1.0
00:10:02.289 119847128 30101822 581355 6828 1.0
00:10:02.489 119846662 30293874 575463 6819 1.0
00:10:02.689 119847458 31702861 572101 6794 1.0
00:10:02.889 119846718 30300104 575588 6830 1.0
00:10:03.289 119847130 30106527 581386 6833 1.0
00:10:03.489 119847452 30289052 575429 6824 1.0
00:10:03.689 119846632 31725599 571899 6800 1.0
00:10:03.889 119847394 30293766 575461 6824 1.0
00:10:04.289 119847073 30098016 581223 6841 1.0
00:10:04.489 119847418 30295843 575514 6810 1.0
00:10:04.689 119846776 31729894 571924 6807 1.0
00:10:04.889 119847466 30302019 575677 6829 1.0
00:10:05.289 119847900 30197420 578425 6816 1.0
00:10:05.489 119846698 30297720 575562 6825 1.0
00:10:05.689 119847497 31688620 572137 6797 1.0
00:10:06.089 119847851 30101340 581299 6837 1.0
00:10:06.289 119846873 30299485 575588 6822 1.0
00:10:06.489 119846740 30291848 575469 6818 1.0
00:10:06.689 119847459 31662338 572092 6780 1.0
00:10:07.089 119847892 30100600 581294 6813 1.0
00:10:07.289 119846712 30297755 575561 6826 1.0
00:10:07.489 119847444 30297197 575553 6823 1.0
00:10:07.689 119846780 31754491 571978 6782 1.0
00:10:08.089 119847125 30101192 581301 6831 1.0
00:10:08.289 119846756 30299087 575589 6830 1.0
00:10:08.489 119847401 30291344 575441 6826 1.0
00:10:08.689 119846731 31751403 571929 6787 1.0
00:10:09.089 119847163 30105001 581366 6831 1.0
00:10:09.289 119847465 30290431 575459 6827 1.0
00:10:09.489 119846628 30292012 575416 6815 1.0
00:10:09.689 119847452 31693305 572171 6797 1.0
00:10:10.089 119847137 30099693 581301 6820 1.0
00:10:10.289 119847583 30295908 575514 6822 1.0
00:10:10.489 119846752 30304681 575705 6840 1.0
00:10:10.689 119847534 31746902 571932 6794 1.0
00:10:11.089 119847777 30107837 581421 6839 1.0
00:10:11.289 119846815 30292046 575505 6824 1.0
00:10:11.489 119847488 30291587 575400 6827 1.0
00:10:11.689 119846735 31711360 572026 6778 1.0
00:10:12.089 119847166 30101212 581337 6838 1.0
00:10:12.289 119846646 30295736 575509 6815 1.0
00:10:12.489 119847451 30300229 575639 6817 1.0
00:10:12.689 119846927 31747086 571985 6787 1.0
00:10:13.089 119846998 30104381 581422 6830 1.0
00:10:13.289 119847433 30303737 575626 6841 1.0
00:10:13.489 119846716 30295708 575562 6823 1.0
00:10:13.689 119847558 31739012 572012 6789 1.0
00:10:14.089 119847068 30102762 581381 6826 1.0
00:10:14.289 119847352 30292570 575426 6826 1.0
00:10:14.489 119846749 30290868 575477 6824 1.0
00:10:14.689 119847571 31679794 572211 6801 1.0
00:10:15.089 119847925 30104858 581434 6845 1.0
00:10:15.289 119846744 30296856 575537 6830 1.0
00:10:15.489 119847479 30296307 575528 6824 1.0
00:10:15.689 119846846 31695251 572033 6796 1.0
00:10:16.089 119847884 30108093 581428 6843 1.0
00:10:16.289 119846691 30297162 575582 6838 1.0
00:10:16.489 119847467 30290030 575416 6828 1.0
00:10:16.689 119846808 31766934 572085 6792 1.0
00:10:17.089 119847126 30102851 581326 6832 1.0
00:10:17.289 119847501 30292883 575499 6804 1.0
00:10:17.489 119846674 30302658 575652 6816 1.0
00:10:17.689 119847369 31739596 571913 6785 1.0
00:10:18.089 119847052 30107405 581408 6831 1.0
00:10:18.289 119847508 30293433 575450 6800 1.0
00:10:18.489 119846764 30295988 575582 6819 1.0
00:10:18.689 119847474 31726691 571973 6779 1.0
00:10:19.089 119847846 30103156 581391 6829 1.0
00:10:19.289 119846753 30295099 575493 6823 1.0
00:10:19.489 119847559 30299509 575611 6838 1.0
00:10:19.689 119846841 31671948 572070 6787 1.0
00:10:20.089 119847841 30106312 581472 6825 1.0
00:10:20.289 119846778 30303265 575611 6829 1.0
00:10:20.489 119847496 30292902 575535 6815 1.0
00:10:20.689 119846764 31672243 572133 6795 1.0
00:10:21.089 119847146 30104505 581333 6827 1.0
00:10:21.289 119847550 30297436 575553 6819 1.0
00:10:21.489 119846819 30291374 575489 6816 1.0
00:10:21.689 119846849 31755485 572046 6780 1.0
00:10:22.089 119847134 30104845 581341 6840 1.0
00:10:22.289 119847434 30296101 575518 6829 1.0
00:10:22.489 119846595 30295028 575560 6826 1.0
00:10:22.689 119847517 31718817 571923 6799 1.0
00:10:23.089 119847853 30108868 581453 6831 1.0
00:10:23.289 119846674 30293375 575535 6829 1.0
00:10:23.489 119846725 30294481 575476 6834 1.0
00:10:23.689 119847536 31714681 571974 6782 1.0
00:10:24.089 119847940 30100258 581314 6839 1.0
00:10:24.289 119846734 30294408 575473 6832 1.0
00:10:24.489 119847323 30298197 575577 6835 1.0
00:10:24.689 119846713 31713377 571941 6781 1.0
00:10:25.089 119847131 30105056 581435 6818 1.0
00:10:25.289 119847481 30309515 575784 6823 1.0
00:10:25.489 119846671 30292825 575436 6812 1.0
00:10:25.689 119846757 31711855 571929 6797 1.0
00:10:26.089 119847062 30102373 581340 6835 1.0
00:10:26.289 119847540 30300228 575629 6828 1.0
00:10:26.489 119846829 30297123 575546 6829 1.0
00:10:26.689 119847550 31698495 572129 6808 1.0
00:10:27.089 119847899 30153750 579453 6814 1.0
00:10:27.289 119846708 30300481 575634 6830 1.0
00:10:27.489 119846629 30295085 575494 6840 1.0
00:10:27.689 119847586 31661837 572173 6795 1.0
00:10:28.089 119847999 30276738 575940 6804 1.0
00:10:28.289 119846687 30295284 575573 6811 1.0
00:10:28.489 119847538 30296523 575533 6829 1.0
00:10:28.889 119847921 30099934 581306 6828 1.0
00:10:29.089 119846875 30296696 575536 6824 1.0
00:10:29.289 119846684 30290273 575460 6820 1.0
00:10:29.489 119847444 30300300 575607 6831 1.0
00:10:29.889 119847813 30104116 581417 6835 1.0
00:10:30.089 119846763 30303794 575630 6836 1.0
00:10:30.289 119847462 30290951 575476 6831 1.0
00:10:30.489 119846789 30301468 575663 6832 1.0
00:10:30.889 119847014 30104580 581371 6837 1.0
00:10:31.089 119847530 30294142 575470 6819 1.0
00:10:31.289 119846631 30294752 575573 6825 1.0
00:10:31.489 119846800 30302214 575594 6819 1.0
00:10:31.889 119847070 30101274 581321 6843 1.0
00:10:32.089 119847548 30295457 575524 6822 1.0
00:10:32.289 119846727 30293745 575455 6830 1.0
00:10:32.489 119847369 30295759 575517 6818 1.0
00:10:32.889 119847959 30101103 581336 6820 1.0
00:10:33.089 119846643 30290851 575384 6839 1.0
00:10:33.289 119846761 30291311 575486 6816 1.0
00:10:33.489 119847512 30296556 575532 6822 1.0
00:10:33.889 119847833 30098988 581280 6842 1.0
00:10:34.089 119846710 30298736 575591 6835 1.0
00:10:34.289 119847477 30300587 575638 6830 1.0
00:10:34.489 119846769 30301621 575667 6818 1.0
00:10:34.889 119847056 30106158 581377 6840 1.0
00:10:35.089 119846753 30295922 575517 6822 1.0
00:10:35.289 119847368 30293112 575534 6824 1.0
00:10:35.489 119846788 30293479 575452 6822 1.0
00:10:35.889 119847047 30100254 581263 6829 1.0
00:10:36.089 119847502 30296519 575562 6828 1.0
00:10:36.289 119846596 30288817 575392 6833 1.0
00:10:36.489 119847540 30304925 575752 6818 1.0
00:10:36.889 119847422 30104340 581396 6814 1.0
00:10:37.089 119847439 30298778 575588 6835 1.0
00:10:37.289 119846700 30297326 575581 6817 1.0
00:10:37.489 119847418 30293463 575450 6822 1.0
00:10:37.889 119847794 30110763 581497 6833 1.0
00:10:38.089 119846501 30288612 575419 6824 1.0
00:10:38.289 119847455 30295224 575494 6827 1.0
00:10:38.489 119846705 30297879 575568 6821 1.0
00:10:38.889 119847195 30100019 581242 6824 1.0
00:10:39.089 119846789 30295811 575584 6832 1.0
00:10:39.289 119847471 30298266 575576 6819 1.0
00:10:39.489 119846655 30293641 575456 6831 1.0
00:10:39.889 119847087 30103926 581318 6831 1.0
00:10:40.089 119847498 30300412 575636 6829 1.0
00:10:40.289 119846770 30294816 575525 6832 1.0
00:10:40.489 119847589 30294276 575527 6828 1.0
00:10:40.889 119847025 30101774 581353 6823 1.0
00:10:41.089 119847512 30297329 575555 6839 1.0
00:10:41.289 119846587 30293463 575449 6829 1.0
00:10:41.489 119847283 30301262 575656 6831 1.0
00:10:41.889 119847836 30105948 581464 6822 1.0
00:10:42.089 119846724 30300909 575595 6837 1.0
00:10:42.289 119847489 30293699 575508 6815 1.0
00:10:42.489 119846712 30294550 575480 6814 1.0
00:10:42.889 119847786 30110083 581478 6836 1.0
00:10:43.089 119846672 30295477 575507 6826 1.0
00:10:43.289 119847421 30292479 575436 6811 1.0
00:10:43.489 119846649 30303968 575713 6836 1.0
00:10:43.889 119847091 30107408 581408 6825 1.0
00:10:44.089 119847441 30293499 575488 6826 1.0
00:10:44.289 119846650 30300184 575592 6835 1.0
00:10:44.489 119847412 30291563 575494 6830 1.0
00:10:44.889 119846941 30105900 581384 6831 1.0
00:10:45.089 119847477 30290097 575441 6832 1.0
00:10:45.289 119846692 30294792 575490 6828 1.0
00:10:45.489 119847507 30292855 575528 6824 1.0
00:10:45.889 119847993 30108337 581495 6835 1.0
00:10:46.089 119846687 30298361 575581 6819 1.0
00:10:46.289 119847472 30301166 575590 6834 1.0
00:10:46.489 119846792 30295457 575566 6824 1.0
00:10:46.889 119847773 30101607 581284 6834 1.0
00:10:47.089 119846838 30297429 575556 6832 1.0
00:10:47.289 119847402 30301946 575672 6825 1.0
00:10:47.489 119846584 30295937 575517 6835 1.0
00:10:47.890 119847082 30100221 581309 6841 1.0
00:10:48.090 119847490 30296884 575547 6818 1.0
00:10:48.290 119846671 30286222 575352 6820 1.0
00:10:48.490 119846682 30304382 575646 6833 1.0
00:10:48.890 119847105 30101378 581312 6849 1.0
00:10:49.090 119847392 30298668 575589 6840 1.0
00:10:49.290 119846724 30290878 575403 6823 1.0
00:10:49.490 119847565 30292024 575487 6822 1.0
00:10:49.890 119847822 30208585 578627 6829 1.0
00:10:50.090 119846710 30294215 575518 6839 1.0
00:10:50.290 119847369 30299332 575604 6841 1.0
00:10:50.690 119847127 30410369 580620 6791 1.0
00:10:50.890 119847470 31374402 572790 6785 1.0
00:10:51.090 119846749 30293978 575536 6818 1.0
00:10:51.290 119847434 30295871 575535 6812 1.0
00:10:51.690 119847875 30103349 581395 6836 1.0
00:10:51.890 119846738 31702687 571996 6782 1.0
00:10:52.090 119847497 30292848 575518 6837 1.0
00:10:52.290 119846769 30295608 575506 6834 1.0
00:10:52.690 119847827 30107535 581412 6839 1.0
00:10:52.890 119846804 31701505 571987 6796 1.0
00:10:53.090 119847440 30294423 575479 6835 1.0
00:10:53.290 119846612 30301175 575651 6821 1.0
00:10:53.690 119846988 30102199 581364 6831 1.0
00:10:53.890 119847477 31662949 572202 6781 1.0
00:10:54.090 119846583 30301825 575617 6824 1.0
00:10:54.290 119846841 30297263 575588 6826 1.0
00:10:54.690 119847088 30102445 581372 6841 1.0
00:10:54.890 119847391 31677248 572077 6787 1.0
00:10:55.090 119846783 30287552 575392 6837 1.0
00:10:55.290 119847552 30298089 575570 6828 1.0
00:10:55.690 119847956 30096923 581227 6826 1.0
00:10:55.890 119846852 31736048 572079 6778 1.0
00:10:56.090 119847484 30297662 575561 6827 1.0
00:10:56.290 119846759 30286863 575369 6840 1.0
00:10:56.690 119847774 30098683 581275 6830 1.0
00:10:56.890 119846768 31668360 572322 6808 1.0
00:10:57.090 119847391 30296386 575531 6825 1.0
00:10:57.290 119846778 30286437 575356 6826 1.0
00:10:57.690 119846985 30108215 581429 6829 1.0
00:10:57.890 119847561 31715583 572007 6783 1.0
00:10:58.090 119846803 30294844 575489 6833 1.0
00:10:58.290 119846763 30309481 575820 6838 1.0
00:10:58.690 119846949 30103943 581326 6844 1.0
00:10:58.890 119847715 31711966 572111 6789 1.0
00:10:59.090 119846658 30299543 575612 6829 1.0
00:10:59.290 119847558 30295556 575503 6823 1.0
00:10:59.690 119847897 30105690 581421 6837 1.0
00:10:59.890 119846701 31678074 572052 6780 1.0
00:11:00.090 119846716 30293019 575487 6839 1.0
00:11:00.290 119847585 30293716 575455 6836 1.0
00:11:00.690 119847920 30097386 581239 6840 1.0
00:11:00.890 119846701 31749058 571801 6786 1.0
00:11:01.090 119847582 30290901 575476 6818 1.0
00:11:01.290 119846714 30295861 575512 6829 1.0
00:11:01.690 119847067 30103492 581315 6829 1.0
00:11:01.890 119846630 31726903 572238 6792 1.0
00:11:02.090 119847531 30294842 575508 6834 1.0
00:11:02.290 119846823 30295183 575568 6829 1.0
00:11:02.690 119847109 30094933 581195 6823 1.0
00:11:02.890 119847611 31664898 572273 6798 1.0
00:11:03.090 119846589 30292987 575439 6838 1.0
00:11:03.290 119847520 30302139 575676 6810 1.0
00:11:03.690 119847824 30102334 581369 6829 1.0
00:11:03.890 119846743 31694159 572169 6785 1.0
00:11:04.090 119846715 30295175 575495 6823 1.0
00:11:04.290 119847402 30292674 575521 6832 1.0
00:11:04.690 119847900 30105245 581388 6840 1.0
00:11:04.890 119846859 31665757 571998 6785 1.0
00:11:05.090 119847502 30292444 575426 6827 1.0
00:11:05.290 119846756 30300053 575621 6842 1.0
00:11:05.690 119847014 30100741 581327 6830 1.0
00:11:05.890 119846789 31699357 572047 6795 1.0
00:11:06.090 119847378 30302576 575681 6833 1.0
00:11:06.290 119846733 30297554 575566 6827 1.0
00:11:06.690 119847088 30109802 581472 6837 1.0
00:11:06.890 119847403 31730729 571963 6781 1.0
00:11:07.090 119846518 30296565 575534 6834 1.0
00:11:07.290 119847400 30294966 575487 6834 1.0
00:11:07.690 119846979 30098497 581268 6830 1.0
00:11:07.890 119847682 31650943 572097 6803 1.0
00:11:08.090 119846751 30300217 575588 6834 1.0
00:11:08.290 119847506 30297594 575583 6831 1.0
00:11:08.690 119847800 30100781 581328 6840 1.0
00:11:08.890 119846793 31728037 572015 6791 1.0
00:11:09.090 119847474 30292636 575537 6825 1.0
00:11:09.290 119846688 30295312 575496 6850 1.0
00:11:09.690 119847114 30099731 581300 6844 1.0
00:11:09.890 119846799 31732212 571898 6786 1.0
00:11:10.090 119847311 30293259 575464 6819 1.0
00:11:10.290 119846638 30298279 575588 6837 1.0
00:11:10.690 119847050 30100828 581329 6827 1.0
00:11:10.890 119847484 31746085 572103 6789 1.0
00:11:11.090 119846842 30292053 575510 6845 1.0
00:11:11.290 119847445 30295296 575497 6830 1.0
00:11:11.690 119847197 30155154 579996 6835 1.0
00:11:11.890 119847465 31704156 572055 6780 1.0
00:11:12.090 119846786 30294091 575506 6819 1.0
00:11:12.290 119847456 30301904 575635 6822 1.0
00:11:12.690 119848118 30268168 576309 6791 1.0
00:11:12.890 119846833 31711088 572083 6781 1.0
00:11:13.090 119847457 30298310 575583 6822 1.0
00:11:13.490 119847156 30101113 581307 6835 1.0
00:11:13.690 119847382 30295712 575541 6803 1.0
00:11:13.890 119846592 31737177 572020 6798 1.0
00:11:14.090 119847508 30290604 575383 6818 1.0
00:11:14.490 119847723 30116483 581556 6823 1.0
00:11:14.690 119846649 30296278 575527 6827 1.0
00:11:14.890 119847545 31667572 572090 6773 1.0
00:11:15.090 119846574 30297084 575546 6837 1.0
00:11:15.490 119847211 30109046 581452 6840 1.0
00:11:15.690 119846641 30294154 575469 6827 1.0
00:11:15.890 119847553 31750143 572088 6797 1.0
00:11:16.090 119846743 30293122 575446 6832 1.0
00:11:16.490 119847128 30099471 581242 6816 1.0
00:11:16.690 119847578 30300164 575618 6827 1.0
00:11:16.890 119846761 31675189 572201 6793 1.0
00:11:17.090 119847435 30297803 575583 6827 1.0
00:11:17.490 119846976 30101944 581321 6826 1.0
00:11:17.690 119847548 30296740 575576 6821 1.0
00:11:17.890 119846735 31746445 571931 6805 1.0
00:11:18.090 119847463 30301754 575637 6838 1.0
00:11:18.490 119847816 30103085 581385 6832 1.0
00:11:18.690 119846731 30300577 575650 6822 1.0
00:11:18.890 119847469 31668138 572151 6779 1.0
00:11:19.090 119846696 30293198 575458 6830 1.0
00:11:19.490 119847913 30100628 581323 6823 1.0
00:11:19.690 119846692 30294511 575490 6811 1.0
00:11:19.890 119847588 31742898 572007 6794 1.0
00:11:20.090 119846694 30297615 575562 6831 1.0
00:11:20.490 119847024 30104574 581362 6826 1.0
00:11:20.690 119847571 30294981 575490 6817 1.0
00:11:20.890 119846686 31732752 571883 6783 1.0
00:11:21.090 119846859 30286143 575353 6827 1.0
00:11:21.490 119847076 30110644 581494 6822 1.0
00:11:21.690 119847533 30293717 575479 6820 1.0
00:11:21.890 119846909 31745152 571890 6772 1.0
00:11:22.090 119847489 30291365 575413 6826 1.0
00:11:22.490 119847889 30099203 581286 6834 1.0
00:11:22.690 119846740 30292610 575484 6833 1.0
00:11:22.890 119847456 31690077 572256 6783 1.0
00:11:23.090 119846555 30295290 575563 6822 1.0
00:11:23.490 119847871 30101862 581265 6824 1.0
00:11:23.690 119846645 30300257 575629 6828 1.0
00:11:23.890 119847524 31720386 571922 6779 1.0
00:11:24.090 119846720 30292650 575486 6831 1.0
00:11:24.490 119847106 30099836 581303 6825 1.0
00:11:24.690 119847529 30292216 575419 6826 1.0
00:11:24.890 119846748 31736479 571890 6778 1.0
00:11:25.090 119846707 30297562 575588 6837 1.0
00:11:25.490 119847119 30107437 581407 6836 1.0
00:11:25.690 119847557 30295601 575584 6831 1.0
00:11:25.890 119846752 31733623 571896 6793 1.0
00:11:26.090 119847491 30288525 575407 6822 1.0
00:11:26.490 119847886 30107226 581405 6830 1.0
00:11:26.690 119846714 30294376 575474 6834 1.0
00:11:26.890 119846620 31691203 572080 6796 1.0
00:11:27.090 119847548 30298748 575591 6829 1.0
00:11:27.490 119847821 30099668 581253 6833 1.0
00:11:27.690 119846694 30293112 575489 6825 1.0
00:11:27.890 119847575 31698872 572049 6767 1.0
00:11:28.090 119846663 30291190 575392 6836 1.0
00:11:28.490 119847063 30108964 581451 6827 1.0
00:11:28.690 119847619 30297092 575547 6827 1.0
00:11:28.890 119846668 31690318 572057 6789 1.0
00:11:29.090 119846708 30289247 575352 6821 1.0
00:11:29.490 119847105 30101036 581304 6838 1.0
00:11:29.690 119847619 30296796 575543 6813 1.0
00:11:29.890 119846731 31753820 571957 6798 1.0
00:11:30.090 119847435 30291476 575422 6833 1.0
00:11:30.490 119847790 30098625 581271 6827 1.0
00:11:30.690 119846662 30301659 575668 6826 1.0
00:11:30.890 119846617 31737721 571912 6784 1.0
00:11:31.090 119847470 30294555 575480 6835 1.0
00:11:31.490 119847892 30101638 581351 6834 1.0
00:11:31.690 119846696 30296572 575534 6809 1.0
00:11:31.890 119847547 31661240 572121 6787 1.0
00:11:32.090 119846667 30300070 575626 6827 1.0
00:11:32.490 119847165 30097335 581237 6831 1.0
00:11:32.690 119846669 30295317 575500 6829 1.0
00:11:32.890 119847486 31702979 572158 6801 1.0
00:11:33.090 119846704 30297045 575588 6824 1.0
00:11:33.490 119847108 30110679 581461 6838 1.0
00:11:33.690 119847493 30286513 575364 6803 1.0
00:11:33.890 119846689 31717567 572047 6790 1.0
00:11:34.090 119847455 30294186 575474 6840 1.0
00:11:34.490 119847882 30196194 578395 6835 1.0
00:11:34.690 119846677 30295487 575506 6835 1.0
00:11:34.890 119846841 31713570 572166 6786 1.0
00:11:35.290 119847116 30099820 581271 6837 1.0
00:11:35.490 119847446 30288331 575347 6835 1.0
00:11:35.690 119846654 30302972 575702 6833 1.0
00:11:35.890 119847489 31752424 571837 6784 1.0
00:11:36.290 119847783 30105569 581362 6828 1.0
00:11:36.490 119846666 30292653 575521 6824 1.0
00:11:36.690 119846693 30291593 575403 6828 1.0
00:11:36.890 119847568 31735608 571959 6790 1.0
00:11:37.290 119847789 30100296 581290 6835 1.0
00:11:37.490 119846635 30296821 575541 6840 1.0
00:11:37.690 119847509 30299639 575612 6825 1.0
00:11:37.890 119846706 31666120 572110 6791 1.0
00:11:38.290 119847155 30100526 581321 6838 1.0
00:11:38.490 119846778 30309006 575767 6845 1.0
00:11:38.690 119847503 30291217 575430 6818 1.0
00:11:38.890 119846806 31691398 572171 6801 1.0
00:11:39.290 119847160 30095155 581181 6819 1.0
00:11:39.490 119847449 30293035 575440 6828 1.0
00:11:39.690 119846657 30295380 575584 6824 1.0
00:11:39.890 119847502 31735200 571973 6797 1.0
00:11:40.290 119847082 30101332 581260 6834 1.0
00:11:40.490 119847423 30304909 575742 6825 1.0
00:11:40.690 119846662 30292446 575429 6815 1.0
00:11:40.890 119847481 31734533 571973 6795 1.0
00:11:41.290 119847827 30102304 581317 6819 1.0
00:11:41.490 119846657 30296305 575578 6818 1.0
00:11:41.690 119847514 30297090 575546 6824 1.0
00:11:41.890 119846888 31727296 572062 6786 1.0
00:11:42.290 119846994 30102554 581281 6851 1.0
00:11:42.490 119846669 30296165 575583 6834 1.0
00:11:42.690 119847443 30297521 575583 6823 1.0
00:11:42.890 119846752 31655623 572108 6780 1.0
00:11:43.290 119847018 30106738 581391 6839 1.0
00:11:43.490 119847348 30292691 575519 6821 1.0
00:11:43.690 119846505 30293836 575467 6819 1.0
00:11:43.890 119847507 31699219 571970 6789 1.0
00:11:44.290 119847154 30104894 581419 6828 1.0
00:11:44.490 119847494 30293667 575476 6811 1.0
00:11:44.690 119846767 30306928 575710 6825 1.0
00:11:44.890 119847510 31669213 572217 6780 1.0
00:11:45.290 119847842 30094158 581153 6834 1.0
00:11:45.490 119846626 30296072 575535 6825 1.0
00:11:45.690 119847349 30294481 575558 6843 1.0
00:11:45.890 119846765 31704036 572003 6797 1.0
00:11:46.290 119847856 30103768 581315 6837 1.0
00:11:46.490 119846761 30295466 575556 6808 1.0
00:11:46.690 119847442 30295221 575542 6821 1.0
00:11:46.890 119846741 31703750 572241 6800 1.0
00:11:47.290 119847011 30096682 581242 6824 1.0
00:11:47.490 119847445 30305936 575733 6825 1.0
00:11:47.690 119846699 30290535 575438 6818 1.0
00:11:47.890 119847568 31669783 572034 6799 1.0
00:11:48.290 119847131 30115362 581584 6841 1.0
00:11:48.490 119847635 30296280 575526 6815 1.0
00:11:48.690 119846798 30295621 575561 6837 1.0
00:11:48.890 119847446 31726468 572094 6783 1.0
00:11:49.290 119847794 30104212 581418 6835 1.0
00:11:49.490 119846782 30294469 575478 6826 1.0
00:11:49.690 119847365 30295259 575502 6832 1.0
00:11:49.890 119846758 31758390 571972 6788 1.0
00:11:50.290 119847848 30099948 581306 6824 1.0
00:11:50.490 119846813 30297796 575565 6824 1.0
00:11:50.690 119847403 30290482 575469 6827 1.0
00:11:50.890 119846664 31730961 571866 6806 1.0
00:11:51.290 119847125 30099386 581257 6830 1.0
00:11:51.490 119847385 30296393 575568 6813 1.0
00:11:51.690 119846736 30291031 575446 6835 1.0
00:11:51.890 119846742 31719993 572170 6795 1.0
00:11:52.290 119847061 30101907 581303 6830 1.0
00:11:52.490 119847381 30302305 575647 6830 1.0
00:11:52.690 119846882 30289961 575451 6827 1.0
00:11:52.890 119847441 31688811 572087 6789 1.0
00:11:53.290 119847876 30108480 581495 6841 1.0
00:11:53.490 119846759 30295497 575517 6823 1.0
00:11:53.690 119847543 30295882 575517 6834 1.0
00:11:53.890 119846820 31714565 572074 6783 1.0
00:11:54.290 119847790 30108081 581426 6845 1.0
00:11:54.490 119846635 30298393 575582 6831 1.0
00:11:54.690 119847398 30299666 575613 6830 1.0
00:11:54.890 119846694 31729508 572032 6789 1.0
00:11:55.290 119847122 30107866 581422 6840 1.0
00:11:55.490 119847584 30290154 575450 6831 1.0
00:11:55.690 119846720 30289263 575349 6831 1.0
00:11:55.890 119846815 31687952 572049 6791 1.0
00:11:56.290 119847139 30141046 580248 6830 1.0
00:11:56.490 119847519 30287234 575379 6818 1.0
00:11:56.690 119846668 30298740 575591 6829 1.0
00:11:56.890 119847577 31650230 572071 6765 1.0
00:11:57.290 119848082 30254640 576568 6803 1.0
00:11:57.490 119846762 30295507 575507 6834 1.0
00:11:57.690 119846740 30291994 575478 6816 1.0
00:11:58.090 119847161 30106886 581395 6838 1.0
00:11:58.290 119847497 30292946 575460 6835 1.0
00:11:58.490 119846803 30297655 575588 6826 1.0
00:11:58.690 119847517 30293876 575507 6826 1.0
00:11:59.090 119847868 30101963 581358 6822 1.0
00:11:59.290 119846581 30292836 575435 6814 1.0
00:11:59.490 119847134 30305071 575756 6824 1.0
00:11:59.690 119847381 30293732 575458 6828 1.0
00:12:00.090 119847817 30101498 581347 6830 1.0
00:12:00.290 119846802 30302584 575647 6837 1.0
00:12:00.490 119847603 30295273 575542 6830 1.0
00:12:00.690 119846655 30293645 575456 6831 1.0
00:12:01.090 119846983 30101640 581292 6835 1.0
00:12:01.290 119847433 30296490 575583 6839 1.0
00:12:01.490 119846760 30293003 575446 6828 1.0
00:12:01.690 119846762 30296774 575536 6833 1.0
00:12:02.090 119846968 30101566 581254 6845 1.0
00:12:02.290 119847302 30301849 575668 6825 1.0
00:12:02.490 119846736 30293936 575501 6815 1.0
00:12:02.690 119847427 30295669 575566 6834 1.0
00:12:03.090 119847805 30106825 581395 6844 1.0
00:12:03.290 119846875 30295759 575510 6832 1.0
00:12:03.490 119846660 30297238 575583 6837 1.0
00:12:03.690 119847434 30301332 575624 6808 1.0
00:12:04.090 119847852 30099826 581303 6835 1.0
00:12:04.290 119846734 30296164 575519 6839 1.0
00:12:04.490 119847436 30302385 575688 6820 1.0
00:12:04.690 119846648 30296123 575519 6827 1.0
00:12:05.090 119847103 30107441 581452 6835 1.0
00:12:05.290 119846631 30293882 575462 6850 1.0
00:12:05.490 119847508 30293895 575500 6842 1.0
00:12:05.690 119846663 30297021 575588 6823 1.0
00:12:06.090 119847076 30094447 581167 6840 1.0
00:12:06.290 119847497 30299932 575619 6826 1.0
00:12:06.490 119846603 30296505 575530 6823 1.0
00:12:06.690 119847594 30292513 575426 6830 1.0
00:12:07.090 119847957 30103856 581319 6825 1.0
00:12:07.290 119846709 30291142 575477 6834 1.0
00:12:07.490 119846804 30292523 575441 6829 1.0
00:12:07.690 119847544 30299133 575584 6829 1.0
00:12:08.090 119847931 30103477 581398 6810 1.0
00:12:08.290 119846652 30295990 575517 6823 1.0
00:12:08.490 119847552 30296268 575525 6819 1.0
00:12:08.690 119846514 30310116 575795 6821 1.0
00:12:09.090 119847027 30101622 581349 6825 1.0
00:12:09.290 119846651 30293782 575459 6840 1.0
00:12:09.490 119847526 30303704 575720 6830 1.0
00:12:09.690 119846725 30294095 575467 6833 1.0
00:12:10.090 119847172 30102815 581321 6833 1.0
00:12:10.290 119847494 30292974 575504 6837 1.0
00:12:10.490 119846696 30293821 575492 6812 1.0
00:12:10.690 119847446 30291445 575421 6827 1.0
00:12:11.090 119847053 30096486 581216 6839 1.0
00:12:11.290 119847537 30289585 575419 6827 1.0
00:12:11.490 119846673 30305188 575689 6829 1.0
00:12:11.690 119847472 30296379 575526 6822 1.0
00:12:12.090 119847877 30096902 581226 6823 1.0
00:12:12.290 119846814 30298205 575575 6831 1.0
00:12:12.490 119847376 30293549 575510 6821 1.0
00:12:12.690 119846634 30296893 575581 6832 1.0
00:12:13.090 119847082 30102615 581376 6841 1.0
00:12:13.290 119846785 30301199 575654 6828 1.0
00:12:13.490 119847442 30292190 575417 6831 1.0
00:12:13.690 119846802 30297703 575563 6824 1.0
00:12:14.090 119846790 30103642 581309 6835 1.0
00:12:14.290 119847465 30302066 575677 6816 1.0
00:12:14.490 119846738 30296024 575517 6826 1.0
00:12:14.690 119847507 30288890 575425 6832 1.0
00:12:15.090 119847128 30102077 581341 6830 1.0
00:12:15.290 119847369 30291404 575455 6843 1.0
00:12:15.490 119846743 30298871 575592 6826 1.0
00:12:15.690 119847512 30300614 575640 6835 1.0
00:12:16.090 119847784 30101217 581340 6836 1.0
00:12:16.290 119846666 30298792 575591 6838 1.0
00:12:16.490 119847568 30303184 575639 6827 1.0
00:12:16.690 119846674 30294124 575535 6822 1.0
00:12:17.090 119847773 30113052 581550 6850 1.0
00:12:17.290 119846830 30292741 575524 6821 1.0
00:12:17.490 119847489 30288460 575334 6819 1.0
00:12:17.690 119846685 30290665 575460 6817 1.0
00:12:18.090 119847137 30105510 581361 6835 1.0
00:12:18.290 119847330 30293574 575476 6831 1.0
00:12:18.490 119846692 30296359 575588 6835 1.0
00:12:18.690 119847478 30299071 575583 6815 1.0
00:12:19.090 119847152 30191796 578326 6817 1.0
00:12:19.290 119847447 30298284 575576 6833 1.0
00:12:19.490 119846540 30290086 575425 6830 1.0
00:12:19.890 119847020 30711711 579854 6818 1.0
00:12:20.090 119847486 31108177 573326 6806 1.0
00:12:20.290 119846619 30292073 575509 6823 1.0
00:12:20.490 119847577 30294482 575477 6831 1.0
00:12:20.890 119846979 30101931 581336 6817 1.0
00:12:21.090 119847504 31669232 572187 6785 1.0
00:12:21.290 119846708 30303691 575632 6818 1.0
00:12:21.490 119847594 30293266 575534 6816 1.0
00:12:21.890 119847991 30098983 581280 6835 1.0
00:12:22.090 119846768 31736557 572118 6793 1.0
00:12:22.290 119847479 30294077 575466 6834 1.0
00:12:22.490 119846679 30291942 575504 6818 1.0
00:12:22.890 119847898 30103124 581296 6837 1.0
00:12:23.090 119846705 31742558 571977 6791 1.0
00:12:23.290 119847433 30298302 575583 6820 1.0
00:12:23.490 119846683 30304944 575698 6828 1.0
00:12:23.890 119847142 30099635 581297 6813 1.0
00:12:24.090 119847583 31741520 572010 6797 1.0
00:12:24.290 119846706 30301520 575660 6845 1.0
00:12:24.490 119846785 30293933 575489 6830 1.0
00:12:24.890 119846942 30110700 581495 6833 1.0
00:12:25.090 119847501 31743275 571794 6790 1.0
00:12:25.290 119846797 30292888 575529 6823 1.0
00:12:25.490 119847402 30297922 575567 6829 1.0
00:12:25.890 119847913 30097506 581243 6819 1.0
00:12:26.090 119846812 31662953 572121 6782 1.0
00:12:26.290 119847502 30300089 575624 6821 1.0
00:12:26.490 119846673 30292569 575512 6820 1.0
00:12:26.890 119847842 30100014 581309 6838 1.0
00:12:27.090 119846800 31713106 572077 6788 1.0
00:12:27.290 119847567 30291868 575423 6816 1.0
00:12:27.490 119846480 30296587 575531 6828 1.0
00:12:27.890 119846973 30103767 581383 6842 1.0
00:12:28.090 119847501 31755405 571934 6771 1.0
00:12:28.290 119846821 30300701 575627 6824 1.0
00:12:28.490 119846692 30305566 575689 6825 1.0
00:12:28.890 119847147 30098574 581256 6834 1.0
00:12:29.090 119847622 31704416 572262 6794 1.0
00:12:29.290 119846723 30288556 575414 6827 1.0
00:12:29.490 119847495 30296774 575539 6822 1.0
00:12:29.890 119847820 30107525 581495 6833 1.0
00:12:30.090 119846711 31672522 571994 6793 1.0
00:12:30.290 119846808 30293850 575554 6830 1.0
00:12:30.490 119847391 30302650 575601 6823 1.0
00:12:30.890 119847803 30101256 581257 6832 1.0
00:12:31.090 119846713 31727976 571999 6789 1.0
00:12:31.290 119847422 30292771 575526 6825 1.0
00:12:31.490 119846591 30298625 575588 6829 1.0
00:12:31.890 119847109 30101192 581340 6832 1.0
00:12:32.090 119847569 31734857 571882 6789 1.0
00:12:32.290 119846619 30291149 575460 6840 1.0
00:12:32.490 119846641 30297807 575588 6830 1.0
00:12:32.890 119847164 30099212 581254 6836 1.0
00:12:33.090 119847601 31698901 572011 6778 1.0
00:12:33.290 119846640 30302623 575691 6834 1.0
00:12:33.490 119847435 30298532 575586 6825 1.0
00:12:33.890 119847774 30098318 581243 6816 1.0
00:12:34.090 119846736 31727361 572230 6787 1.0
00:12:34.290 119846795 30290382 575375 6833 1.0
00:12:34.490 119847567 30294837 575538 6816 1.0
00:12:34.890 119847932 30098280 581246 6815 1.0
00:12:35.090 119846627 31719092 571992 6790 1.0
00:12:35.290 119847491 30299077 575598 6842 1.0
00:12:35.490 119846693 30298754 575589 6825 1.0
00:12:35.890 119847054 30100169 581314 6818 1.0
00:12:36.090 119846861 31746771 572008 6790 1.0
00:12:36.290 119847365 30295416 575504 6821 1.0
00:12:36.490 119846602 30298651 575588 6830 1.0
00:12:36.890 119847066 30113728 581575 6827 1.0
00:12:37.090 119847533 31661870 572144 6799 1.0
00:12:37.290 119846590 30298932 575592 6825 1.0
00:12:37.490 119847493 30301367 575659 6827 1.0
00:12:37.890 119847881 30100610 581324 6824 1.0
00:12:38.090 119846748 31657811 572071 6798 1.0
00:12:38.290 119846576 30303122 575705 6844 1.0
00:12:38.490 119847507 30292656 575446 6823 1.0
00:12:38.890 119847780 30111199 581507 6833 1.0
00:12:39.090 119846840 31655949 572134 6797 1.0
00:12:39.290 119847393 30289932 575399 6823 1.0
00:12:39.490 119846745 30293839 575514 6833 1.0
00:12:39.890 119847106 30108899 581500 6829 1.0
00:12:40.090 119846707 31742842 571962 6781 1.0
00:12:40.290 119847418 30302179 575600 6840 1.0
00:12:40.490 119846738 30293523 575532 6829 1.0
00:12:40.890 119847250 30127038 580453 6826 1.0
00:12:41.090 119847490 31729513 572066 6782 1.0
00:12:41.290 119846595 30293440 575450 6828 1.0
00:12:41.490 119847331 30291799 575498 6830 1.0
00:12:41.890 119847166 30245277 576889 6816 1.0
00:12:42.090 119847510 31758982 571858 6793 1.0
00:12:42.290 119846697 30297719 575563 6819 1.0
00:12:42.690 119847093 30098049 581257 6842 1.0
00:12:42.890 119847482 30293226 575447 6808 1.0
00:12:43.090 119846689 31678132 572131 6790 1.0
00:12:43.290 119847468 30302922 575701 6836 1.0
00:12:43.690 119847818 30099609 581237 6838 1.0
00:12:43.890 119846711 30296700 575588 6818 1.0
00:12:44.090 119846756 31738841 571925 6779 1.0
00:12:44.290 119847493 30291605 575404 6845 1.0
00:12:44.690 119847952 30101616 581349 6834 1.0
00:12:44.890 119846701 30288254 575410 6823 1.0
00:12:45.090 119847578 31752721 572023 6796 1.0
00:12:45.290 119846641 30298547 575588 6824 1.0
00:12:45.690 119847012 30103944 581317 6824 1.0
00:12:45.890 119846777 30295293 575564 6831 1.0
00:12:46.090 119847400 31756725 572006 6790 1.0
00:12:46.290 119846670 30293022 575531 6827 1.0
00:12:46.690 119847091 30109598 581465 6831 1.0
00:12:46.890 119847406 30299454 575609 6826 1.0
00:12:47.090 119846727 31756430 571886 6789 1.0
00:12:47.290 119847432 30293494 575544 6810 1.0
00:12:47.690 119847115 30095811 581242 6839 1.0
00:12:47.890 119847494 30291496 575409 6818 1.0
00:12:48.090 119846691 31681879 572156 6801 1.0
00:12:48.290 119847405 30294043 575558 6831 1.0
00:12:48.690 119847803 30103613 581358 6819 1.0
00:12:48.890 119846615 30301951 575674 6818 1.0
00:12:49.090 119847431 31747204 571908 6791 1.0
00:12:49.290 119846693 30299706 575616 6827 1.0
00:12:49.690 119847834 30096736 581237 6823 1.0
00:12:49.890 119846698 30294799 575505 6845 1.0
00:12:50.090 119847547 31664358 572241 6791 1.0
00:12:50.290 119846726 30297502 575556 6836 1.0
00:12:50.690 119847147 30100451 581257 6823 1.0
00:12:50.890 119847491 30299220 575583 6833 1.0
00:12:51.090 119846652 31730479 571978 6800 1.0
00:12:51.290 119847402 30291003 575406 6810 1.0
00:12:51.690 119847166 30105184 581349 6830 1.0
00:12:51.890 119847612 30292377 575509 6841 1.0
00:12:52.090 119846747 31706978 571978 6790 1.0
00:12:52.290 119847408 30296964 575573 6819 1.0
00:12:52.690 119847784 30101992 581351 6816 1.0
00:12:52.890 119846718 30292885 575477 6813 1.0
00:12:53.090 119847449 31679650 572202 6781 1.0
00:12:53.290 119846791 30295547 575504 6831 1.0
00:12:53.690 119847927 30109046 581479 6824 1.0
00:12:53.890 119846736 30291431 575466 6817 1.0
00:12:54.090 119847497 31717354 571847 6785 1.0
00:12:54.290 119846743 30290481 575465 6828 1.0
00:12:54.690 119847237 30096821 581226 6831 1.0
00:12:54.890 119847394 30296712 575537 6817 1.0
00:12:55.090 119846741 31684877 572298 6787 1.0
00:12:55.290 119846621 30286088 575330 6842 1.0
00:12:55.690 119846968 30102645 581338 6832 1.0
00:12:55.890 119847363 30296703 575573 6829 1.0
00:12:56.090 119846655 31715918 571917 6791 1.0
00:12:56.290 119847437 30288611 575396 6820 1.0
00:12:56.690 119847731 30102323 581344 6828 1.0
00:12:56.890 119846639 30291090 575481 6817 1.0
00:12:57.090 119847406 31753007 571949 6770 1.0
00:12:57.290 119846752 30301751 575612 6831 1.0
00:12:57.690 119847798 30105289 581352 6833 1.0
00:12:57.890 119846648 30300967 575648 6829 1.0
00:12:58.090 119847595 31722929 572004 6777 1.0
00:12:58.290 119846664 30292416 575464 6822 1.0
00:12:58.690 119846999 30107053 581401 6843 1.0
00:12:58.890 119847511 30288923 575425 6828 1.0
00:12:59.090 119846793 31686960 572064 6796 1.0
00:12:59.290 119846826 30302426 575684 6838 1.0
00:12:59.690 119847134 30098555 581242 6836 1.0
00:12:59.890 119847514 30294736 575535 6837 1.0
00:13:00.090 119846713 31732258 572026 6797 1.0
00:13:00.290 119847480 30290663 575457 6833 1.0
00:13:00.690 119847993 30100079 581309 6832 1.0
00:13:00.890 119846673 30300142 575627 6825 1.0
00:13:01.090 119846578 31706539 572000 6786 1.0
00:13:01.290 119847482 30295893 575515 6824 1.0
00:13:01.690 119847933 30106054 581372 6839 1.0
00:13:01.890 119846696 30297642 575572 6822 1.0
00:13:02.090 119847489 31706089 572043 6782 1.0
00:13:02.290 119846684 30300338 575666 6838 1.0
00:13:02.690 119847052 30100341 581253 6843 1.0
00:13:02.890 119847424 30296560 575583 6831 1.0
00:13:03.090 119846679 31708757 571978 6782 1.0
00:13:03.290 119846619 30297929 575588 6826 1.0
00:13:03.690 119847178 30202904 578573 6817 1.0
00:13:03.890 119847381 30294178 575470 6832 1.0
00:13:04.090 119846746 31676884 572170 6783 1.0
00:13:04.490 119847005 30097931 581252 6836 1.0
00:13:04.690 119847342 30291746 575495 6843 1.0
00:13:04.890 119846670 30292374 575425 6821 1.0
00:13:05.090 119846873 31699540 572019 6786 1.0
00:13:05.490 119847011 30103351 581396 6833 1.0
00:13:05.690 119847501 30296604 575534 6834 1.0
00:13:05.890 119846706 30293345 575445 6826 1.0
00:13:06.090 119847501 31705045 571955 6785 1.0
00:13:06.490 119847933 30110092 581495 6817 1.0
00:13:06.690 119846700 30297616 575588 6824 1.0
00:13:06.890 119846787 30297445 575574 6819 1.0
00:13:07.090 119847476 31699006 572245 6793 1.0
00:13:07.490 119847924 30098723 581274 6819 1.0
00:13:07.690 119846771 30294666 575482 6839 1.0
00:13:07.890 119847571 30300198 575628 6826 1.0
00:13:08.090 119846589 31670768 572010 6794 1.0
00:13:08.490 119847111 30103930 581386 6839 1.0
00:13:08.690 119847109 30294477 575477 6845 1.0
00:13:08.890 119847538 30296141 575550 6821 1.0
00:13:09.090 119846769 31717352 572138 6782 1.0
00:13:09.490 119847164 30097694 581248 6826 1.0
00:13:09.690 119847646 30294901 575485 6824 1.0
00:13:09.890 119846703 30300222 575629 6822 1.0
00:13:10.090 119847609 31698326 571924 6783 1.0
00:13:10.490 119847912 30099200 581237 6819 1.0
00:13:10.690 119846662 30301177 575612 6831 1.0
00:13:10.890 119846706 30295789 575564 6828 1.0
00:13:11.090 119847534 31687542 571973 6782 1.0
00:13:11.490 119847800 30103039 581344 6840 1.0
00:13:11.690 119846594 30295049 575492 6825 1.0
00:13:11.890 119847390 30296079 575572 6824 1.0
00:13:12.090 119846704 31681939 572236 6785 1.0
00:13:12.490 119847078 30100254 581314 6834 1.0
00:13:12.690 119846690 30295858 575515 6839 1.0
00:13:12.890 119847475 30291869 575502 6818 1.0
00:13:13.090 119846770 31708842 571975 6788 1.0
00:13:13.490 119847021 30103505 581400 6830 1.0
00:13:13.690 119847388 30296914 575543 6830 1.0
00:13:13.890 119846635 30290326 575441 6830 1.0
00:13:14.090 119847532 31690000 572195 6781 1.0
00:13:14.490 119847016 30102056 581363 6831 1.0
00:13:14.690 119847563 30291924 575409 6838 1.0
00:13:14.890 119846777 30302277 575684 6826 1.0
00:13:15.090 119847478 31673817 572090 6788 1.0
00:13:15.490 119847896 30107087 581447 6824 1.0
00:13:15.690 119846714 30293933 575465 6827 1.0
00:13:15.890 119847576 30295418 575503 6829 1.0
00:13:16.090 119846777 31729926 571972 6785 1.0
00:13:16.490 119847053 30105077 581365 6835 1.0
00:13:16.690 119846762 30294429 575558 6827 1.0
00:13:16.890 119847485 30297856 575566 6837 1.0
00:13:17.090 119846768 31669516 572173 6793 1.0
00:13:17.490 119847101 30104220 581407 6854 1.0
00:13:17.690 119847462 30299974 575583 6818 1.0
00:13:17.890 119846774 30293870 575511 6814 1.0
00:13:18.090 119847612 31667585 572164 6794 1.0
00:13:18.490 119847150 30111094 581500 6832 1.0
00:13:18.690 119847465 30291476 575431 6842 1.0
00:13:18.890 119846764 30295271 575499 6821 1.0
00:13:19.090 119847414 31704494 572224 6789 1.0
00:13:19.490 119847914 30101371 581321 6836 1.0
00:13:19.690 119846702 30293960 575504 6825 1.0
00:13:19.890 119847545 30300445 575596 6824 1.0
00:13:20.090 119846772 31720615 571965 6783 1.0
00:13:20.490 119848040 30105660 581390 6838 1.0
00:13:20.690 119846717 30295547 575575 6822 1.0
00:13:20.890 119847429 30295842 575514 6845 1.0
00:13:21.090 119846913 31715653 571959 6781 1.0
00:13:21.490 119847120 30104036 581329 6826 1.0
00:13:21.690 119847465 30302199 575672 6831 1.0
00:13:21.890 119846724 30301489 575663 6827 1.0
00:13:22.090 119847447 31666078 572218 6801 1.0
00:13:22.490 119847103 30098495 581268 6840 1.0
00:13:22.690 119847395 30302798 575627 6818 1.0
00:13:22.890 119846486 30287343 575360 6834 1.0
00:13:23.090 119847582 31679389 572201 6790 1.0
00:13:23.490 119847899 30097164 581233 6829 1.0
00:13:23.690 119846724 30294477 575532 6817 1.0
00:13:23.890 119847456 30292091 575456 6828 1.0
00:13:24.090 119846724 31713848 572105 6786 1.0
00:13:24.490 119847940 30097798 581251 6833 1.0
00:13:24.690 119846810 30301601 575666 6821 1.0
00:13:24.890 119847469 30294354 575474 6827 1.0
00:13:25.090 119846742 31753089 571918 6790 1.0
00:13:25.490 119847187 30123386 580810 6836 1.0
00:13:25.690 119847463 30291712 575502 6822 1.0
00:13:25.890 119846570 30291699 575404 6827 1.0
00:13:26.090 119846747 31724391 572015 6789 1.0
00:13:26.490 119847169 30233293 577123 6804 1.0
00:13:26.690 119847459 30295027 575490 6814 1.0
00:13:26.890 119846628 30298203 575588 6831 1.0
00:13:27.290 119847017 30097137 581242 6838 1.0
00:13:27.490 119847524 30301097 575602 6826 1.0
00:13:27.690 119846718 30292241 575513 6831 1.0
00:13:27.890 119847456 30295083 575494 6810 1.0
00:13:28.290 119847102 30107150 581409 6822 1.0
00:13:28.490 119847416 30291961 575416 6817 1.0
00:13:28.690 119846804 30296401 575588 6826 1.0
00:13:28.890 119847363 30303719 575658 6824 1.0
00:13:29.290 119847856 30106647 581388 6838 1.0
00:13:29.490 119846563 30290803 575477 6831 1.0
00:13:29.690 119847457 30297964 575571 6821 1.0
00:13:29.890 119846617 30297807 575564 6835 1.0
00:13:30.290 119847825 30108899 581448 6834 1.0
00:13:30.490 119846735 30294582 575576 6818 1.0
00:13:30.690 119847496 30296538 575534 6820 1.0
00:13:30.890 119846676 30295451 575504 6837 1.0
00:13:31.290 119847017 30102296 581367 6832 1.0
00:13:31.490 119847441 30292254 575458 6835 1.0
00:13:31.690 119846666 30296315 575584 6825 1.0
00:13:31.890 119846627 30293465 575452 6835 1.0
00:13:32.291 119847079 30101541 581271 6823 1.0
00:13:32.491 119847578 30301707 575668 6835 1.0
00:13:32.691 119846733 30285539 575337 6823 1.0
00:13:32.891 119847627 30290026 575454 6829 1.0
00:13:33.291 119847855 30101789 581301 6830 1.0
00:13:33.491 119846765 30293348 575524 6830 1.0
00:13:33.691 119846697 30295042 575509 6835 1.0
00:13:33.891 119847406 30297027 575548 6823 1.0
00:13:34.291 119847748 30100886 581332 6824 1.0
00:13:34.491 119846649 30303716 575628 6832 1.0
00:13:34.691 119847394 30295687 575573 6816 1.0
00:13:34.891 119846691 30293865 575492 6823 1.0
00:13:35.291 119847108 30111432 581514 6844 1.0
00:13:35.491 119847480 30296273 575563 6837 1.0
00:13:35.691 119846803 30297004 575588 6827 1.0
00:13:35.891 119846731 30295384 575515 6832 1.0
00:13:36.291 119847105 30094353 581158 6839 1.0
00:13:36.491 119847593 30299664 575616 6827 1.0
00:13:36.691 119846671 30294995 575491 6807 1.0
00:13:36.891 119847521 30293810 575478 6830 1.0
00:13:37.291 119847799 30099280 581288 6834 1.0
00:13:37.491 119846572 30286976 575345 6829 1.0
00:13:37.691 119846614 30292521 575457 6822 1.0
00:13:37.891 119847404 30295477 575504 6829 1.0
00:13:38.291 119847813 30093708 581143 6821 1.0
00:13:38.491 119846811 30294582 575575 6825 1.0
00:13:38.691 119847518 30291514 575399 6835 1.0
00:13:38.891 119846705 30305511 575770 6831 1.0
00:13:39.291 119846973 30098045 581257 6829 1.0
00:13:39.491 119846707 30306921 575805 6828 1.0
00:13:39.691 119847452 30297925 575568 6831 1.0
00:13:39.891 119846757 30294922 575490 6835 1.0
00:13:40.291 119847067 30106815 581421 6829 1.0
00:13:40.491 119847557 30291202 575404 6831 1.0
00:13:40.691 119846552 30292585 575512 6828 1.0
00:13:40.891 119847290 30297384 575554 6825 1.0
00:13:41.291 119847793 30104845 581340 6838 1.0
00:13:41.491 119846671 30292174 575513 6824 1.0
00:13:41.691 119846727 30296835 575539 6815 1.0
00:13:41.891 119847513 30293740 575459 6824 1.0
00:13:42.291 119847824 30106653 581425 6827 1.0
00:13:42.491 119846771 30293709 575517 6828 1.0
00:13:42.691 119847570 30299114 575601 6830 1.0
00:13:42.891 119846683 30298279 575579 6825 1.0
00:13:43.291 119847114 30103322 581394 6833 1.0
00:13:43.491 119846719 30293592 575456 6838 1.0
00:13:43.691 119847581 30302062 575677 6831 1.0
00:13:43.891 119846764 30295074 575494 6828 1.0
00:13:44.291 119847024 30102456 581278 6836 1.0
00:13:44.491 119847369 30298374 575580 6820 1.0
00:13:44.691 119846731 30291724 575500 6826 1.0
00:13:44.891 119847454 30297714 575563 6839 1.0
00:13:45.291 119847075 30098315 581263 6840 1.0
00:13:45.491 119847475 30301012 575650 6831 1.0
00:13:45.691 119846782 30296331 575527 6815 1.0
00:13:45.891 119847569 30298368 575580 6820 1.0
00:13:46.291 119847730 30094996 581176 6822 1.0
00:13:46.491 119846695 30297294 575559 6829 1.0
00:13:46.691 119847425 30294214 575559 6830 1.0
00:13:46.891 119846621 30292087 575415 6823 1.0
00:13:47.291 119847150 30106613 581451 6829 1.0
00:13:47.491 119846728 30293395 575450 6817 1.0
00:13:47.691 119847446 30298320 575578 6822 1.0
00:13:47.891 119846742 30306093 575753 6831 1.0
00:13:48.291 119847086 30194184 578363 6821 1.0
00:13:48.491 119847521 30288900 575406 6806 1.0
00:13:48.691 119846711 30299033 575597 6825 1.0
00:13:49.091 119846969 30975248 579189 6816 1.0
00:13:49.291 119846670 30876883 574033 6799 1.0
00:13:49.491 119847410 30292695 575435 6825 1.0
00:13:49.691 119846730 30295477 575505 6842 1.0
00:13:50.091 119847120 30104121 581415 6817 1.0
00:13:50.291 119847570 31715788 572035 6790 1.0
00:13:50.491 119846686 30295695 575511 6835 1.0
00:13:50.691 119847470 30296960 575542 6835 1.0
00:13:51.091 119847110 30097802 581251 6824 1.0
00:13:51.291 119847427 31747323 571834 6793 1.0
00:13:51.491 119846660 30301565 575666 6824 1.0
00:13:51.691 119847497 30293851 575462 6828 1.0
00:13:52.091 119847887 30107567 581413 6823 1.0
00:13:52.291 119846840 31714647 571919 6795 1.0
00:13:52.491 119847457 30291600 575422 6841 1.0
00:13:52.691 119846601 30294538 575491 6839 1.0
00:13:53.091 119847050 30101363 581337 6842 1.0
00:13:53.291 119846705 31702590 571934 6768 1.0
00:13:53.491 119847535 30297172 575550 6830 1.0
00:13:53.691 119846626 30294707 575483 6815 1.0
00:13:54.091 119847100 30099617 581242 6829 1.0
00:13:54.291 119847607 31759041 572083 6783 1.0
00:13:54.491 119846588 30293884 575478 6846 1.0
00:13:54.691 119847448 30292038 575492 6830 1.0
00:13:55.091 119847052 30106410 581383 6831 1.0
00:13:55.291 119847614 31693422 572177 6788 1.0
00:13:55.491 119846716 30291629 575405 6828 1.0
00:13:55.691 119847510 30298846 575592 6842 1.0
00:13:56.091 119847780 30102711 581380 6826 1.0
00:13:56.291 119846833 31667519 572164 6771 1.0
00:13:56.491 119847467 30302852 575699 6824 1.0
00:13:56.691 119846721 30299389 575607 6838 1.0
00:13:57.091 119847952 30107513 581413 6829 1.0
00:13:57.291 119846821 31740163 571958 6778 1.0
00:13:57.491 119847503 30292756 575433 6837 1.0
00:13:57.691 119846712 30293779 575480 6830 1.0
00:13:58.091 119846973 30098656 581255 6827 1.0
00:13:58.291 119847369 31677841 572191 6797 1.0
00:13:58.491 119846791 30299483 575611 6840 1.0
00:13:58.691 119846648 30292405 575421 6828 1.0
00:13:59.091 119847151 30095625 581242 6844 1.0
00:13:59.291 119847511 31677038 572158 6788 1.0
00:13:59.491 119846784 30295791 575513 6828 1.0
00:13:59.691 119847512 30290120 575457 6827 1.0
00:14:00.091 119847860 30105367 581358 6829 1.0
00:14:00.291 119846685 31741167 571857 6773 1.0
00:14:00.491 119847509 30295500 575583 6852 1.0
00:14:00.691 119846674 30298323 575588 6829 1.0
00:14:01.091 119847857 30101353 581259 6822 1.0
00:14:01.291 119846828 31754114 572214 6782 1.0
00:14:01.491 119847459 30291280 575441 6836 1.0
00:14:01.691 119846699 30295315 575499 6824 1.0
00:14:02.091 119847038 30104298 581328 6831 1.0
00:14:02.291 119847623 31683995 572148 6793 1.0
00:14:02.491 119846627 30295067 575492 6831 1.0
00:14:02.691 119846690 30299395 575606 6827 1.0
00:14:03.091 119847131 30099920 581305 6826 1.0
00:14:03.291 119847496 31716060 571940 6786 1.0
00:14:03.491 119846687 30306171 575755 6843 1.0
00:14:03.691 119847405 30291972 575447 6828 1.0
00:14:04.091 119847901 30107735 581422 6825 1.0
00:14:04.291 119846605 31748220 571857 6784 1.0
00:14:04.491 119846641 30292318 575514 6831 1.0
00:14:04.691 119847493 30293760 575459 6824 1.0
00:14:05.091 119847866 30104718 581338 6836 1.0
00:14:05.291 119846852 31661614 572121 6789 1.0
00:14:05.491 119847448 30300192 575629 6828 1.0
00:14:05.691 119846839 30293559 575453 6828 1.0
00:14:06.091 119846982 30103310 581394 6858 1.0
00:14:06.291 119847533 31741057 572140 6793 1.0
00:14:06.491 119846776 30294604 575480 6836 1.0
00:14:06.691 119846723 30293663 575551 6818 1.0
00:14:07.091 119846951 30100591 581323 6825 1.0
00:14:07.291 119847507 31721616 571989 6795 1.0
00:14:07.491 119846549 30292894 575436 6828 1.0
00:14:07.691 119847446 30301006 575650 6822 1.0
00:14:08.091 119847866 30107336 581407 6837 1.0
00:14:08.291 119846725 31751428 572106 6790 1.0
00:14:08.491 119846722 30290468 575419 6825 1.0
00:14:08.691 119847351 30297540 575558 6836 1.0
00:14:09.091 119847899 30114924 581606 6833 1.0
00:14:09.291 119846702 31684044 572057 6804 1.0
00:14:09.491 119847421 30291859 575440 6821 1.0
00:14:09.691 119846758 30302271 575682 6839 1.0
00:14:10.091 119847196 30113118 581166 6842 1.0
00:14:10.291 119846810 31743957 571902 6783 1.0
00:14:10.491 119847483 30289295 575401 6842 1.0
00:14:10.691 119846703 30292958 575474 6818 1.0
00:14:11.091 119847193 30226679 577500 6810 1.0
00:14:11.291 119847640 31666578 572155 6788 1.0
00:14:11.491 119846693 30293955 575477 6834 1.0
00:14:11.891 119847063 30109109 581461 6818 1.0
00:14:12.091 119847464 30296172 575521 6825 1.0
00:14:12.291 119846698 31664807 572151 6787 1.0
00:14:12.491 119846664 30298307 575580 6826 1.0
00:14:12.891 119847099 30098385 581266 6827 1.0
00:14:13.091 119847478 30296732 575538 6828 1.0
00:14:13.291 119846830 31738572 572097 6789 1.0
00:14:13.491 119847459 30296020 575517 6827 1.0
00:14:13.891 119847821 30099876 581237 6823 1.0
00:14:14.091 119846562 30294717 575565 6828 1.0
00:14:14.291 119846716 31704480 572001 6789 1.0
00:14:14.491 119847529 30293654 575506 6819 1.0
00:14:14.891 119847732 30100466 581319 6835 1.0
00:14:15.091 119846721 30296406 575529 6816 1.0
00:14:15.291 119847538 31738294 572013 6784 1.0
00:14:15.491 119846754 30302567 575633 6836 1.0
00:14:15.891 119847049 30103136 581295 6832 1.0
00:14:16.091 119846661 30296496 575536 6823 1.0
00:14:16.291 119847637 31731682 571974 6801 1.0
00:14:16.491 119846814 30292400 575519 6814 1.0
00:14:16.891 119847079 30109894 581474 6836 1.0
00:14:17.091 119847404 30289943 575450 6816 1.0
00:14:17.291 119846683 31701060 571954 6780 1.0
00:14:17.491 119847459 30302556 575607 6839 1.0
00:14:17.891 119847764 30105633 581389 6839 1.0
00:14:18.091 119846821 30293522 575530 6822 1.0
00:14:18.291 119846683 31725619 571914 6794 1.0
00:14:18.491 119847577 30290993 575447 6835 1.0
00:14:18.891 119847945 30102347 581324 6814 1.0
00:14:19.091 119846763 30296274 575524 6831 1.0
00:14:19.291 119847537 31704814 572089 6786 1.0
00:14:19.491 119846710 30295971 575516 6832 1.0
00:14:19.891 119847120 30104124 581416 6821 1.0
00:14:20.091 119846698 30294697 575485 6822 1.0
00:14:20.291 119847459 31728907 572112 6786 1.0
00:14:20.491 119846679 30295616 575509 6840 1.0
00:14:20.891 119847056 30102009 581360 6827 1.0
00:14:21.091 119847525 30298525 575584 6826 1.0
00:14:21.291 119846806 31691028 572004 6798 1.0
00:14:21.491 119847448 30292124 575417 6824 1.0
00:14:21.891 119847075 30098772 581276 6831 1.0
00:14:22.091 119847343 30295030 575492 6829 1.0
00:14:22.291 119846720 31703247 572180 6808 1.0
00:14:22.491 119847397 30302263 575653 6831 1.0
00:14:22.891 119847861 30097582 581243 6827 1.0
00:14:23.091 119846462 30294952 575533 6828 1.0
00:14:23.291 119847484 31686419 572044 6786 1.0
00:14:23.491 119846706 30291656 575498 6822 1.0
00:14:23.891 119847956 30108082 581473 6804 1.0
00:14:24.091 119846612 30291588 575448 6825 1.0
00:14:24.291 119847510 31759917 571927 6792 1.0
00:14:24.491 119846709 30304113 575732 6842 1.0
00:14:24.891 119847085 30101678 581353 6828 1.0
00:14:25.091 119847477 30293968 575465 6819 1.0
00:14:25.291 119846763 31748770 572074 6778 1.0
00:14:25.491 119847566 30291734 575408 6842 1.0
00:14:25.891 119847148 30110806 581498 6837 1.0
00:14:26.091 119847417 30293983 575464 6829 1.0
00:14:26.291 119846686 31700024 572115 6776 1.0
00:14:26.491 119847535 30295125 575501 6821 1.0
00:14:26.891 119847619 30095900 581200 6832 1.0
00:14:27.091 119846676 30297989 575573 6815 1.0
00:14:27.291 119847422 31756021 572055 6791 1.0
00:14:27.491 119846698 30291073 575459 6827 1.0
00:14:27.891 119847844 30102846 581345 6833 1.0
00:14:28.091 119846790 30295526 575507 6815 1.0
00:14:28.291 119847578 31660362 572025 6793 1.0
00:14:28.491 119846765 30290980 575480 6830 1.0
00:14:28.891 119847055 30112582 581545 6828 1.0
00:14:29.091 119847551 30297278 575551 6823 1.0
00:14:29.291 119846747 31740627 571887 6793 1.0
00:14:29.491 119846606 30303453 575623 6819 1.0
00:14:29.891 119847104 30099258 581289 6841 1.0
00:14:30.091 119847526 30295721 575510 6840 1.0
00:14:30.291 119846763 31678687 572282 6804 1.0
00:14:30.491 119847522 30290716 575401 6826 1.0
00:14:30.891 119847758 30108333 581433 6836 1.0
00:14:31.091 119846749 30287494 575388 6818 1.0
00:14:31.291 119847498 31711725 572048 6792 1.0
00:14:31.491 119846763 30291874 575415 6822 1.0
00:14:31.891 119847928 30097228 581237 6823 1.0
00:14:32.091 119846722 30290067 575454 6822 1.0
00:14:32.291 119847629 31735603 572107 6776 1.0
00:14:32.491 119846669 30290344 575377 6832 1.0
00:14:32.891 119847112 30198045 578431 6813 1.0
00:14:33.091 119847537 30301764 575669 6829 1.0
00:14:33.291 119846793 31692380 572132 6786 1.0
00:14:33.691 119847854 30104169 581325 6829 1.0
00:14:33.891 119846749 30300254 575630 6826 1.0
00:14:34.091 119847546 30294951 575509 6820 1.0
00:14:34.291 119846825 31650915 572082 6775 1.0
00:14:34.691 119847146 30102236 581368 6816 1.0
00:14:34.891 119847425 30293291 575445 6812 1.0
00:14:35.091 119846710 30299054 575599 6822 1.0
00:14:35.291 119846746 31684886 571965 6797 1.0
00:14:35.691 119847119 30103262 581379 6830 1.0
00:14:35.891 119847448 30300508 575637 6825 1.0
00:14:36.091 119846741 30290320 575397 6836 1.0
00:14:36.291 119847643 31683440 572034 6783 1.0
00:14:36.691 119847942 30100248 581292 6830 1.0
00:14:36.891 119846712 30297596 575562 6818 1.0
00:14:37.091 119847474 30299222 575603 6829 1.0
00:14:37.291 119846733 31703275 572192 6788 1.0
00:14:37.691 119847767 30101718 581352 6833 1.0
00:14:37.891 119846788 30302291 575618 6835 1.0
00:14:38.091 119847434 30294564 575547 6826 1.0
00:14:38.291 119846778 31712074 571961 6777 1.0
00:14:38.691 119847071 30106320 581379 6845 1.0
00:14:38.891 119847503 30296418 575532 6833 1.0
00:14:39.091 119846815 30297465 575556 6813 1.0
00:14:39.291 119846849 31673225 572210 6780 1.0
00:14:39.691 119847085 30099645 581298 6832 1.0
00:14:39.891 119847477 30296153 575522 6824 1.0
00:14:40.091 119846636 30295692 575511 6836 1.0
00:14:40.291 119847620 31718101 572021 6788 1.0
00:14:40.691 119847828 30111097 581505 6844 1.0
00:14:40.891 119846573 30296291 575526 6834 1.0
00:14:41.091 119846706 30288986 575424 6832 1.0
00:14:41.291 119847555 31676048 571973 6791 1.0
00:14:41.691 119847776 30099864 581304 6826 1.0
00:14:41.891 119846615 30297281 575553 6825 1.0
00:14:42.091 119847403 30304200 575734 6835 1.0
00:14:42.291 119846801 31756475 572004 6784 1.0
00:14:42.691 119847004 30101397 581344 6831 1.0
00:14:42.891 119846628 30296262 575525 6817 1.0
00:14:43.091 119847505 30293332 575454 6830 1.0
00:14:43.291 119846740 31693863 572189 6783 1.0
00:14:43.691 119847057 30103325 581328 6829 1.0
00:14:43.891 119847529 30293121 575497 6832 1.0
00:14:44.091 119846759 30295441 575543 6827 1.0
00:14:44.291 119847440 31655625 572088 6779 1.0
00:14:44.691 119847884 30100135 581251 6829 1.0
00:14:44.891 119846582 30298699 575588 6826 1.0
00:14:45.091 119846624 30289698 575446 6820 1.0
00:14:45.291 119847482 31687864 572101 6776 1.0
00:14:45.691 119847855 30110176 581483 6837 1.0
00:14:45.891 119846719 30292478 575438 6834 1.0
00:14:46.091 119847399 30295800 575583 6825 1.0
00:14:46.291 119846742 31694088 571978 6783 1.0
00:14:46.691 119847156 30104961 581438 6847 1.0
00:14:46.891 119846726 30289972 575357 6813 1.0
00:14:47.091 119847361 30294170 575567 6833 1.0
00:14:47.291 119846790 31702645 571857 6792 1.0
00:14:47.691 119847150 30102280 581366 6839 1.0
00:14:47.891 119847497 30294622 575483 6836 1.0
00:14:48.091 119846681 30292927 575452 6838 1.0
00:14:48.291 119847494 31716069 572084 6794 1.0
00:14:48.691 119847112 30101854 581327 6826 1.0
00:14:48.891 119847511 30291988 575443 6822 1.0
00:14:49.091 119846677 30290443 575466 6832 1.0
00:14:49.291 119847545 31692678 571987 6792 1.0
00:14:49.691 119847878 30097546 581237 6835 1.0
00:14:49.891 119846729 30297781 575588 6827 1.0
00:14:50.091 119847452 30294822 575533 6817 1.0
00:14:50.291 119846646 31675777 572028 6783 1.0
00:14:50.691 119847033 30102900 581289 6835 1.0
00:14:50.891 119846591 30296808 575577 6831 1.0
00:14:51.091 119847498 30292241 575475 6816 1.0
00:14:51.291 119846860 31750076 572086 6787 1.0
00:14:51.691 119847070 30099505 581295 6832 1.0
00:14:51.891 119847497 30293453 575451 6818 1.0
00:14:52.091 119846704 30295853 575585 6818 1.0
00:14:52.291 119847573 31658352 572107 6785 1.0
00:14:52.691 119847098 30108808 581500 6838 1.0
00:14:52.891 119847464 30285521 575325 6818 1.0
00:14:53.091 119846738 30290295 575416 6833 1.0
00:14:53.291 119847428 31710430 571905 6782 1.0
00:14:53.691 119847845 30103551 581322 6824 1.0
00:14:53.891 119846691 30293427 575532 6822 1.0
00:14:54.091 119847466 30298472 575583 6822 1.0
00:14:54.291 119846634 31694394 572034 6804 1.0
00:14:54.691 119847970 30100820 581295 6841 1.0
00:14:54.891 119846812 30301594 575665 6828 1.0
00:14:55.091 119847513 30293977 575465 6819 1.0
00:14:55.291 119846888 31696387 572104 6784 1.0
00:14:55.691 119847072 30215502 577722 6819 1.0
00:14:55.891 119847516 30289899 575453 6825 1.0
00:14:56.091 119846744 30294557 575479 6826 1.0
00:14:56.491 119847105 30100545 581322 6847 1.0
00:14:56.691 119846747 30296968 575543 6832 1.0
00:14:56.891 119847418 30299507 575612 6818 1.0
00:14:57.091 119846782 30293719 575459 6821 1.0
00:14:57.491 119847012 30101231 581340 6833 1.0
00:14:57.691 119847398 30304586 575691 6837 1.0
00:14:57.891 119846616 30290193 575420 6823 1.0
00:14:58.091 119847465 30296856 575539 6822 1.0
00:14:58.491 119847075 30101965 581359 6825 1.0
00:14:58.691 119847410 30291594 575403 6829 1.0
00:14:58.891 119846823 30291384 575490 6834 1.0
00:14:59.091 119847514 30302530 575613 6841 1.0
00:14:59.491 119847865 30100736 581263 6816 1.0
00:14:59.691 119846629 30297661 575562 6816 1.0
00:14:59.891 119847515 30290887 575478 6840 1.0
00:15:00.091 119846691 30296598 575533 6837 1.0
00:15:00.491 119847795 30102300 581350 6829 1.0
00:15:00.691 119846615 30292987 575457 6826 1.0
00:15:00.891 119847481 30295373 575500 6815 1.0
00:15:01.091 119846667 30297198 575548 6836 1.0
00:15:01.491 119847227 30101709 581353 6829 1.0
00:15:01.691 119847583 30295410 575504 6830 1.0
00:15:01.891 119846737 30298877 575591 6827 1.0
00:15:02.091 119846760 30292452 575520 6813 1.0
00:15:02.491 119847117 30108438 581469 6820 1.0
00:15:02.691 119847309 30293555 575452 6828 1.0
00:15:02.891 119846738 30294009 575492 6824 1.0
00:15:03.091 119847602 30295543 575574 6822 1.0
00:15:03.491 119847832 30099927 581287 6841 1.0
00:15:03.691 119846768 30289347 575362 6823 1.0
00:15:03.891 119847511 30294521 575551 6825 1.0
00:15:04.091 119846616 30296997 575564 6836 1.0
00:15:04.491 119847861 30100255 581315 6824 1.0
00:15:04.691 119846639 30295755 575510 6821 1.0
00:15:04.891 119847378 30291822 575501 6831 1.0
00:15:05.091 119846736 30292268 575452 6832 1.0
00:15:05.491 119847087 30102175 581366 6830 1.0
00:15:05.691 119847558 30297541 575558 6836 1.0
00:15:05.891 119846798 30293675 575455 6821 1.0
00:15:06.091 119846769 30302429 575687 6837 1.0
00:15:06.491 119847054 30109498 581500 6833 1.0
00:15:06.691 119847442 30297094 575583 6838 1.0
00:15:06.891 119846675 30301597 575592 6828 1.0
00:15:07.091 119847452 30292510 575522 6828 1.0
00:15:07.491 119847915 30105647 581363 6824 1.0
00:15:07.691 119846729 30293242 575507 6819 1.0
00:15:07.891 119846687 30291270 575425 6830 1.0
00:15:08.091 119847467 30293422 575488 6825 1.0
00:15:08.491 119847774 30099519 581294 6820 1.0
00:15:08.691 119846741 30297796 575567 6829 1.0
00:15:08.891 119847487 30300000 575621 6827 1.0
00:15:09.091 119846784 30295075 575493 6833 1.0
00:15:09.491 119847204 30100807 581328 6833 1.0
00:15:09.691 119847575 30296708 575537 6826 1.0
00:15:09.891 119846652 30293163 575464 6838 1.0
00:15:10.091 119846684 30291711 575486 6824 1.0
00:15:10.491 119846962 30101924 581315 6839 1.0
00:15:10.691 119847501 30297608 575562 6834 1.0
00:15:10.891 119846810 30292648 575525 6823 1.0
00:15:11.091 119847379 30300268 575595 6842 1.0
00:15:11.491 119847938 30104026 581321 6836 1.0
00:15:11.691 119846632 30295648 575516 6809 1.0
00:15:11.891 119846768 30293617 575542 6826 1.0
00:15:12.091 119847506 30299630 575616 6830 1.0
00:15:12.491 119847860 30104372 581382 6844 1.0
00:15:12.691 119846655 30290659 575418 6834 1.0
00:15:12.891 119847440 30292141 575495 6820 1.0
00:15:13.091 119846668 30297029 575561 6843 1.0
00:15:13.491 119847081 30103463 581399 6830 1.0
00:15:13.691 119846662 30294990 575491 6826 1.0
00:15:13.891 119847346 30299400 575607 6832 1.0
00:15:14.091 119846627 30296182 575524 6834 1.0
00:15:14.491 119847070 30113487 581534 6829 1.0
00:15:14.691 119847424 30294926 575549 6825 1.0
00:15:14.891 119846695 30296454 575566 6829 1.0
00:15:15.091 119847425 30291210 575391 6837 1.0
00:15:15.491 119847824 30105583 581361 6835 1.0
00:15:15.691 119846765 30298156 575576 6825 1.0
00:15:15.891 119846771 30301148 575654 6829 1.0
00:15:16.091 119847493 30288661 575419 6818 1.0
00:15:16.491 119847796 30105120 581354 6835 1.0
00:15:16.691 119846725 30299559 575607 6841 1.0
00:15:16.891 119847476 30293348 575542 6833 1.0
00:15:17.091 119846513 30293339 575450 6838 1.0
00:15:17.491 119847150 30195101 578365 6829 1.0
00:15:17.691 119846784 30291676 575452 6820 1.0
00:15:17.891 119847605 30294686 575531 6812 1.0
00:15:18.291 119847855 31163110 578677 6823 1.0
00:15:18.491 119846675 30623408 574577 6813 1.0
00:15:18.691 119847340 30299259 575605 6822 1.0
00:15:18.891 119846629 30299792 575617 6829 1.0
00:15:19.291 119847113 30097996 581256 6828 1.0
00:15:19.491 119846751 31740431 572183 6787 1.0
00:15:19.691 119847489 30295104 575496 6846 1.0
00:15:19.891 119846769 30297182 575548 6822 1.0
00:15:20.291 119847141 30100520 581322 6840 1.0
00:15:20.491 119847522 31685365 572065 6786 1.0
00:15:20.691 119846729 30292010 575414 6814 1.0
00:15:20.891 119847565 30299692 575615 6834 1.0
00:15:21.291 119847755 30099564 581296 6835 1.0
00:15:21.491 119846642 31747336 571936 6785 1.0
00:15:21.691 119846765 30305040 575664 6835 1.0
00:15:21.891 119847444 30297799 575563 6816 1.0
00:15:22.291 119847824 30105605 581412 6844 1.0
00:15:22.491 119846705 31746376 571895 6780 1.0
00:15:22.691 119847515 30294032 575491 6829 1.0
00:15:22.891 119846729 30295596 575578 6827 1.0
00:15:23.291 119847132 30101271 581294 6831 1.0
00:15:23.491 119846836 31738808 571926 6773 1.0
00:15:23.691 119847554 30302029 575665 6823 1.0
00:15:23.891 119846734 30296527 575532 6831 1.0
00:15:24.291 119847108 30106783 581393 6822 1.0
00:15:24.491 119847499 31691831 572136 6790 1.0
00:15:24.691 119846698 30296889 575551 6822 1.0
00:15:24.891 119847598 30296434 575583 6833 1.0
00:15:25.291 119847032 30102340 581367 6825 1.0
00:15:25.491 119847728 31703117 571909 6787 1.0
00:15:25.691 119846649 30295852 575527 6831 1.0
00:15:25.891 119847432 30294632 575563 6822 1.0
00:15:26.291 119847905 30103274 581301 6841 1.0
00:15:26.491 119846586 31718919 572188 6783 1.0
00:15:26.691 119847591 30291882 575413 6836 1.0
00:15:26.891 119846704 30295885 575516 6839 1.0
00:15:27.291 119847856 30106982 581417 6825 1.0
00:15:27.491 119846686 31666461 572103 6796 1.0
00:15:27.691 119847451 30289987 575452 6836 1.0
00:15:27.891 119846683 30300015 575624 6827 1.0
00:15:28.291 119847055 30102767 581346 6836 1.0
00:15:28.491 119847525 31669085 572127 6788 1.0
00:15:28.691 119846667 30299853 575588 6822 1.0
00:15:28.891 119847485 30287559 575365 6823 1.0
00:15:29.291 119847129 30108054 581426 6832 1.0
00:15:29.491 119847563 31707220 572013 6777 1.0
00:15:29.691 119846704 30300008 575625 6827 1.0
00:15:29.891 119847360 30294830 575487 6811 1.0
00:15:30.291 119847913 30103123 581350 6837 1.0
00:15:30.491 119846759 31679219 572007 6791 1.0
00:15:30.691 119847513 30304837 575754 6854 1.0
00:15:30.891 119846642 30292801 575433 6823 1.0
00:15:31.291 119847872 30100521 581321 6837 1.0
00:15:31.491 119846702 31696488 572208 6797 1.0
00:15:31.691 119847395 30288520 575383 6832 1.0
00:15:31.891 119846629 30293492 575487 6826 1.0
00:15:32.291 119847029 30099635 581272 6825 1.0
00:15:32.491 119847509 31656416 572021 6781 1.0
00:15:32.691 119846610 30292926 575510 6838 1.0
00:15:32.891 119846707 30300117 575588 6837 1.0
00:15:33.291 119847214 30097827 581251 6817 1.0
00:15:33.491 119847504 31739156 572048 6792 1.0
00:15:33.691 119846732 30295839 575581 6829 1.0
00:15:33.891 119847462 30293781 575515 6821 1.0
00:15:34.291 119847918 30108937 581447 6830 1.0
00:15:34.491 119846605 31740088 572069 6802 1.0
00:15:34.691 119847531 30295932 575516 6835 1.0
00:15:34.891 119846614 30300765 575645 6836 1.0
00:15:35.291 119847829 30099246 581288 6829 1.0
00:15:35.491 119846709 31738222 571911 6784 1.0
00:15:35.691 119847398 30297880 575583 6828 1.0
00:15:35.891 119846748 30291989 575451 6823 1.0
00:15:36.291 119847062 30104426 581425 6839 1.0
00:15:36.491 119847539 31693433 572038 6793 1.0
00:15:36.691 119846600 30298034 575588 6823 1.0
00:15:36.891 119846733 30287658 575330 6823 1.0
00:15:37.291 119847189 30100365 581317 6844 1.0
00:15:37.491 119847533 31751078 571898 6795 1.0
00:15:37.691 119846612 30293365 575483 6848 1.0
00:15:37.891 119847336 30298604 575583 6831 1.0
00:15:38.291 119847803 30105804 581367 6842 1.0
00:15:38.491 119846794 31713551 572068 6776 1.0
00:15:38.691 119846676 30288167 575371 6825 1.0
00:15:38.891 119847447 30297298 575583 6832 1.0
00:15:39.291 119847723 30115984 581597 6852 1.0
00:15:39.491 119846760 31712620 572018 6800 1.0
00:15:39.691 119847502 30296251 575555 6835 1.0
00:15:39.891 119846676 30304572 575715 6840 1.0
00:15:40.291 119847181 30205795 578132 6818 1.0
00:15:40.491 119847426 31744096 571918 6802 1.0
00:15:40.691 119846654 30300579 575640 6825 1.0
00:15:41.091 119847853 30109442 581463 6829 1.0
00:15:41.291 119846797 30294461 575556 6803 1.0
00:15:41.491 119847545 31741735 571908 6785 1.0
00:15:41.691 119846726 30296213 575524 6839 1.0
00:15:42.091 119847125 30104674 581337 6837 1.0
00:15:42.291 119847512 30296878 575540 6821 1.0
00:15:42.491 119846791 31683383 572123 6797 1.0
00:15:42.691 119846728 30298733 575590 6828 1.0
00:15:43.091 119847178 30098547 581270 6831 1.0
00:15:43.291 119847533 30294564 575478 6824 1.0
00:15:43.491 119846802 31682306 572182 6779 1.0
00:15:43.691 119847590 30290936 575455 6834 1.0
00:15:44.091 119847927 30106844 581398 6827 1.0
00:15:44.291 119846688 30295431 575588 6824 1.0
00:15:44.491 119846778 31720471 571801 6781 1.0
00:15:44.691 119847505 30297388 575555 6826 1.0
00:15:45.091 119847892 30104497 581333 6830 1.0
00:15:45.291 119846882 30289868 575447 6819 1.0
00:15:45.491 119847494 31672486 572120 6800 1.0
00:15:45.691 119846769 30292525 575522 6825 1.0
00:15:46.091 119847040 30098630 581272 6834 1.0
00:15:46.291 119846612 30292409 575485 6828 1.0
00:15:46.491 119847533 31658848 572084 6787 1.0
00:15:46.691 119846789 30294954 575491 6831 1.0
00:15:47.091 119847075 30102221 581365 6821 1.0
00:15:47.291 119847490 30291827 575406 6826 1.0
00:15:47.491 119846681 31708193 571859 6788 1.0
00:15:47.691 119847463 30299802 575620 6827 1.0
00:15:48.091 119847915 30099963 581248 6850 1.0
00:15:48.291 119846841 30300003 575623 6819 1.0
00:15:48.491 119846867 31741067 571932 6784 1.0
00:15:48.691 119847487 30287838 575325 6822 1.0
00:15:49.091 119847842 30109534 581495 6836 1.0
00:15:49.291 119846756 30292572 575446 6827 1.0
00:15:49.491 119847557 31686581 571901 6790 1.0
00:15:49.691 119846793 30300387 575634 6821 1.0
00:15:50.091 119847091 30103157 581297 6827 1.0
00:15:50.291 119846694 30288452 575411 6818 1.0
00:15:50.491 119847462 31751738 571927 6793 1.0
00:15:50.691 119846601 30290735 575475 6835 1.0
00:15:51.091 119847020 30105315 581370 6831 1.0
00:15:51.291 119847511 30294903 575564 6817 1.0
00:15:51.491 119846731 31755271 571845 6782 1.0
00:15:51.691 119847408 30293439 575477 6835 1.0
00:15:52.091 119847027 30103247 581394 6832 1.0
00:15:52.291 119847572 30293801 575459 6828 1.0
00:15:52.491 119846732 31671325 572254 6788 1.0
00:15:52.691 119847412 30297640 575562 6822 1.0
00:15:53.091 119847784 30102505 581330 6830 1.0
00:15:53.291 119846769 30298017 575569 6823 1.0
00:15:53.491 119847429 31689900 572157 6809 1.0
00:15:53.691 119846675 30288618 575330 6829 1.0
00:15:54.091 119846985 30097701 581242 6838 1.0
00:15:54.291 119846653 30296276 575588 6827 1.0
00:15:54.491 119847553 31699035 572129 6801 1.0
00:15:54.691 119846707 30306344 575697 6835 1.0
00:15:55.091 119847014 30101717 581352 6825 1.0
00:15:55.291 119847426 30302678 575692 6825 1.0
00:15:55.491 119846664 31672535 572158 6789 1.0
00:15:55.691 119847482 30292939 575442 6820 1.0
00:15:56.091 119847145 30116545 581595 6836 1.0
00:15:56.291 119847603 30292287 575488 6815 1.0
00:15:56.491 119846786 31679361 571978 6778 1.0
00:15:56.691 119847526 30294128 575516 6837 1.0
00:15:57.091 119847823 30102089 581269 6829 1.0
00:15:57.291 119846646 30297407 575575 6826 1.0
00:15:57.491 119847607 31754172 571999 6774 1.0
00:15:57.691 119846758 30294710 575562 6823 1.0
00:15:58.091 119847790 30101144 581338 6834 1.0
00:15:58.291 119846727 30297424 575553 6827 1.0
00:15:58.491 119847515 31742636 571956 6790 1.0
00:15:58.691 119846715 30292251 575420 6827 1.0
00:15:59.091 119847158 30101227 581341 6822 1.0
00:15:59.291 119847434 30293398 575446 6823 1.0
00:15:59.491 119846748 31755128 572064 6791 1.0
00:15:59.691 119847439 30297662 575562 6833 1.0
00:16:00.091 119847206 30098349 581242 6826 1.0
00:16:00.291 119847528 30305129 575724 6838 1.0
00:16:00.491 119846808 31652074 572095 6790 1.0
00:16:00.691 119847349 30295265 575560 6834 1.0
00:16:01.091 119847777 30110242 581483 6828 1.0
00:16:01.291 119846601 30296635 575539 6825 1.0
00:16:01.491 119847464 31656472 572231 6794 1.0
00:16:01.691 119846670 30301737 575588 6821 1.0
00:16:02.091 119847766 30185610 578537 6813 1.0
00:16:02.291 119846748 30289048 575378 6821 1.0
00:16:02.491 119847588 31718518 572147 6816 1.0
00:16:02.891 119847843 30101516 581342 6831 1.0
00:16:03.091 119846734 30296237 575529 6819 1.0
00:16:03.291 119847540 30297172 575546 6827 1.0
00:16:03.491 119846683 31725712 571866 6802 1.0
00:16:03.891 119847746 30097610 581237 6827 1.0
00:16:04.091 119846775 30294465 575509 6826 1.0
00:16:04.291 119847456 30297014 575540 6837 1.0
00:16:04.491 119846794 31676027 572316 6788 1.0
00:16:04.891 119847143 30103518 581306 6835 1.0
00:16:05.091 119847483 30292792 575527 6811 1.0
00:16:05.291 119846627 30300050 575594 6829 1.0
00:16:05.491 119846743 31750722 571965 6797 1.0
00:16:05.891 119846970 30103746 581353 6832 1.0
00:16:06.091 119847406 30296940 575583 6827 1.0
00:16:06.291 119846697 30290335 575379 6824 1.0
00:16:06.491 119847528 31682703 572032 6798 1.0
00:16:06.891 119847860 30105727 581448 6831 1.0
00:16:07.091 119846761 30291521 575401 6828 1.0
00:16:07.291 119847543 30296663 575559 6829 1.0
00:16:07.491 119846687 31719804 572158 6794 1.0
00:16:07.891 119847816 30099514 581297 6826 1.0
00:16:08.091 119846717 30302665 575691 6819 1.0
00:16:08.291 119847465 30290389 575419 6825 1.0
00:16:08.491 119846633 31707711 571978 6777 1.0
00:16:08.891 119847232 30099265 581288 6839 1.0
00:16:09.091 119847535 30291201 575412 6816 1.0
00:16:09.291 119846692 30290141 575434 6828 1.0
00:16:09.491 119846641 31694542 572113 6784 1.0
00:16:09.891 119847181 30103991 581402 6844 1.0
00:16:10.091 119847356 30304221 575650 6828 1.0
00:16:10.291 119846703 30296433 575529 6826 1.0
00:16:10.491 119847473 31683645 572155 6792 1.0
00:16:10.891 119847964 30106918 581491 6813 1.0
00:16:11.091 119846677 30288591 575334 6816 1.0
00:16:11.291 119846569 30289474 575448 6822 1.0
00:16:11.491 119847414 31734436 571962 6794 1.0
00:16:11.891 119847780 30099554 581296 6826 1.0
00:16:12.091 119846656 30288136 575359 6829 1.0
00:16:12.291 119847535 30303628 575668 6814 1.0
00:16:12.491 119846744 31671737 572151 6796 1.0
00:16:12.891 119847226 30108970 581450 6837 1.0
00:16:13.091 119847533 30292857 575475 6827 1.0
00:16:13.291 119846666 30296924 575588 6820 1.0
00:16:13.491 119846740 31710579 571965 6794 1.0
00:16:13.891 119847157 30104235 581419 6828 1.0
00:16:14.091 119847364 30291321 575398 6823 1.0
00:16:14.291 119846695 30293663 575547 6830 1.0
00:16:14.491 119847524 31680707 572206 6790 1.0
00:16:14.891 119847832 30101755 581354 6839 1.0
00:16:15.091 119846736 30297925 575568 6828 1.0
00:16:15.291 119846623 30298798 575590 6834 1.0
00:16:15.491 119847601 31756409 571925 6800 1.0
00:16:15.891 119847809 30105766 581440 6827 1.0
00:16:16.091 119846768 30294258 575478 6842 1.0
00:16:16.291 119847458 30292775 575490 6811 1.0
00:16:16.491 119846747 31745120 571978 6767 1.0
00:16:16.892 119847021 30099292 581264 6819 1.0
00:16:17.092 119846658 30295858 575540 6827 1.0
00:16:17.292 119847507 30302156 575631 6830 1.0
00:16:17.492 119846755 31743642 571974 6787 1.0
00:16:17.892 119847027 30106765 581409 6830 1.0
00:16:18.092 119847551 30285817 575342 6813 1.0
00:16:18.292 119846732 30285525 575333 6831 1.0
00:16:18.492 119847538 31682261 571877 6791 1.0
00:16:18.892 119847904 30101363 581344 6817 1.0
00:16:19.092 119846703 30293635 575458 6813 1.0
00:16:19.292 119846585 30297712 575558 6843 1.0
00:16:19.492 119847497 31701456 572015 6793 1.0
00:16:19.892 119847872 30099630 581297 6833 1.0
00:16:20.092 119846746 30296463 575529 6840 1.0
00:16:20.292 119847437 30296252 575525 6827 1.0
00:16:20.492 119846692 31728642 571904 6780 1.0
00:16:20.892 119846972 30106791 581448 6835 1.0
00:16:21.092 119846660 30293660 575495 6827 1.0
00:16:21.292 119847435 30294421 575476 6830 1.0
00:16:21.492 119846730 31691839 572178 6791 1.0
00:16:21.892 119847152 30100142 581311 6832 1.0
00:16:22.092 119847421 30302664 575641 6822 1.0
00:16:22.292 119846740 30294251 575523 6834 1.0
00:16:22.492 119847407 31670021 572249 6791 1.0
00:16:22.892 119847052 30105527 581359 6837 1.0
00:16:23.092 119847546 30289137 575430 6830 1.0
00:16:23.292 119846666 30296457 575529 6826 1.0
00:16:23.492 119847574 31741831 572022 6791 1.0
00:16:23.892 119847870 30102912 581348 6850 1.0
00:16:24.092 119846772 30300157 575604 6831 1.0
00:16:24.292 119847529 30298856 575583 6816 1.0
00:16:24.492 119846530 31693290 571978 6788 1.0
00:16:24.892 119847170 30203383 578568 6824 1.0
00:16:25.092 119846630 30288428 575378 6818 1.0
00:16:25.292 119847560 30293524 575487 6823 1.0
00:16:25.692 119847903 30109307 581458 6831 1.0
00:16:25.892 119846641 30295529 575508 6834 1.0
00:16:26.092 119847434 30294714 575483 6823 1.0
00:16:26.292 119846674 30296722 575570 6825 1.0
00:16:26.692 119847051 30104909 581342 6848 1.0
00:16:26.892 119846682 30287229 575382 6831 1.0
00:16:27.092 119847488 30303134 575705 6826 1.0
00:16:27.292 119846789 30293001 575438 6828 1.0
00:16:27.692 119847181 30103324 581395 6812 1.0
00:16:27.892 119847529 30289369 575383 6831 1.0
00:16:28.092 119846650 30289718 575408 6824 1.0
00:16:28.292 119847535 30291848 575499 6823 1.0
00:16:28.692 119847146 30104228 581401 6834 1.0
00:16:28.892 119847388 30292879 575436 6825 1.0
00:16:29.092 119846712 30301282 575658 6819 1.0
00:16:29.292 119847482 30296238 575522 6831 1.0
00:16:29.692 119847856 30106209 581378 6824 1.0
00:16:29.892 119846646 30298756 575591 6837 1.0
00:16:30.092 119847523 30296331 575527 6823 1.0
00:16:30.292 119846713 30293516 575533 6812 1.0
00:16:30.692 119847897 30095826 581230 6834 1.0
00:16:30.892 119846721 30290025 575361 6834 1.0
00:16:31.092 119847541 30297957 575569 6829 1.0
00:16:31.292 119846708 30299063 575596 6830 1.0
00:16:31.692 119847056 30100359 581317 6839 1.0
00:16:31.892 119847508 30294258 575472 6828 1.0
00:16:32.092 119846720 30298797 575592 6811 1.0
00:16:32.292 119847450 30297586 575557 6832 1.0
00:16:32.692 119847223 30108506 581487 6818 1.0
00:16:32.892 119847466 30295287 575500 6822 1.0
00:16:33.092 119846732 30292904 575435 6818 1.0
00:16:33.292 119847426 30296727 575574 6833 1.0
00:16:33.692 119847926 30107303 581406 6835 1.0
00:16:33.892 119846663 30291998 575424 6834 1.0
00:16:34.092 119847459 30300001 575613 6844 1.0
00:16:34.292 119846688 30289594 575441 6843 1.0
00:16:34.692 119847851 30099288 581289 6838 1.0
00:16:34.892 119846770 30303442 575619 6833 1.0
00:16:35.092 119847541 30293919 575553 6817 1.0
00:16:35.292 119846764 30297709 575571 6822 1.0
00:16:35.692 119847086 30102964 581385 6832 1.0
00:16:35.892 119847442 30297772 575566 6831 1.0
00:16:36.092 119846744 30292741 575433 6825 1.0
00:16:36.292 119846667 30293475 575544 6809 1.0
00:16:36.692 119847084 30102304 581361 6831 1.0
00:16:36.892 119847541 30298583 575586 6842 1.0
00:16:37.092 119846666 30291796 575466 6812 1.0
00:16:37.292 119847469 30293181 575478 6830 1.0
00:16:37.692 119847858 30109891 581481 6825 1.0
00:16:37.892 119846573 30294316 575474 6845 1.0
00:16:38.092 119847427 30296189 575524 6835 1.0
00:16:38.292 119846813 30305677 575771 6836 1.0
00:16:38.692 119847676 30102581 581281 6832 1.0
00:16:38.892 119846613 30288848 575425 6814 1.0
00:16:39.092 119847613 30302050 575678 6833 1.0
00:16:39.292 119846618 30293720 575455 6835 1.0
00:16:39.692 119847180 30099639 581299 6822 1.0
00:16:39.892 119847526 30290832 575401 6831 1.0
00:16:40.092 119846609 30294393 575559 6819 1.0
00:16:40.292 119846659 30296652 575535 6826 1.0
00:16:40.692 119846982 30103278 581359 6833 1.0
00:16:40.892 119847494 30293491 575466 6848 1.0
00:16:41.092 119846659 30304120 575719 6830 1.0
00:16:41.292 119847424 30297768 575562 6821 1.0
00:16:41.692 119847831 30104165 581350 6818 1.0
00:16:41.892 119846633 30300207 575629 6838 1.0
00:16:42.092 119846732 30292634 575434 6827 1.0
00:16:42.292 119847566 30297862 575583 6816 1.0
00:16:42.692 119847756 30095593 581192 6833 1.0
00:16:42.892 119846734 30294036 575471 6820 1.0
00:16:43.092 119847499 30286153 575349 6827 1.0
00:16:43.292 119846716 30305898 575777 6819 1.0
00:16:43.692 119847074 30098785 581274 6828 1.0
00:16:43.892 119847401 30301151 575655 6841 1.0
00:16:44.092 119846734 30293943 575464 6825 1.0
00:16:44.292 119846714 30289143 575430 6837 1.0
00:16:44.692 119846961 30110289 581499 6820 1.0
00:16:44.892 119847413 30293196 575527 6820 1.0
00:16:45.092 119846657 30292903 575435 6816 1.0
00:16:45.292 119847569 30301196 575652 6837 1.0
00:16:45.692 119847752 30104937 581353 6836 1.0
00:16:45.892 119846724 30293120 575472 6829 1.0
00:16:46.092 119846739 30300838 575614 6836 1.0
00:16:46.292 119847516 30292601 575521 6819 1.0
00:16:46.692 119848002 30191145 579162 6824 1.0
00:16:46.892 119846636 30297805 575566 6816 1.0
00:16:47.092 119847562 30294456 575478 6834 1.0
00:16:47.492 119847918 31444943 578151 6793 1.0
00:16:47.692 119846697 30382277 575352 6844 1.0
00:16:47.892 119846720 30290834 575477 6819 1.0
00:16:48.092 119847436 30301292 575658 6834 1.0
00:16:48.492 119847940 30102228 581292 6826 1.0
00:16:48.692 119846829 31678360 572130 6790 1.0
00:16:48.892 119847449 30304574 575689 6827 1.0
00:16:49.092 119846669 30294868 575543 6820 1.0
00:16:49.492 119847132 30102607 581377 6829 1.0
00:16:49.692 119846732 31680748 572117 6778 1.0
00:16:49.892 119847441 30294256 575503 6831 1.0
00:16:50.092 119846730 30295386 575565 6832 1.0
00:16:50.492 119847116 30102969 581386 6839 1.0
00:16:50.692 119847613 31682486 572016 6793 1.0
00:16:50.892 119846736 30295827 575514 6844 1.0
00:16:51.092 119847489 30300306 575634 6838 1.0
00:16:51.492 119847856 30100310 581317 6832 1.0
00:16:51.692 119846785 31747129 572164 6779 1.0
00:16:51.892 119846670 30294463 575477 6838 1.0
00:16:52.092 119847458 30296700 575536 6815 1.0
00:16:52.492 119847944 30106435 581383 6826 1.0
00:16:52.692 119846613 31695824 572028 6797 1.0
00:16:52.892 119847415 30289909 575453 6837 1.0
00:16:53.092 119846592 30293087 575441 6828 1.0
00:16:53.492 119847168 30095700 581242 6837 1.0
00:16:53.692 119846751 31690875 571978 6785 1.0
00:16:53.892 119847578 30300254 575591 6840 1.0
00:16:54.092 119846518 30292322 575515 6826 1.0
00:16:54.492 119847072 30108661 581442 6831 1.0
00:16:54.692 119847479 31750614 571883 6790 1.0
00:16:54.892 119846672 30293846 575487 6822 1.0
00:16:55.092 119847502 30295877 575516 6822 1.0
00:16:55.492 119847040 30108861 581446 6844 1.0
00:16:55.692 119847578 31683083 571999 6793 1.0
00:16:55.892 119846632 30306095 575724 6844 1.0
00:16:56.092 119847507 30293775 575521 6820 1.0
00:16:56.492 119847873 30108639 581443 6836 1.0
00:16:56.692 119846804 31694572 572224 6780 1.0
00:16:56.892 119847599 30302069 575586 6832 1.0
00:16:57.092 119846757 30296427 575585 6821 1.0
00:16:57.492 119847084 30101984 581361 6813 1.0
00:16:57.692 119846742 31755462 571867 6790 1.0
00:16:57.892 119847518 30288200 575408 6823 1.0
00:16:58.092 119846751 30303100 575706 6831 1.0
00:16:58.492 119847142 30099601 581296 6847 1.0
00:16:58.692 119847578 31707980 572291 6800 1.0
00:16:58.892 119846722 30295045 575495 6837 1.0
00:16:59.092 119847382 30300385 575632 6823 1.0
00:16:59.492 119847191 30114148 581586 6838 1.0
00:16:59.692 119847550 31709837 572083 6778 1.0
00:16:59.892 119846674 30293530 575452 6836 1.0
00:17:00.092 119847579 30295896 575517 6819 1.0
00:17:00.492 119847740 30102256 581366 6819 1.0
00:17:00.692 119846739 31723980 571965 6798 1.0
00:17:00.892 119847547 30296212 575524 6837 1.0
00:17:01.092 119846604 30289294 575433 6815 1.0
00:17:01.492 119847804 30109698 581467 6830 1.0
00:17:01.692 119846743 31734818 571954 6791 1.0
00:17:01.892 119847505 30296648 575583 6823 1.0
00:17:02.092 119846715 30292725 575457 6833 1.0
00:17:02.492 119847079 30103882 581315 6838 1.0
00:17:02.692 119847609 31716554 571950 6791 1.0
00:17:02.892 119846718 30294090 575506 6825 1.0
00:17:03.092 119847529 30298507 575586 6847 1.0
00:17:03.492 119846945 30098121 581259 6840 1.0
00:17:03.692 119847533 31693059 572130 6780 1.0
00:17:03.892 119846730 30292220 575511 6839 1.0
00:17:04.092 119847432 30294413 575475 6830 1.0
00:17:04.492 119847731 30099829 581302 6838 1.0
00:17:04.692 119846695 31697586 571844 6799 1.0
00:17:04.892 119847423 30297839 575580 6826 1.0
00:17:05.092 119846736 30304456 575727 6826 1.0
00:17:05.492 119847859 30100436 581319 6841 1.0
00:17:05.692 119846730 31740788 571999 6778 1.0
00:17:05.892 119847478 30298446 575583 6827 1.0
00:17:06.092 119846653 30289051 575427 6821 1.0
00:17:06.492 119847090 30116146 581599 6829 1.0
00:17:06.692 119847571 31716910 572025 6783 1.0
00:17:06.892 119846725 30294201 575536 6842 1.0
00:17:07.092 119846775 30295968 575544 6830 1.0
00:17:07.492 119847122 30100881 581303 6834 1.0
00:17:07.692 119847481 31651549 572094 6796 1.0
00:17:07.892 119846636 30293313 575458 6826 1.0
00:17:08.092 119847317 30297068 575546 6827 1.0
00:17:08.492 119847982 30103342 581288 6837 1.0
00:17:08.692 119846820 31726275 572088 6784 1.0
00:17:08.892 119847436 30300117 575627 6830 1.0
00:17:09.092 119846678 30290611 575392 6817 1.0
00:17:09.492 119847834 30194431 578345 6816 1.0
00:17:09.692 119846720 31761737 571889 6792 1.0
00:17:09.892 119847452 30290544 575469 6822 1.0
00:17:10.292 119847912 30104856 581360 6840 1.0
00:17:10.492 119846641 30296979 575588 6827 1.0
00:17:10.692 119847442 31723890 572230 6782 1.0
00:17:10.892 119846630 30293566 575455 6837 1.0
00:17:11.292 119847672 30103079 581299 6821 1.0
00:17:11.492 119846788 30298411 575581 6831 1.0
00:17:11.692 119847481 31661950 572082 6789 1.0
00:17:11.892 119846808 30295260 575500 6837 1.0
00:17:12.292 119847132 30100445 581319 6819 1.0
00:17:12.492 119847425 30290661 575404 6828 1.0
00:17:12.692 119846732 31755615 571913 6793 1.0
00:17:12.892 119846675 30299712 575617 6821 1.0
00:17:13.292 119847144 30104682 581431 6815 1.0
00:17:13.492 119847423 30293025 575440 6835 1.0
00:17:13.692 119846740 31721593 571913 6777 1.0
00:17:13.892 119847364 30297506 575572 6823 1.0
00:17:14.292 119847974 30108679 581441 6834 1.0
00:17:14.492 119846753 30296095 575521 6845 1.0
00:17:14.692 119846775 31657626 572207 6762 1.0
00:17:14.892 119847478 30303255 575663 6838 1.0
00:17:15.292 119847753 30100100 581251 6840 1.0
00:17:15.492 119846835 30291047 575481 6807 1.0
00:17:15.692 119847571 31759192 572067 6782 1.0
00:17:15.892 119846877 30294533 575539 6828 1.0
00:17:16.292 119847092 30107467 581411 6838 1.0
00:17:16.492 119847493 30290735 575447 6828 1.0
00:17:16.692 119846796 31746634 571907 6770 1.0
00:17:16.892 119846739 30299301 575605 6825 1.0
00:17:17.292 119847129 30103247 581392 6823 1.0
00:17:17.492 119847550 30291583 575406 6831 1.0
00:17:17.692 119846820 31718525 572063 6791 1.0
00:17:17.892 119847478 30291619 575426 6831 1.0
00:17:18.292 119847782 30105459 581417 6822 1.0
00:17:18.492 119846732 30297942 575588 6831 1.0
00:17:18.692 119846809 31708066 571978 6790 1.0
00:17:18.892 119847570 30296952 575583 6831 1.0
00:17:19.292 119847804 30100959 581275 6827 1.0
00:17:19.492 119846727 30301563 575664 6824 1.0
00:17:19.692 119847452 31698913 572117 6797 1.0
00:17:19.892 119846763 30301750 575626 6837 1.0
00:17:20.292 119847016 30097715 581247 6826 1.0
00:17:20.492 119846697 30296577 575534 6817 1.0
00:17:20.692 119847505 31658854 572043 6791 1.0
00:17:20.892 119846804 30291252 575477 6840 1.0
00:17:21.292 119847013 30109364 581460 6839 1.0
00:17:21.492 119847564 30293390 575452 6825 1.0
00:17:21.692 119846759 31720580 572053 6795 1.0
00:17:21.892 119847401 30298750 575592 6836 1.0
00:17:22.292 119847884 30104813 581396 6825 1.0
00:17:22.492 119846760 30294291 575473 6826 1.0
00:17:22.692 119846832 31743082 572027 6793 1.0
00:17:22.892 119847391 30299215 575604 6835 1.0
00:17:23.292 119847804 30114843 581604 6841 1.0
00:17:23.492 119846679 30289621 575352 6824 1.0
00:17:23.692 119847529 31654700 572212 6782 1.0
00:17:23.892 119846627 30292755 575433 6841 1.0
00:17:24.292 119846969 30098445 581267 6835 1.0
00:17:24.492 119846812 30301481 575663 6805 1.0
00:17:24.692 119847454 31694350 572097 6786 1.0
00:17:24.892 119846780 30300710 575621 6834 1.0
00:17:25.292 119847113 30105501 581359 6832 1.0
00:17:25.492 119847540 30297597 575561 6832 1.0
00:17:25.692 119846675 31713864 571989 6776 1.0
00:17:25.892 119847576 30300481 575637 6839 1.0
00:17:26.292 119846946 30103298 581392 6829 1.0
00:17:26.492 119847445 30291727 575433 6821 1.0
00:17:26.692 119846649 31714966 572023 6790 1.0
00:17:26.892 119847449 30301942 575677 6828 1.0
00:17:27.292 119847813 30106113 581375 6835 1.0
00:17:27.492 119846737 30292978 575454 6829 1.0
00:17:27.692 119847537 31707638 572160 6784 1.0
00:17:27.892 119846705 30298823 575593 6831 1.0
00:17:28.292 119846999 30110319 581483 6841 1.0
00:17:28.492 119846696 30291993 575459 6812 1.0
00:17:28.692 119847499 31666275 572155 6776 1.0
00:17:28.892 119846637 30292748 575432 6843 1.0
00:17:29.292 119847105 30098774 581274 6828 1.0
00:17:29.492 119847530 30298253 575578 6834 1.0
00:17:29.692 119846754 31746460 572026 6798 1.0
00:17:29.892 119847605 30295603 575508 6841 1.0
00:17:30.292 119847193 30102839 581338 6828 1.0
00:17:30.492 119847559 30307886 575780 6832 1.0
00:17:30.692 119846739 31670699 572039 6787 1.0
00:17:30.892 119847621 30295072 575540 6835 1.0
00:17:31.292 119847829 30167312 579135 6805 1.0
00:17:31.492 119846739 30296827 575540 6822 1.0
00:17:31.692 119847406 31690403 572097 6792 1.0
00:17:31.892 119846631 30296793 575549 6826 1.0
00:17:32.292 119847938 30287438 575569 6808 1.0
00:17:32.492 119846571 30296681 575588 6829 1.0
00:17:32.692 119847566 31653624 572112 6778 1.0
00:17:33.092 119847894 30102157 581271 6839 1.0
00:17:33.292 119846718 30296528 575578 6833 1.0
00:17:33.492 119847503 30291455 575444 6821 1.0
00:17:33.692 119846862 31718747 571860 6789 1.0
00:17:34.092 119847734 30102272 581369 6842 1.0
00:17:34.292 119846740 30290226 575455 6846 1.0
00:17:34.492 119847526 30293148 575445 6836 1.0
00:17:34.692 119846658 31685080 572116 6795 1.0
00:17:35.092 119847126 30101403 581345 6845 1.0
00:17:35.292 119847471 30305286 575703 6834 1.0
00:17:35.492 119846778 30292051 575474 6820 1.0
00:17:35.692 119847545 31739566 571807 6779 1.0
00:17:36.092 119847162 30110474 581491 6826 1.0
00:17:36.292 119847450 30289961 575449 6825 1.0
00:17:36.492 119846646 30290860 575427 6825 1.0
00:17:36.692 119847537 31660028 572190 6784 1.0
00:17:37.092 119847880 30099451 581295 6833 1.0
00:17:37.292 119846682 30289502 575403 6833 1.0
00:17:37.492 119847393 30296066 575554 6817 1.0
00:17:37.692 119846780 31751492 571927 6790 1.0
00:17:38.092 119847829 30110028 581480 6820 1.0
00:17:38.292 119846682 30299328 575602 6821 1.0
00:17:38.492 119847446 30291219 575486 6828 1.0
00:17:38.692 119846584 31673575 572061 6792 1.0
00:17:39.092 119847002 30099332 581255 6820 1.0
00:17:39.292 119847453 30293137 575476 6819 1.0
00:17:39.492 119846703 30302505 575688 6828 1.0
00:17:39.692 119846647 31729131 571985 6788 1.0
00:17:40.092 119847036 30105534 581360 6826 1.0
00:17:40.292 119847459 30303298 575708 6840 1.0
00:17:40.492 119846709 30293906 575464 6819 1.0
00:17:40.692 119847498 31718705 572109 6795 1.0
00:17:41.092 119847901 30099823 581303 6825 1.0
00:17:41.292 119846695 30293049 575439 6836 1.0
00:17:41.492 119847563 30300374 575635 6815 1.0
00:17:41.692 119846678 31669332 572267 6788 1.0
00:17:42.092 119847835 30097418 581241 6835 1.0
00:17:42.292 119846796 30294803 575578 6834 1.0
00:17:42.492 119847388 30299368 575583 6832 1.0
00:17:42.692 119846849 31673152 572076 6774 1.0
00:17:43.092 119847138 30112639 581501 6837 1.0
00:17:43.292 119847451 30290369 575462 6816 1.0
00:17:43.492 119846659 30296548 575534 6832 1.0
00:17:43.692 119846762 31680129 572066 6785 1.0
00:17:44.092 119847043 30102226 581277 6821 1.0
00:17:44.292 119847553 30292879 575531 6823 1.0
00:17:44.492 119846736 30307034 575714 6835 1.0
00:17:44.692 119847602 31693102 572032 6799 1.0
00:17:45.092 119847883 30098528 581268 6834 1.0
00:17:45.292 119846667 30305701 575688 6820 1.0
00:17:45.492 119846767 30289366 575428 6823 1.0
00:17:45.692 119847562 31682031 572052 6785 1.0
00:17:46.092 119847877 30105473 581358 6834 1.0
00:17:46.292 119846757 30297925 575567 6827 1.0
00:17:46.492 119847474 30296663 575536 6833 1.0
00:17:46.692 119846717 31744772 571978 6796 1.0
00:17:47.092 119847034 30101694 581259 6843 1.0
00:17:47.292 119847394 30297955 575574 6825 1.0
00:17:47.492 119846613 30294440 575564 6821 1.0
00:17:47.692 119846685 31711583 571992 6781 1.0
00:17:48.092 119847025 30107864 581422 6816 1.0
00:17:48.292 119847494 30288915 575423 6816 1.0
00:17:48.492 119846819 30299010 575596 6822 1.0
00:17:48.692 119847585 31753691 572051 6798 1.0
00:17:49.092 119847995 30101602 581349 6826 1.0
00:17:49.292 119846619 30296013 575517 6826 1.0
00:17:49.492 119846833 30295114 575495 6817 1.0
00:17:49.692 119847521 31668585 572344 6790 1.0
00:17:50.092 119847813 30103258 581394 6837 1.0
00:17:50.292 119846677 30293629 575453 6818 1.0
00:17:50.492 119847587 30294089 575554 6841 1.0
00:17:50.692 119846750 31653955 572017 6777 1.0
00:17:51.092 119847138 30104627 581430 6826 1.0
00:17:51.292 119846707 30293635 575453 6830 1.0
00:17:51.492 119847487 30300784 575644 6803 1.0
00:17:51.692 119846802 31688247 572057 6796 1.0
00:17:52.092 119847098 30106523 581387 6830 1.0
00:17:52.292 119847442 30304123 575730 6821 1.0
00:17:52.492 119846811 30289580 575441 6818 1.0
00:17:52.692 119847425 31669442 572222 6793 1.0
00:17:53.092 119846979 30105720 581423 6831 1.0
00:17:53.292 119847466 30298203 575573 6817 1.0
00:17:53.492 119846795 30294167 575470 6825 1.0
00:17:53.692 119847479 31737435 571999 6784 1.0
00:17:54.092 119847792 30194141 578339 6815 1.0
00:17:54.292 119846583 30303094 575703 6826 1.0
00:17:54.492 119847437 30290953 575442 6830 1.0
00:17:54.892 119847800 30102065 581364 6829 1.0
00:17:55.092 119846693 30300998 575648 6821 1.0
00:17:55.292 119846650 30297444 575555 6825 1.0
00:17:55.492 119847454 30295812 575515 6822 1.0
00:17:55.892 119847702 30103592 581339 6818 1.0
00:17:56.092 119846727 30291885 575473 6834 1.0
00:17:56.292 119847525 30292083 575440 6819 1.0
00:17:56.492 119846800 30301632 575639 6822 1.0
00:17:56.892 119846979 30101378 581287 6839 1.0
00:17:57.092 119846723 30298252 575588 6829 1.0
00:17:57.292 119847511 30297903 575583 6826 1.0
00:17:57.492 119846800 30290578 575405 6807 1.0
00:17:57.892 119847107 30102479 581361 6826 1.0
00:17:58.092 119847396 30293254 575459 6833 1.0
00:17:58.292 119846687 30296205 575520 6819 1.0
00:17:58.492 119847588 30292014 575508 6822 1.0
00:17:58.892 119847155 30098585 581270 6838 1.0
00:17:59.092 119847565 30292921 575504 6833 1.0
00:17:59.292 119846642 30294803 575512 6825 1.0
00:17:59.492 119847385 30294410 575476 6815 1.0
00:17:59.892 119847857 30099913 581263 6831 1.0
00:18:00.092 119846791 30295068 575562 6822 1.0
00:18:00.292 119847496 30291176 575414 6826 1.0
00:18:00.492 119846735 30295576 575506 6821 1.0
00:18:00.892 119847001 30103036 581296 6832 1.0
00:18:01.092 119846613 30295732 575534 6829 1.0
00:18:01.292 119847463 30293911 575530 6835 1.0
00:18:01.492 119846692 30302460 575641 6835 1.0
00:18:01.892 119847079 30103347 581355 6831 1.0
00:18:02.092 119847426 30301946 575621 6845 1.0
00:18:02.292 119846720 30294143 575550 6820 1.0
00:18:02.492 119847538 30288660 575336 6818 1.0
00:18:02.892 119847144 30101321 581341 6839 1.0
00:18:03.092 119847524 30295602 575509 6829 1.0
00:18:03.292 119846704 30293224 575534 6825 1.0
00:18:03.492 119847491 30299640 575588 6845 1.0
00:18:03.892 119847812 30098294 581259 6832 1.0
00:18:04.092 119846687 30292775 575527 6828 1.0
00:18:04.292 119847472 30302456 575622 6837 1.0
00:18:04.492 119846779 30293251 575508 6823 1.0
00:18:04.892 119847693 30108703 581443 6840 1.0
00:18:05.092 119846698 30290653 575385 6835 1.0
00:18:05.292 119847374 30298004 575583 6826 1.0
00:18:05.492 119846664 30293277 575517 6824 1.0
00:18:05.892 119847012 30101041 581335 6821 1.0
00:18:06.092 119847537 30297001 575544 6820 1.0
00:18:06.292 119846698 30298071 575570 6833 1.0
00:18:06.492 119847461 30296444 575526 6831 1.0
00:18:06.892 119847005 30097250 581235 6830 1.0
00:18:07.092 119847369 30296103 575564 6830 1.0
00:18:07.292 119846613 30293269 575493 6833 1.0
00:18:07.492 119847363 30294778 575485 6826 1.0
00:18:07.892 119847899 30103287 581390 6836 1.0
00:18:08.092 119846671 30293492 575451 6822 1.0
00:18:08.292 119847559 30292917 575528 6832 1.0
00:18:08.492 119846762 30302924 575627 6811 1.0
00:18:08.892 119847911 30102973 581308 6834 1.0
00:18:09.092 119846676 30301525 575647 6837 1.0
00:18:09.292 119847432 30297411 575556 6833 1.0
00:18:09.492 119846790 30290998 575478 6811 1.0
00:18:09.892 119847051 30109332 581458 6836 1.0
00:18:10.092 119847485 30295470 575506 6821 1.0
00:18:10.292 119846705 30293708 575540 6819 1.0
00:18:10.492 119846777 30304717 575663 6827 1.0
00:18:10.892 119847115 30099150 581286 6828 1.0
00:18:11.092 119847397 30288279 575410 6833 1.0
00:18:11.292 119846681 30293505 575451 6824 1.0
00:18:11.492 119847508 30296383 575567 6829 1.0
00:18:11.892 119847871 30108727 581495 6834 1.0
00:18:12.092 119846679 30296909 575561 6824 1.0
00:18:12.292 119846682 30298330 575580 6816 1.0
00:18:12.492 119847352 30297629 575558 6825 1.0
00:18:12.892 119847872 30105071 581348 6816 1.0
00:18:13.092 119846643 30287798 575396 6836 1.0
00:18:13.292 119847561 30304246 575719 6841 1.0
00:18:13.492 119846689 30294943 575503 6819 1.0
00:18:13.892 119847007 30095040 581176 6823 1.0
00:18:14.092 119847537 30301203 575661 6830 1.0
00:18:14.292 119846744 30293454 575449 6821 1.0
00:18:14.492 119846639 30294173 575539 6840 1.0
00:18:14.892 119847035 30101867 581358 6812 1.0
00:18:15.092 119847354 30299072 575600 6845 1.0
00:18:15.292 119846713 30300338 575629 6829 1.0
00:18:15.492 119847458 30298755 575590 6825 1.0
00:18:15.892 119847868 30158913 579513 6822 1.0
00:18:16.092 119846651 30300381 575634 6820 1.0
00:18:16.292 119846703 30295905 575515 6821 1.0
00:18:16.492 119847442 30295347 575532 6832 1.0
00:18:16.892 119847753 30284217 576043 6796 1.0
00:18:17.092 119846783 30288928 575372 6834 1.0
00:18:17.292 119847437 30301862 575628 6845 1.0
00:18:17.692 119847887 30110781 581495 6832 1.0
00:18:17.892 119846752 31722869 571978 6785 1.0
00:18:18.092 119846794 30291465 575429 6829 1.0
00:18:18.292 119847474 30298493 575580 6812 1.0
00:18:18.692 119847803 30100821 581329 6828 1.0
00:18:18.892 119846772 31726936 571953 6778 1.0
00:18:19.092 119847459 30302212 575653 6829 1.0
00:18:19.292 119846797 30293294 575474 6828 1.0
00:18:19.692 119847081 30106123 581375 6825 1.0
00:18:19.892 119847539 31690671 572149 6786 1.0
00:18:20.092 119846726 30293141 575446 6843 1.0
00:18:20.292 119846674 30288134 575402 6817 1.0
00:18:20.692 119847053 30103846 581315 6834 1.0
00:18:20.892 119847491 31728575 572044 6779 1.0
00:18:21.092 119846807 30302740 575695 6825 1.0
00:18:21.292 119847380 30291262 575394 6822 1.0
00:18:21.692 119847875 30098002 581254 6821 1.0
00:18:21.892 119846806 31702453 572196 6783 1.0
00:18:22.092 119846780 30297725 575565 6833 1.0
00:18:22.292 119847429 30291507 575451 6823 1.0
00:18:22.692 119847809 30105695 581413 6841 1.0
00:18:22.892 119846779 31708234 571997 6803 1.0
00:18:23.092 119847475 30294597 575484 6832 1.0
00:18:23.292 119846769 30300602 575637 6833 1.0
00:18:23.692 119847086 30100707 581325 6836 1.0
00:18:23.892 119846507 31747970 571956 6787 1.0
00:18:24.092 119847416 30296850 575540 6836 1.0
00:18:24.292 119846750 30292960 575492 6836 1.0
00:18:24.692 119847140 30114844 581573 6833 1.0
00:18:24.892 119847494 31716300 571925 6791 1.0
00:18:25.092 119846779 30289964 575455 6827 1.0
00:18:25.292 119847511 30302504 575685 6828 1.0
00:18:25.692 119847930 30098192 581260 6831 1.0
00:18:25.892 119846772 31680423 572074 6787 1.0
00:18:26.092 119846642 30298380 575588 6818 1.0
00:18:26.292 119847556 30292701 575484 6827 1.0
00:18:26.692 119847900 30101242 581285 6837 1.0
00:18:26.892 119846804 31736949 571877 6794 1.0
00:18:27.092 119847470 30297112 575548 6823 1.0
00:18:27.292 119846644 30302367 575683 6826 1.0
00:18:27.692 119847072 30098749 581242 6828 1.0
00:18:27.892 119846787 31670160 572203 6785 1.0
00:18:28.092 119847411 30302856 575616 6826 1.0
00:18:28.292 119846689 30292561 575508 6819 1.0
00:18:28.692 119847113 30101197 581339 6824 1.0
00:18:28.892 119847515 31753784 572097 6793 1.0
00:18:29.092 119846616 30293872 575476 6822 1.0
00:18:29.292 119847393 30298278 575576 6826 1.0
00:18:29.692 119847164 30097659 581245 6835 1.0
00:18:29.892 119847560 31681131 572108 6783 1.0
00:18:30.092 119846665 30293927 575559 6824 1.0
00:18:30.292 119847389 30304256 575641 6835 1.0
00:18:30.692 119847960 30100546 581237 6835 1.0
00:18:30.892 119846603 31753349 572050 6774 1.0
00:18:31.092 119847471 30287698 575395 6826 1.0
00:18:31.292 119846793 30295227 575497 6834 1.0
00:18:31.692 119847782 30106874 581395 6819 1.0
00:18:31.892 119846688 31699038 572167 6801 1.0
00:18:32.092 119847348 30294540 575481 6833 1.0
00:18:32.292 119846796 30292781 575436 6824 1.0
00:18:32.692 119847122 30098004 581254 6832 1.0
00:18:32.892 119847572 31709679 571959 6792 1.0
00:18:33.092 119846719 30306725 575795 6828 1.0
00:18:33.292 119847549 30291125 575388 6845 1.0
00:18:33.692 119847062 30106333 581468 6832 1.0
00:18:33.892 119847499 31720259 572010 6781 1.0
00:18:34.092 119846639 30295792 575551 6837 1.0
00:18:34.292 119847429 30291634 575458 6814 1.0
00:18:34.692 119847940 30096713 581219 6834 1.0
00:18:34.892 119846777 31693023 572085 6784 1.0
00:18:35.092 119847437 30293592 575456 6842 1.0
00:18:35.292 119846786 30299935 575619 6836 1.0
00:18:35.692 119847815 30105089 581396 6835 1.0
00:18:35.892 119846743 31733244 572074 6781 1.0
00:18:36.092 119847386 30285800 575328 6827 1.0
00:18:36.292 119846710 30292054 575428 6839 1.0
00:18:36.692 119847093 30112284 581536 6838 1.0
00:18:36.892 119847544 31728507 571973 6781 1.0
00:18:37.092 119846748 30298042 575574 6826 1.0
00:18:37.292 119846747 30301891 575669 6829 1.0
00:18:37.692 119847079 30096266 581244 6834 1.0
00:18:37.892 119847594 31689356 571994 6785 1.0
00:18:38.092 119846696 30298307 575579 6828 1.0
00:18:38.292 119847568 30297941 575571 6829 1.0
00:18:38.692 119847834 30206370 578566 6829 1.0
00:18:38.892 119846846 31714586 572083 6786 1.0
00:18:39.092 119847493 30291770 575465 6817 1.0
00:18:39.492 119847134 30104084 581415 6824 1.0
00:18:39.692 119847498 30293754 575460 6832 1.0
00:18:39.892 119846778 31717437 571955 6798 1.0
00:18:40.092 119847360 30297476 575559 6825 1.0
00:18:40.492 119847865 30102772 581381 6845 1.0
00:18:40.692 119846664 30295577 575505 6838 1.0
00:18:40.892 119847641 31682614 572166 6785 1.0
00:18:41.092 119846821 30301930 575675 6821 1.0
00:18:41.492 119847929 30105144 581349 6834 1.0
00:18:41.692 119846743 30288968 575425 6837 1.0
00:18:41.892 119847564 31657308 572076 6795 1.0
00:18:42.092 119846729 30286496 575362 6827 1.0
00:18:42.492 119847118 30103679 581380 6829 1.0
00:18:42.692 119847374 30289628 575415 6820 1.0
00:18:42.892 119846653 31716550 572288 6805 1.0
00:18:43.092 119846664 30288863 575424 6827 1.0
00:18:43.492 119847016 30099061 581242 6834 1.0
00:18:43.692 119847481 30299612 575583 6820 1.0
00:18:43.892 119846727 31682799 572013 6784 1.0
00:18:44.092 119847481 30289973 575454 6812 1.0
00:18:44.492 119847827 30101496 581348 6829 1.0
00:18:44.692 119846823 30290722 575380 6847 1.0
00:18:44.892 119847594 31719542 571957 6795 1.0
00:18:45.092 119846485 30294167 575545 6831 1.0
00:18:45.492 119847860 30101030 581335 6831 1.0
00:18:45.692 119846705 30303781 575722 6824 1.0
00:18:45.892 119847539 31679123 571952 6790 1.0
00:18:46.092 119846729 30290133 575365 6843 1.0
00:18:46.492 119847095 30110754 581497 6821 1.0
00:18:46.692 119847504 30289583 575395 6832 1.0
00:18:46.892 119846788 31737565 571887 6768 1.0
00:18:47.092 119846722 30300250 575631 6846 1.0
00:18:47.492 119847106 30103622 581403 6832 1.0
00:18:47.692 119847485 30295690 575510 6830 1.0
00:18:47.892 119846764 31705013 572094 6787 1.0
00:18:48.092 119847466 30294224 575472 6837 1.0
00:18:48.492 119847962 30103379 581386 6836 1.0
00:18:48.692 119846738 30291978 575439 6824 1.0
00:18:48.892 119846791 31683823 571979 6793 1.0
00:18:49.092 119847426 30291396 575491 6823 1.0
00:18:49.492 119847872 30103643 581336 6823 1.0
00:18:49.692 119846745 30294055 575536 6831 1.0
00:18:49.892 119847435 31676018 572118 6788 1.0
00:18:50.092 119846705 30291548 575495 6832 1.0
00:18:50.492 119847072 30101865 581275 6837 1.0
00:18:50.692 119847524 30303321 575697 6829 1.0
00:18:50.892 119846813 31683176 572039 6788 1.0
00:18:51.092 119846763 30287656 575394 6831 1.0
00:18:51.492 119847090 30106709 581444 6844 1.0
00:18:51.692 119847581 30291511 575443 6835 1.0
00:18:51.892 119846653 31726624 571921 6789 1.0
00:18:52.092 119847526 30301891 575672 6834 1.0
00:18:52.492 119847838 30102251 581342 6833 1.0
00:18:52.692 119846746 30289926 575383 6810 1.0
00:18:52.892 119846841 31744103 571964 6781 1.0
00:18:53.092 119847482 30297961 575570 6845 1.0
00:18:53.492 119847820 30108682 581441 6831 1.0
00:18:53.692 119846859 30299762 575619 6833 1.0
00:18:53.892 119847599 31658336 572136 6784 1.0
00:18:54.092 119846713 30294145 575563 6822 1.0
00:18:54.492 119847166 30101575 581350 6819 1.0
00:18:54.692 119846772 30293889 575462 6822 1.0
00:18:54.892 119847480 31748291 571982 6800 1.0
00:18:55.092 119846749 30297560 575578 6818 1.0
00:18:55.492 119846969 30103318 581302 6823 1.0
00:18:55.692 119847377 30304234 575733 6822 1.0
00:18:55.892 119846738 31713247 571951 6781 1.0
00:18:56.092 119847537 30293514 575454 6839 1.0
00:18:56.492 119847101 30096656 581242 6841 1.0
00:18:56.692 119847495 30294846 575531 6802 1.0
00:18:56.892 119846738 31732327 571871 6789 1.0
00:18:57.092 119847537 30302011 575676 6828 1.0
00:18:57.492 119847825 30101202 581287 6826 1.0
00:18:57.692 119846678 30296007 575538 6825 1.0
00:18:57.892 119847571 31732588 572026 6771 1.0
00:18:58.092 119846767 30296406 575535 6836 1.0
00:18:58.492 119847073 30111399 581512 6834 1.0
00:18:58.692 119846600 30289515 575366 6831 1.0
00:18:58.892 119847369 31721471 571973 6782 1.0
00:18:59.092 119846750 30295462 575523 6825 1.0
00:18:59.492 119847126 30101650 581349 6839 1.0
00:18:59.692 119847431 30293259 575447 6822 1.0
00:18:59.892 119846816 31721034 572055 6798 1.0
00:19:00.092 119847387 30291346 575408 6828 1.0
00:19:00.492 119847100 30153260 579875 6833 1.0
00:19:00.692 119847535 30296415 575530 6818 1.0
00:19:00.892 119846818 31711870 571960 6796 1.0
00:19:01.092 119847508 30293047 575500 6827 1.0
00:19:01.493 119847997 30268879 576246 6805 1.0
00:19:01.693 119846652 30295469 575504 6835 1.0
00:19:01.893 119847595 31740834 572165 6791 1.0
00:19:02.293 119847096 30102764 581287 6830 1.0
00:19:02.493 119847399 30293497 575547 6828 1.0
00:19:02.693 119846709 30305084 575662 6836 1.0
00:19:02.893 119847489 31750425 571900 6788 1.0
00:19:03.293 119847914 30113714 581575 6830 1.0
00:19:03.493 119846545 30297890 575568 6842 1.0
00:19:03.693 119847375 30294019 575508 6828 1.0
00:19:03.893 119846803 31706472 572131 6795 1.0
00:19:04.293 119847037 30096027 581202 6830 1.0
00:19:04.493 119846681 30293416 575542 6827 1.0
00:19:04.693 119847501 30300283 575623 6834 1.0
00:19:04.893 119846719 31695369 572108 6805 1.0
00:19:05.293 119847100 30102404 581328 6842 1.0
00:19:05.493 119847510 30304798 575749 6824 1.0
00:19:05.693 119846731 30294698 575483 6832 1.0
00:19:05.893 119847439 31672231 572141 6787 1.0
00:19:06.293 119847026 30102611 581351 6826 1.0
00:19:06.493 119847538 30287499 575325 6810 1.0
00:19:06.693 119846655 30298029 575588 6839 1.0
00:19:06.893 119847521 31668838 572221 6787 1.0
00:19:07.293 119847876 30097230 581235 6826 1.0
00:19:07.493 119846758 30302693 575693 6820 1.0
00:19:07.693 119847412 30297427 575554 6820 1.0
00:19:07.893 119846689 31708429 571938 6784 1.0
00:19:08.293 119847812 30102668 581378 6841 1.0
00:19:08.493 119846715 30294815 575487 6816 1.0
00:19:08.693 119847545 30295495 575505 6817 1.0
00:19:08.893 119846858 31729215 572094 6789 1.0
00:19:09.293 119847090 30100251 581313 6835 1.0
00:19:09.493 119847471 30293838 575460 6838 1.0
00:19:09.693 119846613 30302686 575692 6823 1.0
00:19:09.893 119847666 31657392 572009 6782 1.0
00:19:10.293 119847099 30100241 581257 6822 1.0
00:19:10.493 119847457 30304653 575710 6840 1.0
00:19:10.693 119846747 30296269 575525 6833 1.0
00:19:10.893 119847546 31663395 572167 6789 1.0
00:19:11.293 119847826 30101963 581305 6818 1.0
00:19:11.493 119846730 30294435 575520 6824 1.0
00:19:11.693 119847364 30288830 575381 6828 1.0
00:19:11.893 119846724 31738183 572141 6793 1.0
00:19:12.293 119847852 30102336 581301 6831 1.0
00:19:12.493 119846636 30297157 575588 6823 1.0
00:19:12.693 119847476 30285896 575325 6831 1.0
00:19:12.893 119846780 31709546 571988 6795 1.0
00:19:13.293 119847057 30110722 581497 6832 1.0
00:19:13.493 119847539 30286537 575362 6814 1.0
00:19:13.693 119846684 30290427 575465 6815 1.0
00:19:13.893 119846710 31718180 572067 6788 1.0
00:19:14.293 119847148 30099745 581300 6839 1.0
00:19:14.493 119847442 30286973 575372 6817 1.0
00:19:14.693 119846649 30301983 575588 6816 1.0
00:19:14.893 119847389 31693233 571973 6797 1.0
00:19:15.293 119847800 30101945 581292 6831 1.0
00:19:15.493 119846734 30293100 575522 6832 1.0
00:19:15.693 119847533 30295060 575492 6836 1.0
00:19:15.893 119846774 31690971 572031 6796 1.0
00:19:16.293 119847815 30100417 581251 6825 1.0
00:19:16.493 119846644 30296909 575574 6832 1.0
00:19:16.693 119847574 30300261 575597 6831 1.0
00:19:16.893 119846640 31705114 572034 6803 1.0
00:19:17.293 119847192 30097419 581242 6831 1.0
00:19:17.493 119847502 30298598 575583 6810 1.0
00:19:17.693 119846646 30297378 575575 6827 1.0
00:19:17.893 119846808 31684462 572003 6801 1.0
00:19:18.293 119846926 30104215 581324 6829 1.0
00:19:18.493 119847489 30289708 575448 6818 1.0
00:19:18.693 119846751 30295328 575501 6819 1.0
00:19:18.893 119847538 31751780 572037 6784 1.0
00:19:19.293 119847994 30102016 581361 6820 1.0
00:19:19.493 119846662 30301758 575669 6832 1.0
00:19:19.693 119846710 30298218 575577 6833 1.0
00:19:19.893 119847469 31743880 571950 6782 1.0
00:19:20.293 119847762 30107997 581424 6821 1.0
00:19:20.493 119846724 30292199 575469 6830 1.0
00:19:20.693 119847338 30297373 575583 6817 1.0
00:19:20.893 119846759 31753713 571884 6783 1.0
00:19:21.293 119847069 30097534 581243 6830 1.0
00:19:21.493 119846658 30295121 575530 6837 1.0
00:19:21.693 119847421 30294328 575533 6829 1.0
00:19:21.893 119846837 31685074 572028 6776 1.0
00:19:22.293 119847077 30105201 581409 6837 1.0
00:19:22.493 119847500 30292040 575415 6820 1.0
00:19:22.693 119846654 30293122 575501 6835 1.0
00:19:22.893 119847523 31687872 571960 6777 1.0
00:19:23.293 119847907 30195771 578382 6824 1.0
00:19:23.493 119846660 30293961 575464 6827 1.0
00:19:23.693 119846724 30304535 575744 6824 1.0
00:19:24.093 119847101 30100140 581312 6831 1.0
00:19:24.293 119847414 30291737 575403 6837 1.0
00:19:24.493 119846732 30298372 575582 6812 1.0
00:19:24.693 119847366 30291579 575495 6833 1.0
00:19:25.093 119847839 30106382 581381 6829 1.0
00:19:25.293 119846715 30297332 575572 6833 1.0
00:19:25.493 119846625 30295426 575578 6831 1.0
00:19:25.693 119847401 30296262 575525 6832 1.0
00:19:26.093 119847792 30103501 581399 6838 1.0
00:19:26.293 119846713 30295174 575498 6830 1.0
00:19:26.493 119847457 30301342 575657 6836 1.0
00:19:26.693 119846655 30295926 575515 6821 1.0
00:19:27.093 119847187 30097373 581242 6827 1.0
00:19:27.293 119846727 30299543 575588 6821 1.0
00:19:27.493 119847420 30291967 575444 6826 1.0
00:19:27.693 119846762 30299968 575622 6838 1.0
00:19:28.093 119847063 30115040 581553 6833 1.0
00:19:28.293 119847477 30296704 575584 6835 1.0
00:19:28.493 119846757 30290133 575374 6819 1.0
00:19:28.693 119847423 30298762 575591 6820 1.0
00:19:29.093 119847739 30095678 581193 6835 1.0
00:19:29.293 119846692 30291114 575476 6845 1.0
00:19:29.493 119846741 30295720 575517 6837 1.0
00:19:29.693 119847338 30294792 575486 6825 1.0
00:19:30.093 119847804 30109302 581495 6835 1.0
00:19:30.293 119846590 30297510 575587 6837 1.0
00:19:30.493 119847518 30293928 575463 6824 1.0
00:19:30.693 119846745 30297526 575558 6823 1.0
00:19:31.093 119847112 30103087 581297 6825 1.0
00:19:31.293 119846722 30291208 575485 6826 1.0
00:19:31.493 119847342 30295222 575496 6823 1.0
00:19:31.693 119846677 30290374 575464 6833 1.0
00:19:32.093 119847062 30098762 581275 6839 1.0
00:19:32.293 119847619 30303086 575608 6844 1.0
00:19:32.493 119846776 30292696 575526 6821 1.0
00:19:32.693 119847494 30290870 575383 6813 1.0
00:19:33.093 119847135 30100019 581308 6824 1.0
00:19:33.293 119847428 30290783 575444 6820 1.0
00:19:33.493 119846569 30292405 575454 6831 1.0
00:19:33.693 119847544 30300636 575639 6815 1.0
00:19:34.093 119847866 30105398 581451 6827 1.0
00:19:34.293 119846704 30297803 575562 6840 1.0
00:19:34.493 119847450 30293216 575446 6837 1.0
00:19:34.693 119846658 30289278 575434 6815 1.0
00:19:35.093 119847081 30113042 581530 6841 1.0
00:19:35.293 119846871 30293362 575542 6815 1.0
00:19:35.493 119847386 30287996 575341 6829 1.0
00:19:35.693 119846672 30298668 575588 6828 1.0
00:19:36.093 119847174 30109498 581465 6816 1.0
00:19:36.293 119847358 30293902 575462 6848 1.0
00:19:36.493 119846623 30303737 575720 6820 1.0
00:19:36.693 119847359 30289701 575413 6831 1.0
00:19:37.093 119847136 30105453 581430 6810 1.0
00:19:37.293 119847605 30294846 575507 6823 1.0
00:19:37.493 119846610 30295763 575512 6818 1.0
00:19:37.693 119847472 30293523 575477 6816 1.0
00:19:38.093 119847854 30098785 581275 6823 1.0
00:19:38.293 119846788 30290552 575468 6826 1.0
00:19:38.493 119847462 30299925 575620 6832 1.0
00:19:38.693 119846728 30295931 575517 6835 1.0
00:19:39.093 119847927 30102552 581324 6821 1.0
00:19:39.293 119846665 30301937 575678 6818 1.0
00:19:39.493 119847494 30291801 575409 6827 1.0
00:19:39.693 119846774 30290299 575460 6843 1.0
00:19:40.093 119847121 30101343 581287 6825 1.0
00:19:40.293 119847443 30292266 575473 6821 1.0
00:19:40.493 119846641 30296483 575533 6821 1.0
00:19:40.693 119846840 30309105 575769 6834 1.0
00:19:41.093 119847153 30104509 581369 6843 1.0
00:19:41.293 119847553 30299794 575583 6821 1.0
00:19:41.493 119846756 30292526 575515 6827 1.0
00:19:41.693 119847420 30299667 575615 6799 1.0
00:19:42.093 119847854 30098698 581273 6835 1.0
00:19:42.293 119846662 30295918 575541 6834 1.0
00:19:42.493 119847526 30288048 575376 6835 1.0
00:19:42.693 119846781 30291220 575487 6817 1.0
00:19:43.093 119847809 30102887 581312 6835 1.0
00:19:43.293 119846697 30294591 575513 6832 1.0
00:19:43.493 119847414 30302166 575647 6809 1.0
00:19:43.693 119846734 30293430 575524 6816 1.0
00:19:44.093 119847193 30105251 581353 6819 1.0
00:19:44.293 119847420 30299244 575602 6832 1.0
00:19:44.493 119846680 30300020 575623 6824 1.0
00:19:44.693 119846737 30287920 575399 6834 1.0
00:19:45.093 119847040 30137016 580087 6826 1.0
00:19:45.293 119847422 30294059 575466 6834 1.0
00:19:45.493 119846732 30295734 575576 6817 1.0
00:19:45.693 119847402 30299545 575583 6826 1.0
00:19:46.093 119847840 30255078 576424 6800 1.0
00:19:46.293 119846694 30301302 575656 6834 1.0
00:19:46.493 119846755 30301119 575654 6834 1.0
00:19:46.893 119847049 30106858 581412 6823 1.0
00:19:47.093 119847349 31709725 572159 6785 1.0
00:19:47.293 119846692 30294764 575484 6824 1.0
00:19:47.493 119847580 30290406 575466 6814 1.0
00:19:47.893 119847819 30100228 581274 6826 1.0
00:19:48.093 119846693 31716251 572028 6796 1.0
00:19:48.293 119847500 30293298 575533 6832 1.0
00:19:48.493 119846783 30303526 575628 6819 1.0
00:19:48.893 119847809 30098520 581237 6813 1.0
00:19:49.093 119846677 31662608 572236 6800 1.0
00:19:49.293 119847460 30293100 575535 6826 1.0
00:19:49.493 119846771 30296705 575537 6817 1.0
00:19:49.893 119847102 30108354 581473 6819 1.0
00:19:50.093 119847643 31757781 571898 6770 1.0
00:19:50.293 119846581 30289954 575432 6826 1.0
00:19:50.493 119846804 30298707 575588 6831 1.0
00:19:50.893 119847151 30105964 581370 6828 1.0
00:19:51.093 119847640 31710305 571987 6780 1.0
00:19:51.293 119846698 30304173 575730 6829 1.0
00:19:51.493 119847506 30296360 575529 6815 1.0
00:19:51.893 119848016 30111409 581511 6832 1.0
00:19:52.093 119846749 31730481 571998 6788 1.0
00:19:52.293 119846759 30293146 575536 6836 1.0
00:19:52.493 119847469 30294603 575480 6819 1.0
00:19:52.893 119847827 30100232 581237 6837 1.0
00:19:53.093 119846796 31655771 572177 6787 1.0
00:19:53.293 119847430 30302586 575642 6834 1.0
00:19:53.493 119846663 30292454 575472 6819 1.0
00:19:53.893 119847135 30097063 581229 6846 1.0
00:19:54.093 119847460 31759179 572051 6784 1.0
00:19:54.293 119846684 30296284 575524 6835 1.0
00:19:54.493 119846711 30291769 575500 6821 1.0
00:19:54.893 119847195 30099549 581272 6843 1.0
00:19:55.093 119847498 31687178 572038 6798 1.0
00:19:55.293 119846641 30289976 575452 6825 1.0
00:19:55.493 119847502 30300423 575633 6839 1.0
00:19:55.893 119847918 30103595 581385 6838 1.0
00:19:56.093 119846608 31678271 572228 6823 1.0
00:19:56.293 119846762 30293460 575448 6826 1.0
00:19:56.493 119847435 30290489 575469 6820 1.0
00:19:56.893 119847896 30107342 581474 6831 1.0
00:19:57.093 119846680 31738384 571853 6776 1.0
00:19:57.293 119847397 30290503 575450 6834 1.0
00:19:57.493 119846651 30298067 575587 6831 1.0
00:19:57.893 119847045 30100667 581326 6836 1.0
00:19:58.093 119846659 31756301 571869 6781 1.0
00:19:58.293 119847356 30298311 575578 6822 1.0
00:19:58.493 119846822 30295171 575497 6822 1.0
00:19:58.893 119846962 30101083 581306 6824 1.0
00:19:59.093 119847371 31705706 572052 6795 1.0
00:19:59.293 119846779 30294023 575509 6830 1.0
00:19:59.493 119847532 30287534 575346 6811 1.0
00:19:59.893 119847717 30094896 581202 6829 1.0
00:20:00.093 119846823 31703140 571956 6798 1.0
00:20:00.293 119846578 30300635 575610 6828 1.0
00:20:00.493 119847481 30289347 575370 6830 1.0
00:20:00.893 119847853 30100736 581319 6834 1.0
00:20:01.093 119846713 31725229 572033 6786 1.0
00:20:01.293 119847384 30290052 575453 6837 1.0
00:20:01.493 119846627 30297524 575557 6829 1.0
00:20:01.893 119847116 30100085 581309 6843 1.0
00:20:02.093 119846846 31735909 572065 6785 1.0
00:20:02.293 119847522 30289522 575351 6846 1.0
00:20:02.493 119846525 30295140 575562 6832 1.0
00:20:02.893 119847155 30103569 581331 6829 1.0
00:20:03.093 119847657 31718937 572148 6799 1.0
00:20:03.293 119846653 30304143 575672 6827 1.0
00:20:03.493 119847604 30296110 575580 6825 1.0
00:20:03.893 119846992 30106635 581456 6830 1.0
00:20:04.093 119847502 31738032 571973 6799 1.0
00:20:04.293 119846599 30290373 575442 6835 1.0
00:20:04.493 119847513 30298537 575585 6823 1.0
00:20:04.893 119847799 30099205 581287 6818 1.0
00:20:05.093 119846651 31688859 571955 6791 1.0
00:20:05.293 119847448 30309745 575784 6826 1.0
00:20:05.493 119846636 30295326 575504 6828 1.0
00:20:05.893 119847787 30106287 581380 6832 1.0
00:20:06.093 119846760 31744205 572032 6786 1.0
00:20:06.293 119847482 30297569 575557 6832 1.0
00:20:06.493 119846792 30289603 575441 6834 1.0
00:20:06.893 119847102 30102648 581342 6846 1.0
00:20:07.093 119847527 31749768 572068 6774 1.0
00:20:07.293 119846693 30294581 575478 6827 1.0
00:20:07.493 119847485 30300533 575633 6838 1.0
00:20:07.893 119847074 30193351 578318 6819 1.0
00:20:08.093 119847497 31746726 572127 6783 1.0
00:20:08.293 119846675 30294735 575483 6825 1.0
00:20:08.693 119847101 30094745 581242 6827 1.0
00:20:08.893 119847354 30307252 575733 6835 1.0
00:20:09.093 119846675 31708623 572085 6784 1.0
00:20:09.293 119847510 30294777 575482 6832 1.0
00:20:09.693 119847027 30099097 581274 6838 1.0
00:20:09.893 119847446 30293012 575449 6823 1.0
00:20:10.093 119846718 31721337 571876 6795 1.0
00:20:10.293 119847416 30296461 575561 6838 1.0
00:20:10.693 119847775 30102926 581351 6830 1.0
00:20:10.893 119846609 30304395 575732 6825 1.0
00:20:11.093 119847447 31708938 572146 6793 1.0
00:20:11.293 119846672 30293963 575462 6826 1.0
00:20:11.693 119847794 30106107 581417 6823 1.0
00:20:11.893 119846684 30288740 575408 6823 1.0
00:20:12.093 119847376 31728788 572006 6782 1.0
00:20:12.293 119846592 30303653 575719 6833 1.0
00:20:12.693 119847098 30101235 581340 6825 1.0
00:20:12.893 119847455 30297534 575559 6832 1.0
00:20:13.093 119846820 31737886 572109 6789 1.0
00:20:13.293 119847547 30292148 575429 6836 1.0
00:20:13.693 119847056 30105907 581410 6826 1.0
00:20:13.893 119847446 30298453 575583 6822 1.0
00:20:14.093 119846781 31757634 571916 6788 1.0
00:20:14.293 119847300 30291733 575404 6830 1.0
00:20:14.693 119847793 30102136 581363 6825 1.0
00:20:14.893 119846713 30296097 575522 6841 1.0
00:20:15.093 119847494 31739630 571937 6785 1.0
00:20:15.293 119846598 30296343 575526 6842 1.0
00:20:15.693 119847935 30106659 581389 6827 1.0
00:20:15.893 119846762 30298540 575586 6818 1.0
00:20:16.093 119847521 31753046 571868 6777 1.0
00:20:16.293 119846798 30290288 575368 6829 1.0
00:20:16.693 119847035 30102435 581371 6834 1.0
00:20:16.893 119847362 30295837 575512 6832 1.0
00:20:17.093 119846669 31726947 572010 6786 1.0
00:20:17.293 119846528 30300579 575639 6827 1.0
00:20:17.693 119847117 30102553 581293 6839 1.0
00:20:17.893 119847459 30301269 575645 6837 1.0
00:20:18.093 119846830 31707991 572046 6785 1.0
00:20:18.293 119847325 30292271 575453 6828 1.0
00:20:18.693 119847781 30107151 581403 6842 1.0
00:20:18.893 119846558 30293358 575498 6825 1.0
00:20:19.093 119847599 31689767 572063 6785 1.0
00:20:19.293 119846630 30296151 575522 6828 1.0
00:20:19.693 119847798 30106267 581409 6845 1.0
00:20:19.893 119846589 30292623 575430 6826 1.0
00:20:20.093 119847483 31722753 571997 6786 1.0
00:20:20.293 119846482 30290984 575479 6826 1.0
00:20:20.693 119847129 30102873 581375 6839 1.0
00:20:20.893 119847422 30296486 575538 6816 1.0
00:20:21.093 119846833 31719751 571947 6775 1.0
00:20:21.293 119846727 30290672 575406 6821 1.0
00:20:21.693 119847159 30100072 581308 6835 1.0
00:20:21.893 119847437 30292340 575422 6821 1.0
00:20:22.093 119846588 31648001 572039 6793 1.0
00:20:22.293 119847385 30299366 575606 6820 1.0
00:20:22.693 119847796 30104219 581381 6832 1.0
00:20:22.893 119846728 30302667 575694 6835 1.0
00:20:23.093 119846848 31660169 572150 6791 1.0
00:20:23.293 119847411 30295588 575506 6846 1.0
00:20:23.693 119847747 30110041 581479 6848 1.0
00:20:23.893 119846620 30293495 575450 6831 1.0
00:20:24.093 119847534 31743611 571953 6786 1.0
00:20:24.293 119846702 30296996 575543 6831 1.0
00:20:24.693 119847085 30101445 581346 6824 1.0
00:20:24.893 119847471 30289680 575358 6835 1.0
00:20:25.093 119846711 31736503 572220 6777 1.0
00:20:25.293 119846659 30298375 575579 6823 1.0
00:20:25.693 119847063 30111182 581500 6826 1.0
00:20:25.893 119847484 30291378 575429 6833 1.0
00:20:26.093 119846811 31695762 571946 6792 1.0
00:20:26.293 119847419 30299622 575621 6833 1.0
00:20:26.693 119847902 30101953 581280 6827 1.0
00:20:26.893 119846566 30294396 575557 6799 1.0
00:20:27.093 119846724 31682685 572205 6790 1.0
00:20:27.293 119847409 30295954 575517 6820 1.0
00:20:27.693 119847814 30104647 581417 6833 1.0
00:20:27.893 119846739 30295506 575506 6833 1.0
00:20:28.093 119847501 31654416 572159 6789 1.0
00:20:28.293 119846655 30295983 575562 6832 1.0
00:20:28.693 119847054 30096367 581242 6826 1.0
00:20:28.893 119846777 30290836 575414 6816 1.0
00:20:29.093 119847610 31669135 572103 6790 1.0
00:20:29.293 119846895 30302164 575632 6833 1.0
00:20:29.693 119847131 30137450 580484 6839 1.0
00:20:29.893 119847605 30300339 575627 6818 1.0
00:20:30.093 119846661 31685018 572143 6794 1.0
00:20:30.293 119847498 30290802 575381 6834 1.0
00:20:30.693 119847202 30254658 576982 6806 1.0
00:20:30.893 119847432 30287260 575382 6831 1.0
00:20:31.093 119846699 31757766 571990 6780 1.0
00:20:31.493 119847099 30107168 581413 6833 1.0
00:20:31.693 119847499 30297912 575571 6822 1.0
00:20:31.893 119846574 30294458 575476 6826 1.0
00:20:32.093 119847514 31656103 572148 6783 1.0
00:20:32.493 119847930 30101198 581299 6822 1.0
00:20:32.693 119846768 30309246 575811 6822 1.0
00:20:32.893 119846689 30289038 575366 6844 1.0
00:20:33.093 119847500 31669953 572220 6788 1.0
00:20:33.493 119847767 30108570 581438 6830 1.0
00:20:33.693 119846722 30299798 575620 6838 1.0
00:20:33.893 119847454 30294349 575481 6823 1.0
00:20:34.093 119846831 31736399 572005 6799 1.0
00:20:34.493 119847035 30104356 581390 6816 1.0
00:20:34.693 119846696 30292602 575440 6818 1.0
00:20:34.893 119847549 30300617 575627 6833 1.0
00:20:35.093 119846826 31699890 571979 6791 1.0
00:20:35.493 119847127 30107218 581403 6836 1.0
00:20:35.693 119847343 30295880 575516 6825 1.0
00:20:35.893 119846684 30295342 575524 6826 1.0
00:20:36.093 119847523 31715515 572002 6774 1.0
00:20:36.493 119847028 30098020 581254 6837 1.0
00:20:36.693 119847417 30294010 575527 6822 1.0
00:20:36.893 119846777 30294443 575512 6826 1.0
00:20:37.093 119847462 31708053 572049 6794 1.0
00:20:37.493 119847838 30106389 581382 6824 1.0
00:20:37.693 119846759 30297731 575563 6825 1.0
00:20:37.893 119847512 30294949 575504 6821 1.0
00:20:38.093 119846709 31679546 572114 6781 1.0
00:20:38.493 119847046 30104464 581384 6828 1.0
00:20:38.693 119846740 30293711 575503 6833 1.0
00:20:38.893 119847582 30292574 575428 6836 1.0
00:20:39.093 119846807 31746366 572010 6795 1.0
00:20:39.493 119846996 30101065 581302 6818 1.0
00:20:39.693 119847489 30291480 575432 6813 1.0
00:20:39.893 119846693 30298538 575586 6829 1.0
00:20:40.093 119847577 31753013 571936 6800 1.0
00:20:40.493 119847063 30103064 581306 6836 1.0
00:20:40.693 119847488 30288666 575409 6822 1.0
00:20:40.893 119846562 30286152 575353 6815 1.0
00:20:41.093 119847480 31739689 571866 6786 1.0
00:20:41.493 119847805 30101410 581345 6816 1.0
00:20:41.693 119846646 30289043 575427 6840 1.0
00:20:41.893 119847390 30297629 575563 6839 1.0
00:20:42.093 119846760 31727505 571935 6774 1.0
00:20:42.493 119847986 30100643 581323 6835 1.0
00:20:42.693 119846702 30295228 575498 6832 1.0
00:20:42.893 119847429 30293511 575546 6828 1.0
00:20:43.093 119846823 31704851 572032 6780 1.0
00:20:43.493 119847216 30100231 581313 6828 1.0
00:20:43.693 119847395 30291563 575488 6828 1.0
00:20:43.893 119846719 30291681 575414 6814 1.0
00:20:44.093 119847497 31658633 572147 6783 1.0
00:20:44.493 119847047 30099903 581305 6827 1.0
00:20:44.693 119847423 30299478 575609 6826 1.0
00:20:44.893 119846690 30288876 575340 6819 1.0
00:20:45.093 119847444 31758009 571964 6793 1.0
00:20:45.493 119847881 30110637 581494 6821 1.0
00:20:45.693 119846740 30295490 575505 6835 1.0
00:20:45.893 119847404 30295381 575502 6837 1.0
00:20:46.093 119846724 31698783 572313 6804 1.0
00:20:46.493 119847814 30102883 581377 6841 1.0
00:20:46.693 119846761 30301101 575651 6828 1.0
00:20:46.893 119847430 30299415 575609 6841 1.0
00:20:47.093 119846785 31748635 571794 6778 1.0
00:20:47.493 119847125 30101760 581317 6832 1.0
00:20:47.693 119847583 30295446 575508 6831 1.0
00:20:47.893 119846748 30298355 575588 6814 1.0
00:20:48.093 119846710 31708986 572039 6792 1.0
00:20:48.493 119847046 30099382 581290 6847 1.0
00:20:48.693 119847460 30298219 575578 6836 1.0
00:20:48.893 119846689 30294255 575473 6826 1.0
00:20:49.093 119847552 31661644 572107 6784 1.0
00:20:49.493 119847863 30098635 581274 6829 1.0
00:20:49.693 119846753 30307724 575731 6828 1.0
00:20:49.893 119846740 30292354 575493 6833 1.0
00:20:50.093 119847392 31745828 571934 6793 1.0
00:20:50.493 119847753 30101036 581335 6839 1.0
00:20:50.693 119846720 30297939 575569 6821 1.0
00:20:50.893 119847420 30295059 575493 6829 1.0
00:20:51.093 119846743 31695803 572253 6790 1.0
00:20:51.493 119847160 30102014 581312 6828 1.0
00:20:51.693 119847493 30299836 575619 6822 1.0
00:20:51.893 119846703 30290550 575469 6828 1.0
00:20:52.093 119846761 31735019 571803 6792 1.0
00:20:52.493 119847187 30197422 578426 6806 1.0
00:20:52.693 119847378 30296505 575531 6829 1.0
00:20:52.893 119846677 30296407 575528 6831 1.0
00:20:53.293 119847178 30109467 581462 6842 1.0
00:20:53.493 119847402 30293226 575511 6832 1.0
00:20:53.693 119846724 30292263 575448 6830 1.0
00:20:53.893 119846753 30300441 575635 6832 1.0
00:20:54.293 119847073 30106600 581387 6829 1.0
00:20:54.493 119847471 30296434 575530 6852 1.0
00:20:54.693 119846619 30297167 575548 6819 1.0
00:20:54.893 119847407 30298472 575608 6819 1.0
00:20:55.293 119847943 30110311 581485 6826 1.0
00:20:55.493 119846677 30296970 575543 6838 1.0
00:20:55.693 119846686 30296719 575539 6812 1.0
00:20:55.893 119847529 30291576 575495 6822 1.0
00:20:56.293 119847755 30104913 581437 6829 1.0
00:20:56.493 119846635 30296791 575539 6834 1.0
00:20:56.693 119847424 30299047 575598 6835 1.0
00:20:56.893 119846777 30295143 575495 6823 1.0
00:20:57.293 119847151 30101988 581279 6834 1.0
00:20:57.493 119847459 30296103 575583 6812 1.0
00:20:57.693 119846818 30298793 575588 6823 1.0
00:20:57.893 119846608 30296400 575552 6815 1.0
00:20:58.293 119847171 30097970 581255 6821 1.0
00:20:58.493 119847429 30297044 575547 6833 1.0
00:20:58.693 119846691 30299684 575613 6842 1.0
00:20:58.893 119847477 30306768 575709 6838 1.0
00:20:59.293 119847873 30104865 581359 6830 1.0
00:20:59.493 119846650 30298530 575588 6825 1.0
00:20:59.693 119846705 30294196 575543 6824 1.0
00:20:59.893 119847473 30291012 575388 6822 1.0
00:21:00.293 119847815 30105352 581450 6820 1.0
00:21:00.493 119846669 30296711 575536 6830 1.0
00:21:00.693 119847571 30292694 575429 6827 1.0
00:21:00.893 119846754 30297016 575549 6822 1.0
00:21:01.293 119846993 30098603 581242 6829 1.0
00:21:01.493 119846682 30294169 575509 6830 1.0
00:21:01.693 119847334 30297510 575555 6825 1.0
00:21:01.893 119846625 30290176 575437 6824 1.0
00:21:02.293 119847079 30111474 581515 6833 1.0
00:21:02.493 119847426 30287845 575341 6824 1.0
00:21:02.693 119846722 30300386 575596 6827 1.0
00:21:02.893 119847595 30299074 575597 6833 1.0
00:21:03.293 119847898 30099835 581304 6826 1.0
00:21:03.493 119846741 30297062 575546 6823 1.0
00:21:03.693 119846802 30303149 575656 6828 1.0
00:21:03.893 119847402 30293497 575501 6823 1.0
00:21:04.293 119847906 30099317 581282 6834 1.0
00:21:04.493 119846798 30297915 575569 6820 1.0
00:21:04.693 119847442 30291161 575484 6829 1.0
00:21:04.893 119846679 30293452 575448 6813 1.0
00:21:05.293 119847051 30104029 581364 6820 1.0
00:21:05.493 119846444 30294221 575471 6833 1.0
00:21:05.693 119847416 30291155 575482 6828 1.0
00:21:05.893 119846787 30298851 575593 6817 1.0
00:21:06.293 119847116 30099488 581275 6824 1.0
00:21:06.493 119847487 30299085 575583 6832 1.0
00:21:06.693 119846794 30295981 575550 6824 1.0
00:21:06.893 119847509 30292148 575417 6814 1.0
00:21:07.293 119847087 30109558 581465 6826 1.0
00:21:07.493 119847316 30297854 575566 6828 1.0
00:21:07.693 119846726 30291927 575503 6830 1.0
00:21:07.893 119847347 30300371 575587 6823 1.0
00:21:08.293 119847899 30100619 581323 6836 1.0
00:21:08.493 119846674 30292231 575458 6833 1.0
00:21:08.693 119847489 30291434 575450 6830 1.0
00:21:08.893 119846706 30294009 575467 6823 1.0
00:21:09.293 119847040 30103868 581370 6822 1.0
00:21:09.493 119846680 30292740 575460 6823 1.0
00:21:09.693 119847374 30297798 575583 6821 1.0
00:21:09.893 119846576 30291407 575443 6811 1.0
00:21:10.293 119847129 30099989 581292 6832 1.0
00:21:10.493 119847339 30294692 575499 6832 1.0
00:21:10.693 119846641 30298545 575586 6825 1.0
00:21:10.893 119847536 30293684 575460 6809 1.0
00:21:11.293 119847029 30102618 581375 6823 1.0
00:21:11.493 119847433 30305438 575674 6840 1.0
00:21:11.693 119846693 30286582 575364 6808 1.0
00:21:11.893 119847311 30296592 575535 6838 1.0
00:21:12.293 119847879 30101376 581344 6818 1.0
00:21:12.493 119846868 30296372 575530 6821 1.0
00:21:12.693 119847384 30291762 575408 6827 1.0
00:21:12.893 119846816 30296821 575564 6823 1.0
00:21:13.293 119847798 30101432 581289 6822 1.0
00:21:13.493 119846713 30295005 575536 6841 1.0
00:21:13.693 119847509 30300625 575595 6828 1.0
00:21:13.893 119846666 30291881 575506 6818 1.0
00:21:14.293 119847298 30127460 580892 6836 1.0
00:21:14.493 119847446 30297466 575560 6833 1.0
00:21:14.693 119846759 30290304 575447 6840 1.0
00:21:14.893 119846719 30293365 575463 6827 1.0
00:21:15.293 119847176 30237309 577106 6788 1.0
00:21:15.493 119847324 30293418 575451 6820 1.0
00:21:15.693 119846655 30299309 575605 6827 1.0
00:21:16.093 119847083 30102272 581274 6824 1.0
00:21:16.293 119847480 31679194 572093 6790 1.0
00:21:16.493 119846690 30296561 575534 6834 1.0
00:21:16.693 119847449 30289513 575441 6822 1.0
00:21:17.093 119847211 30105508 581378 6831 1.0
00:21:17.293 119847400 31741610 571941 6788 1.0
00:21:17.493 119846753 30292771 575484 6835 1.0
00:21:17.693 119847469 30294864 575531 6817 1.0
00:21:18.093 119847788 30107258 581403 6832 1.0
00:21:18.293 119846809 31730557 572235 6798 1.0
00:21:18.493 119847522 30300539 575584 6848 1.0
00:21:18.693 119846648 30294891 575543 6821 1.0
00:21:19.093 119847860 30102101 581358 6828 1.0
00:21:19.293 119846753 31694534 572256 6778 1.0
00:21:19.493 119847459 30290982 575442 6816 1.0
00:21:19.693 119846712 30296645 575575 6829 1.0
00:21:20.093 119847000 30105368 581388 6828 1.0
00:21:20.293 119847471 31713473 571841 6796 1.0
00:21:20.493 119846847 30295584 575574 6835 1.0
00:21:20.693 119846646 30298169 575588 6826 1.0
00:21:21.093 119847141 30107856 581421 6837 1.0
00:21:21.293 119847591 31710001 571941 6792 1.0
00:21:21.493 119846523 30294737 575562 6837 1.0
00:21:21.693 119847520 30293957 575483 6823 1.0
00:21:22.093 119847815 30107579 581491 6823 1.0
00:21:22.293 119846779 31716924 572036 6791 1.0
00:21:22.493 119847443 30294646 575525 6821 1.0
00:21:22.693 119846778 30301591 575624 6824 1.0
00:21:23.093 119847769 30106151 581375 6837 1.0
00:21:23.293 119846759 31666500 572142 6798 1.0
00:21:23.493 119847405 30296697 575539 6847 1.0
00:21:23.693 119846770 30294062 575466 6828 1.0
00:21:24.093 119847124 30107752 581430 6845 1.0
00:21:24.293 119847450 31664945 572029 6794 1.0
00:21:24.493 119846882 30292416 575519 6832 1.0
00:21:24.693 119846757 30293015 575440 6825 1.0
00:21:25.093 119847160 30100832 581328 6823 1.0
00:21:25.293 119847515 31660455 572149 6800 1.0
00:21:25.493 119846696 30296492 575534 6827 1.0
00:21:25.693 119847281 30290507 575467 6835 1.0
00:21:26.093 119847857 30102005 581312 6820 1.0
00:21:26.293 119846770 31759153 571975 6798 1.0
00:21:26.493 119846798 30296096 575522 6837 1.0
00:21:26.693 119847565 30299462 575609 6829 1.0
00:21:27.093 119847738 30104920 581419 6837 1.0
00:21:27.293 119846878 31730474 571978 6769 1.0
00:21:27.493 119847349 30296482 575583 6834 1.0
00:21:27.693 119846763 30300516 575593 6823 1.0
00:21:28.093 119847088 30101686 581274 6820 1.0
00:21:28.293 119847438 31680618 572199 6800 1.0
00:21:28.493 119846700 30291436 575402 6828 1.0
00:21:28.693 119846776 30294954 575516 6825 1.0
00:21:29.093 119847148 30108277 581432 6827 1.0
00:21:29.293 119847417 31719696 572005 6786 1.0
00:21:29.493 119846767 30289976 575453 6824 1.0
00:21:29.693 119847512 30299252 575605 6817 1.0
00:21:30.093 119847906 30103232 581300 6829 1.0
00:21:30.293 119846703 31721717 572070 6788 1.0
00:21:30.493 119846718 30300869 575647 6816 1.0
00:21:30.693 119847376 30294340 575475 6817 1.0
00:21:31.093 119847724 30103625 581403 6834 1.0
00:21:31.293 119846735 31758660 572056 6777 1.0
00:21:31.493 119847383 30295477 575542 6822 1.0
00:21:31.693 119846591 30291837 575409 6830 1.0
00:21:32.093 119847134 30098460 581268 6817 1.0
00:21:32.293 119846694 31721079 571932 6795 1.0
00:21:32.493 119847456 30296850 575546 6828 1.0
00:21:32.693 119846715 30297593 575561 6833 1.0
00:21:33.093 119847114 30103607 581326 6834 1.0
00:21:33.293 119847512 31727897 572131 6787 1.0
00:21:33.493 119846695 30295099 575496 6823 1.0
00:21:33.693 119847522 30294239 575469 6821 1.0
00:21:34.093 119847053 30102256 581299 6819 1.0
00:21:34.293 119847522 31716977 571955 6790 1.0
00:21:34.493 119846703 30292141 575416 6837 1.0
00:21:34.693 119847336 30300942 575649 6825 1.0
00:21:35.093 119847774 30103842 581410 6829 1.0
00:21:35.293 119846751 31697125 572057 6788 1.0
00:21:35.493 119847499 30302813 575607 6827 1.0
00:21:35.693 119846776 30293322 575541 6826 1.0
00:21:36.093 119847217 30111076 581471 6833 1.0
00:21:36.293 119846752 31732621 571955 6800 1.0
00:21:36.493 119847461 30293292 575446 6835 1.0
00:21:36.693 119846793 30298748 575593 6826 1.0
00:21:37.093 119847161 30195572 578376 6818 1.0
00:21:37.293 119847559 31750028 571858 6777 1.0
00:21:37.493 119846647 30303733 575721 6827 1.0
00:21:37.893 119847084 30096075 581204 6837 1.0
00:21:38.093 119846675 30294373 575475 6819 1.0
00:21:38.293 119847598 31672946 572199 6800 1.0
00:21:38.493 119846649 30291316 575488 6841 1.0
00:21:38.893 119847061 30104500 581426 6821 1.0
00:21:39.093 119847327 30298832 575594 6823 1.0
00:21:39.293 119846792 31705639 572037 6804 1.0
00:21:39.493 119847405 30296728 575552 6838 1.0
00:21:39.893 119847055 30099739 581300 6846 1.0
00:21:40.093 119847500 30293057 575440 6824 1.0
00:21:40.293 119846647 31701152 572141 6789 1.0
00:21:40.493 119847439 30288612 575413 6824 1.0
00:21:40.893 119847908 30100741 581244 6825 1.0
00:21:41.093 119846737 30299417 575599 6820 1.0
00:21:41.293 119847444 31703086 571986 6787 1.0
00:21:41.493 119846704 30292412 575519 6817 1.0
00:21:41.893 119847115 30097558 581243 6838 1.0
00:21:42.093 119846659 30294357 575475 6826 1.0
00:21:42.293 119847394 31722009 571984 6785 1.0
00:21:42.493 119846632 30297995 575571 6826 1.0
00:21:42.893 119847063 30097943 581254 6833 1.0
00:21:43.093 119847422 30300969 575649 6828 1.0
00:21:43.293 119846826 31722693 572015 6786 1.0
00:21:43.493 119847408 30289549 575350 6840 1.0
00:21:43.893 119846982 30104331 581420 6829 1.0
00:21:44.093 119847452 30287324 575383 6813 1.0
00:21:44.293 119846883 31743129 571859 6775 1.0
00:21:44.493 119847422 30300154 575626 6819 1.0
00:21:44.893 119847893 30100946 581332 6827 1.0
00:21:45.093 119846678 30292879 575458 6824 1.0
00:21:45.293 119847572 31694705 572138 6777 1.0
00:21:45.493 119846708 30297048 575547 6836 1.0
00:21:45.893 119847834 30104621 581425 6820 1.0
00:21:46.094 119846678 30295587 575508 6823 1.0
00:21:46.294 119847389 31746017 571865 6783 1.0
00:21:46.494 119846811 30294470 575480 6831 1.0
00:21:46.894 119847196 30097760 581249 6839 1.0
00:21:47.094 119847537 30298542 575583 6826 1.0
00:21:47.294 119846886 31692072 572198 6801 1.0
00:21:47.494 119847430 30296307 575527 6847 1.0
00:21:47.894 119847144 30105785 581459 6839 1.0
00:21:48.094 119847393 30303687 575627 6827 1.0
00:21:48.294 119846723 31746039 571878 6793 1.0
00:21:48.494 119847531 30287857 575396 6816 1.0
00:21:48.894 119847799 30111403 581515 6829 1.0
00:21:49.094 119846647 30298543 575583 6837 1.0
00:21:49.294 119847533 31693195 572051 6805 1.0
00:21:49.494 119846698 30297236 575552 6829 1.0
00:21:49.894 119847821 30098364 581237 6826 1.0
00:21:50.094 119846755 30295509 575553 6827 1.0
00:21:50.294 119847541 31706368 572008 6787 1.0
00:21:50.494 119846752 30293518 575502 6850 1.0
00:21:50.894 119847012 30108790 581444 6844 1.0
00:21:51.094 119847501 30291042 575482 6822 1.0
00:21:51.294 119846653 31708862 572060 6787 1.0
00:21:51.494 119846725 30289972 575395 6816 1.0
00:21:51.894 119847195 30103621 581384 6838 1.0
00:21:52.094 119847461 30294092 575486 6828 1.0
00:21:52.294 119846761 31723691 572240 6794 1.0
00:21:52.494 119847330 30290615 575418 6828 1.0
00:21:52.894 119847829 30102554 581286 6837 1.0
00:21:53.094 119846832 30304355 575737 6825 1.0
00:21:53.294 119847337 31740461 571894 6793 1.0
00:21:53.494 119846643 30297628 575563 6832 1.0
00:21:53.894 119847734 30101766 581353 6840 1.0
00:21:54.094 119846724 30294999 575492 6824 1.0
00:21:54.294 119847400 31705476 571953 6779 1.0
00:21:54.494 119846763 30299947 575596 6814 1.0
00:21:54.894 119847057 30099054 581283 6839 1.0
00:21:55.094 119847522 30294399 575477 6816 1.0
00:21:55.294 119846701 31755637 571917 6774 1.0
00:21:55.494 119846703 30296344 575538 6815 1.0
00:21:55.894 119846956 30112706 581548 6833 1.0
00:21:56.094 119847548 30294614 575482 6819 1.0
00:21:56.294 119846803 31703086 572071 6780 1.0
00:21:56.494 119847507 30299902 575622 6814 1.0
00:21:56.894 119847912 30100033 581293 6825 1.0
00:21:57.094 119846638 30285943 575330 6826 1.0
00:21:57.294 119846700 31757953 572171 6787 1.0
00:21:57.494 119847498 30299141 575601 6826 1.0
00:21:57.894 119847787 30106836 581465 6844 1.0
00:21:58.094 119846723 30287145 575330 6809 1.0
00:21:58.294 119847557 31697591 572051 6782 1.0
00:21:58.494 119846640 30290627 575470 6834 1.0
00:21:58.894 119847129 30107433 580933 6835 1.0
00:21:59.094 119846560 30289945 575422 6820 1.0
00:21:59.294 119847431 31668393 572231 6790 1.0
00:21:59.494 119846625 30290779 575474 6816 1.0
00:21:59.894 119847225 30231208 577510 6813 1.0
00:22:00.094 119847492 30306181 575694 6830 1.0
00:22:00.294 119846690 31680472 572168 6784 1.0
00:22:00.694 119847048 30112586 581545 6825 1.0
00:22:00.894 119847455 30296514 575532 6835 1.0
00:22:01.094 119846768 30297626 575566 6823 1.0
00:22:01.294 119846744 31736939 572038 6789 1.0
00:22:01.694 119846971 30099375 581292 6824 1.0
00:22:01.894 119847397 30294324 575474 6828 1.0
00:22:02.094 119846766 30291796 575472 6825 1.0
00:22:02.294 119847673 31669928 572015 6788 1.0
00:22:02.694 119847819 30100653 581311 6831 1.0
00:22:02.894 119846611 30302039 575676 6825 1.0
00:22:03.094 119846714 30294322 575473 6835 1.0
00:22:03.294 119847386 31715681 571926 6787 1.0
00:22:03.694 119847879 30098446 581268 6834 1.0
00:22:03.894 119846635 30290411 575369 6810 1.0
00:22:04.094 119847442 30290562 575467 6820 1.0
00:22:04.294 119846821 31665638 572284 6785 1.0
00:22:04.694 119847074 30099371 581291 6837 1.0
00:22:04.894 119846561 30304552 575649 6837 1.0
00:22:05.094 119847358 30296465 575558 6826 1.0
00:22:05.294 119846757 31671443 572129 6779 1.0
00:22:05.694 119847120 30111880 581527 6833 1.0
00:22:05.894 119847573 30297608 575558 6823 1.0
00:22:06.094 119846565 30291129 575482 6815 1.0
00:22:06.294 119847529 31685267 572002 6790 1.0
00:22:06.694 119847814 30100995 581293 6831 1.0
00:22:06.894 119846697 30290349 575461 6832 1.0
00:22:07.094 119846715 30300228 575631 6839 1.0
00:22:07.294 119847524 31686917 572002 6778 1.0
00:22:07.694 119847781 30103048 581294 6835 1.0
00:22:07.894 119846692 30297742 575562 6828 1.0
00:22:08.094 119847474 30293259 575541 6830 1.0
00:22:08.294 119846629 31740648 572019 6792 1.0
00:22:08.694 119846998 30102179 581287 6833 1.0
00:22:08.894 119846653 30291003 575463 6824 1.0
00:22:09.094 119847372 30294005 575464 6820 1.0
00:22:09.294 119846755 31761329 572100 6788 1.0
00:22:09.694 119847080 30095026 581176 6836 1.0
00:22:09.894 119847383 30301086 575652 6834 1.0
00:22:10.094 119846660 30291907 575461 6837 1.0
00:22:10.294 119847482 31686716 571979 6783 1.0
00:22:10.694 119847214 30105305 581353 6840 1.0
00:22:10.894 119847474 30287931 575398 6818 1.0
00:22:11.094 119846793 30290663 575472 6824 1.0
00:22:11.294 119847358 31730334 571990 6786 1.0
00:22:11.694 119847821 30104746 581368 6841 1.0
00:22:11.894 119846792 30296961 575588 6834 1.0
00:22:12.094 119847462 30299806 575583 6815 1.0
00:22:12.294 119846669 31757584 571960 6794 1.0
00:22:12.694 119847116 30104013 581383 6848 1.0
00:22:12.894 119846733 30291482 575428 6824 1.0
00:22:13.094 119847418 30290228 575461 6823 1.0
00:22:13.294 119846880 31659173 572169 6791 1.0
00:22:13.694 119846982 30104354 581415 6844 1.0
00:22:13.894 119847371 30298603 575588 6827 1.0
00:22:14.094 119846767 30292456 575424 6830 1.0
00:22:14.294 119847541 31717462 572043 6781 1.0
00:22:14.694 119847088 30102419 581371 6831 1.0
00:22:14.894 119847596 30297834 575567 6815 1.0
00:22:15.094 119846719 30296185 575524 6831 1.0
00:22:15.294 119847562 31692236 572177 6778 1.0
00:22:15.694 119847741 30105877 581424 6833 1.0
00:22:15.894 119846643 30294545 575479 6819 1.0
00:22:16.094 119847577 30298910 575594 6816 1.0
00:22:16.294 119846619 31737513 572131 6789 1.0
00:22:16.694 119847929 30099911 581305 6835 1.0
00:22:16.894 119846667 30302632 575661 6827 1.0
00:22:17.094 119847426 30295572 575538 6840 1.0
00:22:17.294 119846633 31659371 572180 6783 1.0
00:22:17.694 119847118 30109914 581475 6836 1.0
00:22:17.894 119847552 30295085 575502 6833 1.0
00:22:18.094 119846572 30293775 575544 6837 1.0
00:22:18.294 119847545 31722204 572125 6787 1.0
00:22:18.694 119847002 30106791 581448 6834 1.0
00:22:18.894 119847514 30294840 575488 6827 1.0
00:22:19.094 119846680 30292381 575477 6831 1.0
00:22:19.294 119847512 31685160 571973 6788 1.0
00:22:19.694 119847885 30104709 581338 6844 1.0
00:22:19.894 119846713 30293213 575493 6844 1.0
00:22:20.094 119847564 30295389 575549 6824 1.0
00:22:20.294 119846798 31755297 572014 6772 1.0
00:22:20.694 119847822 30097410 581240 6833 1.0
00:22:20.894 119846775 30286293 575358 6826 1.0
00:22:21.094 119847378 30304400 575677 6829 1.0
00:22:21.294 119846695 31709158 571764 6784 1.0
00:22:21.694 119847197 30192970 578363 6807 1.0
00:22:21.894 119847383 30299824 575583 6832 1.0
00:22:22.094 119846631 30298065 575588 6839 1.0
00:22:22.494 119847864 30111090 581506 6838 1.0
00:22:22.694 119846736 30295854 575550 6826 1.0
00:22:22.894 119847425 30291235 575452 6841 1.0
00:22:23.094 119846711 30287124 575377 6833 1.0
00:22:23.494 119847125 30099451 581263 6834 1.0
00:22:23.694 119847509 30292585 575524 6823 1.0
00:22:23.894 119846584 30293479 575451 6829 1.0
00:22:24.094 119846658 30301503 575662 6824 1.0
00:22:24.494 119847161 30104180 581325 6831 1.0
00:22:24.694 119847417 30296824 575539 6826 1.0
00:22:24.894 119846720 30292930 575530 6834 1.0
00:22:25.094 119847503 30291658 575404 6822 1.0
00:22:25.494 119847674 30111050 581504 6837 1.0
00:22:25.694 119846791 30295387 575502 6841 1.0
00:22:25.894 119847591 30295618 575510 6831 1.0
00:22:26.094 119846803 30303670 575719 6820 1.0
00:22:26.494 119847873 30107027 581473 6846 1.0
00:22:26.694 119846618 30296508 575554 6822 1.0
00:22:26.894 119847297 30295960 575517 6839 1.0
00:22:27.094 119846653 30293379 575449 6833 1.0
00:22:27.494 119847219 30107273 581459 6823 1.0
00:22:27.694 119847486 30298384 575583 6831 1.0
00:22:27.894 119846777 30293985 575466 6837 1.0
00:22:28.094 119846699 30288568 575414 6827 1.0
00:22:28.494 119847132 30100833 581329 6832 1.0
00:22:28.694 119847505 30294149 575469 6835 1.0
00:22:28.894 119846697 30298408 575583 6839 1.0
00:22:29.094 119847432 30296057 575523 6825 1.0
00:22:29.494 119847926 30105466 581411 6837 1.0
00:22:29.694 119846769 30299189 575589 6826 1.0
00:22:29.894 119846725 30295930 575570 6822 1.0
00:22:30.094 119847465 30292697 575432 6828 1.0
00:22:30.494 119847718 30102012 581361 6826 1.0
00:22:30.694 119846680 30292797 575435 6840 1.0
00:22:30.894 119847424 30288929 575427 6818 1.0
00:22:31.094 119846694 30298011 575569 6825 1.0
00:22:31.494 119847208 30096374 581242 6833 1.0
00:22:31.694 119847461 30296400 575561 6824 1.0
00:22:31.894 119846752 30294598 575481 6835 1.0
00:22:32.094 119846715 30297745 575566 6837 1.0
00:22:32.494 119847130 30109025 581451 6834 1.0
00:22:32.694 119847345 30289479 575390 6823 1.0
00:22:32.894 119846724 30294714 575535 6809 1.0
00:22:33.094 119847501 30303454 575636 6850 1.0
00:22:33.494 119847706 30102014 581344 6831 1.0
00:22:33.694 119846745 30290541 575391 6820 1.0
00:22:33.894 119846691 30293152 575528 6833 1.0
00:22:34.094 119847520 30291334 575452 6820 1.0
00:22:34.494 119847847 30105232 581445 6827 1.0
00:22:34.694 119846627 30297188 575549 6822 1.0
00:22:34.894 119847433 30295917 575516 6835 1.0
00:22:35.094 119846808 30291457 575455 6820 1.0
00:22:35.494 119846892 30101111 581298 6840 1.0
00:22:35.694 119846749 30288774 575422 6824 1.0
00:22:35.894 119847474 30303951 575693 6836 1.0
00:22:36.094 119846696 30292013 575448 6826 1.0
00:22:36.494 119847111 30101399 581263 6848 1.0
00:22:36.694 119847409 30301624 575666 6812 1.0
00:22:36.894 119846793 30296425 575528 6821 1.0
00:22:37.094 119847601 30291369 575492 6829 1.0
00:22:37.494 119848040 30101562 581348 6841 1.0
00:22:37.694 119846818 30294277 575474 6830 1.0
00:22:37.894 119846718 30299407 575607 6813 1.0
00:22:38.094 119847489 30306943 575712 6836 1.0
00:22:38.494 119847853 30100876 581331 6824 1.0
00:22:38.694 119846823 30301805 575666 6812 1.0
00:22:38.894 119847411 30295872 575527 6825 1.0
00:22:39.094 119846728 30291815 575407 6811 1.0
00:22:39.494 119847123 30102961 581385 6842 1.0
00:22:39.694 119846834 30300962 575651 6828 1.0
00:22:39.894 119847561 30299172 575602 6822 1.0
00:22:40.094 119846685 30296659 575537 6798 1.0
00:22:40.494 119847114 30100101 581242 6838 1.0
00:22:40.694 119847393 30296781 575583 6833 1.0
00:22:40.894 119846743 30295726 575549 6819 1.0
00:22:41.094 119847589 30291013 575385 6831 1.0
00:22:41.494 119847048 30099535 581294 6823 1.0
00:22:41.694 119847490 30301659 575616 6832 1.0
00:22:41.894 119846634 30294860 575540 6805 1.0
00:22:42.094 119847456 30295337 575501 6845 1.0
00:22:42.494 119847914 30100188 581314 6824 1.0
00:22:42.694 119846586 30290748 575424 6846 1.0
00:22:42.894 119847443 30295597 575557 6819 1.0
00:22:43.094 119846597 30302220 575614 6825 1.0
00:22:43.494 119847813 30095958 581231 6830 1.0
00:22:43.694 119846778 30296600 575564 6829 1.0
00:22:43.894 119847380 30288753 575349 6830 1.0
00:22:44.094 119846794 30296461 575588 6832 1.0
00:22:44.494 119847101 30221512 577753 6819 1.0
00:22:44.694 119847367 30285815 575347 6837 1.0
00:22:44.894 119846750 30296343 575525 6836 1.0
00:22:45.294 119847134 30100407 581318 6846 1.0
00:22:45.494 119846642 31681623 571976 6796 1.0
00:22:45.694 119847427 30293056 575440 6827 1.0
00:22:45.894 119846593 30300757 575644 6844 1.0
00:22:46.294 119847011 30102828 581372 6829 1.0
00:22:46.494 119847414 31718001 572335 6796 1.0
00:22:46.694 119846764 30290069 575363 6832 1.0
00:22:46.894 119847415 30296024 575575 6819 1.0
00:22:47.294 119847079 30103504 581305 6809 1.0
00:22:47.494 119847581 31709359 572032 6791 1.0
00:22:47.694 119846756 30287726 575395 6826 1.0
00:22:47.894 119847536 30296748 575539 6817 1.0
00:22:48.294 119847800 30099846 581304 6834 1.0
00:22:48.494 119846857 31749870 571792 6791 1.0
00:22:48.694 119847275 30291110 575391 6821 1.0
00:22:48.894 119846809 30296106 575565 6822 1.0
00:22:49.294 119847855 30109298 581458 6846 1.0
00:22:49.494 119846698 31663342 572112 6796 1.0
00:22:49.694 119847540 30297389 575583 6828 1.0
00:22:49.894 119846751 30296571 575588 6839 1.0
00:22:50.294 119847019 30100125 581312 6831 1.0
00:22:50.494 119847479 31696363 572051 6789 1.0
00:22:50.694 119846663 30293171 575444 6836 1.0
00:22:50.894 119847496 30298096 575574 6818 1.0
00:22:51.294 119847105 30098185 581259 6827 1.0
00:22:51.494 119847469 31749742 572066 6789 1.0
00:22:51.694 119846728 30291757 575407 6822 1.0
00:22:51.894 119847545 30292941 575513 6826 1.0
00:22:52.294 119847731 30098203 581250 6846 1.0
00:22:52.494 119846778 31718067 572049 6788 1.0
00:22:52.694 119847474 30294175 575499 6850 1.0
00:22:52.894 119846662 30300017 575605 6820 1.0
00:22:53.294 119847888 30102265 581295 6819 1.0
00:22:53.494 119846792 31666653 572363 6788 1.0
00:22:53.694 119847453 30293201 575445 6837 1.0
00:22:53.894 119846721 30295321 575541 6847 1.0
00:22:54.294 119847130 30108618 581450 6835 1.0
00:22:54.494 119847436 31734341 572017 6785 1.0
00:22:54.694 119846747 30292293 575421 6831 1.0
00:22:54.894 119846882 30300427 575635 6824 1.0
00:22:55.294 119847161 30101480 581349 6828 1.0
00:22:55.494 119847608 31708098 572016 6784 1.0
00:22:55.694 119846813 30304037 575696 6810 1.0
00:22:55.894 119847479 30301233 575599 6821 1.0
00:22:56.294 119847856 30102881 581291 6837 1.0
00:22:56.494 119846663 31718922 571954 6789 1.0
00:22:56.694 119847498 30295520 575522 6814 1.0
00:22:56.894 119846688 30295571 575507 6829 1.0
00:22:57.294 119847855 30100884 581330 6825 1.0
00:22:57.494 119846529 31726758 571981 6788 1.0
00:22:57.694 119847480 30297898 575583 6840 1.0
00:22:57.894 119846671 30296383 575588 6834 1.0
00:22:58.294 119847277 30098558 581268 6812 1.0
00:22:58.494 119847411 31717077 572075 6787 1.0
00:22:58.694 119846622 30292477 575507 6834 1.0
00:22:58.894 119846792 30291982 575411 6809 1.0
00:22:59.294 119847105 30107570 581433 6836 1.0
00:22:59.494 119847427 31759722 572036 6791 1.0
00:22:59.694 119846680 30296965 575544 6825 1.0
00:22:59.894 119847383 30297594 575560 6827 1.0
00:23:00.294 119847888 30099797 581252 6828 1.0
00:23:00.494 119846658 31706498 571992 6790 1.0
00:23:00.694 119846685 30297807 575565 6815 1.0
00:23:00.894 119847417 30294299 575566 6826 1.0
00:23:01.294 119847691 30108855 581447 6823 1.0
00:23:01.494 119846689 31656697 572189 6787 1.0
00:23:01.694 119847400 30292885 575461 6830 1.0
00:23:01.894 119846713 30292130 575452 6825 1.0
00:23:02.294 119847056 30099495 581294 6820 1.0
00:23:02.494 119847242 31691275 572088 6796 1.0
00:23:02.694 119847408 30299675 575614 6838 1.0
00:23:02.894 119846744 30296724 575536 6827 1.0
00:23:03.294 119847094 30101499 581346 6828 1.0
00:23:03.494 119847412 31666833 572289 6791 1.0
00:23:03.694 119846669 30294026 575466 6825 1.0
00:23:03.894 119847534 30291510 575493 6805 1.0
00:23:04.294 119847855 30104648 581399 6834 1.0
00:23:04.494 119846807 31668184 572267 6795 1.0
00:23:04.694 119846685 30293597 575454 6838 1.0
00:23:04.894 119847588 30303770 575723 6827 1.0
00:23:05.294 119847860 30101336 581339 6837 1.0
00:23:05.494 119846728 31711515 572036 6778 1.0
00:23:05.694 119847522 30296264 575525 6825 1.0
00:23:05.894 119846702 30302675 575692 6819 1.0
00:23:06.294 119847000 30198544 578456 6816 1.0
00:23:06.494 119846538 31701196 572011 6783 1.0
00:23:06.694 119847495 30293571 575455 6829 1.0
00:23:07.094 119847823 30101724 581261 6834 1.0
00:23:07.294 119846678 30291464 575492 6829 1.0
00:23:07.494 119847441 31734183 571876 6793 1.0
00:23:07.694 119846676 30300411 575634 6821 1.0
00:23:08.094 119847170 30097769 581249 6829 1.0
00:23:08.294 119846719 30299020 575594 6828 1.0
00:23:08.494 119847515 31752503 571858 6797 1.0
00:23:08.694 119846752 30288963 575427 6839 1.0
00:23:09.094 119847050 30103340 581301 6845 1.0
00:23:09.294 119847517 30293461 575544 6822 1.0
00:23:09.494 119846679 31691587 571983 6786 1.0
00:23:09.694 119847464 30297852 575566 6835 1.0
00:23:10.094 119847811 30092824 581198 6831 1.0
00:23:10.294 119846752 30298709 575585 6835 1.0
00:23:10.494 119846769 31753723 572074 6795 1.0
00:23:10.694 119847391 30289946 575453 6833 1.0
00:23:11.094 119847815 30109601 581466 6830 1.0
00:23:11.294 119846621 30294203 575478 6826 1.0
00:23:11.494 119847488 31667927 572186 6784 1.0
00:23:11.694 119846596 30290963 575387 6835 1.0
00:23:12.094 119847140 30099810 581303 6843 1.0
00:23:12.294 119846785 30294759 575482 6816 1.0
00:23:12.494 119847563 31736893 572050 6783 1.0
00:23:12.694 119846712 30294079 575467 6841 1.0
00:23:13.094 119847112 30102470 581289 6831 1.0
00:23:13.294 119847390 30303438 575712 6825 1.0
00:23:13.494 119846751 31662464 572060 6787 1.0
00:23:13.694 119847403 30292230 575438 6846 1.0
00:23:14.094 119847095 30099227 581287 6832 1.0
00:23:14.294 119847545 30296354 575523 6813 1.0
00:23:14.494 119846675 31655457 572069 6785 1.0
00:23:14.694 119847333 30298102 575575 6836 1.0
00:23:15.094 119847853 30100099 581252 6825 1.0
00:23:15.294 119846678 30301377 575658 6838 1.0
00:23:15.494 119847476 31700912 572045 6793 1.0
00:23:15.694 119846767 30294518 575481 6835 1.0
00:23:16.094 119847139 30106133 581470 6829 1.0
00:23:16.294 119846834 30290696 575378 6809 1.0
00:23:16.494 119847532 31725440 572018 6777 1.0
00:23:16.694 119846654 30287828 575397 6823 1.0
00:23:17.094 119847210 30102491 581373 6829 1.0
00:23:17.294 119847456 30294240 575470 6828 1.0
00:23:17.494 119846677 31684915 572190 6792 1.0
00:23:17.694 119847464 30300871 575647 6827 1.0
00:23:18.094 119847044 30103293 581394 6834 1.0
00:23:18.294 119847422 30300220 575627 6823 1.0
00:23:18.494 119846628 31728262 571997 6779 1.0
00:23:18.694 119847478 30296175 575523 6836 1.0
00:23:19.094 119847805 30103463 581397 6829 1.0
00:23:19.294 119846499 30293352 575446 6825 1.0
00:23:19.494 119847430 31711907 572034 6795 1.0
00:23:19.694 119846763 30304079 575731 6825 1.0
00:23:20.094 119847900 30102609 581375 6844 1.0
00:23:20.294 119846680 30304373 575643 6835 1.0
00:23:20.494 119847379 31722353 572041 6793 1.0
00:23:20.694 119846683 30294100 575504 6831 1.0
00:23:21.094 119847144 30102784 581286 6836 1.0
00:23:21.294 119847510 30294622 575561 6816 1.0
00:23:21.494 119846764 31722224 572048 6785 1.0
00:23:21.694 119847499 30299478 575612 6833 1.0
00:23:22.094 119847171 30104078 581332 6832 1.0
00:23:22.294 119847438 30294195 575493 6832 1.0
00:23:22.494 119846760 31676345 572164 6787 1.0
00:23:22.694 119847531 30296674 575536 6817 1.0
00:23:23.094 119847730 30100201 581281 6849 1.0
00:23:23.294 119846715 30293184 575537 6830 1.0
00:23:23.494 119847347 31683672 572238 6791 1.0
00:23:23.694 119846646 30299114 575588 6824 1.0
00:23:24.094 119847787 30099454 581293 6836 1.0
00:23:24.294 119846712 30294633 575480 6837 1.0
00:23:24.494 119847547 31741975 572213 6790 1.0
00:23:24.694 119846764 30290929 575451 6826 1.0
00:23:25.094 119847021 30099447 581255 6833 1.0
00:23:25.294 119847506 30296120 575556 6830 1.0
00:23:25.494 119846758 31679931 572109 6801 1.0
00:23:25.694 119846692 30292294 575484 6837 1.0
00:23:26.094 119847112 30098313 581264 6827 1.0
00:23:26.294 119847436 30292881 575527 6817 1.0
00:23:26.494 119846715 31731570 571957 6791 1.0
00:23:26.694 119847491 30302426 575631 6827 1.0
00:23:27.094 119847944 30104151 581322 6849 1.0
00:23:27.294 119846543 30310048 575793 6817 1.0
00:23:27.494 119846856 31753165 571824 6775 1.0
00:23:27.694 119847540 30290820 575467 6817 1.0
00:23:28.094 119847890 30107279 581371 6847 1.0
00:23:28.294 119846691 30295913 575578 6835 1.0
00:23:28.494 119847619 31748644 571715 6773 1.0
00:23:28.694 119846799 30295643 575588 6826 1.0
00:23:29.094 119847263 30206232 578011 6821 1.0
00:23:29.294 119847324 30296661 575542 6821 1.0
00:23:29.494 119846844 31692346 572019 6786 1.0
00:23:29.894 119847820 30097896 581237 6821 1.0
00:23:30.094 119846689 30301371 575646 6849 1.0
00:23:30.294 119847398 30299315 575603 6825 1.0
00:23:30.494 119846851 31670277 572070 6800 1.0
00:23:30.894 119847068 30105473 581421 6830 1.0
00:23:31.094 119847459 30290024 575390 6836 1.0
00:23:31.294 119846709 30293386 575524 6833 1.0
00:23:31.494 119846746 31663127 572236 6773 1.0
00:23:31.894 119847018 30103859 581409 6831 1.0
00:23:32.094 119847379 30293836 575462 6821 1.0
00:23:32.294 119846769 30301579 575662 6830 1.0
00:23:32.494 119847611 31745722 571900 6785 1.0
00:23:32.894 119847834 30103107 581390 6828 1.0
00:23:33.094 119846746 30294595 575480 6834 1.0
00:23:33.294 119846709 30294949 575489 6834 1.0
00:23:33.494 119847428 31754831 571955 6785 1.0
00:23:33.894 119847853 30105298 581446 6829 1.0
00:23:34.094 119846864 30295843 575515 6829 1.0
00:23:34.294 119847454 30293576 575451 6836 1.0
00:23:34.494 119846798 31705014 572173 6795 1.0
00:23:34.894 119847042 30103247 581346 6835 1.0
00:23:35.094 119847540 30296858 575583 6829 1.0
00:23:35.294 119846716 30298929 575588 6822 1.0
00:23:35.494 119846747 31745059 571911 6779 1.0
00:23:35.894 119847098 30109509 581465 6840 1.0
00:23:36.094 119847536 30296497 575530 6829 1.0
00:23:36.294 119846678 30294296 575567 6823 1.0
00:23:36.494 119847354 31686752 572180 6792 1.0
00:23:36.894 119847819 30099343 581291 6847 1.0
00:23:37.094 119846694 30292494 575470 6817 1.0
00:23:37.294 119846713 30296695 575584 6828 1.0
00:23:37.494 119847628 31705757 571977 6776 1.0
00:23:37.894 119847750 30106640 581388 6823 1.0
00:23:38.094 119846735 30293813 575555 6846 1.0
00:23:38.294 119847494 30291969 575410 6825 1.0
00:23:38.494 119846845 31658171 572184 6799 1.0
00:23:38.894 119847287 30102872 581291 6837 1.0
00:23:39.094 119846615 30291355 575491 6838 1.0
00:23:39.294 119847496 30298215 575575 6827 1.0
00:23:39.494 119846618 31706762 571938 6796 1.0
00:23:39.894 119847125 30099003 581280 6845 1.0
00:23:40.094 119847495 30301011 575679 6816 1.0
00:23:40.294 119846688 30294524 575494 6819 1.0
00:23:40.494 119847513 31748289 571976 6779 1.0
00:23:40.894 119847946 30102488 581315 6826 1.0
00:23:41.094 119846565 30293380 575506 6821 1.0
00:23:41.294 119846734 30290115 575412 6820 1.0
00:23:41.494 119847384 31764605 572015 6781 1.0
00:23:41.894 119847756 30095172 581182 6813 1.0
00:23:42.094 119846722 30297917 575568 6816 1.0
00:23:42.294 119847532 30286140 575350 6828 1.0
00:23:42.494 119846766 31715290 572045 6790 1.0
00:23:42.894 119847070 30102504 581280 6840 1.0
00:23:43.094 119846719 30295966 575580 6841 1.0
00:23:43.294 119847543 30290973 575412 6822 1.0
00:23:43.494 119846817 31704870 572137 6800 1.0
00:23:43.894 119847044 30105091 581441 6829 1.0
00:23:44.094 119847270 30297674 575562 6833 1.0
00:23:44.294 119846783 30302649 575616 6830 1.0
00:23:44.494 119847596 31694302 572035 6788 1.0
00:23:44.894 119847223 30106178 581377 6848 1.0
00:23:45.094 119847467 30294771 575569 6825 1.0
00:23:45.294 119846747 30293134 575451 6826 1.0
00:23:45.494 119847410 31656913 572110 6788 1.0
00:23:45.894 119847826 30097148 581237 6820 1.0
00:23:46.094 119846687 30291158 575457 6824 1.0
00:23:46.294 119847338 30296548 575529 6834 1.0
00:23:46.494 119846706 31664450 572163 6812 1.0
00:23:46.894 119847860 30099933 581263 6842 1.0
00:23:47.094 119846684 30298651 575589 6837 1.0
00:23:47.294 119847428 30292689 575523 6820 1.0
00:23:47.494 119846738 31757147 571923 6800 1.0
00:23:47.894 119847103 30099053 581283 6835 1.0
00:23:48.094 119847505 30294911 575493 6812 1.0
00:23:48.294 119846743 30291146 575478 6822 1.0
00:23:48.494 119847495 31698839 572203 6786 1.0
00:23:48.894 119847193 30101936 581279 6816 1.0
00:23:49.094 119847395 30297782 575565 6827 1.0
00:23:49.294 119846702 30294838 575569 6830 1.0
00:23:49.494 119847419 31716847 572028 6781 1.0
00:23:49.894 119847811 30106891 581395 6855 1.0
00:23:50.094 119846747 30290410 575440 6821 1.0
00:23:50.294 119847439 30290450 575396 6815 1.0
00:23:50.494 119846798 31756333 571973 6792 1.0
00:23:50.894 119847778 30191611 578473 6801 1.0
00:23:51.094 119846575 30294580 575518 6823 1.0
00:23:51.294 119847412 30295902 575570 6813 1.0
00:23:51.694 119847861 30102296 581310 6831 1.0
00:23:51.894 119846680 30297277 575588 6825 1.0
00:23:52.094 119847530 30300632 575583 6821 1.0
00:23:52.294 119846826 30292061 575492 6813 1.0
00:23:52.694 119847866 30110933 581503 6839 1.0
00:23:52.894 119846780 30294994 575510 6828 1.0
00:23:53.094 119847570 30293745 575533 6827 1.0
00:23:53.294 119846658 30290712 575380 6827 1.0
00:23:53.694 119847125 30097327 581238 6846 1.0
00:23:53.894 119847398 30297267 575565 6837 1.0
00:23:54.094 119846766 30305308 575750 6818 1.0
00:23:54.294 119847382 30299371 575606 6822 1.0
00:23:54.694 119847108 30101600 581350 6832 1.0
00:23:54.894 119847467 30296661 575535 6839 1.0
00:23:55.094 119846651 30297817 575565 6833 1.0
00:23:55.294 119847424 30292432 575500 6817 1.0
00:23:55.694 119847854 30104426 581330 6821 1.0
00:23:55.894 119846734 30295324 575503 6825 1.0
00:23:56.094 119847571 30297025 575577 6834 1.0
00:23:56.294 119846710 30304304 575702 6834 1.0
00:23:56.694 119847757 30102558 581362 6841 1.0
00:23:56.894 119846691 30299361 575588 6827 1.0
00:23:57.094 119847514 30294772 575518 6826 1.0
00:23:57.294 119846643 30292153 575414 6820 1.0
00:23:57.694 119846963 30105721 581458 6840 1.0
00:23:57.894 119847346 30290968 575385 6845 1.0
00:23:58.094 119846786 30292356 575515 6824 1.0
00:23:58.294 119846658 30297653 575561 6811 1.0
00:23:58.694 119847016 30100471 581264 6824 1.0
00:23:58.894 119847519 30291478 575456 6833 1.0
00:23:59.094 119846591 30299091 575620 6834 1.0
00:23:59.294 119847559 30296846 575537 6831 1.0
00:23:59.694 119847828 30109653 581469 6830 1.0
00:23:59.894 119846603 30293008 575441 6821 1.0
00:24:00.094 119847546 30298817 575590 6830 1.0
00:24:00.294 119846738 30290124 575454 6815 1.0
00:24:00.694 119847942 30095196 581181 6835 1.0
00:24:00.894 119846706 30287067 575376 6834 1.0
00:24:01.094 119847565 30303653 575719 6839 1.0
00:24:01.294 119846606 30292643 575427 6838 1.0
00:24:01.694 119847028 30101091 581337 6838 1.0
00:24:01.894 119847440 30298029 575569 6842 1.0
00:24:02.094 119846613 30297108 575547 6840 1.0
00:24:02.294 119846797 30292772 575524 6813 1.0
00:24:02.694 119847058 30103337 581340 6821 1.0
00:24:02.894 119847547 30295204 575499 6840 1.0
00:24:03.094 119846799 30288574 575414 6821 1.0
00:24:03.294 119847512 30299424 575605 6819 1.0
00:24:03.694 119847874 30102293 581273 6826 1.0
00:24:03.894 119846666 30300477 575643 6838 1.0
00:24:04.094 119846688 30291237 575486 6819 1.0
00:24:04.294 119847657 30287720 575373 6833 1.0
00:24:04.694 119847729 30104700 581379 6836 1.0
00:24:04.894 119846841 30293017 575492 6816 1.0
00:24:05.094 119847544 30296628 575532 6799 1.0
00:24:05.294 119846758 30302069 575676 6825 1.0
00:24:05.694 119847112 30099229 581287 6833 1.0
00:24:05.894 119847122 30299078 575600 6822 1.0
00:24:06.094 119846751 30295353 575501 6829 1.0
00:24:06.294 119846671 30293175 575532 6809 1.0
00:24:06.694 119847012 30098262 581242 6842 1.0
00:24:06.894 119847569 30290008 575426 6816 1.0
00:24:07.094 119846784 30294482 575487 6829 1.0
00:24:07.294 119847519 30291636 575485 6812 1.0
00:24:07.694 119847777 30107400 581409 6843 1.0
00:24:07.894 119846673 30296752 575539 6827 1.0
00:24:08.094 119846712 30300377 575633 6810 1.0
00:24:08.294 119847366 30299414 575604 6837 1.0
00:24:08.694 119847860 30095032 581177 6820 1.0
00:24:08.894 119846711 30305855 575777 6829 1.0
00:24:09.094 119847410 30294920 575489 6842 1.0
00:24:09.294 119846821 30290846 575434 6820 1.0
00:24:09.694 119847125 30105709 581458 6832 1.0
00:24:09.894 119846564 30290631 575376 6810 1.0
00:24:10.094 119847282 30291475 575493 6819 1.0
00:24:10.294 119846714 30302481 575636 6820 1.0
00:24:10.694 119847074 30098492 581242 6843 1.0
00:24:10.894 119847502 30293306 575501 6842 1.0
00:24:11.094 119846755 30295341 575502 6816 1.0
00:24:11.294 119847498 30290201 575457 6825 1.0
00:24:11.694 119847198 30105294 581354 6837 1.0
00:24:11.894 119847504 30291300 575488 6817 1.0
00:24:12.094 119846774 30289793 575386 6826 1.0
00:24:12.294 119847361 30289688 575414 6830 1.0
00:24:12.694 119847617 30106084 581364 6857 1.0
00:24:12.894 119846757 30292768 575503 6815 1.0
00:24:13.094 119847497 30300703 575642 6829 1.0
00:24:13.294 119846874 30292291 575420 6811 1.0
00:24:13.694 119847218 30198644 578307 6815 1.0
00:24:13.894 119846683 30298987 575597 6835 1.0
00:24:14.094 119847489 30297348 575553 6827 1.0
00:24:14.494 119847813 30107112 581485 6838 1.0
00:24:14.694 119846603 31677663 571978 6786 1.0
00:24:14.894 119847453 30302242 575668 6827 1.0
00:24:15.094 119846685 30296239 575522 6828 1.0
00:24:15.494 119847201 30094699 581168 6833 1.0
00:24:15.694 119846775 31735900 571824 6791 1.0
00:24:15.894 119847389 30292556 575446 6834 1.0
00:24:16.094 119846755 30289693 575429 6825 1.0
00:24:16.494 119847097 30099029 581274 6831 1.0
00:24:16.694 119847648 31668853 572433 6787 1.0
00:24:16.894 119846760 30287615 575354 6832 1.0
00:24:17.094 119847574 30287526 575333 6816 1.0
00:24:17.494 119847065 30099624 581298 6830 1.0
00:24:17.694 119847484 31719531 572056 6794 1.0
00:24:17.894 119846652 30295801 575514 6842 1.0
00:24:18.094 119847307 30301599 575666 6816 1.0
00:24:18.494 119847880 30095281 581183 6816 1.0
00:24:18.694 119846607 31739730 572101 6791 1.0
00:24:18.894 119847495 30295022 575494 6825 1.0
00:24:19.094 119846647 30295013 575492 6828 1.0
00:24:19.494 119847099 30106314 581424 6824 1.0
00:24:19.694 119846771 31661857 572026 6791 1.0
00:24:19.894 119847401 30295728 575512 6823 1.0
00:24:20.094 119846749 30299810 575617 6832 1.0
00:24:20.494 119847152 30099067 581282 6823 1.0
00:24:20.694 119847415 31669381 572102 6795 1.0
00:24:20.894 119846620 30296899 575542 6833 1.0
00:24:21.094 119847354 30296102 575521 6813 1.0
00:24:21.494 119847037 30109468 581464 6834 1.0
00:24:21.694 119847572 31721168 572017 6776 1.0
00:24:21.894 119846759 30292479 575427 6829 1.0
00:24:22.094 119847509 30294455 575559 6825 1.0
00:24:22.494 119847795 30103754 581359 6840 1.0
00:24:22.694 119846816 31679396 572028 6789 1.0
00:24:22.894 119847460 30300914 575651 6833 1.0
00:24:23.094 119846735 30292244 575472 6826 1.0
00:24:23.494 119847811 30100660 581310 6837 1.0
00:24:23.694 119846749 31701553 572148 6782 1.0
00:24:23.894 119847314 30295628 575508 6848 1.0
00:24:24.094 119846691 30286559 575364 6828 1.0
00:24:24.494 119847159 30102013 581267 6846 1.0
00:24:24.694 119847463 31658957 572174 6801 1.0
00:24:24.894 119846712 30298843 575597 6833 1.0
00:24:25.094 119847380 30302711 575610 6819 1.0
00:24:25.494 119847027 30100308 581290 6837 1.0
00:24:25.694 119847580 31668966 572312 6798 1.0
00:24:25.894 119846663 30291140 575484 6823 1.0
00:24:26.094 119847498 30292730 575433 6812 1.0
00:24:26.494 119847811 30113379 581567 6836 1.0
00:24:26.694 119846642 31737110 571805 6770 1.0
00:24:26.894 119847385 30293421 575480 6821 1.0
00:24:27.094 119846868 30294106 575468 6839 1.0
00:24:27.494 119847840 30105283 581406 6817 1.0
00:24:27.694 119846817 31669653 572067 6789 1.0
00:24:27.894 119847569 30300481 575632 6836 1.0
00:24:28.094 119846631 30297311 575553 6812 1.0
00:24:28.494 119847125 30103168 581375 6833 1.0
00:24:28.694 119847506 31668858 572231 6784 1.0
00:24:28.894 119846660 30296905 575572 6821 1.0
00:24:29.094 119846791 30293599 575456 6835 1.0
00:24:29.494 119847034 30105646 581366 6830 1.0
00:24:29.694 119847571 31721650 572026 6798 1.0
00:24:29.894 119846682 30295795 575514 6837 1.0
00:24:30.094 119847409 30302114 575678 6812 1.0
00:24:30.494 119847820 30101310 581322 6833 1.0
00:24:30.695 119846680 31707593 572224 6779 1.0
00:24:30.895 119846591 30296177 575524 6853 1.0
00:24:31.095 119847523 30297287 575551 6830 1.0
00:24:31.495 119847811 30100322 581317 6836 1.0
00:24:31.695 119846786 31753337 571868 6788 1.0
00:24:31.895 119847430 30294391 575569 6837 1.0
00:24:32.095 119846666 30300088 575594 6831 1.0
00:24:32.495 119847131 30102183 581364 6839 1.0
00:24:32.695 119847649 31684683 572040 6789 1.0
00:24:32.895 119846603 30306304 575697 6835 1.0
00:24:33.095 119846775 30293272 575513 6831 1.0
00:24:33.495 119847267 30106208 581377 6851 1.0
00:24:33.695 119847540 31709094 572073 6790 1.0
00:24:33.895 119846760 30289222 575391 6834 1.0
00:24:34.095 119847389 30296181 575565 6825 1.0
00:24:34.495 119847826 30103346 581397 6821 1.0
00:24:34.695 119846856 31663739 572142 6790 1.0
00:24:34.895 119846660 30296652 575536 6829 1.0
00:24:35.095 119847360 30291822 575490 6829 1.0
00:24:35.495 119848061 30181374 578831 6814 1.0
00:24:35.695 119846700 31663829 572082 6794 1.0
00:24:35.895 119847483 30290175 575459 6831 1.0
00:24:36.295 119847729 30105472 581371 6835 1.0
00:24:36.495 119846696 30291739 575486 6827 1.0
00:24:36.695 119846585 31708130 572080 6793 1.0
00:24:36.895 119847451 30293486 575493 6836 1.0
00:24:37.295 119847869 30105776 581365 6848 1.0
00:24:37.495 119846684 30300225 575630 6817 1.0
00:24:37.695 119847540 31716435 572064 6790 1.0
00:24:37.895 119846706 30289260 575369 6809 1.0
00:24:38.295 119847089 30098933 581248 6824 1.0
00:24:38.495 119847470 30305909 575716 6834 1.0
00:24:38.695 119846765 31740766 571969 6786 1.0
00:24:38.895 119846740 30295019 575493 6816 1.0
00:24:39.295 119847158 30099472 581246 6827 1.0
00:24:39.495 119847472 30295672 575558 6813 1.0
00:24:39.695 119846799 31678697 572004 6795 1.0
00:24:39.895 119847426 30298191 575582 6827 1.0
00:24:40.295 119847749 30092878 581138 6827 1.0
00:24:40.495 119846737 30296005 575516 6821 1.0
00:24:40.695 119846749 31659648 572126 6776 1.0
00:24:40.895 119847464 30297682 575563 6833 1.0
00:24:41.295 119847856 30105672 581456 6835 1.0
00:24:41.495 119846764 30292161 575424 6832 1.0
00:24:41.695 119847562 31703743 571975 6785 1.0
00:24:41.895 119846706 30297560 575560 6825 1.0
00:24:42.295 119847139 30106055 581374 6833 1.0
00:24:42.495 119846642 30289438 575439 6829 1.0
00:24:42.695 119847469 31683043 572277 6794 1.0
00:24:42.895 119846716 30293998 575507 6834 1.0
00:24:43.295 119846963 30107936 581485 6835 1.0
00:24:43.495 119847527 30295106 575494 6842 1.0
00:24:43.695 119846702 31673051 572082 6810 1.0
00:24:43.895 119847457 30296864 575583 6820 1.0
00:24:44.295 119847825 30097674 581248 6831 1.0
00:24:44.495 119846807 30288030 575403 6819 1.0
00:24:44.695 119846657 31711539 572011 6795 1.0
00:24:44.895 119847296 30295731 575567 6829 1.0
00:24:45.295 119847872 30099761 581300 6828 1.0
00:24:45.495 119846790 30299844 575619 6821 1.0
00:24:45.695 119847389 31743656 571836 6776 1.0
00:24:45.895 119846697 30292309 575504 6818 1.0
00:24:46.295 119847120 30105284 581448 6837 1.0
00:24:46.495 119846617 30292780 575431 6831 1.0
00:24:46.695 119847407 31729470 572093 6774 1.0
00:24:46.895 119846695 30304690 575654 6830 1.0
00:24:47.295 119847048 30097970 581249 6839 1.0
00:24:47.495 119847309 30291307 575400 6827 1.0
00:24:47.695 119846716 31690546 572161 6775 1.0
00:24:47.895 119847463 30295842 575562 6831 1.0
00:24:48.295 119847044 30103595 581363 6833 1.0
00:24:48.495 119847559 30296592 575572 6822 1.0
00:24:48.695 119846755 31718472 571867 6800 1.0
00:24:48.895 119847410 30289265 575435 6821 1.0
00:24:49.295 119847826 30104984 581371 6821 1.0
00:24:49.495 119846745 30295779 575579 6817 1.0
00:24:49.695 119847564 31730899 572003 6786 1.0
00:24:49.895 119846735 30289007 575429 6827 1.0
00:24:50.295 119847791 30102479 581372 6825 1.0
00:24:50.495 119846816 30301433 575661 6825 1.0
00:24:50.695 119847511 31743838 571959 6797 1.0
00:24:50.895 119846621 30299591 575612 6830 1.0
00:24:51.295 119847108 30108374 581433 6835 1.0
00:24:51.495 119847424 30293965 575471 6825 1.0
00:24:51.695 119846562 31745324 572019 6789 1.0
00:24:51.895 119847331 30301612 575667 6837 1.0
00:24:52.295 119847152 30097778 581250 6834 1.0
00:24:52.495 119847471 30294023 575537 6832 1.0
00:24:52.695 119846802 31697610 571978 6778 1.0
00:24:52.895 119847524 30296146 575524 6832 1.0
00:24:53.295 119847871 30110753 581495 6832 1.0
00:24:53.495 119846723 30290133 575370 6820 1.0
00:24:53.695 119847427 31695915 572191 6798 1.0
00:24:53.895 119846643 30300727 575588 6826 1.0
00:24:54.295 119847909 30101797 581337 6833 1.0
00:24:54.495 119846592 30291327 575488 6829 1.0
00:24:54.695 119847485 31756753 572156 6801 1.0
00:24:54.895 119846684 30296712 575538 6840 1.0
00:24:55.295 119847102 30106187 581461 6828 1.0
00:24:55.495 119847469 30291392 575396 6824 1.0
00:24:55.695 119846693 31741097 572079 6796 1.0
00:24:55.895 119846809 30292156 575455 6841 1.0
00:24:56.295 119847002 30094803 581200 6823 1.0
00:24:56.495 119847419 30296271 575524 6831 1.0
00:24:56.695 119846778 31694626 572175 6793 1.0
00:24:56.895 119847410 30291507 575487 6815 1.0
00:24:57.295 119847924 30103412 581361 6844 1.0
00:24:57.495 119846592 30295694 575510 6819 1.0
00:24:57.695 119847565 31697122 572060 6795 1.0
00:24:57.895 119846717 30300285 575630 6840 1.0
00:24:58.295 119847937 30197966 578439 6799 1.0
00:24:58.495 119846764 30283140 575274 6836 1.0
00:24:58.695 119847465 31711293 572025 6792 1.0
00:24:59.095 119847678 30101961 581276 6818 1.0
00:24:59.295 119846629 30298674 575586 6830 1.0
00:24:59.495 119847401 30298427 575585 6836 1.0
00:24:59.695 119846660 31707358 571981 6799 1.0
00:25:00.095 119847822 30102240 581340 6824 1.0
00:25:00.295 119846763 30306662 575729 6827 1.0
00:25:00.495 119847382 30293278 575446 6815 1.0
00:25:00.695 119846833 31720894 571930 6782 1.0
00:25:01.095 119847183 30100222 581314 6823 1.0
00:25:01.295 119847485 30292506 575421 6826 1.0
00:25:01.495 119846785 30297885 575568 6826 1.0
00:25:01.695 119846721 31737078 572114 6787 1.0
00:25:02.095 119847056 30099447 581294 6806 1.0
00:25:02.295 119847453 30296417 575524 6819 1.0
00:25:02.495 119846701 30298798 575591 6821 1.0
00:25:02.695 119847456 31683382 572013 6785 1.0
00:25:03.095 119847809 30109859 581495 6823 1.0
00:25:03.295 119846671 30291029 575392 6825 1.0
00:25:03.495 119847324 30291058 575482 6831 1.0
00:25:03.695 119846817 31701840 572017 6777 1.0
00:25:04.095 119847835 30098301 581242 6826 1.0
00:25:04.295 119846650 30292132 575506 6830 1.0
00:25:04.495 119847493 30305651 575679 6822 1.0
00:25:04.695 119846813 31738218 571955 6774 1.0
00:25:05.095 119847134 30099265 581288 6843 1.0
00:25:05.295 119847425 30295488 575531 6812 1.0
00:25:05.495 119846820 30296421 575527 6840 1.0
00:25:05.695 119846617 31674041 572120 6783 1.0
00:25:06.095 119847155 30101199 581246 6821 1.0
00:25:06.295 119847291 30296540 575583 6842 1.0
00:25:06.495 119846784 30293538 575495 6823 1.0
00:25:06.695 119847592 31709148 572207 6797 1.0
00:25:07.095 119847752 30100228 581279 6832 1.0
00:25:07.295 119846775 30305138 575698 6831 1.0
00:25:07.495 119846735 30294206 575478 6831 1.0
00:25:07.695 119847460 31722825 571973 6791 1.0
00:25:08.095 119847814 30104597 581363 6835 1.0
00:25:08.295 119846734 30297659 575560 6826 1.0
00:25:08.495 119847304 30295246 575497 6832 1.0
00:25:08.695 119846777 31733029 572107 6784 1.0
00:25:09.095 119847089 30099244 581288 6831 1.0
00:25:09.295 119847462 30290637 575468 6831 1.0
00:25:09.495 119846785 30296757 575536 6815 1.0
00:25:09.695 119846731 31741922 571948 6784 1.0
00:25:10.095 119847018 30102548 581281 6823 1.0
00:25:10.295 119847480 30291025 575481 6823 1.0
00:25:10.495 119846670 30289854 575426 6822 1.0
00:25:10.695 119847504 31656212 572046 6780 1.0
00:25:11.095 119847936 30103876 581339 6831 1.0
00:25:11.295 119846771 30296905 575588 6833 1.0
00:25:11.495 119846669 30300785 575589 6822 1.0
00:25:11.695 119847527 31719483 571973 6788 1.0
00:25:12.095 119847930 30105512 581358 6822 1.0
00:25:12.295 119846660 30297893 575584 6823 1.0
00:25:12.495 119847522 30293461 575527 6825 1.0
00:25:12.695 119846773 31683609 572043 6783 1.0
00:25:13.095 119847202 30106257 581432 6816 1.0
00:25:13.295 119846728 30292798 575431 6823 1.0
00:25:13.495 119847519 30294970 575550 6837 1.0
00:25:13.695 119846708 31668708 572194 6781 1.0
00:25:14.095 119847028 30097317 581242 6834 1.0
00:25:14.295 119847508 30300211 575600 6831 1.0
00:25:14.495 119846665 30297530 575572 6833 1.0
00:25:14.695 119847607 31675050 572071 6781 1.0
00:25:15.095 119847147 30111680 581522 6846 1.0
00:25:15.295 119847529 30291893 575503 6833 1.0
00:25:15.495 119846622 30298789 575591 6838 1.0
00:25:15.695 119847430 31669197 572250 6791 1.0
00:25:16.095 119847830 30105630 581362 6829 1.0
00:25:16.295 119846740 30289993 575451 6815 1.0
00:25:16.495 119847385 30295360 575503 6825 1.0
00:25:16.695 119846831 31749642 571889 6784 1.0
00:25:17.095 119847168 30107470 581492 6826 1.0
00:25:17.295 119846620 30292333 575433 6845 1.0
00:25:17.495 119847599 30303116 575705 6811 1.0
00:25:17.695 119846772 31747209 571963 6799 1.0
00:25:18.095 119847099 30103370 581333 6824 1.0
00:25:18.295 119847390 30299205 575583 6825 1.0
00:25:18.495 119846700 30302734 575681 6829 1.0
00:25:18.695 119847528 31708415 572046 6773 1.0
00:25:19.095 119847116 30098706 581248 6833 1.0
00:25:19.295 119847526 30302861 575695 6835 1.0
00:25:19.495 119846648 30293906 575470 6825 1.0
00:25:19.695 119847365 31681408 571995 6791 1.0
00:25:20.095 119847781 30182541 579301 6825 1.0
00:25:20.295 119846705 30294225 575470 6836 1.0
00:25:20.495 119847441 30292805 575529 6819 1.0
00:25:20.695 119846768 31671573 572284 6776 1.0
00:25:21.095 119847887 30300461 575723 6812 1.0
00:25:21.295 119846679 30305625 575696 6828 1.0
00:25:21.495 119847447 30305505 575747 6829 1.0
00:25:21.895 119847762 30112020 581495 6831 1.0
00:25:22.095 119846646 30309073 575805 6828 1.0
00:25:22.295 119847506 30305083 575663 6822 1.0
00:25:22.495 119846738 30306067 575782 6825 1.0
00:25:22.895 119847067 30121324 581680 6844 1.0
00:25:23.095 119846698 30305804 575727 6842 1.0
00:25:23.295 119847429 30307583 575779 6822 1.0
00:25:23.495 119846870 30310148 575799 6822 1.0
00:25:23.895 119847148 30110114 581480 6840 1.0
00:25:24.095 119847508 30304363 575731 6830 1.0
00:25:24.295 119846807 30321382 576005 6820 1.0
00:25:24.495 119847432 30302343 575682 6827 1.0
00:25:24.895 119847118 30115708 581587 6832 1.0
00:25:25.095 119847508 30304297 575737 6836 1.0
00:25:25.295 119846770 30306459 575698 6830 1.0
00:25:25.495 119847332 30302883 575700 6827 1.0
00:25:25.895 119847873 30115554 581553 6824 1.0
00:25:26.095 119846622 30310405 575804 6830 1.0
00:25:26.295 119847481 30312696 575861 6829 1.0
00:25:26.495 119846638 30302450 575688 6827 1.0
00:25:26.895 119847826 30109043 581452 6832 1.0
00:25:27.095 119846557 30316304 575945 6811 1.0
00:25:27.295 119847501 30304273 575654 6834 1.0
00:25:27.495 119846696 30306711 575775 6821 1.0
00:25:27.895 119847187 30117721 581651 6827 1.0
00:25:28.095 119847447 30299776 575583 6822 1.0
00:25:28.295 119846630 30310405 575846 6836 1.0
00:25:28.495 119847481 30320217 575989 6829 1.0
00:25:28.895 119847128 30113223 581554 6831 1.0
00:25:29.095 119847546 30309751 575787 6827 1.0
00:25:29.295 119846660 30308347 575842 6825 1.0
00:25:29.495 119847393 30303622 575624 6812 1.0
00:25:29.895 119847858 30119600 581657 6820 1.0
00:25:30.095 119846707 30306689 575705 6832 1.0
00:25:30.295 119847370 30301811 575669 6824 1.0
00:25:30.495 119846737 30306353 575739 6820 1.0
00:25:30.895 119847878 30109566 581465 6831 1.0
00:25:31.095 119846809 30303164 575708 6834 1.0
00:25:31.295 119847432 30317309 575888 6844 1.0
00:25:31.495 119846604 30306118 575786 6842 1.0
00:25:31.895 119847223 30121901 581695 6823 1.0
00:25:32.095 119847285 30304606 575745 6824 1.0
00:25:32.295 119846607 30306714 575707 6824 1.0
00:25:32.495 119846665 30308013 575811 6838 1.0
00:25:32.895 119847185 30115895 581633 6827 1.0
00:25:33.095 119847343 30306521 575703 6831 1.0
00:25:33.295 119846713 30314455 575906 6832 1.0
00:25:33.495 119847458 30305115 575759 6831 1.0
00:25:33.895 119847797 30115797 581534 6844 1.0
00:25:34.095 119846687 30309908 575846 6813 1.0
00:25:34.295 119847290 30303371 575657 6820 1.0
00:25:34.495 119846792 30304059 575730 6822 1.0
00:25:34.895 119847918 30111899 581527 6830 1.0
00:25:35.095 119846718 30304046 575729 6828 1.0
00:25:35.295 119847552 30306981 575712 6825 1.0
00:25:35.495 119846825 30316531 575966 6846 1.0
00:25:35.895 119847024 30110995 581502 6854 1.0
00:25:36.095 119847417 30319697 575995 6855 1.0
00:25:36.295 119846707 30309851 575840 6820 1.0
00:25:36.495 119846801 30302316 575594 6837 1.0
00:25:36.895 119847102 30118346 581676 6845 1.0
00:25:37.095 119847471 30309086 575769 6842 1.0
00:25:37.295 119846759 30301108 575649 6844 1.0
00:25:37.495 119847284 30310889 575817 6818 1.0
00:25:37.895 119847810 30108059 581426 6826 1.0
00:25:38.095 119846700 30302494 575679 6831 1.0
00:25:38.295 119846821 30308284 575758 6831 1.0
00:25:38.495 119847421 30300722 575641 6837 1.0
00:25:38.895 119847834 30110989 581503 6832 1.0
00:25:39.095 119846695 30311883 575844 6846 1.0
00:25:39.295 119847550 30303082 575688 6825 1.0
00:25:39.495 119846689 30308419 575768 6822 1.0
00:25:39.895 119847126 30108134 581428 6830 1.0
00:25:40.095 119846700 30308605 575843 6831 1.0
00:25:40.295 119847475 30304788 575659 6823 1.0
00:25:40.495 119846797 30312639 575865 6838 1.0
00:25:40.895 119846990 30109097 581500 6839 1.0
00:25:41.095 119847532 30308709 575770 6829 1.0
00:25:41.295 119846768 30305660 575676 6827 1.0
00:25:41.495 119847513 30305874 575778 6835 1.0
00:25:41.895 119847802 30116791 581529 6851 1.0
00:25:42.095 119846723 30307769 575827 6832 1.0
00:25:42.295 119846687 30302784 575602 6828 1.0
00:25:42.495 119847298 30305333 575762 6833 1.0
00:25:42.895 119847868 30205289 578549 6831 1.0
00:25:43.095 119846636 30304734 575704 6828 1.0
00:25:43.295 119847463 30309262 575816 6840 1.0
00:25:43.695 119847888 30324328 581088 6829 1.0
00:25:43.895 119846822 31564921 572836 6794 1.0
00:25:44.095 119846844 30304881 575750 6832 1.0
00:25:44.295 119847541 30303031 575612 6823 1.0
00:25:44.695 119847827 30120558 581661 6834 1.0
00:25:44.895 119846648 31742132 572103 6789 1.0
00:25:45.095 119847430 30305467 575707 6824 1.0
00:25:45.295 119846594 30315664 575938 6828 1.0
00:25:45.695 119847079 30111142 581506 6839 1.0
00:25:45.895 119846775 31748005 572162 6780 1.0
00:25:46.095 119847513 30311801 575840 6841 1.0
00:25:46.295 119846806 30306724 575706 6821 1.0
00:25:46.695 119847217 30119731 581656 6840 1.0
00:25:46.895 119847392 31701188 572166 6796 1.0
00:25:47.095 119846837 30306807 575755 6828 1.0
00:25:47.295 119847426 30308109 575790 6833 1.0
00:25:47.695 119847873 30108400 581436 6828 1.0
00:25:47.895 119846835 31713424 572162 6793 1.0
00:25:48.095 119846709 30313952 575897 6831 1.0
00:25:48.295 119847444 30301950 575672 6823 1.0
00:25:48.695 119847827 30113804 581525 6835 1.0
00:25:48.895 119846774 31706224 572403 6792 1.0
00:25:49.095 119847341 30306654 575704 6829 1.0
00:25:49.295 119846690 30307733 575816 6815 1.0
00:25:49.695 119847126 30117501 581580 6825 1.0
00:25:49.895 119846794 31750383 572180 6785 1.0
00:25:50.095 119847356 30305919 575713 6823 1.0
00:25:50.295 119846741 30312025 575843 6844 1.0
00:25:50.695 119847084 30116093 581633 6824 1.0
00:25:50.895 119847502 31717471 572540 6802 1.0
00:25:51.095 119846712 30301639 575662 6837 1.0
00:25:51.295 119847405 30303201 575617 6834 1.0
00:25:51.695 119847018 30118791 581616 6835 1.0
00:25:51.895 119847561 31682959 572213 6798 1.0
00:25:52.095 119846691 30306898 575744 6834 1.0
00:25:52.295 119847442 30313077 575908 6833 1.0
00:25:52.695 119847894 30114510 581596 6836 1.0
00:25:52.895 119846804 31752973 572100 6791 1.0
00:25:53.095 119847448 30314929 575878 6827 1.0
00:25:53.295 119846760 30309959 575809 6824 1.0
00:25:53.695 119847070 30118475 581698 6825 1.0
00:25:53.895 119846739 31690833 572144 6796 1.0
00:25:54.095 119847566 30302032 575678 6839 1.0
00:25:54.295 119846701 30304782 575653 6830 1.0
00:25:54.695 119847204 30106477 581385 6836 1.0
00:25:54.895 119847492 31703144 572237 6796 1.0
00:25:55.095 119846799 30299081 575602 6829 1.0
00:25:55.295 119847451 30307529 575724 6827 1.0
00:25:55.695 119847124 30110615 581493 6842 1.0
00:25:55.895 119847493 31738101 572325 6812 1.0
00:25:56.095 119846689 30304201 575734 6831 1.0
00:25:56.295 119847627 30309310 575774 6831 1.0
00:25:56.695 119847976 30126121 581753 6831 1.0
00:25:56.895 119846708 31689171 572236 6786 1.0
00:25:57.095 119847357 30308426 575776 6828 1.0
00:25:57.295 119846779 30312894 575866 6826 1.0
00:25:57.695 119847865 30109452 581461 6819 1.0
00:25:57.895 119846921 31672824 572322 6775 1.0
00:25:58.095 119847481 30313574 575851 6827 1.0
00:25:58.295 119846762 30301290 575600 6816 1.0
00:25:58.695 119847162 30115354 581619 6846 1.0
00:25:58.895 119847476 31692345 572148 6784 1.0
00:25:59.095 119846684 30304599 575746 6823 1.0
00:25:59.295 119846574 30310560 575806 6836 1.0
00:25:59.695 119847169 30112759 581526 6829 1.0
00:25:59.895 119847541 31699477 572266 6794 1.0
00:26:00.095 119846732 30310830 575817 6836 1.0
00:26:00.295 119847494 30305810 575771 6828 1.0
00:26:00.695 119847934 30110013 581478 6823 1.0
00:26:00.895 119846691 31702236 572487 6786 1.0
00:26:01.095 119847620 30308590 575829 6838 1.0
00:26:01.295 119846813 30300645 575588 6834 1.0
00:26:01.695 119847814 30105775 581459 6818 1.0
00:26:01.895 119846740 31722416 572244 6793 1.0
00:26:02.095 119847601 30305907 575684 6832 1.0
00:26:02.295 119846653 30312633 575859 6838 1.0
00:26:02.695 119847103 30113673 581535 6846 1.0
00:26:02.895 119847441 31674223 572459 6793 1.0
00:26:03.095 119846678 30307274 575720 6839 1.0
00:26:03.295 119846725 30305049 575744 6843 1.0
00:26:03.695 119847053 30117799 581638 6828 1.0
00:26:03.895 119847653 31727486 572194 6793 1.0
00:26:04.095 119846592 30310546 575805 6850 1.0
00:26:04.295 119847433 30316937 575972 6846 1.0
00:26:04.695 119847848 30173040 579672 6831 1.0
00:26:04.895 119846896 31686174 572236 6787 1.0
00:26:05.095 119846581 30318232 575970 6841 1.0
00:26:05.295 119847463 30304643 575717 6830 1.0
00:26:05.695 119847980 30303122 576281 6811 1.0
00:26:05.895 119846718 31747036 572138 6792 1.0
00:26:06.095 119847475 30309201 575771 6839 1.0
00:26:06.495 119847860 30115916 581538 6841 1.0
00:26:06.695 119846631 30304005 575733 6837 1.0
00:26:06.895 119847545 31728970 572208 6801 1.0
00:26:07.095 119846693 30312532 575858 6833 1.0
00:26:07.495 119847910 30114339 581536 6825 1.0
00:26:07.695 119846687 30303520 575715 6832 1.0
00:26:07.895 119847571 31762058 572320 6801 1.0
00:26:08.095 119846879 30300877 575589 6828 1.0
00:26:08.495 119847143 30123177 581729 6845 1.0
00:26:08.695 119847500 30311652 575836 6835 1.0
00:26:08.895 119846897 31748367 572100 6784 1.0
00:26:09.095 119846726 30309870 575846 6833 1.0
00:26:09.495 119847093 30110929 581499 6836 1.0
00:26:09.695 119847470 30308133 575767 6834 1.0
00:26:09.895 119846677 31749708 572372 6789 1.0
00:26:10.095 119847546 30303120 575706 6822 1.0
00:26:10.495 119847897 30111277 581510 6836 1.0
00:26:10.695 119846769 30312639 575864 6841 1.0
00:26:10.895 119846498 31690135 572232 6794 1.0
00:26:11.095 119847415 30306765 575786 6830 1.0
00:26:11.495 119847872 30111209 581510 6837 1.0
00:26:11.695 119846673 30308542 575754 6837 1.0
00:26:11.895 119847465 31721129 572276 6801 1.0
00:26:12.095 119846709 30312398 575856 6822 1.0
00:26:12.495 119847113 30113172 581561 6842 1.0
00:26:12.695 119847484 30309651 575784 6829 1.0
00:26:12.895 119846621 31705907 572502 6785 1.0
00:26:13.095 119846754 30305365 575766 6825 1.0
00:26:13.495 119847161 30120939 581672 6838 1.0
00:26:13.695 119847513 30305944 575740 6831 1.0
00:26:13.895 119846698 31740989 572236 6789 1.0
00:26:14.095 119847489 30304857 575699 6822 1.0
00:26:14.495 119847784 30113474 581553 6846 1.0
00:26:14.695 119846694 30303009 575704 6825 1.0
00:26:14.895 119846828 31719981 572257 6777 1.0
00:26:15.095 119847437 30303330 575647 6828 1.0
00:26:15.495 119847792 30111719 581523 6833 1.0
00:26:15.695 119846626 30311762 575840 6832 1.0
00:26:15.895 119847455 31720161 572212 6794 1.0
00:26:16.095 119846734 30311189 575837 6827 1.0
00:26:16.495 119847145 30112516 581543 6827 1.0
00:26:16.695 119846724 30304066 575637 6832 1.0
00:26:16.895 119847340 31721616 572227 6786 1.0
00:26:17.095 119846618 30315644 575920 6826 1.0
00:26:17.495 119847135 30110395 581498 6833 1.0
00:26:17.695 119847516 30317970 575910 6832 1.0
00:26:17.895 119846724 31764827 572118 6791 1.0
00:26:18.095 119847491 30309445 575778 6839 1.0
00:26:18.495 119847083 30124078 581756 6847 1.0
00:26:18.695 119847471 30303672 575716 6821 1.0
00:26:18.895 119846779 31725915 572146 6780 1.0
00:26:19.095 119847499 30310293 575801 6830 1.0
00:26:19.495 119847897 30112843 581505 6842 1.0
00:26:19.695 119846751 30301000 575604 6825 1.0
00:26:19.895 119847527 31729430 572215 6798 1.0
00:26:20.095 119846760 30307212 575771 6819 1.0
00:26:20.495 119847220 30120395 581697 6837 1.0
00:26:20.695 119846841 30304965 575714 6825 1.0
00:26:20.895 119847417 31687023 572363 6793 1.0
00:26:21.095 119846602 30303649 575704 6839 1.0
00:26:21.495 119847069 30107465 581411 6832 1.0
00:26:21.695 119847391 30306354 575720 6827 1.0
00:26:21.895 119846671 31740799 572262 6787 1.0
00:26:22.095 119847518 30301584 575667 6824 1.0
00:26:22.495 119847104 30110180 581480 6821 1.0
00:26:22.695 119847397 30315955 575951 6819 1.0
00:26:22.895 119846756 31723678 572126 6780 1.0
00:26:23.095 119847410 30303847 575694 6839 1.0
00:26:23.495 119847906 30110054 581495 6822 1.0
00:26:23.695 119846827 30304470 575702 6831 1.0
00:26:23.895 119847453 31725895 572117 6777 1.0
00:26:24.095 119846666 30313672 575872 6842 1.0
00:26:24.495 119847907 30115560 581530 6830 1.0
00:26:24.695 119846708 30313854 575895 6831 1.0
00:26:24.895 119847507 31745530 572167 6783 1.0
00:26:25.095 119846719 30303591 575716 6820 1.0
00:26:25.495 119847056 30124375 581761 6847 1.0
00:26:25.695 119847525 30302683 575688 6828 1.0
00:26:25.895 119846745 31710724 572143 6793 1.0
ҲҲr�����º��25 30312717 575865 6830 1.0
00:26:26.495 119847146 30105940 581427 6849 1.0
00:26:26.695 119847497 30301815 575625 6814 1.0
00:26:26.895 119846678 31709663 572323 6805 1.0
00:26:27.095 119847562 30303885 575727 6835 1.0
00:26:27.495 119848008 30213844 578702 6807 1.0
00:26:27.695 119846723 30303943 575728 6809 1.0
00:26:27.895 119847421 31751762 572095 6787 1.0
00:26:28.295 119847027 30122209 581704 6848 1.0
00:26:28.495 119847472 30311027 575820 6824 1.0
00:26:28.695 119846696 30304216 575733 6825 1.0
00:26:28.895 119847548 31727856 572425 6816 1.0
00:26:29.295 119847816 30112353 581540 6828 1.0
00:26:29.495 119846787 30302253 575644 6821 1.0
00:26:29.695 119847482 30312543 575841 6833 1.0
00:26:29.895 119846846 31746072 572224 6792 1.0
00:26:30.295 119847896 30110943 581502 6825 1.0
00:26:30.495 119846723 30312902 575870 6844 1.0
00:26:30.695 119847492 30299189 575602 6817 1.0
00:26:30.895 119846784 31726696 572306 6790 1.0
00:26:31.295 119847063 30109264 581475 6827 1.0
00:26:31.495 119847397 30303889 575707 6826 1.0
00:26:31.695 119846760 30305130 575722 6821 1.0
00:26:31.895 119847513 31701850 572524 6798 1.0
00:26:32.295 119847151 30106986 581398 6839 1.0
00:26:32.495 119847559 30313353 575881 6830 1.0
00:26:32.695 119846735 30303974 575728 6834 1.0
00:26:32.895 119847434 31690484 572304 6789 1.0
00:26:33.295 119847969 30121086 581752 6833 1.0
00:26:33.495 119846676 30304351 575644 6845 1.0
00:26:33.695 119847407 30304959 575754 6819 1.0
00:26:33.895 119846788 31735016 572440 6800 1.0
00:26:34.295 119847848 30114501 581570 6834 1.0
00:26:34.495 119846788 30307044 575771 6839 1.0
00:26:34.695 119847517 30315507 575883 6839 1.0
00:26:34.895 119846687 31668150 572194 6778 1.0
00:26:35.295 119846986 30118288 581685 6838 1.0
00:26:35.495 119847369 30304806 575665 6817 1.0
00:26:35.695 119846766 30299034 575599 6823 1.0
00:26:35.895 119846828 31752216 572244 6786 1.0
00:26:36.295 119847147 30110508 581492 6837 1.0
00:26:36.495 119847553 30307001 575806 6827 1.0
00:26:36.695 119846663 30309762 575787 6852 1.0
00:26:36.895 119847578 31668975 572277 6791 1.0
00:26:37.295 119847777 30111542 581518 6828 1.0
00:26:37.495 119846657 30311710 575839 6833 1.0
00:26:37.695 119847518 30310811 575813 6834 1.0
00:26:37.895 119846758 31727275 572216 6795 1.0
00:26:38.295 119847969 30118503 581702 6821 1.0
00:26:38.495 119846675 30305644 575678 6823 1.0
00:26:38.695 119847358 30305156 575758 6830 1.0
00:26:38.895 119846811 31730145 572337 6779 1.0
00:26:39.295 119847067 30114742 581539 6837 1.0
00:26:39.495 119847444 30315226 575897 6835 1.0
00:26:39.695 119846775 30307539 575790 6833 1.0
00:26:39.895 119846817 31686497 572236 6789 1.0
00:26:40.295 119847124 30116128 581545 6836 1.0
00:26:40.495 119847571 30306296 575792 6816 1.0
00:26:40.695 119846585 30306776 575706 6834 1.0
00:26:40.895 119847454 31761234 572278 6797 1.0
00:26:41.295 119847866 30111586 581518 6842 1.0
00:26:41.495 119846678 30303166 575705 6826 1.0
00:26:41.695 119846642 30316360 575877 6820 1.0
00:26:41.895 119847498 31666973 572361 6785 1.0
00:26:42.295 119847799 30124376 581753 6847 1.0
00:26:42.495 119846661 30300717 575591 6834 1.0
00:26:42.695 119847616 30305945 575781 6824 1.0
00:26:42.895 119846801 31731629 572141 6790 1.0
00:26:43.295 119847155 30122787 581719 6821 1.0
00:26:43.495 119846741 30305529 575769 6822 1.0
00:26:43.695 119847447 30306103 575691 6824 1.0
00:26:43.895 119846728 31704944 572186 6798 1.0
00:26:44.295 119847116 30112802 581551 6835 1.0
00:26:44.495 119847528 30310383 575803 6834 1.0
00:26:44.695 119846689 30301592 575663 6820 1.0
00:26:44.895 119847587 31662927 572271 6787 1.0
00:26:45.295 119847936 30109367 581465 6839 1.0
00:26:45.495 119846777 30301018 575618 6814 1.0
00:26:45.695 119846706 30306125 575724 6827 1.0
00:26:45.895 119847566 31694053 572479 6796 1.0
00:26:46.295 119847701 30114004 581568 6841 1.0
00:26:46.495 119846689 30316749 575969 6824 1.0
00:26:46.695 119847405 30303487 575645 6827 1.0
00:26:46.895 119846808 31674784 572357 6799 1.0
00:26:47.295 119846998 30123945 581758 6835 1.0
00:26:47.495 119846585 30302992 575687 6831 1.0
00:26:47.695 119847432 30298616 575588 6842 1.0
00:26:47.895 119846860 31730210 572132 6800 1.0
00:26:48.295 119847067 30109843 581475 6831 1.0
00:26:48.495 119847548 30302199 575681 6823 1.0
00:26:48.695 119846721 30312692 575862 6825 1.0
00:26:48.895 119847469 31676682 572345 6789 1.0
00:26:49.295 119846985 30164324 579969 6831 1.0
00:26:49.495 119847558 30313265 575880 6825 1.0
00:26:49.695 119846625 30306340 575713 6824 1.0
00:26:49.895 119847448 31684669 572437 6783 1.0
00:26:50.295 119847890 30277131 576287 6788 1.0
00:26:50.495 119846552 30305672 575679 6834 1.0
00:26:50.695 119847591 30304760 575748 6819 1.0
00:26:51.095 119847906 30110138 581481 6816 1.0
00:26:51.295 119846676 30304124 575731 6835 1.0
00:26:51.495 119846654 30314903 575865 6824 1.0
00:26:51.695 119847455 30301532 575625 6833 1.0
00:26:52.095 119847802 30114008 581509 6830 1.0
00:26:52.295 119846652 30309978 575832 6839 1.0
00:26:52.495 119847445 30303601 575676 6829 1.0
00:26:52.695 119846704 30307406 575753 6834 1.0
00:26:53.095 119847099 30114431 581562 6833 1.0
00:26:53.295 119846559 30304570 575680 6824 1.0
00:26:53.495 119847532 30302026 575677 6824 1.0
00:26:53.695 119846737 30308603 575773 6841 1.0
00:26:54.095 119846969 30114594 581578 6844 1.0
00:26:54.295 119847527 30313714 575841 6843 1.0
00:26:54.495 119846785 30302214 575658 6825 1.0
00:26:54.695 119847559 30306394 575771 6833 1.0
00:26:55.095 119847199 30125137 581782 6822 1.0
00:26:55.295 119847616 30308224 575759 6834 1.0
00:26:55.495 119846783 30305589 575757 6819 1.0
00:26:55.695 119847462 30307134 575720 6824 1.0
00:26:56.095 119847900 30112237 581537 6831 1.0
00:26:56.295 119846657 30306609 575794 6831 1.0
00:26:56.495 119847465 30313135 575841 6839 1.0
00:26:56.695 119846702 30304308 575678 6836 1.0
00:26:57.095 119847037 30117130 581571 6831 1.0
00:26:57.295 119846829 30302839 575696 6828 1.0
00:26:57.495 119847390 30307466 575729 6833 1.0
00:26:57.695 119846723 30304617 575746 6834 1.0
00:26:58.095 119847183 30107848 581419 6837 1.0
00:26:58.295 119847366 30302832 575696 6830 1.0
00:26:58.495 119846796 30314461 575933 6829 1.0
00:26:58.695 119847577 30304258 575644 6828 1.0
00:26:59.095 119847013 30114547 581596 6832 1.0
00:26:59.295 119847432 30315372 575935 6823 1.0
00:26:59.495 119846647 30299155 575601 6836 1.0
00:26:59.695 119847430 30302549 575598 6833 1.0
00:27:00.095 119847860 30116138 581634 6829 1.0
00:27:00.295 119846685 30305865 575707 6842 1.0
00:27:00.495 119847596 30309473 575841 6838 1.0
00:27:00.695 119846662 30311054 575827 6832 1.0
00:27:01.095 119847871 30111626 581521 6832 1.0
00:27:01.295 119846804 30310182 575794 6833 1.0
00:27:01.495 119847470 30304494 575657 6837 1.0
00:27:01.695 119846712 30307553 575810 6834 1.0
00:27:02.095 119847114 30118330 581662 6835 1.0
00:27:02.295 119847468 30305758 575713 6831 1.0
00:27:02.495 119846803 30307301 575721 6844 1.0
00:27:02.695 119846629 30315241 575931 6831 1.0
00:27:03.095 119847227 30113615 581570 6828 1.0
00:27:03.295 119847427 30311198 575823 6823 1.0
00:27:03.495 119846675 30316684 575967 6834 1.0
00:27:03.695 119847425 30305001 575662 6819 1.0
00:27:04.095 119847898 30128399 581780 6844 1.0
00:27:04.295 119846810 30304947 575754 6821 1.0
00:27:04.495 119847463 30302956 575648 6836 1.0
00:27:04.695 119846679 30304016 575685 6830 1.0
00:27:05.095 119847838 30112350 581538 6834 1.0
00:27:05.295 119846789 30306459 575699 6825 1.0
00:27:05.495 119847508 30308989 575767 6831 1.0
00:27:05.695 119846768 30312099 575848 6834 1.0
00:27:06.095 119847190 30107282 581405 6834 1.0
00:27:06.295 119847467 30314809 575919 6829 1.0
00:27:06.495 119846783 30308373 575748 6832 1.0
00:27:06.695 119846690 30304562 575743 6826 1.0
00:27:07.095 119847088 30126100 581809 6840 1.0
00:27:07.295 119847383 30308232 575760 6828 1.0
00:27:07.495 119846888 30303669 575704 6821 1.0
00:27:07.695 119847428 30314343 575905 6825 1.0
00:27:08.095 119847933 30112196 581495 6814 1.0
00:27:08.295 119846694 30304441 575725 6845 1.0
00:27:08.495 119846695 30308351 575749 6844 1.0
00:27:08.695 119847521 30304708 575747 6822 1.0
00:27:09.095 119847859 30119831 581643 6850 1.0
00:27:09.295 119846699 30304750 575747 6829 1.0
00:27:09.495 119847300 30300500 575610 6837 1.0
00:27:09.695 119846586 30301490 575594 6838 1.0
00:27:10.095 119846953 30113172 581559 6837 1.0
00:27:10.295 119847334 30302398 575686 6830 1.0
00:27:10.495 119846725 30312736 575847 6829 1.0
00:27:10.695 119846607 30304454 575666 6822 1.0
00:27:11.095 119846938 30119148 581684 6851 1.0
00:27:11.295 119847389 30321001 575988 6828 1.0
00:27:11.495 119846683 30303029 575703 6823 1.0
00:27:11.695 119847475 30303525 575624 6844 1.0
00:27:12.095 119847961 30210934 578690 6809 1.0
00:27:12.295 119846789 30302635 575691 6835 1.0
00:27:12.495 119846811 30305365 575671 6826 1.0
00:27:12.895 119847002 30499230 580736 6820 1.0
00:27:13.095 119847489 31306259 573254 6797 1.0
00:27:13.295 119846625 30307801 575807 6832 1.0
00:27:13.495 119847421 30302787 575622 6841 1.0
00:27:13.895 119847908 30115155 581525 6850 1.0
00:27:14.095 119846728 31777916 572311 6791 1.0
00:27:14.295 119846546 30304603 575742 6826 1.0
00:27:14.495 119847412 30302950 575612 6839 1.0
00:27:14.895 119847901 30112063 581495 6821 1.0
00:27:15.095 119846700 31698907 572255 6791 1.0
00:27:15.296 119847413 30304103 575731 6819 1.0
00:27:15.496 119846681 30314497 575910 6825 1.0
00:27:15.896 119847168 30108093 581441 6825 1.0
00:27:16.096 119847500 31725265 572489 6786 1.0
00:27:16.296 119846723 30300470 575588 6839 1.0
00:27:16.496 119846801 30303251 575699 6819 1.0
00:27:16.896 119847102 30118890 581618 6826 1.0
00:27:17.096 119847491 31678132 572395 6794 1.0
00:27:17.296 119846849 30304184 575725 6829 1.0
00:27:17.496 119847457 30308699 575806 6831 1.0
00:27:17.896 119847777 30113983 581503 6828 1.0
00:27:18.096 119846802 31663106 572372 6799 1.0
00:27:18.296 119846724 30309823 575787 6818 1.0
00:27:18.496 119847542 30304426 575740 6824 1.0
00:27:18.896 119848004 30126203 581809 6835 1.0
00:27:19.096 119846742 31737195 572076 6790 1.0
00:27:19.296 119847435 30305043 575707 6827 1.0
00:27:19.496 119846842 30302503 575689 6827 1.0
00:27:19.896 119847064 30115147 581519 6833 1.0
00:27:20.096 119846925 31731424 572253 6787 1.0
00:27:20.296 119847374 30313299 575878 6832 1.0
00:27:20.496 119846722 30303353 575710 6828 1.0
00:27:20.896 119847183 30115379 581523 6835 1.0
00:27:21.096 119847485 31752198 572230 6790 1.0
00:27:21.296 119846751 30306941 575754 6823 1.0
00:27:21.496 119847588 30306054 575691 6826 1.0
00:27:21.896 119847846 30112830 581511 6831 1.0
00:27:22.096 119846802 31760088 572236 6798 1.0
00:27:22.296 119846664 30301017 575588 6830 1.0
00:27:22.496 119847493 30315983 575948 6832 1.0
00:27:22.896 119847792 30108717 581444 6834 1.0
00:27:23.096 119846907 31739311 572054 6787 1.0
00:27:23.296 119847538 30315532 575888 6826 1.0
00:27:23.496 119846681 30303863 575726 6818 1.0
00:27:23.896 119847139 30119771 581688 6827 1.0
00:27:24.096 119846665 31704581 572236 6785 1.0
00:27:24.296 119847585 30303444 575641 6844 1.0
00:27:24.496 119846743 30309130 575788 6826 1.0
00:27:24.896 119847062 30110796 581499 6834 1.0
00:27:25.096 119847636 31668886 572427 6785 1.0
00:27:25.296 119846568 30312999 575861 6847 1.0
00:27:25.496 119847417 30310337 575811 6834 1.0
00:27:25.896 119846968 30110265 581486 6818 1.0
00:27:26.096 119847558 31763680 572176 6796 1.0
00:27:26.296 119846747 30301556 575661 6831 1.0
00:27:26.496 119847479 30306929 575713 6838 1.0
00:27:26.896 119847925 30113192 581562 6815 1.0
00:27:27.096 119846719 31758608 572076 6787 1.0
00:27:27.296 119847492 30301938 575661 6829 1.0
00:27:27.496 119846671 30315403 575935 6826 1.0
00:27:27.896 119847789 30120301 581714 6849 1.0
00:27:28.096 119846742 31699990 572452 6789 1.0
00:27:28.296 119847405 30303820 575664 6837 1.0
00:27:28.496 119846709 30303646 575686 6830 1.0
00:27:28.896 119847086 30119105 581623 6833 1.0
00:27:29.096 119847567 31693366 572358 6790 1.0
00:27:29.296 119846658 30302569 575603 6830 1.0
00:27:29.496 119847535 30308613 575841 6833 1.0
00:27:29.896 119847130 30114596 581593 6838 1.0
00:27:30.096 119847509 31771276 572172 6785 1.0
00:27:30.296 119846755 30304448 575647 6828 1.0
00:27:30.496 119847556 30305092 575755 6828 1.0
00:27:30.896 119847827 30115025 581528 6835 1.0
00:27:31.096 119846798 31693759 572250 6803 1.0
00:27:31.296 119847516 30304826 575748 6830 1.0
00:27:31.496 119846689 30301021 575634 6822 1.0
00:27:31.896 119847899 30112662 581545 6827 1.0
00:27:32.096 119846681 31744300 572157 6786 1.0
00:27:32.296 119847370 30318184 575914 6839 1.0
00:27:32.496 119846674 30308759 575802 6821 1.0
00:27:32.896 119846975 30108784 581500 6834 1.0
00:27:33.096 119847520 31738517 572341 6807 1.0
00:27:33.296 119846656 30304174 575732 6843 1.0
00:27:33.496 119846624 30302411 575592 6831 1.0
00:27:33.896 119847012 30157965 580344 6826 1.0
00:27:34.096 119847521 31733706 572238 6792 1.0
00:27:34.296 119846862 30302973 575699 6843 1.0
00:27:34.496 119847458 30315990 575857 6830 1.0
00:27:34.896 119847905 30270533 576690 6795 1.0
00:27:35.096 119846706 31678523 572536 6800 1.0
00:27:35.296 119847498 30304700 575667 6826 1.0
00:27:35.696 119847073 30114104 581507 6838 1.0
00:27:35.896 119847365 30312114 575841 6829 1.0
00:27:36.096 119846792 31713096 572236 6802 1.0
00:27:36.296 119847456 30307123 575773 6823 1.0
00:27:36.696 119847855 30109947 581495 6834 1.0
00:27:36.896 119846746 30305205 575685 6843 1.0
00:27:37.096 119847551 31768396 572135 6799 1.0
00:27:37.296 119846722 30313638 575846 6823 1.0
00:27:37.696 119847917 30110037 581477 6834 1.0
00:27:37.896 119846673 30308805 575806 6830 1.0
00:27:38.096 119847556 31767843 572130 6785 1.0
00:27:38.296 119846638 30305025 575689 6842 1.0
00:27:38.696 119847141 30119798 581640 6841 1.0
00:27:38.896 119847494 30307315 575787 6808 1.0
00:27:39.096 119846739 31671144 572236 6808 1.0
00:27:39.296 119846697 30311504 575846 6819 1.0
00:27:39.696 119847097 30114756 581601 6842 1.0
00:27:39.896 119847591 30306377 575699 6809 1.0
00:27:40.096 119846776 31754039 572414 6786 1.0
00:27:40.296 119847443 30308427 575752 6825 1.0
00:27:40.696 119847879 30108111 581465 6825 1.0
00:27:40.896 119846683 30316615 575877 6826 1.0
00:27:41.096 119847590 31758580 572190 6789 1.0
00:27:41.296 119846682 30303895 575630 6840 1.0
00:27:41.696 119847924 30113844 581578 6829 1.0
00:27:41.896 119846814 30303239 575709 6809 1.0
00:27:42.096 119847613 31728736 572090 6794 1.0
00:27:42.296 119846829 30309807 575786 6827 1.0
00:27:42.696 119847133 30106997 581399 6831 1.0
00:27:42.896 119847525 30312921 575870 6823 1.0
00:27:43.096 119846858 31725263 572197 6774 1.0
00:27:43.296 119846611 30304220 575734 6823 1.0
00:27:43.696 119847119 30118526 581641 6840 1.0
00:27:43.896 119847493 30305528 575700 6832 1.0
00:27:44.096 119846683 31730637 572184 6783 1.0
00:27:44.296 119847437 30310226 575797 6823 1.0
00:27:44.696 119847898 30107985 581485 6838 1.0
00:27:44.896 119846713 30305596 575679 6830 1.0
00:27:45.096 119846740 31741070 572329 6783 1.0
00:27:45.296 119847434 30306717 575705 6817 1.0
00:27:45.696 119847830 30117270 581576 6832 1.0
00:27:45.896 119846687 30309995 575794 6827 1.0
00:27:46.096 119847562 31686155 572301 6794 1.0
00:27:46.296 119846645 30306257 575760 6823 1.0
00:27:46.696 119847257 30111653 581520 6841 1.0
00:27:46.896 119846758 30305143 575667 6828 1.0
00:27:47.096 119847576 31720570 572483 6796 1.0
00:27:47.296 119846638 30307191 575768 6840 1.0
00:27:47.696 119847056 30114474 581558 6824 1.0
00:27:47.896 119847531 30312150 575851 6834 1.0
00:27:48.096 119846770 31731882 572168 6783 1.0
00:27:48.296 119847549 30300784 575628 6830 1.0
00:27:48.696 119847808 30110978 581504 6821 1.0
00:27:48.896 119846685 30303673 575720 6833 1.0
00:27:49.096 119846779 31728358 572194 6788 1.0
00:27:49.296 119847564 30312113 575846 6829 1.0
00:27:49.696 119847770 30114519 581570 6835 1.0
00:27:49.896 119846651 30313674 575846 6847 1.0
00:27:50.096 119847541 31670041 572283 6801 1.0
00:27:50.296 119846722 30306979 575794 6817 1.0
00:27:50.696 119847207 30121293 581681 6837 1.0
00:27:50.896 119846736 30304952 575755 6830 1.0
00:27:51.096 119847585 31673188 572258 6798 1.0
00:27:51.296 119846699 30313076 575846 6835 1.0
00:27:51.696 119847097 30115068 581610 6828 1.0
00:27:51.896 119847495 30303146 575613 6818 1.0
00:27:52.096 119846815 31711962 572490 6791 1.0
00:27:52.296 119847512 30301030 575583 6827 1.0
00:27:52.696 119847163 30116900 581627 6844 1.0
00:27:52.896 119847464 30302709 575696 6827 1.0
00:27:53.096 119846689 31733271 572161 6795 1.0
00:27:53.296 119847444 30304506 575677 6835 1.0
00:27:53.696 119847815 30112117 581533 6828 1.0
00:27:53.896 119846674 30302367 575685 6826 1.0
00:27:54.096 119847261 31753877 572352 6790 1.0
00:27:54.296 119846719 30306901 575789 6826 1.0
00:27:54.696 119847116 30109520 581463 6835 1.0
00:27:54.896 119846821 30307538 575796 6823 1.0
00:27:55.096 119847541 31702334 572245 6795 1.0
00:27:55.296 119846749 30306335 575788 6819 1.0
00:27:55.696 119847156 30116768 581609 6838 1.0
00:27:55.896 119847387 30306209 575742 6840 1.0
00:27:56.096 119846778 31726136 572171 6776 1.0
00:27:56.296 119847535 30319063 575935 6828 1.0
00:27:56.696 119847115 30207703 578651 6820 1.0
00:27:56.896 119847596 30317502 575942 6848 1.0
00:27:57.096 119846746 31745399 572059 6792 1.0
00:27:57.496 119847154 30108362 581470 6834 1.0
00:27:57.696 119847463 30312715 575864 6817 1.0
00:27:57.896 119846762 30304324 575644 6825 1.0
00:27:58.096 119847527 31701888 572291 6765 1.0
00:27:58.496 119847008 30118987 581619 6834 1.0
00:27:58.696 119847475 30304310 575738 6828 1.0
00:27:58.896 119846787 30306062 575691 6817 1.0
00:27:59.096 119847530 31737668 572211 6789 1.0
00:27:59.496 119847842 30112546 581544 6837 1.0
00:27:59.696 119846776 30299780 575618 6811 1.0
00:27:59.896 119847540 30311447 575860 6824 1.0
00:28:00.096 119846745 31691735 572225 6786 1.0
00:28:00.496 119847156 30116651 581652 6828 1.0
00:28:00.696 119846605 30303488 575621 6842 1.0
00:28:00.896 119847564 30307724 575827 6819 1.0
00:28:01.096 119846800 31770740 572115 6794 1.0
00:28:01.496 119847130 30114085 581532 6840 1.0
00:28:01.696 119847331 30307834 575809 6834 1.0
00:28:01.896 119846623 30319249 575959 6851 1.0
00:28:02.096 119847453 31720106 572156 6780 1.0
00:28:02.496 119847089 30108915 581450 6832 1.0
00:28:02.696 119847536 30316241 575955 6835 1.0
00:28:02.896 119846702 30299251 575603 6825 1.0
00:28:03.096 119847571 31680391 572298 6793 1.0
00:28:03.496 119847699 30111124 581506 6836 1.0
00:28:03.696 119846582 30306040 575688 6831 1.0
00:28:03.896 119847412 30308190 575806 6827 1.0
00:28:04.096 119846806 31675090 572481 6784 1.0
00:28:04.496 119847856 30112471 581542 6837 1.0
00:28:04.696 119846675 30312691 575871 6831 1.0
00:28:04.896 119847377 30306852 575713 6829 1.0
00:28:05.096 119846755 31682921 572282 6792 1.0
00:28:05.496 119847117 30119205 581720 6824 1.0
00:28:05.696 119847491 30305511 575673 6816 1.0
00:28:05.896 119846688 30307499 575778 6825 1.0
00:28:06.096 119846814 31681953 572472 6788 1.0
00:28:06.496 119847006 30115428 581579 6851 1.0
00:28:06.696 119847486 30308691 575799 6830 1.0
00:28:06.896 119846658 30315506 575888 6835 1.0
00:28:07.096 119847380 31706099 572231 6791 1.0
00:28:07.496 119847778 30114607 581599 6831 1.0
00:28:07.696 119846658 30308116 575742 6835 1.0
00:28:07.896 119847345 30308557 575756 6828 1.0
00:28:08.096 119846740 31763182 572194 6788 1.0
00:28:08.496 119847903 30107197 581436 6824 1.0
00:28:08.696 119846706 30304619 575651 6832 1.0
00:28:08.896 119847471 30316966 575976 6825 1.0
00:28:09.096 119846723 31708164 572236 6798 1.0
00:28:09.496 119846944 30105528 581413 6817 1.0
00:28:09.696 119847497 30316094 575928 6834 1.0
00:28:09.896 119846788 30306624 575729 6836 1.0
00:28:10.096 119846798 31688749 572148 6777 1.0
00:28:10.496 119847093 30116469 581575 6844 1.0
00:28:10.696 119847385 30301082 575652 6831 1.0
00:28:10.896 119846700 30308439 575751 6831 1.0
00:28:11.096 119847355 31713164 572440 6793 1.0
00:28:11.496 119847775 30113628 581545 6839 1.0
00:28:11.696 119846723 30306032 575717 6830 1.0
00:28:11.896 119846728 30310992 575819 6837 1.0
00:28:12.096 119847557 31665164 572337 6797 1.0
00:28:12.496 119847890 30119630 581638 6823 1.0
00:28:12.696 119846781 30305539 575703 6844 1.0
00:28:12.896 119847543 30304081 575703 6837 1.0
00:28:13.096 119846933 31701643 572403 6789 1.0
00:28:13.496 119847145 30114954 581515 6847 1.0
00:28:13.696 119847466 30307498 575822 6818 1.0
00:28:13.896 119846792 30314281 575850 6824 1.0
00:28:14.096 119846705 31673074 572246 6790 1.0
00:28:14.496 119847050 30119251 581647 6840 1.0
00:28:14.696 119847527 30302559 575690 6828 1.0
00:28:14.896 119846781 30307177 575719 6819 1.0
00:28:15.096 119847350 31751061 572104 6794 1.0
00:28:15.496 119847823 30114179 581588 6838 1.0
00:28:15.696 119846678 30304124 575682 6827 1.0
00:28:15.896 119846662 30304331 575692 6834 1.0
00:28:16.096 119847483 31707591 572293 6788 1.0
00:28:16.496 119847821 30113103 581495 6837 1.0
00:28:16.696 119846753 30316557 575967 6829 1.0
00:28:16.896 119847416 30307234 575720 6823 1.0
00:28:17.096 119846770 31663661 572317 6791 1.0
00:28:17.496 119847168 30123188 581731 6848 1.0
00:28:17.696 119846848 30304539 575663 6841 1.0
00:28:17.896 119847437 30306094 575770 6830 1.0
00:28:18.096 119846777 31702087 572349 6798 1.0
00:28:18.496 119847134 30142164 580548 6840 1.0
00:28:18.696 119847430 30304689 575661 6819 1.0
00:28:18.896 119846644 30314397 575913 6832 1.0
00:28:19.096 119847573 31706242 572344 6786 1.0
00:28:19.496 119848010 30262674 577030 6801 1.0
00:28:19.696 119846816 30307225 575736 6823 1.0
00:28:19.896 119846896 30308779 575762 6831 1.0
00:28:20.296 119847140 30116885 581579 6822 1.0
00:28:20.496 119847571 30304355 575724 6836 1.0
00:28:20.696 119846702 30301396 575661 6816 1.0
00:28:20.896 119847376 30307207 575718 6839 1.0
00:28:21.296 119847980 30109953 581477 6834 1.0
00:28:21.496 119846780 30300161 575628 6840 1.0
00:28:21.696 119846630 30314895 575921 6819 1.0
00:28:21.896 119847589 30304285 575642 6843 1.0
00:28:22.296 119847802 30118374 581685 6839 1.0
00:28:22.496 119846786 30308691 575760 6833 1.0
00:28:22.696 119847460 30306746 575737 6817 1.0
00:28:22.896 119846657 30305245 575732 6841 1.0
00:28:23.296 119847129 30113995 581517 6819 1.0
00:28:23.496 119846741 30304732 575747 6834 1.0
00:28:23.696 119847436 30308024 575785 6827 1.0
00:28:23.896 119846693 30306057 575726 6835 1.0
00:28:24.296 119847150 30114041 581558 6835 1.0
00:28:24.496 119847438 30309426 575805 6831 1.0
00:28:24.696 119846624 30304590 575648 6818 1.0
00:28:24.896 119847426 30307000 575808 6827 1.0
00:28:25.296 119847952 30106873 581489 6842 1.0
00:28:25.496 119846851 30305441 575674 6838 1.0
00:28:25.696 119846713 30306388 575766 6822 1.0
00:28:25.896 119847540 30316180 575888 6807 1.0
00:28:26.296 119847717 30113824 581576 6835 1.0
00:28:26.496 119846616 30312255 575854 6826 1.0
00:28:26.696 119847503 30300893 575646 6827 1.0
00:28:26.896 119846672 30307003 575717 6814 1.0
00:28:27.296 119847131 30110396 581486 6838 1.0
00:28:27.496 119846714 30302100 575624 6840 1.0
00:28:27.696 119847504 30304160 575696 6812 1.0
00:28:27.896 119846733 30313234 575878 6845 1.0
00:28:28.296 119847152 30109813 581471 6834 1.0
00:28:28.496 119847468 30306265 575720 6823 1.0
00:28:28.696 119846795 30311412 575846 6822 1.0
00:28:28.896 119847544 30305001 575715 6829 1.0
00:28:29.296 119847033 30121192 581676 6835 1.0
00:28:29.496 119847501 30302407 575690 6830 1.0
00:28:29.696 119846697 30300007 575625 6825 1.0
00:28:29.896 119847540 30304160 575697 6825 1.0
00:28:30.296 119847817 30113375 581566 6834 1.0
00:28:30.496 119846644 30305956 575749 6832 1.0
00:28:30.696 119847542 30310186 575831 6828 1.0
00:28:30.896 119846679 30305158 575663 6825 1.0
00:28:31.296 119847813 30116669 581557 6830 1.0
00:28:31.496 119846796 30303609 575720 6813 1.0
00:28:31.696 119847288 30298156 575575 6834 1.0
00:28:31.896 119846674 30309268 575774 6837 1.0
00:28:32.296 119847185 30114823 581575 6831 1.0
00:28:32.496 119847576 30298388 575583 6827 1.0
00:28:32.696 119846718 30308305 575771 6834 1.0
00:28:32.896 119847471 30313761 575868 6831 1.0
00:28:33.296 119847050 30114076 581584 6836 1.0
00:28:33.496 119847419 30302658 575682 6844 1.0
00:28:33.696 119846683 30316591 575887 6828 1.0
00:28:33.896 119847607 30300863 575646 6805 1.0
00:28:34.296 119847787 30124170 581757 6848 1.0
00:28:34.496 119846733 30302791 575698 6821 1.0
00:28:34.696 119847434 30301302 575656 6839 1.0
00:28:34.896 119846593 30297993 575571 6816 1.0
00:28:35.296 119847860 30113699 581515 6843 1.0
00:28:35.496 119846687 30302806 575664 6830 1.0
00:28:35.696 119847517 30312496 575859 6828 1.0
00:28:35.896 119846675 30302086 575678 6844 1.0
00:28:36.296 119847089 30109507 581463 6841 1.0
00:28:36.496 119847394 30307332 575724 6823 1.0
00:28:36.696 119846693 30307901 575818 6835 1.0
00:28:36.896 119846602 30308379 575763 6827 1.0
00:28:37.296 119847023 30111296 581510 6827 1.0
00:28:37.496 119847446 30305729 575774 6830 1.0
00:28:37.696 119846689 30306693 575706 6827 1.0
00:28:37.896 119847505 30313071 575874 6815 1.0
00:28:38.296 119847785 30118445 581671 6836 1.0
00:28:38.496 119846773 30312584 575861 6832 1.0
00:28:38.696 119847485 30303049 575650 6841 1.0
00:28:38.896 119846705 30310712 575846 6831 1.0
00:28:39.296 119847940 30117881 581592 6816 1.0
00:28:39.496 119846614 30308357 575788 6833 1.0
00:28:39.696 119847466 30311489 575841 6835 1.0
00:28:39.896 119846677 30313919 575849 6827 1.0
00:28:40.296 119847101 30112286 581504 6847 1.0
00:28:40.496 119847493 30306323 575698 6828 1.0
00:28:40.696 119846767 30310037 575811 6828 1.0
00:28:40.896 119846762 30303936 575711 6821 1.0
00:28:41.296 119847153 30215020 578744 6829 1.0
00:28:41.496 119847395 30305063 575716 6831 1.0
00:28:41.696 119846769 30305971 575713 6825 1.0
00:28:42.096 119847131 30787691 580096 6816 1.0
00:28:42.296 119847502 31052917 573770 6801 1.0
00:28:42.496 119846705 30310215 575816 6841 1.0
00:28:42.696 119846800 30313663 575876 6836 1.0
00:28:43.096 119847050 30106621 581456 6845 1.0
00:28:43.296 119847403 31714580 572221 6770 1.0
00:28:43.496 119846870 30316595 575872 6829 1.0
00:28:43.696 119847549 30305966 575781 6808 1.0
00:28:44.096 119847883 30120565 581662 6831 1.0
00:28:44.296 119846638 31670551 572416 6793 1.0
00:28:44.496 119847603 30307744 575736 6825 1.0
00:28:44.696 119846571 30304603 575722 6823 1.0
00:28:45.096 119847866 30112972 581556 6818 1.0
00:28:45.296 119846773 31752466 572075 6793 1.0
00:28:45.496 119847449 30313624 575890 6828 1.0
00:28:45.696 119846655 30304027 575728 6827 1.0
00:28:46.096 119847171 30114885 581608 6830 1.0
00:28:46.296 119847451 31682520 572486 6804 1.0
00:28:46.496 119846608 30301831 575614 6830 1.0
00:28:46.696 119846775 30302950 575666 6833 1.0
00:28:47.096 119847099 30112867 581532 6841 1.0
00:28:47.296 119847502 31726189 572378 6795 1.0
00:28:47.496 119846670 30304621 575699 6846 1.0
00:28:47.696 119847601 30311065 575841 6831 1.0
00:28:48.096 119847881 30116956 581647 6847 1.0
00:28:48.296 119846715 31724792 572473 6799 1.0
00:28:48.496 119846702 30303865 575715 6826 1.0
00:28:48.696 119847552 30310341 575815 6823 1.0
00:28:49.096 119847800 30118606 581677 6820 1.0
00:28:49.296 119846810 31729141 572072 6799 1.0
00:28:49.496 119847494 30301532 575664 6834 1.0
00:28:49.696 119846736 30315026 575926 6837 1.0
00:28:50.096 119847100 30112167 581516 6845 1.0
00:28:50.296 119847603 31721254 572253 6787 1.0
00:28:50.496 119846798 30313140 575876 6823 1.0
00:28:50.696 119846750 30301978 575676 6828 1.0
00:28:51.096 119847139 30117290 581590 6843 1.0
00:28:51.296 119847548 31711904 572399 6786 1.0
00:28:51.496 119846775 30307213 575761 6838 1.0
00:28:51.696 119847517 30305875 575682 6818 1.0
00:28:52.096 119847816 30116993 581661 6818 1.0
00:28:52.296 119846777 31728919 572133 6790 1.0
00:28:52.496 119846603 30301241 575657 6825 1.0
00:28:52.696 119847454 30309977 575792 6832 1.0
00:28:53.096 119847804 30112475 581542 6839 1.0
00:28:53.296 119846661 31745740 572378 6796 1.0
00:28:53.496 119847523 30304006 575729 6840 1.0
00:28:53.696 119846861 30306518 575702 6827 1.0
00:28:54.096 119847157 30124127 581758 6842 1.0
00:28:54.296 119846771 31682049 572272 6790 1.0
00:28:54.496 119847410 30299690 575616 6849 1.0
00:28:54.696 119846747 30313019 575872 6842 1.0
00:28:55.096 119847169 30112103 581500 6821 1.0
00:28:55.296 119847369 31723131 572184 6788 1.0
00:28:55.496 119846631 30309621 575782 6830 1.0
00:28:55.696 119847522 30307659 575732 6834 1.0
00:28:56.096 119847098 30117282 581576 6842 1.0
00:28:56.296 119847582 31677102 572387 6787 1.0
00:28:56.496 119846686 30305548 575693 6825 1.0
00:28:56.696 119847556 30302278 575684 6805 1.0
00:28:57.096 119847966 30108904 581448 6828 1.0
00:28:57.296 119846753 31727572 572159 6781 1.0
00:28:57.496 119847602 30314234 575904 6820 1.0
00:28:57.696 119846685 30300278 575633 6838 1.0
00:28:58.096 119847210 30110800 581497 6828 1.0
00:28:58.296 119846746 31719163 572363 6787 1.0
00:28:58.496 119847500 30304403 575705 6831 1.0
00:28:58.696 119846581 30298615 575588 6824 1.0
00:28:59.096 119847099 30113700 581561 6840 1.0
00:28:59.296 119847541 31775216 572211 6778 1.0
00:28:59.496 119846738 30304369 575740 6828 1.0
00:28:59.696 119847481 30308930 575764 6819 1.0
00:29:00.096 119846913 30110571 581500 6837 1.0
00:29:00.296 119847473 31680050 572559 6791 1.0
00:29:00.496 119846815 30303917 575726 6824 1.0
00:29:00.696 119847507 30308875 575761 6832 1.0
00:29:01.096 119847884 30120620 581728 6832 1.0
00:29:01.296 119846787 31665451 572308 6796 1.0
00:29:01.496 119847378 30303003 575704 6829 1.0
00:29:01.696 119846760 30312502 575859 6835 1.0
00:29:02.096 119847760 30112403 581503 6820 1.0
00:29:02.296 119846794 31740049 572308 6785 1.0
00:29:02.496 119847459 30315418 575935 6839 1.0
00:29:02.696 119846589 30302366 575673 6825 1.0
00:29:03.096 119847202 30139655 580961 6848 1.0
00:29:03.296 119847362 31768625 572163 6802 1.0
00:29:03.496 119846740 30305219 575679 6837 1.0
00:29:03.696 119847503 30302712 575694 6831 1.0
00:29:04.096 119847217 30254473 577313 6803 1.0
00:29:04.296 119847503 31750266 572018 6787 1.0
00:29:04.496 119846724 30307478 575788 6844 1.0
00:29:04.896 119847085 30110197 581500 6819 1.0
00:29:05.096 119847382 30306105 575725 6811 1.0
00:29:05.296 119846843 31716024 572170 6785 1.0
00:29:05.496 119847498 30303020 575703 6838 1.0
00:29:05.896 119846987 30119208 581702 6839 1.0
00:29:06.096 119847403 30304291 575677 6826 1.0
00:29:06.296 119846826 31721948 572198 6785 1.0
00:29:06.496 119847499 30300496 575583 6841 1.0
00:29:06.896 119847795 30112699 581518 6831 1.0
00:29:07.096 119846662 30303065 575704 6826 1.0
00:29:07.296 119847258 31702061 572549 6795 1.0
00:29:07.496 119846825 30304236 575647 6827 1.0
00:29:07.896 119847725 30108663 581442 6828 1.0
00:29:08.096 119846589 30305561 575757 6832 1.0
00:29:08.296 119847532 31749500 571973 6785 1.0
00:29:08.496 119846748 30302026 575679 6851 1.0
00:29:08.896 119847135 30115787 581539 6829 1.0
00:29:09.096 119847420 30309329 575841 6826 1.0
00:29:09.296 119846642 31691396 572236 6787 1.0
00:29:09.496 119847477 30311192 575841 6837 1.0
00:29:09.896 119847139 30114774 581509 6834 1.0
00:29:10.096 119847394 30302390 575685 6830 1.0
00:29:10.296 119846816 31698269 572384 6799 1.0
00:29:10.496 119847431 30301969 575611 6824 1.0
00:29:10.896 119847812 30128541 581779 6837 1.0
00:29:11.096 119846811 30305415 575768 6825 1.0
00:29:11.296 119847669 31711220 572197 6797 1.0
00:29:11.496 119846633 30304309 575701 6827 1.0
00:29:11.896 119847839 30113842 581501 6829 1.0
00:29:12.096 119846573 30306124 575768 6816 1.0
00:29:12.296 119847493 31763558 572362 6804 1.0
00:29:12.496 119846815 30303043 575705 6818 1.0
00:29:12.896 119847098 30108670 581468 6828 1.0
00:29:13.096 119847411 30311454 575841 6821 1.0
00:29:13.296 119846699 31716700 572317 6801 1.0
00:29:13.496 119846725 30307826 575766 6818 1.0
00:29:13.896 119847082 30110994 581500 6833 1.0
00:29:14.096 119847426 30304122 575685 6813 1.0
00:29:14.296 119846642 31678484 572392 6783 1.0
00:29:14.496 119847451 30313330 575867 6833 1.0
00:29:14.896 119847751 30111745 581524 6854 1.0
00:29:15.096 119846598 30316614 575872 6831 1.0
00:29:15.296 119847416 31673973 572396 6798 1.0
00:29:15.496 119846740 30300251 575632 6836 1.0
00:29:15.896 119847848 30118675 581707 6835 1.0
00:29:16.096 119846833 30306290 575697 6840 1.0
00:29:16.296 119847512 31717602 572323 6795 1.0
00:29:16.496 119846768 30310746 575814 6830 1.0
00:29:16.896 119847117 30116038 581574 6829 1.0
00:29:17.096 119847428 30307529 575767 6829 1.0
00:29:17.296 119846616 31752541 572245 6788 1.0
00:29:17.496 119846874 30305786 575775 6823 1.0
00:29:17.896 119847127 30114637 581526 6839 1.0
00:29:18.096 119847433 30306922 575807 6827 1.0
00:29:18.296 119846745 31684883 572244 6794 1.0
00:29:18.496 119847452 30306163 575759 6829 1.0
00:29:18.896 119847803 30118188 581659 6833 1.0
00:29:19.096 119846846 30299795 575618 6816 1.0
00:29:19.296 119846703 31729989 572321 6811 1.0
00:29:19.496 119847632 30302960 575703 6820 1.0
00:29:19.896 119847851 30113824 581572 6833 1.0
00:29:20.096 119846638 30314837 575919 6832 1.0
00:29:20.296 119847537 31709312 572126 6796 1.0
00:29:20.496 119846626 30308483 575801 6832 1.0
00:29:20.896 119847161 30114616 581556 6819 1.0
00:29:21.096 119846773 30304927 575754 6824 1.0
00:29:21.296 119847675 31666566 572351 6795 1.0
00:29:21.496 119846776 30312891 575870 6843 1.0
00:29:21.896 119847068 30110366 581488 6835 1.0
00:29:22.096 119847422 30313051 575857 6821 1.0
00:29:22.296 119846742 31740475 572198 6788 1.0
00:29:22.496 119847443 30303200 575621 6818 1.0
00:29:22.896 119847699 30120587 581661 6840 1.0
00:29:23.096 119846797 30302782 575693 6829 1.0
00:29:23.296 119846737 31738013 572063 6796 1.0
00:29:23.496 119847406 30319605 576015 6828 1.0
00:29:23.896 119847924 30110595 581492 6823 1.0
00:29:24.096 119846745 30306727 575708 6833 1.0
00:29:24.296 119847369 31774866 572346 6799 1.0
00:29:24.496 119846785 30304917 575699 6833 1.0
00:29:24.896 119847010 30121095 581642 6839 1.0
00:29:25.096 119846777 30305080 575751 6824 1.0
00:29:25.296 119847497 31695412 572231 6793 1.0
00:29:25.496 119846775 30305520 575731 6826 1.0
00:29:25.896 119847077 30209195 578669 6832 1.0
00:29:26.096 119847458 30309882 575820 6821 1.0
00:29:26.296 119846780 31704838 572257 6788 1.0
00:29:26.696 119847000 30106858 581394 6842 1.0
00:29:26.896 119846793 30307010 575787 6844 1.0
00:29:27.096 119847492 30315060 575855 6841 1.0
00:29:27.296 119846776 31678086 572381 6785 1.0
00:29:27.696 119847107 30113500 581512 6827 1.0
00:29:27.896 119847480 30315057 575926 6835 1.0
00:29:28.096 119846639 30301295 575658 6810 1.0
00:29:28.296 119847540 31720121 572161 6784 1.0
00:29:28.696 119847823 30112611 581495 6833 1.0
00:29:28.896 119846739 30307194 575775 6835 1.0
00:29:29.096 119846818 30305108 575665 6833 1.0
00:29:29.296 119847481 31752110 572197 6780 1.0
00:29:29.696 119847856 30111471 581515 6834 1.0
00:29:29.896 119846715 30312634 575905 6841 1.0
00:29:30.096 119847527 30307312 575724 6825 1.0
00:29:30.296 119846752 31679295 572269 6789 1.0
00:29:30.696 119847121 30119242 581654 6831 1.0
00:29:30.896 119846778 30304699 575692 6821 1.0
00:29:31.096 119847620 30305723 575736 6830 1.0
00:29:31.296 119846766 31733864 572443 6799 1.0
00:29:31.696 119846954 30116383 581644 6839 1.0
00:29:31.896 119847580 30305354 575697 6831 1.0
00:29:32.096 119846739 30312436 575846 6823 1.0
00:29:32.296 119847444 31689766 572318 6782 1.0
00:29:32.696 119847101 30123502 581738 6846 1.0
00:29:32.896 119847430 30303973 575662 6827 1.0
00:29:33.096 119846616 30309950 575846 6819 1.0
00:29:33.296 119847522 31719463 572236 6800 1.0
00:29:33.696 119847676 30108612 581446 6827 1.0
00:29:33.896 119846822 30301326 575653 6826 1.0
00:29:34.096 119847518 30311292 575826 6817 1.0
00:29:34.296 119846700 31695897 572444 6799 1.0
00:29:34.696 119847088 30109827 581479 6835 1.0
00:29:34.896 119846633 30312178 575846 6808 1.0
00:29:35.096 119847402 30306421 575791 6820 1.0
00:29:35.296 119846603 31730616 572116 6783 1.0
00:29:35.696 119847091 30116394 581573 6844 1.0
00:29:35.896 119847479 30307506 575800 6828 1.0
00:29:36.096 119846690 30305994 575686 6830 1.0
00:29:36.296 119847511 31680151 572445 6781 1.0
00:29:36.696 119847027 30113927 581570 6839 1.0
00:29:36.896 119847524 30309777 575787 6815 1.0
00:29:37.096 119846696 30304779 575749 6827 1.0
00:29:37.296 119847560 31755971 572054 6773 1.0
00:29:37.696 119847849 30122240 581734 6811 1.0
00:29:37.896 119846725 30303685 575692 6820 1.0
00:29:38.096 119847529 30306176 575737 6835 1.0
00:29:38.296 119846753 31769364 572311 6803 1.0
00:29:38.696 119847851 30116771 581562 6846 1.0
00:29:38.896 119846683 30307810 575829 6817 1.0
00:29:39.096 119847333 30312509 575844 6834 1.0
00:29:39.296 119846763 31740532 572163 6792 1.0
00:29:39.696 119847198 30122441 581758 6834 1.0
00:29:39.896 119847408 30311000 575841 6831 1.0
00:29:40.096 119846740 30309762 575808 6823 1.0
00:29:40.296 119846676 31712769 572062 6788 1.0
00:29:40.696 119847175 30116446 581567 6818 1.0
00:29:40.896 119847515 30306308 575774 6821 1.0
00:29:41.096 119846694 30316259 575879 6834 1.0
00:29:41.296 119847331 31728943 572198 6776 1.0
00:29:41.696 119847901 30113749 581575 6824 1.0
00:29:41.896 119846741 30317182 575983 6822 1.0
00:29:42.096 119847358 30306221 575693 6828 1.0
00:29:42.296 119846849 31760388 572138 6777 1.0
00:29:42.696 119847829 30113907 581579 6822 1.0
00:29:42.896 119846757 30305273 575672 6829 1.0
00:29:43.096 119847486 30305862 575774 6828 1.0
00:29:43.296 119846719 31721310 572404 6793 1.0
00:29:43.696 119847060 30108337 581451 6830 1.0
00:29:43.896 119847562 30307110 575716 6835 1.0
00:29:44.096 119846689 30318603 576019 6830 1.0
00:29:44.296 119846849 31666440 572301 6796 1.0
00:29:44.696 119847164 30124168 581758 6824 1.0
00:29:44.896 119847491 30303325 575661 6834 1.0
00:29:45.096 119846730 30301655 575668 6819 1.0
00:29:45.296 119847544 31758892 572074 6783 1.0
00:29:45.696 119847995 30110528 581490 6830 1.0
00:29:45.896 119846690 30301888 575674 6819 1.0
00:29:46.096 119846701 30307116 575718 6830 1.0
00:29:46.296 119847576 31678553 572434 6789 1.0
00:29:46.696 119847880 30111919 581527 6835 1.0
00:29:46.896 119846719 30311925 575845 6833 1.0
00:29:47.096 119847565 30306491 575701 6838 1.0
00:29:47.296 119846770 31695634 572285 6782 1.0
00:29:47.696 119847171 30126118 581247 6845 1.0
00:29:47.896 119847597 30307986 575766 6831 1.0
00:29:48.096 119846719 30302722 575663 6825 1.0
00:29:48.296 119846736 31771435 572287 6788 1.0
00:29:48.696 119847049 30239610 577553 6809 1.0
00:29:48.896 119847494 30319543 575989 6834 1.0
00:29:49.096 119846712 30308915 575763 6822 1.0
00:29:49.496 119847037 30115217 581544 6833 1.0
00:29:49.696 119847534 30314182 575903 6823 1.0
00:29:49.896 119846757 30303621 575718 6826 1.0
00:29:50.096 119846688 30302219 575610 6814 1.0
00:29:50.496 119847118 30109709 581468 6830 1.0
00:29:50.696 119847330 30308407 575753 6834 1.0
00:29:50.896 119846595 30307327 575815 6837 1.0
00:29:51.096 119847467 30312932 575853 6826 1.0
00:29:51.496 119847814 30111335 581511 6831 1.0
00:29:51.696 119846777 30313802 575893 6838 1.0
00:29:51.896 119846725 30303896 575726 6826 1.0
00:29:52.096 119847459 30305194 575665 6836 1.0
00:29:52.496 119847935 30122899 581722 6830 1.0
00:29:52.696 119846736 30304762 575748 6838 1.0
00:29:52.896 119847393 30307321 575727 6832 1.0
00:29:53.096 119846689 30316542 575960 6843 1.0
00:29:53.496 119847091 30115576 581548 6828 1.0
00:29:53.696 119847419 30309152 575841 6834 1.0
00:29:53.896 119846778 30315381 575847 6815 1.0
00:29:54.096 119846750 30307969 575833 6841 1.0
00:29:54.496 119847070 30114270 581590 6837 1.0
00:29:54.696 119847466 30306687 575706 6832 1.0
00:29:54.896 119846699 30303329 575711 6820 1.0
00:29:55.096 119847504 30307209 575721 6810 1.0
00:29:55.496 119847872 30115688 581625 6829 1.0
00:29:55.696 119846680 30305335 575671 6843 1.0
00:29:55.896 119846674 30309653 575788 6830 1.0
00:29:56.096 119847513 30306445 575792 6814 1.0
00:29:56.496 119847890 30115864 581626 6838 1.0
00:29:56.696 119846740 30313150 575877 6829 1.0
00:29:56.896 119847576 30307173 575718 6834 1.0
00:29:57.096 119846724 30301193 575656 6827 1.0
00:29:57.496 119847142 30112692 581549 6818 1.0
00:29:57.696 119846818 30305545 575676 6844 1.0
00:29:57.896 119847511 30305429 575765 6823 1.0
00:29:58.096 119846774 30311302 575829 6811 1.0
00:29:58.496 119847115 30116888 581564 6837 1.0
00:29:58.696 119847527 30308631 575839 6828 1.0
00:29:58.896 119846593 30305304 575681 6835 1.0
00:29:59.096 119847546 30308075 575748 6834 1.0
00:29:59.496 119847373 30118301 581603 6840 1.0
00:29:59.696 119847526 30308235 575840 6824 1.0
00:29:59.896 119846609 30302436 575594 6829 1.0
00:30:00.096 119847536 30313630 575887 6831 1.0
00:30:00.497 119847837 30111884 581526 6828 1.0
00:30:00.697 119846569 30305937 575780 6831 1.0
00:30:00.897 119847324 30311851 575841 6849 1.0
00:30:01.097 119846745 30303672 575626 6831 1.0
00:30:01.497 119847197 30111361 581500 6829 1.0
00:30:01.697 119846847 30311514 575846 6824 1.0
00:30:01.897 119847558 30301647 575637 6827 1.0
00:30:02.097 119846616 30305041 575757 6827 1.0
00:30:02.497 119847079 30114534 581582 6831 1.0
00:30:02.697 119847410 30306356 575747 6833 1.0
00:30:02.897 119846747 30300381 575632 6818 1.0
00:30:03.097 119847396 30310584 575809 6831 1.0
00:30:03.497 119847103 30107041 581402 6812 1.0
00:30:03.697 119847467 30308877 575841 6831 1.0
00:30:03.897 119846730 30307512 575740 6818 1.0
00:30:04.097 119847427 30304593 575689 6828 1.0
00:30:04.497 119847901 30122854 581722 6840 1.0
00:30:04.697 119846600 30303997 575730 6825 1.0
00:30:04.897 119847467 30301634 575664 6831 1.0
00:30:05.097 119846649 30315960 575867 6825 1.0
00:30:05.497 119847861 30116021 581541 6841 1.0
00:30:05.697 119846720 30309501 575819 6834 1.0
00:30:05.897 119847539 30317900 575960 6819 1.0
00:30:06.097 119846570 30302457 575688 6826 1.0
00:30:06.497 119847187 30118381 581604 6831 1.0
00:30:06.697 119847452 30309836 575818 6842 1.0
00:30:06.897 119846698 30304931 575721 6831 1.0
00:30:07.097 119847510 30306776 575709 6839 1.0
00:30:07.497 119846981 30109912 581473 6846 1.0
00:30:07.697 119847588 30298465 575584 6824 1.0
00:30:07.897 119846773 30311132 575820 6834 1.0
00:30:08.097 119847510 30305841 575777 6829 1.0
00:30:08.497 119847870 30111478 581499 6835 1.0
00:30:08.697 119846658 30311982 575842 6832 1.0
00:30:08.897 119847498 30309456 575841 6841 1.0
00:30:09.097 119846825 30304903 575691 6830 1.0
00:30:09.497 119847807 30116839 581562 6835 1.0
00:30:09.697 119846631 30302804 575699 6828 1.0
00:30:09.897 119847549 30306727 575706 6830 1.0
00:30:10.097 119846812 30313232 575878 6825 1.0
00:30:10.497 119847146 30207164 578629 6818 1.0
00:30:10.697 119847376 30314767 575883 6850 1.0
00:30:10.897 119846824 30307976 575777 6810 1.0
00:30:11.297 119847864 31027099 579207 6804 1.0
00:30:11.497 119846669 30815954 574468 6814 1.0
00:30:11.697 119847453 30304557 575664 6819 1.0
00:30:11.897 119846700 30304201 575719 6821 1.0
00:30:12.297 119847191 30108695 581443 6818 1.0
00:30:12.497 119847535 31740208 572185 6782 1.0
00:30:12.697 119846741 30308273 575771 6842 1.0
00:30:12.897 119847430 30316148 575934 6813 1.0
00:30:13.297 119847276 30116088 581542 6832 1.0
00:30:13.497 119847597 31740508 572444 6789 1.0
00:30:13.697 119846646 30306845 575711 6829 1.0
00:30:13.897 119847458 30304730 575750 6830 1.0
00:30:14.297 119847841 30121331 581681 6827 1.0
00:30:14.497 119846724 31763625 572178 6794 1.0
00:30:14.697 119847595 30309879 575790 6833 1.0
00:30:14.897 119846564 30310247 575798 6820 1.0
00:30:15.297 119848020 30114325 581591 6831 1.0
00:30:15.497 119846551 31717059 572319 6786 1.0
00:30:15.697 119847494 30308200 575746 6831 1.0
00:30:15.897 119846806 30303205 575707 6826 1.0
00:30:16.297 119847213 30123703 581744 6818 1.0
00:30:16.497 119847517 31720609 572269 6780 1.0
00:30:16.697 119846720 30302707 575695 6829 1.0
00:30:16.897 119846747 30307179 575719 6809 1.0
00:30:17.297 119847112 30116426 581587 6836 1.0
00:30:17.497 119847447 31712473 572231 6788 1.0
00:30:17.697 119846813 30315599 575884 6830 1.0
00:30:17.897 119847401 30306236 575787 6835 1.0
00:30:18.297 119847735 30117115 581634 6830 1.0
00:30:18.497 119846657 31738971 572236 6775 1.0
00:30:18.697 119847456 30304651 575683 6813 1.0
00:30:18.897 119846813 30301765 575670 6822 1.0
00:30:19.297 119847948 30112779 581495 6822 1.0
00:30:19.497 119846716 31673388 572459 6787 1.0
00:30:19.697 119847320 30303757 575629 6835 1.0
00:30:19.897 119846742 30311791 575839 6847 1.0
00:30:20.297 119847165 30110854 581498 6854 1.0
00:30:20.497 119847405 31765176 572165 6785 1.0
00:30:20.697 119846774 30316587 575966 6832 1.0
00:30:20.897 119846604 30307216 575722 6825 1.0
00:30:21.297 119847124 30125289 581758 6832 1.0
00:30:21.497 119847513 31732994 572231 6795 1.0
00:30:21.697 119846768 30302422 575649 6841 1.0
00:30:21.897 119847453 30306547 575780 6835 1.0
00:30:22.297 119847788 30115661 581626 6837 1.0
00:30:22.497 119846788 31696567 572291 6796 1.0
00:30:22.697 119846810 30312690 575865 6842 1.0
00:30:22.897 119847392 30305145 575665 6822 1.0
00:30:23.297 119847866 30110891 581502 6823 1.0
00:30:23.497 119846842 31730875 572138 6791 1.0
00:30:23.697 119847498 30301898 575673 6820 1.0
00:30:23.897 119846666 30307008 575714 6828 1.0
00:30:24.297 119847047 30110010 581477 6831 1.0
00:30:24.497 119846792 31722361 572265 6776 1.0
00:30:24.697 119847454 30305044 575745 6832 1.0
00:30:24.897 119846670 30314290 575846 6822 1.0
00:30:25.297 119847102 30115502 581527 6833 1.0
00:30:25.497 119847568 31744864 572442 6789 1.0
00:30:25.697 119846774 30306012 575687 6833 1.0
00:30:25.897 119847468 30300669 575644 6824 1.0
00:30:26.297 119847940 30121778 581693 6831 1.0
00:30:26.497 119846689 31671931 572358 6773 1.0
00:30:26.697 119846797 30308279 575751 6830 1.0
00:30:26.897 119847513 30314747 575918 6825 1.0
00:30:27.297 119847834 30110598 581492 6833 1.0
00:30:27.497 119846831 31712118 572187 6779 1.0
00:30:27.697 119847401 30306387 575759 6832 1.0
00:30:27.897 119846798 30306174 575694 6835 1.0
00:30:28.297 119847185 30121691 581691 6835 1.0
00:30:28.497 119846765 31667804 572307 6786 1.0
00:30:28.697 119847594 30302205 575603 6840 1.0
00:30:28.897 119846608 30299347 575606 6831 1.0
00:30:29.297 119847119 30110664 581500 6819 1.0
00:30:29.497 119847450 31736336 572231 6806 1.0
00:30:29.697 119846746 30317312 575913 6839 1.0
00:30:29.897 119847399 30299914 575624 6807 1.0
00:30:30.297 119847134 30110455 581487 6828 1.0
00:30:30.497 119847460 31707786 572504 6807 1.0
00:30:30.697 119846666 30300843 575647 6835 1.0
00:30:30.897 119847511 30305961 575688 6829 1.0
00:30:31.297 119847902 30113189 581561 6830 1.0
00:30:31.497 119846742 31703153 572220 6785 1.0
00:30:31.697 119847467 30303951 575727 6840 1.0
00:30:31.897 119846661 30309227 575772 6825 1.0
00:30:32.297 119847101 30112671 581475 6832 1.0
00:30:32.497 119846723 31696746 572426 6792 1.0
00:30:32.697 119847544 30302223 575651 6832 1.0
00:30:32.897 119846804 30304757 575689 6830 1.0
00:30:33.297 119847146 30241223 578041 6827 1.0
00:30:33.497 119847548 31716929 572215 6782 1.0
00:30:33.697 119846697 30305173 575668 6829 1.0
00:30:34.097 119847135 30111456 581515 6827 1.0
00:30:34.297 119846633 30303838 575675 6837 1.0
00:30:34.497 119847541 31728149 572132 6792 1.0
00:30:34.697 119846772 30313340 575881 6841 1.0
00:30:35.097 119847149 30109609 581468 6829 1.0
00:30:35.297 119847563 30310438 575828 6826 1.0
00:30:35.497 119846739 31692834 572360 6795 1.0
00:30:35.697 119847621 30301746 575669 6825 1.0
00:30:36.097 119847091 30115868 581632 6829 1.0
00:30:36.297 119847496 30306755 575707 6837 1.0
00:30:36.497 119846569 31720258 572228 6791 1.0
00:30:36.697 119847556 30305517 575688 6832 1.0
00:30:37.097 119847812 30111068 581504 6826 1.0
00:30:37.297 119846695 30304958 575673 6831 1.0
00:30:37.497 119847457 31752463 572375 6781 1.0
00:30:37.697 119846615 30306689 575702 6835 1.0
00:30:38.097 119847194 30112366 581538 6850 1.0
00:30:38.297 119846729 30308679 575757 6828 1.0
00:30:38.497 119847594 31691374 572331 6785 1.0
00:30:38.697 119846804 30305347 575690 6828 1.0
00:30:39.097 119846995 30107841 581435 6826 1.0
00:30:39.297 119847555 30302914 575684 6838 1.0
00:30:39.497 119846731 31728674 572245 6788 1.0
00:30:39.697 119847431 30309285 575776 6826 1.0
00:30:40.097 119847076 30113740 581571 6835 1.0
00:30:40.297 119847570 30315794 575853 6825 1.0
00:30:40.497 119846871 31703167 572224 6781 1.0
00:30:40.697 119847449 30304263 575734 6863 1.0
00:30:41.097 119847908 30118996 581713 6838 1.0
00:30:41.297 119846815 30308103 575742 6834 1.0
00:30:41.497 119847472 31673634 572397 6786 1.0
00:30:41.697 119846644 30314882 575924 6820 1.0
00:30:42.097 119847905 30114518 581537 6838 1.0
00:30:42.297 119846752 30305223 575724 6824 1.0
00:30:42.497 119847491 31687878 572484 6789 1.0
00:30:42.697 119846771 30303334 575711 6825 1.0
00:30:43.097 119847033 30118542 581700 6826 1.0
00:30:43.297 119847488 30306763 575708 6826 1.0
00:30:43.497 119846818 31712049 572184 6803 1.0
00:30:43.697 119846715 30311901 575841 6826 1.0
00:30:44.097 119847125 30113182 581561 6826 1.0
00:30:44.297 119847437 30307037 575769 6836 1.0
00:30:44.497 119846724 31714593 572374 6785 1.0
00:30:44.697 119847480 30306330 575703 6827 1.0
00:30:45.097 119847684 30111461 581515 6843 1.0
00:30:45.297 119846712 30308451 575749 6822 1.0
00:30:45.497 119847547 31767452 572100 6782 1.0
00:30:45.697 119846676 30305136 575665 6832 1.0
00:30:46.097 119847840 30112285 581538 6843 1.0
00:30:46.297 119846739 30303316 575681 6834 1.0
00:30:46.497 119847483 31756907 572069 6792 1.0
00:30:46.697 119846588 30317558 575993 6835 1.0
00:30:47.097 119847066 30110933 581502 6825 1.0
00:30:47.297 119847532 30314444 575854 6836 1.0
00:30:47.497 119846791 31684699 572288 6799 1.0
00:30:47.697 119846747 30306521 575793 6815 1.0
00:30:48.097 119847104 30119433 581709 6817 1.0
00:30:48.297 119847453 30307022 575728 6818 1.0
00:30:48.497 119846631 31759055 572091 6794 1.0
00:30:48.697 119847397 30309078 575809 6831 1.0
00:30:49.097 119847859 30111456 581503 6832 1.0
00:30:49.297 119846724 30300165 575627 6825 1.0
00:30:49.497 119846736 31751220 572350 6795 1.0
00:30:49.697 119847627 30307093 575718 6828 1.0
00:30:50.097 119847832 30120327 581657 6844 1.0
00:30:50.297 119846749 30302473 575685 6838 1.0
00:30:50.497 119847501 31713566 572245 6791 1.0
00:30:50.697 119846687 30304067 575639 6840 1.0
00:30:51.097 119847147 30113465 581544 6825 1.0
00:30:51.297 119847493 30306610 575796 6848 1.0
00:30:51.497 119846747 31763727 572179 6795 1.0
00:30:51.697 119846700 30307649 575731 6833 1.0
00:30:52.097 119847095 30107330 581406 6830 1.0
00:30:52.297 119847474 30315627 575940 6822 1.0
00:30:52.497 119846715 31701653 572253 6784 1.0
00:30:52.697 119847489 30301896 575672 6830 1.0
00:30:53.097 119847939 30116562 581578 6841 1.0
00:30:53.297 119846638 30308979 575763 6821 1.0
00:30:53.497 119846714 31763869 572171 6782 1.0
00:30:53.697 119847482 30310553 575809 6833 1.0
00:30:54.097 119847894 30106474 581479 6828 1.0
00:30:54.297 119846776 30308684 575757 6824 1.0
00:30:54.497 119847473 31775627 572248 6776 1.0
00:30:54.697 119846697 30308006 575740 6818 1.0
00:30:55.097 119847117 30217704 578866 6827 1.0
00:30:55.297 119846760 30304052 575633 6831 1.0
00:30:55.497 119847590 31706377 572186 6788 1.0
00:30:55.897 119847821 30118989 581631 6831 1.0
00:30:56.097 119846706 30301978 575664 6838 1.0
00:30:56.297 119847366 30310641 575809 6832 1.0
00:30:56.497 119846776 31750644 572250 6796 1.0
00:30:56.897 119847045 30110851 581499 6833 1.0
00:30:57.097 119847405 30306296 575696 6845 1.0
00:30:57.297 119846925 30311330 575827 6831 1.0
00:30:57.497 119846821 31682610 572398 6793 1.0
00:30:57.897 119847097 30117454 581672 6839 1.0
00:30:58.097 119847452 30305949 575688 6836 1.0
00:30:58.297 119846734 30306014 575778 6831 1.0
00:30:58.497 119847563 31668236 572384 6800 1.0
00:30:58.897 119847959 30113637 581540 6832 1.0
00:30:59.097 119846779 30306036 575721 6829 1.0
00:30:59.297 119846870 30312010 575843 6827 1.0
00:30:59.497 119847620 31744958 572191 6797 1.0
00:30:59.897 119847888 30111993 581519 6823 1.0
00:31:00.097 119846748 30317010 575978 6822 1.0
00:31:00.297 119847508 30306478 575695 6826 1.0
00:31:00.497 119846814 31697119 572226 6784 1.0
00:31:00.897 119847065 30114060 581560 6831 1.0
00:31:01.097 119846784 30303092 575633 6829 1.0
00:31:01.297 119847472 30304416 575738 6815 1.0
00:31:01.497 119846666 31760255 572294 6785 1.0
00:31:01.897 119847089 30102386 581335 6824 1.0
00:31:02.097 119847439 30314867 575919 6825 1.0
00:31:02.297 119846663 30305119 575675 6821 1.0
00:31:02.497 119847471 31677977 572399 6792 1.0
00:31:02.897 119847609 30120858 581668 6843 1.0
00:31:03.097 119847420 30302278 575676 6830 1.0
00:31:03.297 119846531 30308068 575747 6832 1.0
00:31:03.497 119847534 31686139 572560 6783 1.0
00:31:03.897 119847831 30109886 581473 6826 1.0
00:31:04.097 119846628 30304874 575728 6854 1.0
00:31:04.297 119847550 30307833 575762 6834 1.0
00:31:04.497 119846803 31698311 572315 6805 1.0
00:31:04.897 119847121 30114550 581539 6836 1.0
00:31:05.097 119846719 30301638 575667 6833 1.0
00:31:05.297 119847458 30310281 575796 6817 1.0
00:31:05.497 119846802 31767328 572113 6791 1.0
00:31:05.897 119847103 30111593 581500 6834 1.0
00:31:06.097 119847346 30306218 575731 6822 1.0
00:31:06.297 119846717 30313843 575892 6828 1.0
00:31:06.497 119847639 31763294 572168 6778 1.0
00:31:06.897 119847019 30110892 581499 6842 1.0
00:31:07.097 119847476 30315055 575904 6832 1.0
00:31:07.297 119846599 30308202 575764 6828 1.0
00:31:07.497 119847629 31742104 572079 6784 1.0
00:31:07.897 119847810 30110529 581495 6836 1.0
00:31:08.097 119846870 30304788 575666 6819 1.0
00:31:08.297 119847457 30306025 575763 6832 1.0
00:31:08.497 119846820 31690380 572448 6811 1.0
00:31:08.897 119848037 30115195 581614 6841 1.0
00:31:09.097 119846616 30313448 575882 6830 1.0
00:31:09.297 119847311 30303993 575631 6827 1.0
00:31:09.497 119846791 31694297 572317 6801 1.0
00:31:09.897 119847114 30116113 581548 6826 1.0
00:31:10.097 119847469 30305376 575766 6805 1.0
00:31:10.297 119846603 30307228 575719 6835 1.0
00:31:10.497 119847502 31726080 572385 6789 1.0
00:31:10.897 119847120 30113999 581501 6828 1.0
00:31:11.097 119847511 30303336 575712 6824 1.0
00:31:11.297 119846671 30314004 575898 6829 1.0
00:31:11.497 119847474 31722690 572065 6796 1.0
00:31:11.897 119847896 30108339 581432 6836 1.0
00:31:12.097 119846609 30316426 575964 6836 1.0
00:31:12.297 119847404 30303833 575628 6832 1.0
00:31:12.497 119846852 31750295 572207 6796 1.0
00:31:12.897 119847935 30110413 581488 6821 1.0
00:31:13.097 119846768 30299096 575600 6837 1.0
00:31:13.297 119847543 30301658 575665 6831 1.0
00:31:13.497 119846664 31762572 572219 6785 1.0
00:31:13.897 119847049 30114224 581564 6830 1.0
00:31:14.097 119847428 30312537 575841 6819 1.0
00:31:14.297 119846781 30307300 575764 6825 1.0
00:31:14.497 119846709 31717472 572224 6793 1.0
00:31:14.897 119847087 30129999 581825 6839 1.0
00:31:15.097 119847533 30302185 575681 6820 1.0
00:31:15.297 119846768 30305215 575681 6834 1.0
00:31:15.497 119847559 31771996 572231 6795 1.0
00:31:15.897 119847967 30110915 581502 6832 1.0
00:31:16.097 119846727 30307128 575717 6826 1.0
00:31:16.297 119847433 30306804 575783 6825 1.0
00:31:16.497 119846879 31704917 572236 6788 1.0
00:31:16.897 119847922 30118240 581658 6829 1.0
00:31:17.097 119846736 30305897 575686 6834 1.0
00:31:17.297 119847452 30304336 575736 6835 1.0
00:31:17.497 119846679 31693179 572216 6796 1.0
00:31:17.897 119847194 30225871 578337 6829 1.0
00:31:18.097 119847506 30307182 575719 6817 1.0
00:31:18.297 119846652 30312805 575874 6815 1.0
00:31:18.697 119847779 30110324 581487 6835 1.0
00:31:18.897 119846762 30305853 575776 6830 1.0
00:31:19.097 119847477 30314475 575841 6821 1.0
00:31:19.297 119846748 30302768 575671 6817 1.0
00:31:19.697 119847208 30120536 581752 6823 1.0
00:31:19.897 119847389 30304147 575642 6840 1.0
00:31:20.097 119846758 30307112 575787 6833 1.0
00:31:20.297 119846788 30302308 575613 6830 1.0
00:31:20.697 119847046 30113055 581558 6827 1.0
00:31:20.897 119847521 30308208 575747 6836 1.0
00:31:21.097 119846681 30311259 575826 6823 1.0
00:31:21.297 119847464 30305314 575697 6830 1.0
00:31:21.697 119847818 30108603 581440 6835 1.0
00:31:21.897 119846735 30308570 575765 6826 1.0
00:31:22.097 119847366 30301522 575655 6842 1.0
00:31:22.297 119846743 30307303 575774 6825 1.0
00:31:22.697 119847731 30115450 581560 6838 1.0
00:31:22.897 119846679 30300221 575597 6827 1.0
00:31:23.097 119847508 30303465 575715 6810 1.0
00:31:23.297 119846748 30310995 575816 6828 1.0
00:31:23.697 119847079 30112571 581543 6838 1.0
00:31:23.897 119847499 30310114 575797 6832 1.0
00:31:24.097 119846673 30301044 575651 6821 1.0
00:31:24.297 119846577 30300247 575628 6819 1.0
00:31:24.697 119847186 30118283 581607 6838 1.0
00:31:24.897 119847460 30306726 575734 6831 1.0
00:31:25.097 119846501 30306265 575761 6825 1.0
00:31:25.297 119847392 30306724 575706 6821 1.0
00:31:25.697 119847698 30112393 581540 6855 1.0
00:31:25.897 119846774 30307139 575718 6852 1.0
00:31:26.097 119846736 30312398 575856 6828 1.0
00:31:26.297 119847564 30306223 575769 6816 1.0
00:31:26.697 119847841 30121524 581687 6833 1.0
00:31:26.897 119846686 30298455 575582 6821 1.0
00:31:27.097 119847410 30302114 575680 6835 1.0
00:31:27.297 119846718 30300546 575635 6825 1.0
00:31:27.697 119846990 30111095 581506 6830 1.0
00:31:27.897 119846750 30304993 575767 6832 1.0
00:31:28.097 119847545 30314359 575907 6827 1.0
00:31:28.297 119846645 30302117 575595 6828 1.0
00:31:28.697 119847036 30111284 581500 6843 1.0
00:31:28.897 119847397 30310649 575837 6831 1.0
00:31:29.097 119846544 30305587 575677 6838 1.0
00:31:29.297 119847460 30309398 575775 6844 1.0
00:31:29.697 119847803 30113979 581583 6837 1.0
00:31:29.897 119846790 30300439 575604 6817 1.0
00:31:30.097 119846635 30304352 575675 6829 1.0
00:31:30.297 119847570 30317750 575994 6827 1.0
00:31:30.697 119847844 30118182 581689 6828 1.0
00:31:30.897 119846597 30303875 575635 6832 1.0
00:31:31.097 119847537 30315332 575933 6828 1.0
00:31:31.297 119846816 30305352 575707 6830 1.0
00:31:31.697 119847151 30120525 581747 6832 1.0
00:31:31.897 119846710 30305320 575670 6817 1.0
00:31:32.097 119847457 30307506 575771 6825 1.0
00:31:32.297 119846822 30304558 575699 6828 1.0
00:31:32.697 119847184 30113766 581503 6842 1.0
00:31:32.897 119847449 30302763 575698 6834 1.0
00:31:33.097 119846610 30312519 575856 6831 1.0
00:31:33.297 119847235 30306642 575713 6840 1.0
00:31:33.697 119847106 30117595 581608 6836 1.0
00:31:33.897 119847525 30307600 575799 6832 1.0
00:31:34.097 119846754 30306550 575703 6830 1.0
00:31:34.297 119847517 30303136 575703 6832 1.0
00:31:34.697 119847929 30111044 581504 6832 1.0
00:31:34.897 119846749 30303934 575729 6817 1.0
00:31:35.097 119847438 30302497 575599 6823 1.0
00:31:35.297 119846661 30313138 575870 6820 1.0
00:31:35.697 119847035 30112177 581535 6830 1.0
00:31:35.897 119846710 30313688 575889 6830 1.0
00:31:36.097 119847431 30302908 575700 6836 1.0
00:31:36.297 119846725 30303379 575651 6831 1.0
00:31:36.697 119847109 30122772 581721 6840 1.0
00:31:36.897 119847541 30306652 575703 6844 1.0
00:31:37.097 119846630 30301372 575660 6828 1.0
00:31:37.297 119847540 30310565 575820 6835 1.0
00:31:37.697 119847033 30106928 581397 6835 1.0
00:31:37.897 119847491 30301978 575677 6831 1.0
00:31:38.097 119846728 30312846 575867 6828 1.0
00:31:38.297 119847467 30306505 575700 6838 1.0
00:31:38.697 119847800 30123522 581739 6824 1.0
00:31:38.897 119846703 30303993 575728 6826 1.0
00:31:39.097 119847504 30306916 575711 6826 1.0
00:31:39.297 119846685 30304584 575743 6821 1.0
00:31:39.697 119847908 30200541 578662 6827 1.0
00:31:39.897 119846670 30307842 575752 6827 1.0
00:31:40.097 119847419 30315621 575935 6828 1.0
00:31:40.497 119847833 31229437 578818 6813 1.0
00:31:40.697 119846714 30558140 575065 6817 1.0
00:31:40.897 119847496 30316518 575959 6828 1.0
00:31:41.097 119846742 30308424 575752 6824 1.0
00:31:41.497 119847133 30120515 581660 6821 1.0
00:31:41.697 119846748 31684932 572399 6781 1.0
00:31:41.897 119847615 30308601 575768 6849 1.0
00:31:42.097 119846684 30300857 575654 6821 1.0
00:31:42.497 119847013 30109932 581475 6838 1.0
00:31:42.697 119847446 31760891 572151 6793 1.0
00:31:42.897 119846694 30308821 575761 6833 1.0
00:31:43.097 119847400 30304749 575749 6830 1.0
00:31:43.497 119847032 30113230 581562 6828 1.0
00:31:43.697 119847477 31764258 572176 6789 1.0
00:31:43.897 119846774 30303451 575716 6809 1.0
00:31:44.097 119847568 30308263 575747 6835 1.0
00:31:44.497 119847792 30113295 581528 6830 1.0
00:31:44.697 119846849 31710420 572226 6780 1.0
00:31:44.897 119847493 30304740 575657 6838 1.0
00:31:45.097 119846780 30311353 575827 6819 1.0
00:31:45.497 119847873 30116145 581551 6847 1.0
00:31:45.697 119846818 31771450 572265 6809 1.0
00:31:45.897 119847476 30311133 575823 6849 1.0
00:31:46.097 119846634 30304489 575742 6826 1.0
00:31:46.497 119847206 30118411 581647 6837 1.0
00:31:46.697 119847338 31723306 572136 6800 1.0
00:31:46.897 119846627 30303063 575703 6839 1.0
00:31:47.097 119846760 30299701 575616 6808 1.0
00:31:47.497 119847081 30109048 581452 6831 1.0
00:31:47.697 119847461 31742607 572168 6793 1.0
00:31:47.897 119846733 30314915 575923 6815 1.0
00:31:48.097 119847526 30305326 575711 6822 1.0
00:31:48.497 119847822 30114853 581606 6827 1.0
00:31:48.697 119846773 31774338 572304 6793 1.0
00:31:48.897 119847561 30305888 575754 6825 1.0
00:31:49.097 119846754 30305797 575683 6845 1.0
00:31:49.497 119847910 30111820 581513 6838 1.0
00:31:49.697 119846767 31758359 572089 6781 1.0
00:31:49.897 119847523 30303781 575712 6826 1.0
00:31:50.097 119846774 30308978 575778 6812 1.0
00:31:50.497 119847068 30115284 581613 6833 1.0
00:31:50.697 119847438 31725875 572366 6781 1.0
00:31:50.897 119846729 30307075 575717 6834 1.0
00:31:51.097 119846613 30308113 575746 6818 1.0
00:31:51.497 119847045 30116584 581555 6826 1.0
00:31:51.697 119847428 31724844 572203 6780 1.0
00:31:51.897 119846697 30304328 575674 6844 1.0
00:31:52.097 119847496 30313581 575888 6836 1.0
00:31:52.497 119847950 30108859 581476 6832 1.0
00:31:52.697 119846762 31725203 572327 6791 1.0
00:31:52.897 119846617 30313423 575884 6846 1.0
00:31:53.097 119847508 30300266 575630 6824 1.0
00:31:53.497 119847900 30125476 581791 6826 1.0
00:31:53.697 119846493 31700678 572282 6793 1.0
00:31:53.897 119847535 30305571 575676 6840 1.0
00:31:54.097 119846689 30309037 575803 6836 1.0
00:31:54.497 119847133 30113786 581505 6824 1.0
00:31:54.697 119847602 31679528 572283 6795 1.0
00:31:54.897 119846775 30311456 575832 6841 1.0
00:31:55.097 119846774 30297640 575561 6817 1.0
00:31:55.497 119847036 30108428 581436 6840 1.0
00:31:55.697 119847512 31738198 572228 6782 1.0
00:31:55.897 119846697 30302551 575690 6820 1.0
00:31:56.097 119847355 30308062 575744 6831 1.0
00:31:56.497 119847860 30110234 581484 6822 1.0
00:31:56.697 119846678 31679029 572370 6810 1.0
00:31:56.897 119846778 30308914 575780 6825 1.0
00:31:57.097 119847533 30313159 575877 6810 1.0
00:31:57.497 119847924 30114502 581554 6835 1.0
00:31:57.697 119846744 31699997 572459 6794 1.0
00:31:57.897 119847502 30304525 575742 6828 1.0
00:31:58.097 119846724 30305911 575687 6836 1.0
00:31:58.497 119847166 30120496 581660 6845 1.0
00:31:58.697 119846704 31745798 572196 6791 1.0
00:31:58.897 119847425 30304979 575754 6837 1.0
00:31:59.097 119846660 30306251 575695 6824 1.0
00:31:59.497 119847060 30112976 581554 6832 1.0
00:31:59.697 119847604 31674003 572302 6786 1.0
00:31:59.897 119846596 30311871 575846 6831 1.0
00:32:00.097 119847423 30302286 575658 6829 1.0
00:32:00.497 119847826 30127582 581753 6827 1.0
00:32:00.697 119846698 31758262 572236 6794 1.0
00:32:00.897 119846800 30303923 575663 6837 1.0
00:32:01.097 119847531 30306454 575767 6829 1.0
00:32:01.497 119847923 30113454 581532 6826 1.0
00:32:01.697 119846820 31720131 572271 6788 1.0
00:32:01.897 119847489 30313287 575880 6838 1.0
00:32:02.097 119846648 30306909 575711 6825 1.0
00:32:02.497 119847075 30209797 578492 6819 1.0
00:32:02.697 119846755 31756202 572112 6807 1.0
00:32:02.897 119847437 30309759 575787 6823 1.0
00:32:03.297 119847834 30117752 581587 6845 1.0
00:32:03.497 119846753 30303145 575706 6828 1.0
00:32:03.697 119847565 31679632 572330 6798 1.0
00:32:03.897 119846733 30302182 575600 6844 1.0
00:32:04.297 119847251 30111004 581505 6823 1.0
00:32:04.497 119846777 30308629 575754 6827 1.0
00:32:04.697 119847512 31760085 572196 6798 1.0
00:32:04.897 119846500 30316862 575890 6850 1.0
00:32:05.297 119847095 30113958 581582 6833 1.0
00:32:05.497 119847403 30315917 575868 6830 1.0
00:32:05.697 119846753 31674505 572400 6788 1.0
00:32:05.897 119847382 30304760 575677 6824 1.0
00:32:06.297 119847842 30122045 581701 6847 1.0
00:32:06.497 119846651 30301759 575669 6837 1.0
00:32:06.697 119846769 31668063 572349 6791 1.0
00:32:06.897 119847455 30311974 575845 6834 1.0
00:32:07.297 119847873 30114003 581584 6833 1.0
00:32:07.497 119846699 30306430 575699 6816 1.0
00:32:07.697 119847349 31772408 572231 6793 1.0
00:32:07.897 119846728 30303732 575648 6835 1.0
00:32:08.297 119847113 30123597 581758 6844 1.0
00:32:08.497 119846578 30306809 575718 6834 1.0
00:32:08.697 119847508 31682847 572317 6785 1.0
00:32:08.897 119846763 30307836 575734 6832 1.0
00:32:09.297 119846948 30110283 581484 6829 1.0
00:32:09.497 119847328 30302086 575677 6823 1.0
00:32:09.697 119846767 31757126 572359 6801 1.0
00:32:09.897 119847416 30305161 575754 6825 1.0
00:32:10.297 119847039 30105820 581368 6833 1.0
00:32:10.497 119847487 30318067 576004 6833 1.0
00:32:10.697 119846701 31718434 572063 6775 1.0
00:32:10.897 119847502 30305429 575753 6841 1.0
00:32:11.297 119847813 30112933 581504 6842 1.0
00:32:11.497 119846618 30306291 575745 6817 1.0
00:32:11.697 119847525 31682015 572332 6799 1.0
00:32:11.897 119846720 30313955 575846 6824 1.0
00:32:12.297 119847955 30115899 581557 6850 1.0
00:32:12.497 119846879 30312768 575846 6815 1.0
00:32:12.697 119847602 31749157 572089 6783 1.0
00:32:12.897 119846642 30304489 575730 6849 1.0
00:32:13.297 119847194 30124788 581773 6828 1.0
00:32:13.497 119847583 30307615 575730 6822 1.0
00:32:13.697 119846697 31689655 572297 6789 1.0
00:32:13.897 119847377 30311127 575824 6824 1.0
00:32:14.297 119847105 30117971 581592 6833 1.0
00:32:14.497 119847479 30308991 575811 6836 1.0
00:32:14.697 119846662 31744488 572254 6784 1.0
00:32:14.897 119847594 30298837 575638 6823 1.0
00:32:15.297 119847863 30115742 581553 6838 1.0
00:32:15.497 119846675 30302653 575694 6825 1.0
00:32:15.697 119847482 31750618 572067 6781 1.0
00:32:15.897 119846824 30306918 575775 6827 1.0
00:32:16.297 119847983 30119361 581630 6848 1.0
00:32:16.497 119846735 30305249 575743 6836 1.0
00:32:16.697 119847554 31716159 572327 6787 1.0
00:32:16.897 119846680 30306669 575750 6844 1.0
00:32:17.297 119847071 30116258 581630 6830 1.0
00:32:17.497 119847342 30315840 575864 6832 1.0
00:32:17.697 119846725 31689251 572471 6780 1.0
00:32:17.897 119846815 30306849 575709 6829 1.0
00:32:18.297 119847158 30113798 581578 6833 1.0
00:32:18.497 119847518 30305164 575725 6831 1.0
00:32:18.697 119846696 31709178 572236 6771 1.0
00:32:18.897 119847380 30309852 575842 6839 1.0
00:32:19.297 119847845 30114858 581604 6832 1.0
00:32:19.497 119846648 30304681 575655 6833 1.0
00:32:19.697 119847573 31751557 572199 6780 1.0
00:32:19.897 119846721 30307694 575762 6832 1.0
00:32:20.297 119847874 30119576 581711 6846 1.0
00:32:20.497 119846747 30301899 575630 6818 1.0
00:32:20.697 119847549 31741396 572144 6781 1.0
00:32:20.897 119846709 30317461 575933 6828 1.0
00:32:21.297 119847116 30115158 581612 6834 1.0
00:32:21.497 119847485 30310357 575804 6830 1.0
00:32:21.697 119846727 31741617 572352 6802 1.0
00:32:21.897 119846627 30305083 575759 6816 1.0
00:32:22.297 119847174 30110643 581494 6825 1.0
00:32:22.497 119847518 30317893 575907 6836 1.0
00:32:22.697 119846804 31734899 572190 6792 1.0
00:32:22.897 119847379 30303039 575610 6828 1.0
00:32:23.297 119847828 30110642 581494 6821 1.0
00:32:23.497 119846716 30306036 575783 6823 1.0
00:32:23.697 119846835 31716393 572261 6814 1.0
00:32:23.897 119847541 30308173 575765 6838 1.0
00:32:24.297 119847955 30194375 578977 6815 1.0
00:32:24.497 119846811 30312754 575867 6831 1.0
00:32:24.697 119847549 31720992 572243 6798 1.0
00:32:25.097 119847875 30111932 581528 6824 1.0
00:32:25.297 119846701 30312775 575864 6851 1.0
00:32:25.497 119847566 30305907 575685 6838 1.0
00:32:25.697 119846767 31691613 572309 6779 1.0
00:32:26.097 119847966 30112174 581534 6826 1.0
00:32:26.297 119846756 30301828 575645 6827 1.0
00:32:26.497 119847468 30301212 575589 6818 1.0
00:32:26.697 119846705 31757541 572334 6791 1.0
00:32:27.097 119847011 30108735 581460 6830 1.0
00:32:27.297 119847442 30312105 575841 6821 1.0
00:32:27.497 119846737 30304785 575738 6837 1.0
00:32:27.697 119846777 31668515 572344 6788 1.0
00:32:28.097 119847061 30119793 581642 6831 1.0
00:32:28.297 119847394 30303330 575710 6837 1.0
00:32:28.497 119846728 30305670 575693 6813 1.0
00:32:28.697 119847594 31707303 572489 6785 1.0
00:32:29.097 119847818 30119262 581627 6841 1.0
00:32:29.297 119846891 30304139 575729 6826 1.0
00:32:29.497 119846799 30311002 575820 6818 1.0
00:32:29.697 119847521 31739314 572216 6774 1.0
00:32:30.097 119847901 30124473 581753 6832 1.0
00:32:30.297 119846625 30301780 575646 6816 1.0
00:32:30.497 119847396 30303484 575714 6830 1.0
00:32:30.697 119846870 31751670 572071 6790 1.0
00:32:31.097 119847193 30113978 581582 6823 1.0
00:32:31.297 119846753 30307510 575726 6809 1.0
00:32:31.497 119847574 30313695 575891 6825 1.0
00:32:31.697 119846833 31681751 572306 6779 1.0
00:32:32.097 119847021 30117641 581612 6841 1.0
00:32:32.297 119847554 30309433 575776 6820 1.0
00:32:32.497 119846705 30306871 575799 6834 1.0
00:32:32.697 119847463 31668736 572322 6787 1.0
00:32:33.097 119847845 30118286 581672 6841 1.0
00:32:33.297 119846755 30308630 575779 6824 1.0
00:32:33.497 119846798 30305595 575677 6834 1.0
00:32:33.697 119847544 31683728 572522 6788 1.0
00:32:34.097 119847994 30112638 581547 6824 1.0
00:32:34.297 119846763 30318091 575957 6834 1.0
00:32:34.497 119847648 30308438 575799 6827 1.0
00:32:34.697 119846842 31683943 572279 6793 1.0
00:32:35.097 119847091 30119804 581660 6825 1.0
00:32:35.297 119846698 30302495 575667 6824 1.0
00:32:35.497 119847499 30305997 575762 6824 1.0
00:32:35.697 119846688 31731651 572289 6783 1.0
00:32:36.097 119847121 30109248 581457 6839 1.0
00:34:07.298 119847747 30118716 581673 6844 1.0
00:34:08.698 119847504 30311649 575835 6839 1.0
00:34:08.898 119846626 31709868 572173 6789 1.0
00:34:09.298 119847158 30107758 581419 6849 1.0
00:34:09.498 119846824 30316266 575949 6838 1.0
00:34:09.698 119847515 30307031 575722 6833 1.0
00:34:09.898 119846747 31762698 572097 6789 1.0
00:34:10.298 119847162 30115673 581625 6848 1.0
00:34:10.498 119847459 30302856 575635 6831 1.0
00:34:10.698 119846645 30300776 575614 6819 1.0
00:34:10.898 119847535 31716116 572326 6796 1.0
00:34:11.298 119847109 30109065 581452 6827 1.0
00:34:11.498 119847586 30313967 575898 6838 1.0
00:34:11.698 119846589 30307873 575736 6835 1.0
00:34:11.898 119847465 31719821 572124 6794 1.0
00:34:12.298 119847888 30120886 581670 6839 1.0
00:34:12.498 119846573 30302958 575700 6831 1.0
00:34:12.698 119847408 30306644 575706 6845 1.0
00:34:12.898 119846736 31698994 572427 6785 1.0
00:34:13.298 119847085 30112156 581527 6846 1.0
00:34:13.498 119846704 30308054 575750 6821 1.0
00:34:13.698 119847478 30318452 575937 6838 1.0
00:34:13.898 119846817 31739583 572235 6800 1.0
00:34:14.298 119847101 30120372 581658 6846 1.0
00:34:14.498 119847460 30300030 575623 6832 1.0
00:34:14.698 119846668 30309680 575792 6819 1.0
00:34:14.898 119847513 31757129 572172 6787 1.0
00:34:15.298 119847161 30110613 581458 6844 1.0
00:34:15.498 119847410 30310197 575798 6817 1.0
00:34:15.698 119846637 30312104 575848 6828 1.0
00:34:15.898 119847579 31761905 572186 6789 1.0
00:34:16.298 119847924 30202727 578527 6833 1.0
00:34:16.498 119846755 30306313 575725 6828 1.0
00:34:16.698 119847529 30306034 575751 6825 1.0
00:34:17.098 119847082 30123363 581757 6843 1.0
00:34:17.298 119847458 30306532 575702 6834 1.0
00:34:17.498 119846767 30305549 575730 6829 1.0
00:34:17.698 119847554 30301349 575639 6826 1.0
00:34:18.098 119847919 30110189 581481 6825 1.0
00:34:18.298 119846573 30309568 575780 6833 1.0
00:34:18.498 119847521 30314948 575925 6838 1.0
00:34:18.698 119846744 30306005 575688 6840 1.0
00:34:19.098 119847026 30112570 581544 6827 1.0
00:34:19.298 119846818 30307423 575725 6829 1.0
00:34:19.498 119847383 30303011 575704 6812 1.0
00:34:20.098 119847058 30114080 581584 6840 1.0
