CPU_CYCLES, INSTRUCTIONS, CACHE_MISSES, BRANCH_MISSES, LABEL
13:09:49:770 119853423 30173862 584980 6841 1.0
13:09:49:970 119853523 30379405 579157 6852 1.0
13:09:50:170 119852841 30370211 579148 6847 1.0
13:09:50:370 119852873 30398152 579110 6845 1.0
13:09:50:770 119853244 30174856 585015 6847 1.0
13:09:50:970 119853605 30376346 579155 6847 1.0
13:09:51:170 119852874 30363813 579100 6835 1.0
13:09:51:370 119853447 30472281 578886 6835 1.0
13:09:51:770 119854060 30174898 584971 7483 1.0
13:09:51:970 119852677 30391081 579044 6839 1.0
13:09:52:170 119852877 30367134 579159 6841 1.0
13:09:52:370 119853570 30410798 579181 6841 1.0
13:09:52:770 119854050 30174398 584957 6851 1.0
13:09:52:970 119852684 30462816 579063 6835 1.0
13:09:53:170 119853755 30364892 579099 6834 1.0
13:09:53:370 119852832 30395000 579100 6835 1.0
13:09:53:770 119854048 30184060 585120 6869 1.0
13:09:53:970 119852770 30440144 579047 6848 1.0
13:09:54:170 119853631 30367692 579110 6835 1.0
13:09:54:370 119852662 30392672 579248 6830 1.0
13:09:54:770 119853503 30172537 584909 6861 1.0
13:09:54:970 119853516 30383355 579136 6846 1.0
13:09:55:170 119852991 30371267 579266 6832 1.0
13:09:55:370 119852806 30403434 579017 6833 1.0
13:09:55:770 119853372 30170266 584903 6861 1.0
13:09:55:970 119853466 30470282 579113 6831 1.0
13:09:56:170 119852849 30369015 579123 6838 1.0
13:09:56:370 119853764 30447905 579076 6834 1.0
13:09:56:770 119853283 30174403 584957 6838 1.0
13:09:56:970 119853687 30441137 578981 6838 1.0
13:09:57:170 119853019 30366963 579112 6839 1.0
13:09:57:370 119853568 30428184 579115 6826 1.0
13:09:57:770 119854117 30176437 585040 6836 1.0
13:09:57:970 119852927 30460357 579005 6845 1.0
13:09:58:170 119853511 30366390 579141 6836 1.0
13:09:58:370 119852845 30385275 579005 6837 1.0
13:09:58:770 119854050 30177968 585052 6851 1.0
13:09:58:970 119852665 30462587 578816 6828 1.0
13:09:59:170 119853747 30366637 579143 6845 1.0
13:09:59:370 119852599 30472394 578954 6823 1.0
13:09:59:770 119853321 30270223 582118 6822 1.0
13:09:59:970 119852836 30373632 579061 6829 1.0
13:10:00:170 119853434 30372200 579202 6841 1.0
13:10:00:570 119854113 30175820 585040 6846 1.0
13:10:00:770 119852762 30373801 579249 6831 1.0
13:10:00:970 119853712 30418707 578994 6852 1.0
13:10:01:170 119853032 30366168 579132 6840 1.0
13:10:01:570 119853107 30178747 585073 6846 1.0
13:10:01:770 119852773 30370929 579232 6834 1.0
13:10:01:970 119853404 30428826 579011 6832 1.0
13:10:02:170 119853048 30370689 579214 6843 1.0
13:10:02:570 119853332 30174010 584947 6847 1.0
13:10:02:770 119853699 30366804 579152 6840 1.0
13:10:02:970 119852752 30387538 579141 6838 1.0
13:10:03:170 119852921 30366972 579155 6830 1.0
13:10:03:570 119853391 30180129 585082 6844 1.0
13:10:03:770 119853570 30366424 579141 6829 1.0
13:10:03:970 119852842 30400861 579108 6839 1.0
13:10:04:170 119853452 30369518 579220 6838 1.0
13:10:04:570 119853993 30173633 584992 6854 1.0
13:10:04:770 119852751 30367727 579120 6821 1.0
13:10:04:970 119852950 30450980 579068 6828 1.0
13:10:05:170 119853493 30370389 579149 6837 1.0
13:10:05:570 119853996 30177803 585048 6854 1.0
13:10:05:770 119853024 30375926 579298 6837 1.0
13:10:05:970 119853525 30440385 578959 6835 1.0
13:10:06:170 119852952 30367539 579168 6838 1.0
13:10:06:570 119854097 30175344 585039 6856 1.0
13:10:06:770 119853014 30369721 579133 6827 1.0
13:10:06:970 119853587 30407773 579054 6844 1.0
13:10:07:170 119852781 30372223 579199 6849 1.0
13:10:07:570 119853312 30178056 585055 6837 1.0
13:10:07:770 119852828 30370871 579256 6839 1.0
13:10:07:970 119853365 30413043 579013 6844 1.0
13:10:08:170 119852828 30367597 579173 6847 1.0
13:10:08:570 119853305 30178777 585072 6850 1.0
13:10:08:770 119853325 30365400 579113 6832 1.0
13:10:08:970 119853046 30468019 578794 6851 1.0
13:10:09:170 119853628 30373909 579246 6839 1.0
13:10:09:570 119853172 30175825 584996 6834 1.0
13:10:09:770 119853610 30366220 579134 6846 1.0
13:10:09:970 119852694 30454469 579065 6845 1.0
13:10:10:170 119853665 30368316 579189 6841 1.0
13:10:10:570 119853914 30178142 585056 6842 1.0
13:10:10:770 119852821 30365973 579126 6845 1.0
13:10:10:970 119852880 30390030 579123 6844 1.0
13:10:11:170 119853780 30370682 579249 6851 1.0
13:10:11:570 119853981 30171153 584943 6852 1.0
13:10:11:770 119852889 30368373 579117 6839 1.0
13:10:11:970 119853527 30444042 579102 6823 1.0
13:10:12:170 119852933 30368993 579111 6847 1.0
13:10:12:570 119853396 30176928 585024 6862 1.0
13:10:12:770 119852870 30374769 579266 6841 1.0
13:10:12:970 119853464 30457853 578998 6837 1.0
13:10:13:170 119852838 30366672 579113 6847 1.0
13:10:13:570 119853182 30180220 585101 6853 1.0
13:10:13:770 119853544 30365043 579099 6840 1.0
13:10:13:970 119852757 30370007 579066 6849 1.0
13:10:14:170 119852809 30375056 579329 6826 1.0
13:10:14:570 119853329 30174276 584960 6828 1.0
13:10:14:770 119853597 30368049 579174 6833 1.0
13:10:14:970 119852944 30412086 579119 6846 1.0
13:10:15:170 119853574 30367765 579172 6828 1.0
13:10:15:570 119853854 30180152 585108 6834 1.0
13:10:15:770 119852813 30364307 579083 6839 1.0
13:10:15:970 119852987 30387084 579058 6839 1.0
13:10:16:170 119853670 30366061 579127 6834 1.0
13:10:16:570 119853955 30174566 584992 6845 1.0
13:10:16:770 119852984 30370734 579156 6840 1.0
13:10:16:970 119853605 30377605 579340 6836 1.0
13:10:17:170 119852927 30366203 579130 6831 1.0
13:10:17:570 119854044 30172469 584974 6842 1.0
13:10:17:770 119852587 30375482 579311 6816 1.0
13:10:17:970 119853467 30426557 579001 6924 1.0
13:10:18:170 119852883 30371788 579275 6844 1.0
13:10:18:570 119853223 30174387 584958 6856 1.0
13:10:18:770 119853637 30366188 579131 6849 1.0
13:10:18:970 119852862 30466407 578912 6833 1.0
13:10:19:170 119852647 30368743 579197 6833 1.0
13:10:19:570 119853197 30177246 585045 6830 1.0
13:10:19:770 119853585 30372656 579212 6841 1.0
13:10:19:970 119852896 30406294 579008 6842 1.0
13:10:20:170 119853707 30366494 579103 6844 1.0
13:10:20:570 119853242 30179742 585098 6856 1.0
13:10:20:770 119853414 30367289 579160 6821 1.0
13:10:20:970 119852687 30375189 579060 6836 1.0
13:10:21:170 119853733 30373134 579276 6836 1.0
13:10:21:570 119854060 30175856 584997 6848 1.0
13:10:21:770 119852791 30366099 579128 6834 1.0
13:10:21:970 119853472 30412778 579173 6840 1.0
13:10:22:170 119852880 30365803 579120 6836 1.0
13:10:22:570 119854161 30268817 582507 6848 1.0
13:10:22:770 119852628 30368663 579198 6838 1.0
13:10:22:970 119853554 30449712 578961 6833 1.0
13:10:23:370 119853975 30178975 585049 6850 1.0
13:10:23:570 119852858 30392480 579058 6840 1.0
13:10:23:770 119852910 30368297 579158 6860 1.0
13:10:23:970 119853634 30450441 578981 6847 1.0
13:10:24:370 119854123 30176721 585019 6866 1.0
13:10:24:570 119852932 30417199 578952 6840 1.0
13:10:24:770 119853500 30374636 579342 6830 1.0
13:10:24:970 119852861 30428239 579044 6835 1.0
13:10:25:370 119853256 30181772 585064 6849 1.0
13:10:25:570 119852969 30437525 579112 6837 1.0
13:10:25:770 119853677 30367819 579109 6833 1.0
13:10:25:970 119852738 30415599 579061 6844 1.0
13:10:26:370 119853071 30174891 584972 6858 1.0
13:10:26:570 119853489 30412994 579087 6815 1.0
13:10:26:770 119852760 30375386 579351 6833 1.0
13:10:26:970 119852761 30469643 578874 6838 1.0
13:10:27:370 119853134 30175542 585028 6821 1.0
13:10:27:570 119853383 30463729 578890 6839 1.0
13:10:27:770 119852849 30367619 579168 6855 1.0
13:10:27:970 119853413 30466377 578856 6839 1.0
13:10:28:370 119854107 30175112 584976 6861 1.0
13:10:28:570 119852756 30389346 579072 6831 1.0
13:10:28:770 119852841 30366702 579144 6838 1.0
13:10:28:970 119853511 30390730 579183 6840 1.0
13:10:29:370 119854089 30171194 584879 6856 1.0
13:10:29:570 119852715 30460724 579130 6842 1.0
13:10:29:770 119853633 30366522 579139 6842 1.0
13:10:29:970 119852978 30415171 578970 6841 1.0
13:10:30:370 119853820 30183341 585195 6848 1.0
13:10:30:570 119852927 30432981 578914 6836 1.0
13:10:30:770 119853537 30366127 579103 6838 1.0
13:10:30:970 119852726 30451305 579011 6838 1.0
13:10:31:370 119853258 30175594 585045 6841 1.0
13:10:31:570 119853725 30428836 578929 6834 1.0
13:10:31:770 119852872 30371604 579270 6846 1.0
13:10:31:970 119852690 30415467 579051 6815 1.0
13:10:32:370 119853165 30177955 585051 6837 1.0
13:10:32:570 119853572 30433458 579113 6843 1.0
13:10:32:770 119852696 30367617 579108 6825 1.0
13:10:32:970 119853576 30381731 579112 6826 1.0
13:10:33:370 119853271 30174712 584965 6850 1.0
13:10:33:570 119853370 30419178 579061 6839 1.0
13:10:33:770 119852779 30365532 579112 6838 1.0
13:10:33:970 119853507 30436547 579202 6820 1.0
13:10:34:370 119853930 30178192 585058 6842 1.0
13:10:34:570 119852802 30430145 579143 6844 1.0
13:10:34:770 119853652 30367926 579103 6837 1.0
13:10:34:970 119852837 30431609 579039 6838 1.0
13:10:35:370 119854003 30180972 585108 6832 1.0
13:10:35:570 119853031 30413472 578977 6853 1.0
13:10:35:770 119853452 30369379 579213 6849 1.0
13:10:35:970 119852599 30470216 578888 6824 1.0
13:10:36:370 119853395 30174460 585042 6848 1.0
13:10:36:570 119852720 30376880 579120 6827 1.0
13:10:36:770 119853664 30369354 579136 6836 1.0
13:10:36:970 119852851 30400810 579084 6833 1.0
13:10:37:370 119853294 30180347 585115 6851 1.0
13:10:37:570 119853485 30421256 579016 6831 1.0
13:10:37:770 119852741 30368077 579183 6831 1.0
13:10:37:970 119853393 30395724 579024 6837 1.0
13:10:38:370 119853512 30173231 585019 6842 1.0
13:10:38:570 119853368 30416708 578971 6848 1.0
13:10:38:770 119852838 30370944 579255 6842 1.0
13:10:38:970 119853522 30382675 579080 6834 1.0
13:10:39:370 119853967 30174144 585039 6834 1.0
13:10:39:570 119852830 30377606 579118 6836 1.0
13:10:39:770 119852839 30366731 579109 6846 1.0
13:10:39:970 119853648 30381000 579111 6840 1.0
13:10:40:370 119854005 30175583 585004 6844 1.0
13:10:40:570 119852816 30387215 579142 6856 1.0
13:10:40:770 119853704 30368943 579203 6843 1.0
13:10:40:970 119852869 30413011 579101 6840 1.0
13:10:41:370 119853911 30172029 584958 6840 1.0
13:10:41:570 119852746 30437305 579117 6839 1.0
13:10:41:770 119853599 30366682 579104 6821 1.0
13:10:41:970 119852960 30427653 579071 6836 1.0
13:10:42:370 119853312 30182639 585175 6843 1.0
13:10:42:570 119853460 30397012 579111 6842 1.0
13:10:42:770 119852951 30367439 579139 6838 1.0
13:10:42:970 119852731 30467163 578975 6841 1.0
13:10:43:370 119853393 30173033 584922 6853 1.0
13:10:43:570 119853583 30405214 579064 6823 1.0
13:10:43:770 119852658 30373917 579260 6841 1.0
13:10:43:970 119853452 30419637 579042 6839 1.0
13:10:44:370 119853276 30178385 585063 6848 1.0
13:10:44:570 119853398 30380641 578997 6850 1.0
13:10:44:770 119852875 30366713 579145 6834 1.0
13:10:44:970 119853617 30450625 578969 6846 1.0
13:10:45:370 119854132 30244306 582841 6838 1.0
13:10:45:570 119852542 30386071 579027 6847 1.0
13:10:45:770 119853608 30371090 579217 6847 1.0
13:10:45:970 119852708 30384266 579104 6840 1.0
13:10:46:370 119853980 30353921 579287 6806 1.0
13:10:46:570 119852696 30459574 579113 6839 1.0
13:10:46:770 119853589 30369141 579209 6837 1.0
13:10:47:170 119854245 30181270 585138 6844 1.0
13:10:47:370 119852934 30365997 579125 6833 1.0
13:10:47:570 119852940 30421342 579037 6842 1.0
13:10:47:770 119853583 30365453 579111 6833 1.0
13:10:48:170 119854139 30174336 584957 6836 1.0
13:10:48:370 119852860 30367524 579166 6848 1.0
13:10:48:570 119853487 30373064 579149 6846 1.0
13:10:48:770 119852972 30368461 579191 6842 1.0
13:10:49:170 119853427 30173349 584931 6853 1.0
13:10:49:370 119852760 30369649 579222 6828 1.0
13:10:49:570 119853560 30462771 578896 6841 1.0
13:10:49:770 119852890 30368897 579108 6842 1.0
13:10:50:170 119853299 30181333 585141 6843 1.0
13:10:50:370 119853546 30364370 579083 6841 1.0
13:10:50:570 119852750 30396730 579134 6843 1.0
13:10:50:770 119852893 30377092 579325 6826 1.0
13:10:51:170 119853142 30175053 584974 6834 1.0
13:10:51:370 119853542 30368228 579184 6835 1.0
13:10:51:570 119852741 30431089 579083 6842 1.0
13:10:51:770 119853499 30365153 579107 6831 1.0
13:10:52:170 119853889 30177307 585036 6841 1.0
13:10:52:370 119852892 30367139 579156 6829 1.0
13:10:52:570 119852935 30371430 579108 6839 1.0
13:10:52:770 119853562 30364067 579076 6833 1.0
13:10:53:170 119854021 30172754 584944 6860 1.0
13:10:53:370 119853023 30367227 579156 6853 1.0
13:10:53:570 119853515 30441345 578947 6835 1.0
13:10:53:770 119852772 30367985 579179 6825 1.0
13:10:54:170 119854193 30173372 584974 6843 1.0
13:10:54:370 119852931 30375072 579325 6837 1.0
13:10:54:570 119853539 30413479 578994 6836 1.0
13:10:54:770 119852720 30370451 579244 6838 1.0
13:10:55:170 119853538 30175518 584988 6844 1.0
13:10:55:370 119853569 30367112 579154 6829 1.0
13:10:55:570 119852816 30368037 579077 6829 1.0
13:10:55:770 119852727 30371933 579199 6827 1.0
13:10:56:170 119853514 30174425 584989 6855 1.0
13:10:56:370 119853630 30376363 579304 6841 1.0
13:10:56:570 119852938 30427421 578972 6824 1.0
13:10:56:770 119853627 30365272 579103 6837 1.0
13:10:57:170 119853361 30179755 585099 6858 1.0
13:10:57:370 119853798 30367241 579159 6846 1.0
13:10:57:570 119852914 30382523 579035 6831 1.0
13:10:57:770 119853612 30375428 579286 6831 1.0
13:10:58:170 119854106 30172024 584896 6847 1.0
13:10:58:370 119852955 30364573 579087 6840 1.0
13:10:58:570 119853482 30392134 579285 6838 1.0
13:10:58:770 119852955 30365992 579124 6837 1.0
13:10:59:170 119854080 30184210 585149 6837 1.0
13:10:59:370 119852755 30365586 579118 6843 1.0
13:10:59:570 119853281 30420411 578993 6829 1.0
13:10:59:770 119852795 30370154 579196 6832 1.0
13:11:00:170 119853337 30176287 585008 6855 1.0
13:11:00:370 119852830 30367819 579174 6836 1.0
13:11:00:570 119853564 30388645 579137 6853 1.0
13:11:00:770 119852928 30369069 579207 6835 1.0
13:11:01:170 119853488 30177615 585044 6843 1.0
13:11:01:370 119853623 30373878 579240 6852 1.0
13:11:01:570 119852558 30429893 579028 6825 1.0
13:11:01:770 119853594 30366375 579139 6826 1.0
13:11:02:170 119853315 30174606 584969 6843 1.0
13:11:02:370 119853618 30367098 579157 6828 1.0
13:11:02:570 119852995 30468501 578872 6847 1.0
13:11:02:770 119853759 30376014 579296 6838 1.0
13:11:03:170 119854144 30172117 584991 6851 1.0
13:11:03:370 119852955 30375875 579292 6853 1.0
13:11:03:570 119852772 30405041 578961 6847 1.0
13:11:03:770 119853533 30366458 579141 6854 1.0
13:11:04:170 119854052 30178558 585070 6841 1.0
13:11:04:370 119853034 30367226 579159 6854 1.0
13:11:04:570 119853485 30375193 579069 6849 1.0
13:11:04:770 119852704 30373552 579233 6841 1.0
13:11:05:170 119853274 30175725 584993 6844 1.0
13:11:05:370 119852782 30366349 579136 6836 1.0
13:11:05:570 119853376 30477447 579065 6841 1.0
13:11:05:770 119853021 30363843 579070 6846 1.0
13:11:06:170 119853441 30173927 585030 6852 1.0
13:11:06:370 119853645 30370086 579141 6842 1.0
13:11:06:570 119852784 30452910 578844 6845 1.0
13:11:06:770 119853014 30367143 579158 6848 1.0
13:11:07:170 119853273 30174571 584963 6853 1.0
13:11:07:370 119853555 30367602 579170 6843 1.0
13:11:07:570 119852858 30451165 578847 6851 1.0
13:11:07:770 119853767 30373671 579293 6819 1.0
13:11:08:170 119853925 30228251 583366 6837 1.0
13:11:08:370 119853511 30372371 579220 6833 1.0
13:11:08:570 119852932 30417982 579076 6851 1.0
13:11:08:770 119853505 30364263 579081 6830 1.0
13:11:09:170 119854062 30344354 579890 6818 1.0
13:11:09:370 119852963 30371307 579266 6830 1.0
13:11:09:570 119853591 30437096 578959 6866 1.0
13:11:09:970 119853359 30173927 584945 6851 1.0
13:11:10:170 119853360 30398860 579029 6850 1.0
13:11:10:370 119852894 30368343 579119 6839 1.0
13:11:10:570 119853795 30384613 579258 6851 1.0
13:11:10:970 119854055 30176201 585030 6848 1.0
13:11:11:170 119852720 30423959 579127 6844 1.0
13:11:11:370 119852639 30363648 579108 6836 1.0
13:11:11:570 119853463 30398128 579018 6826 1.0
13:11:11:970 119854089 30188678 585243 6854 1.0
13:11:12:170 119852769 30461975 578937 6842 1.0
13:11:12:370 119853615 30366456 579118 6829 1.0
13:11:12:570 119852873 30379358 579192 6832 1.0
13:11:12:970 119853384 30181729 585152 6842 1.0
13:11:13:170 119852677 30449080 578882 6841 1.0
13:11:13:370 119853526 30370255 579231 6826 1.0
13:11:13:570 119852896 30403494 579085 6835 1.0
13:11:13:970 119853349 30180457 585075 6851 1.0
13:11:14:170 119853569 30452256 578985 6830 1.0
13:11:14:370 119852860 30367438 579167 6842 1.0
13:11:14:570 119852869 30376579 579156 6838 1.0
13:11:14:970 119853195 30178920 585079 6844 1.0
13:11:15:170 119853774 30366912 579092 6860 1.0
13:11:15:370 119853034 30373933 579240 6839 1.0
13:11:15:570 119853435 30410046 579085 6841 1.0
13:11:15:970 119854030 30175015 585040 6851 1.0
13:11:16:170 119852906 30473759 579053 6840 1.0
13:11:16:370 119852858 30364643 579090 6840 1.0
13:11:16:570 119853339 30421979 579012 6826 1.0
13:11:16:970 119854059 30174384 584959 6851 1.0
13:11:17:170 119852646 30386149 579082 6832 1.0
13:11:17:370 119853893 30366384 579138 6832 1.0
13:11:17:570 119852846 30385989 579195 6839 1.0
13:11:17:970 119854204 30176230 585016 6842 1.0
13:11:18:170 119852707 30397602 579141 6841 1.0
13:11:18:370 119853527 30369539 579171 6841 1.0
13:11:18:570 119853034 30420807 579027 6837 1.0
13:11:18:970 119853343 30182929 585116 6852 1.0
13:11:19:170 119853591 30414606 579040 6828 1.0
13:11:19:370 119852986 30369167 579119 6843 1.0
13:11:19:570 119853133 30471340 579022 6831 1.0
13:11:19:970 119853192 30182397 585076 6850 1.0
13:11:20:170 119853715 30468373 578920 6826 1.0
13:11:20:370 119852768 30375076 579296 6842 1.0
13:11:20:570 119853571 30446759 578956 6835 1.0
13:11:20:970 119853179 30184928 585153 6853 1.0
13:11:21:170 119853545 30438294 578990 6831 1.0
13:11:21:370 119852991 30366267 579134 6845 1.0
13:11:21:570 119853519 30450876 578884 6822 1.0
13:11:21:970 119853911 30175738 585004 6850 1.0
13:11:22:170 119852837 30414597 579090 6838 1.0
13:11:22:370 119853822 30374156 579249 6840 1.0
13:11:22:570 119852878 30443201 578998 6836 1.0
13:11:22:970 119854264 30172627 585003 6840 1.0
13:11:23:170 119852674 30441979 579030 6823 1.0
13:11:23:370 119853571 30368166 579182 6835 1.0
13:11:23:570 119852840 30425004 578969 6840 1.0
13:11:23:970 119853220 30181342 585142 6846 1.0
13:11:24:170 119852976 30435560 579011 6848 1.0
13:11:24:370 119853703 30366940 579152 6828 1.0
13:11:24:570 119852645 30428139 579144 6836 1.0
13:11:24:970 119853456 30174331 584989 6851 1.0
13:11:25:170 119853463 30472344 578909 6827 1.0
13:11:25:370 119853029 30371027 579200 6842 1.0
13:11:25:570 119853468 30423179 579020 6842 1.0
13:11:25:970 119853475 30175252 585018 6856 1.0
13:11:26:170 119853672 30368753 579112 6838 1.0
13:11:26:370 119852979 30367789 579108 6840 1.0
13:11:26:570 119853532 30373989 579178 6845 1.0
13:11:26:970 119854334 30176548 585015 6851 1.0
13:11:27:170 119852623 30381402 579010 6826 1.0
13:11:27:370 119852704 30372395 579282 6843 1.0
13:11:27:570 119853675 30398612 579039 6841 1.0
13:11:27:970 119854036 30176384 585009 6851 1.0
13:11:28:170 119852969 30422316 579111 6831 1.0
13:11:28:370 119853717 30366541 579141 6847 1.0
13:11:28:570 119852927 30433877 578902 6833 1.0
13:11:28:970 119853358 30177891 585049 6837 1.0
13:11:29:170 119852755 30425979 579005 6847 1.0
13:11:29:370 119853488 30365577 579103 6831 1.0
13:11:29:570 119852883 30393944 579199 6839 1.0
13:11:29:970 119853336 30176910 585025 6845 1.0
13:11:30:170 119853507 30401283 579188 6831 1.0
13:11:30:370 119852843 30367427 579131 6849 1.0
13:11:30:570 119852666 30430465 579035 6828 1.0
13:11:30:970 119853202 30214712 583959 6834 1.0
13:11:31:170 119853645 30397560 579021 6818 1.0
13:11:31:370 119853029 30368668 579198 6851 1.0
13:11:31:570 119853582 30397801 579152 6842 1.0
13:11:31:970 119854162 30323937 580405 6829 1.0
13:11:32:170 119852908 30385677 579097 6837 1.0
13:11:32:370 119852732 30372170 579226 6839 1.0
13:11:32:770 119853444 30172325 584995 6847 1.0
13:11:32:970 119853600 30374457 579255 6849 1.0
13:11:33:170 119852741 30388878 579045 6841 1.0
13:11:33:370 119853550 30367275 579158 6850 1.0
13:11:33:770 119853295 30178289 585061 6845 1.0
13:11:33:970 119853530 30365120 579103 6844 1.0
13:11:34:170 119852774 30370418 579211 6824 1.0
13:11:34:370 119853739 30369850 579157 6836 1.0
13:11:34:770 119854129 30173115 584925 6846 1.0
13:11:34:970 119852877 30371053 579236 6847 1.0
13:11:35:170 119853399 30385326 579214 6846 1.0
13:11:35:370 119852830 30366731 579143 6829 1.0
13:11:35:770 119853894 30180673 585088 6838 1.0
13:11:35:970 119852951 30368788 579200 6846 1.0
13:11:36:170 119853619 30424036 579054 6828 1.0
13:11:36:370 119852942 30368743 579198 6850 1.0
13:11:36:770 119853255 30175818 584995 6847 1.0
13:11:36:970 119852889 30365512 579113 6831 1.0
13:11:37:170 119853446 30471382 579044 6831 1.0
13:11:37:370 119852835 30366064 579108 6839 1.0
13:11:37:770 119853292 30174969 584973 6846 1.0
13:11:37:970 119853468 30372037 579219 6846 1.0
13:11:38:170 119852898 30396996 579036 6851 1.0
13:11:38:370 119852877 30368732 579188 6843 1.0
13:11:38:770 119853396 30173437 584933 6842 1.0
13:11:38:970 119853580 30366800 579165 6816 1.0
13:11:39:170 119853007 30420215 579029 6848 1.0
13:11:39:370 119853485 30369767 579226 6838 1.0
13:11:39:770 119853930 30173557 584950 6839 1.0
13:11:39:970 119852808 30378187 579367 6852 1.0
13:11:40:170 119852688 30446859 578880 6843 1.0
13:11:40:370 119853777 30369592 579221 6848 1.0
13:11:40:770 119853947 30183446 585162 6852 1.0
13:11:40:970 119852891 30367674 579113 6833 1.0
13:11:41:170 119853626 30435144 579085 6843 1.0
13:11:41:370 119852882 30369127 579130 6835 1.0
13:11:41:770 119853881 30175325 584997 6848 1.0
13:11:41:970 119852965 30367687 579151 6850 1.0
13:11:42:170 119853587 30380171 579157 6847 1.0
13:11:42:370 119853082 30364358 579080 6833 1.0
13:11:42:770 119853375 30173542 584977 6831 1.0
13:11:42:970 119853628 30371206 579220 6852 1.0
13:11:43:170 119852792 30386963 579042 6835 1.0
13:11:43:370 119852765 30366244 579134 6826 1.0
13:11:43:770 119853522 30173619 584939 6843 1.0
13:11:43:970 119853704 30367245 579161 6839 1.0
13:11:44:170 119852628 30460185 578967 6833 1.0
13:11:44:370 119853590 30373213 579222 6852 1.0
13:11:44:770 119853266 30176235 585007 6855 1.0
13:11:44:970 119853467 30372870 579213 6825 1.0
13:11:45:170 119852868 30405211 579063 6829 1.0
13:11:45:370 119853631 30367468 579107 6830 1.0
13:11:45:770 119854039 30181447 585144 6844 1.0
13:11:45:970 119852802 30365593 579115 6828 1.0
13:11:46:170 119853597 30389971 579047 6831 1.0
13:11:46:370 119853102 30369817 579227 6835 1.0
13:11:46:770 119853917 30173206 584926 6849 1.0
13:11:46:970 119852955 30365244 579108 6838 1.0
13:11:47:170 119853545 30474328 579013 6825 1.0
13:11:47:370 119853029 30364557 579088 6833 1.0
13:11:47:770 119853324 30181345 585061 6843 1.0
13:11:47:970 119852769 30363190 579092 6835 1.0
13:11:48:170 119853539 30379761 579112 6841 1.0
13:11:48:370 119852851 30369384 579164 6824 1.0
13:11:48:770 119853328 30176292 585032 6845 1.0
13:11:48:970 119853712 30369495 579193 6850 1.0
13:11:49:170 119852877 30405046 579187 6829 1.0
13:11:49:370 119853410 30365770 579119 6823 1.0
13:11:49:770 119853377 30176130 585002 6844 1.0
13:11:49:970 119853537 30370406 579241 6854 1.0
13:11:50:170 119852819 30439362 579089 6852 1.0
13:11:50:370 119853565 30369528 579193 6835 1.0
13:11:50:770 119854119 30176078 585001 6851 1.0
13:11:50:970 119852888 30363653 579064 6831 1.0
13:11:51:170 119852952 30452555 579000 6839 1.0
13:11:51:370 119853671 30371503 579234 6840 1.0
13:11:51:770 119854153 30174288 585015 6857 1.0
13:11:51:970 119852796 30375564 579284 6836 1.0
13:11:52:170 119853534 30443018 578961 6835 1.0
13:11:52:370 119852911 30364211 579108 6844 1.0
13:11:52:770 119853306 30182059 585160 6840 1.0
13:11:52:970 119853105 30366037 579126 6840 1.0
13:11:53:170 119853457 30418265 578988 6832 1.0
13:11:53:370 119852894 30373978 579281 6841 1.0
13:11:53:770 119853447 30194496 584343 6852 1.0
13:11:53:970 119853557 30365838 579123 6838 1.0
13:11:54:170 119852804 30423885 579155 6837 1.0
13:11:54:370 119852842 30366747 579143 6833 1.0
13:11:54:770 119853414 30312723 580922 6837 1.0
13:11:54:970 119853634 30367317 579159 6838 1.0
13:11:55:170 119852862 30405055 579038 6839 1.0
13:11:55:570 119853337 30178935 585078 6838 1.0
13:11:55:770 119853469 30391827 579089 6826 1.0
13:11:55:970 119852763 30368586 579194 6828 1.0
13:11:56:170 119852853 30399418 579253 6839 1.0
13:11:56:570 119853343 30176311 585029 6853 1.0
13:11:56:770 119853585 30425541 578971 6838 1.0
13:11:56:970 119852770 30376753 579316 6836 1.0
13:11:57:170 119853455 30458142 578967 6835 1.0
13:11:57:570 119853390 30184203 585121 6846 1.0
13:11:57:770 119853562 30425953 579032 6815 1.0
13:11:57:970 119852846 30366817 579149 6824 1.0
13:11:58:170 119853469 30379091 579151 6848 1.0
13:11:58:570 119854004 30173362 584931 6854 1.0
13:11:58:770 119853015 30416319 579028 6832 1.0
13:11:58:970 119853502 30365852 579103 6825 1.0
13:11:59:170 119852770 30393779 579138 6839 1.0
13:11:59:570 119853820 30171046 584962 6834 1.0
13:11:59:770 119852899 30424343 579015 6842 1.0
13:11:59:970 119853882 30368444 579189 6850 1.0
13:12:00:170 119852846 30404662 579071 6843 1.0
13:12:00:570 119853158 30183249 585103 6853 1.0
13:12:00:770 119852847 30432337 579018 6837 1.0
13:12:00:970 119853536 30368618 579196 6836 1.0
13:12:01:170 119852760 30372159 579125 6838 1.0
13:12:01:570 119853407 30174438 584984 6837 1.0
13:12:01:770 119853481 30388241 579112 6832 1.0
13:12:01:970 119852697 30374167 579261 6841 1.0
13:12:02:170 119853510 30430839 579003 6829 1.0
13:12:02:570 119853272 30179713 585097 6853 1.0
13:12:02:770 119853425 30413278 578976 6845 1.0
13:12:02:970 119852689 30369521 579219 6822 1.0
13:12:03:170 119853543 30469481 578830 6841 1.0
13:12:03:570 119853998 30172788 584955 6818 1.0
13:12:03:770 119852835 30382774 579048 6853 1.0
13:12:03:970 119852876 30374993 579271 6843 1.0
13:12:04:170 119853447 30420182 579063 6826 1.0
13:12:04:570 119854185 30175886 584997 6843 1.0
13:12:04:770 119852688 30381793 579293 6849 1.0
13:12:04:970 119853571 30370458 579241 6836 1.0
13:12:05:170 119852812 30436036 578896 6853 1.0
13:12:05:570 119853403 30176664 585018 6825 1.0
13:12:05:770 119852818 30414475 578953 6858 1.0
13:12:05:970 119853502 30366502 579105 6838 1.0
13:12:06:170 119852710 30395423 579262 6835 1.0
13:12:06:570 119853437 30175497 585006 6862 1.0
13:12:06:770 119853338 30404283 579145 6822 1.0
13:12:06:970 119852563 30367037 579116 6834 1.0
13:12:07:170 119852817 30419701 579062 6840 1.0
13:12:07:570 119853456 30180478 585102 6853 1.0
13:12:07:770 119853613 30423014 579004 6838 1.0
13:12:07:970 119852804 30369213 579161 6844 1.0
13:12:08:170 119853635 30468337 578938 6830 1.0
13:12:08:570 119853243 30175487 584986 6847 1.0
13:12:08:770 119853451 30374480 579109 6843 1.0
13:12:08:970 119852799 30372650 579227 6847 1.0
13:12:09:170 119853484 30393522 579129 6841 1.0
13:12:09:570 119853978 30184540 585133 6859 1.0
13:12:09:770 119852958 30458193 578827 6849 1.0
13:12:09:970 119853636 30367579 579170 6829 1.0
13:12:10:170 119852878 30467719 579006 6848 1.0
13:12:10:570 119853820 30176488 585014 6850 1.0
13:12:10:770 119852783 30449872 579003 6837 1.0
13:12:10:970 119853466 30371702 579185 6827 1.0
13:12:11:170 119852802 30435185 579064 6841 1.0
13:12:11:570 119853505 30175998 585002 6843 1.0
13:12:11:770 119852534 30396450 579119 6846 1.0
13:12:11:970 119853566 30368901 579200 6837 1.0
13:12:12:170 119852983 30387007 579062 6850 1.0
13:12:12:570 119853270 30175802 585009 6858 1.0
13:12:12:770 119853593 30426462 579023 6845 1.0
13:12:12:970 119852953 30366671 579145 6839 1.0
13:12:13:170 119853447 30448727 579091 6847 1.0
13:12:13:570 119853389 30174543 584962 6862 1.0
13:12:13:770 119853489 30467672 579018 6830 1.0
13:12:13:970 119852803 30365325 579108 6848 1.0
13:12:14:170 119853371 30407726 579112 6826 1.0
13:12:14:570 119854136 30184366 585161 6839 1.0
13:12:14:770 119852954 30431651 578958 6832 1.0
13:12:14:970 119852875 30364409 579084 6832 1.0
13:12:15:170 119853436 30432447 579040 6848 1.0
13:12:15:570 119854072 30173895 584945 6841 1.0
13:12:15:770 119852896 30369641 579213 6845 1.0
13:12:15:970 119853714 30370166 579229 6840 1.0
13:12:16:170 119852851 30438500 578966 6842 1.0
13:12:16:570 119853282 30177268 584835 6852 1.0
13:12:16:770 119852738 30430378 579156 6836 1.0
13:12:16:970 119853583 30368208 579185 6850 1.0
13:12:17:170 119852836 30456020 578942 6832 1.0
13:12:17:570 119853424 30288533 581329 6818 1.0
13:12:17:770 119853536 30440968 579021 6840 1.0
13:12:17:970 119852659 30365396 579108 6832 1.0
13:12:18:370 119854023 30176038 585040 6852 1.0
13:12:18:570 119852893 30367573 579129 6837 1.0
13:12:18:770 119853495 30386198 579227 6846 1.0
13:12:18:970 119852998 30365705 579118 6831 1.0
13:12:19:370 119853343 30173554 584935 6854 1.0
13:12:19:570 119853449 30370931 579254 6836 1.0
13:12:19:770 119852723 30381092 579181 6836 1.0
13:12:19:970 119852613 30367015 579143 6820 1.0
13:12:20:370 119853229 30172451 584907 6843 1.0
13:12:20:570 119853782 30365393 579110 6830 1.0
13:12:20:770 119852849 30437550 578935 6839 1.0
13:12:20:970 119853434 30372584 579207 6856 1.0
13:12:21:370 119853198 30173236 584989 6831 1.0
13:12:21:570 119853458 30374773 579265 6839 1.0
13:12:21:770 119852866 30413738 578995 6838 1.0
13:12:21:970 119853543 30369062 579119 6837 1.0
13:12:22:370 119854046 30182780 585179 6831 1.0
13:12:22:570 119852812 30368331 579175 6839 1.0
13:12:22:770 119853565 30430459 578955 6845 1.0
13:12:22:970 119852768 30376190 579302 6850 1.0
13:12:23:370 119854017 30179324 585087 6847 1.0
13:12:23:570 119852968 30366058 579130 6849 1.0
13:12:23:770 119853494 30422335 579134 6843 1.0
13:12:23:970 119852796 30368007 579139 6838 1.0
13:12:24:370 119853338 30177747 585046 6861 1.0
13:12:24:570 119852687 30367049 579108 6831 1.0
13:12:24:770 119853557 30373580 579112 6847 1.0
13:12:24:970 119852902 30368250 579125 6846 1.0
13:12:25:370 119853419 30176069 585034 6846 1.0
13:12:25:571 119853605 30367741 579139 6837 1.0
13:12:25:771 119852879 30376177 579244 6834 1.0
13:12:25:971 119853438 30366307 579173 6834 1.0
13:12:26:371 119853047 30177217 585033 6842 1.0
13:12:26:571 119853689 30373641 579245 6837 1.0
13:12:26:771 119853032 30430462 579025 6835 1.0
13:12:26:971 119853677 30367660 579169 6837 1.0
13:12:27:371 119853965 30177883 585045 6846 1.0
13:12:27:571 119852578 30367254 579108 6831 1.0
13:12:27:771 119852748 30393145 579085 6836 1.0
13:12:27:971 119853631 30374229 579252 6848 1.0
13:12:28:371 119854038 30174579 585033 6842 1.0
13:12:28:571 119852719 30376782 579340 6834 1.0
13:12:28:771 119853604 30425974 578922 6843 1.0
13:12:28:971 119852740 30369231 579210 6840 1.0
13:12:29:371 119853342 30181649 585150 6836 1.0
13:12:29:571 119852964 30372380 579200 6844 1.0
13:12:29:771 119853419 30449039 578994 6837 1.0
13:12:29:971 119852827 30374604 579261 6847 1.0
13:12:30:371 119853286 30172340 584902 6858 1.0
13:12:30:571 119853649 30365748 579122 6831 1.0
13:12:30:771 119852787 30454946 579048 6830 1.0
13:12:30:971 119852889 30369873 579228 6840 1.0
13:12:31:371 119853208 30180161 585084 6853 1.0
13:12:31:571 119853591 30365563 579118 6823 1.0
13:12:31:771 119852913 30398751 579106 6846 1.0
13:12:31:971 119853673 30369824 579226 6833 1.0
13:12:32:371 119854207 30175157 584978 6843 1.0
13:12:32:571 119852745 30364040 579075 6842 1.0
13:12:32:771 119852752 30459591 579058 6847 1.0
13:12:32:971 119853680 30366958 579150 6843 1.0
13:12:33:371 119853958 30173134 584925 6846 1.0
13:12:33:571 119852798 30371977 579249 6837 1.0
13:12:33:771 119853545 30403456 579057 6839 1.0
13:12:33:971 119852856 30367437 579163 6847 1.0
13:12:34:371 119853928 30182833 585148 6830 1.0
13:12:34:571 119852887 30367129 579155 6840 1.0
13:12:34:771 119853524 30419356 578957 6828 1.0
13:12:34:971 119852797 30375151 579328 6840 1.0
13:12:35:371 119853506 30178370 585062 6832 1.0
13:12:35:571 119853095 30371011 579260 6831 1.0
13:12:35:771 119853667 30437273 578971 6850 1.0
13:12:35:971 119852849 30365840 579123 6840 1.0
13:12:36:371 119853331 30177497 585039 6853 1.0
13:12:36:571 119853472 30371580 579190 6817 1.0
13:12:36:771 119852950 30428750 579061 6833 1.0
13:12:36:971 119853436 30367988 579159 6838 1.0
13:12:37:371 119853284 30178384 585045 6835 1.0
13:12:37:571 119853615 30366789 579103 6844 1.0
13:12:37:771 119852712 30404165 579259 6825 1.0
13:12:37:971 119853504 30368623 579196 6821 1.0
13:12:38:371 119854272 30174766 585003 6851 1.0
13:12:38:571 119852592 30375665 579344 6835 1.0
13:12:38:771 119852657 30434028 578927 6837 1.0
13:12:38:971 119853574 30366641 579142 6845 1.0
13:12:39:371 119853940 30174229 584923 6851 1.0
13:12:39:571 119852545 30368109 579180 6833 1.0
13:12:39:771 119853699 30438071 578922 6846 1.0
13:12:39:971 119852952 30370623 579184 6837 1.0
13:12:40:371 119853296 30276922 581945 6830 1.0
13:12:40:571 119852767 30372667 579226 6843 1.0
13:12:40:771 119853446 30415093 578964 6854 1.0
13:12:41:171 119854238 30177094 585034 6840 1.0
13:12:41:371 119852996 30466539 578894 6842 1.0
13:12:41:571 119853510 30367240 579158 6844 1.0
13:12:41:771 119852811 30404265 579111 6850 1.0
13:12:42:171 119854187 30175241 585015 6852 1.0
13:12:42:371 119852636 30449628 578912 6844 1.0
13:12:42:571 119853594 30365472 579114 6832 1.0
13:12:42:771 119852940 30406986 579229 6848 1.0
13:12:43:171 119853504 30178992 585061 6842 1.0
13:12:43:371 119853521 30409598 579112 6841 1.0
13:12:43:571 119852731 30366169 579108 6828 1.0
13:12:43:771 119852742 30389344 579084 6832 1.0
13:12:44:171 119853335 30182079 585068 6846 1.0
13:12:44:371 119853634 30396265 579089 6837 1.0
13:12:44:571 119852835 30365953 579108 6824 1.0
13:12:44:771 119853689 30441108 578952 6830 1.0
13:12:45:171 119853265 30173264 584929 6858 1.0
13:12:45:371 119853506 30374363 579089 6829 1.0
13:12:45:571 119852930 30374969 579348 6824 1.0
13:12:45:771 119853366 30446664 578962 6839 1.0
13:12:46:171 119854068 30180750 585126 6837 1.0
13:12:46:371 119852757 30403621 579022 6823 1.0
13:12:46:571 119853669 30366669 579140 6837 1.0
13:12:46:771 119852892 30453904 578864 6835 1.0
13:12:47:171 119853864 30172516 584969 6849 1.0
13:12:47:371 119852747 30379702 579055 6833 1.0
13:12:47:571 119853715 30374173 579248 6844 1.0
13:12:47:771 119852912 30424171 579034 6839 1.0
13:12:48:171 119853289 30174043 585002 6835 1.0
13:12:48:371 119852799 30464748 578958 6836 1.0
13:12:48:571 119853595 30370296 579238 6830 1.0
13:12:48:771 119852792 30426209 578958 6831 1.0
13:12:49:171 119853363 30177815 585048 6846 1.0
13:12:49:371 119853557 30399512 579130 6837 1.0
13:12:49:571 119852958 30365633 579116 6847 1.0
13:12:49:771 119853460 30412901 579090 6838 1.0
13:12:50:171 119853328 30172562 585002 6848 1.0
13:12:50:371 119853370 30394794 579253 6847 1.0
13:12:50:571 119852916 30369052 579206 6833 1.0
13:12:50:771 119853657 30450913 578895 6840 1.0
13:12:51:171 119853944 30180896 585113 6844 1.0
13:12:51:371 119852694 30407298 579117 6819 1.0
13:12:51:571 119852788 30365585 579112 6837 1.0
13:12:51:771 119853460 30377964 579100 6848 1.0
13:12:52:171 119854207 30174952 584974 6841 1.0
13:12:52:371 119852663 30398304 579057 6835 1.0
13:12:52:571 119853495 30370835 579253 6824 1.0
13:12:52:771 119852959 30405215 579052 6830 1.0
13:12:53:171 119853225 30175336 584983 6845 1.0
13:12:53:371 119852857 30417598 579123 6853 1.0
13:12:53:571 119853678 30367780 579165 6828 1.0
13:12:53:771 119852605 30376327 579110 6829 1.0
13:12:54:171 119853308 30176040 585000 6858 1.0
13:12:54:371 119853458 30421570 579084 6828 1.0
13:12:54:571 119852849 30363963 579075 6856 1.0
13:12:54:771 119852755 30438200 579137 6818 1.0
13:12:55:171 119853100 30174657 584965 6832 1.0
13:12:55:371 119853479 30473272 579038 6844 1.0
13:12:55:571 119852698 30366071 579128 6835 1.0
13:12:55:771 119853501 30409717 579059 6834 1.0
13:12:56:171 119854078 30180211 585109 6840 1.0
13:12:56:371 119852849 30393089 579078 6843 1.0
13:12:56:571 119852801 30365623 579115 6829 1.0
13:12:56:771 119853559 30388627 579115 6836 1.0
13:12:57:171 119854058 30177007 585027 6840 1.0
13:12:57:371 119852621 30370689 579154 6828 1.0
13:12:57:571 119853575 30369383 579211 6830 1.0
13:12:57:771 119852775 30408982 579045 6835 1.0
13:12:58:171 119854046 30183874 585208 6849 1.0
13:12:58:371 119852627 30418303 578999 6818 1.0
13:12:58:571 119853513 30369644 579222 6848 1.0
13:12:58:771 119853003 30420179 579104 6844 1.0
13:12:59:171 119853436 30177091 585045 6833 1.0
13:12:59:371 119853432 30433993 579073 6851 1.0
13:12:59:571 119852812 30375039 579269 6859 1.0
13:12:59:771 119852797 30444570 578954 6824 1.0
13:13:00:171 119853355 30178411 585045 6847 1.0
13:13:00:371 119853351 30402331 579197 6833 1.0
13:13:00:571 119852814 30365598 579117 6826 1.0
13:13:00:771 119853561 30413444 579021 6846 1.0
13:13:01:171 119853246 30175669 584992 6840 1.0
13:13:01:371 119853586 30410073 579033 6848 1.0
13:13:01:571 119852898 30365904 579121 6823 1.0
13:13:01:771 119853476 30465931 578969 6829 1.0
13:13:02:171 119853925 30175737 584962 6847 1.0
13:13:02:371 119852924 30389586 579212 6835 1.0
13:13:02:571 119853599 30369583 579132 6842 1.0
13:13:02:771 119853058 30413865 579055 6844 1.0
13:13:03:171 119854165 30275746 582172 6831 1.0
13:13:03:371 119852931 30424853 579030 6848 1.0
13:13:03:571 119853655 30369340 579136 6837 1.0
13:13:03:971 119853965 30176080 585003 6841 1.0
13:13:04:171 119852546 30366722 579145 6829 1.0
13:13:04:371 119852592 30428020 578956 6843 1.0
13:13:04:571 119853641 30373826 579319 6843 1.0
13:13:04:971 119854161 30176029 585006 6847 1.0
13:13:05:171 119852835 30372480 579293 6831 1.0
13:13:05:371 119853662 30389198 579115 6860 1.0
13:13:05:571 119852863 30366756 579146 6825 1.0
13:13:05:971 119854379 30177444 585037 6858 1.0
13:13:06:171 119852544 30369267 579183 6824 1.0
13:13:06:371 119853603 30413298 579078 6842 1.0
13:13:06:571 119852968 30370522 579153 6849 1.0
13:13:06:971 119853153 30176081 585041 6846 1.0
13:13:07:171 119853524 30371275 579174 6835 1.0
13:13:07:371 119852825 30417801 579206 6847 1.0
13:13:07:571 119852913 30364907 579098 6837 1.0
13:13:07:971 119853427 30184149 585214 6847 1.0
13:13:08:171 119853664 30364927 579098 6842 1.0
13:13:08:371 119852736 30411277 578966 6846 1.0
13:13:08:571 119853389 30367010 579152 6828 1.0
13:13:08:971 119853107 30173815 584943 6852 1.0
13:13:09:171 119853465 30365600 579116 6824 1.0
13:13:09:371 119852658 30439002 578972 6845 1.0
13:13:09:571 119853679 30369062 579199 6839 1.0
13:13:09:971 119854027 30177210 585032 6846 1.0
13:13:10:171 119852806 30370688 579159 6832 1.0
13:13:10:371 119853651 30394952 579031 6823 1.0
13:13:10:571 119852874 30365755 579118 6834 1.0
13:13:10:971 119853948 30185860 585261 6845 1.0
13:13:11:171 119852755 30370638 579155 6837 1.0
13:13:11:371 119853734 30372257 579137 6842 1.0
13:13:11:571 119852835 30372220 579289 6835 1.0
13:13:11:971 119853373 30175000 584973 6852 1.0
13:13:12:171 119852722 30364868 579096 6839 1.0
13:13:12:371 119853536 30397352 579164 6832 1.0
13:13:12:571 119853073 30365579 579114 6829 1.0
13:13:12:971 119853392 30179338 585058 6843 1.0
13:13:13:171 119853577 30365461 579103 6825 1.0
13:13:13:371 119852861 30390512 579117 6836 1.0
13:13:13:571 119853508 30365238 579103 6834 1.0
13:13:13:971 119853029 30174620 585028 6836 1.0
13:13:14:171 119853498 30369627 579158 6835 1.0
13:13:14:371 119852719 30405794 579321 6852 1.0
13:13:14:571 119853600 30367266 579103 6847 1.0
13:13:14:971 119854019 30172905 584935 6847 1.0
13:13:15:171 119852845 30372180 579273 6840 1.0
13:13:15:371 119852780 30396874 579077 6835 1.0
13:13:15:571 119853853 30368726 579198 6845 1.0
13:13:15:971 119854024 30173934 584945 6843 1.0
13:13:16:171 119852744 30368435 579189 6833 1.0
13:13:16:371 119853720 30390032 579152 6834 1.0
13:13:16:571 119852757 30372362 579200 6834 1.0
13:13:16:971 119853496 30177037 585045 6866 1.0
13:13:17:171 119852822 30368850 579157 6833 1.0
13:13:17:371 119853588 30386145 579088 6852 1.0
13:13:17:571 119852883 30366679 579143 6844 1.0
13:13:17:971 119853470 30177527 585040 6853 1.0
13:13:18:171 119853569 30367888 579174 6827 1.0
13:13:18:371 119852876 30404597 579074 6843 1.0
13:13:18:571 119852690 30376244 579301 6836 1.0
13:13:18:971 119853248 30175175 584979 6829 1.0
13:13:19:171 119853564 30366746 579147 6829 1.0
13:13:19:371 119852902 30403289 579122 6830 1.0
13:13:19:571 119853675 30368576 579194 6828 1.0
13:13:19:971 119854175 30181853 585074 6843 1.0
13:13:20:171 119852804 30367454 579165 6825 1.0
13:13:20:371 119852578 30417277 579026 6840 1.0
13:13:20:571 119853692 30367690 579131 6831 1.0
13:13:20:971 119853951 30176147 585004 6841 1.0
13:13:21:171 119852948 30364821 579108 6839 1.0
13:13:21:371 119853524 30460627 579073 6837 1.0
13:13:21:571 119852652 30366899 579147 6841 1.0
13:13:21:971 119854235 30174925 584971 6853 1.0
13:13:22:171 119852820 30372892 579294 6843 1.0
13:13:22:371 119853551 30426889 579045 6817 1.0
13:13:22:571 119852946 30368386 579175 6845 1.0
13:13:22:971 119853266 30179801 585045 6831 1.0
13:13:23:171 119853645 30366213 579110 6845 1.0
13:13:23:371 119852727 30386837 579110 6855 1.0
13:13:23:571 119852898 30376175 579314 6835 1.0
13:13:23:971 119853363 30176055 585030 6838 1.0
13:13:24:171 119853616 30373072 579286 6838 1.0
13:13:24:371 119852826 30407108 578987 6830 1.0
13:13:24:571 119853646 30367558 579170 6833 1.0
13:13:24:971 119853268 30182135 585129 6834 1.0
13:13:25:171 119853556 30369915 579139 6836 1.0
13:13:25:371 119852870 30425904 578984 6845 1.0
13:13:25:571 119853730 30368798 579198 6829 1.0
13:13:25:971 119853966 30270405 582124 6833 1.0
13:13:26:171 119852840 30369551 579170 6849 1.0
13:13:26:371 119853277 30428286 579091 6825 1.0
13:13:26:771 119853398 30176327 585013 6845 1.0
13:13:26:971 119853534 30468490 578885 6828 1.0
13:13:27:171 119853084 30370655 579194 6836 1.0
13:13:27:371 119853603 30397210 579026 6831 1.0
13:13:27:771 119853994 30184776 585213 6842 1.0
13:13:27:971 119852769 30444968 578858 6819 1.0
13:13:28:171 119852656 30368456 579186 6838 1.0
13:13:28:371 119853548 30462082 578929 6847 1.0
13:13:28:771 119854013 30174867 585018 6853 1.0
13:13:28:971 119852914 30421662 578989 6818 1.0
13:13:29:171 119853619 30372477 579231 6828 1.0
13:13:29:371 119852923 30399544 579069 6835 1.0
13:13:29:771 119853385 30174081 584950 6831 1.0
13:13:29:971 119852727 30452716 578962 6832 1.0
13:13:30:171 119853536 30369749 579223 6835 1.0
13:13:30:371 119852699 30443347 578988 6835 1.0
13:13:30:771 119853302 30175231 584981 6847 1.0
13:13:30:971 119853421 30393703 579043 6838 1.0
13:13:31:171 119852761 30366581 579141 6840 1.0
13:13:31:371 119852937 30418007 579160 6849 1.0
13:13:31:771 119853478 30174572 584962 6861 1.0
13:13:31:971 119853499 30472439 579038 6839 1.0
13:13:32:171 119853010 30367864 579121 6838 1.0
13:13:32:371 119853594 30436364 579070 6831 1.0
13:13:32:771 119853914 30178632 585069 6833 1.0
13:13:32:971 119852855 30374017 579045 6838 1.0
13:13:33:171 119852764 30364610 579091 6844 1.0
13:13:33:371 119853531 30413498 579093 6832 1.0
13:13:33:771 119853931 30176342 585010 6853 1.0
13:13:33:971 119852850 30406216 579026 6843 1.0
13:13:34:171 119853633 30374650 579315 6836 1.0
13:13:34:371 119852802 30408966 578974 6832 1.0
13:13:34:771 119853937 30178706 585071 6837 1.0
13:13:34:971 119852807 30467854 578813 6831 1.0
13:13:35:171 119853500 30368797 579198 6844 1.0
13:13:35:371 119852948 30370617 579209 6856 1.0
13:13:35:771 119853323 30174170 585023 6847 1.0
13:13:35:971 119852753 30398512 579093 6812 1.0
13:13:36:171 119853643 30374381 579254 6838 1.0
13:13:36:371 119852709 30437110 578990 6837 1.0
13:13:36:771 119853229 30176022 585045 6874 1.0
13:13:36:971 119853560 30468014 579016 6837 1.0
13:13:37:171 119852894 30368183 579186 6833 1.0
13:13:37:371 119853463 30456555 578945 6838 1.0
13:13:37:771 119853248 30176075 585001 6841 1.0
13:13:37:971 119853702 30417490 578919 6836 1.0
13:13:38:171 119853028 30366163 579127 6839 1.0
13:13:38:371 119853331 30457648 578994 6840 1.0
13:13:38:771 119854098 30175213 584981 6842 1.0
13:13:38:971 119852795 30470290 578975 6851 1.0
13:13:39:171 119852947 30363717 579084 6832 1.0
13:13:39:371 119853519 30371543 579135 6841 1.0
13:13:39:771 119854139 30181515 585096 6833 1.0
13:13:39:971 119852827 30403139 579061 6836 1.0
13:13:40:171 119853577 30365837 579104 6835 1.0
13:13:40:371 119852565 30470016 579049 6845 1.0
13:13:40:771 119853257 30173293 584932 6845 1.0
13:13:40:971 119852788 30418990 578988 6825 1.0
13:13:41:171 119853677 30369562 579222 6832 1.0
13:13:41:371 119852940 30371682 579076 6848 1.0
13:13:41:771 119853296 30179101 585082 6845 1.0
13:13:41:971 119853490 30370454 579161 6850 1.0
13:13:42:171 119852798 30369203 579200 6843 1.0
13:13:42:371 119852784 30403198 579058 6832 1.0
13:13:42:771 119853183 30175992 585030 6844 1.0
13:13:42:971 119853553 30412596 579105 6836 1.0
13:13:43:171 119852917 30370832 579157 6847 1.0
13:13:43:371 119853491 30385981 579082 6842 1.0
13:13:43:771 119853959 30175794 584996 6833 1.0
13:13:43:971 119852982 30389280 579251 6843 1.0
13:13:44:171 119852854 30363637 579064 6836 1.0
13:13:44:371 119853434 30388755 579044 6831 1.0
13:13:44:771 119854144 30182067 585158 6855 1.0
13:13:44:971 119852996 30414779 579003 6833 1.0
13:13:45:171 119853549 30366825 579148 6834 1.0
13:13:45:371 119852850 30418319 579186 6845 1.0
13:13:45:771 119854160 30174962 585040 6843 1.0
13:13:45:971 119852880 30393033 579046 6838 1.0
13:13:46:171 119853419 30371387 579174 6836 1.0
13:13:46:371 119852818 30420742 579117 6845 1.0
13:13:46:771 119853095 30181590 585147 6853 1.0
13:13:46:971 119853516 30435369 578959 6834 1.0
13:13:47:171 119852851 30368079 579180 6838 1.0
13:13:47:371 119852834 30372426 579068 6840 1.0
13:13:47:771 119853287 30176427 585042 6848 1.0
13:13:47:971 119853488 30423351 578993 6851 1.0
13:13:48:171 119853080 30377054 579323 6841 1.0
13:13:48:371 119853561 30449930 578939 6838 1.0
13:13:48:771 119853389 30275661 582166 6836 1.0
13:13:48:971 119853513 30472868 579067 6842 1.0
13:13:49:171 119852821 30366829 579147 6822 1.0
13:13:49:571 119853143 30181764 585064 6838 1.0
13:13:49:771 119853593 30369375 579213 6836 1.0
13:13:49:971 119852834 30426559 578988 6843 1.0
13:13:50:171 119853649 30370271 579185 6836 1.0
13:13:50:571 119853399 30173110 585016 6841 1.0
13:13:50:771 119853538 30365106 579103 6826 1.0
13:13:50:971 119852729 30435404 579079 6827 1.0
13:13:51:171 119853808 30365414 579110 6829 1.0
13:13:51:571 119853807 30175416 584985 6851 1.0
13:13:51:771 119852785 30371047 579261 6824 1.0
13:13:51:971 119852680 30412032 579068 6824 1.0
13:13:52:171 119853828 30367518 579166 6846 1.0
13:13:52:571 119854012 30177640 585043 6856 1.0
13:13:52:771 119852804 30367209 579153 6842 1.0
13:13:52:971 119853476 30464195 578811 6843 1.0
13:13:53:171 119852804 30374887 579267 6831 1.0
13:13:53:571 119853211 30175804 585020 6844 1.0
13:13:53:771 119853031 30372417 579268 6850 1.0
13:13:53:971 119853670 30417053 579029 6848 1.0
13:13:54:171 119852804 30367364 579162 6829 1.0
13:13:54:571 119853357 30178845 585075 6850 1.0
13:13:54:771 119853533 30368521 579194 6838 1.0
13:13:54:971 119852892 30413632 579057 6847 1.0
13:13:55:171 119852778 30371956 579190 6837 1.0
13:13:55:571 119853431 30175090 584977 6845 1.0
13:13:55:771 119853694 30369288 579212 6830 1.0
13:13:55:971 119852788 30374082 579202 6847 1.0
13:13:56:171 119853434 30366412 579137 6844 1.0
13:13:56:571 119854024 30183382 585194 6845 1.0
13:13:56:771 119852851 30366851 579148 6835 1.0
13:13:56:971 119852667 30427472 578936 6833 1.0
13:13:57:171 119853451 30365611 579115 6836 1.0
13:13:57:571 119854244 30174690 584965 6852 1.0
13:13:57:771 119852965 30366606 579140 6850 1.0
13:13:57:971 119853510 30474048 579076 6853 1.0
13:13:58:171 119852769 30363705 579108 6836 1.0
13:13:58:571 119854014 30172502 584909 6838 1.0
13:13:58:771 119852821 30372619 579300 6840 1.0
13:13:58:971 119853330 30388302 579085 6844 1.0
13:13:59:171 119852951 30370103 579142 6841 1.0
13:13:59:571 119853348 30175993 585000 6846 1.0
13:13:59:771 119853603 30366081 579129 6828 1.0
13:13:59:971 119852812 30421635 579079 6841 1.0
13:14:00:171 119852864 30370263 579236 6836 1.0
13:14:00:571 119853397 30177713 585045 6843 1.0
13:14:00:771 119853339 30376423 579307 6854 1.0
13:14:00:971 119852780 30467901 578982 6843 1.0
13:14:01:171 119853470 30367504 579167 6835 1.0
13:14:01:571 119853371 30184604 585147 6861 1.0
13:14:01:771 119853516 30366007 579116 6849 1.0
13:14:01:971 119852958 30435389 579082 6827 1.0
13:14:02:171 119853537 30365639 579120 6839 1.0
13:14:02:571 119853885 30175276 585001 6836 1.0
13:14:02:771 119852920 30369868 579149 6825 1.0
13:14:02:971 119853561 30398858 579139 6831 1.0
13:14:03:171 119852874 30365726 579119 6832 1.0
13:14:03:571 119853881 30172217 584994 6835 1.0
13:14:03:771 119852920 30374289 579251 6830 1.0
13:14:03:971 119853488 30399649 579077 6838 1.0
13:14:04:171 119852717 30369533 579219 6830 1.0
13:14:04:571 119853322 30176320 585010 6843 1.0
13:14:04:771 119852832 30368543 579194 6829 1.0
13:14:04:971 119853518 30390239 579032 6843 1.0
13:14:05:171 119853019 30375149 579274 6838 1.0
13:14:05:571 119853514 30177419 585037 6835 1.0
13:14:05:771 119853627 30377818 579345 6832 1.0
13:14:05:971 119852904 30459811 578895 6835 1.0
13:14:06:171 119852752 30366477 579110 6842 1.0
13:14:06:571 119853313 30178380 585058 6845 1.0
13:14:06:771 119853718 30368294 579187 6840 1.0
13:14:06:971 119852814 30417402 579027 6848 1.0
13:14:07:171 119853521 30368499 579194 6846 1.0
13:14:07:571 119853875 30174404 584960 6847 1.0
13:14:07:771 119852715 30367897 579176 6831 1.0
13:14:07:971 119852760 30399431 579259 6847 1.0
13:14:08:171 119853425 30367563 579123 6843 1.0
13:14:08:571 119854089 30183864 585115 6859 1.0
13:14:08:771 119852786 30366149 579132 6838 1.0
13:14:08:971 119853514 30440681 579014 6831 1.0
13:14:09:171 119852743 30362175 579073 6841 1.0
13:14:09:571 119854037 30174652 585028 6840 1.0
13:14:09:771 119852732 30366799 579122 6847 1.0
13:14:09:971 119853691 30472261 579061 6840 1.0
13:14:10:171 119852869 30366849 579148 6833 1.0
13:14:10:571 119853267 30179757 585067 6855 1.0
13:14:10:771 119853666 30371988 579241 6851 1.0
13:14:10:971 119852697 30430421 579000 6834 1.0
13:14:11:171 119852861 30366053 579126 6825 1.0
13:14:11:571 119853455 30268747 582057 6846 1.0
13:14:11:771 119853592 30368910 579204 6844 1.0
13:14:11:971 119852887 30393497 579086 6850 1.0
13:14:12:371 119853396 30173235 584997 6851 1.0
13:14:12:571 119852917 30369251 579165 6835 1.0
13:14:12:771 119853601 30372076 579202 6838 1.0
13:14:12:971 119852818 30419572 579018 6838 1.0
13:14:13:371 119853265 30176751 585021 6837 1.0
13:14:13:571 119853537 30412121 579176 6836 1.0
13:14:13:771 119852853 30366567 579141 6827 1.0
13:14:13:971 119853472 30405689 578994 6835 1.0
13:14:14:371 119853300 30177817 585045 6847 1.0
13:14:14:571 119853497 30439482 578880 6831 1.0
13:14:14:771 119852895 30369501 579216 6844 1.0
13:14:14:971 119853588 30407045 579180 6826 1.0
13:14:15:371 119853988 30174801 584995 6839 1.0
13:14:15:571 119852788 30382622 579233 6839 1.0
13:14:15:771 119852917 30365052 579101 6844 1.0
13:14:15:971 119853691 30416033 579048 6823 1.0
13:14:16:371 119854056 30178749 585065 6851 1.0
13:14:16:571 119853002 30395156 579092 6839 1.0
13:14:16:771 119853601 30368314 579124 6836 1.0
13:14:16:971 119852793 30456327 579072 6843 1.0
13:14:17:371 119853477 30177216 585045 6861 1.0
13:14:17:571 119852808 30432947 578931 6826 1.0
13:14:17:771 119853784 30378759 579368 6847 1.0
13:14:17:971 119852803 30456317 578899 6831 1.0
13:14:18:371 119853400 30183215 585096 6843 1.0
13:14:18:571 119853430 30425329 579012 6833 1.0
13:14:18:771 119852699 30365233 579105 6839 1.0
13:14:18:971 119852775 30438159 578952 6830 1.0
13:14:19:371 119853452 30172432 584907 6850 1.0
13:14:19:571 119853544 30398440 579099 6826 1.0
13:14:19:771 119852793 30370498 579202 6836 1.0
13:14:19:971 119853452 30442603 579062 6829 1.0
13:14:20:371 119853976 30177393 585036 6849 1.0
13:14:20:571 119852768 30389690 579199 6846 1.0
13:14:20:771 119852901 30367743 579171 6834 1.0
13:14:20:971 119853630 30410729 579057 6840 1.0
13:14:21:371 119853944 30182577 585099 6848 1.0
13:14:21:571 119852785 30449355 578988 6830 1.0
13:14:21:771 119853590 30367331 579163 6832 1.0
13:14:21:971 119852544 30441237 579127 6835 1.0
13:14:22:371 119854218 30176700 585020 6844 1.0
13:14:22:571 119852641 30469459 578867 6835 1.0
13:14:22:771 119853627 30374816 579264 6834 1.0
13:14:22:971 119852848 30421567 578988 6840 1.0
13:14:23:371 119853270 30180503 585120 6837 1.0
13:14:23:571 119853541 30406360 579038 6828 1.0
13:14:23:771 119852859 30368227 579185 6826 1.0
13:14:23:971 119852716 30395265 579066 6844 1.0
13:14:24:371 119853501 30173187 584926 6852 1.0
13:14:24:571 119853546 30459361 579007 6833 1.0
13:14:24:771 119852942 30374446 579254 6840 1.0
13:14:24:971 119853512 30452858 578948 6830 1.0
13:14:25:371 119853252 30175757 585037 6837 1.0
13:14:25:571 119853656 30399739 579212 6850 1.0
13:14:25:771 119853019 30365664 579118 6838 1.0
13:14:25:971 119853531 30393671 579010 6841 1.0
13:14:26:371 119853957 30174955 584974 6836 1.0
13:14:26:571 119852905 30381177 579066 6839 1.0
13:14:26:771 119853657 30365655 579116 6837 1.0
13:14:26:971 119852745 30420480 579169 6848 1.0
13:14:27:371 119853892 30175661 584992 6852 1.0
13:14:27:571 119852694 30460753 579014 6826 1.0
13:14:27:771 119853541 30367683 579171 6828 1.0
13:14:27:971 119852943 30386614 579053 6837 1.0
13:14:28:371 119853338 30178575 585045 6839 1.0
13:14:28:571 119852916 30394238 579050 6828 1.0
13:14:28:771 119853639 30366721 579146 6832 1.0
13:14:28:971 119852726 30474986 578950 6836 1.0
13:14:29:371 119853394 30172608 584990 6844 1.0
13:14:29:571 119853604 30467827 578860 6832 1.0
13:14:29:771 119852823 30372740 579304 6839 1.0
13:14:29:971 119853532 30415905 578959 6836 1.0
13:14:30:371 119853454 30182987 585185 6862 1.0
13:14:30:571 119853421 30405187 578943 6836 1.0
13:14:30:771 119852882 30367910 579176 6847 1.0
13:14:30:971 119853782 30444351 578936 6838 1.0
13:14:31:371 119854239 30173790 585010 6836 1.0
13:14:31:571 119852768 30384253 579125 6849 1.0
13:14:31:771 119852904 30372736 579208 6840 1.0
13:14:31:971 119853492 30412930 579034 6842 1.0
13:14:32:371 119854172 30178143 585058 6841 1.0
13:14:32:571 119852601 30459969 578979 6824 1.0
13:14:32:771 119853704 30367541 579167 6820 1.0
13:14:32:971 119852757 30405264 578977 6833 1.0
13:14:33:371 119853618 30177493 585030 6842 1.0
13:14:33:571 119852658 30425334 578884 6848 1.0
13:14:33:771 119853682 30369878 579202 6858 1.0
13:14:33:971 119853011 30388417 579135 6831 1.0
13:14:34:371 119853233 30271226 582144 6824 1.0
13:14:34:571 119853510 30415594 579148 6841 1.0
13:14:34:771 119852823 30367837 579151 6836 1.0
13:14:35:171 119854089 30173408 584951 6850 1.0
13:14:35:371 119852796 30371784 579197 6839 1.0
13:14:35:571 119853530 30384983 579112 6843 1.0
13:14:35:771 119852852 30368331 579108 6827 1.0
13:14:36:171 119853457 30175965 584999 6849 1.0
13:14:36:371 119852938 30369468 579217 6845 1.0
13:14:36:571 119853760 30428916 578937 6843 1.0
13:14:36:771 119852757 30370995 579255 6851 1.0
13:14:37:171 119853317 30174919 584971 6848 1.0
13:14:37:371 119853362 30366408 579136 6831 1.0
13:14:37:571 119852861 30421832 579227 6849 1.0
13:14:37:771 119853720 30366044 579127 6827 1.0
13:14:38:171 119853102 30182990 585092 6826 1.0
13:14:38:371 119853563 30365909 579123 6838 1.0
13:14:38:571 119852766 30417620 579012 6831 1.0
13:14:38:771 119853700 30369830 579145 6833 1.0
13:14:39:171 119854080 30173466 584965 6844 1.0
13:14:39:371 119852482 30367218 579159 6833 1.0
13:14:39:571 119852699 30448282 579057 6827 1.0
13:14:39:771 119853692 30369980 579187 6837 1.0
13:14:40:171 119854135 30174530 584981 6839 1.0
13:14:40:371 119852775 30371534 579253 6851 1.0
13:14:40:571 119853719 30391404 579098 6840 1.0
13:14:40:771 119852821 30364002 579074 6833 1.0
13:14:41:171 119853168 30175715 584994 6849 1.0
13:14:41:371 119852947 30368046 579180 6843 1.0
13:14:41:571 119853506 30386360 579097 6835 1.0
13:14:41:771 119852687 30367855 579175 6841 1.0
13:14:42:171 119853484 30175653 585027 6844 1.0
13:14:42:371 119853587 30377752 579341 6849 1.0
13:14:42:571 119852989 30450424 578897 6848 1.0
13:14:42:771 119852708 30368232 579136 6837 1.0
13:14:43:171 119853321 30181442 585142 6845 1.0
13:14:43:371 119853553 30370102 579174 6840 1.0
13:14:43:571 119852792 30457651 578914 6825 1.0
13:14:43:771 119853693 30371567 579273 6843 1.0
13:14:44:171 119854153 30173181 584927 6840 1.0
13:14:44:371 119852999 30367362 579161 6835 1.0
13:14:44:571 119852662 30386149 579198 6836 1.0
13:14:44:771 119853777 30369173 579199 6832 1.0
13:14:45:171 119854082 30179886 585057 6854 1.0
13:14:45:371 119853039 30366160 579130 6842 1.0
13:14:45:571 119853392 30417442 579093 6826 1.0
13:14:45:771 119853141 30363626 579088 6838 1.0
13:14:46:171 119854089 30180572 585121 6837 1.0
13:14:46:371 119852766 30365886 579124 6837 1.0
13:14:46:571 119853411 30411683 579266 6839 1.0
13:14:46:771 119852943 30365136 579108 6838 1.0
13:14:47:171 119853421 30175852 584996 6849 1.0
13:14:47:371 119853440 30374002 579266 6844 1.0
13:14:47:571 119852873 30415395 579039 6830 1.0
13:14:47:771 119852752 30364873 579095 6832 1.0
13:14:48:171 119853357 30174325 584955 6843 1.0
13:14:48:371 119853605 30368586 579195 6847 1.0
13:14:48:571 119853016 30461475 578866 6827 1.0
13:14:48:771 119853365 30372797 579213 6833 1.0
13:14:49:171 119853352 30174246 585036 6847 1.0
13:14:49:371 119853552 30373849 579248 6839 1.0
13:14:49:571 119852442 30401129 578972 6829 1.0
13:14:49:771 119853600 30370900 579237 6853 1.0
13:14:50:171 119854004 30180106 585110 6837 1.0
13:14:50:371 119852680 30365367 579110 6828 1.0
13:14:50:571 119853534 30402896 579114 6834 1.0
13:14:50:771 119852855 30373370 579228 6835 1.0
13:14:51:171 119853914 30176289 585008 6836 1.0
13:14:51:371 119852907 30366387 579137 6844 1.0
13:14:51:571 119853601 30434081 579095 6831 1.0
13:14:51:771 119852895 30368943 579141 6837 1.0
13:14:52:171 119853481 30179486 585069 6837 1.0
13:14:52:371 119852597 30367521 579166 6840 1.0
13:14:52:571 119853689 30397471 579059 6861 1.0
13:14:52:771 119852930 30365818 579122 6840 1.0
13:14:53:171 119853315 30176327 585008 6853 1.0
13:14:53:371 119853588 30368760 579198 6834 1.0
13:14:53:571 119852891 30391655 579230 6824 1.0
13:14:53:771 119853780 30363140 579071 6826 1.0
13:14:54:171 119853267 30175875 584998 6853 1.0
13:14:54:371 119853581 30375582 579284 6835 1.0
13:14:54:571 119852742 30442227 579013 6847 1.0
13:14:54:771 119853610 30370542 579149 6843 1.0
13:14:55:171 119854028 30180038 585055 6843 1.0
13:14:55:371 119852708 30368522 579192 6826 1.0
13:14:55:571 119852939 30388281 579018 6847 1.0
13:14:55:771 119853613 30372106 579215 6837 1.0
13:14:56:171 119854259 30177388 585036 6841 1.0
13:14:56:371 119852829 30368849 579201 6843 1.0
13:14:56:571 119853548 30427644 579021 6840 1.0
13:14:56:771 119852787 30369005 579205 6839 1.0
13:14:57:171 119853356 30271174 582098 6829 1.0
13:14:57:371 119852899 30369254 579209 6830 1.0
13:14:57:571 119853635 30372448 579040 6829 1.0
13:14:57:971 119854106 30178755 585065 6853 1.0
13:14:58:171 119852754 30388866 579029 6831 1.0
13:14:58:371 119853619 30369272 579191 6834 1.0
13:14:58:571 119852888 30473090 578934 6845 1.0
13:14:58:971 119853945 30175461 584985 6850 1.0
13:14:59:171 119852717 30408091 579032 6826 1.0
13:14:59:371 119853457 30371310 579183 6827 1.0
13:14:59:571 119852570 30390510 579116 6851 1.0
13:14:59:971 119853303 30181229 585121 6840 1.0
13:15:00:171 119853706 30438029 578977 6851 1.0
13:15:00:371 119852886 30364250 579080 6836 1.0
13:15:00:571 119852809 30456135 578893 6840 1.0
13:15:00:971 119853321 30177498 585045 6844 1.0
13:15:01:171 119853740 30410317 579010 6825 1.0
13:15:01:371 119852930 30369921 579212 6844 1.0
13:15:01:571 119853493 30379380 579112 6831 1.0
13:15:01:971 119853236 30176363 585016 6834 1.0
13:15:02:171 119853461 30463031 578998 6823 1.0
13:15:02:371 119852738 30366345 579136 6848 1.0
13:15:02:571 119853612 30437152 579035 6836 1.0
13:15:02:971 119853834 30177000 585027 6857 1.0
13:15:03:171 119852753 30464541 579000 6833 1.0
13:15:03:371 119853527 30369183 579212 6826 1.0
13:15:03:571 119852804 30389918 579241 6841 1.0
13:15:03:971 119853926 30176661 585017 6851 1.0
13:15:04:171 119852670 30464356 579086 6848 1.0
13:15:04:371 119853558 30368070 579179 6843 1.0
13:15:04:571 119852790 30427779 579022 6839 1.0
13:15:04:971 119853252 30179577 585096 6861 1.0
13:15:05:171 119852681 30422152 579046 6846 1.0
13:15:05:371 119853557 30365628 579105 6833 1.0
13:15:05:571 119852621 30472098 578900 6830 1.0
13:15:05:971 119853493 30174505 584961 6846 1.0
13:15:06:171 119853548 30391690 579062 6832 1.0
13:15:06:371 119852696 30377710 579369 6833 1.0
13:15:06:571 119852824 30434226 578968 6851 1.0
13:15:06:971 119853444 30186592 585186 6859 1.0
13:15:07:171 119853324 30467330 578884 6835 1.0
13:15:07:371 119853123 30365502 579113 6846 1.0
13:15:07:571 119853597 30465601 578938 6847 1.0
13:15:07:971 119853855 30177058 585030 6839 1.0
13:15:08:171 119852724 30428484 579037 6830 1.0
13:15:08:371 119852715 30375771 579291 6839 1.0
13:15:08:571 119853710 30459427 578961 6841 1.0
13:15:08:971 119854083 30173801 585018 6839 1.0
13:15:09:171 119852868 30469436 578975 6865 1.0
13:15:09:371 119853622 30372430 579247 6841 1.0
13:15:09:571 119852941 30436713 578934 6833 1.0
13:15:09:971 119853985 30174428 584959 6851 1.0
13:15:10:171 119852707 30396608 579065 6838 1.0
13:15:10:371 119853680 30366780 579146 6840 1.0
13:15:10:571 119852532 30443300 579134 6824 1.0
13:15:10:971 119853078 30173605 584940 6840 1.0
13:15:11:171 119853609 30381529 579288 6847 1.0
13:15:11:371 119852934 30369148 579207 6834 1.0
13:15:11:571 119852815 30449397 578936 6843 1.0
13:15:11:971 119853386 30181683 585065 6853 1.0
13:15:12:171 119853576 30380375 579063 6831 1.0
13:15:12:371 119852821 30368199 579157 6843 1.0
13:15:12:571 119853483 30473480 578886 6849 1.0
13:15:12:971 119853305 30174895 585023 6839 1.0
13:15:13:171 119853599 30426946 578896 6821 1.0
13:15:13:371 119852907 30368929 579204 6846 1.0
13:15:13:571 119853544 30466084 578911 6834 1.0
13:15:13:972 119854129 30177979 585054 6852 1.0
13:15:14:172 119852887 30442794 579091 6831 1.0
13:15:14:372 119853683 30367380 579159 6839 1.0
13:15:14:572 119852673 30372984 579096 6825 1.0
13:15:14:972 119854020 30175147 584978 6846 1.0
13:15:15:172 119852891 30403305 579076 6842 1.0
13:15:15:372 119853546 30368716 579108 6840 1.0
13:15:15:572 119852789 30421030 579140 6845 1.0
13:15:15:972 119853306 30172685 584913 6827 1.0
13:15:16:172 119852661 30470456 579068 6840 1.0
13:15:16:372 119853406 30366880 579139 6830 1.0
13:15:16:572 119852816 30433322 578977 6832 1.0
13:15:16:972 119853358 30183537 585193 6840 1.0
13:15:17:172 119853608 30426322 579053 6840 1.0
13:15:17:372 119852833 30366850 579148 6851 1.0
13:15:17:572 119853679 30390813 579131 6841 1.0
13:15:17:972 119853129 30175273 584981 6839 1.0
13:15:18:172 119853542 30446089 578972 6841 1.0
13:15:18:372 119852917 30368538 579109 6850 1.0
13:15:18:572 119853534 30407846 579111 6832 1.0
13:15:18:972 119854146 30182585 585174 6845 1.0
13:15:19:172 119852758 30415719 578958 6850 1.0
13:15:19:372 119852895 30366116 579128 6841 1.0
13:15:19:572 119853667 30469631 578938 6849 1.0
13:15:19:972 119854136 30252448 582479 6825 1.0
13:15:20:172 119853062 30414900 579019 6839 1.0
13:15:20:372 119853704 30373711 579237 6843 1.0
13:15:20:772 119853941 30176130 585002 6839 1.0
13:15:20:972 119852968 30366925 579149 6844 1.0
13:15:21:172 119852679 30394999 579114 6821 1.0
13:15:21:372 119853423 30363310 579054 6840 1.0
13:15:21:772 119854023 30180547 585076 6839 1.0
13:15:21:972 119852965 30371505 579270 6847 1.0
13:15:22:172 119853669 30430879 578942 6853 1.0
13:15:22:372 119852710 30368537 579195 6839 1.0
13:15:22:772 119853960 30172401 584952 6843 1.0
13:15:22:972 119853001 30366169 579108 6836 1.0
13:15:23:172 119853520 30438539 579112 6848 1.0
13:15:23:372 119852687 30366213 579108 6837 1.0
13:15:23:772 119853274 30175909 584998 6860 1.0
13:15:23:972 119853680 30375833 579292 6845 1.0
13:15:24:172 119852923 30454476 578953 6834 1.0
13:15:24:372 119852767 30366645 579148 6833 1.0
13:15:24:772 119853177 30173820 584945 6828 1.0
13:15:24:972 119853682 30365818 579121 6835 1.0
13:15:25:172 119852932 30383928 579061 6850 1.0
13:15:25:372 119853876 30372519 579205 6834 1.0
13:15:25:772 119853315 30174250 585004 6851 1.0
13:15:25:972 119853667 30371449 579220 6835 1.0
13:15:26:172 119852682 30392800 579238 6831 1.0
13:15:26:372 119853724 30369168 579125 6825 1.0
13:15:26:772 119854217 30178531 585067 6831 1.0
13:15:26:972 119852937 30367942 579177 6847 1.0
13:15:27:172 119853507 30404966 579069 6842 1.0
13:15:27:372 119852771 30371978 579192 6849 1.0
13:15:27:772 119854077 30174103 584992 6850 1.0
13:15:27:972 119852919 30363998 579075 6833 1.0
13:15:28:172 119853596 30435852 579074 6828 1.0
13:15:28:372 119852826 30369972 579227 6834 1.0
13:15:28:772 119853354 30180927 585131 6837 1.0
13:15:28:972 119852909 30366900 579148 6836 1.0
13:15:29:172 119853608 30408936 578972 6842 1.0
13:15:29:372 119852639 30366743 579145 6841 1.0
13:15:29:772 119853311 30173854 584944 6863 1.0
13:15:29:972 119853581 30367404 579163 6846 1.0
13:15:30:172 119852870 30471422 578908 6837 1.0
13:15:30:372 119853643 30371610 579190 6849 1.0
13:15:30:772 119853207 30174500 584961 6838 1.0
13:15:30:972 119853713 30368052 579179 6858 1.0
13:15:31:172 119852976 30372163 579080 6828 1.0
13:15:31:372 119853442 30366138 579128 6836 1.0
13:15:31:772 119853973 30181673 585146 6848 1.0
13:15:31:972 119852938 30364468 579085 6830 1.0
13:15:32:172 119852795 30394038 579068 6840 1.0
13:15:32:372 119853843 30372660 579302 6838 1.0
13:15:32:772 119854256 30174006 584948 6850 1.0
13:15:32:972 119852875 30365910 579126 6830 1.0
13:15:33:172 119853518 30414047 579235 6825 1.0
13:15:33:372 119853033 30366165 579128 6843 1.0
13:15:33:772 119853932 30180741 585076 6840 1.0
13:15:33:972 119852699 30366625 579109 6826 1.0
13:15:34:172 119853537 30400439 579079 6832 1.0
13:15:34:372 119852989 30368751 579141 6845 1.0
13:15:34:772 119853306 30175059 585045 6836 1.0
13:15:34:972 119853695 30368523 579114 6837 1.0
13:15:35:172 119852886 30380938 579231 6824 1.0
13:15:35:372 119852766 30368846 579200 6848 1.0
13:15:35:772 119853331 30171896 584963 6844 1.0
13:15:35:972 119853552 30370908 579182 6830 1.0
13:15:36:172 119852748 30465310 578933 6835 1.0
13:15:36:372 119853744 30366711 579143 6851 1.0
13:15:36:772 119853275 30178427 585064 6836 1.0
13:15:36:972 119853527 30366399 579130 6829 1.0
13:15:37:172 119852805 30388085 579117 6838 1.0
13:15:37:372 119853522 30374162 579263 6831 1.0
13:15:37:772 119854073 30175163 585021 6844 1.0
13:15:37:972 119852911 30370579 579155 6852 1.0
13:15:38:172 119853645 30375521 579085 6842 1.0
13:15:38:372 119852851 30373016 579289 6835 1.0
13:15:38:772 119854228 30179347 585088 6840 1.0
13:15:38:972 119852739 30368551 579192 6824 1.0
13:15:39:172 119853506 30407975 579031 6843 1.0
13:15:39:372 119852931 30369206 579210 6833 1.0
13:15:39:772 119853376 30174202 584953 6850 1.0
13:15:39:972 119852844 30367607 579169 6820 1.0
13:15:40:172 119853396 30412339 579110 6853 1.0
13:15:40:372 119852937 30367809 579174 6827 1.0
13:15:40:772 119853090 30180034 585056 6839 1.0
13:15:40:972 119853435 30368747 579198 6823 1.0
13:15:41:172 119852958 30429051 579012 6839 1.0
13:15:41:372 119853690 30368993 579142 6842 1.0
13:15:41:772 119853264 30172189 584983 6835 1.0
13:15:41:972 119853942 30366904 579103 6844 1.0
13:15:42:172 119852857 30430983 579036 6836 1.0
13:15:42:372 119853591 30372363 579203 6836 1.0
13:15:42:772 119854180 30237881 583081 6833 1.0
13:15:42:972 119852732 30369959 579230 6827 1.0
13:15:43:172 119852887 30423586 579091 6827 1.0
13:15:43:372 119853701 30366245 579138 6837 1.0
13:15:43:772 119853973 30350233 579609 6808 1.0
13:15:43:972 119852786 30367100 579108 6829 1.0
13:15:44:172 119853663 30462772 578853 6851 1.0
13:15:44:572 119853886 30174157 584976 6841 1.0
13:15:44:772 119852818 30441260 578922 6834 1.0
13:15:44:972 119852778 30373306 579301 6832 1.0
13:15:45:172 119853562 30429953 578981 6823 1.0
13:15:45:572 119853933 30173002 584969 6852 1.0
13:15:45:772 119852854 30451604 579117 6823 1.0
13:15:45:972 119853467 30366705 579111 6839 1.0
13:15:46:172 119852602 30412487 579057 6826 1.0
13:15:46:572 119854020 30177912 585040 6850 1.0
13:15:46:772 119852756 30422463 579104 6847 1.0
13:15:46:972 119853583 30365420 579111 6834 1.0
13:15:47:172 119852664 30426974 579122 6834 1.0
13:15:47:572 119853265 30173714 585012 6855 1.0
13:15:47:772 119853545 30462672 578867 6827 1.0
13:15:47:972 119852764 30371928 579189 6817 1.0
13:15:48:172 119852885 30384709 579055 6844 1.0
13:15:48:572 119853238 30180974 585133 6859 1.0
13:15:48:772 119853569 30389529 579118 6845 1.0
13:15:48:972 119852840 30366143 579129 6830 1.0
13:15:49:172 119853640 30376455 579137 6830 1.0
13:15:49:572 119853384 30175838 584994 6854 1.0
13:15:49:772 119853508 30456343 578943 6830 1.0
13:15:49:972 119853020 30373300 579225 6854 1.0
13:15:50:172 119853635 30406863 579025 6846 1.0
13:15:50:572 119854235 30171945 584898 6841 1.0
13:15:50:772 119852879 30450281 579050 6832 1.0
13:15:50:972 119853713 30368426 579187 6833 1.0
13:15:51:172 119852886 30427835 578983 6844 1.0
13:15:51:572 119854034 30178080 585055 6843 1.0
13:15:51:772 119852812 30426514 578996 6841 1.0
13:15:51:972 119853544 30367666 579171 6835 1.0
13:15:52:172 119852726 30450126 579115 6835 1.0
13:15:52:572 119853533 30176846 585023 6840 1.0
13:15:52:772 119852756 30406881 579151 6843 1.0
13:15:52:972 119853468 30366536 579103 6831 1.0
13:15:53:172 119852924 30437237 579061 6835 1.0
13:15:53:572 119853300 30184719 585137 6851 1.0
13:15:53:772 119853552 30428367 579034 6848 1.0
13:15:53:972 119853205 30368622 579120 6845 1.0
13:15:54:172 119853549 30389061 579191 6837 1.0
13:15:54:572 119853339 30173475 584967 6833 1.0
13:15:54:772 119853580 30368756 579112 6828 1.0
13:15:54:972 119852669 30367643 579164 6840 1.0
13:15:55:172 119853773 30464671 578882 6835 1.0
13:15:55:572 119854109 30177119 585030 6841 1.0
13:15:55:772 119852660 30397313 579035 6815 1.0
13:15:55:972 119852736 30369665 579220 6828 1.0
13:15:56:172 119853634 30367685 579097 6845 1.0
13:15:56:572 119854010 30176559 585016 6858 1.0
13:15:56:772 119852863 30456959 578945 6837 1.0
13:15:56:972 119853387 30377527 579339 6832 1.0
13:15:57:172 119853052 30449117 578926 6831 1.0
13:15:57:572 119853408 30174135 585018 6854 1.0
13:15:57:772 119852740 30464526 579042 6829 1.0
13:15:57:972 119853659 30366204 579132 6845 1.0
13:15:58:172 119852622 30416370 579014 6836 1.0
13:15:58:572 119853231 30174327 584974 6842 1.0
13:15:58:772 119853502 30406409 579040 6837 1.0
13:15:58:972 119852883 30366696 579144 6843 1.0
13:15:59:172 119852847 30417077 579224 6837 1.0
13:15:59:572 119853319 30176176 585004 6837 1.0
13:15:59:772 119853420 30394586 579156 6844 1.0
13:15:59:972 119852825 30366033 579108 6847 1.0
13:16:00:172 119853475 30391581 579112 6846 1.0
13:16:00:572 119853479 30180232 585113 6854 1.0
13:16:00:772 119853635 30431917 579097 6844 1.0
13:16:00:972 119852952 30367362 579162 6843 1.0
13:16:01:172 119853670 30395136 579170 6845 1.0
13:16:01:572 119854068 30176776 585040 6864 1.0
13:16:01:772 119852746 30449632 578935 6836 1.0
13:16:01:972 119853479 30375570 579292 6830 1.0
13:16:02:172 119852694 30443438 578952 6835 1.0
13:16:02:572 119854021 30178622 585069 6849 1.0
13:16:02:772 119852770 30468142 578856 6828 1.0
13:16:02:972 119853688 30368362 579188 6835 1.0
13:16:03:172 119852995 30466480 578847 6833 1.0
13:16:03:572 119853117 30173788 585012 6848 1.0
13:16:03:772 119852906 30377649 579117 6846 1.0
13:16:03:972 119853625 30372895 579271 6835 1.0
13:16:04:172 119852723 30418642 578961 6830 1.0
13:16:04:572 119853458 30174317 584983 6838 1.0
13:16:04:772 119853435 30475685 578993 6837 1.0
13:16:04:972 119852907 30368425 579189 6828 1.0
13:16:05:172 119853468 30428267 579007 6842 1.0
13:16:05:572 119853215 30228924 583710 6835 1.0
13:16:05:772 119853482 30450778 578958 6827 1.0
13:16:05:972 119852845 30365857 579121 6840 1.0
13:16:06:172 119853573 30407902 579248 6835 1.0
13:16:06:572 119854036 30330928 580046 6819 1.0
13:16:06:772 119853023 30446171 578978 6848 1.0
13:16:06:972 119852800 30370555 579154 6834 1.0
13:16:07:372 119853298 30175743 585045 6864 1.0
13:16:07:572 119853440 30375783 579299 6826 1.0
13:16:07:772 119852781 30426949 578950 6821 1.0
13:16:07:972 119853364 30365078 579104 6824 1.0
13:16:08:372 119853953 30181274 585139 6846 1.0
13:16:08:572 119852854 30369251 579186 6840 1.0
13:16:08:772 119852781 30431960 578908 6840 1.0
13:16:08:972 119853653 30373232 579315 6839 1.0
13:16:09:372 119854118 30176430 585013 6847 1.0
13:16:09:572 119853024 30367133 579157 6845 1.0
13:16:09:772 119853458 30466807 579092 6847 1.0
13:16:09:972 119852986 30368784 579149 6851 1.0
13:16:10:372 119854129 30183882 585164 6842 1.0
13:16:10:572 119853046 30365634 579115 6844 1.0
13:16:10:772 119853517 30439944 579011 6835 1.0
13:16:10:972 119852738 30364321 579083 6837 1.0
13:16:11:372 119853288 30175461 584985 6850 1.0
13:16:11:572 119853472 30370390 579244 6849 1.0
13:16:11:772 119852977 30407596 579206 6850 1.0
13:16:11:972 119852790 30368086 579115 6837 1.0
13:16:12:372 119853228 30175393 584984 6862 1.0
13:16:12:572 119853690 30371302 579249 6839 1.0
13:16:12:772 119852834 30405105 579018 6854 1.0
13:16:12:972 119853493 30369448 579202 6839 1.0
13:16:13:372 119853390 30175562 585021 6853 1.0
13:16:13:572 119853554 30367444 579127 6831 1.0
13:16:13:772 119852737 30365942 579075 6826 1.0
13:16:13:972 119853601 30373077 579221 6837 1.0
13:16:14:372 119854034 30178756 585074 6832 1.0
13:16:14:572 119852784 30371101 579261 6816 1.0
13:16:14:772 119853835 30419557 578959 6843 1.0
13:16:14:972 119852855 30370735 579251 6831 1.0
13:16:15:372 119854176 30180511 585119 6838 1.0
13:16:15:572 119852680 30366920 579149 6841 1.0
13:16:15:772 119853552 30395577 579015 6839 1.0
13:16:15:972 119853020 30373125 579218 6848 1.0
13:16:16:372 119853332 30175315 584994 6846 1.0
13:16:16:572 119852646 30367413 579159 6828 1.0
13:16:16:772 119853577 30436501 579112 6843 1.0
13:16:16:972 119852574 30365871 579108 6834 1.0
13:16:17:372 119853457 30181276 585138 6842 1.0
13:16:17:572 119853638 30366527 579140 6829 1.0
13:16:17:772 119852915 30400264 578983 6826 1.0
13:16:17:972 119853539 30370778 579234 6850 1.0
13:16:18:372 119853535 30175519 584987 6844 1.0
13:16:18:572 119853644 30368344 579187 6839 1.0
13:16:18:772 119852732 30383549 579245 6828 1.0
13:16:18:972 119853552 30366321 579103 6816 1.0
13:16:19:372 119854212 30176364 585011 6852 1.0
13:16:19:572 119853056 30371314 579174 6841 1.0
13:16:19:772 119852676 30399276 579104 6831 1.0
13:16:19:972 119853487 30365412 579103 6818 1.0
13:16:20:372 119854036 30174333 584957 6835 1.0
13:16:20:572 119853040 30369230 579212 6838 1.0
13:16:20:772 119853496 30431295 578960 6820 1.0
13:16:20:972 119852977 30370933 579266 6825 1.0
13:16:21:372 119853269 30176990 585028 6858 1.0
13:16:21:572 119852820 30374454 579285 6839 1.0
13:16:21:772 119853824 30439247 578964 6837 1.0
13:16:21:972 119852744 30367233 579157 6841 1.0
13:16:22:372 119853209 30179746 585075 6828 1.0
13:16:22:572 119853500 30365682 579103 6824 1.0
13:16:22:772 119852927 30391891 579117 6845 1.0
13:16:22:972 119852918 30365337 579108 6830 1.0
13:16:23:372 119853271 30176660 585045 6847 1.0
13:16:23:572 119853690 30364555 579096 6823 1.0
13:16:23:772 119852831 30455397 578945 6859 1.0
13:16:23:972 119853596 30367790 579173 6832 1.0
13:16:24:372 119854069 30176322 585009 6839 1.0
13:16:24:572 119853017 30373950 579319 6846 1.0
13:16:24:772 119852836 30429960 578929 6829 1.0
13:16:24:972 119853195 30368861 579200 6826 1.0
13:16:25:372 119854013 30177842 585048 6853 1.0
13:16:25:572 119852979 30369643 579194 6848 1.0
13:16:25:772 119853386 30396146 579062 6832 1.0
13:16:25:972 119853056 30375184 579274 6843 1.0
13:16:26:372 119854008 30174726 584985 6837 1.0
13:16:26:572 119852809 30375984 579297 6843 1.0
13:16:26:772 119853555 30434970 578978 6838 1.0
13:16:26:972 119852880 30366859 579108 6841 1.0
13:16:27:372 119853479 30182635 585175 6843 1.0
13:16:27:572 119852967 30366582 579143 6838 1.0
13:16:27:772 119853642 30420401 579018 6839 1.0
13:16:27:972 119852829 30369559 579218 6829 1.0
13:16:28:372 119853156 30202128 584021 6845 1.0
13:16:28:572 119853438 30367744 579171 6845 1.0
13:16:28:772 119852884 30377631 579196 6833 1.0
13:16:28:972 119853411 30367965 579178 6838 1.0
13:16:29:372 119853345 30324508 580707 6819 1.0
13:16:29:572 119853585 30367322 579163 6848 1.0
13:16:29:772 119852767 30423741 578996 6838 1.0
13:16:30:172 119853611 30183745 585204 6849 1.0
13:16:30:372 119853619 30444499 578938 6844 1.0
13:16:30:572 119853015 30364543 579108 6832 1.0
13:16:30:772 119852861 30460137 579062 6846 1.0
13:16:31:172 119853438 30171859 584908 6854 1.0
13:16:31:372 119853552 30395374 579054 6842 1.0
13:16:31:572 119853124 30370228 579238 6841 1.0
13:16:31:772 119853623 30418091 579009 6837 1.0
13:16:32:172 119854078 30179144 585084 6851 1.0
13:16:32:372 119852682 30387132 579129 6828 1.0
13:16:32:572 119852848 30365462 579110 6834 1.0
13:16:32:772 119853413 30370011 579162 6839 1.0
13:16:33:172 119854162 30177386 585038 6849 1.0
13:16:33:372 119852916 30427996 578974 6835 1.0
13:16:33:572 119853581 30375867 579294 6848 1.0
13:16:33:772 119852853 30408149 578959 6832 1.0
13:16:34:172 119854016 30175838 585018 6842 1.0
13:16:34:372 119852879 30473242 579034 6833 1.0
13:16:34:572 119853683 30369327 579186 6845 1.0
13:16:34:772 119852914 30424707 578983 6847 1.0
13:16:35:172 119853166 30175171 585003 6844 1.0
13:16:35:372 119853428 30431747 579099 6832 1.0
13:16:35:572 119852902 30366883 579122 6840 1.0
13:16:35:772 119852728 30451457 579030 6855 1.0
13:16:36:172 119853296 30174346 584957 6843 1.0
13:16:36:372 119853713 30461626 579000 6842 1.0
13:16:36:572 119852949 30369370 579211 6839 1.0
13:16:36:772 119853620 30406243 579009 6863 1.0
13:16:37:172 119853124 30179292 585045 6853 1.0
13:16:37:372 119853419 30470090 578922 6826 1.0
13:16:37:572 119852799 30366676 579143 6828 1.0
13:16:37:772 119853602 30413013 579258 6827 1.0
13:16:38:172 119854143 30176332 585009 6851 1.0
13:16:38:372 119852831 30404274 579122 6859 1.0
13:16:38:572 119853624 30374998 579273 6833 1.0
13:16:38:772 119852835 30370773 579235 6849 1.0
13:16:39:172 119854090 30180860 585070 6852 1.0
13:16:39:372 119852809 30430163 579087 6830 1.0
13:16:39:572 119853502 30369507 579167 6831 1.0
13:16:39:772 119852839 30409277 579053 6842 1.0
13:16:40:172 119853326 30177198 585032 6847 1.0
13:16:40:372 119852952 30442101 578939 6825 1.0
13:16:40:572 119853747 30369138 579182 6836 1.0
13:16:40:772 119852797 30401294 579109 6830 1.0
13:16:41:172 119853504 30174251 584955 6856 1.0
13:16:41:372 119853488 30474687 578994 6840 1.0
13:16:41:572 119852780 30366455 579137 6824 1.0
13:16:41:772 119853347 30386107 579042 6829 1.0
13:16:42:172 119853366 30184710 585137 6850 1.0
13:16:42:372 119853529 30450635 579014 6837 1.0
13:16:42:572 119852837 30365503 579110 6847 1.0
13:16:42:772 119853459 30442597 579146 6844 1.0
13:16:43:172 119854155 30175854 585040 6849 1.0
13:16:43:372 119852842 30468860 578862 6852 1.0
13:16:43:572 119853032 30373610 579327 6832 1.0
13:16:43:772 119853447 30447663 578900 6839 1.0
13:16:44:172 119854093 30184272 585184 6853 1.0
13:16:44:372 119852963 30446736 578927 6820 1.0
13:16:44:572 119853711 30365385 579110 6836 1.0
13:16:44:772 119852832 30460300 578878 6825 1.0
13:16:45:172 119853540 30175191 584979 6852 1.0
13:16:45:372 119852711 30367097 579119 6834 1.0
13:16:45:572 119853370 30376719 579316 6828 1.0
13:16:45:772 119852684 30439212 578988 6839 1.0
13:16:46:172 119853224 30173211 584927 6843 1.0
13:16:46:372 119853518 30383685 579251 6833 1.0
13:16:46:572 119853039 30365717 579117 6845 1.0
13:16:46:772 119852753 30451461 578886 6823 1.0
13:16:47:172 119853167 30175523 584991 6840 1.0
13:16:47:372 119853615 30429070 578960 6842 1.0
13:16:47:572 119852809 30367712 579172 6845 1.0
13:16:47:772 119853491 30417741 579106 6823 1.0
13:16:48:172 119853915 30178285 585060 6835 1.0
13:16:48:372 119853076 30428237 579165 6850 1.0
13:16:48:572 119852750 30368017 579114 6833 1.0
13:16:48:772 119853359 30417718 579058 6843 1.0
13:16:49:172 119853904 30178724 585040 6843 1.0
13:16:49:372 119852734 30393294 579014 6834 1.0
13:16:49:572 119853506 30368883 579200 6838 1.0
13:16:49:772 119852746 30451858 578969 6829 1.0
13:16:50:172 119853994 30174523 584961 6853 1.0
13:16:50:372 119852840 30400093 579002 6830 1.0
13:16:50:572 119853311 30371640 579184 6830 1.0
13:16:50:772 119852809 30391323 579147 6823 1.0
13:16:51:172 119853460 30197766 584764 6860 1.0
13:16:51:372 119853621 30414496 579011 6842 1.0
13:16:51:572 119852910 30368429 579191 6840 1.0
13:16:51:772 119852824 30404466 579055 6834 1.0
13:16:52:172 119853352 30299574 581140 6840 1.0
13:16:52:372 119853646 30397802 578996 6848 1.0
13:16:52:572 119852937 30373125 579224 6850 1.0
13:16:52:972 119853233 30174543 584962 6843 1.0
13:16:53:172 119852775 30365291 579107 6843 1.0
13:16:53:372 119853630 30439744 579002 6845 1.0
13:16:53:572 119852807 30367495 579165 6842 1.0
13:16:53:972 119853382 30178941 585077 6843 1.0
13:16:54:172 119853507 30365496 579112 6833 1.0
13:16:54:372 119852840 30386883 579047 6828 1.0
13:16:54:572 119853554 30368474 579191 6831 1.0
13:16:54:972 119853247 30177013 585029 6836 1.0
13:16:55:172 119853396 30364926 579096 6824 1.0
13:16:55:372 119852811 30477467 579005 6834 1.0
13:16:55:572 119853645 30365132 579103 6838 1.0
13:16:55:972 119853918 30176560 585040 6841 1.0
13:16:56:172 119852903 30368490 579119 6841 1.0
13:16:56:372 119852727 30385228 579106 6834 1.0
13:16:56:572 119853546 30365974 579103 6831 1.0
13:16:56:972 119854219 30175620 584990 6860 1.0
13:16:57:172 119852769 30365054 579101 6828 1.0
13:16:57:372 119853504 30396116 579152 6839 1.0
13:16:57:572 119852722 30372436 579243 6834 1.0
13:16:57:972 119853449 30171695 584934 6840 1.0
13:16:58:172 119852828 30370464 579200 6836 1.0
13:16:58:372 119853531 30391360 579204 6838 1.0
13:16:58:572 119852853 30367027 579184 6862 1.0
13:16:58:972 119853400 30181477 585063 6856 1.0
13:16:59:172 119853670 30366911 579139 6846 1.0
13:16:59:372 119852890 30418775 579068 6836 1.0
13:16:59:572 119853014 30364717 579089 6846 1.0
13:16:59:972 119853235 30173814 585027 6845 1.0
13:17:00:172 119853467 30369425 579122 6840 1.0
13:17:00:372 119852827 30373229 579308 6850 1.0
13:17:00:572 119853525 30368407 579170 6843 1.0
13:17:00:972 119853314 30177065 585028 6839 1.0
13:17:01:172 119853554 30371474 579270 6830 1.0
13:17:01:372 119852753 30407550 579036 6840 1.0
13:17:01:572 119853493 30366067 579127 6830 1.0
13:17:01:972 119853925 30175820 584995 6838 1.0
13:17:02:172 119853015 30364161 579078 6842 1.0
13:17:02:372 119853672 30441966 578959 6846 1.0
13:17:02:572 119852910 30374332 579251 6844 1.0
13:17:02:972 119853998 30176426 585040 6843 1.0
13:17:03:172 119852940 30373952 579310 6839 1.0
13:17:03:372 119853499 30438526 578957 6833 1.0
13:17:03:572 119852783 30368990 579206 6840 1.0
13:17:03:972 119853350 30183325 585193 6847 1.0
13:17:04:172 119852863 30370195 579143 6847 1.0
13:17:04:372 119853570 30457774 578884 6836 1.0
13:17:04:572 119852780 30373917 579314 6854 1.0
13:17:04:972 119853331 30174388 584956 6849 1.0
13:17:05:172 119853478 30368445 579192 6854 1.0
13:17:05:372 119852926 30404506 579099 6840 1.0
13:17:05:572 119853500 30368034 579170 6845 1.0
13:17:05:972 119853470 30180960 585087 6847 1.0
13:17:06:172 119853605 30365556 579115 6844 1.0
13:17:06:372 119852710 30431638 579065 6831 1.0
13:17:06:572 119853687 30366728 579144 6824 1.0
13:17:06:972 119853961 30177584 585041 6845 1.0
13:17:07:172 119853034 30367123 579155 6825 1.0
13:17:07:372 119852888 30393444 579235 6845 1.0
13:17:07:572 119853537 30367352 579142 6836 1.0
13:17:07:972 119854290 30177125 585030 6843 1.0
13:17:08:172 119852821 30374226 579252 6846 1.0
13:17:08:372 119853709 30457004 579023 6832 1.0
13:17:08:572 119852785 30371049 579164 6858 1.0
13:17:08:972 119853266 30174518 584974 6836 1.0
13:17:09:172 119852898 30366648 579144 6842 1.0
13:17:09:372 119853514 30455511 578895 6825 1.0
13:17:09:572 119852751 30371313 579264 6830 1.0
13:17:09:972 119853215 30175828 585015 6826 1.0
13:17:10:172 119853493 30374658 579338 6849 1.0
13:17:10:372 119852731 30433165 578936 6837 1.0
13:17:10:572 119852661 30367947 579178 6849 1.0
13:17:10:972 119853005 30184251 585173 6839 1.0
13:17:11:172 119853526 30366976 579103 6838 1.0
13:17:11:372 119852895 30423275 578962 6827 1.0
13:17:11:572 119853483 30372409 579258 6838 1.0
13:17:11:972 119853811 30178076 585055 6838 1.0
13:17:12:172 119852875 30366218 579124 6838 1.0
13:17:12:372 119852956 30436894 579088 6837 1.0
13:17:12:572 119853172 30365088 579102 6829 1.0
13:17:12:972 119854103 30180697 585115 6854 1.0
13:17:13:172 119852944 30366099 579129 6835 1.0
13:17:13:372 119853538 30415354 579098 6832 1.0
13:17:13:572 119852761 30366167 579131 6832 1.0
13:17:13:972 119853942 30173763 584927 6845 1.0
13:17:14:172 119852978 30366098 579108 6850 1.0
13:17:14:372 119853510 30470791 579085 6821 1.0
13:17:14:572 119852809 30366402 579135 6828 1.0
13:17:14:972 119853345 30285655 581630 6826 1.0
13:17:15:172 119853471 30375105 579273 6845 1.0
13:17:15:372 119852898 30451690 579003 6836 1.0
13:17:15:772 119854230 30174996 585040 6850 1.0
13:17:15:972 119852633 30382733 579144 6844 1.0
13:17:16:172 119853526 30368152 579184 6825 1.0
13:17:16:372 119852717 30406412 579009 6832 1.0
13:17:16:772 119853202 30178421 585061 6844 1.0
13:17:16:972 119852951 30447279 578858 6841 1.0
13:17:17:172 119853595 30366061 579128 6829 1.0
13:17:17:372 119852838 30379366 579183 6848 1.0
13:17:17:772 119853308 30173402 584932 6846 1.0
13:17:17:972 119853370 30448245 579068 6834 1.0
13:17:18:172 119852809 30364963 579100 6828 1.0
13:17:18:372 119853782 30416677 579081 6841 1.0
13:17:18:772 119853292 30181819 585086 6843 1.0
13:17:18:972 119853671 30396827 579010 6826 1.0
13:17:19:172 119852666 30365419 579109 6852 1.0
13:17:19:372 119853481 30450916 579137 6826 1.0
13:17:19:772 119854081 30179998 585084 6863 1.0
13:17:19:972 119852623 30462528 578926 6802 1.0
13:17:20:172 119852860 30375608 579299 6837 1.0
13:17:20:372 119853519 30463856 578904 6831 1.0
13:17:20:772 119854081 30180941 585131 6851 1.0
13:17:20:972 119852813 30395377 579103 6830 1.0
13:17:21:172 119853573 30366677 579144 6837 1.0
13:17:21:372 119852806 30382543 579104 6841 1.0
13:17:21:772 119853473 30175733 584991 6842 1.0
13:17:21:972 119852849 30417831 579117 6837 1.0
13:17:22:172 119853642 30371155 579194 6842 1.0
13:17:22:372 119852523 30437297 579026 6830 1.0
13:17:22:772 119853211 30173870 585023 6853 1.0
13:17:22:972 119853510 30470278 579001 6813 1.0
13:17:23:172 119852794 30364247 579081 6832 1.0
13:17:23:372 119852985 30399850 579083 6834 1.0
13:17:23:772 119853171 30174176 585018 6839 1.0
13:17:23:972 119853733 30430922 578959 6835 1.0
13:17:24:172 119852955 30365949 579124 6846 1.0
13:17:24:372 119853571 30423773 579173 6835 1.0
13:17:24:772 119853988 30175831 584997 6849 1.0
13:17:24:972 119852758 30477893 578973 6844 1.0
13:17:25:172 119852696 30365989 579126 6846 1.0
13:17:25:372 119853572 30411079 579039 6836 1.0
13:17:25:772 119853963 30181035 585099 6851 1.0
13:17:25:972 119852913 30409221 579058 6835 1.0
13:17:26:172 119853439 30365210 579103 6832 1.0
13:17:26:372 119852860 30460152 579006 6828 1.0
13:17:26:772 119853883 30173692 584940 6848 1.0
13:17:26:972 119852651 30383628 579117 6843 1.0
13:17:27:172 119853636 30371804 579276 6823 1.0
13:17:27:372 119852877 30421585 578994 6828 1.0
13:17:27:772 119853510 30178545 585045 6843 1.0
13:17:27:972 119852911 30417891 578983 6833 1.0
13:17:28:172 119853604 30368840 579198 6830 1.0
13:17:28:372 119852942 30391897 579148 6842 1.0
13:17:28:772 119853322 30174860 584971 6843 1.0
13:17:28:972 119853330 30424461 579080 6830 1.0
13:17:29:172 119852836 30372672 579300 6834 1.0
13:17:29:372 119853313 30419354 578928 6844 1.0
13:17:29:772 119853396 30174873 585036 6842 1.0
13:17:29:972 119853571 30443775 579090 6825 1.0
13:17:30:172 119852766 30366985 579139 6832 1.0
13:17:30:372 119853514 30432816 578984 6836 1.0
13:17:30:772 119854008 30171994 584895 6844 1.0
13:17:30:972 119853000 30379207 579136 6834 1.0
13:17:31:172 119852691 30366072 579127 6829 1.0
13:17:31:372 119853525 30380012 579166 6830 1.0
13:17:31:772 119854186 30176701 585018 6834 1.0
13:17:31:972 119852698 30451992 578975 6836 1.0
13:17:32:172 119853651 30367705 579156 6841 1.0
13:17:32:372 119852788 30398169 579065 6846 1.0
13:17:32:772 119853393 30181121 585136 6854 1.0
13:17:32:972 119852615 30410193 578998 6842 1.0
13:17:33:172 119853681 30368051 579122 6841 1.0
13:17:33:372 119852704 30468534 578892 6831 1.0
13:17:33:772 119853215 30175201 585008 6842 1.0
13:17:33:972 119853718 30430769 579093 6832 1.0
13:17:34:172 119853049 30371686 579183 6856 1.0
13:17:34:372 119852702 30442839 579050 6832 1.0
13:17:34:772 119853282 30178749 585073 6843 1.0
13:17:34:972 119853736 30428681 579053 6846 1.0
13:17:35:172 119852842 30368796 579170 6842 1.0
13:17:35:372 119853581 30371227 579108 6839 1.0
13:17:35:772 119854082 30174579 584963 6847 1.0
13:17:35:972 119852880 30409879 579040 6840 1.0
13:17:36:172 119852768 30370338 579218 6839 1.0
13:17:36:372 119853585 30382371 579303 6845 1.0
13:17:36:772 119854111 30179562 585061 6844 1.0
13:17:36:972 119852792 30391748 579232 6827 1.0
13:17:37:172 119853692 30367541 579125 6834 1.0
13:17:37:372 119852749 30421641 579029 6839 1.0
13:17:37:772 119854075 30274910 582191 6843 1.0
13:17:37:972 119852927 30398245 579082 6838 1.0
13:17:38:172 119853673 30366007 579126 6851 1.0
13:17:38:572 119853971 30174559 584972 6846 1.0
13:17:38:772 119852733 30366086 579128 6831 1.0
13:17:38:972 119853594 30438576 578868 6832 1.0
13:17:39:172 119852910 30373890 579239 6849 1.0
13:17:39:572 119854033 30174885 585040 6842 1.0
13:17:39:772 119852757 30372282 579225 6844 1.0
13:17:39:972 119853653 30407313 579056 6851 1.0
13:17:40:172 119852975 30368295 579187 6838 1.0
13:17:40:572 119853121 30179811 585100 6828 1.0
13:17:40:772 119852895 30368761 579161 6854 1.0
13:17:40:972 119853578 30418212 579048 6846 1.0
13:17:41:172 119852932 30372578 579205 6849 1.0
13:17:41:572 119853280 30178126 585051 6843 1.0
13:17:41:772 119853467 30366752 579103 6824 1.0
13:17:41:972 119852989 30437813 579103 6838 1.0
13:17:42:172 119853688 30369487 579126 6840 1.0
13:17:42:572 119853332 30178007 585045 6848 1.0
13:17:42:772 119853704 30366909 579128 6819 1.0
13:17:42:972 119852497 30389413 579125 6836 1.0
13:17:43:172 119853553 30367853 579173 6821 1.0
13:17:43:572 119854074 30174836 584971 6846 1.0
13:17:43:772 119852904 30365647 579114 6826 1.0
13:17:43:972 119852828 30455394 579094 6833 1.0
13:17:44:172 119853652 30365811 579103 6814 1.0
13:17:44:572 119854086 30177051 585026 6848 1.0
13:17:44:772 119852893 30372349 579202 6850 1.0
13:17:44:972 119853754 30404770 579064 6831 1.0
13:17:45:172 119852720 30368769 579135 6842 1.0
13:17:45:572 119853271 30174041 584949 6852 1.0
13:17:45:772 119852677 30366252 579133 6829 1.0
13:17:45:972 119853241 30418093 579036 6833 1.0
13:17:46:172 119852903 30369931 579170 6839 1.0
13:17:46:572 119853441 30176536 585013 6852 1.0
13:17:46:772 119853700 30369263 579211 6833 1.0
13:17:46:972 119852710 30384227 579078 6829 1.0
13:17:47:172 119852873 30366427 579136 6840 1.0
13:17:47:572 119853255 30180195 585111 6839 1.0
13:17:47:772 119853641 30368032 579122 6841 1.0
13:17:47:972 119852941 30389946 579026 6839 1.0
13:17:48:172 119853435 30374401 579255 6834 1.0
13:17:48:572 119853927 30178290 585040 6836 1.0
13:17:48:772 119852853 30364777 579108 6847 1.0
13:17:48:972 119853049 30477477 579052 6830 1.0
13:17:49:172 119853435 30369260 579168 6840 1.0
13:17:49:572 119854045 30182368 585168 6848 1.0
13:17:49:772 119852987 30366821 579147 6837 1.0
13:17:49:972 119853503 30430708 578977 6823 1.0
13:17:50:172 119852842 30367760 579171 6854 1.0
13:17:50:572 119854216 30174878 584971 6849 1.0
13:17:50:772 119852861 30367197 579157 6829 1.0
13:17:50:972 119853598 30464923 578932 6833 1.0
13:17:51:172 119852838 30370818 579159 6851 1.0
13:17:51:572 119853321 30177768 585045 6834 1.0
13:17:51:772 119853502 30368941 579154 6832 1.0
13:17:51:972 119852828 30410632 579066 6843 1.0
13:17:52:172 119852739 30368838 579125 6833 1.0
13:17:52:572 119853297 30184944 585237 6847 1.0
13:17:52:772 119853468 30366226 579122 6835 1.0
13:17:52:972 119852766 30446821 578957 6835 1.0
13:17:53:172 119853456 30377291 579331 6836 1.0
13:17:53:572 119853166 30176057 585003 6860 1.0
13:17:53:772 119853551 30367180 579155 6839 1.0
13:17:53:972 119852726 30429448 579083 6829 1.0
13:17:54:172 119853569 30366358 579135 6827 1.0
13:17:54:572 119854169 30178744 585046 6842 1.0
13:17:54:772 119852798 30368644 579130 6832 1.0
13:17:54:972 119853409 30381464 579090 6838 1.0
13:17:55:172 119852845 30365947 579108 6840 1.0
13:17:55:572 119854163 30174330 585029 6838 1.0
13:17:55:772 119852641 30364476 579105 6840 1.0
13:17:55:972 119853483 30446960 579030 6847 1.0
13:17:56:172 119852665 30365986 579125 6837 1.0
13:17:56:572 119853147 30174209 584954 6849 1.0
13:17:56:772 119852668 30373553 579323 6833 1.0
13:17:56:972 119853785 30399194 578972 6849 1.0
13:17:57:172 119852589 30367154 579156 6829 1.0
13:17:57:572 119853213 30172625 584913 6854 1.0
13:17:57:772 119853513 30365907 579125 6830 1.0
13:17:57:972 119852694 30429255 578985 6843 1.0
13:17:58:172 119852982 30372719 579209 6843 1.0
13:17:58:572 119853341 30174384 585036 6840 1.0
13:17:58:772 119853445 30370314 579148 6834 1.0
13:17:58:972 119852838 30392926 579081 6834 1.0
13:17:59:172 119853488 30365955 579122 6826 1.0
13:17:59:572 119854009 30180248 585081 6856 1.0
13:17:59:772 119852759 30367451 579163 6842 1.0
13:17:59:972 119852895 30408948 579020 6841 1.0
13:18:00:172 119853419 30375621 579287 6832 1.0
13:18:00:572 119854173 30268152 582030 6824 1.0
13:18:00:772 119852795 30367526 579166 6837 1.0
13:18:00:972 119853543 30406083 579202 6842 1.0
13:18:01:372 119853403 30180872 585062 6851 1.0
13:18:01:572 119853544 30410463 579194 6837 1.0
13:18:01:772 119852922 30367678 579170 6847 1.0
13:18:01:972 119853532 30425250 578970 6833 1.0
13:18:02:372 119853911 30181617 585148 6836 1.0
13:18:02:572 119852930 30415088 578987 6838 1.0
13:18:02:772 119853738 30366063 579109 6834 1.0
13:18:02:972 119852752 30441041 579014 6846 1.0
13:18:03:373 119854295 30172088 584898 6857 1.0
13:18:03:573 119852898 30459245 578909 6836 1.0
13:18:03:773 119853713 30373936 579265 6837 1.0
13:18:03:973 119852953 30404200 579084 6840 1.0
13:18:04:373 119853434 30179966 585052 6842 1.0
13:18:04:573 119852797 30413186 579005 6832 1.0
13:18:04:773 119853574 30365404 579112 6856 1.0
13:18:04:973 119852862 30438663 578956 6835 1.0
13:18:05:373 119853069 30175320 584983 6845 1.0
13:18:05:573 119853683 30426854 579009 6835 1.0
13:18:05:773 119852705 30375616 579350 6832 1.0
13:18:05:973 119853452 30447722 578853 6843 1.0
13:18:06:373 119853222 30175692 584993 6847 1.0
13:18:06:573 119853416 30401514 579095 6841 1.0
13:18:06:773 119852891 30364149 579078 6840 1.0
13:18:06:973 119853557 30437460 578942 6837 1.0
13:18:07:373 119854125 30178175 585058 6847 1.0
13:18:07:573 119852751 30379705 579120 6848 1.0
13:18:07:773 119852769 30368176 579173 6828 1.0
13:18:07:973 119853653 30411529 579112 6841 1.0
13:18:08:373 119854048 30175208 585040 6849 1.0
13:18:08:573 119852775 30368731 579117 6853 1.0
13:18:08:773 119853449 30371488 579190 6831 1.0
13:18:08:973 119852879 30397876 579074 6846 1.0
13:18:09:373 119853365 30178691 585071 6852 1.0
13:18:09:573 119852637 30428416 579027 6839 1.0
13:18:09:773 119853430 30368093 579183 6841 1.0
13:18:09:973 119852664 30396314 579058 6838 1.0
13:18:10:373 119853354 30178859 585049 6846 1.0
13:18:10:573 119853534 30437160 578975 6832 1.0
13:18:10:773 119852854 30376772 579315 6836 1.0
13:18:10:973 119852759 30438258 578998 6834 1.0
13:18:11:373 119853451 30174742 585039 6840 1.0
13:18:11:573 119853486 30416682 579114 6843 1.0
13:18:11:773 119852814 30366209 579112 6830 1.0
13:18:11:973 119853583 30470344 578853 6834 1.0
13:18:12:373 119854160 30175053 584976 6854 1.0
13:18:12:573 119852898 30391864 579033 6844 1.0
13:18:12:773 119852793 30368170 579166 6846 1.0
13:18:12:973 119853473 30428360 579154 6832 1.0
13:18:13:373 119854028 30173305 584938 6855 1.0
13:18:13:573 119852725 30463610 579117 6833 1.0
13:18:13:773 119853533 30368829 579152 6835 1.0
13:18:13:973 119852949 30413889 578983 6843 1.0
13:18:14:373 119854043 30186014 585177 6849 1.0
13:18:14:573 119852801 30443001 578980 6826 1.0
13:18:14:773 119853514 30367981 579118 6842 1.0
13:18:14:973 119852721 30401292 579203 6844 1.0
13:18:15:373 119853402 30174721 584967 6844 1.0
13:18:15:573 119853478 30419002 578981 6818 1.0
13:18:15:773 119852930 30371592 579265 6837 1.0
13:18:15:973 119852766 30378520 579028 6851 1.0
13:18:16:373 119853377 30180555 585121 6855 1.0
13:18:16:573 119853418 30400356 579063 6832 1.0
13:18:16:773 119852932 30366054 579126 6840 1.0
13:18:16:973 119853503 30452430 578913 6827 1.0
13:18:17:373 119853251 30173758 584943 6856 1.0
13:18:17:573 119853610 30420435 578975 6832 1.0
13:18:17:773 119852783 30377962 579347 6842 1.0
13:18:17:973 119853459 30443686 578994 6840 1.0
13:18:18:373 119854120 30176573 585040 6852 1.0
13:18:18:573 119852881 30473243 579015 6854 1.0
13:18:18:773 119853678 30369321 579205 6849 1.0
13:18:18:973 119852833 30454542 578923 6832 1.0
13:18:19:373 119854162 30174946 585013 6847 1.0
13:18:19:573 119852768 30421788 578985 6844 1.0
13:18:19:773 119853541 30368346 579189 6836 1.0
13:18:19:973 119852912 30385181 579048 6831 1.0
13:18:20:373 119853325 30171536 584880 6852 1.0
13:18:20:573 119852921 30428770 579107 6830 1.0
13:18:20:773 119853540 30367088 579113 6836 1.0
13:18:20:973 119852769 30394502 579107 6845 1.0
13:18:21:373 119853296 30178581 585057 6845 1.0
13:18:21:573 119853553 30466850 578830 6830 1.0
13:18:21:773 119852945 30367301 579131 6828 1.0
13:18:21:973 119853698 30471685 579041 6828 1.0
13:18:22:373 119853482 30175594 584956 6867 1.0
13:18:22:573 119853681 30387017 579090 6833 1.0
13:18:22:773 119852763 30372604 579295 6833 1.0
13:18:22:973 119853407 30416064 578967 6823 1.0
13:18:23:373 119854125 30277804 582200 6831 1.0
13:18:23:573 119852790 30426198 578966 6833 1.0
13:18:23:773 119852845 30364974 579097 6840 1.0
13:18:24:173 119853312 30181390 585055 6852 1.0
13:18:24:373 119853397 30369877 579222 6825 1.0
13:18:24:573 119852850 30438728 578983 6846 1.0
13:18:24:773 119853536 30371409 579175 6846 1.0
13:18:25:173 119854085 30177850 585050 6848 1.0
13:18:25:373 119852957 30368449 579190 6832 1.0
13:18:25:573 119852791 30408279 579160 6837 1.0
13:18:25:773 119853714 30365853 579121 6843 1.0
13:18:26:173 119854044 30174066 584949 6858 1.0
13:18:26:373 119852875 30375009 579356 6843 1.0
13:18:26:573 119853741 30408284 579005 6825 1.0
13:18:26:773 119852966 30367453 579164 6841 1.0
13:18:27:173 119854172 30173791 584943 6842 1.0
13:18:27:373 119852794 30366745 579145 6838 1.0
13:18:27:573 119853670 30457925 578971 6841 1.0
13:18:27:773 119852865 30369361 579214 6839 1.0
13:18:28:173 119853331 30174279 585029 6844 1.0
13:18:28:373 119852983 30368304 579124 6848 1.0
13:18:28:573 119853548 30470291 578853 6826 1.0
13:18:28:773 119852815 30368655 579165 6838 1.0
13:18:29:173 119853250 30178254 585059 6841 1.0
13:18:29:373 119853480 30365103 579103 6830 1.0
13:18:29:573 119852762 30371461 579153 6831 1.0
13:18:29:773 119853756 30374599 579260 6850 1.0
13:18:30:173 119853291 30180004 585105 6844 1.0
13:18:30:373 119853513 30367557 579116 6836 1.0
13:18:30:573 119852730 30463257 579041 6845 1.0
13:18:30:773 119853586 30367389 579160 6833 1.0
13:18:31:173 119854119 30182259 585074 6849 1.0
13:18:31:373 119852882 30367371 579161 6832 1.0
13:18:31:573 119852642 30401945 579034 6838 1.0
13:18:31:773 119853707 30366846 579103 6830 1.0
13:18:32:173 119853977 30176360 585010 6849 1.0
13:18:32:373 119852816 30364929 579105 6832 1.0
13:18:32:573 119853549 30456903 579112 6821 1.0
13:18:32:773 119852931 30365620 579108 6825 1.0
13:18:33:173 119853364 30175713 584993 6837 1.0
13:18:33:373 119852716 30376316 579304 6828 1.0
13:18:33:573 119853583 30436615 579012 6840 1.0
13:18:33:773 119852852 30366647 579143 6829 1.0
13:18:34:173 119853188 30173977 584966 6842 1.0
13:18:34:373 119853663 30366730 579145 6827 1.0
13:18:34:573 119852901 30462204 578895 6844 1.0
13:18:34:773 119852807 30375379 579311 6838 1.0
13:18:35:173 119853578 30172697 585005 6842 1.0
13:18:35:373 119853543 30374160 579249 6845 1.0
13:18:35:573 119852910 30397527 579003 6835 1.0
13:18:35:773 119853286 30369089 579208 6822 1.0
13:18:36:173 119854164 30179345 585089 6850 1.0
13:18:36:373 119852944 30366814 579145 6852 1.0
13:18:36:573 119852674 30392646 579028 6839 1.0
13:18:36:773 119853521 30373859 579240 6821 1.0
13:18:37:173 119854140 30174859 584969 6860 1.0
13:18:37:373 119852817 30370896 579199 6838 1.0
13:18:37:573 119853453 30446621 579085 6839 1.0
13:18:37:773 119852697 30367110 579135 6841 1.0
13:18:38:173 119854200 30184593 585212 6840 1.0
13:18:38:373 119852765 30363749 579067 6844 1.0
13:18:38:573 119853727 30394693 579006 6832 1.0
13:18:38:773 119852937 30371062 579260 6846 1.0
13:18:39:173 119853278 30175696 584993 6861 1.0
13:18:39:373 119853648 30365312 579109 6830 1.0
13:18:39:573 119852857 30469157 579043 6848 1.0
13:18:39:773 119852918 30368071 579109 6846 1.0
13:18:40:173 119853317 30175611 584990 6851 1.0
13:18:40:373 119853666 30367186 579156 6847 1.0
13:18:40:573 119852758 30461812 578864 6847 1.0
13:18:40:773 119853683 30368149 579159 6836 1.0
13:18:41:173 119853331 30176943 585045 6832 1.0
13:18:41:373 119853530 30369287 579172 6838 1.0
13:18:41:573 119852896 30403529 579048 6840 1.0
13:18:41:773 119853844 30370541 579256 6844 1.0
13:18:42:173 119854057 30175934 585000 6850 1.0
13:18:42:373 119852805 30371039 579258 6835 1.0
13:18:42:573 119853704 30385005 579032 6844 1.0
13:18:42:773 119852806 30368683 579196 6841 1.0
13:18:43:173 119854094 30181244 585115 6854 1.0
13:18:43:373 119853019 30365131 579108 6843 1.0
13:18:43:573 119853419 30406470 579108 6839 1.0
13:18:43:773 119852870 30369483 579126 6828 1.0
13:18:44:173 119853430 30174470 585006 6855 1.0
13:18:44:373 119852886 30365850 579123 6838 1.0
13:18:44:573 119853541 30459409 578943 6833 1.0
13:18:44:773 119852973 30368629 579196 6832 1.0
13:18:45:173 119853285 30181377 585109 6847 1.0
13:18:45:373 119853442 30372281 579231 6837 1.0
13:18:45:573 119852964 30462248 578897 6848 1.0
13:18:45:773 119853368 30365402 579109 6837 1.0
13:18:46:173 119853117 30272519 582124 6834 1.0
13:18:46:373 119853583 30365772 579120 6831 1.0
13:18:46:573 119852834 30470001 578899 6842 1.0
13:18:46:973 119853299 30176143 585005 6846 1.0
13:18:47:173 119853545 30465145 578964 6836 1.0
13:18:47:373 119852791 30373871 579262 6826 1.0
13:18:47:573 119852835 30435146 578963 6844 1.0
13:18:47:973 119853230 30173843 584972 6851 1.0
13:18:48:173 119853574 30450373 579077 6846 1.0
13:18:48:373 119852672 30367089 579152 6829 1.0
13:18:48:573 119853313 30436379 578982 6838 1.0
13:18:48:973 119853950 30177100 585040 6845 1.0
13:18:49:173 119852942 30429255 578957 6833 1.0
13:18:49:373 119852999 30367593 579168 6828 1.0
13:18:49:573 119853466 30399034 579084 6837 1.0
13:18:49:973 119853931 30174380 584959 6844 1.0
13:18:50:173 119853042 30377594 579264 6832 1.0
13:18:50:373 119853557 30369084 579205 6853 1.0
13:18:50:573 119852730 30441768 578976 6840 1.0
13:18:50:973 119854023 30182583 585173 6858 1.0
13:18:51:173 119852771 30443238 578972 6838 1.0
13:18:51:373 119853488 30367638 579149 6826 1.0
13:18:51:573 119852737 30380875 579274 6848 1.0
13:18:51:973 119853279 30171961 584985 6850 1.0
13:18:52:173 119853580 30427943 578871 6832 1.0
13:18:52:373 119852840 30372013 579265 6828 1.0
13:18:52:573 119852959 30375042 579124 6833 1.0
13:18:52:973 119853593 30181137 585135 6848 1.0
13:18:53:173 119853481 30398316 579030 6843 1.0
13:18:53:373 119852781 30365883 579121 6842 1.0
13:18:53:573 119853513 30471833 578932 6844 1.0
13:18:53:973 119853397 30174971 584973 6861 1.0
13:18:54:173 119853494 30423167 579003 6827 1.0
13:18:54:373 119852889 30373373 579227 6837 1.0
13:18:54:573 119853707 30409988 579020 6842 1.0
13:18:54:973 119853829 30174187 585030 6841 1.0
13:18:55:173 119852685 30446846 579039 6836 1.0
13:18:55:373 119853566 30364495 579086 6828 1.0
13:18:55:573 119852714 30400103 579091 6846 1.0
13:18:55:973 119854077 30178642 585071 6832 1.0
13:18:56:173 119852765 30391240 579006 6830 1.0
13:18:56:373 119853642 30365004 579100 6837 1.0
13:18:56:573 119852758 30391052 579283 6846 1.0
13:18:56:973 119853078 30172846 584989 6846 1.0
13:18:57:173 119853085 30381046 579173 6833 1.0
13:18:57:373 119853722 30367724 579108 6832 1.0
13:18:57:573 119852938 30383001 579104 6825 1.0
13:18:57:973 119853194 30177971 585052 6848 1.0
13:18:58:173 119853519 30458525 578914 6844 1.0
13:18:58:373 119852926 30367634 579170 6832 1.0
13:18:58:573 119852875 30388896 579247 6829 1.0
13:18:58:973 119853294 30174005 585026 6837 1.0
13:18:59:173 119853565 30419567 579026 6845 1.0
13:18:59:373 119852772 30376191 579303 6834 1.0
13:18:59:573 119853571 30472363 578968 6839 1.0
13:18:59:973 119854114 30182061 585161 6839 1.0
13:19:00:173 119852753 30459758 578992 6825 1.0
13:19:00:373 119852884 30365405 579110 6843 1.0
13:19:00:573 119853650 30383894 579112 6829 1.0
13:19:00:973 119854057 30178592 585069 6836 1.0
13:19:01:173 119852754 30436911 579007 6845 1.0
13:19:01:373 119853364 30369308 579217 6820 1.0
13:19:01:573 119852708 30443777 578994 6841 1.0
13:19:01:973 119854092 30176630 585017 6841 1.0
13:19:02:173 119852747 30388840 579227 6848 1.0
13:19:02:373 119853564 30371261 579172 6847 1.0
13:19:02:573 119852958 30458405 579017 6835 1.0
13:19:02:973 119853333 30188105 585245 6839 1.0
13:19:03:173 119853619 30384215 579064 6838 1.0
13:19:03:373 119852780 30366596 579144 6828 1.0
13:19:03:573 119853006 30404815 579190 6857 1.0
13:19:03:973 119853250 30173129 584971 6838 1.0
13:19:04:173 119853695 30449030 578927 6840 1.0
13:19:04:373 119852696 30372632 579265 6837 1.0
13:19:04:573 119853521 30409889 578971 6832 1.0
13:19:04:973 119853344 30180714 585123 6835 1.0
13:19:05:173 119853600 30404252 579018 6832 1.0
13:19:05:373 119852740 30371033 579258 6828 1.0
13:19:05:573 119853499 30397549 579118 6824 1.0
13:19:05:973 119854213 30174821 585035 6860 1.0
13:19:06:173 119852942 30407979 579015 6846 1.0
13:19:06:373 119853460 30371446 579207 6844 1.0
13:19:06:573 119852802 30387511 579117 6844 1.0
13:19:06:973 119854247 30178574 585057 6848 1.0
13:19:07:173 119852559 30461078 579081 6835 1.0
13:19:07:373 119853432 30366596 579124 6830 1.0
13:19:07:573 119852869 30382469 579126 6846 1.0
13:19:07:973 119853386 30178654 585056 6852 1.0
13:19:08:173 119852802 30467825 578888 6836 1.0
13:19:08:373 119853651 30368049 579181 6843 1.0
13:19:08:573 119852801 30416581 579080 6850 1.0
13:19:08:973 119853314 30267714 582012 6845 1.0
13:19:09:173 119853637 30417539 579112 6835 1.0
13:19:09:373 119853033 30370207 579152 6853 1.0
13:19:09:773 119853323 30173445 584933 6852 1.0
13:19:09:973 119852823 30371083 579258 6835 1.0
13:19:10:173 119853562 30368138 579121 6848 1.0
13:19:10:373 119852865 30370318 579167 6833 1.0
13:19:10:773 119853044 30178043 585054 6852 1.0
13:19:10:973 119853576 30365122 579103 6828 1.0
13:19:11:173 119852601 30394606 579075 6834 1.0
13:19:11:373 119852935 30372968 579302 6851 1.0
13:19:11:773 119853354 30174060 584963 6846 1.0
13:19:11:973 119853591 30372571 579286 6849 1.0
13:19:12:173 119852716 30396116 579013 6838 1.0
13:19:12:373 119853456 30367534 579165 6827 1.0
13:19:12:773 119854037 30183057 585108 6855 1.0
13:19:12:973 119852819 30368189 579168 6824 1.0
13:19:13:173 119852896 30458349 578967 6833 1.0
13:19:13:373 119853595 30369930 579194 6832 1.0
13:19:13:773 119854134 30176662 585040 6847 1.0
13:19:13:973 119852933 30367316 579108 6828 1.0
13:19:14:173 119853501 30474452 578932 6837 1.0
13:19:14:373 119852752 30368532 579192 6828 1.0
13:19:14:773 119854087 30177714 585046 6847 1.0
13:19:14:973 119852833 30368285 579185 6851 1.0
13:19:15:173 119853529 30385874 579145 6833 1.0
13:19:15:373 119852674 30371913 579229 6848 1.0
13:19:15:773 119853310 30172745 584914 6850 1.0
13:19:15:973 119853486 30366401 579136 6830 1.0
13:19:16:173 119852820 30447545 579147 6839 1.0
13:19:16:373 119852864 30365867 579124 6836 1.0
13:19:16:773 119853045 30179731 585045 6845 1.0
13:19:16:973 119853535 30373140 579281 6847 1.0
13:19:17:173 119852874 30437589 578940 6841 1.0
13:19:17:373 119853562 30364685 579102 6839 1.0
13:19:17:773 119853525 30172851 584977 6856 1.0
13:19:17:973 119853603 30368169 579123 6836 1.0
13:19:18:173 119852723 30465640 578849 6826 1.0
13:19:18:373 119853585 30371954 579282 6845 1.0
13:19:18:773 119854258 30175512 584987 6839 1.0
13:19:18:973 119852909 30365633 579118 6843 1.0
13:19:19:173 119853680 30420815 579184 6860 1.0
13:19:19:373 119852750 30371439 579207 6841 1.0
13:19:19:773 119854141 30179971 585040 6852 1.0
13:19:19:973 119852675 30369921 579203 6837 1.0
13:19:20:173 119853680 30443675 579017 6825 1.0
13:19:20:373 119852715 30369313 579124 6839 1.0
13:19:20:773 119853398 30176821 585045 6846 1.0
13:19:20:973 119852793 30368820 579146 6830 1.0
13:19:21:173 119853667 30383933 579254 6834 1.0
13:19:21:373 119852649 30366855 579148 6823 1.0
13:19:21:773 119853490 30174339 584957 6859 1.0
13:19:21:973 119853511 30373379 579319 6836 1.0
13:19:22:173 119852852 30411866 579062 6826 1.0
13:19:22:373 119853578 30368700 579184 6838 1.0
13:19:22:773 119853398 30176945 585024 6844 1.0
13:19:22:973 119853478 30365922 579125 6839 1.0
13:19:23:173 119852792 30471417 578892 6831 1.0
13:19:23:373 119853453 30374263 579251 6828 1.0
13:19:23:773 119854331 30174093 585016 6844 1.0
13:19:23:973 119852808 30378020 579349 6850 1.0
13:19:24:173 119852870 30439888 578917 6838 1.0
13:19:24:373 119853346 30366518 579139 6846 1.0
13:19:24:773 119853972 30180261 585114 6840 1.0
13:19:24:973 119852912 30366401 579137 6837 1.0
13:19:25:173 119853410 30396433 579035 6844 1.0
13:19:25:373 119852862 30371270 579263 6832 1.0
13:19:25:773 119854025 30175992 584999 6851 1.0
13:19:25:973 119852856 30369210 579210 6835 1.0
13:19:26:173 119853566 30422354 579085 6833 1.0
13:19:26:373 119852742 30370800 579161 6838 1.0
13:19:26:773 119853327 30175793 585027 6843 1.0
13:19:26:973 119853617 30368297 579121 6841 1.0
13:19:27:173 119852957 30385472 579117 6830 1.0
13:19:27:373 119852704 30368587 579123 6832 1.0
13:19:27:773 119853236 30172221 584994 6842 1.0
13:19:27:973 119853565 30369897 579136 6830 1.0
13:19:28:173 119852654 30466314 579108 6831 1.0
13:19:28:373 119853602 30366806 579103 6835 1.0
13:19:28:773 119853314 30175849 584995 6852 1.0
13:19:28:973 119853469 30374896 579272 6846 1.0
13:19:29:173 119852813 30440027 579008 6834 1.0
13:19:29:373 119853571 30369828 579212 6843 1.0
13:19:29:773 119854192 30174773 584969 6855 1.0
13:19:29:973 119852866 30366739 579145 6817 1.0
13:19:30:173 119853626 30370344 579155 6839 1.0
13:19:30:373 119853051 30373444 579229 6850 1.0
13:19:30:773 119853989 30175423 585040 6847 1.0
13:19:30:973 119852691 30370497 579190 6824 1.0
13:19:31:173 119853595 30397508 579067 6839 1.0
13:19:31:373 119852910 30368633 579196 6841 1.0
13:19:31:773 119853414 30276348 582185 6839 1.0
13:19:31:973 119852850 30366808 579147 6830 1.0
13:19:32:173 119853351 30398193 578991 6843 1.0
13:19:32:573 119854059 30176740 585021 6840 1.0
13:19:32:773 119852863 30434807 579071 6838 1.0
13:19:32:973 119853794 30366156 579131 6842 1.0
13:19:33:173 119852764 30423777 579119 6850 1.0
13:19:33:573 119853099 30173967 584948 6834 1.0
13:19:33:773 119852783 30450583 578963 6842 1.0
13:19:33:973 119853550 30368708 579158 6836 1.0
13:19:34:173 119852875 30407551 579069 6848 1.0
13:19:34:573 119853025 30180086 585109 6836 1.0
13:19:34:773 119853417 30413492 579028 6828 1.0
13:19:34:973 119852656 30368711 579197 6838 1.0
13:19:35:173 119852755 30399230 579190 6855 1.0
13:19:35:573 119853418 30176022 585045 6848 1.0
13:19:35:773 119853372 30424648 579004 6838 1.0
13:19:35:973 119852744 30373108 579221 6842 1.0
13:19:36:173 119853714 30417016 579088 6824 1.0
13:19:36:573 119854124 30175378 584983 6850 1.0
13:19:36:773 119852814 30404855 579181 6829 1.0
13:19:36:973 119852886 30365655 579114 6834 1.0
13:19:37:173 119853426 30459959 578914 6835 1.0
13:19:37:573 119854214 30176062 585001 6833 1.0
13:19:37:773 119852797 30438889 578921 6847 1.0
13:19:37:973 119853631 30367461 579117 6849 1.0
13:19:38:173 119852730 30411726 579152 6828 1.0
13:19:38:573 119853997 30174026 584949 6847 1.0
13:19:38:773 119852838 30468428 579012 6844 1.0
13:19:38:973 119853514 30365404 579111 6842 1.0
13:19:39:173 119852871 30386102 579077 6840 1.0
13:19:39:573 119853400 30177903 585051 6853 1.0
13:19:39:773 119853700 30373651 579007 6847 1.0
13:19:39:973 119852816 30370110 579232 6841 1.0
13:19:40:173 119852897 30454941 579017 6844 1.0
13:19:40:573 119853356 30172919 584919 6849 1.0
13:19:40:773 119853775 30393836 579072 6829 1.0
13:19:40:973 119852784 30373482 579232 6844 1.0
13:19:41:173 119853505 30385689 579056 6836 1.0
13:19:41:573 119853391 30183063 585187 6854 1.0
13:19:41:773 119853542 30436175 578948 6835 1.0
13:19:41:973 119852637 30368309 579186 6822 1.0
13:19:42:173 119853473 30375785 579132 6850 1.0
13:19:42:573 119853778 30175145 584982 6858 1.0
13:19:42:773 119852743 30420277 578961 6843 1.0
13:19:42:973 119853390 30368868 579201 6838 1.0
13:19:43:173 119852747 30464133 578916 6832 1.0
13:19:43:573 119854096 30174504 585032 6841 1.0
13:19:43:773 119852609 30373757 579219 6839 1.0
13:19:43:973 119853544 30367613 579168 6830 1.0
13:19:44:173 119852907 30409613 578991 6843 1.0
13:19:44:573 119853347 30173673 584967 6842 1.0
13:19:44:773 119852451 30410134 578936 6819 1.0
13:19:44:973 119853558 30365623 579103 6851 1.0
13:19:45:173 119852796 30416517 579285 6836 1.0
13:19:45:573 119853523 30173430 584932 6846 1.0
13:19:45:773 119853567 30477784 579016 6833 1.0
13:19:45:973 119852776 30369933 579189 6833 1.0
13:19:46:173 119853515 30444716 579001 6837 1.0
13:19:46:573 119853215 30178699 585046 6846 1.0
13:19:46:773 119853499 30392464 579059 6825 1.0
13:19:46:973 119852735 30369231 579161 6823 1.0
13:19:47:173 119853516 30472062 578872 6835 1.0
13:19:47:573 119853850 30174149 584965 6836 1.0
13:19:47:773 119852864 30371560 579117 6837 1.0
13:19:47:973 119852817 30371974 579268 6838 1.0
13:19:48:173 119853750 30409548 579026 6846 1.0
13:19:48:573 119853971 30182144 585133 6862 1.0
13:19:48:773 119852704 30434382 578963 6829 1.0
13:19:48:973 119853738 30367764 579170 6833 1.0
13:19:49:173 119852727 30472174 578900 6830 1.0
13:19:49:573 119853408 30177099 585029 6855 1.0
13:19:49:773 119852844 30453841 578887 6841 1.0
13:19:49:973 119853617 30369673 579222 6829 1.0
13:19:50:173 119852669 30465741 578858 6843 1.0
13:19:50:573 119853257 30173405 584995 6844 1.0
13:19:50:773 119853439 30462614 578971 6840 1.0
13:19:50:973 119852959 30371067 579260 6840 1.0
13:19:51:173 119852964 30429186 578947 6826 1.0
13:19:51:573 119853213 30175881 584998 6833 1.0
13:19:51:773 119853527 30409317 579018 6843 1.0
13:19:51:973 119853023 30364224 579078 6856 1.0
13:19:52:173 119853465 30401094 579253 6838 1.0
13:19:52:573 119854298 30181834 585092 6856 1.0
13:19:52:773 119852723 30427351 579163 6836 1.0
13:19:52:973 119852860 30367421 579165 6841 1.0
13:19:53:173 119853380 30448032 579010 6832 1.0
13:19:53:573 119854035 30183183 585177 6856 1.0
13:19:53:773 119852826 30434547 578980 6837 1.0
13:19:53:973 119853595 30368778 579159 6830 1.0
13:19:54:173 119852822 30379655 579114 6842 1.0
13:19:54:573 119854267 30264440 582184 6832 1.0
13:19:54:773 119852942 30416201 579044 6849 1.0
13:19:54:973 119853474 30371283 579257 6838 1.0
13:19:55:373 119853931 30178532 585067 6856 1.0
13:19:55:573 119852858 30365297 579108 6825 1.0
13:19:55:773 119853374 30404500 579026 6831 1.0
13:19:55:973 119852986 30367177 579157 6823 1.0
13:19:56:373 119854236 30187902 585222 6855 1.0
13:19:56:573 119852859 30365233 579106 6828 1.0
13:19:56:773 119853479 30464961 578990 6825 1.0
13:19:56:973 119852690 30364535 579108 6835 1.0
13:19:57:373 119853031 30174744 585022 6835 1.0
13:19:57:573 119852662 30367652 579115 6831 1.0
13:19:57:773 119853508 30378272 579364 6835 1.0
13:19:57:973 119852769 30366036 579108 6842 1.0
13:19:58:373 119853174 30174657 584965 6843 1.0
13:19:58:573 119853314 30370672 579248 6835 1.0
13:19:58:773 119852821 30380874 579019 6851 1.0
13:19:58:973 119853524 30365832 579121 6830 1.0
13:19:59:373 119853341 30174308 584958 6849 1.0
13:19:59:573 119853650 30367864 579173 6848 1.0
13:19:59:773 119852840 30372457 579073 6846 1.0
13:19:59:973 119853727 30374674 579264 6828 1.0
13:20:00:373 119854094 30174244 585002 6829 1.0
13:20:00:573 119852919 30374237 579251 6843 1.0
13:20:00:773 119852815 30401112 579015 6840 1.0
13:20:00:973 119853640 30366243 579112 6837 1.0
13:20:01:373 119853977 30176784 585021 6847 1.0
13:20:01:573 119852749 30368091 579182 6833 1.0
13:20:01:773 119853450 30398968 579089 6849 1.0
13:20:01:973 119852942 30375240 579276 6839 1.0
13:20:02:373 119853913 30172565 584908 6847 1.0
13:20:02:573 119852638 30366727 579147 6839 1.0
13:20:02:773 119853510 30402187 579257 6836 1.0
13:20:02:973 119852869 30371534 579182 6839 1.0
13:20:03:373 119853248 30179647 585045 6848 1.0
13:20:03:573 119853610 30364996 579105 6836 1.0
13:20:03:773 119852848 30366336 579102 6841 1.0
13:20:03:973 119852711 30369938 579138 6831 1.0
13:20:04:373 119853300 30175355 585009 6835 1.0
13:20:04:573 119853343 30368957 579178 6824 1.0
13:20:04:773 119852725 30392116 579303 6840 1.0
13:20:04:973 119853655 30366878 579105 6845 1.0
13:20:05:373 119853276 30177147 585032 6840 1.0
13:20:05:573 119853527 30372592 579225 6844 1.0
13:20:05:773 119852929 30419788 579101 6841 1.0
13:20:05:973 119853677 30366426 579121 6836 1.0
13:20:06:373 119854117 30173402 584967 6852 1.0
13:20:06:573 119852706 30367635 579168 6826 1.0
13:20:06:773 119853518 30468683 578868 6841 1.0
13:20:06:973 119852744 30371602 579199 6824 1.0
13:20:07:373 119854148 30175745 585030 6827 1.0
13:20:07:573 119852748 30373030 579275 6839 1.0
13:20:07:773 119853748 30398951 579015 6849 1.0
13:20:07:973 119852904 30365806 579121 6832 1.0
13:20:08:373 119853212 30181069 585134 6847 1.0
13:20:08:573 119853065 30367191 579141 6846 1.0
13:20:08:773 119853498 30413633 579016 6834 1.0
13:20:08:973 119852863 30375126 579272 6838 1.0
13:20:09:373 119853342 30176345 585009 6852 1.0
13:20:09:573 119853623 30366784 579148 6826 1.0
13:20:09:773 119852892 30475756 579030 6841 1.0
13:20:09:973 119853647 30368928 579205 6844 1.0
13:20:10:373 119853166 30185100 585239 6854 1.0
13:20:10:573 119853569 30367324 579129 6845 1.0
13:20:10:773 119852855 30470327 578923 6845 1.0
13:20:10:973 119853563 30368882 579201 6830 1.0
13:20:11:373 119853973 30175590 584990 6835 1.0
13:20:11:573 119852898 30368749 579197 6840 1.0
13:20:11:773 119852728 30404507 579070 6857 1.0
13:20:11:973 119853704 30369179 579208 6830 1.0
13:20:12:373 119853983 30174362 584958 6838 1.0
13:20:12:573 119852782 30372084 579235 6838 1.0
13:20:12:773 119853529 30426971 579087 6830 1.0
13:20:12:973 119852903 30366241 579133 6851 1.0
13:20:13:373 119853080 30178612 585045 6853 1.0
13:20:13:573 119852730 30364927 579108 6847 1.0
13:20:13:773 119853618 30376757 579145 6855 1.0
13:20:13:973 119852815 30374043 579334 6838 1.0
13:20:14:373 119853315 30175939 584998 6849 1.0
13:20:14:573 119853750 30367047 579153 6844 1.0
13:20:14:773 119852674 30422614 579117 6840 1.0
13:20:14:973 119852824 30367297 579160 6833 1.0
13:20:15:373 119853295 30179807 585101 6854 1.0
13:20:15:573 119853602 30365495 579112 6828 1.0
13:20:15:773 119852682 30375699 579040 6828 1.0
13:20:15:973 119853581 30365234 579112 6848 1.0
13:20:16:373 119854021 30180559 585063 6837 1.0
13:20:16:573 119852760 30365579 579115 6840 1.0
13:20:16:773 119852845 30400974 579248 6846 1.0
13:20:16:973 119853515 30366326 579134 6822 1.0
13:20:17:373 119854111 30249445 582713 6837 1.0
13:20:17:573 119852780 30372463 579294 6832 1.0
13:20:17:773 119853599 30433428 579002 6830 1.0
13:20:17:973 119852899 30366891 579151 6837 1.0
13:20:18:373 119854020 30360624 579207 6797 1.0
13:20:18:573 119852660 30366829 579147 6844 1.0
13:20:18:773 119853476 30467604 578902 6839 1.0
13:20:19:173 119853962 30176644 585018 6844 1.0
13:20:19:373 119852917 30469686 578884 6826 1.0
13:20:19:573 119853567 30373863 579241 6843 1.0
13:20:19:773 119852776 30411628 579041 6839 1.0
13:20:20:173 119853959 30172749 584964 6840 1.0
13:20:20:373 119852799 30448378 579000 6841 1.0
13:20:20:573 119853615 30367484 579166 6840 1.0
13:20:20:773 119852709 30393474 578993 6844 1.0
13:20:21:173 119853409 30176610 585015 6852 1.0
13:20:21:373 119852939 30387892 579017 6851 1.0
13:20:21:573 119853567 30366972 579152 6838 1.0
13:20:21:773 119852777 30417492 579137 6839 1.0
13:20:22:173 119853266 30173103 584924 6853 1.0
13:20:22:373 119853548 30463942 579037 6837 1.0
13:20:22:573 119852922 30367799 579174 6833 1.0
13:20:22:773 119853667 30438484 579032 6842 1.0
13:20:23:173 119853205 30186757 585231 6850 1.0
13:20:23:373 119853542 30457352 578926 6844 1.0
13:20:23:573 119852733 30368686 579198 6839 1.0
13:20:23:773 119853448 30397867 579153 6832 1.0
13:20:24:173 119853968 30176320 585009 6848 1.0
13:20:24:373 119852837 30408249 579007 6847 1.0
13:20:24:573 119852834 30369801 579226 6837 1.0
13:20:24:773 119853580 30389003 579152 6831 1.0
13:20:25:173 119854242 30178084 585055 6849 1.0
13:20:25:373 119852671 30390842 579026 6841 1.0
13:20:25:573 119853382 30363514 579063 6828 1.0
13:20:25:773 119852666 30426447 579044 6835 1.0
13:20:26:173 119853394 30174934 584971 6868 1.0
13:20:26:373 119852759 30453266 578991 6839 1.0
13:20:26:573 119853511 30370910 579182 6824 1.0
13:20:26:773 119852675 30401635 579038 6833 1.0
13:20:27:173 119853226 30175491 585000 6851 1.0
13:20:27:373 119853637 30378268 579264 6845 1.0
13:20:27:573 119852871 30364335 579083 6838 1.0
13:20:27:773 119852878 30383079 579042 6844 1.0
13:20:28:173 119853322 30173694 584941 6852 1.0
13:20:28:373 119853434 30387301 579060 6841 1.0
13:20:28:573 119852820 30365196 579105 6836 1.0
13:20:28:773 119853501 30372336 579219 6831 1.0
13:20:29:173 119854076 30177716 585046 6852 1.0
13:20:29:373 119852860 30463254 578867 6847 1.0
13:20:29:573 119852933 30373305 579226 6854 1.0
13:20:29:773 119853725 30413124 579061 6834 1.0
13:20:30:173 119854057 30184920 585210 6846 1.0
13:20:30:373 119852809 30463463 578858 6839 1.0
13:20:30:573 119853689 30365729 579110 6828 1.0
13:20:30:773 119852864 30458881 578899 6834 1.0
13:20:31:173 119853887 30177658 585045 6851 1.0
13:20:31:373 119852657 30438009 579025 6827 1.0
13:20:31:573 119853656 30372809 579208 6842 1.0
13:20:31:773 119853190 30444428 579032 6834 1.0
13:20:32:173 119853351 30178112 585045 6841 1.0
13:20:32:373 119852774 30438873 579054 6848 1.0
13:20:32:573 119853636 30368243 579166 6850 1.0
13:20:32:773 119852714 30375932 579117 6842 1.0
13:20:33:173 119853378 30171769 584966 6848 1.0
13:20:33:373 119853643 30451622 578932 6839 1.0
13:20:33:573 119852831 30368498 579141 6843 1.0
13:20:33:773 119853668 30424515 579118 6849 1.0
13:20:34:173 119853222 30174255 585024 6857 1.0
13:20:34:373 119853597 30462628 579112 6843 1.0
13:20:34:573 119852787 30368575 579124 6841 1.0
13:20:34:773 119853660 30447625 578992 6825 1.0
13:20:35:173 119854080 30186278 585178 6861 1.0
13:20:35:373 119852811 30465740 578923 6835 1.0
13:20:35:573 119852578 30368674 579190 6841 1.0
13:20:35:773 119853705 30391216 579112 6844 1.0
13:20:36:173 119854197 30173927 585030 6855 1.0
13:20:36:373 119853004 30368729 579127 6843 1.0
13:20:36:573 119853560 30371035 579197 6837 1.0
13:20:36:773 119852835 30386556 579053 6845 1.0
13:20:37:173 119853354 30184799 585232 6842 1.0
13:20:37:373 119852725 30438003 578935 6847 1.0
13:20:37:573 119853615 30367553 579167 6840 1.0
13:20:37:773 119852733 30380592 579100 6854 1.0
13:20:38:173 119853353 30174395 584983 6832 1.0
13:20:38:373 119853443 30430333 579056 6843 1.0
13:20:38:573 119852796 30375905 579292 6847 1.0
13:20:38:773 119852683 30453590 578974 6837 1.0
13:20:39:173 119853167 30176637 585045 6851 1.0
13:20:39:373 119853710 30371791 579156 6834 1.0
13:20:39:573 119852804 30368403 579189 6847 1.0
13:20:39:773 119853762 30425593 579023 6836 1.0
13:20:40:173 119854131 30232081 583196 6848 1.0
13:20:40:373 119852658 30401581 579002 6824 1.0
13:20:40:573 119853043 30366173 579113 6837 1.0
13:20:40:773 119853728 30385346 579192 6842 1.0
13:20:41:173 119853965 30344198 579719 6819 1.0
13:20:41:373 119852834 30441572 579056 6834 1.0
13:20:41:573 119853685 30368396 579141 6836 1.0
13:20:41:973 119853383 30174244 584955 6833 1.0
13:20:42:173 119853519 30372550 579248 6835 1.0
13:20:42:373 119852886 30397763 579023 6830 1.0
13:20:42:573 119853621 30364595 579089 6840 1.0
13:20:42:973 119854081 30175529 584988 6834 1.0
13:20:43:173 119852793 30368351 579188 6840 1.0
13:20:43:373 119853405 30437276 578945 6829 1.0
13:20:43:573 119852784 30376112 579331 6838 1.0
13:20:43:973 119854009 30173517 585005 6849 1.0
13:20:44:173 119852804 30371504 579202 6839 1.0
13:20:44:373 119853859 30366953 579141 6848 1.0
13:20:44:573 119852819 30368610 579194 6838 1.0
13:20:44:973 119853506 30178934 585078 6839 1.0
13:20:45:173 119852517 30367357 579113 6848 1.0
13:20:45:373 119853628 30403373 579057 6848 1.0
13:20:45:573 119852516 30372367 579201 6824 1.0
13:20:45:973 119853099 30173823 584997 6835 1.0
13:20:46:173 119853435 30370953 579162 6841 1.0
13:20:46:373 119852761 30380026 579260 6832 1.0
13:20:46:573 119853463 30364606 579091 6834 1.0
13:20:46:973 119853195 30175827 584996 6842 1.0
13:20:47:173 119853638 30372041 579284 6839 1.0
13:20:47:373 119852758 30406155 579003 6835 1.0
13:20:47:573 119853564 30367094 579157 6838 1.0
13:20:47:973 119854121 30174470 584959 6856 1.0
13:20:48:173 119853002 30366125 579129 6841 1.0
13:20:48:373 119852817 30441597 578926 6831 1.0
13:20:48:573 119853374 30369832 579226 6829 1.0
13:20:48:973 119853997 30174652 584976 6847 1.0
13:20:49:173 119852892 30370416 579172 6831 1.0
13:20:49:373 119853419 30377861 579112 6841 1.0
13:20:49:573 119853041 30365005 579108 6827 1.0
13:20:49:973 119853176 30178377 585063 6854 1.0
13:20:50:173 119852676 30368035 579180 6828 1.0
13:20:50:373 119853495 30404715 579037 6823 1.0
13:20:50:573 119852867 30371767 579277 6816 1.0
13:20:50:973 119853336 30175953 584999 6842 1.0
13:20:51:173 119853674 30366222 579131 6827 1.0
13:20:51:373 119853027 30432637 579155 6829 1.0
13:20:51:573 119852803 30367965 579178 6828 1.0
13:20:51:973 119853340 30183984 585117 6853 1.0
13:20:52:173 119853659 30370700 579251 6831 1.0
13:20:52:373 119852959 30467214 578923 6834 1.0
13:20:52:573 119853445 30369743 579134 6831 1.0
13:20:52:974 119853925 30174180 585030 6847 1.0
13:20:53:174 119852682 30364169 579074 6838 1.0
13:20:53:374 119852912 30443777 579005 6832 1.0
13:20:53:574 119853411 30367199 579160 6839 1.0
13:20:53:974 119854148 30173789 584941 6844 1.0
13:20:54:174 119852828 30373334 579319 6849 1.0
13:20:54:374 119853621 30388487 579000 6837 1.0
13:20:54:574 119852946 30366949 579151 6845 1.0
13:20:54:974 119854059 30171176 584875 6844 1.0
13:20:55:174 119852871 30367905 579176 6825 1.0
13:20:55:374 119853258 30449970 579027 6844 1.0
13:20:55:574 119852842 30372668 579222 6829 1.0
13:20:55:974 119853484 30174525 585019 6845 1.0
13:20:56:174 119853504 30376688 579313 6852 1.0
13:20:56:374 119853025 30423264 578933 6836 1.0
13:20:56:574 119852628 30368726 579165 6832 1.0
13:20:56:974 119853506 30178526 585068 6855 1.0
13:20:57:174 119853611 30366884 579150 6839 1.0
13:20:57:374 119852674 30391857 579048 6832 1.0
13:20:57:574 119853498 30371950 579282 6845 1.0
13:20:57:974 119853112 30175309 584983 6853 1.0
13:20:58:174 119853577 30366551 579138 6834 1.0
13:20:58:374 119852655 30413769 579174 6846 1.0
13:20:58:574 119853683 30366760 579144 6842 1.0
13:20:58:974 119854202 30180227 585040 6844 1.0
13:20:59:174 119852799 30366210 579131 6822 1.0
13:20:59:374 119853553 30380716 579089 6845 1.0
13:20:59:574 119852755 30367730 579133 6842 1.0
13:20:59:974 119853958 30174254 585007 6842 1.0
13:21:00:174 119852886 30367528 579113 6832 1.0
13:21:00:374 119853442 30462791 579060 6839 1.0
13:21:00:574 119852872 30366685 579144 6847 1.0
13:21:00:974 119853386 30175425 584986 6837 1.0
13:21:01:174 119852821 30371513 579270 6844 1.0
13:21:01:374 119853581 30403778 579065 6852 1.0
13:21:01:574 119852724 30369981 579160 6838 1.0
13:21:01:974 119853210 30175221 584980 6851 1.0
13:21:02:174 119853303 30366721 579146 6836 1.0
13:21:02:374 119852673 30457800 578883 6839 1.0
13:21:02:574 119852743 30370508 579192 6834 1.0
13:21:02:974 119853372 30214023 583719 6849 1.0
13:21:03:174 119853398 30377403 579334 6834 1.0
13:21:03:374 119852864 30417314 579004 6842 1.0
13:21:03:574 119853497 30366235 579133 6841 1.0
13:21:03:974 119854041 30331720 580287 6829 1.0
13:21:04:174 119852875 30366277 579137 6833 1.0
13:21:04:374 119852626 30397266 579059 6849 1.0
13:21:04:774 119853275 30182089 585078 6841 1.0
13:21:04:974 119853579 30430960 579027 6846 1.0
13:21:05:174 119852584 30363264 579053 6851 1.0
13:21:05:374 119853637 30457716 578995 6829 1.0
13:21:05:774 119853305 30176747 585022 6846 1.0
13:21:05:974 119853663 30401598 579090 6836 1.0
13:21:06:174 119852857 30370309 579149 6842 1.0
13:21:06:374 119853529 30393351 579108 6857 1.0
13:21:06:774 119854108 30183425 585186 6842 1.0
13:21:06:974 119852804 30448844 578915 6832 1.0
13:21:07:174 119853541 30365772 579121 6827 1.0
13:21:07:374 119852764 30455517 578916 6830 1.0
13:21:07:774 119854357 30174925 584994 6855 1.0
13:21:07:974 119852897 30432084 578994 6850 1.0
13:21:08:174 119853580 30375440 579281 6850 1.0
13:21:08:374 119852794 30452300 579000 6827 1.0
13:21:08:774 119853387 30177622 585043 6851 1.0
13:21:08:974 119852719 30474604 578922 6842 1.0
13:21:09:174 119853807 30367069 579155 6846 1.0
13:21:09:374 119853127 30417795 579067 6829 1.0
13:21:09:774 119853373 30173329 584930 6842 1.0
13:21:09:974 119853663 30381988 579147 6851 1.0
13:21:10:174 119852762 30367663 579169 6836 1.0
13:21:10:374 119853590 30436890 579101 6833 1.0
13:21:10:774 119853286 30172676 584914 6849 1.0
13:21:10:974 119853759 30457986 579098 6835 1.0
13:21:11:174 119852671 30367025 579108 6821 1.0
13:21:11:374 119853481 30431401 579085 6833 1.0
13:21:11:774 119854192 30184893 585178 6842 1.0
13:21:11:974 119852910 30455047 578961 6834 1.0
13:21:12:174 119852873 30369698 579135 6837 1.0
13:21:12:374 119853606 30398879 579228 6846 1.0
13:21:12:774 119854093 30172851 584946 6851 1.0
13:21:12:974 119852697 30382153 579117 6845 1.0
13:21:13:174 119853624 30371710 579208 6832 1.0
13:21:13:374 119852836 30384699 579060 6834 1.0
13:21:13:774 119853263 30175353 584984 6847 1.0
13:21:13:974 119852832 30457563 578951 6832 1.0
13:21:14:174 119853411 30366956 579152 6835 1.0
13:21:14:374 119852675 30374018 579112 6842 1.0
13:21:14:774 119853304 30176406 585029 6842 1.0
13:21:14:974 119853449 30424517 578975 6837 1.0
13:21:15:174 119853070 30372987 579245 6838 1.0
13:21:15:374 119852822 30396593 579117 6842 1.0
13:21:15:774 119853458 30174760 584974 6844 1.0
13:21:15:974 119853514 30455826 578979 6829 1.0
13:21:16:174 119852981 30366772 579147 6837 1.0
13:21:16:374 119853698 30394646 579055 6834 1.0
13:21:16:774 119854070 30173616 584937 6828 1.0
13:21:16:974 119852725 30390985 579111 6815 1.0
13:21:17:174 119852943 30367929 579177 6836 1.0
13:21:17:374 119853496 30398146 579064 6843 1.0
13:21:17:774 119854017 30181195 585055 6837 1.0
13:21:17:974 119852812 30438801 579102 6832 1.0
13:21:18:174 119853534 30367377 579126 6836 1.0
13:21:18:374 119852750 30398936 579094 6839 1.0
13:21:18:774 119854122 30178901 585065 6845 1.0
13:21:18:974 119852613 30399328 579062 6833 1.0
13:21:19:174 119853591 30367193 579133 6847 1.0
13:21:19:374 119852761 30464899 579082 6824 1.0
13:21:19:774 119853578 30172434 584906 6849 1.0
13:21:19:974 119853511 30396263 579144 6828 1.0
13:21:20:174 119852492 30376980 579322 6824 1.0
13:21:20:374 119852885 30447685 578922 6837 1.0
13:21:20:774 119853149 30183105 585173 6844 1.0
13:21:20:974 119853457 30411917 579028 6850 1.0
13:21:21:174 119852773 30370293 579192 6840 1.0
13:21:21:374 119853668 30400936 579107 6842 1.0
13:21:21:774 119853234 30172290 584903 6853 1.0
13:21:21:974 119853539 30418050 579112 6840 1.0
13:21:22:174 119852807 30367365 579108 6834 1.0
13:21:22:374 119853574 30421899 579112 6842 1.0
13:21:22:774 119854021 30172239 584994 6853 1.0
13:21:22:974 119852718 30451505 578989 6838 1.0
13:21:23:174 119853784 30368520 579192 6830 1.0
13:21:23:374 119852808 30445403 578984 6859 1.0
13:21:23:774 119853878 30179667 585098 6852 1.0
13:21:23:974 119852899 30397984 578957 6843 1.0
13:21:24:174 119853652 30366232 579134 6838 1.0
13:21:24:374 119852680 30393349 579260 6845 1.0
13:21:24:774 119853332 30173667 584964 6827 1.0
13:21:24:974 119853050 30465672 578910 6836 1.0
13:21:25:174 119853199 30370529 579152 6838 1.0
13:21:25:374 119853048 30393552 579097 6831 1.0
13:21:25:774 119853430 30201006 584266 6863 1.0
13:21:25:974 119853346 30370876 579123 6841 1.0
13:21:26:174 119852790 30365635 579118 6843 1.0
13:21:26:374 119853663 30377059 579133 6837 1.0
13:21:26:774 119853364 30309369 580702 6831 1.0
13:21:26:974 119853392 30462137 578876 6858 1.0
13:21:27:174 119852918 30374619 579291 6841 1.0
13:21:27:574 119853077 30176155 585004 6852 1.0
13:21:27:774 119853591 30367708 579171 6823 1.0
13:21:27:974 119852784 30425123 579195 6839 1.0
13:21:28:174 119852932 30366246 579109 6832 1.0
13:21:28:574 119853253 30181079 585088 6837 1.0
13:21:28:774 119853696 30367752 579172 6835 1.0
13:21:28:974 119852560 30419997 579005 6821 1.0
13:21:29:174 119853564 30368281 579108 6825 1.0
13:21:29:574 119853845 30175483 585004 6841 1.0
13:21:29:774 119852781 30366143 579113 6831 1.0
13:21:29:974 119852830 30466713 578968 6816 1.0
13:21:30:174 119853605 30366984 579152 6838 1.0
13:21:30:574 119853968 30176363 585011 6840 1.0
13:21:30:774 119852777 30373851 579254 6838 1.0
13:21:30:974 119853515 30413281 579044 6826 1.0
13:21:31:174 119852868 30365981 579166 6832 1.0
13:21:31:574 119854079 30174934 584972 6850 1.0
13:21:31:774 119853006 30365027 579100 6844 1.0
13:21:31:974 119853397 30439870 578951 6842 1.0
13:21:32:174 119852653 30372779 579213 6832 1.0
13:21:32:574 119853297 30175331 584995 6825 1.0
13:21:32:774 119852887 30371866 579267 6834 1.0
13:21:32:974 119853743 30420708 578986 6834 1.0
13:21:33:174 119852736 30364710 579092 6824 1.0
13:21:33:574 119853341 30179292 585086 6845 1.0
13:21:33:774 119853780 30364395 579085 6844 1.0
13:21:33:974 119852873 30367127 579105 6833 1.0
13:21:34:174 119853466 30368686 579196 6840 1.0
13:21:34:574 119852955 30176690 585017 6831 1.0
13:21:34:774 119853602 30369513 579181 6838 1.0
13:21:34:974 119852714 30387867 579150 6834 1.0
13:21:35:174 119853500 30366430 579136 6838 1.0
13:21:35:574 119854057 30179277 585067 6852 1.0
13:21:35:774 119852891 30365118 579101 6834 1.0
13:21:35:974 119852813 30383625 579112 6833 1.0
13:21:36:174 119853774 30367176 579157 6844 1.0
13:21:36:574 119854125 30175211 584979 6848 1.0
13:21:36:774 119852891 30365691 579119 6830 1.0
13:21:36:974 119853525 30474325 579067 6831 1.0
13:21:37:174 119852704 30369573 579195 6842 1.0
13:21:37:574 119853312 30176341 585009 6864 1.0
13:21:37:774 119852870 30371706 579210 6838 1.0
13:21:37:974 119853709 30413321 579079 6834 1.0
13:21:38:174 119852906 30369272 579141 6844 1.0
13:21:38:574 119853421 30172590 584969 6835 1.0
13:21:38:774 119853614 30367755 579114 6831 1.0
13:21:38:974 119852851 30398811 579149 6833 1.0
13:21:39:174 119852862 30368429 579190 6840 1.0
13:21:39:574 119853124 30174609 584992 6844 1.0
13:21:39:774 119853487 30368579 579164 6825 1.0
13:21:39:974 119852674 30422810 579135 6834 1.0
13:21:40:174 119853540 30370520 579243 6849 1.0
13:21:40:574 119854060 30182710 585147 6851 1.0
13:21:40:774 119852975 30369349 579151 6836 1.0
13:21:40:974 119852750 30465184 579004 6823 1.0
13:21:41:174 119853592 30366926 579151 6843 1.0
13:21:41:574 119854051 30178376 585058 6856 1.0
13:21:41:774 119852698 30368926 579116 6833 1.0
13:21:41:974 119853510 30402640 579176 6843 1.0
13:21:42:174 119852924 30367997 579178 6836 1.0
13:21:42:574 119854196 30172959 585014 6850 1.0
13:21:42:774 119852764 30372499 579203 6829 1.0
13:21:42:974 119853615 30384587 579055 6834 1.0
13:21:43:174 119852811 30367245 579159 6814 1.0
13:21:43:574 119853345 30172966 584921 6840 1.0
13:21:43:774 119853593 30364708 579094 6838 1.0
13:21:43:974 119852814 30428303 579045 6841 1.0
13:21:44:174 119852798 30374293 579252 6811 1.0
13:21:44:574 119853380 30176781 585021 6838 1.0
13:21:44:774 119853365 30375222 579276 6843 1.0
13:21:44:974 119852686 30428378 578992 6843 1.0
13:21:45:174 119853719 30365472 579103 6834 1.0
13:21:45:574 119853304 30180014 585098 6853 1.0
13:21:45:774 119853659 30367099 579155 6828 1.0
13:21:45:974 119852674 30391041 579054 6833 1.0
13:21:46:174 119853418 30373412 579320 6843 1.0
13:21:46:574 119853889 30174424 584960 6860 1.0
13:21:46:774 119852839 30367986 579177 6843 1.0
13:21:46:974 119853669 30395072 579129 6833 1.0
13:21:47:174 119852967 30364255 579080 6821 1.0
13:21:47:574 119853924 30181129 585090 6852 1.0
13:21:47:774 119852567 30365447 579109 6841 1.0
13:21:47:974 119853601 30390426 579079 6829 1.0
13:21:48:174 119852828 30366463 579138 6837 1.0
13:21:48:574 119853134 30183163 584763 6831 1.0
13:21:48:774 119852834 30367199 579129 6846 1.0
13:21:48:974 119853465 30386172 579347 6846 1.0
13:21:49:174 119852816 30366401 579132 6829 1.0
13:21:49:574 119853239 30295543 581188 6839 1.0
13:21:49:774 119853515 30374774 579342 6842 1.0
13:21:49:974 119852879 30430880 578920 6867 1.0
13:21:50:374 119853265 30180079 585109 6846 1.0
13:21:50:574 119852780 30407926 578996 6840 1.0
13:21:50:774 119853515 30367973 579179 6825 1.0
13:21:50:974 119852438 30454428 578857 6842 1.0
13:21:51:374 119853283 30177577 585045 6843 1.0
13:21:51:574 119853627 30401686 579112 6842 1.0
13:21:51:774 119852728 30371180 579221 6828 1.0
13:21:51:974 119852701 30422367 579005 6837 1.0
13:21:52:374 119853475 30172743 584977 6853 1.0
13:21:52:574 119853485 30477427 579049 6848 1.0
13:21:52:774 119852978 30366879 579149 6834 1.0
13:21:52:974 119853714 30440158 578929 6848 1.0
13:21:53:374 119853942 30174176 585001 6854 1.0
13:21:53:574 119852724 30413488 578989 6832 1.0
13:21:53:774 119852741 30367354 579164 6822 1.0
13:21:53:974 119853497 30432469 579127 6830 1.0
13:21:54:374 119854066 30172472 584908 6841 1.0
13:21:54:574 119852594 30451509 579027 6840 1.0
13:21:54:774 119853478 30366109 579103 6829 1.0
13:21:54:974 119852732 30377273 579117 6840 1.0
13:21:55:374 119854226 30180305 585091 6847 1.0
13:21:55:574 119852917 30402315 579066 6848 1.0
13:21:55:774 119853647 30369162 579136 6838 1.0
13:21:55:974 119852573 30375146 579300 6840 1.0
13:21:56:374 119853266 30175688 585025 6843 1.0
13:21:56:574 119853611 30451099 578892 6830 1.0
13:21:56:774 119852894 30374025 579328 6850 1.0
13:21:56:974 119852730 30422308 578970 6844 1.0
13:21:57:374 119853447 30175902 584997 6844 1.0
13:21:57:574 119853653 30420879 579122 6835 1.0
13:21:57:774 119852904 30366471 579137 6845 1.0
13:21:57:974 119853456 30468551 578928 6836 1.0
13:21:58:374 119853227 30175423 584985 6849 1.0
13:21:58:574 119853747 30406978 579095 6854 1.0
13:21:58:774 119852758 30364615 579108 6824 1.0
13:21:58:974 119853636 30387722 579112 6844 1.0
13:21:59:374 119854028 30175038 585025 6853 1.0
13:21:59:574 119852774 30464375 578908 6834 1.0
13:21:59:774 119853666 30368247 579184 6841 1.0
13:21:59:974 119852926 30373584 579120 6843 1.0
13:22:00:374 119854182 30182157 585161 6848 1.0
13:22:00:574 119852649 30399693 579082 6822 1.0
13:22:00:774 119853645 30367110 579156 6841 1.0
13:22:00:974 119852911 30447170 579138 6847 1.0
13:22:01:374 119853324 30173756 584972 6850 1.0
13:22:01:574 119852808 30394651 579117 6829 1.0
13:22:01:774 119853537 30373605 579234 6843 1.0
13:22:01:974 119852650 30418395 578988 6836 1.0
13:22:02:374 119853437 30180567 585120 6847 1.0
13:22:02:574 119853631 30405410 579032 6842 1.0
13:22:02:774 119852761 30365227 579108 6841 1.0
13:22:02:974 119852810 30447138 578930 6832 1.0
13:22:03:374 119853159 30176509 585014 6845 1.0
13:22:03:574 119853321 30400675 578992 6847 1.0
13:22:03:774 119852740 30370281 579239 6829 1.0
13:22:03:974 119853529 30387740 579094 6840 1.0
13:22:04:374 119854022 30174592 584963 6852 1.0
13:22:04:574 119852853 30468103 578943 6839 1.0
13:22:04:774 119852864 30363913 579110 6830 1.0
13:22:04:974 119853662 30373488 579112 6854 1.0
13:22:05:374 119854065 30175699 584994 6842 1.0
13:22:05:574 119852809 30444745 578914 6822 1.0
13:22:05:774 119853542 30368061 579113 6844 1.0
13:22:05:974 119852835 30415038 579143 6838 1.0
13:22:06:374 119854040 30178231 585059 6853 1.0
13:22:06:574 119852783 30462788 579059 6832 1.0
13:22:06:774 119853666 30367642 579144 6833 1.0
13:22:06:974 119852929 30408329 579030 6851 1.0
13:22:07:374 119853316 30178957 585079 6851 1.0
13:22:07:574 119853574 30385513 579057 6848 1.0
13:22:07:774 119853022 30370000 579201 6826 1.0
13:22:07:974 119852648 30380860 579130 6827 1.0
13:22:08:374 119853088 30175611 584999 6853 1.0
13:22:08:574 119853558 30382202 579082 6831 1.0
13:22:08:774 119852863 30370996 579204 6849 1.0
13:22:08:974 119853836 30467121 578818 6853 1.0
13:22:09:374 119853151 30180579 585122 6846 1.0
13:22:09:574 119853284 30404826 579027 6836 1.0
13:22:09:774 119852939 30369000 579204 6831 1.0
13:22:09:974 119853629 30388112 579049 6856 1.0
13:22:10:374 119854051 30176655 585040 6835 1.0
13:22:10:574 119852875 30420037 579046 6836 1.0
13:22:10:774 119853561 30375997 579296 6851 1.0
13:22:10:974 119852853 30460004 578978 6839 1.0
13:22:11:374 119854127 30179498 585058 6843 1.0
13:22:11:574 119852644 30473865 578887 6820 1.0
13:22:11:774 119853665 30365024 579100 6830 1.0
13:22:11:974 119852788 30405716 579098 6841 1.0
13:22:12:374 119853294 30279031 581773 6833 1.0
13:22:12:574 119852795 30398832 579057 6839 1.0
13:22:12:774 119853518 30365652 579118 6829 1.0
13:22:13:174 119853882 30173239 584943 6838 1.0
13:22:13:374 119852837 30365478 579108 6836 1.0
13:22:13:574 119853401 30455586 579158 6848 1.0
13:22:13:774 119852940 30365913 579122 6837 1.0
13:22:14:174 119853307 30173925 584947 6847 1.0
13:22:14:374 119852998 30372231 579246 6844 1.0
13:22:14:574 119853421 30399486 579112 6830 1.0
13:22:14:774 119852815 30366387 579127 6830 1.0
13:22:15:174 119853352 30179233 585045 6839 1.0
13:22:15:374 119853605 30369334 579214 6840 1.0
13:22:15:574 119853025 30409602 579019 6838 1.0
13:22:15:774 119852999 30366472 579138 6833 1.0
13:22:16:174 119853250 30175901 584998 6842 1.0
13:22:16:374 119853698 30368567 579193 6839 1.0
13:22:16:574 119852681 30418960 579053 6829 1.0
13:22:16:774 119853393 30369070 579205 6830 1.0
13:22:17:174 119854243 30178395 585063 6848 1.0
13:22:17:374 119852974 30365642 579118 6825 1.0
13:22:17:574 119852956 30375823 579087 6830 1.0
13:22:17:774 119853543 30366350 579135 6846 1.0
13:22:18:174 119853933 30175005 585028 6838 1.0
13:22:18:374 119852631 30369357 579123 6823 1.0
13:22:18:574 119853647 30402498 579240 6844 1.0
13:22:18:774 119852759 30366883 579148 6841 1.0
13:22:19:174 119854119 30174831 584995 6836 1.0
13:22:19:374 119852914 30368104 579156 6840 1.0
13:22:19:574 119853397 30460190 578937 6835 1.0
13:22:19:774 119852569 30370363 579235 6833 1.0
13:22:20:174 119853187 30173801 584943 6848 1.0
13:22:20:374 119853549 30370759 579252 6826 1.0
13:22:20:574 119852710 30405466 579084 6830 1.0
13:22:20:774 119852768 30374159 579251 6838 1.0
13:22:21:174 119853319 30175724 584993 6854 1.0
13:22:21:374 119853627 30373069 579219 6847 1.0
13:22:21:574 119852795 30420315 579065 6846 1.0
13:22:21:774 119853471 30367537 579167 6829 1.0
13:22:22:174 119853279 30182798 585179 6839 1.0
13:22:22:374 119853553 30365233 579105 6825 1.0
13:22:22:574 119852785 30406688 579015 6840 1.0
13:22:22:774 119853654 30375051 579305 6843 1.0
13:22:23:174 119854030 30178084 585054 6852 1.0
13:22:23:374 119852943 30367507 579166 6838 1.0
13:22:23:574 119853505 30444226 579103 6835 1.0
13:22:23:774 119852876 30366229 579130 6836 1.0
13:22:24:174 119853986 30176461 585013 6848 1.0
13:22:24:374 119852819 30368485 579187 6830 1.0
13:22:24:574 119853449 30373197 579083 6832 1.0
13:22:24:774 119853004 30366592 579137 6830 1.0
13:22:25:174 119853316 30177662 585045 6846 1.0
13:22:25:374 119852856 30365482 579112 6830 1.0
13:22:25:574 119853695 30379542 579279 6838 1.0
13:22:25:774 119852967 30366080 579131 6837 1.0
13:22:26:174 119853361 30175947 584999 6845 1.0
13:22:26:374 119853674 30377077 579323 6842 1.0
13:22:26:574 119852679 30456146 578930 6836 1.0
13:22:26:774 119853672 30367563 579166 6823 1.0
13:22:27:174 119853193 30175180 584978 6849 1.0
13:22:27:374 119853586 30368959 579205 6845 1.0
13:22:27:574 119852758 30369539 579121 6834 1.0
13:22:27:774 119853747 30374310 579252 6846 1.0
13:22:28:174 119854154 30175024 585032 6858 1.0
13:22:28:374 119852837 30371024 579166 6827 1.0
13:22:28:574 119852588 30417175 579067 6837 1.0
13:22:28:774 119853401 30369891 579195 6832 1.0
13:22:29:174 119854207 30179226 585085 6848 1.0
13:22:29:374 119852695 30367823 579172 6853 1.0
13:22:29:574 119853529 30415227 579056 6837 1.0
13:22:29:774 119852873 30377629 579340 6845 1.0
13:22:30:174 119853368 30175875 584997 6841 1.0
13:22:30:374 119852887 30368443 579191 6830 1.0
13:22:30:574 119853746 30390147 579150 6837 1.0
13:22:30:774 119852769 30366015 579108 6819 1.0
13:22:31:174 119853329 30182162 585106 6848 1.0
13:22:31:374 119853587 30366397 579137 6833 1.0
13:22:31:574 119852831 30390982 579023 6842 1.0
13:22:31:774 119852708 30368904 579168 6832 1.0
13:22:32:174 119853372 30175412 584984 6847 1.0
13:22:32:374 119853487 30366112 579129 6832 1.0
13:22:32:574 119852898 30459654 578933 6844 1.0
13:22:32:774 119853584 30368135 579183 6838 1.0
13:22:33:174 119854143 30173434 584934 6852 1.0
13:22:33:374 119852634 30369260 579210 6836 1.0
13:22:33:574 119852893 30379996 579147 6850 1.0
13:22:33:774 119853759 30368525 579174 6849 1.0
13:22:34:174 119854071 30182878 585084 6855 1.0
13:22:34:374 119852613 30367675 579169 6849 1.0
13:22:34:574 119853859 30419558 579035 6852 1.0
13:22:34:774 119852899 30372556 579297 6849 1.0
13:22:35:174 119854019 30271139 582048 6837 1.0
13:22:35:374 119852769 30366766 579148 6830 1.0
13:22:35:574 119853602 30439798 579112 6834 1.0
13:22:35:974 119854025 30178412 585064 6849 1.0
13:22:36:174 119852654 30406583 579092 6845 1.0
13:22:36:374 119852608 30367034 579154 6826 1.0
13:22:36:574 119853566 30398319 579069 6840 1.0
13:22:36:974 119854136 30179364 585089 6842 1.0
13:22:37:174 119852729 30380436 579045 6837 1.0
13:22:37:374 119853669 30370337 579237 6845 1.0
13:22:37:574 119852720 30373633 579148 6829 1.0
13:22:37:974 119853299 30174235 585027 6850 1.0
13:22:38:174 119852761 30463487 578862 6836 1.0
13:22:38:374 119853664 30373562 579232 6834 1.0
13:22:38:574 119852679 30407756 579002 6835 1.0
13:22:38:974 119853326 30178695 585071 6849 1.0
13:22:39:174 119853288 30388238 579096 6844 1.0
13:22:39:374 119852983 30367671 579169 6841 1.0
13:22:39:574 119852854 30374740 579082 6840 1.0
13:22:39:974 119853070 30176339 585045 6840 1.0
13:22:40:174 119853407 30417011 578958 6826 1.0
13:22:40:374 119852861 30368569 579194 6832 1.0
13:22:40:574 119853740 30463417 578921 6844 1.0
13:22:40:974 119853943 30177785 585047 6838 1.0
13:22:41:174 119852802 30420874 579075 6843 1.0
13:22:41:374 119852815 30370417 579242 6832 1.0
13:22:41:574 119853511 30454756 579013 6835 1.0
13:22:41:974 119854048 30172558 584910 6850 1.0
13:22:42:174 119852681 30397517 579084 6844 1.0
13:22:42:374 119853638 30371754 579279 6839 1.0
13:22:42:574 119852892 30383264 579218 6838 1.0
13:22:42:974 119853903 30177527 585042 6841 1.0
13:22:43:174 119852731 30398171 579277 6863 1.0
13:22:43:374 119853516 30368032 579179 6830 1.0
13:22:43:574 119852849 30457701 578932 6839 1.0
13:22:43:974 119853152 30180118 585052 6845 1.0
13:22:44:174 119853694 30417002 579062 6834 1.0
13:22:44:374 119852906 30371388 579174 6840 1.0
13:22:44:574 119852947 30420306 579153 6850 1.0
13:22:44:974 119853311 30177216 585034 6825 1.0
13:22:45:174 119853610 30397931 579067 6835 1.0
13:22:45:374 119852771 30370151 579188 6836 1.0
13:22:45:574 119853603 30387979 579098 6846 1.0
13:22:45:974 119853248 30180440 585117 6847 1.0
13:22:46:174 119853488 30410396 579128 6842 1.0
13:22:46:374 119852868 30367943 579157 6844 1.0
13:22:46:574 119853730 30436568 579014 6840 1.0
13:22:46:974 119854012 30175404 585040 6844 1.0
13:22:47:174 119852556 30402635 579042 6826 1.0
13:22:47:374 119853534 30375878 579295 6839 1.0
13:22:47:574 119852786 30435419 579000 6833 1.0
13:22:47:974 119854092 30176420 585040 6853 1.0
13:22:48:174 119852709 30471912 579032 6836 1.0
13:22:48:374 119853475 30369932 579188 6847 1.0
13:22:48:574 119852956 30458426 578935 6841 1.0
13:22:48:974 119853253 30172858 584916 6861 1.0
13:22:49:174 119852821 30371197 579067 6837 1.0
13:22:49:374 119853494 30368607 579195 6826 1.0
13:22:49:574 119852677 30410933 579145 6827 1.0
13:22:49:974 119853289 30177762 585046 6846 1.0
13:22:50:174 119853423 30384443 579125 6825 1.0
13:22:50:374 119852825 30375564 579287 6825 1.0
13:22:50:574 119853345 30455453 578995 6837 1.0
13:22:50:974 119853382 30184524 585131 6839 1.0
13:22:51:174 119853433 30405545 579085 6847 1.0
13:22:51:374 119852699 30366435 579108 6829 1.0
13:22:51:574 119853440 30470258 578889 6849 1.0
13:22:51:974 119854094 30176149 585010 6853 1.0
13:22:52:174 119852727 30429460 578970 6847 1.0
13:22:52:374 119852871 30371145 579261 6840 1.0
13:22:52:574 119853442 30427650 579002 6855 1.0
13:22:52:974 119854128 30175648 584992 6843 1.0
13:22:53:174 119852882 30394005 579158 6830 1.0
13:22:53:374 119853642 30368888 579201 6832 1.0
13:22:53:574 119852579 30402644 579116 6839 1.0
13:22:53:974 119853518 30174500 585010 6845 1.0
13:22:54:174 119852842 30379453 579117 6830 1.0
13:22:54:374 119853718 30366116 579103 6824 1.0
13:22:54:574 119852814 30408347 579123 6835 1.0
13:22:54:974 119853359 30173173 584974 6858 1.0
13:22:55:174 119853634 30375744 579307 6840 1.0
13:22:55:374 119852974 30367451 579165 6858 1.0
13:22:55:574 119852663 30405833 578926 6840 1.0
13:22:55:974 119853329 30183150 585189 6851 1.0
13:22:56:174 119853289 30419669 579063 6834 1.0
13:22:56:374 119852775 30367381 579160 6847 1.0
13:22:56:574 119853509 30442256 579107 6841 1.0
13:22:56:974 119853995 30176548 584994 6855 1.0
13:22:57:174 119852729 30395167 579061 6848 1.0
13:22:57:374 119853057 30372512 579204 6832 1.0
13:22:57:574 119853450 30402478 579072 6835 1.0
13:22:57:974 119854133 30274739 582168 6847 1.0
13:22:58:174 119852871 30385180 579128 6848 1.0
13:22:58:374 119853792 30368388 579186 6846 1.0
13:22:58:774 119853384 30182487 585169 6841 1.0
13:22:58:974 119853537 30368154 579179 6826 1.0
13:22:59:174 119852792 30418196 578998 6829 1.0
13:22:59:374 119853525 30370834 579222 6857 1.0
13:22:59:774 119854087 30174980 584974 6840 1.0
13:22:59:974 119852693 30364823 579094 6827 1.0
13:23:00:174 119853323 30461757 579039 6837 1.0
13:23:00:374 119852725 30367615 579171 6828 1.0
13:23:00:774 119853960 30180264 585040 6845 1.0
13:23:00:974 119852736 30367898 579170 6837 1.0
13:23:01:174 119853650 30398235 579052 6836 1.0
13:23:01:374 119852772 30367461 579110 6829 1.0
13:23:01:774 119853363 30174801 585009 6855 1.0
13:23:01:974 119852746 30365254 579110 6838 1.0
13:23:02:174 119853539 30463155 578996 6833 1.0
13:23:02:374 119852987 30368655 579199 6850 1.0
13:23:02:774 119853233 30175851 584996 6841 1.0
13:23:02:974 119853644 30374187 579250 6836 1.0
13:23:03:174 119852809 30418718 579083 6820 1.0
13:23:03:374 119853583 30366974 579139 6824 1.0
13:23:03:774 119853458 30172634 584951 6844 1.0
13:23:03:974 119853659 30366190 579105 6831 1.0
13:23:04:174 119852671 30382550 579117 6837 1.0
13:23:04:374 119853612 30370198 579177 6834 1.0
13:23:04:774 119854098 30174911 585040 6854 1.0
13:23:04:974 119852866 30369786 579158 6846 1.0
13:23:05:174 119852947 30376378 579102 6840 1.0
13:23:05:374 119853807 30367781 579172 6848 1.0
13:23:05:774 119853938 30179069 585082 6834 1.0
13:23:05:974 119852843 30371488 579215 6832 1.0
13:23:06:174 119853555 30422289 579033 6846 1.0
13:23:06:374 119852912 30373392 579226 6846 1.0
13:23:06:774 119853971 30173048 584923 6842 1.0
13:23:06:974 119852944 30363837 579070 6834 1.0
13:23:07:174 119853487 30466794 579111 6842 1.0
13:23:07:374 119852808 30365487 579113 6828 1.0
13:23:07:774 119853122 30171943 584983 6845 1.0
13:23:07:974 119853706 30371643 579181 6843 1.0
13:23:08:174 119852910 30470184 578877 6858 1.0
13:23:08:374 119852738 30368691 579196 6830 1.0
13:23:08:774 119853308 30173011 584922 6833 1.0
13:23:08:974 119853580 30369895 579229 6841 1.0
13:23:09:174 119852854 30375493 579084 6859 1.0
13:23:09:374 119853625 30375536 579287 6842 1.0
13:23:09:774 119853282 30174776 584967 6852 1.0
13:23:09:974 119853617 30371610 579242 6839 1.0
13:23:10:174 119852609 30385945 579069 6832 1.0
13:23:10:374 119853731 30365934 579122 6841 1.0
13:23:10:774 119854239 30180929 585094 6846 1.0
13:23:10:974 119852775 30368812 579200 6829 1.0
13:23:11:174 119853462 30415503 578967 6836 1.0
13:23:11:374 119852934 30375812 579363 6832 1.0
13:23:11:774 119853906 30175297 584992 6855 1.0
13:23:11:974 119852837 30367862 579164 6848 1.0
13:23:12:174 119853579 30435084 579138 6834 1.0
13:23:12:374 119852846 30369499 579217 6853 1.0
13:23:12:774 119853366 30183343 585138 6849 1.0
13:23:12:974 119852929 30364575 579108 6840 1.0
13:23:13:174 119853379 30405553 579058 6841 1.0
13:23:13:374 119852757 30363809 579068 6837 1.0
13:23:13:774 119853217 30174455 584978 6852 1.0
13:23:13:974 119853541 30369291 579170 6852 1.0
13:23:14:174 119852734 30379149 579135 6852 1.0
13:23:14:374 119853549 30365268 579139 6833 1.0
13:23:14:774 119853229 30176166 585006 6851 1.0
13:23:14:974 119853541 30371317 579266 6826 1.0
13:23:15:174 119852864 30411513 579036 6855 1.0
13:23:15:374 119853652 30367787 579172 6840 1.0
13:23:15:774 119854224 30173728 584942 6852 1.0
13:23:15:974 119852939 30364377 579081 6841 1.0
13:23:16:174 119852830 30440974 578956 6833 1.0
13:23:16:374 119853460 30374009 579243 6837 1.0
13:23:16:774 119854183 30179958 585040 6848 1.0
13:23:16:974 119852871 30375102 579340 6841 1.0
13:23:17:174 119853389 30466442 578880 6834 1.0
13:23:17:374 119852909 30366357 579108 6839 1.0
13:23:17:774 119853245 30177901 585052 6832 1.0
13:23:17:974 119852810 30370651 579246 6847 1.0
13:23:18:174 119853638 30426192 579038 6847 1.0
13:23:18:374 119852991 30374717 579267 6849 1.0
13:23:18:774 119853327 30177218 585031 6855 1.0
13:23:18:974 119853650 30368778 579198 6850 1.0
13:23:19:174 119852817 30437512 579034 6842 1.0
13:23:19:374 119852834 30369571 579220 6835 1.0
13:23:19:774 119853316 30179026 585056 6836 1.0
13:23:19:974 119853703 30364681 579094 6829 1.0
13:23:20:174 119852768 30470527 578868 6850 1.0
13:23:20:374 119853652 30366816 579104 6851 1.0
13:23:20:774 119853892 30271020 582068 6821 1.0
13:23:20:974 119852953 30368814 579177 6834 1.0
13:23:21:174 119852717 30394275 579196 6837 1.0
13:23:21:574 119853222 30172307 584902 6852 1.0
13:23:21:774 119853437 30382037 579097 6833 1.0
13:23:21:974 119852748 30370569 579246 6818 1.0
13:23:22:174 119853607 30408042 579061 6840 1.0
13:23:22:574 119853243 30183601 585139 6851 1.0
13:23:22:774 119853607 30425358 579019 6836 1.0
13:23:22:974 119852885 30367179 579156 6831 1.0
13:23:23:174 119853628 30459609 578853 6825 1.0
13:23:23:574 119854071 30176880 585024 6829 1.0
13:23:23:774 119852751 30428382 579034 6837 1.0
13:23:23:974 119853553 30370589 579251 6841 1.0
13:23:24:174 119852713 30412088 578969 6841 1.0
13:23:24:574 119854076 30176780 585040 6844 1.0
13:23:24:774 119852596 30473987 579117 6836 1.0
13:23:24:974 119853693 30368158 579122 6836 1.0
13:23:25:174 119852798 30456461 578931 6832 1.0
13:23:25:574 119853297 30177862 585049 6849 1.0
13:23:25:774 119852686 30375283 579065 6831 1.0
13:23:25:974 119853718 30368680 579195 6839 1.0
13:23:26:174 119852773 30409717 579153 6831 1.0
13:23:26:574 119853428 30175499 585040 6845 1.0
13:23:26:774 119853388 30378937 579003 6842 1.0
13:23:26:974 119852975 30369305 579212 6837 1.0
13:23:27:174 119853694 30452345 578883 6851 1.0
13:23:27:574 119853409 30180887 585128 6847 1.0
13:23:27:774 119853564 30426059 578975 6833 1.0
13:23:27:974 119852697 30364918 579103 6837 1.0
13:23:28:174 119853439 30469719 578970 6839 1.0
13:23:28:574 119854204 30174254 584956 6837 1.0
13:23:28:774 119852702 30468562 578925 6833 1.0
13:23:28:974 119852773 30371206 579227 6841 1.0
13:23:29:174 119853626 30404822 579019 6853 1.0
13:23:29:574 119853951 30177270 585040 6851 1.0
13:23:29:774 119852867 30405965 579117 6849 1.0
13:23:29:974 119853585 30366279 579128 6852 1.0
13:23:30:174 119852704 30385049 579092 6830 1.0
13:23:30:574 119853416 30176130 585004 6841 1.0
13:23:30:774 119852789 30415339 579010 6836 1.0
13:23:30:974 119853497 30365222 579103 6845 1.0
13:23:31:174 119852869 30401479 579174 6860 1.0
13:23:31:574 119853346 30173966 584985 6838 1.0
13:23:31:774 119853423 30454127 579079 6848 1.0
13:23:31:974 119852857 30367223 579141 6833 1.0
13:23:32:174 119852767 30421848 579060 6828 1.0
13:23:32:574 119853263 30182438 585078 6842 1.0
13:23:32:774 119853607 30427294 578988 6830 1.0
13:23:32:974 119852831 30367762 579171 6838 1.0
13:23:33:174 119853385 30393184 579218 6831 1.0
13:23:33:574 119853264 30172303 584948 6857 1.0
13:23:33:774 119853506 30382860 579079 6827 1.0
13:23:33:974 119852740 30370916 579163 6839 1.0
13:23:34:174 119853537 30384708 579120 6849 1.0
13:23:34:574 119854191 30177875 585047 6857 1.0
13:23:34:774 119852812 30413970 579024 6831 1.0
13:23:34:974 119853517 30367081 579155 6828 1.0
13:23:35:174 119852816 30469759 578936 6837 1.0
13:23:35:574 119854057 30179614 585096 6846 1.0
13:23:35:774 119852965 30375269 579093 6837 1.0
13:23:35:974 119853578 30374013 579244 6843 1.0
13:23:36:174 119852492 30413364 579106 6841 1.0
13:23:36:574 119853555 30175222 585007 6849 1.0
13:23:36:774 119852624 30395341 579171 6839 1.0
13:23:36:974 119853552 30367188 579156 6832 1.0
13:23:37:174 119852636 30411547 579029 6826 1.0
13:23:37:574 119853290 30176207 585006 6841 1.0
13:23:37:774 119853423 30442444 578919 6821 1.0
13:23:37:974 119852630 30365486 579112 6841 1.0
13:23:38:174 119853537 30389008 579220 6846 1.0
13:23:38:574 119852999 30174867 584970 6841 1.0
13:23:38:774 119853537 30388587 579197 6832 1.0
13:23:38:974 119852602 30369201 579117 6832 1.0
13:23:39:174 119853438 30404525 579053 6837 1.0
13:23:39:574 119854038 30179281 585040 6847 1.0
13:23:39:774 119852718 30394020 579117 6836 1.0
13:23:39:974 119852844 30368820 579117 6860 1.0
13:23:40:174 119853675 30405779 579251 6833 1.0
13:23:40:574 119853951 30174842 584971 6838 1.0
13:23:40:774 119852792 30419957 579003 6850 1.0
13:23:40:974 119853419 30372618 579254 6828 1.0
13:23:41:174 119852747 30418317 579042 6834 1.0
13:23:41:574 119853282 30182331 585168 6831 1.0
13:23:41:774 119852804 30436374 578953 6832 1.0
13:23:41:974 119853511 30362746 579041 6839 1.0
13:23:42:174 119852886 30444600 579009 6831 1.0
13:23:42:574 119853188 30181155 585056 6845 1.0
13:23:42:774 119853725 30416627 579079 6837 1.0
13:23:42:974 119852660 30366933 579142 6826 1.0
13:23:43:174 119852648 30396874 579117 6837 1.0
13:23:43:575 119853524 30269176 582035 6838 1.0
13:23:43:775 119853427 30379380 579178 6849 1.0
13:23:43:975 119852746 30363820 579069 6840 1.0
13:23:44:375 119853268 30172850 585010 6844 1.0
13:23:44:575 119853433 30375645 579287 6843 1.0
13:23:44:775 119852718 30412655 578958 6849 1.0
13:23:44:975 119852812 30368663 579195 6830 1.0
13:23:45:375 119853370 30173101 584924 6847 1.0
13:23:45:575 119853709 30365123 579103 6835 1.0
13:23:45:775 119852812 30444327 579022 6838 1.0
13:23:45:975 119853454 30375112 579273 6852 1.0
13:23:46:375 119853221 30173920 584970 6835 1.0
13:23:46:575 119853700 30371708 579183 6854 1.0
13:23:46:775 119852663 30414523 579112 6837 1.0
13:23:46:975 119853497 30369649 579202 6840 1.0
13:23:47:375 119854043 30179236 585086 6839 1.0
13:23:47:575 119852775 30367477 579165 6835 1.0
13:23:47:775 119853603 30386130 579031 6835 1.0
13:23:47:975 119852823 30371760 579278 6821 1.0
13:23:48:375 119854137 30178686 585070 6853 1.0
13:23:48:575 119853150 30364756 579092 6833 1.0
13:23:48:775 119853519 30415384 579186 6828 1.0
13:23:48:975 119852987 30367989 579177 6848 1.0
13:23:49:375 119853123 30183567 585106 6839 1.0
13:23:49:575 119852914 30365068 579100 6838 1.0
13:23:49:775 119853336 30428082 579107 6831 1.0
13:23:49:975 119852731 30366598 579108 6846 1.0
13:23:50:375 119853221 30177265 585045 6849 1.0
13:23:50:575 119853627 30368162 579160 6838 1.0
13:23:50:775 119852818 30402671 579102 6852 1.0
13:23:50:975 119853605 30368273 579184 6840 1.0
13:23:51:375 119853174 30174739 584973 6853 1.0
13:23:51:575 119853461 30369940 579225 6846 1.0
13:23:51:775 119852752 30378324 579137 6844 1.0
13:23:51:975 119853573 30362903 579087 6839 1.0
13:23:52:375 119853963 30177401 585036 6840 1.0
13:23:52:575 119852896 30366654 579144 6829 1.0
13:23:52:775 119852819 30380372 579072 6843 1.0
13:23:52:975 119853812 30377342 579332 6836 1.0
13:23:53:375 119854205 30173503 584973 6831 1.0
13:23:53:575 119852643 30377681 579343 6827 1.0
13:23:53:775 119853518 30441157 578987 6837 1.0
13:23:53:975 119852739 30367615 579168 6845 1.0
13:23:54:375 119853417 30180492 585118 6854 1.0
13:23:54:575 119852921 30366089 579130 6851 1.0
13:23:54:775 119853464 30405228 579057 6831 1.0
13:23:54:975 119852865 30374918 579266 6832 1.0
13:23:55:375 119853441 30178733 585073 6850 1.0
13:23:55:575 119853635 30366629 579141 6840 1.0
13:23:55:775 119852734 30415071 579087 6827 1.0
13:23:55:975 119852885 30366017 579126 6841 1.0
13:23:56:375 119853211 30178867 585045 6841 1.0
13:23:56:575 119853576 30370485 579227 6836 1.0
13:23:56:775 119852695 30424443 578993 6848 1.0
13:23:56:975 119853483 30368318 579114 6818 1.0
13:23:57:375 119854027 30175830 585010 6829 1.0
13:23:57:575 119852867 30368634 579182 6820 1.0
13:23:57:775 119852715 30394699 579303 6835 1.0
13:23:57:975 119853595 30367658 579103 6824 1.0
13:23:58:375 119854018 30176355 585010 6842 1.0
13:23:58:575 119852908 30371932 579262 6849 1.0
13:23:58:775 119853571 30404430 579031 6825 1.0
13:23:58:975 119852995 30364340 579082 6847 1.0
13:23:59:375 119854061 30177362 585040 6860 1.0
13:23:59:575 119852814 30368661 579184 6844 1.0
13:23:59:775 119853529 30416586 579012 6850 1.0
13:23:59:975 119852797 30369870 579132 6854 1.0
13:24:00:375 119853433 30175450 585030 6859 1.0
13:24:00:575 119853746 30367555 579122 6841 1.0
13:24:00:775 119852759 30421424 579157 6837 1.0
13:24:00:975 119852902 30366695 579145 6833 1.0
13:24:01:375 119853150 30184610 585205 6829 1.0
13:24:01:575 119853655 30365524 579105 6828 1.0
13:24:01:775 119852729 30410672 578978 6827 1.0
13:24:01:975 119853589 30367360 579162 6841 1.0
13:24:02:375 119853389 30176872 585022 6852 1.0
13:24:02:575 119853537 30369547 579176 6840 1.0
13:24:02:775 119852870 30413775 579173 6856 1.0
13:24:02:975 119853552 30366985 579154 6824 1.0
13:24:03:375 119853782 30173836 585008 6840 1.0
13:24:03:575 119852653 30370025 579142 6850 1.0
13:24:03:775 119853625 30377477 579171 6836 1.0
13:24:03:975 119853095 30369811 579228 6837 1.0
13:24:04:375 119853977 30174946 584973 6846 1.0
13:24:04:575 119852843 30367469 579165 6827 1.0
13:24:04:775 119853578 30378628 579160 6843 1.0
13:24:04:975 119852772 30372795 579254 6839 1.0
13:24:05:375 119853411 30176464 584979 6846 1.0
13:24:05:575 119852887 30380065 579406 6860 1.0
13:24:05:775 119853642 30395780 579163 6845 1.0
13:24:05:975 119852686 30367229 579135 6833 1.0
13:24:06:375 119853318 30281293 582323 6850 1.0
13:24:06:575 119853392 30366115 579128 6833 1.0
13:24:06:775 119852914 30461551 578891 6849 1.0
13:24:07:175 119854043 30177337 585036 6846 1.0
13:24:07:375 119852902 30425214 578979 6833 1.0
13:24:07:575 119853430 30364341 579086 6829 1.0
13:24:07:775 119852832 30406715 579188 6842 1.0
13:24:08:175 119853347 30176805 585021 6862 1.0
13:24:08:375 119853655 30396263 579237 6847 1.0
13:24:08:575 119852907 30365563 579111 6821 1.0
13:24:08:775 119852731 30403547 579104 6845 1.0
13:24:09:175 119853358 30184762 585210 6851 1.0
13:24:09:375 119853393 30467078 578856 6839 1.0
13:24:09:575 119853041 30366039 579126 6831 1.0
13:24:09:775 119853506 30463103 579060 6821 1.0
13:24:10:175 119853283 30176936 585027 6852 1.0
13:24:10:375 119853643 30431425 578961 6831 1.0
13:24:10:575 119852899 30369306 579133 6853 1.0
13:24:10:775 119853537 30376343 579119 6840 1.0
13:24:11:175 119854095 30181060 585134 6846 1.0
13:24:11:375 119852587 30417406 578954 6833 1.0
13:24:11:575 119853605 30368916 579203 6839 1.0
13:24:11:775 119852880 30389208 579100 6839 1.0
13:24:12:175 119854149 30177237 585031 6861 1.0
13:24:12:375 119852712 30392717 579098 6842 1.0
13:24:12:575 119853522 30371237 579170 6847 1.0
13:24:12:775 119852775 30402093 579117 6840 1.0
13:24:13:175 119853208 30173370 585021 6842 1.0
13:24:13:375 119852878 30469435 579033 6851 1.0
13:24:13:575 119853475 30366223 579134 6836 1.0
13:24:13:775 119852874 30418623 578935 6840 1.0
13:24:14:175 119853280 30172731 584913 6846 1.0
13:24:14:375 119853596 30414207 579048 6838 1.0
13:24:14:575 119852804 30368376 579189 6842 1.0
13:24:14:775 119853471 30429981 579084 6834 1.0
13:24:15:175 119853161 30174189 584953 6838 1.0
13:24:15:375 119853475 30460646 579052 6833 1.0
13:24:15:575 119852774 30367024 579146 6841 1.0
13:24:15:775 119853534 30436476 579074 6837 1.0
13:24:16:175 119854041 30178142 585056 6842 1.0
13:24:16:375 119852807 30404777 579005 6848 1.0
13:24:16:575 119852789 30367635 579169 6833 1.0
13:24:16:775 119853477 30475935 578928 6846 1.0
13:24:17:175 119853916 30174995 584976 6839 1.0
13:24:17:375 119852954 30372672 579096 6828 1.0
13:24:17:575 119853702 30373436 579268 6836 1.0
13:24:17:775 119852640 30392825 579062 6829 1.0
13:24:18:175 119853390 30171007 584884 6835 1.0
13:24:18:375 119852659 30404796 579248 6830 1.0
13:24:18:575 119853451 30368268 579186 6839 1.0
13:24:18:775 119852674 30375231 579083 6823 1.0
13:24:19:175 119853263 30176737 585045 6843 1.0
13:24:19:375 119853700 30399667 579034 6843 1.0
13:24:19:575 119852933 30368181 579182 6839 1.0
13:24:19:775 119852723 30415933 579121 6847 1.0
13:24:20:175 119853330 30174791 584970 6844 1.0
13:24:20:375 119853738 30408321 579084 6842 1.0
13:24:20:575 119852985 30365607 579115 6838 1.0
13:24:20:775 119853532 30468557 578871 6832 1.0
13:24:21:175 119854030 30178830 585076 6844 1.0
13:24:21:375 119852861 30425537 578930 6840 1.0
13:24:21:575 119852855 30367879 579177 6842 1.0
13:24:21:775 119853412 30427921 579149 6838 1.0
13:24:22:175 119854064 30176106 585011 6842 1.0
13:24:22:375 119852783 30380481 579017 6850 1.0
13:24:22:575 119853698 30375671 579286 6836 1.0
13:24:22:775 119852777 30393567 579063 6848 1.0
13:24:23:175 119853963 30178598 585040 6848 1.0
13:24:23:375 119852771 30398700 579117 6823 1.0
13:24:23:575 119853583 30367152 579103 6837 1.0
13:24:23:775 119852872 30388146 579177 6817 1.0
13:24:24:175 119853270 30173725 584941 6840 1.0
13:24:24:375 119853731 30391864 579160 6842 1.0
13:24:24:575 119852970 30371728 579235 6848 1.0
13:24:24:775 119852875 30409662 578980 6838 1.0
13:24:25:175 119853258 30174876 584971 6845 1.0
13:24:25:375 119853616 30472017 578997 6835 1.0
13:24:25:575 119852679 30365421 579108 6838 1.0
13:24:25:775 119853573 30404121 579100 6833 1.0
13:24:26:175 119853252 30174915 584972 6836 1.0
13:24:26:375 119853521 30419686 579091 6843 1.0
13:24:26:575 119852729 30367668 579108 6825 1.0
13:24:26:775 119853396 30387580 579125 6832 1.0
13:24:27:175 119854070 30176846 585023 6851 1.0
13:24:27:375 119852990 30373887 579220 6849 1.0
13:24:27:575 119853432 30366965 579152 6837 1.0
13:24:27:775 119852909 30396994 579091 6835 1.0
13:24:28:175 119854146 30180721 585119 6837 1.0
13:24:28:375 119853050 30403474 578963 6852 1.0
13:24:28:575 119853441 30364554 579090 6819 1.0
13:24:28:775 119852883 30445255 579026 6833 1.0
13:24:29:175 119853151 30268672 582076 6838 1.0
13:24:29:375 119852694 30378968 579127 6830 1.0
13:24:29:575 119853680 30370016 579231 6843 1.0
13:24:29:975 119854078 30175020 585040 6850 1.0
13:24:30:175 119852845 30374712 579290 6835 1.0
13:24:30:375 119853519 30429454 578931 6841 1.0
13:24:30:575 119852925 30367640 579171 6850 1.0
13:24:30:975 119853458 30181589 585146 6849 1.0
13:24:31:175 119853107 30366409 579136 6837 1.0
13:24:31:375 119853674 30387434 579061 6842 1.0
13:24:31:575 119852764 30370322 579238 6832 1.0
13:24:31:975 119853125 30178354 585062 6840 1.0
13:24:32:175 119853615 30365203 579103 6843 1.0
13:24:32:375 119852787 30369154 579176 6834 1.0
13:24:32:575 119852955 30368966 579118 6833 1.0
13:24:32:975 119853142 30179380 585049 6848 1.0
13:24:33:175 119853671 30367849 579176 6829 1.0
13:24:33:375 119852726 30403073 579041 6835 1.0
13:24:33:575 119853643 30369691 579218 6837 1.0
13:24:33:975 119854065 30175308 584983 6859 1.0
13:24:34:175 119853033 30365047 579100 6845 1.0
13:24:34:375 119852821 30454706 579092 6836 1.0
13:24:34:575 119853599 30366309 579111 6838 1.0
13:24:34:975 119854164 30173955 584946 6852 1.0
13:24:35:175 119853034 30376752 579321 6851 1.0
13:24:35:375 119853375 30420450 579085 6826 1.0
13:24:35:575 119852778 30365101 579102 6846 1.0
13:24:35:975 119854034 30181339 585062 6827 1.0
13:24:36:175 119852851 30366603 579141 6844 1.0
13:24:36:375 119853496 30402130 579035 6834 1.0
13:24:36:575 119852890 30372810 579210 6846 1.0
13:24:36:975 119853256 30176001 585006 6824 1.0
13:24:37:175 119852910 30366550 579135 6843 1.0
13:24:37:375 119853446 30395308 579148 6851 1.0
13:24:37:575 119852760 30364251 579079 6845 1.0
13:24:37:975 119853425 30180397 585115 6858 1.0
13:24:38:175 119853474 30366810 579129 6831 1.0
13:24:38:375 119852671 30412601 579117 6827 1.0
13:24:38:575 119853617 30366574 579103 6839 1.0
13:24:38:975 119853175 30174262 584955 6836 1.0
13:24:39:175 119853580 30369058 579194 6834 1.0
13:24:39:375 119852950 30479534 579041 6830 1.0
13:24:39:575 119853503 30369995 579179 6840 1.0
13:24:39:975 119853992 30177929 585054 6842 1.0
13:24:40:175 119852938 30372166 579287 6844 1.0
13:24:40:375 119852811 30415714 579011 6838 1.0
13:24:40:575 119853489 30366300 579135 6836 1.0
13:24:40:975 119854226 30175422 584985 6852 1.0
13:24:41:175 119852659 30368967 579204 6826 1.0
13:24:41:375 119853542 30387425 579106 6830 1.0
13:24:41:575 119852833 30369558 579205 6836 1.0
13:24:41:975 119853279 30175312 584984 6842 1.0
13:24:42:175 119852687 30373353 579224 6841 1.0
13:24:42:375 119853797 30411512 579041 6825 1.0
13:24:42:575 119852707 30365179 579104 6842 1.0
13:24:42:975 119853264 30182026 585131 6851 1.0
13:24:43:175 119853715 30369479 579220 6842 1.0
13:24:43:375 119852868 30437573 578915 6830 1.0
13:24:43:575 119852605 30374103 579314 6843 1.0
13:24:43:975 119852997 30176837 585023 6840 1.0
13:24:44:175 119853534 30365166 579103 6842 1.0
13:24:44:375 119852772 30398020 579150 6840 1.0
13:24:44:575 119853605 30369417 579214 6819 1.0
13:24:44:975 119854264 30178664 585069 6854 1.0
13:24:45:175 119852845 30365273 579108 6840 1.0
13:24:45:375 119852934 30375392 579134 6858 1.0
13:24:45:575 119853501 30366310 579135 6833 1.0
13:24:45:975 119854089 30173063 584987 6849 1.0
13:24:46:175 119852902 30365704 579119 6835 1.0
13:24:46:375 119853449 30465528 579055 6839 1.0
13:24:46:575 119852869 30366048 579126 6840 1.0
13:24:46:975 119853978 30178136 585056 6865 1.0
13:24:47:175 119852829 30379943 579399 6849 1.0
13:24:47:375 119853749 30374899 579132 6840 1.0
13:24:47:575 119852779 30367687 579169 6840 1.0
13:24:47:975 119853250 30174685 584965 6829 1.0
13:24:48:175 119853618 30367099 579156 6848 1.0
13:24:48:375 119852895 30377252 579121 6832 1.0
13:24:48:575 119852666 30371322 579222 6831 1.0
13:24:48:975 119853235 30178432 585045 6830 1.0
13:24:49:175 119853788 30369684 579162 6836 1.0
13:24:49:375 119852787 30425959 579063 6855 1.0
13:24:49:575 119853446 30365034 579100 6831 1.0
13:24:49:975 119853382 30181580 585146 6850 1.0
13:24:50:175 119853540 30365885 579125 6837 1.0
13:24:50:375 119852873 30395292 578982 6827 1.0
13:24:50:575 119853750 30374774 579349 6841 1.0
13:24:50:975 119854051 30177200 585033 6829 1.0
13:24:51:175 119852979 30366483 579139 6831 1.0
13:24:51:375 119853380 30431486 579085 6827 1.0
13:24:51:575 119852807 30371367 579229 6850 1.0
13:24:51:975 119853964 30265118 582441 6836 1.0
13:24:52:175 119852700 30369170 579176 6833 1.0
13:24:52:375 119853761 30429584 579072 6843 1.0
13:24:52:775 119854160 30177824 585047 6855 1.0
13:24:52:975 119852853 30400117 579068 6848 1.0
13:24:53:175 119852972 30365382 579110 6837 1.0
13:24:53:375 119853547 30439374 578875 6842 1.0
13:24:53:775 119854221 30176324 585015 6843 1.0
13:24:53:975 119852753 30429787 578924 6841 1.0
13:24:54:175 119853449 30371760 579277 6831 1.0
13:24:54:375 119852822 30393765 578996 6842 1.0
13:24:54:775 119853277 30180165 585109 6837 1.0
13:24:54:975 119852814 30405311 579199 6846 1.0
13:24:55:175 119853835 30366646 579142 6846 1.0
13:24:55:375 119852729 30420925 579033 6841 1.0
13:24:55:775 119853262 30180501 585119 6833 1.0
13:24:55:975 119853425 30457232 578924 6838 1.0
13:24:56:175 119852898 30366381 579108 6827 1.0
13:24:56:375 119852925 30412585 579158 6843 1.0
13:24:56:775 119853364 30176501 585013 6849 1.0
13:24:56:975 119853436 30402711 579248 6836 1.0
13:24:57:175 119852830 30365983 579126 6829 1.0
13:24:57:375 119853341 30431469 578961 6834 1.0
13:24:57:775 119854086 30178567 585069 6847 1.0
13:24:57:975 119853111 30379845 579095 6849 1.0
13:24:58:175 119852932 30365638 579118 6844 1.0
13:24:58:375 119853661 30459598 578967 6832 1.0
13:24:58:775 119853969 30176784 585036 6838 1.0
13:24:58:975 119852897 30378073 579102 6842 1.0
13:24:59:175 119853560 30374471 579256 6823 1.0
13:24:59:375 119852721 30433014 578983 6829 1.0
13:24:59:775 119853906 30184523 585224 6849 1.0
13:24:59:975 119852842 30446153 578891 6833 1.0
13:25:00:175 119853565 30367574 579136 6837 1.0
13:25:00:375 119852810 30455715 578910 6841 1.0
13:25:00:775 119853239 30179037 585051 6845 1.0
13:25:00:975 119853346 30430091 578968 6829 1.0
13:25:01:175 119853024 30375374 579280 6849 1.0
13:25:01:375 119852593 30440216 579010 6842 1.0
13:25:01:775 119853309 30176699 585019 6855 1.0
13:25:01:975 119853380 30380663 579160 6822 1.0
13:25:02:175 119852804 30365221 579110 6836 1.0
13:25:02:375 119853373 30415140 579112 6842 1.0
13:25:02:775 119853080 30175261 584990 6833 1.0
13:25:02:975 119853472 30383579 579112 6849 1.0
13:25:03:175 119852999 30367648 579153 6825 1.0
13:25:03:375 119853448 30423497 579128 6830 1.0
13:25:03:775 119854204 30174219 584996 6841 1.0
13:25:03:975 119852753 30446289 579117 6830 1.0
13:25:04:175 119853472 30367630 579105 6829 1.0
13:25:04:375 119852873 30447351 579077 6840 1.0
13:25:04:775 119854000 30179893 585097 6851 1.0
13:25:04:975 119852705 30443177 579059 6828 1.0
13:25:05:175 119853478 30369222 579122 6836 1.0
13:25:05:375 119852906 30403173 579135 6839 1.0
13:25:05:775 119853239 30171724 584887 6857 1.0
13:25:05:975 119852912 30393433 579122 6848 1.0
13:25:06:175 119853594 30373286 579319 6845 1.0
13:25:06:375 119852831 30423838 578947 6844 1.0
13:25:06:775 119853290 30179278 585087 6854 1.0
13:25:06:975 119853542 30401618 579064 6846 1.0
13:25:07:175 119852712 30367689 579178 6843 1.0
13:25:07:375 119852865 30391061 579075 6834 1.0
13:25:07:775 119853284 30174110 585034 6848 1.0
13:25:07:975 119853491 30419979 579055 6835 1.0
13:25:08:175 119852929 30370053 579167 6852 1.0
13:25:08:375 119853703 30388895 579112 6821 1.0
13:25:08:775 119854053 30174143 585022 6848 1.0
13:25:08:975 119852824 30473654 578962 6850 1.0
13:25:09:175 119852809 30365810 579122 6830 1.0
13:25:09:375 119853482 30417714 579029 6836 1.0
13:25:09:775 119854086 30174183 584951 6844 1.0
13:25:09:975 119852604 30393650 579103 6843 1.0
13:25:10:175 119853437 30365016 579100 6852 1.0
13:25:10:375 119852785 30385884 579174 6836 1.0
13:25:10:775 119853996 30173983 584948 6846 1.0
13:25:10:975 119852793 30470592 579003 6834 1.0
13:25:11:175 119853825 30372704 579208 6832 1.0
13:25:11:375 119852751 30434100 578971 6833 1.0
13:25:11:775 119853136 30182877 585087 6849 1.0
13:25:11:975 119853570 30409377 579087 6828 1.0
13:25:12:175 119852688 30369499 579133 6823 1.0
13:25:12:375 119852833 30368578 579117 6831 1.0
13:25:12:775 119853240 30175035 585026 6838 1.0
13:25:12:975 119853568 30470140 578872 6839 1.0
13:25:13:175 119852700 30373518 579301 6831 1.0
13:25:13:375 119853488 30416505 579002 6847 1.0
13:25:13:775 119853253 30174176 584951 6831 1.0
13:25:13:975 119853390 30403568 579157 6832 1.0
13:25:14:175 119852859 30365284 579105 6842 1.0
13:25:14:375 119853730 30393176 579164 6850 1.0
13:25:14:775 119854052 30247441 582902 6842 1.0
13:25:14:975 119852839 30396456 579044 6842 1.0
13:25:15:175 119853444 30368020 579176 6837 1.0
13:25:15:375 119852880 30419234 579117 6835 1.0
13:25:15:775 119853971 30357451 579368 6814 1.0
13:25:15:975 119852862 30385176 579231 6840 1.0
13:25:16:175 119853557 30367162 579158 6842 1.0
13:25:16:575 119854008 30174935 585015 6835 1.0
13:25:16:775 119853024 30371262 579222 6837 1.0
13:25:16:975 119852820 30397722 579048 6834 1.0
13:25:17:175 119853463 30367300 579162 6833 1.0
13:25:17:575 119853921 30176012 585002 6843 1.0
13:25:17:775 119852822 30367229 579158 6842 1.0
13:25:17:975 119853584 30468568 578846 6841 1.0
13:25:18:175 119852960 30369985 579210 6844 1.0
13:25:18:575 119853264 30174293 584974 6840 1.0
13:25:18:775 119852939 30370358 579180 6840 1.0
13:25:18:975 119853428 30398287 579112 6829 1.0
13:25:19:175 119852793 30367761 579108 6841 1.0
13:25:19:575 119853277 30179329 585087 6838 1.0
13:25:19:775 119853673 30369252 579213 6833 1.0
13:25:19:975 119852654 30421949 578985 6827 1.0
13:25:20:175 119852963 30373013 579312 6829 1.0
13:25:20:575 119853405 30176957 585026 6849 1.0
13:25:20:775 119853655 30369834 579226 6841 1.0
13:25:20:975 119852776 30469887 578978 6842 1.0
13:25:21:175 119853579 30371745 579260 6837 1.0
13:25:21:575 119854182 30180471 585099 6860 1.0
13:25:21:775 119852860 30364213 579096 6821 1.0
13:25:21:975 119852739 30382214 579127 6849 1.0
13:25:22:175 119853549 30364787 579096 6838 1.0
13:25:22:575 119853759 30175266 585040 6846 1.0
13:25:22:775 119852899 30366963 579108 6835 1.0
13:25:22:975 119853703 30396867 579287 6840 1.0
13:25:23:175 119852793 30367694 579170 6837 1.0
13:25:23:575 119853942 30177540 585042 6844 1.0
13:25:23:775 119852675 30375537 579309 6845 1.0
13:25:23:975 119853697 30430208 578988 6847 1.0
13:25:24:175 119852709 30368096 579182 6843 1.0
13:25:24:575 119853211 30175284 585045 6837 1.0
13:25:24:775 119853501 30365534 579103 6828 1.0
13:25:24:975 119852805 30382756 579116 6841 1.0
13:25:25:175 119852815 30373988 579244 6841 1.0
13:25:25:575 119853195 30173307 584990 6837 1.0
13:25:25:775 119853472 30371123 579167 6851 1.0
13:25:25:975 119852740 30386149 579108 6835 1.0
13:25:26:175 119853498 30369355 579189 6840 1.0
13:25:26:575 119853259 30184567 585225 6836 1.0
13:25:26:775 119853565 30367435 579132 6841 1.0
13:25:26:975 119852676 30434835 578914 6839 1.0
13:25:27:175 119853527 30374719 579306 6846 1.0
13:25:27:575 119854097 30174354 584957 6842 1.0
13:25:27:775 119852794 30366280 579133 6852 1.0
13:25:27:975 119853393 30460678 579122 6839 1.0
13:25:28:175 119852845 30365727 579119 6835 1.0
13:25:28:575 119854100 30178019 585041 6848 1.0
13:25:28:775 119852855 30374722 579274 6841 1.0
13:25:28:975 119853671 30436669 578946 6844 1.0
13:25:29:175 119852837 30366078 579108 6841 1.0
13:25:29:575 119853323 30172544 585002 6851 1.0
13:25:29:775 119852941 30362260 579027 6838 1.0
13:25:29:975 119853557 30427372 579025 6839 1.0
13:25:30:175 119852824 30370482 579243 6838 1.0
13:25:30:575 119853203 30176669 585019 6847 1.0
13:25:30:775 119853433 30367268 579158 6831 1.0
13:25:30:975 119852589 30371510 579080 6843 1.0
13:25:31:175 119853549 30366988 579151 6842 1.0
13:25:31:575 119853242 30178337 585062 6840 1.0
13:25:31:775 119853758 30366784 579116 6841 1.0
13:25:31:975 119852827 30393971 579116 6834 1.0
13:25:32:175 119853736 30374806 579265 6852 1.0
13:25:32:575 119854171 30174480 585040 6845 1.0
13:25:32:775 119852825 30370225 579147 6844 1.0
13:25:32:975 119852798 30449271 579132 6834 1.0
13:25:33:175 119853749 30369604 579220 6839 1.0
13:25:33:575 119853952 30186482 585208 6851 1.0
13:25:33:775 119852840 30365765 579109 6834 1.0
13:25:33:975 119853583 30450460 578930 6849 1.0
13:25:34:175 119852846 30368281 579185 6831 1.0
13:25:34:575 119853194 30176591 585017 6835 1.0
13:25:34:775 119852901 30367539 579165 6839 1.0
13:25:34:975 119853531 30383481 579133 6848 1.0
13:25:35:175 119852929 30365963 579126 6836 1.0
13:25:35:575 119853428 30176912 585045 6842 1.0
13:25:35:775 119853755 30369196 579145 6831 1.0
13:25:35:975 119852772 30408876 579076 6836 1.0
13:25:36:175 119852657 30366458 579140 6830 1.0
13:25:36:575 119853356 30174038 584974 6837 1.0
13:25:36:775 119853646 30367279 579134 6825 1.0
13:25:36:975 119852873 30462018 578889 6850 1.0
13:25:37:175 119853517 30375798 579300 6856 1.0
13:25:37:575 119854177 30228801 583328 6844 1.0
13:25:37:775 119852810 30374052 579261 6837 1.0
13:25:37:975 119852759 30403877 579023 6832 1.0
13:25:38:175 119853480 30368714 579196 6835 1.0
13:25:38:575 119854115 30346696 579911 6824 1.0
13:25:38:775 119852833 30368772 579197 6830 1.0
13:25:38:975 119853453 30452710 579040 6835 1.0
13:25:39:375 119853124 30173757 585032 6841 1.0
13:25:39:575 119853450 30457142 578866 6834 1.0
13:25:39:775 119852765 30372415 579286 6852 1.0
13:25:39:975 119853464 30453214 579028 6841 1.0
13:25:40:375 119853962 30173411 584950 6848 1.0
13:25:40:575 119852679 30455685 579117 6833 1.0
13:25:40:775 119853542 30365447 579104 6851 1.0
13:25:40:975 119852739 30429726 578987 6828 1.0
13:25:41:375 119854071 30183118 585129 6852 1.0
13:25:41:575 119852681 30412297 579009 6814 1.0
13:25:41:775 119853602 30369265 579211 6835 1.0
13:25:41:975 119852938 30473397 578934 6838 1.0
13:25:42:375 119853319 30178538 585068 6843 1.0
13:25:42:575 119853026 30446662 578893 6844 1.0
13:25:42:775 119853568 30372404 579203 6845 1.0
13:25:42:975 119852679 30397353 579081 6837 1.0
13:25:43:375 119853253 30180137 585109 6853 1.0
13:25:43:575 119853655 30401379 578987 6841 1.0
13:25:43:775 119852665 30369576 579221 6834 1.0
13:25:43:975 119852668 30386437 579141 6845 1.0
13:25:44:375 119853363 30175490 585030 6852 1.0
13:25:44:575 119853345 30416717 578945 6830 1.0
13:25:44:775 119852428 30371174 579275 6823 1.0
13:25:44:975 119853481 30377200 579107 6819 1.0
13:25:45:375 119854061 30173483 584938 6855 1.0
13:25:45:575 119852671 30456140 579086 6830 1.0
13:25:45:775 119852870 30370189 579234 6832 1.0
13:25:45:975 119853568 30429758 578920 6833 1.0
13:25:46:375 119853894 30179325 585089 6858 1.0
13:25:46:575 119852777 30420152 578965 6852 1.0
13:25:46:775 119853694 30368643 579188 6836 1.0
13:25:46:975 119852930 30397491 579135 6846 1.0
13:25:47:375 119854026 30176429 585012 6846 1.0
13:25:47:575 119852824 30373975 579092 6840 1.0
13:25:47:775 119853497 30369911 579231 6835 1.0
13:25:47:975 119852794 30383372 579065 6833 1.0
13:25:48:375 119853202 30181473 585072 6847 1.0
13:25:48:575 119853701 30394527 579091 6847 1.0
13:25:48:775 119852708 30366032 579125 6834 1.0
13:25:48:975 119852808 30460008 578901 6840 1.0
13:25:49:375 119853196 30174945 585026 6843 1.0
13:25:49:575 119853488 30372454 579221 6842 1.0
13:25:49:775 119852856 30371557 579258 6845 1.0
13:25:49:975 119853743 30432355 578936 6830 1.0
13:25:50:375 119853233 30174759 584969 6860 1.0
13:25:50:575 119853303 30463424 578982 6829 1.0
13:25:50:775 119852828 30368704 579196 6844 1.0
13:25:50:975 119853742 30378824 579075 6846 1.0
13:25:51:375 119854012 30174594 585040 6856 1.0
13:25:51:575 119852589 30384427 579035 6843 1.0
13:25:51:775 119853592 30364899 579098 6845 1.0
13:25:51:975 119852758 30463838 578946 6834 1.0
13:25:52:375 119853966 30174293 585037 6852 1.0
13:25:52:575 119852866 30475193 579015 6829 1.0
13:25:52:775 119853663 30368238 579184 6833 1.0
13:25:52:975 119852765 30433972 578929 6840 1.0
13:25:53:375 119853260 30183294 585194 6841 1.0
13:25:53:575 119852869 30424141 578948 6840 1.0
13:25:53:775 119853591 30367845 579176 6831 1.0
13:25:53:975 119852916 30391982 579229 6849 1.0
13:25:54:375 119853194 30178889 585077 6844 1.0
13:25:54:575 119853583 30440444 579022 6832 1.0
13:25:54:775 119852967 30369573 579144 6852 1.0
13:25:54:975 119853609 30387554 579112 6845 1.0
13:25:55:375 119853258 30178203 585057 6851 1.0
13:25:55:575 119853389 30395826 579087 6841 1.0
13:25:55:775 119852920 30369014 579147 6854 1.0
13:25:55:975 119853640 30460905 578844 6848 1.0
13:25:56:375 119853928 30179451 585091 6835 1.0
13:25:56:575 119852629 30434424 578919 6851 1.0
13:25:56:775 119853027 30373955 579328 6836 1.0
13:25:56:975 119853602 30406791 579014 6831 1.0
13:25:57:375 119853893 30173343 584929 6831 1.0
13:25:57:575 119852917 30473680 579058 6834 1.0
13:25:57:775 119853655 30367065 579152 6844 1.0
13:25:57:975 119852710 30426560 579039 6833 1.0
13:25:58:375 119853182 30173192 584927 6853 1.0
13:25:58:575 119852794 30421318 579070 6823 1.0
13:25:58:775 119853536 30367349 579107 6842 1.0
13:25:58:975 119852925 30397881 579136 6850 1.0
13:25:59:375 119853081 30176921 585024 6849 1.0
13:25:59:575 119853799 30401444 579114 6846 1.0
13:25:59:775 119852812 30367166 579157 6840 1.0
13:25:59:975 119852781 30409880 579020 6828 1.0
13:26:00:375 119853469 30216779 583939 6830 1.0
13:26:00:575 119853501 30397336 579069 6841 1.0
13:26:00:775 119852610 30364301 579081 6839 1.0
13:26:00:975 119853722 30473016 579020 6832 1.0
13:26:01:375 119854104 30324426 580345 6817 1.0
13:26:01:575 119852773 30421845 579078 6835 1.0
13:26:01:775 119853078 30378607 579369 6845 1.0
13:26:02:175 119853262 30175774 585038 6839 1.0
13:26:02:375 119853792 30372176 579247 6836 1.0
13:26:02:575 119852724 30424660 578975 6836 1.0
13:26:02:775 119853694 30367249 579124 6839 1.0
13:26:03:175 119853321 30177337 585035 6848 1.0
13:26:03:375 119853820 30368506 579192 6840 1.0
13:26:03:575 119852739 30417898 579153 6836 1.0
13:26:03:775 119853547 30367112 579120 6847 1.0
13:26:04:175 119854145 30174837 584969 6839 1.0
13:26:04:375 119852742 30370102 579218 6843 1.0
13:26:04:575 119853594 30386286 579112 6840 1.0
13:26:04:775 119852792 30364081 579109 6827 1.0
13:26:05:175 119854068 30174575 585001 6851 1.0
13:26:05:375 119852775 30370695 579156 6844 1.0
13:26:05:575 119853456 30388906 579176 6837 1.0
13:26:05:775 119852808 30366812 579145 6827 1.0
13:26:06:175 119853365 30174547 584961 6850 1.0
13:26:06:375 119852748 30366685 579145 6829 1.0
13:26:06:575 119853494 30461789 578844 6825 1.0
13:26:06:775 119852957 30373047 579311 6843 1.0
13:26:07:175 119853402 30173597 584936 6843 1.0
13:26:07:375 119853562 30374911 579269 6839 1.0
13:26:07:575 119852877 30427004 579056 6835 1.0
13:26:07:775 119853483 30370368 579162 6839 1.0
13:26:08:175 119853349 30176763 585045 6841 1.0
13:26:08:375 119853476 30370226 579151 6840 1.0
13:26:08:575 119852619 30393412 579058 6847 1.0
13:26:08:775 119853491 30370872 579164 6840 1.0
13:26:09:175 119854224 30173367 584995 6846 1.0
13:26:09:375 119852758 30365507 579110 6842 1.0
13:26:09:575 119852728 30394915 579228 6841 1.0
13:26:09:775 119853551 30372006 579253 6835 1.0
13:26:10:175 119854159 30183585 585171 6855 1.0
13:26:10:375 119852708 30364840 579109 6836 1.0
13:26:10:575 119853578 30395220 579064 6836 1.0
13:26:10:775 119852822 30365453 579112 6832 1.0
13:26:11:175 119853997 30175460 584984 6846 1.0
13:26:11:375 119852907 30366688 579147 6833 1.0
13:26:11:575 119853463 30464174 578970 6824 1.0
13:26:11:775 119852926 30367038 579153 6836 1.0
13:26:12:175 119853214 30173164 584989 6845 1.0
13:26:12:375 119853464 30371346 579202 6826 1.0
13:26:12:575 119852766 30398855 579089 6831 1.0
13:26:12:775 119852882 30368277 579184 6844 1.0
13:26:13:175 119853382 30174462 584959 6840 1.0
13:26:13:375 119853542 30366595 579141 6837 1.0
13:26:13:575 119852607 30456065 578966 6841 1.0
13:26:13:775 119853508 30378336 579359 6844 1.0
13:26:14:175 119853214 30172829 584918 6846 1.0
13:26:14:375 119853677 30375201 579276 6838 1.0
13:26:14:575 119852938 30403296 579081 6843 1.0
13:26:14:775 119853355 30369054 579120 6842 1.0
13:26:15:175 119853920 30181154 585137 6843 1.0
13:26:15:375 119852940 30364169 579077 6831 1.0
13:26:15:575 119853512 30377936 579126 6840 1.0
13:26:15:775 119852733 30373211 579282 6828 1.0
13:26:16:175 119854008 30174334 584957 6842 1.0
13:26:16:375 119853126 30367534 579165 6850 1.0
13:26:16:575 119853701 30407058 579128 6829 1.0
13:26:16:775 119852930 30368362 579189 6840 1.0
13:26:17:175 119853268 30180435 585072 6830 1.0
13:26:17:375 119852781 30369368 579165 6840 1.0
13:26:17:575 119853554 30443108 579003 6832 1.0
13:26:17:775 119852930 30370556 579160 6841 1.0
13:26:18:175 119853399 30174091 585029 6860 1.0
13:26:18:375 119853546 30367266 579119 6837 1.0
13:26:18:575 119852836 30463524 579012 6833 1.0
13:26:18:775 119853667 30366268 579135 6849 1.0
13:26:19:175 119853204 30175731 584993 6853 1.0
13:26:19:375 119853704 30373725 579332 6863 1.0
13:26:19:575 119852834 30413476 578923 6836 1.0
13:26:19:775 119853455 30366794 579147 6842 1.0
13:26:20:175 119854077 30172147 584967 6835 1.0
13:26:20:375 119852855 30364643 579089 6837 1.0
13:26:20:575 119852584 30367497 579131 6849 1.0
13:26:20:775 119853568 30372127 579197 6849 1.0
13:26:21:175 119854033 30174603 585003 6842 1.0
13:26:21:375 119852834 30366290 579132 6848 1.0
13:26:21:575 119853515 30409864 579125 6829 1.0
13:26:21:775 119852846 30365085 579108 6825 1.0
13:26:22:175 119853288 30181190 585136 6841 1.0
13:26:22:375 119852839 30366942 579162 6821 1.0
13:26:22:575 119853563 30409024 578972 6840 1.0
13:26:22:775 119852885 30368860 579200 6823 1.0
13:26:23:175 119853228 30198060 584412 6838 1.0
13:26:23:375 119853549 30368050 579181 6838 1.0
13:26:23:575 119852939 30403633 579166 6847 1.0
13:26:23:775 119852842 30366803 579146 6818 1.0
13:26:24:175 119853302 30308889 580893 6831 1.0
13:26:24:375 119853632 30372035 579192 6838 1.0
13:26:24:575 119852726 30427477 579044 6837 1.0
13:26:24:975 119853189 30178410 585065 6837 1.0
13:26:25:175 119853588 30409733 579080 6829 1.0
13:26:25:375 119852822 30369112 579204 6836 1.0
13:26:25:575 119853049 30393192 579014 6850 1.0
13:26:25:975 119853318 30175926 584998 6835 1.0
13:26:26:175 119853745 30416948 579011 6848 1.0
13:26:26:375 119852907 30373295 579268 6831 1.0
13:26:26:575 119853427 30422647 579071 6837 1.0
13:26:26:975 119853339 30175231 584987 6841 1.0
13:26:27:175 119853715 30390734 579194 6852 1.0
13:26:27:375 119853165 30369573 579219 6840 1.0
13:26:27:575 119853744 30442082 578977 6823 1.0
13:26:27:975 119853962 30175744 584994 6837 1.0
13:26:28:175 119852820 30418283 579022 6847 1.0
13:26:28:375 119853543 30367969 579118 6827 1.0
13:26:28:575 119852763 30374174 579170 6832 1.0
13:26:28:975 119854302 30175958 584998 6855 1.0
13:26:29:175 119852642 30412025 579085 6846 1.0
13:26:29:375 119853570 30366640 579143 6832 1.0
13:26:29:575 119852635 30384858 579042 6828 1.0
13:26:29:975 119853508 30185665 585161 6840 1.0
13:26:30:175 119852853 30440780 579041 6830 1.0
13:26:30:375 119853639 30371298 579170 6847 1.0
13:26:30:575 119852810 30433035 579205 6847 1.0
13:26:30:975 119853567 30174590 584963 6850 1.0
13:26:31:175 119853651 30447182 578971 6833 1.0
13:26:31:375 119852636 30372264 579260 6824 1.0
13:26:31:575 119853535 30413762 578961 6834 1.0
13:26:31:975 119853007 30181348 585141 6841 1.0
13:26:32:175 119853551 30399612 579089 6829 1.0
13:26:32:375 119852606 30362672 579038 6850 1.0
13:26:32:575 119853466 30458259 578924 6835 1.0
13:26:32:975 119854113 30175851 584996 6862 1.0
13:26:33:175 119852773 30377464 579139 6830 1.0
13:26:33:375 119852842 30374851 579266 6846 1.0
13:26:33:575 119853590 30438039 579000 6839 1.0
13:26:33:975 119853949 30175689 585019 6835 1.0
13:26:34:175 119852634 30381141 579183 6838 1.0
13:26:34:376 119853480 30366288 579134 6840 1.0
13:26:34:576 119852522 30412068 579041 6830 1.0
13:26:34:976 119853536 30172571 584909 6848 1.0
13:26:35:176 119852740 30394493 579089 6854 1.0
13:26:35:376 119853509 30368398 579190 6828 1.0
13:26:35:576 119852753 30455229 579084 6837 1.0
13:26:35:976 119853591 30178253 585058 6843 1.0
13:26:36:176 119853621 30422737 579141 6838 1.0
13:26:36:376 119852933 30366652 579108 6829 1.0
13:26:36:576 119852822 30429457 579012 6826 1.0
13:26:36:976 119853423 30178111 585045 6864 1.0
13:26:37:176 119853739 30400969 579112 6853 1.0
13:26:37:376 119852644 30369442 579186 6843 1.0
13:26:37:576 119853474 30411001 579096 6822 1.0
13:26:37:976 119853239 30174803 584970 6844 1.0
13:26:38:176 119853453 30406792 579048 6837 1.0
13:26:38:376 119852723 30376902 579319 6838 1.0
13:26:38:576 119853795 30438877 578949 6837 1.0
13:26:38:976 119854083 30175522 584989 6848 1.0
13:26:39:176 119852752 30399354 579130 6832 1.0
13:26:39:376 119853640 30366312 579134 6856 1.0
13:26:39:576 119852670 30466509 578959 6833 1.0
13:26:39:976 119854222 30177158 585031 6838 1.0
13:26:40:176 119852636 30437979 579037 6821 1.0
13:26:40:376 119853575 30365290 579108 6844 1.0
13:26:40:576 119852544 30403347 579181 6838 1.0
13:26:40:976 119853457 30174759 585026 6862 1.0
13:26:41:176 119852878 30379602 579117 6831 1.0
13:26:41:376 119853647 30363456 579103 6847 1.0
13:26:41:576 119852839 30443499 578858 6835 1.0
13:26:41:976 119853206 30179106 585083 6839 1.0
13:26:42:176 119853481 30398446 579028 6844 1.0
13:26:42:376 119852731 30366123 579128 6840 1.0
13:26:42:576 119853868 30392776 579209 6826 1.0
13:26:42:976 119853346 30173619 584938 6836 1.0
13:26:43:176 119853631 30372208 579158 6850 1.0
13:26:43:376 119853006 30374476 579255 6836 1.0
13:26:43:576 119853707 30417046 579040 6819 1.0
13:26:43:976 119853971 30180989 585049 6845 1.0
13:26:44:176 119852792 30395966 579093 6839 1.0
13:26:44:376 119852962 30367733 579123 6840 1.0
13:26:44:576 119853317 30374745 579112 6839 1.0
13:26:44:976 119854308 30175638 584991 6853 1.0
13:26:45:176 119852835 30388673 579064 6834 1.0
13:26:45:376 119853485 30371047 579261 6853 1.0
13:26:45:576 119852747 30384945 579051 6831 1.0
13:26:45:976 119853106 30180799 584861 6853 1.0
13:26:46:176 119852744 30395302 579218 6829 1.0
13:26:46:376 119853769 30365048 579101 6839 1.0
13:26:46:576 119852893 30374156 579136 6854 1.0
13:26:46:976 119853400 30292121 581383 6832 1.0
13:26:47:176 119853605 30437267 579024 6845 1.0
13:26:47:376 119852756 30369033 579141 6834 1.0
13:26:47:776 119854100 30172458 584944 6852 1.0
13:26:47:976 119852904 30365769 579118 6851 1.0
13:26:48:176 119853605 30435349 578999 6829 1.0
13:26:48:376 119852803 30368790 579200 6823 1.0
13:26:48:776 119853041 30175037 584975 6835 1.0
13:26:48:976 119853648 30375287 579348 6845 1.0
13:26:49:176 119852927 30423504 578943 6825 1.0
13:26:49:376 119853056 30370157 579234 6840 1.0
13:26:49:776 119853336 30176191 585024 6854 1.0
13:26:49:976 119853489 30365953 579104 6831 1.0
13:26:50:176 119852790 30426327 579069 6832 1.0
13:26:50:376 119853548 30376109 579301 6834 1.0
13:26:50:776 119853256 30179090 585045 6841 1.0
13:26:50:976 119853742 30375872 579341 6844 1.0
13:26:51:176 119852676 30456890 578879 6825 1.0
13:26:51:376 119853582 30371691 579197 6844 1.0
13:26:51:776 119853972 30180282 585113 6819 1.0
13:26:51:976 119852858 30368256 579184 6840 1.0
13:26:52:176 119853555 30399051 579054 6838 1.0
13:26:52:376 119852924 30371535 579270 6835 1.0
13:26:52:776 119854088 30174808 584969 6844 1.0
13:26:52:976 119852804 30364577 579087 6836 1.0
13:26:53:176 119853513 30441677 579085 6827 1.0
13:26:53:376 119852775 30365737 579108 6837 1.0
13:26:53:776 119853168 30181573 585058 6839 1.0
13:26:53:976 119853090 30366964 579148 6846 1.0
13:26:54:176 119853511 30411980 579072 6834 1.0
13:26:54:376 119852831 30365842 579108 6839 1.0
13:26:54:776 119853351 30173228 585019 6839 1.0
13:26:54:976 119853705 30368937 579110 6855 1.0
13:26:55:176 119852915 30379366 579307 6852 1.0
13:26:55:376 119853545 30365994 579126 6835 1.0
13:26:55:776 119853366 30175400 584984 6848 1.0
13:26:55:976 119853471 30375500 579308 6846 1.0
13:26:56:176 119852945 30426085 578986 6841 1.0
13:26:56:376 119853599 30366953 579152 6844 1.0
13:26:56:776 119853944 30181991 585072 6853 1.0
13:26:56:976 119852822 30367914 579168 6837 1.0
13:26:57:176 119852728 30411822 579057 6837 1.0
13:26:57:376 119853405 30369626 579147 6851 1.0
13:26:57:776 119853983 30176072 585040 6836 1.0
13:26:57:976 119852599 30367556 579119 6833 1.0
13:26:58:176 119853587 30412918 579135 6831 1.0
13:26:58:376 119852792 30369094 579208 6842 1.0
13:26:58:776 119853429 30180550 585118 6859 1.0
13:26:58:976 119852987 30368721 579172 6823 1.0
13:26:59:176 119853664 30446905 578954 6833 1.0
13:26:59:376 119852801 30369383 579214 6832 1.0
13:26:59:776 119853558 30175303 584981 6849 1.0
13:26:59:976 119853806 30368509 579194 6851 1.0
13:27:00:176 119852901 30386670 579236 6844 1.0
13:27:00:376 119852768 30363269 579054 6836 1.0
13:27:00:776 119853267 30172367 584978 6842 1.0
13:27:00:976 119853643 30373827 579240 6848 1.0
13:27:01:176 119852765 30405094 579049 6837 1.0
13:27:01:376 119853640 30368249 579138 6846 1.0
13:27:01:776 119854175 30176707 585020 6841 1.0
13:27:01:976 119852928 30365594 579113 6836 1.0
13:27:02:176 119852777 30467541 578941 6840 1.0
13:27:02:376 119853696 30373215 579225 6828 1.0
13:27:02:776 119854185 30176290 585008 6846 1.0
13:27:02:976 119852946 30372196 579204 6826 1.0
13:27:03:176 119853436 30416632 579090 6842 1.0
13:27:03:376 119852767 30366641 579132 6828 1.0
13:27:03:776 119854032 30183772 585139 6852 1.0
13:27:03:976 119852798 30366048 579128 6843 1.0
13:27:04:176 119853513 30434837 578995 6830 1.0
13:27:04:376 119852829 30369086 579196 6839 1.0
13:27:04:776 119853456 30171810 584977 6845 1.0
13:27:04:976 119853910 30367534 579105 6828 1.0
13:27:05:176 119852855 30375502 579159 6838 1.0
13:27:05:376 119852850 30367972 579177 6826 1.0
13:27:05:776 119853218 30183209 585124 6838 1.0
13:27:05:976 119853441 30369221 579185 6848 1.0
13:27:06:176 119852875 30440912 579002 6835 1.0
13:27:06:376 119853425 30367034 579141 6842 1.0
13:27:06:776 119853170 30171060 584903 6864 1.0
13:27:06:976 119853709 30363941 579073 6827 1.0
13:27:07:176 119852693 30431261 579132 6846 1.0
13:27:07:376 119853513 30372726 579265 6831 1.0
13:27:07:776 119854086 30176664 585018 6835 1.0
13:27:07:976 119852787 30375612 579352 6844 1.0
13:27:08:176 119852863 30440842 578894 6835 1.0
13:27:08:376 119853349 30366354 579137 6834 1.0
13:27:08:776 119854225 30176417 584977 6866 1.0
13:27:08:976 119852855 30370164 579236 6842 1.0
13:27:09:176 119853516 30406641 579097 6841 1.0
13:27:09:376 119852871 30372334 579202 6833 1.0
13:27:09:776 119853405 30275853 581915 6839 1.0
13:27:09:976 119852613 30373307 579226 6837 1.0
13:27:10:176 119853498 30433320 579026 6827 1.0
13:27:10:576 119853991 30176764 585019 6841 1.0
13:27:10:776 119852712 30398580 579117 6826 1.0
13:27:10:976 119853560 30367750 579172 6836 1.0
13:27:11:176 119852603 30391086 579033 6826 1.0
13:27:11:576 119854023 30176226 585005 6842 1.0
13:27:11:776 119852797 30403277 578960 6811 1.0
13:27:11:976 119853637 30367462 579136 6843 1.0
13:27:12:176 119852818 30425531 579181 6826 1.0
13:27:12:576 119853208 30177607 585043 6851 1.0
13:27:12:776 119853400 30472364 578995 6840 1.0
13:27:12:976 119852668 30365402 579108 6825 1.0
13:27:13:176 119852612 30372734 579052 6824 1.0
13:27:13:576 119853386 30175560 584989 6842 1.0
13:27:13:776 119853603 30461955 578915 6841 1.0
13:27:13:976 119852874 30366263 579108 6842 1.0
13:27:14:176 119853537 30366848 579112 6826 1.0
13:27:14:576 119853205 30179077 585082 6846 1.0
13:27:14:776 119853324 30403523 579047 6842 1.0
13:27:14:976 119852857 30369971 579230 6837 1.0
13:27:15:176 119853468 30411464 579060 6841 1.0
13:27:15:576 119854132 30177695 585046 6847 1.0
13:27:15:776 119852602 30442512 579109 6833 1.0
13:27:15:976 119853696 30368206 579185 6837 1.0
13:27:16:176 119852835 30375798 579128 6842 1.0
13:27:16:576 119853880 30175280 584981 6844 1.0
13:27:16:776 119852823 30426740 578955 6826 1.0
13:27:16:976 119853644 30369737 579194 6837 1.0
13:27:17:176 119852793 30431880 579124 6842 1.0
13:27:17:576 119853139 30174868 584970 6843 1.0
13:27:17:776 119852674 30387870 579147 6850 1.0
13:27:17:976 119853553 30369716 579224 6835 1.0
13:27:18:176 119852744 30412749 579045 6846 1.0
13:27:18:576 119853430 30175911 584997 6846 1.0
13:27:18:776 119853507 30375764 579157 6820 1.0
13:27:18:976 119852800 30367199 579163 6830 1.0
13:27:19:176 119853577 30382220 579191 6846 1.0
13:27:19:576 119853380 30176544 585015 6842 1.0
13:27:19:776 119853413 30425716 578997 6826 1.0
13:27:19:976 119852745 30374449 579257 6844 1.0
13:27:20:176 119853590 30432432 579058 6829 1.0
13:27:20:576 119854029 30182234 585166 6842 1.0
13:27:20:776 119852785 30437714 578907 6836 1.0
13:27:20:976 119852764 30368760 579127 6832 1.0
13:27:21:176 119853796 30370432 579186 6857 1.0
13:27:21:576 119853968 30173250 584984 6854 1.0
13:27:21:776 119852808 30418486 579005 6834 1.0
13:27:21:976 119853641 30371404 579265 6839 1.0
13:27:22:176 119852730 30394354 579018 6834 1.0
13:27:22:576 119853381 30178103 585055 6849 1.0
13:27:22:776 119852805 30473183 578982 6840 1.0
13:27:22:976 119853620 30368125 579103 6815 1.0
13:27:23:176 119852812 30411453 579115 6817 1.0
13:27:23:576 119853367 30177427 585038 6833 1.0
13:27:23:776 119853540 30415457 579089 6823 1.0
13:27:23:976 119852842 30363183 579069 6836 1.0
13:27:24:176 119852759 30420697 579156 6830 1.0
13:27:24:576 119853304 30175483 584987 6845 1.0
13:27:24:776 119853380 30378247 579274 6837 1.0
13:27:24:976 119852753 30367825 579175 6831 1.0
13:27:25:176 119853522 30438521 579056 6839 1.0
13:27:25:576 119854143 30183333 585101 6858 1.0
13:27:25:776 119852774 30450273 578996 6845 1.0
13:27:25:976 119852701 30365783 579120 6836 1.0
13:27:26:176 119853631 30384230 579176 6844 1.0
13:27:26:576 119854043 30175104 585023 6840 1.0
13:27:26:776 119852813 30392891 579117 6837 1.0
13:27:26:976 119853530 30370974 579177 6834 1.0
13:27:27:176 119852714 30398711 579044 6838 1.0
13:27:27:576 119853907 30180490 585079 6856 1.0
13:27:27:776 119852865 30376068 579078 6840 1.0
13:27:27:976 119853454 30369161 579202 6834 1.0
13:27:28:176 119852698 30395906 579114 6821 1.0
13:27:28:576 119853208 30176376 585012 6839 1.0
13:27:28:776 119853636 30464416 578914 6831 1.0
13:27:28:976 119852596 30376177 579299 6850 1.0
13:27:29:176 119852814 30413037 578978 6828 1.0
13:27:29:576 119853290 30173630 584939 6845 1.0
13:27:29:776 119853558 30440418 579015 6831 1.0
13:27:29:976 119852903 30368888 579202 6842 1.0
13:27:30:176 119853493 30450880 579080 6818 1.0
13:27:30:576 119853513 30174552 584961 6870 1.0
13:27:30:776 119853711 30416096 579039 6841 1.0
13:27:30:976 119852849 30368478 579156 6844 1.0
13:27:31:176 119853784 30395902 579163 6825 1.0
13:27:31:576 119854186 30178107 585021 6844 1.0
13:27:31:776 119852825 30412899 579043 6840 1.0
13:27:31:976 119853434 30373443 579271 6832 1.0
13:27:32:176 119852702 30425203 579044 6849 1.0
13:27:32:576 119854137 30273791 582145 6832 1.0
13:27:32:776 119852755 30372435 579132 6833 1.0
13:27:32:976 119853556 30367797 579141 6842 1.0
13:27:33:376 119854231 30180307 585070 6838 1.0
13:27:33:576 119852875 30369498 579216 6832 1.0
13:27:33:776 119852881 30427608 578979 6835 1.0
13:27:33:976 119853545 30379111 579363 6854 1.0
13:27:34:376 119853937 30177640 585044 6855 1.0
13:27:34:576 119852825 30367093 579155 6835 1.0
13:27:34:776 119853593 30421992 579161 6852 1.0
13:27:34:976 119852810 30365275 579106 6838 1.0
13:27:35:376 119853478 30178451 585065 6849 1.0
13:27:35:576 119852743 30366833 579149 6825 1.0
13:27:35:776 119853552 30384217 579035 6839 1.0
13:27:35:976 119852850 30366629 579141 6844 1.0
13:27:36:376 119853313 30176340 585012 6844 1.0
13:27:36:576 119853397 30369212 579136 6843 1.0
13:27:36:776 119852568 30392662 579321 6837 1.0
13:27:36:976 119852937 30368369 579163 6833 1.0
13:27:37:376 119853323 30172076 584990 6843 1.0
13:27:37:576 119853698 30375335 579281 6832 1.0
13:27:37:776 119852650 30414442 579009 6828 1.0
13:27:37:976 119853680 30368963 579206 6827 1.0
13:27:38:376 119853174 30175594 584991 6848 1.0
13:27:38:576 119853638 30372107 579287 6834 1.0
13:27:38:776 119852820 30403022 579105 6830 1.0
13:27:38:976 119853672 30371394 579175 6836 1.0
13:27:39:376 119853812 30175374 584987 6831 1.0
13:27:39:576 119852832 30372240 579196 6846 1.0
13:27:39:776 119853430 30400311 579077 6840 1.0
13:27:39:976 119852615 30366637 579113 6831 1.0
13:27:40:376 119854118 30183083 585186 6833 1.0
13:27:40:576 119852791 30366343 579137 6843 1.0
13:27:40:776 119853540 30441156 578909 6828 1.0
13:27:40:976 119852759 30374119 579299 6844 1.0
13:27:41:376 119853244 30175529 584988 6839 1.0
13:27:41:576 119852887 30365202 579104 6836 1.0
13:27:41:776 119853628 30414874 579151 6842 1.0
13:27:41:976 119852751 30367399 579165 6833 1.0
13:27:42:376 119853434 30179732 585099 6840 1.0
13:27:42:576 119853610 30364197 579079 6828 1.0
13:27:42:776 119852978 30468328 578889 6837 1.0
13:27:42:976 119853449 30367582 579105 6833 1.0
13:27:43:376 119853466 30173317 584990 6837 1.0
13:27:43:576 119853469 30365611 579116 6830 1.0
13:27:43:776 119852681 30454060 579109 6837 1.0
13:27:43:976 119853764 30368532 579154 6841 1.0
13:27:44:376 119853999 30175492 584987 6845 1.0
13:27:44:576 119852907 30372453 579297 6829 1.0
13:27:44:776 119852787 30404684 578988 6846 1.0
13:27:44:976 119853418 30370289 579239 6832 1.0
13:27:45:376 119854103 30174209 584954 6852 1.0
13:27:45:576 119852692 30365666 579116 6834 1.0
13:27:45:776 119853640 30377485 579143 6839 1.0
13:27:45:976 119852964 30369969 579171 6843 1.0
13:27:46:376 119853360 30173254 584957 6835 1.0
13:27:46:576 119852863 30374120 579246 6832 1.0
13:27:46:776 119853507 30402966 579062 6844 1.0
13:27:46:976 119852852 30370821 579209 6846 1.0
13:27:47:376 119853259 30178059 585054 6842 1.0
13:27:47:576 119853618 30366112 579129 6838 1.0
13:27:47:776 119852667 30394865 579104 6843 1.0
13:27:47:976 119852695 30380960 579427 6850 1.0
13:27:48:376 119853315 30173521 584934 6848 1.0
13:27:48:576 119853419 30367249 579157 6842 1.0
13:27:48:776 119852762 30456771 579094 6838 1.0
13:27:48:976 119853567 30365567 579113 6838 1.0
13:27:49:376 119853916 30176279 585009 6845 1.0
13:27:49:576 119852712 30369217 579156 6850 1.0
13:27:49:776 119852624 30378468 579117 6836 1.0
13:27:49:976 119853639 30364754 579103 6848 1.0
13:27:50:376 119853923 30175394 585040 6847 1.0
13:27:50:576 119852744 30366665 579108 6837 1.0
13:27:50:776 119853480 30458271 578875 6830 1.0
13:27:50:976 119852623 30372387 579293 6841 1.0
13:27:51:376 119853873 30175643 584991 6840 1.0
13:27:51:576 119852781 30368547 579192 6831 1.0
13:27:51:776 119853466 30372551 579140 6837 1.0
13:27:51:976 119852815 30364016 579073 6839 1.0
13:27:52:376 119853329 30176011 585002 6842 1.0
13:27:52:576 119853684 30365022 579100 6841 1.0
13:27:52:776 119852808 30442894 578852 6835 1.0
13:27:52:976 119852725 30370848 579199 6845 1.0
13:27:53:376 119853422 30177805 585045 6852 1.0
13:27:53:576 119853487 30368498 579156 6832 1.0
13:27:53:776 119852621 30454408 579079 6852 1.0
13:27:53:976 119853390 30370572 579246 6817 1.0
13:27:54:376 119853241 30183795 585173 6864 1.0
13:27:54:576 119853535 30367382 579144 6828 1.0
13:27:54:776 119852814 30425541 578933 6815 1.0
13:27:54:976 119853538 30367579 579168 6838 1.0
13:27:55:376 119854027 30269130 582058 6817 1.0
13:27:55:576 119852851 30367355 579162 6840 1.0
13:27:55:776 119853751 30473767 578941 6837 1.0
13:27:56:176 119853140 30175517 584987 6837 1.0
13:27:56:376 119853651 30412893 579078 6842 1.0
13:27:56:576 119852609 30368426 579135 6827 1.0
13:27:56:776 119853400 30369821 579112 6834 1.0
13:27:57:176 119853963 30180802 585128 6845 1.0
13:27:57:376 119852885 30407713 579029 6840 1.0
13:27:57:576 119852758 30367592 579168 6831 1.0
13:27:57:776 119853509 30371265 579080 6835 1.0
13:27:58:176 119854117 30176523 585040 6843 1.0
13:27:58:376 119852603 30442376 578966 6829 1.0
13:27:58:576 119853635 30369336 579212 6839 1.0
13:27:58:776 119852770 30377309 579043 6836 1.0
13:27:59:176 119853471 30175195 584978 6854 1.0
13:27:59:376 119852787 30465811 578974 6821 1.0
13:27:59:576 119853754 30368341 579139 6837 1.0
13:27:59:776 119852794 30391596 579062 6825 1.0
13:28:00:176 119853384 30173633 585032 6830 1.0
13:28:00:376 119853540 30465026 578866 6835 1.0
13:28:00:576 119852739 30368086 579123 6842 1.0
13:28:00:776 119852753 30395311 579109 6827 1.0
13:28:01:176 119853243 30173178 584980 6838 1.0
13:28:01:376 119853524 30451877 579085 6835 1.0
13:28:01:576 119852892 30366536 579137 6838 1.0
13:28:01:776 119853711 30401507 579013 6858 1.0
13:28:02:176 119854084 30181124 585089 6851 1.0
13:28:02:376 119852851 30403133 579029 6839 1.0
13:28:02:576 119852691 30364755 579094 6839 1.0
13:28:02:776 119853499 30452198 578973 6837 1.0
13:28:03:176 119853883 30176698 585019 6839 1.0
13:28:03:376 119852619 30417840 579050 6843 1.0
13:28:03:576 119853588 30371203 579227 6827 1.0
13:28:03:776 119852564 30428705 579041 6847 1.0
13:28:04:176 119854015 30178135 585055 6867 1.0
13:28:04:376 119852926 30394429 579053 6834 1.0
13:28:04:576 119853519 30366606 579143 6826 1.0
13:28:04:776 119853125 30371206 579159 6838 1.0
13:28:05:176 119853470 30171875 584934 6841 1.0
13:28:05:376 119853462 30380066 579156 6844 1.0
13:28:05:576 119852651 30375690 579288 6833 1.0
13:28:05:776 119852840 30430108 578964 6842 1.0
13:28:06:176 119853342 30179040 585078 6843 1.0
13:28:06:376 119853817 30420111 579150 6842 1.0
13:28:06:576 119852912 30364554 579089 6833 1.0
13:28:06:776 119853623 30390250 579104 6847 1.0
13:28:07:176 119853238 30178527 585067 6843 1.0
13:28:07:376 119853515 30408369 579133 6837 1.0
13:28:07:576 119852822 30369930 579228 6838 1.0
13:28:07:776 119853515 30461451 579003 6854 1.0
13:28:08:176 119854197 30177842 585048 6835 1.0
13:28:08:376 119852792 30416054 578992 6849 1.0
13:28:08:576 119853425 30371876 579230 6835 1.0
13:28:08:776 119852885 30401426 579117 6846 1.0
13:28:09:176 119854268 30182431 585170 6854 1.0
13:28:09:376 119852889 30460479 578982 6841 1.0
13:28:09:576 119853682 30366382 579105 6842 1.0
13:28:09:776 119852987 30391804 579117 6836 1.0
13:28:10:176 119853187 30172243 584916 6858 1.0
13:28:10:376 119852614 30409843 578996 6844 1.0
13:28:10:576 119853506 30373738 579328 6835 1.0
13:28:10:776 119852856 30439964 578973 6830 1.0
13:28:11:176 119853490 30177207 585033 6844 1.0
13:28:11:376 119853496 30456441 578994 6836 1.0
13:28:11:576 119852982 30366134 579128 6849 1.0
13:28:11:776 119852881 30455080 578884 6845 1.0
13:28:12:176 119853439 30174338 585029 6859 1.0
13:28:12:376 119853646 30400500 579115 6836 1.0
13:28:12:576 119852775 30367757 579121 6841 1.0
13:28:12:776 119853532 30418292 579112 6842 1.0
13:28:13:176 119853992 30174737 584981 6836 1.0
13:28:13:376 119853050 30386269 579283 6845 1.0
13:28:13:576 119852820 30370083 579201 6831 1.0
13:28:13:776 119853547 30456491 578930 6834 1.0
13:28:14:176 119854086 30182751 585178 6854 1.0
13:28:14:376 119852861 30420759 578921 6832 1.0
13:28:14:576 119853594 30367480 579166 6844 1.0
13:28:14:776 119852897 30469680 579023 6818 1.0
13:28:15:176 119853952 30176627 585040 6859 1.0
13:28:15:376 119853029 30416764 579041 6834 1.0
13:28:15:576 119853605 30370776 579179 6834 1.0
13:28:15:776 119853069 30394894 579117 6846 1.0
13:28:16:176 119853440 30175184 585014 6840 1.0
13:28:16:376 119853800 30379341 579112 6848 1.0
13:28:16:576 119852803 30365743 579108 6839 1.0
13:28:16:776 119853151 30462847 578870 6827 1.0
13:28:17:176 119853183 30179463 585056 6848 1.0
13:28:17:376 119853690 30434716 578915 6831 1.0
13:28:17:576 119852827 30374899 579305 6829 1.0
13:28:17:776 119853530 30448646 578991 6836 1.0
13:28:18:176 119853326 30269489 582064 6823 1.0
13:28:18:376 119853504 30472801 578998 6840 1.0
13:28:18:576 119852683 30366589 579139 6834 1.0
13:28:18:976 119853338 30184478 585135 6844 1.0
13:28:19:176 119853386 30367972 579179 6840 1.0
13:28:19:376 119852655 30453425 578950 6818 1.0
13:28:19:576 119853506 30368258 579104 6827 1.0
13:28:19:976 119853365 30176778 585021 6843 1.0
13:28:20:176 119853588 30370163 579237 6832 1.0
13:28:20:376 119852813 30407642 579140 6838 1.0
13:28:20:576 119853776 30365674 579117 6831 1.0
13:28:20:976 119854019 30177306 585035 6831 1.0
13:28:21:176 119852810 30374040 579279 6842 1.0
13:28:21:376 119852917 30432294 579006 6818 1.0
13:28:21:576 119853421 30365760 579120 6839 1.0
13:28:21:976 119854108 30178224 585060 6834 1.0
13:28:22:176 119852805 30366011 579126 6845 1.0
13:28:22:376 119853594 30451929 578999 6857 1.0
13:28:22:576 119852535 30374524 579256 6836 1.0
13:28:22:976 119853314 30178448 585063 6846 1.0
13:28:23:176 119852769 30373893 579333 6838 1.0
13:28:23:376 119853581 30447865 578875 6817 1.0
13:28:23:576 119852880 30366631 579143 6837 1.0
13:28:23:976 119853346 30179654 585095 6842 1.0
13:28:24:176 119853536 30367751 579173 6844 1.0
13:28:24:376 119852899 30409912 579047 6827 1.0
13:28:24:576 119852689 30363731 579100 6841 1.0
13:28:24:976 119853334 30172060 584896 6838 1.0
13:28:25:176 119853398 30369432 579218 6834 1.0
13:28:25:376 119852761 30475475 578956 6827 1.0
13:28:25:576 119853643 30367763 579133 6843 1.0
13:28:25:976 119854148 30175482 585031 6851 1.0
13:28:26:176 119852853 30373831 579239 6845 1.0
13:28:26:376 119852818 30417914 579018 6829 1.0
13:28:26:576 119853641 30367544 579166 6844 1.0
13:28:26:976 119854152 30173716 584997 6858 1.0
13:28:27:176 119852711 30366594 579108 6830 1.0
13:28:27:376 119853377 30435239 578964 6830 1.0
13:28:27:576 119852832 30370398 579240 6832 1.0
13:28:27:976 119853739 30176224 585007 6845 1.0
13:28:28:176 119852737 30371808 579257 6844 1.0
13:28:28:376 119853364 30424724 579030 6838 1.0
13:28:28:576 119852666 30367851 579174 6832 1.0
13:28:28:976 119853299 30176343 585012 6837 1.0
13:28:29:176 119853612 30368040 579136 6839 1.0
13:28:29:376 119852516 30371726 579102 6844 1.0
13:28:29:576 119852988 30374197 579251 6831 1.0
13:28:29:976 119853362 30172814 585009 6838 1.0
13:28:30:176 119853726 30368266 579130 6843 1.0
13:28:30:376 119852730 30427393 579231 6840 1.0
13:28:30:576 119853509 30365761 579119 6833 1.0
13:28:30:976 119853331 30182018 585159 6851 1.0
13:28:31:176 119853649 30369280 579143 6838 1.0
13:28:31:376 119852840 30416952 579055 6830 1.0
13:28:31:576 119853770 30368162 579165 6842 1.0
13:28:31:976 119853954 30174563 584962 6843 1.0
13:28:32:176 119852594 30367394 579165 6823 1.0
13:28:32:376 119853478 30476551 579004 6844 1.0
13:28:32:576 119852766 30370402 579240 6829 1.0
13:28:32:976 119853990 30173022 585007 6839 1.0
13:28:33:176 119852928 30369120 579141 6839 1.0
13:28:33:376 119853686 30372246 579112 6826 1.0
13:28:33:576 119852730 30364738 579108 6836 1.0
13:28:33:976 119853409 30176433 585012 6840 1.0
13:28:34:176 119852887 30366300 579177 6849 1.0
13:28:34:376 119853419 30393214 579074 6838 1.0
13:28:34:576 119852734 30373136 579234 6833 1.0
13:28:34:976 119853353 30176943 585025 6846 1.0
13:28:35:176 119853550 30376862 579316 6832 1.0
13:28:35:376 119852479 30440130 578992 6835 1.0
13:28:35:576 119853675 30364929 579103 6834 1.0
13:28:35:976 119853339 30178500 585045 6843 1.0
13:28:36:176 119853688 30364722 579103 6838 1.0
13:28:36:376 119852707 30372147 579117 6831 1.0
13:28:36:576 119853458 30371461 579232 6851 1.0
13:28:36:976 119854155 30175298 584982 6842 1.0
13:28:37:176 119852873 30366796 579147 6834 1.0
13:28:37:376 119852799 30406648 579163 6833 1.0
13:28:37:576 119853713 30365956 579123 6844 1.0
13:28:37:976 119854004 30180207 585112 6835 1.0
13:28:38:176 119852828 30367061 579118 6849 1.0
13:28:38:376 119853553 30417274 579088 6846 1.0
13:28:38:576 119852770 30366242 579131 6834 1.0
13:28:38:976 119853294 30175251 585008 6851 1.0
13:28:39:176 119852868 30366340 579135 6834 1.0
13:28:39:376 119853735 30380587 579302 6829 1.0
13:28:39:576 119852863 30366924 579151 6837 1.0
13:28:39:976 119853113 30176124 584983 6856 1.0
13:28:40:176 119853843 30371693 579263 6840 1.0
13:28:40:376 119852753 30389349 579049 6838 1.0
13:28:40:576 119852884 30366909 579150 6822 1.0
13:28:40:976 119853351 30273314 582137 6842 1.0
13:28:41:176 119853605 30368445 579173 6829 1.0
13:28:41:376 119852578 30394517 579000 6836 1.0
13:28:41:776 119853246 30176564 585016 6848 1.0
13:28:41:976 119852741 30430053 579078 6831 1.0
13:28:42:176 119853567 30369426 579125 6849 1.0
13:28:42:376 119852704 30451836 579114 6828 1.0
13:28:42:776 119853233 30174601 585032 6828 1.0
13:28:42:976 119853555 30468457 578944 6838 1.0
13:28:43:176 119852762 30366028 579126 6839 1.0
13:28:43:376 119853649 30384844 579073 6846 1.0
13:28:43:776 119853180 30181728 585152 6851 1.0
13:28:43:976 119853777 30416982 579049 6841 1.0
13:28:44:176 119852822 30365531 579116 6830 1.0
13:28:44:376 119853312 30390391 579246 6842 1.0
13:28:44:776 119854109 30172230 584990 6839 1.0
13:28:44:976 119852828 30385712 579043 6840 1.0
13:28:45:176 119852774 30369537 579219 6831 1.0
13:28:45:376 119853456 30376313 579125 6849 1.0
13:28:45:776 119854300 30182783 585178 6842 1.0
13:28:45:976 119852713 30447277 579053 6835 1.0
13:28:46:176 119853439 30368646 579195 6836 1.0
13:28:46:376 119852664 30438482 578962 6846 1.0
13:28:46:776 119853166 30178176 585058 6843 1.0
13:28:46:976 119852809 30429944 578894 6835 1.0
13:28:47:176 119853559 30379001 579362 6835 1.0
13:28:47:376 119852955 30464850 579000 6831 1.0
13:28:47:776 119853286 30173927 584945 6833 1.0
13:28:47:976 119853645 30466849 579111 6835 1.0
13:28:48:176 119852836 30366309 579134 6838 1.0
13:28:48:376 119852743 30411370 578996 6828 1.0
13:28:48:776 119853212 30174427 585026 6859 1.0
13:28:48:976 119853478 30387404 579131 6855 1.0
13:28:49:176 119852830 30367217 579108 6839 1.0
13:28:49:376 119853554 30411084 579112 6828 1.0
13:28:49:776 119853927 30175997 585018 6849 1.0
13:28:49:976 119852738 30472239 578998 6844 1.0
13:28:50:176 119853059 30367979 579177 6847 1.0
13:28:50:376 119853519 30411833 578975 6850 1.0
13:28:50:776 119854049 30181571 585148 6842 1.0
13:28:50:976 119852884 30403599 578998 6835 1.0
13:28:51:176 119853467 30369549 579219 6829 1.0
13:28:51:376 119852794 30390468 579159 6841 1.0
13:28:51:776 119854080 30172625 585004 6857 1.0
13:28:51:976 119852803 30395922 579077 6835 1.0
13:28:52:176 119853603 30374852 579265 6836 1.0
13:28:52:376 119852860 30424278 579015 6839 1.0
13:28:52:776 119853407 30179749 585098 6845 1.0
13:28:52:976 119853517 30399031 579048 6834 1.0
13:28:53:176 119852734 30363370 579090 6841 1.0
13:28:53:376 119852783 30422593 578903 6838 1.0
13:28:53:776 119853445 30174060 584948 6847 1.0
13:28:53:976 119853343 30458070 578913 6832 1.0
13:28:54:176 119852676 30370015 579232 6839 1.0
13:28:54:376 119853575 30386730 579052 6828 1.0
13:28:54:776 119853119 30172940 584918 6849 1.0
13:28:54:976 119853512 30454064 579086 6857 1.0
13:28:55:176 119852907 30367980 579176 6827 1.0
13:28:55:376 119853629 30459707 579011 6841 1.0
13:28:55:776 119854149 30172419 584906 6855 1.0
13:28:55:976 119852793 30419657 579045 6838 1.0
13:28:56:176 119853697 30365928 579103 6850 1.0
13:28:56:376 119852922 30393871 579124 6859 1.0
13:28:56:776 119854254 30175712 585015 6840 1.0
13:28:56:976 119852795 30450711 578983 6829 1.0
13:28:57:176 119853777 30366796 579147 6845 1.0
13:28:57:376 119852568 30373073 579094 6824 1.0
13:28:57:776 119853223 30181129 585073 6825 1.0
13:28:57:976 119852765 30453250 579053 6836 1.0
13:28:58:176 119853661 30365423 579110 6843 1.0
13:28:58:376 119852833 30390439 579251 6844 1.0
13:28:58:776 119853327 30175296 584982 6837 1.0
13:28:58:976 119853487 30429497 579016 6831 1.0
13:28:59:176 119852743 30373471 579253 6843 1.0
13:28:59:376 119853736 30408354 578967 6847 1.0
13:28:59:776 119853542 30175421 585045 6842 1.0
13:28:59:976 119853531 30411531 579157 6831 1.0
13:29:00:176 119852823 30367165 579154 6836 1.0
13:29:00:376 119853550 30464797 578910 6836 1.0
13:29:00:776 119854061 30176536 585040 6845 1.0
13:29:00:976 119852674 30435745 578978 6845 1.0
13:29:01:176 119852747 30365995 579128 6835 1.0
13:29:01:376 119853724 30401853 579233 6836 1.0
13:29:01:776 119854128 30178750 585059 6838 1.0
13:29:01:976 119852791 30403934 579098 6845 1.0
13:29:02:176 119853687 30366348 579105 6840 1.0
13:29:02:376 119852803 30383519 579119 6850 1.0
13:29:02:776 119853264 30177972 585017 6855 1.0
13:29:02:976 119852863 30385763 579050 6831 1.0
13:29:03:176 119853705 30370264 579239 6843 1.0
13:29:03:376 119852818 30450938 579061 6840 1.0
13:29:03:776 119853358 30270294 582026 6854 1.0
13:29:03:976 119853500 30458520 578970 6833 1.0
13:29:04:176 119852781 30373234 579231 6839 1.0
13:29:04:576 119853966 30176992 585027 6855 1.0
13:29:04:776 119852812 30376620 579313 6844 1.0
13:29:04:976 119853538 30464437 578944 6840 1.0
13:29:05:176 119852773 30367627 579121 6852 1.0
13:29:05:576 119853429 30181887 585111 6849 1.0
13:29:05:776 119853483 30366190 579133 6830 1.0
13:29:05:976 119852745 30406042 579023 6843 1.0
13:29:06:176 119852778 30373283 579317 6838 1.0
13:29:06:576 119853281 30175443 584985 6832 1.0
13:29:06:776 119853824 30366386 579137 6835 1.0
13:29:06:976 119852824 30418337 579171 6840 1.0
13:29:07:176 119853678 30365384 579109 6832 1.0
13:29:07:576 119853293 30180702 585113 6838 1.0
13:29:07:776 119853558 30368002 579105 6846 1.0
13:29:07:976 119853020 30422039 579081 6840 1.0
13:29:08:176 119853497 30370283 579147 6833 1.0
13:29:08:576 119853969 30176974 585026 6835 1.0
13:29:08:776 119852670 30369513 579137 6848 1.0
13:29:08:976 119853072 30384227 579198 6834 1.0
13:29:09:176 119853496 30368369 579189 6839 1.0
13:29:09:576 119854239 30175141 584992 6848 1.0
13:29:09:776 119853108 30373474 579307 6879 1.0
13:29:09:976 119853582 30430999 579007 6849 1.0
13:29:10:176 119852831 30364269 579080 6848 1.0
13:29:10:576 119853252 30176487 585013 6859 1.0
13:29:10:776 119852912 30366577 579140 6849 1.0
13:29:10:976 119853457 30366206 579086 6840 1.0
13:29:11:176 119852874 30375405 579284 6839 1.0
13:29:11:576 119853281 30176567 585016 6833 1.0
13:29:11:776 119853613 30371235 579195 6847 1.0
13:29:11:976 119852684 30416114 579061 6837 1.0
13:29:12:176 119852886 30367209 579108 6837 1.0
13:29:12:576 119853276 30179938 585105 6850 1.0
13:29:12:776 119853454 30367540 579166 6832 1.0
13:29:12:976 119852818 30422780 579042 6840 1.0
13:29:13:176 119853487 30373460 579286 6816 1.0
13:29:13:576 119854214 30176276 585006 6847 1.0
13:29:13:776 119852949 30369723 579226 6832 1.0
13:29:13:976 119852581 30388922 579160 6830 1.0
13:29:14:176 119853635 30365444 579110 6843 1.0
13:29:14:576 119854240 30181326 585093 6847 1.0
13:29:14:776 119852859 30369050 579158 6826 1.0
13:29:14:976 119853405 30408668 579058 6826 1.0
13:29:15:176 119852888 30366741 579112 6836 1.0
13:29:15:576 119853957 30174974 585040 6853 1.0
13:29:15:776 119852817 30367551 579108 6840 1.0
13:29:15:976 119853691 30381776 579347 6837 1.0
13:29:16:176 119852905 30365617 579116 6839 1.0
13:29:16:576 119853089 30178844 585074 6830 1.0
13:29:16:776 119853674 30372329 579234 6833 1.0
13:29:16:976 119852642 30427907 579050 6837 1.0
13:29:17:176 119852847 30367179 579156 6835 1.0
13:29:17:576 119853276 30182003 585101 6846 1.0
13:29:17:776 119853618 30368007 579141 6845 1.0
13:29:17:976 119852623 30417907 579079 6817 1.0
13:29:18:176 119853767 30373852 579261 6835 1.0
13:29:18:576 119853323 30177256 585045 6845 1.0
13:29:18:776 119853578 30369826 579187 6831 1.0
13:29:18:976 119852816 30474709 579033 6831 1.0
13:29:19:176 119853552 30367943 579176 6844 1.0
13:29:19:576 119854194 30183616 585199 6848 1.0
13:29:19:776 119852858 30365341 579108 6837 1.0
13:29:19:976 119853403 30417799 578982 6834 1.0
13:29:20:176 119852760 30367218 579158 6841 1.0
13:29:20:576 119853921 30176409 585011 6849 1.0
13:29:20:776 119852884 30367452 579165 6831 1.0
13:29:20:976 119853631 30405217 579197 6850 1.0
13:29:21:176 119852692 30370000 579230 6834 1.0
13:29:21:576 119853295 30174689 585003 6845 1.0
13:29:21:776 119852911 30371483 579178 6830 1.0
13:29:21:976 119853437 30409602 579084 6843 1.0
13:29:22:176 119852620 30365935 579108 6832 1.0
13:29:22:576 119853362 30175589 585003 6862 1.0
13:29:22:776 119853540 30369232 579195 6844 1.0
13:29:22:976 119852753 30375539 579040 6837 1.0
13:29:23:176 119853413 30372335 579291 6834 1.0
13:29:23:576 119853234 30177468 585039 6845 1.0
13:29:23:776 119853673 30372292 579230 6833 1.0
13:29:23:976 119852784 30432770 579018 6846 1.0
13:29:24:176 119853507 30369214 579202 6836 1.0
13:29:24:576 119853831 30182770 585085 6837 1.0
13:29:24:776 119852574 30364930 579099 6830 1.0
13:29:24:976 119852971 30401476 579068 6836 1.0
13:29:25:176 119853626 30371535 579178 6832 1.0
13:29:25:576 119853920 30176473 585035 6852 1.0
13:29:25:777 119852625 30365559 579108 6825 1.0
13:29:25:977 119853572 30421690 579154 6848 1.0
13:29:26:177 119852601 30364509 579087 6832 1.0
13:29:26:577 119853258 30274521 582139 6839 1.0
13:29:26:777 119852775 30366038 579125 6839 1.0
13:29:26:977 119853768 30402839 579031 6840 1.0
13:29:27:377 119853816 30179862 585096 6842 1.0
13:29:27:577 119852877 30410843 579081 6842 1.0
13:29:27:777 119853476 30366488 579139 6833 1.0
13:29:27:977 119852517 30391322 579237 6840 1.0
13:29:28:377 119854030 30173632 584937 6845 1.0
13:29:28:577 119852834 30426222 579043 6844 1.0
13:29:28:777 119853490 30373023 579220 6841 1.0
13:29:28:977 119852804 30413320 579000 6832 1.0
13:29:29:377 119853166 30182014 585141 6846 1.0
13:29:29:577 119853611 30403936 579107 6852 1.0
13:29:29:777 119852808 30368965 579203 6845 1.0
13:29:29:977 119852738 30402057 579045 6826 1.0
13:29:30:377 119853316 30172106 584899 6857 1.0
13:29:30:577 119853794 30470146 578937 6829 1.0
13:29:30:777 119852880 30372461 579202 6848 1.0
13:29:30:977 119853448 30409696 579112 6841 1.0
13:29:31:377 119853157 30173568 584936 6841 1.0
13:29:31:577 119853499 30458136 578967 6845 1.0
13:29:31:777 119853028 30367446 579161 6843 1.0
13:29:31:977 119853471 30394951 579059 6826 1.0
13:29:32:377 119854097 30174085 584951 6832 1.0
13:29:32:577 119852648 30422566 579007 6836 1.0
13:29:32:777 119853465 30368583 579193 6827 1.0
13:29:32:977 119852949 30440649 579039 6838 1.0
13:29:33:377 119853967 30176054 585003 6857 1.0
13:29:33:577 119852769 30376093 579297 6843 1.0
13:29:33:777 119853610 30370316 579200 6823 1.0
13:29:33:977 119852743 30465824 578930 6824 1.0
13:29:34:377 119853264 30182093 585097 6842 1.0
13:29:34:577 119852622 30407196 579051 6838 1.0
13:29:34:777 119853624 30365500 579113 6831 1.0
13:29:34:977 119852713 30443128 578898 6832 1.0
13:29:35:377 119853213 30172186 584992 6838 1.0
13:29:35:577 119853461 30472404 578922 6829 1.0
13:29:35:777 119852771 30371692 579276 6832 1.0
13:29:35:977 119853532 30431260 578938 6841 1.0
13:29:36:377 119853262 30173080 584924 6848 1.0
13:29:36:577 119853484 30423373 579072 6827 1.0
13:29:36:777 119852992 30366151 579128 6832 1.0
13:29:36:977 119853615 30454573 579000 6838 1.0
13:29:37:377 119854153 30175948 584998 6849 1.0
13:29:37:577 119852645 30440240 578927 6830 1.0
13:29:37:777 119852802 30366020 579127 6851 1.0
13:29:37:977 119853693 30414348 579214 6838 1.0
13:29:38:377 119854067 30172436 584960 6837 1.0
13:29:38:577 119852729 30453259 579006 6838 1.0
13:29:38:777 119853692 30369002 579206 6838 1.0
13:29:38:977 119852713 30433060 578946 6854 1.0
13:29:39:377 119853244 30178758 585068 6847 1.0
13:29:39:577 119852907 30370759 579123 6843 1.0
13:29:39:777 119853588 30365024 579107 6834 1.0
13:29:39:977 119852826 30473881 579073 6825 1.0
13:29:40:377 119853479 30175121 584995 6837 1.0
13:29:40:577 119853476 30396187 579100 6855 1.0
13:29:40:777 119852805 30369565 579170 6833 1.0
13:29:40:977 119852772 30403446 579090 6830 1.0
13:29:41:377 119853083 30181888 585063 6832 1.0
13:29:41:577 119853762 30401762 579040 6844 1.0
13:29:41:777 119852725 30364664 579090 6839 1.0
13:29:41:977 119853463 30444468 578926 6838 1.0
13:29:42:377 119853267 30170547 584857 6844 1.0
13:29:42:577 119853487 30407661 579067 6844 1.0
13:29:42:777 119852844 30372564 579297 6826 1.0
13:29:42:977 119853547 30409430 579033 6839 1.0
13:29:43:377 119854151 30174419 584961 6845 1.0
13:29:43:577 119852551 30462389 578991 6837 1.0
13:29:43:777 119853591 30369325 579156 6844 1.0
13:29:43:977 119852739 30396236 579061 6838 1.0
13:29:44:377 119853995 30171984 584988 6850 1.0
13:29:44:577 119852833 30375178 579081 6849 1.0
13:29:44:777 119853667 30366702 579144 6833 1.0
13:29:44:977 119852680 30415795 579121 6857 1.0
13:29:45:377 119853306 30171760 584981 6841 1.0
13:29:45:577 119852887 30448196 579118 6847 1.0
13:29:45:777 119853429 30368260 579166 6830 1.0
13:29:45:977 119852809 30437566 578882 6842 1.0
13:29:46:377 119853251 30182173 585164 6837 1.0
13:29:46:577 119853480 30419687 578997 6836 1.0
13:29:46:777 119852643 30368806 579197 6835 1.0
13:29:46:977 119853531 30382585 579152 6829 1.0
13:29:47:377 119853260 30175466 585045 6848 1.0
13:29:47:577 119853707 30396016 579100 6852 1.0
13:29:47:777 119852972 30370277 579145 6821 1.0
13:29:47:977 119853657 30389381 579087 6848 1.0
13:29:48:377 119854056 30181255 585139 6845 1.0
13:29:48:577 119852611 30422718 578993 6834 1.0
13:29:48:777 119852684 30363686 579076 6830 1.0
13:29:48:977 119853704 30433958 578911 6820 1.0
13:29:49:377 119853956 30256721 582486 6829 1.0
13:29:49:577 119853024 30427961 578925 6836 1.0
13:29:49:777 119853677 30373109 579313 6836 1.0
13:29:50:177 119854105 30173750 584940 6846 1.0
13:29:50:377 119852784 30368475 579191 6842 1.0
13:29:50:577 119852841 30471095 578980 6842 1.0
13:29:50:777 119853531 30365129 579103 6834 1.0
13:29:51:177 119854254 30177836 585048 6851 1.0
13:29:51:377 119852882 30363577 579062 6842 1.0
13:29:51:577 119853531 30459249 578915 6833 1.0
13:29:51:777 119853019 30365389 579108 6844 1.0
13:29:52:177 119853962 30175768 585040 6834 1.0
13:29:52:377 119852637 30366030 579108 6835 1.0
13:29:52:577 119853535 30370392 579160 6837 1.0
13:29:52:777 119852786 30374103 579319 6837 1.0
13:29:53:177 119853414 30175747 584994 6859 1.0
13:29:53:377 119853571 30372486 579297 6836 1.0
13:29:53:577 119852845 30415104 579022 6831 1.0
13:29:53:777 119852644 30367951 579177 6833 1.0
13:29:54:177 119853274 30186095 585173 6856 1.0
13:29:54:377 119853679 30369874 579229 6825 1.0
13:29:54:577 119852707 30384853 579124 6847 1.0
13:29:54:777 119853736 30372889 579222 6845 1.0
13:29:55:177 119853435 30176161 585032 6845 1.0
13:29:55:377 119853630 30368669 579168 6833 1.0
13:29:55:577 119852795 30444711 579052 6840 1.0
13:29:55:777 119853737 30365739 579107 6852 1.0
13:29:56:177 119854056 30182654 585176 6841 1.0
13:29:56:377 119852871 30367110 579131 6849 1.0
13:29:56:577 119853581 30430039 578994 6832 1.0
13:29:56:777 119852602 30365703 579118 6831 1.0
13:29:57:177 119854082 30173916 584946 6839 1.0
13:29:57:377 119852697 30367864 579176 6845 1.0
13:29:57:577 119853626 30466367 579038 6841 1.0
13:29:57:777 119852679 30367845 579173 6844 1.0
13:29:58:177 119853350 30170738 584906 6835 1.0
13:29:58:377 119852747 30371664 579247 6845 1.0
13:29:58:577 119853662 30462419 578853 6839 1.0
13:29:58:777 119852717 30366819 579108 6832 1.0
13:29:59:177 119853258 30172320 584971 6838 1.0
13:29:59:377 119853574 30364192 579103 6845 1.0
13:29:59:577 119852870 30453482 578995 6849 1.0
13:29:59:777 119853483 30371144 579225 6839 1.0
13:30:00:177 119853156 30178433 585065 6837 1.0
13:30:00:377 119853654 30374909 579269 6846 1.0
13:30:00:577 119852752 30467347 578890 6824 1.0
13:30:00:777 119853570 30366544 579141 6840 1.0
13:30:01:177 119853966 30182365 585125 6856 1.0
13:30:01:377 119852866 30366789 579147 6831 1.0
13:30:01:577 119852686 30425117 578980 6841 1.0
13:30:01:777 119853404 30374491 579257 6842 1.0
13:30:02:177 119853869 30176733 585032 6847 1.0
13:30:02:377 119852544 30367176 579146 6845 1.0
13:30:02:577 119853527 30446002 579076 6836 1.0
13:30:02:777 119852791 30368382 579188 6836 1.0
13:30:03:177 119853117 30180874 585128 6847 1.0
13:30:03:377 119852741 30366931 579151 6848 1.0
13:30:03:577 119853605 30426233 578996 6835 1.0
13:30:03:777 119852892 30367044 579154 6839 1.0
13:30:04:177 119853260 30175155 584979 6848 1.0
13:30:04:377 119853668 30367212 579157 6833 1.0
13:30:04:577 119852942 30451812 578924 6845 1.0
13:30:04:777 119852676 30365629 579118 6849 1.0
13:30:05:177 119853312 30174212 585023 6848 1.0
13:30:05:377 119853593 30373960 579244 6848 1.0
13:30:05:577 119852890 30392298 579000 6836 1.0
13:30:05:777 119853794 30366300 579120 6844 1.0
13:30:06:177 119854094 30176521 585015 6842 1.0
13:30:06:377 119852768 30367405 579164 6836 1.0
13:30:06:577 119852943 30390256 579103 6844 1.0
13:30:06:777 119853512 30375643 579288 6834 1.0
13:30:07:177 119854174 30176145 585003 6846 1.0
13:30:07:377 119852744 30374205 579252 6843 1.0
13:30:07:577 119853548 30424049 579060 6835 1.0
13:30:07:777 119852630 30369500 579131 6819 1.0
13:30:08:177 119853989 30176952 585040 6829 1.0
13:30:08:377 119852784 30368582 579141 6819 1.0
13:30:08:577 119853667 30384221 579081 6849 1.0
13:30:08:777 119852771 30371023 579203 6835 1.0
13:30:09:177 119853340 30177185 585031 6859 1.0
13:30:09:377 119853799 30367971 579177 6840 1.0
13:30:09:577 119852818 30381749 579214 6840 1.0
13:30:09:777 119852564 30366662 579132 6831 1.0
13:30:10:177 119853254 30174274 584956 6851 1.0
13:30:10:377 119853576 30374792 579263 6846 1.0
13:30:10:577 119852643 30406575 579022 6850 1.0
13:30:10:777 119853423 30366592 579141 6834 1.0
13:30:11:177 119853415 30174000 584974 6836 1.0
13:30:11:377 119853643 30368597 579174 6834 1.0
13:30:11:577 119852662 30376729 579117 6841 1.0
13:30:11:777 119853447 30373309 579270 6831 1.0
13:30:12:177 119854054 30239802 582963 6827 1.0
13:30:12:377 119852764 30372013 579248 6840 1.0
13:30:12:577 119853534 30385113 579037 6850 1.0
13:30:12:777 119852928 30367663 579171 6827 1.0
13:30:13:177 119853936 30357490 579590 6807 1.0
13:30:13:377 119852690 30367517 579127 6840 1.0
13:30:13:577 119853710 30429123 579027 6843 1.0
13:30:13:977 119854087 30171391 584972 6846 1.0
13:30:14:177 119852741 30381037 579124 6842 1.0
13:30:14:377 119852891 30365728 579117 6828 1.0
13:30:14:577 119853457 30421133 579145 6840 1.0
13:30:14:977 119854106 30176605 585033 6848 1.0
13:30:15:177 119852683 30468033 578895 6842 1.0
13:30:15:377 119853511 30371158 579264 6835 1.0
13:30:15:577 119852699 30420925 578968 6843 1.0
13:30:15:977 119854228 30177080 585029 6840 1.0
13:30:16:177 119852938 30380462 579144 6854 1.0
13:30:16:377 119853654 30364874 579096 6845 1.0
13:30:16:577 119852711 30460159 579035 6837 1.0
13:30:16:977 119853290 30177003 585043 6858 1.0
13:30:17:177 119853515 30424668 578952 6851 1.0
13:30:17:377 119852802 30372137 579268 6833 1.0
13:30:17:577 119852798 30386938 579084 6831 1.0
13:30:17:977 119853346 30184613 585139 6842 1.0
13:30:18:177 119853613 30429006 578983 6829 1.0
13:30:18:377 119852736 30370009 579143 6848 1.0
13:30:18:577 119853395 30381917 579112 6841 1.0
13:30:18:977 119853502 30174871 584970 6868 1.0
13:30:19:177 119853490 30410959 579029 6835 1.0
13:30:19:377 119852741 30372018 579284 6827 1.0
13:30:19:577 119853482 30396544 578982 6827 1.0
13:30:19:977 119854058 30177232 585032 6849 1.0
13:30:20:177 119852714 30466691 579053 6852 1.0
13:30:20:377 119853519 30369595 579127 6854 1.0
13:30:20:577 119852749 30427875 579035 6826 1.0
13:30:20:977 119853963 30173388 585019 6837 1.0
13:30:21:177 119852840 30386578 579085 6830 1.0
13:30:21:377 119853423 30366886 579135 6841 1.0
13:30:21:577 119852697 30413182 579117 6825 1.0
13:30:21:977 119853145 30174753 585015 6851 1.0
13:30:22:177 119852929 30454581 578967 6844 1.0
13:30:22:377 119853480 30367465 579164 6830 1.0
13:30:22:577 119852651 30379277 578999 6843 1.0
13:30:22:977 119853387 30179881 585103 6848 1.0
13:30:23:177 119853610 30395988 579043 6845 1.0
13:30:23:377 119852882 30371017 579259 6839 1.0
13:30:23:577 119853600 30392939 579159 6839 1.0
13:30:23:977 119853115 30177687 585045 6843 1.0
13:30:24:177 119853642 30435310 579019 6847 1.0
13:30:24:377 119852855 30369787 579168 6846 1.0
13:30:24:577 119853357 30394594 579112 6829 1.0
13:30:24:977 119853951 30178746 585073 6858 1.0
13:30:25:177 119852810 30406031 579053 6824 1.0
13:30:25:377 119852619 30367894 579134 6835 1.0
13:30:25:577 119853590 30465144 578874 6831 1.0
13:30:25:977 119854095 30175371 585008 6826 1.0
13:30:26:177 119852748 30429269 578989 6823 1.0
13:30:26:377 119853466 30375172 579273 6855 1.0
13:30:26:577 119852815 30428478 578970 6843 1.0
13:30:26:977 119853356 30178221 585059 6843 1.0
13:30:27:177 119852880 30393533 579266 6836 1.0
13:30:27:377 119853485 30368004 579179 6848 1.0
13:30:27:577 119852778 30448684 578958 6854 1.0
13:30:27:977 119853222 30182165 585113 6851 1.0
13:30:28:177 119853616 30422575 579044 6856 1.0
13:30:28:377 119852760 30367651 579108 6840 1.0
13:30:28:577 119852935 30389554 579147 6843 1.0
13:30:28:977 119853336 30172090 584990 6843 1.0
13:30:29:177 119853473 30428142 578913 6848 1.0
13:30:29:377 119852839 30372712 579302 6838 1.0
13:30:29:577 119853503 30417212 578984 6841 1.0
13:30:29:977 119854235 30179602 585076 6850 1.0
13:30:30:177 119852801 30420302 578986 6837 1.0
13:30:30:377 119852801 30365957 579125 6833 1.0
13:30:30:577 119853335 30440684 578893 6837 1.0
13:30:30:977 119853980 30176865 585040 6857 1.0
13:30:31:177 119852884 30403803 579046 6851 1.0
13:30:31:377 119853832 30376385 579306 6834 1.0
13:30:31:577 119852760 30425598 579003 6848 1.0
13:30:31:977 119854049 30176447 585012 6842 1.0
13:30:32:177 119852652 30447521 579114 6830 1.0
13:30:32:377 119853701 30367142 579157 6834 1.0
13:30:32:577 119852879 30469085 578873 6835 1.0
13:30:32:977 119853077 30175438 584989 6851 1.0
13:30:33:177 119853506 30405480 579003 6829 1.0
13:30:33:377 119852558 30369232 579212 6843 1.0
13:30:33:577 119852781 30452547 579083 6851 1.0
13:30:33:977 119853272 30177125 585045 6852 1.0
13:30:34:177 119853599 30405293 579112 6839 1.0
13:30:34:377 119852682 30366835 579108 6828 1.0
13:30:34:577 119853520 30404215 579112 6841 1.0
13:30:34:977 119853311 30233447 583598 6849 1.0
13:30:35:177 119853795 30420340 579030 6844 1.0
13:30:35:377 119853009 30367708 579171 6835 1.0
13:30:35:577 119853417 30434095 579071 6831 1.0
13:30:35:977 119854224 30339586 580020 6817 1.0
13:30:36:177 119852764 30389673 579095 6850 1.0
13:30:36:377 119853440 30371730 579231 6829 1.0
13:30:36:777 119853292 30172700 584914 6842 1.0
13:30:36:977 119853426 30376327 579331 6854 1.0
13:30:37:177 119852974 30417425 579058 6841 1.0
13:30:37:377 119853473 30368466 579162 6842 1.0
13:30:37:777 119853954 30183984 585134 6858 1.0
13:30:37:977 119852714 30371729 579273 6822 1.0
13:30:38:177 119852970 30469405 578855 6833 1.0
13:30:38:377 119853552 30373507 579230 6840 1.0
13:30:38:777 119854082 30177094 585030 6846 1.0
13:30:38:977 119852530 30366508 579138 6830 1.0
13:30:39:177 119853729 30396324 579188 6843 1.0
13:30:39:377 119852934 30366516 579140 6833 1.0
13:30:39:777 119853337 30182153 585161 6856 1.0
13:30:39:977 119853104 30369332 579132 6846 1.0
13:30:40:177 119853560 30419586 579024 6838 1.0
13:30:40:377 119852576 30367975 579177 6823 1.0
13:30:40:777 119853201 30172408 584905 6849 1.0
13:30:40:977 119853336 30368347 579186 6827 1.0
13:30:41:177 119852790 30445069 578945 6830 1.0
13:30:41:377 119852911 30364494 579108 6833 1.0
13:30:41:777 119853265 30175197 585044 6845 1.0
13:30:41:977 119853532 30375055 579273 6830 1.0
13:30:42:177 119852825 30420757 578949 6849 1.0
13:30:42:377 119853759 30370027 579217 6828 1.0
13:30:42:777 119854264 30174202 584954 6848 1.0
13:30:42:977 119852770 30365926 579122 6848 1.0
13:30:43:177 119852938 30398118 579077 6852 1.0
13:30:43:377 119853613 30373817 579241 6815 1.0
13:30:43:777 119854008 30175443 584988 6849 1.0
13:30:43:977 119852936 30376593 579312 6845 1.0
13:30:44:177 119853836 30423817 579030 6836 1.0
13:30:44:377 119852690 30366884 579108 6834 1.0
13:30:44:777 119854232 30178870 585040 6848 1.0
13:30:44:977 119852980 30363190 579108 6841 1.0
13:30:45:177 119853507 30464720 578853 6835 1.0
13:30:45:377 119852671 30367580 579156 6847 1.0
13:30:45:777 119853270 30171992 584963 6829 1.0
13:30:45:977 119853620 30369505 579148 6845 1.0
13:30:46:177 119852870 30459093 578999 6835 1.0
13:30:46:377 119852946 30367131 579155 6837 1.0
13:30:46:777 119853174 30175515 584989 6839 1.0
13:30:46:977 119853550 30373818 579251 6833 1.0
13:30:47:177 119852724 30425990 579029 6836 1.0
13:30:47:377 119853551 30367537 579167 6834 1.0
13:30:47:777 119853344 30179241 585045 6858 1.0
13:30:47:977 119853544 30366916 579137 6846 1.0
13:30:48:177 119852707 30377465 579084 6842 1.0
13:30:48:377 119853482 30373551 579288 6831 1.0
13:30:48:777 119854023 30177474 585038 6844 1.0
13:30:48:977 119852918 30370951 579257 6829 1.0
13:30:49:177 119853726 30428545 578955 6834 1.0
13:30:49:377 119852833 30366398 579136 6851 1.0
13:30:49:777 119854240 30178000 585053 6850 1.0
13:30:49:977 119852885 30368448 579190 6847 1.0
13:30:50:177 119853484 30404811 579076 6835 1.0
13:30:50:377 119852755 30370809 579160 6826 1.0
13:30:50:777 119853453 30176494 585015 6859 1.0
13:30:50:977 119852724 30370457 579148 6846 1.0
13:30:51:177 119853609 30463608 579105 6843 1.0
13:30:51:377 119852715 30367228 579125 6844 1.0
13:30:51:777 119853194 30181379 585133 6839 1.0
13:30:51:977 119853476 30366106 579128 6832 1.0
13:30:52:177 119852648 30417946 579004 6845 1.0
13:30:52:377 119852833 30369550 579191 6823 1.0
13:30:52:777 119853228 30177169 585031 6844 1.0
13:30:52:977 119853651 30367120 579155 6846 1.0
13:30:53:177 119852918 30388697 579197 6845 1.0
13:30:53:377 119853536 30368703 579136 6848 1.0
13:30:53:777 119854052 30173136 584925 6834 1.0
13:30:53:977 119852753 30370379 579240 6848 1.0
13:30:54:177 119852725 30384969 579158 6837 1.0
13:30:54:377 119853674 30369876 579137 6830 1.0
13:30:54:777 119853943 30177002 585040 6852 1.0
13:30:54:977 119852948 30364877 579108 6836 1.0
13:30:55:177 119853537 30385586 579112 6833 1.0
13:30:55:377 119853073 30374079 579296 6845 1.0
13:30:55:777 119853983 30175749 584995 6846 1.0
13:30:55:977 119852662 30375819 579333 6845 1.0
13:30:56:177 119853450 30446039 579065 6830 1.0
13:30:56:377 119852798 30367199 579156 6833 1.0
13:30:56:777 119853161 30180417 585113 6841 1.0
13:30:56:977 119853611 30366640 579103 6824 1.0
13:30:57:177 119852722 30401935 579107 6824 1.0
13:30:57:377 119852659 30369129 579118 6845 1.0
13:30:57:777 119853376 30212391 584003 6857 1.0
13:30:57:977 119853515 30365168 579103 6840 1.0
13:30:58:177 119852778 30424198 579117 6820 1.0
13:30:58:377 119853478 30367457 579129 6837 1.0
13:30:58:777 119853247 30326239 580531 6811 1.0
13:30:58:977 119853700 30365872 579123 6837 1.0
13:30:59:177 119852909 30406973 579100 6841 1.0
13:30:59:577 119853241 30182427 585113 6846 1.0
13:30:59:777 119853730 30441695 579010 6846 1.0
13:30:59:977 119852690 30368483 579192 6834 1.0
13:31:00:177 119853550 30414689 579208 6847 1.0
13:31:00:577 119853282 30173043 584951 6839 1.0
13:31:00:777 119853357 30410091 579037 6841 1.0
13:31:00:977 119852871 30373620 579235 6853 1.0
13:31:01:177 119853625 30400542 579062 6837 1.0
13:31:01:577 119854102 30181991 585125 6849 1.0
13:31:01:777 119852862 30411475 579032 6844 1.0
13:31:01:977 119853040 30362810 579110 6835 1.0
13:31:02:177 119853529 30448917 578898 6852 1.0
13:31:02:577 119854057 30173632 584938 6836 1.0
13:31:02:777 119852680 30401039 579077 6849 1.0
13:31:02:977 119853414 30366251 579134 6822 1.0
13:31:03:177 119852812 30437870 579099 6851 1.0
13:31:03:577 119853408 30177804 585047 6845 1.0
13:31:03:777 119852648 30377652 579294 6839 1.0
13:31:03:977 119853439 30369772 579227 6832 1.0
13:31:04:177 119852787 30376858 579176 6844 1.0
13:31:04:577 119853416 30182980 585139 6839 1.0
13:31:04:777 119853426 30424564 579018 6842 1.0
13:31:04:977 119852886 30368477 579147 6832 1.0
13:31:05:177 119852623 30412301 579099 6825 1.0
13:31:05:577 119853424 30173928 584980 6838 1.0
13:31:05:777 119853526 30458809 578865 6828 1.0
13:31:05:977 119852802 30372328 579292 6857 1.0
13:31:06:177 119853629 30398578 579021 6841 1.0
13:31:06:577 119854174 30180782 585127 6848 1.0
13:31:06:777 119852726 30400227 579027 6842 1.0
13:31:06:977 119852760 30366022 579127 6831 1.0
13:31:07:177 119853626 30456864 578929 6835 1.0
13:31:07:577 119854229 30174157 584952 6855 1.0
13:31:07:777 119853009 30416152 579055 6834 1.0
13:31:07:977 119853760 30374231 579328 6855 1.0
13:31:08:177 119852838 30424474 578894 6837 1.0
13:31:08:577 119853985 30176184 585005 6838 1.0
13:31:08:777 119852629 30381717 579296 6833 1.0
13:31:08:977 119853579 30366000 579127 6835 1.0
13:31:09:177 119853103 30419132 578957 6833 1.0
13:31:09:577 119853436 30173294 584932 6859 1.0
13:31:09:777 119853449 30382327 579129 6838 1.0
13:31:09:977 119852609 30367343 579161 6850 1.0
13:31:10:177 119852560 30419104 579135 6830 1.0
13:31:10:577 119853282 30173631 584969 6842 1.0
13:31:10:777 119853608 30473174 578929 6846 1.0
13:31:10:977 119852542 30366387 579123 6843 1.0
13:31:11:177 119853483 30393653 579097 6828 1.0
13:31:11:577 119853402 30182232 585133 6840 1.0
13:31:11:777 119853598 30404690 579024 6834 1.0
13:31:11:977 119852732 30364810 579108 6825 1.0
13:31:12:177 119853539 30455706 579112 6833 1.0
13:31:12:577 119854060 30172964 585014 6841 1.0
13:31:12:777 119852661 30416906 578901 6823 1.0
13:31:12:977 119853463 30374153 579335 6825 1.0
13:31:13:177 119852831 30406200 579052 6839 1.0
13:31:13:577 119853986 30181830 585079 6848 1.0
13:31:13:777 119852919 30429510 579010 6842 1.0
13:31:13:977 119853593 30364085 579101 6838 1.0
13:31:14:177 119852789 30453257 578928 6835 1.0
13:31:14:577 119853207 30176910 585023 6845 1.0
13:31:14:777 119852905 30408266 579007 6832 1.0
13:31:14:977 119853602 30368878 579128 6838 1.0
13:31:15:177 119852809 30459434 578869 6828 1.0
13:31:15:577 119853313 30175316 585045 6827 1.0
13:31:15:777 119853437 30455247 579112 6852 1.0
13:31:15:977 119852779 30369238 579139 6848 1.0
13:31:16:177 119853635 30466282 578959 6835 1.0
13:31:16:577 119853084 30177048 585029 6854 1.0
13:31:16:777 119853515 30450417 579017 6827 1.0
13:31:16:977 119852742 30368643 579173 6835 1.0
13:31:17:177 119853646 30458807 579105 6827 1.0
13:31:17:577 119854312 30171480 584912 6844 1.0
13:31:17:777 119852714 30429839 578986 6829 1.0
13:31:17:977 119852893 30364591 579108 6855 1.0
13:31:18:177 119853279 30472440 578892 6836 1.0
13:31:18:577 119853902 30177486 585040 6841 1.0
13:31:18:777 119852849 30381793 579051 6833 1.0
13:31:18:977 119853496 30366950 579150 6833 1.0
13:31:19:177 119852854 30393367 579324 6856 1.0
13:31:19:577 119853147 30176704 585017 6849 1.0
13:31:19:777 119852762 30460958 578930 6853 1.0
13:31:19:977 119853562 30376348 579306 6838 1.0
13:31:20:177 119852888 30416805 579041 6856 1.0
13:31:20:577 119853060 30191218 584400 6837 1.0
13:31:20:777 119853697 30412812 579188 6831 1.0
13:31:20:977 119852712 30367932 579138 6831 1.0
13:31:21:177 119852695 30469996 578876 6846 1.0
13:31:21:577 119853306 30306037 580983 6830 1.0
13:31:21:777 119853573 30458586 578878 6836 1.0
13:31:21:977 119852903 30369708 579223 6837 1.0
13:31:22:377 119853431 30174863 584977 6852 1.0
13:31:22:577 119853429 30365709 579112 6840 1.0
13:31:22:777 119852778 30456293 579075 6825 1.0
13:31:22:977 119852712 30367017 579141 6841 1.0
13:31:23:377 119853316 30174084 584950 6842 1.0
13:31:23:577 119853582 30370456 579245 6825 1.0
13:31:23:777 119852811 30373124 579119 6841 1.0
13:31:23:977 119853670 30375057 579274 6846 1.0
13:31:24:377 119853347 30173744 584995 6835 1.0
13:31:24:577 119853362 30368416 579153 6831 1.0
13:31:24:777 119852611 30466115 578858 6832 1.0
13:31:24:977 119853487 30374007 579326 6832 1.0
13:31:25:377 119853966 30173349 584976 6829 1.0
13:31:25:577 119852774 30373842 579286 6838 1.0
13:31:25:777 119852779 30419947 579057 6829 1.0
13:31:25:977 119853515 30367745 579170 6854 1.0
13:31:26:377 119854162 30177099 585030 6844 1.0
13:31:26:577 119852925 30364631 579091 6838 1.0
13:31:26:777 119853478 30466003 578933 6826 1.0
13:31:26:977 119852994 30373043 579218 6825 1.0
13:31:27:377 119853137 30174764 584970 6825 1.0
13:31:27:577 119852779 30366316 579133 6838 1.0
13:31:27:777 119853640 30436789 579162 6854 1.0
13:31:27:977 119852808 30365203 579108 6824 1.0
13:31:28:377 119853139 30178105 585056 6838 1.0
13:31:28:577 119853645 30372318 579294 6839 1.0
13:31:28:777 119852652 30429929 578961 6837 1.0
13:31:28:977 119852811 30369982 579232 6844 1.0
13:31:29:377 119853366 30172441 584942 6852 1.0
13:31:29:577 119853493 30370868 579219 6840 1.0
13:31:29:777 119852752 30475202 578992 6840 1.0
13:31:29:977 119853575 30363973 579071 6826 1.0
13:31:30:377 119853979 30175998 585005 6835 1.0
13:31:30:577 119852858 30370506 579152 6836 1.0
13:31:30:777 119852665 30409568 579108 6836 1.0
13:31:30:977 119853555 30362148 579027 6833 1.0
13:31:31:377 119854060 30177380 585036 6844 1.0
13:31:31:577 119852691 30367549 579167 6826 1.0
13:31:31:777 119853593 30412640 579132 6845 1.0
13:31:31:977 119852478 30374147 579279 6842 1.0
13:31:32:377 119853987 30177814 585047 6851 1.0
13:31:32:577 119852816 30372027 579264 6832 1.0
13:31:32:777 119853730 30425288 579024 6832 1.0
13:31:32:977 119852811 30364067 579077 6831 1.0
13:31:33:377 119853431 30180424 585116 6841 1.0
13:31:33:577 119853751 30369302 579121 6840 1.0
13:31:33:777 119852683 30412524 579036 6827 1.0
13:31:33:977 119852961 30373083 579220 6845 1.0
13:31:34:377 119853365 30172959 584985 6846 1.0
13:31:34:577 119853699 30369958 579164 6843 1.0
13:31:34:777 119852859 30391825 579219 6844 1.0
13:31:34:977 119853747 30367594 579166 6830 1.0
13:31:35:377 119853331 30178373 585064 6837 1.0
13:31:35:577 119853589 30368706 579196 6834 1.0
13:31:35:777 119852686 30386349 579076 6842 1.0
13:31:35:977 119853553 30367876 579177 6835 1.0
13:31:36:377 119854110 30180564 585121 6835 1.0
13:31:36:577 119852735 30366822 579123 6838 1.0
13:31:36:777 119853729 30394497 579168 6841 1.0
13:31:36:977 119852835 30368011 579178 6824 1.0
13:31:37:377 119854102 30177064 585040 6846 1.0
13:31:37:577 119852806 30375000 579289 6831 1.0
13:31:37:777 119853634 30441023 578932 6853 1.0
13:31:37:977 119852836 30366656 579108 6831 1.0
13:31:38:377 119853305 30178395 585063 6849 1.0
13:31:38:577 119852891 30364565 579090 6833 1.0
13:31:38:777 119853401 30376460 579154 6828 1.0
13:31:38:977 119852861 30370255 579238 6850 1.0
13:31:39:377 119853301 30173287 584929 6852 1.0
13:31:39:577 119853593 30368882 579201 6829 1.0
13:31:39:777 119852741 30378931 579152 6837 1.0
13:31:39:977 119853540 30368463 579189 6839 1.0
13:31:40:377 119853085 30182736 585085 6845 1.0
13:31:40:577 119853747 30368166 579183 6838 1.0
13:31:40:777 119852808 30433573 578964 6837 1.0
13:31:40:977 119853562 30367912 579141 6835 1.0
13:31:41:377 119854083 30177557 585044 6854 1.0
13:31:41:577 119852776 30367555 579166 6831 1.0
13:31:41:777 119852817 30399211 579214 6823 1.0
13:31:41:977 119853594 30365800 579121 6847 1.0
13:31:42:377 119853883 30176150 585004 6857 1.0
13:31:42:577 119852711 30373724 579297 6829 1.0
13:31:42:777 119853422 30428050 579039 6831 1.0
13:31:42:977 119852862 30364663 579093 6835 1.0
13:31:43:377 119853214 30180827 585006 6848 1.0
13:31:43:577 119852953 30367249 579138 6839 1.0
13:31:43:777 119853602 30385516 579053 6844 1.0
13:31:43:977 119852818 30373286 579226 6827 1.0
13:31:44:377 119853216 30289219 581418 6827 1.0
13:31:44:577 119853476 30374841 579264 6847 1.0
13:31:44:777 119852838 30418074 578965 6854 1.0
13:31:45:177 119854070 30178614 585069 6858 1.0
13:31:45:377 119852822 30402552 579261 6837 1.0
13:31:45:577 119853502 30365622 579117 6823 1.0
13:31:45:777 119852708 30417889 578979 6831 1.0
13:31:46:177 119853397 30176220 585045 6843 1.0
13:31:46:377 119853731 30427459 578958 6843 1.0
13:31:46:577 119852650 30365506 579112 6856 1.0
13:31:46:777 119852576 30381394 579190 6844 1.0
13:31:47:177 119853058 30173845 584967 6846 1.0
13:31:47:377 119853733 30475792 578974 6829 1.0
13:31:47:577 119852631 30370811 579253 6846 1.0
13:31:47:777 119853535 30447944 578924 6838 1.0
13:31:48:177 119853243 30179103 585082 6834 1.0
13:31:48:377 119853561 30418013 578953 6828 1.0
13:31:48:577 119852776 30367661 579130 6834 1.0
13:31:48:777 119853727 30444803 579112 6841 1.0
13:31:49:177 119854075 30176075 585039 6848 1.0
13:31:49:377 119852742 30429401 578964 6831 1.0
13:31:49:577 119853575 30374387 579257 6846 1.0
13:31:49:777 119852776 30429833 579029 6831 1.0
13:31:50:177 119854056 30182711 585099 6827 1.0
13:31:50:377 119852835 30410526 579073 6835 1.0
13:31:50:577 119853433 30365964 579125 6845 1.0
13:31:50:777 119852653 30448442 578871 6823 1.0
13:31:51:177 119853303 30174619 584965 6851 1.0
13:31:51:377 119852969 30410761 579088 6856 1.0
13:31:51:577 119853395 30368425 579212 6836 1.0
13:31:51:777 119852810 30385595 579043 6836 1.0
13:31:52:177 119853241 30174196 584984 6851 1.0
13:31:52:377 119853712 30465122 579087 6824 1.0
13:31:52:577 119852859 30367554 579133 6841 1.0
13:31:52:777 119853613 30428963 579005 6841 1.0
13:31:53:177 119853308 30174202 585030 6842 1.0
13:31:53:377 119853608 30413985 579001 6850 1.0
13:31:53:577 119852839 30369713 579219 6838 1.0
13:31:53:777 119853726 30444245 579105 6841 1.0
13:31:54:177 119854086 30175187 585010 6843 1.0
13:31:54:377 119852694 30461680 578943 6847 1.0
13:31:54:577 119852853 30366752 579144 6844 1.0
13:31:54:777 119853381 30383218 579031 6838 1.0
13:31:55:177 119854089 30179892 585103 6849 1.0
13:31:55:377 119852707 30414086 579062 6841 1.0
13:31:55:577 119853553 30368317 579187 6848 1.0
13:31:55:777 119852847 30403455 579043 6838 1.0
13:31:56:177 119853278 30171306 584970 6835 1.0
13:31:56:377 119852833 30390305 579091 6843 1.0
13:31:56:577 119853654 30369804 579191 6832 1.0
13:31:56:777 119852666 30396636 579096 6830 1.0
13:31:57:177 119853228 30176068 585032 6843 1.0
13:31:57:377 119853495 30460194 579124 6836 1.0
13:31:57:577 119852843 30368596 579110 6841 1.0
13:31:57:777 119852821 30383409 579117 6847 1.0
13:31:58:177 119853430 30175357 584982 6861 1.0
13:31:58:377 119853619 30399405 579048 6854 1.0
13:31:58:577 119852860 30367785 579173 6839 1.0
13:31:58:777 119853576 30430726 579106 6850 1.0
13:31:59:177 119853379 30176851 585021 6839 1.0
13:31:59:377 119853277 30388086 579194 6842 1.0
13:31:59:577 119852653 30366194 579131 6852 1.0
13:31:59:777 119853650 30375038 579071 6840 1.0
13:32:00:177 119854099 30178860 585040 6835 1.0
13:32:00:377 119852792 30408860 579117 6838 1.0
13:32:00:577 119853636 30370085 579153 6844 1.0
13:32:00:777 119852787 30455239 579069 6833 1.0
13:32:01:177 119853900 30175103 584999 6841 1.0
13:32:01:377 119852756 30384344 579104 6836 1.0
13:32:01:577 119853612 30371037 579166 6847 1.0
13:32:01:777 119852842 30378295 579088 6838 1.0
13:32:02:177 119853219 30181883 585155 6847 1.0
13:32:02:377 119852729 30395973 579014 6831 1.0
13:32:02:577 119853818 30366331 579136 6831 1.0
13:32:02:777 119852894 30455550 578948 6837 1.0
13:32:03:177 119853295 30178203 585058 6836 1.0
13:32:03:377 119853474 30445653 578998 6829 1.0
13:32:03:577 119853067 30368807 579181 6847 1.0
13:32:03:777 119853447 30384247 579112 6836 1.0
13:32:04:177 119853317 30174251 585033 6847 1.0
13:32:04:377 119853593 30472637 578918 6833 1.0
13:32:04:577 119852798 30370042 579232 6833 1.0
13:32:04:777 119853542 30436960 578980 6840 1.0
13:32:05:177 119854227 30172762 584914 6848 1.0
13:32:05:377 119852745 30393239 579157 6850 1.0
13:32:05:577 119852868 30365787 579121 6831 1.0
13:32:05:777 119853443 30449876 579124 6839 1.0
13:32:06:177 119853977 30176948 584990 6853 1.0
13:32:06:377 119852883 30472229 578988 6836 1.0
13:32:06:577 119853589 30366076 579106 6830 1.0
13:32:06:777 119852769 30415180 579091 6850 1.0
13:32:07:177 119853200 30280475 581987 6824 1.0
13:32:07:377 119852922 30417357 579036 6840 1.0
13:32:07:577 119853648 30368950 579153 6857 1.0
13:32:07:977 119853986 30176507 585016 6843 1.0
13:32:08:177 119852864 30366303 579134 6842 1.0
13:32:08:377 119853374 30398078 579022 6836 1.0
13:32:08:577 119853015 30370972 579259 6842 1.0
13:32:08:977 119854018 30171707 584938 6850 1.0
13:32:09:177 119852810 30372128 579235 6854 1.0
13:32:09:377 119853273 30370140 579104 6842 1.0
13:32:09:577 119852921 30369572 579221 6840 1.0
13:32:09:977 119853123 30183418 585102 6850 1.0
13:32:10:177 119853478 30367674 579178 6829 1.0
13:32:10:377 119852752 30448515 579000 6833 1.0
13:32:10:577 119852654 30370008 579150 6840 1.0
13:32:10:977 119853259 30175346 585021 6844 1.0
13:32:11:177 119853615 30371728 579184 6847 1.0
13:32:11:377 119852673 30405944 579217 6822 1.0
13:32:11:577 119853784 30371795 579205 6840 1.0
13:32:11:977 119853100 30178098 585054 6846 1.0
13:32:12:177 119853481 30369904 579227 6832 1.0
13:32:12:377 119853076 30410313 579018 6841 1.0
13:32:12:577 119853591 30371786 579232 6833 1.0
13:32:12:977 119853984 30178926 585078 6838 1.0
13:32:13:177 119852827 30367005 579135 6840 1.0
13:32:13:377 119853834 30395463 579093 6840 1.0
13:32:13:577 119852887 30373184 579223 6845 1.0
13:32:13:977 119854077 30172609 584939 6844 1.0
13:32:14:177 119852906 30374392 579255 6846 1.0
13:32:14:377 119853568 30403514 579067 6822 1.0
13:32:14:577 119852663 30368067 579174 6829 1.0
13:32:14:977 119853330 30184757 585230 6845 1.0
13:32:15:177 119852992 30365385 579110 6824 1.0
13:32:15:377 119853408 30418769 578986 6826 1.0
13:32:15:577 119852761 30371021 579259 6840 1.0
13:32:15:977 119853210 30174492 584962 6842 1.0
13:32:16:177 119853645 30367555 579165 6837 1.0
13:32:16:377 119852781 30389187 579184 6827 1.0
13:32:16:577 119853524 30367162 579156 6841 1.0
13:32:16:977 119853376 30179334 585056 6852 1.0
13:32:17:177 119853615 30366624 579103 6832 1.0
13:32:17:377 119852715 30392221 579117 6827 1.0
13:32:17:577 119853780 30367455 579151 6842 1.0
13:32:17:978 119854039 30177097 585033 6842 1.0
13:32:18:178 119852795 30369700 579220 6837 1.0
13:32:18:378 119852717 30411403 579234 6833 1.0
13:32:18:578 119853586 30367468 579134 6831 1.0
13:32:18:978 119854113 30177054 585029 6857 1.0
13:32:19:178 119852837 30374512 579253 6834 1.0
13:32:19:378 119853663 30435274 578978 6833 1.0
13:32:19:578 119852898 30368469 579190 6845 1.0
13:32:19:978 119853228 30175463 584987 6841 1.0
13:32:20:178 119852796 30365124 579102 6830 1.0
13:32:20:378 119853519 30460950 578904 6838 1.0
13:32:20:578 119852873 30372338 579202 6832 1.0
13:32:20:978 119853219 30173791 585021 6857 1.0
13:32:21:178 119853484 30372896 579212 6851 1.0
13:32:21:378 119852681 30382239 579050 6853 1.0
13:32:21:578 119852843 30368280 579184 6838 1.0
13:32:21:978 119853174 30183636 585203 6844 1.0
13:32:22:178 119853583 30363670 579065 6847 1.0
13:32:22:378 119852899 30399338 579024 6850 1.0
13:32:22:578 119853770 30376293 579306 6824 1.0
13:32:22:978 119853931 30176810 585023 6858 1.0
13:32:23:178 119852948 30366277 579132 6827 1.0
13:32:23:378 119852895 30441977 579148 6838 1.0
13:32:23:578 119853710 30367084 579116 6837 1.0
13:32:23:978 119854033 30179237 585052 6854 1.0
13:32:24:178 119852679 30366114 579127 6833 1.0
13:32:24:378 119853564 30398700 579110 6838 1.0
13:32:24:578 119852771 30366515 579139 6853 1.0
13:32:24:978 119854291 30175728 584993 6854 1.0
13:32:25:178 119852838 30369067 579209 6843 1.0
13:32:25:378 119853451 30389481 579235 6835 1.0
13:32:25:578 119852912 30370030 579139 6842 1.0
13:32:25:978 119853184 30178558 585067 6835 1.0
13:32:26:178 119853336 30373168 579222 6837 1.0
13:32:26:378 119852701 30421600 579008 6840 1.0
13:32:26:578 119852831 30369357 579160 6827 1.0
13:32:26:978 119853208 30174750 584979 6841 1.0
13:32:27:178 119853722 30367508 579166 6835 1.0
13:32:27:378 119852595 30381046 579120 6828 1.0
13:32:27:578 119853654 30373804 579292 6842 1.0
13:32:27:978 119853403 30175402 585009 6858 1.0
13:32:28:178 119853590 30375390 579348 6843 1.0
13:32:28:378 119852755 30412442 578931 6841 1.0
13:32:28:578 119853559 30364719 579092 6842 1.0
13:32:28:978 119854063 30179103 585047 6869 1.0
13:32:29:178 119852728 30364446 579093 6831 1.0
13:32:29:378 119853493 30470073 578901 6830 1.0
13:32:29:578 119852848 30371210 579171 6840 1.0
13:32:29:978 119854111 30269852 582107 6829 1.0
13:32:30:178 119852994 30367859 579164 6841 1.0
13:32:30:378 119853491 30424188 579109 6843 1.0
13:32:30:778 119853983 30174421 584958 6841 1.0
13:32:30:978 119852868 30420131 578955 6830 1.0
13:32:31:178 119852913 30372924 579214 6831 1.0
13:32:31:378 119853565 30382427 579056 6825 1.0
13:32:31:778 119854143 30179939 585091 6848 1.0
13:32:31:978 119852641 30371883 579125 6849 1.0
13:32:32:178 119853681 30366432 579138 6842 1.0
13:32:32:378 119852802 30468741 578901 6827 1.0
13:32:32:778 119853887 30174616 585033 6840 1.0
13:32:32:978 119852748 30405845 579051 6830 1.0
13:32:33:178 119853603 30372002 579191 6827 1.0
13:32:33:378 119852878 30430142 579091 6829 1.0
13:32:33:778 119853450 30174787 585000 6842 1.0
13:32:33:978 119853609 30392469 579131 6837 1.0
13:32:34:178 119852791 30366941 579149 6838 1.0
13:32:34:378 119852834 30390134 579068 6843 1.0
13:32:34:778 119853334 30177995 585045 6856 1.0
13:32:34:978 119853464 30472257 578932 6850 1.0
13:32:35:178 119852813 30366721 579146 6827 1.0
13:32:35:378 119853482 30409448 579084 6836 1.0
13:32:35:778 119853217 30176589 585015 6833 1.0
13:32:35:978 119853206 30463399 579066 6839 1.0
13:32:36:178 119852745 30368275 579142 6839 1.0
13:32:36:378 119853430 30423383 579010 6835 1.0
13:32:36:778 119854035 30182820 585104 6844 1.0
13:32:36:978 119852833 30410412 579049 6831 1.0
13:32:37:178 119853464 30364996 579098 6838 1.0
13:32:37:378 119852983 30430480 578993 6833 1.0
13:32:37:778 119853852 30176510 585014 6842 1.0
13:32:37:978 119852750 30418530 578986 6831 1.0
13:32:38:178 119853609 30369435 579214 6842 1.0
13:32:38:378 119852860 30395757 579140 6850 1.0
13:32:38:778 119853428 30182051 585119 6847 1.0
13:32:38:978 119852828 30429075 578917 6831 1.0
13:32:39:178 119853506 30370212 579235 6835 1.0
13:32:39:378 119852848 30373565 579068 6843 1.0
13:32:39:778 119853400 30173345 584986 6842 1.0
13:32:39:978 119853494 30368106 579109 6854 1.0
13:32:40:178 119852844 30375213 579277 6861 1.0
13:32:40:378 119853436 30413421 579005 6835 1.0
13:32:40:778 119853228 30174659 585031 6848 1.0
13:32:40:978 119853408 30458314 578880 6835 1.0
13:32:41:178 119852678 30365987 579124 6841 1.0
13:32:41:378 119853770 30386199 579130 6834 1.0
13:32:41:778 119854068 30174051 584949 6852 1.0
13:32:41:978 119852787 30369587 579063 6829 1.0
13:32:42:178 119852780 30369966 579229 6833 1.0
13:32:42:378 119853434 30439708 579103 6840 1.0
13:32:42:778 119854159 30175244 584980 6842 1.0
13:32:42:978 119852311 30478476 578991 6823 1.0
13:32:43:178 119853654 30363760 579086 6829 1.0
13:32:43:378 119852747 30384838 579117 6829 1.0
13:32:43:778 119853349 30181216 585105 6852 1.0
13:32:43:978 119852993 30415585 579041 6838 1.0
13:32:44:178 119853470 30365610 579115 6831 1.0
13:32:44:378 119852626 30457029 579020 6825 1.0
13:32:44:778 119853279 30176036 585002 6848 1.0
13:32:44:978 119853451 30420077 579083 6831 1.0
13:32:45:178 119852784 30373758 579238 6845 1.0
13:32:45:378 119852874 30444728 578939 6836 1.0
13:32:45:778 119853543 30178972 585080 6833 1.0
13:32:45:978 119853549 30444730 578916 6846 1.0
13:32:46:178 119852757 30366774 579145 6842 1.0
13:32:46:378 119853524 30471713 578940 6831 1.0
13:32:46:778 119854003 30173495 585022 6850 1.0
13:32:46:978 119852825 30371012 579070 6836 1.0
13:32:47:178 119852757 30372719 579211 6853 1.0
13:32:47:378 119853506 30365557 579068 6853 1.0
13:32:47:778 119854129 30175286 585021 6850 1.0
13:32:47:978 119852753 30467976 579032 6850 1.0
13:32:48:178 119853743 30369019 579188 6846 1.0
13:32:48:378 119852862 30428011 578992 6838 1.0
13:32:48:778 119853856 30178888 585077 6848 1.0
13:32:48:978 119852748 30402345 579000 6834 1.0
13:32:49:178 119853411 30369714 579224 6839 1.0
13:32:49:378 119852778 30423920 579088 6849 1.0
13:32:49:778 119853411 30172577 584910 6855 1.0
13:32:49:978 119853479 30437577 578962 6830 1.0
13:32:50:178 119852862 30370866 579164 6840 1.0
13:32:50:378 119852649 30389090 579117 6822 1.0
13:32:50:778 119853303 30180321 585115 6844 1.0
13:32:50:978 119853596 30401763 579011 6832 1.0
13:32:51:178 119852699 30367562 579150 6838 1.0
13:32:51:378 119853486 30461419 578913 6828 1.0
13:32:51:778 119853220 30174787 585009 6853 1.0
13:32:51:978 119853344 30425178 578939 6835 1.0
13:32:52:178 119852680 30373443 579281 6827 1.0
13:32:52:378 119853561 30427731 579020 6842 1.0
13:32:52:778 119853993 30268095 582059 6832 1.0
13:32:52:978 119852750 30375755 579209 6842 1.0
13:32:53:178 119853707 30369826 579135 6838 1.0
13:32:53:578 119853435 30179221 585050 6850 1.0
13:32:53:778 119853461 30366871 579148 6829 1.0
13:32:53:978 119852828 30415418 579067 6841 1.0
13:32:54:178 119853381 30369245 579189 6832 1.0
13:32:54:578 119854073 30176544 585016 6851 1.0
13:32:54:778 119853000 30367929 579177 6836 1.0
13:32:54:978 119852680 30383080 579250 6843 1.0
13:32:55:178 119853600 30368454 579133 6835 1.0
13:32:55:578 119853901 30174790 584969 6841 1.0
13:32:55:778 119852989 30373449 579315 6850 1.0
13:32:55:978 119853640 30412193 579022 6820 1.0
13:32:56:178 119853055 30366997 579151 6837 1.0
13:32:56:578 119853535 30175085 584998 6835 1.0
13:32:56:778 119852869 30368185 579155 6857 1.0
13:32:56:978 119853401 30381224 579129 6831 1.0
13:32:57:178 119852923 30370520 579245 6840 1.0
13:32:57:578 119853264 30171321 584969 6849 1.0
13:32:57:778 119853576 30371828 579187 6849 1.0
13:32:57:978 119852861 30374592 579177 6833 1.0
13:32:58:178 119852870 30367258 579158 6842 1.0
13:32:58:578 119853416 30180887 585129 6831 1.0
13:32:58:778 119853450 30366380 579136 6834 1.0
13:32:58:978 119852865 30402867 579014 6855 1.0
13:32:59:178 119853595 30374413 579256 6850 1.0
13:32:59:578 119853956 30174988 584974 6852 1.0
13:32:59:778 119852635 30365961 579125 6831 1.0
13:32:59:978 119852502 30466104 578946 6837 1.0
13:33:00:178 119853489 30366361 579136 6841 1.0
13:33:00:578 119854116 30183042 585182 6837 1.0
13:33:00:778 119852792 30368224 579185 6827 1.0
13:33:00:978 119853604 30436932 578909 6852 1.0
13:33:01:178 119852869 30363332 579096 6846 1.0
13:33:01:578 119853907 30174770 584968 6843 1.0
13:33:01:778 119852894 30365345 579109 6852 1.0
13:33:01:978 119853514 30458697 578986 6830 1.0
13:33:02:178 119852817 30366050 579128 6832 1.0
13:33:02:578 119853258 30174959 584973 6844 1.0
13:33:02:778 119853545 30372074 579232 6844 1.0
13:33:02:978 119852847 30394318 579095 6822 1.0
13:33:03:178 119852770 30368030 579132 6847 1.0
13:33:03:578 119853378 30176180 585005 6862 1.0
13:33:03:778 119853656 30375476 579284 6831 1.0
13:33:03:978 119852748 30392118 579092 6828 1.0
13:33:04:178 119853386 30370680 579233 6837 1.0
13:33:04:578 119853314 30175261 584992 6840 1.0
13:33:04:778 119853583 30373229 579308 6841 1.0
13:33:04:978 119852644 30396714 578976 6836 1.0
13:33:05:178 119853655 30365003 579102 6832 1.0
13:33:05:578 119854284 30176661 585017 6854 1.0
13:33:05:778 119852801 30365069 579102 6845 1.0
13:33:05:978 119852880 30460880 578888 6841 1.0
13:33:06:178 119853514 30365998 579128 6844 1.0
13:33:06:578 119854047 30176196 585028 6855 1.0
13:33:06:778 119852747 30366993 579122 6857 1.0
13:33:06:978 119853646 30378379 579236 6840 1.0
13:33:07:178 119852686 30368238 579186 6841 1.0
13:33:07:578 119853178 30175115 585015 6829 1.0
13:33:07:778 119852799 30373318 579280 6856 1.0
13:33:07:978 119853569 30405324 579041 6847 1.0
13:33:08:178 119852788 30369606 579222 6843 1.0
13:33:08:578 119853415 30176883 585024 6840 1.0
13:33:08:778 119853561 30365836 579123 6837 1.0
13:33:08:978 119852417 30372959 579180 6839 1.0
13:33:09:178 119852915 30372788 579212 6847 1.0
13:33:09:578 119853245 30177602 585043 6860 1.0
13:33:09:778 119853325 30372320 579202 6845 1.0
13:33:09:978 119852793 30435976 579002 6827 1.0
13:33:10:178 119853750 30365273 579106 6843 1.0
13:33:10:578 119854183 30179460 585092 6849 1.0
13:33:10:778 119852600 30369391 579215 6813 1.0
13:33:10:978 119852757 30421990 578985 6846 1.0
13:33:11:178 119853341 30369229 579212 6836 1.0
13:33:11:578 119854020 30174536 584962 6846 1.0
13:33:11:778 119852724 30366635 579143 6830 1.0
13:33:11:978 119853492 30412417 579237 6829 1.0
13:33:12:178 119852805 30365475 579113 6836 1.0
13:33:12:578 119854053 30185529 585158 6857 1.0
13:33:12:778 119852978 30365339 579108 6842 1.0
13:33:12:978 119853715 30424417 579031 6840 1.0
13:33:13:178 119852891 30370601 579154 6845 1.0
13:33:13:578 119853191 30174275 585027 6837 1.0
13:33:13:778 119853556 30365432 579111 6842 1.0
13:33:13:978 119852871 30451535 578993 6836 1.0
13:33:14:178 119852809 30368682 579198 6840 1.0
13:33:14:578 119853541 30175353 584951 6851 1.0
13:33:14:778 119853412 30370436 579244 6839 1.0
13:33:14:978 119852845 30387631 579152 6844 1.0
13:33:15:178 119853805 30364969 579097 6834 1.0
13:33:15:578 119853275 30269669 582077 6831 1.0
13:33:15:778 119853496 30366518 579137 6839 1.0
13:33:15:978 119852656 30374004 579124 6836 1.0
13:33:16:378 119853304 30176422 585011 6846 1.0
13:33:16:578 119853306 30434684 579038 6820 1.0
13:33:16:778 119852873 30373173 579233 6843 1.0
13:33:16:978 119853368 30438811 579002 6816 1.0
13:33:17:378 119853169 30173635 584938 6846 1.0
13:33:17:578 119853580 30399315 579215 6840 1.0
13:33:17:778 119852634 30366344 579134 6835 1.0
13:33:17:978 119853366 30425481 579017 6845 1.0
13:33:18:378 119853993 30174606 584978 6839 1.0
13:33:18:578 119852907 30410590 579119 6850 1.0
13:33:18:778 119852764 30370535 579168 6826 1.0
13:33:18:978 119853404 30460423 579022 6836 1.0
13:33:19:378 119853929 30178276 585061 6839 1.0
13:33:19:578 119852681 30377654 579220 6839 1.0
13:33:19:778 119853574 30364735 579093 6827 1.0
13:33:19:978 119852842 30398235 579091 6839 1.0
13:33:20:378 119853115 30181092 585110 6857 1.0
13:33:20:578 119852678 30409864 579052 6840 1.0
13:33:20:778 119853599 30368607 579144 6826 1.0
13:33:20:978 119852904 30395621 579254 6834 1.0
13:33:21:378 119853417 30176860 585045 6839 1.0
13:33:21:578 119853549 30441676 578970 6822 1.0
13:33:21:778 119852692 30371111 579250 6843 1.0
13:33:21:978 119852814 30412376 578942 6827 1.0
13:33:22:378 119853208 30178709 585072 6841 1.0
13:33:22:578 119853265 30374240 579159 6828 1.0
13:33:22:778 119852947 30368401 579171 6848 1.0
13:33:22:978 119853666 30388791 579112 6845 1.0
13:33:23:378 119854011 30176717 585019 6831 1.0
13:33:23:578 119852625 30409332 579082 6840 1.0
13:33:23:778 119852742 30371398 579198 6824 1.0
13:33:23:978 119853635 30432606 579033 6841 1.0
13:33:24:378 119853921 30177212 585034 6859 1.0
13:33:24:578 119852833 30393244 579206 6825 1.0
13:33:24:778 119853610 30368342 579187 6829 1.0
13:33:24:978 119852609 30415411 579043 6845 1.0
13:33:25:378 119854024 30183176 585097 6849 1.0
13:33:25:578 119852510 30450431 578984 6827 1.0
13:33:25:778 119853511 30367595 579166 6835 1.0
13:33:25:978 119852729 30430510 579082 6840 1.0
13:33:26:378 119853340 30175755 584997 6848 1.0
13:33:26:578 119853703 30460264 578856 6826 1.0
13:33:26:778 119852858 30375392 579280 6840 1.0
13:33:26:978 119852863 30449403 578990 6821 1.0
13:33:27:378 119853195 30182642 585176 6838 1.0
13:33:27:578 119853610 30418614 578987 6840 1.0
13:33:27:778 119852969 30367840 579171 6844 1.0
13:33:27:978 119853664 30368208 579135 6841 1.0
13:33:28:378 119853330 30175527 585045 6843 1.0
13:33:28:578 119853327 30437368 578949 6838 1.0
13:33:28:778 119852797 30373637 579271 6841 1.0
13:33:28:978 119853426 30391972 579011 6839 1.0
13:33:29:378 119854055 30176331 585015 6843 1.0
13:33:29:578 119852771 30381695 579222 6854 1.0
13:33:29:778 119853608 30364894 579097 6836 1.0
13:33:29:978 119852825 30389379 579043 6835 1.0
13:33:30:378 119853910 30173820 584942 6857 1.0
13:33:30:578 119853052 30406740 579044 6839 1.0
13:33:30:778 119853700 30365644 579107 6836 1.0
13:33:30:978 119852967 30409951 579185 6843 1.0
13:33:31:378 119853250 30176805 585022 6837 1.0
13:33:31:578 119852724 30382499 579195 6835 1.0
13:33:31:778 119853563 30367470 579156 6841 1.0
13:33:31:978 119852869 30404498 579012 6830 1.0
13:33:32:378 119853180 30180846 585107 6839 1.0
13:33:32:578 119853412 30411603 579030 6851 1.0
13:33:32:778 119852841 30366103 579128 6839 1.0
13:33:32:978 119853549 30468769 579009 6841 1.0
13:33:33:378 119853494 30175946 584997 6846 1.0
13:33:33:578 119853495 30427241 579035 6838 1.0
13:33:33:778 119852944 30375554 579286 6849 1.0
13:33:33:978 119853649 30417806 578950 6849 1.0
13:33:34:378 119854049 30178090 585055 6842 1.0
13:33:34:578 119852665 30378188 579062 6838 1.0
13:33:34:778 119852850 30367165 579177 6837 1.0
13:33:34:978 119853456 30380837 579124 6831 1.0
13:33:35:378 119854078 30173059 584923 6844 1.0
13:33:35:578 119852884 30455973 578909 6833 1.0
13:33:35:778 119853473 30372782 579208 6836 1.0
13:33:35:978 119852791 30410756 579102 6846 1.0
13:33:36:378 119854141 30172734 584928 6844 1.0
13:33:36:578 119852715 30453231 579120 6835 1.0
13:33:36:778 119853876 30365508 579112 6825 1.0
13:33:36:978 119852868 30424728 578999 6835 1.0
13:33:37:378 119853249 30175796 585036 6845 1.0
13:33:37:578 119853533 30445073 578857 6821 1.0
13:33:37:778 119852780 30366524 579138 6844 1.0
13:33:37:978 119852905 30386682 579160 6848 1.0
13:33:38:378 119853363 30270282 582024 6833 1.0
13:33:38:578 119853440 30462997 579040 6839 1.0
13:33:38:778 119852767 30365715 579108 6839 1.0
13:33:39:178 119853336 30178029 585055 6843 1.0
13:33:39:378 119852877 30373394 579227 6854 1.0
13:33:39:578 119853538 30439054 579020 6837 1.0
13:33:39:778 119852738 30362961 579061 6830 1.0
13:33:40:178 119853154 30173359 584932 6853 1.0
13:33:40:378 119853422 30370798 579251 6830 1.0
13:33:40:578 119852626 30446412 578954 6841 1.0
13:33:40:778 119853417 30372969 579288 6837 1.0
13:33:41:178 119853433 30174347 584991 6843 1.0
13:33:41:378 119853430 30366728 579112 6828 1.0
13:33:41:578 119852891 30418054 579276 6849 1.0
13:33:41:778 119853486 30364610 579092 6835 1.0
13:33:42:178 119853985 30184028 585119 6842 1.0
13:33:42:378 119852931 30365322 579109 6837 1.0
13:33:42:578 119852796 30423076 579039 6856 1.0
13:33:42:778 119853461 30368622 579168 6836 1.0
13:33:43:178 119854087 30174813 584984 6846 1.0
13:33:43:378 119852820 30369285 579164 6831 1.0
13:33:43:578 119853564 30373764 579139 6840 1.0
13:33:43:778 119852788 30369530 579219 6829 1.0
13:33:44:178 119853438 30177178 585030 6860 1.0
13:33:44:378 119852890 30371927 579301 6827 1.0
13:33:44:578 119853469 30435498 578932 6841 1.0
13:33:44:778 119852750 30365860 579122 6842 1.0
13:33:45:178 119853312 30173809 584944 6837 1.0
13:33:45:378 119853572 30366176 579129 6837 1.0
13:33:45:578 119852727 30454859 578910 6834 1.0
13:33:45:778 119852735 30372408 579216 6833 1.0
13:33:46:178 119853400 30173963 584958 6840 1.0
13:33:46:378 119853570 30373170 579223 6845 1.0
13:33:46:578 119852832 30411746 579084 6831 1.0
13:33:46:778 119853650 30365488 579103 6825 1.0
13:33:47:178 119854092 30179686 585096 6843 1.0
13:33:47:378 119852468 30366903 579149 6829 1.0
13:33:47:578 119852889 30387731 579061 6847 1.0
13:33:47:778 119853697 30369220 579210 6851 1.0
13:33:48:178 119854068 30177244 585035 6835 1.0
13:33:48:378 119852790 30369027 579205 6822 1.0
13:33:48:578 119853725 30431208 579091 6824 1.0
13:33:48:778 119852662 30369552 579169 6822 1.0
13:33:49:178 119853899 30183201 585098 6846 1.0
13:33:49:378 119852848 30366093 579127 6840 1.0
13:33:49:578 119853622 30439277 579051 6844 1.0
13:33:49:778 119852663 30367879 579175 6844 1.0
13:33:50:178 119853164 30180489 585119 6845 1.0
13:33:50:378 119853791 30364908 579095 6844 1.0
13:33:50:578 119852775 30379472 579240 6828 1.0
13:33:50:778 119852620 30366083 579128 6828 1.0
13:33:51:178 119853058 30175317 584982 6842 1.0
13:33:51:378 119853773 30370926 579257 6838 1.0
13:33:51:578 119852754 30383875 579022 6846 1.0
13:33:51:778 119853389 30365672 579118 6827 1.0
13:33:52:178 119853395 30174117 584951 6836 1.0
13:33:52:378 119853492 30367154 579157 6835 1.0
13:33:52:578 119852808 30452060 578890 6834 1.0
13:33:52:778 119853468 30379695 579394 6832 1.0
13:33:53:178 119854033 30179950 585104 6847 1.0
13:33:53:378 119852804 30374220 579296 6839 1.0
13:33:53:578 119853614 30380968 579112 6834 1.0
13:33:53:778 119852809 30368576 579190 6849 1.0
13:33:54:178 119853889 30182835 585181 6855 1.0
13:33:54:378 119852683 30371948 579189 6827 1.0
13:33:54:578 119853599 30452375 578960 6825 1.0
13:33:54:778 119852694 30373164 579222 6840 1.0
13:33:55:178 119853279 30174752 584967 6850 1.0
13:33:55:378 119852790 30364436 579082 6849 1.0
13:33:55:578 119853427 30379968 579245 6850 1.0
13:33:55:778 119853022 30368239 579155 6828 1.0
13:33:56:178 119853343 30183094 585156 6847 1.0
13:33:56:378 119853598 30366143 579130 6835 1.0
13:33:56:578 119852765 30415772 578979 6841 1.0
13:33:56:778 119853661 30366554 579108 6837 1.0
13:33:57:178 119853244 30176262 585006 6839 1.0
13:33:57:378 119853566 30366211 579131 6835 1.0
13:33:57:578 119852585 30383938 579337 6847 1.0
13:33:57:778 119853440 30369012 579185 6823 1.0
13:33:58:178 119854063 30173396 584933 6853 1.0
13:33:58:378 119852873 30371699 579277 6849 1.0
13:33:58:578 119852595 30374770 579020 6840 1.0
13:33:58:778 119853570 30366424 579137 6835 1.0
13:33:59:178 119853806 30179584 585040 6849 1.0
13:33:59:378 119852689 30369079 579180 6840 1.0
13:33:59:578 119853555 30419785 579041 6824 1.0
13:33:59:778 119852939 30373348 579256 6841 1.0
13:34:00:178 119853243 30175546 584999 6850 1.0
13:34:00:378 119852723 30367194 579115 6843 1.0
13:34:00:578 119853496 30407568 579127 6838 1.0
13:34:00:778 119852907 30367645 579172 6837 1.0
13:34:01:178 119853191 30275078 582167 6829 1.0
13:34:01:378 119853513 30366980 579144 6842 1.0
13:34:01:578 119852750 30407866 579018 6829 1.0
13:34:01:978 119854276 30180741 585099 6851 1.0
13:34:02:178 119852848 30404049 579061 6845 1.0
13:34:02:378 119853311 30366386 579137 6850 1.0
13:34:02:578 119852842 30466856 578953 6855 1.0
13:34:02:978 119853254 30178389 585062 6847 1.0
13:34:03:178 119853676 30417729 579078 6835 1.0
13:34:03:378 119852869 30370077 579234 6838 1.0
13:34:03:578 119852787 30423782 578999 6835 1.0
13:34:03:978 119853551 30178620 585069 6837 1.0
13:34:04:178 119853655 30385104 579075 6847 1.0
13:34:04:378 119852844 30368017 579179 6837 1.0
13:34:04:578 119853417 30380193 579159 6823 1.0
13:34:04:978 119853192 30178163 585057 6846 1.0
13:34:05:178 119853526 30449268 579065 6837 1.0
13:34:05:378 119852872 30371048 579166 6841 1.0
13:34:05:578 119853442 30430069 579071 6829 1.0
13:34:05:978 119854065 30174861 584981 6832 1.0
13:34:06:178 119853027 30469704 579037 6838 1.0
13:34:06:378 119853527 30369638 579223 6834 1.0
13:34:06:578 119852878 30450174 578940 6839 1.0
13:34:06:978 119853957 30176778 585027 6843 1.0
13:34:07:178 119852822 30443624 578945 6828 1.0
13:34:07:378 119853372 30370328 579240 6850 1.0
13:34:07:578 119852648 30437459 579030 6832 1.0
13:34:07:978 119853398 30175948 584999 6862 1.0
13:34:08:178 119852735 30405516 579219 6867 1.0
13:34:08:378 119853295 30367928 579178 6826 1.0
13:34:08:578 119852696 30455139 578915 6842 1.0
13:34:08:978 119853219 30176040 585035 6852 1.0
13:34:09:178 119853645 30397226 579041 6838 1.0
13:34:09:378 119852704 30363305 579056 6836 1.0
13:34:09:578 119852667 30443594 579078 6844 1.0
13:34:09:978 119853487 30177868 585050 6842 1.0
13:34:10:178 119853377 30421156 578995 6842 1.0
13:34:10:378 119852686 30376935 579367 6836 1.0
13:34:10:578 119853563 30439447 578892 6844 1.0
13:34:10:978 119854110 30181470 585143 6848 1.0
13:34:11:178 119852854 30397286 578974 6842 1.0
13:34:11:378 119852952 30371548 579274 6848 1.0
13:34:11:578 119853491 30381807 579083 6837 1.0
13:34:11:978 119854085 30171449 584973 6851 1.0
13:34:12:178 119852677 30391393 579014 6831 1.0
13:34:12:378 119853494 30374050 579253 6835 1.0
13:34:12:578 119852511 30407708 579080 6831 1.0
13:34:12:978 119853905 30177178 585040 6835 1.0
13:34:13:178 119852741 30385958 579152 6839 1.0
13:34:13:378 119853621 30369272 579213 6856 1.0
13:34:13:578 119852592 30391135 578982 6843 1.0
13:34:13:978 119853354 30174821 584998 6840 1.0
13:34:14:178 119853742 30426136 578905 6846 1.0
13:34:14:378 119852829 30369382 579213 6838 1.0
13:34:14:578 119852725 30439978 579142 6835 1.0
13:34:14:978 119853274 30173920 584943 6854 1.0
13:34:15:178 119853425 30467830 579165 6835 1.0
13:34:15:378 119852779 30368546 579193 6832 1.0
13:34:15:578 119853465 30370611 579144 6831 1.0
13:34:15:978 119853224 30178335 585062 6850 1.0
13:34:16:178 119853463 30410425 579082 6841 1.0
13:34:16:378 119852718 30369738 579144 6842 1.0
13:34:16:578 119853641 30372679 579076 6849 1.0
13:34:16:978 119854062 30175430 584986 6849 1.0
13:34:17:178 119852651 30393790 579042 6848 1.0
13:34:17:378 119853504 30376716 579343 6857 1.0
13:34:17:578 119852645 30452762 579000 6846 1.0
13:34:17:978 119854027 30177626 585042 6859 1.0
13:34:18:178 119852984 30480130 579018 6841 1.0
13:34:18:378 119853537 30368036 579180 6829 1.0
13:34:18:578 119852818 30387410 579056 6837 1.0
13:34:18:978 119853290 30174487 585043 6857 1.0
13:34:19:178 119852841 30399064 579117 6842 1.0
13:34:19:378 119853531 30365499 579103 6842 1.0
13:34:19:578 119852855 30455215 579117 6838 1.0
13:34:19:978 119853229 30175347 585027 6846 1.0
13:34:20:178 119853537 30375659 579237 6844 1.0
13:34:20:378 119852854 30366560 579142 6834 1.0
13:34:20:578 119853556 30419475 579009 6840 1.0
13:34:20:978 119853326 30178160 585056 6850 1.0
13:34:21:178 119853568 30394893 579210 6832 1.0
13:34:21:378 119852945 30366379 579137 6845 1.0
13:34:21:578 119853703 30431282 579126 6841 1.0
13:34:21:978 119854193 30174027 584948 6850 1.0
13:34:22:178 119852844 30458465 578937 6839 1.0
13:34:22:378 119852896 30378033 579347 6846 1.0
13:34:22:578 119853486 30459290 578908 6835 1.0
13:34:22:978 119854035 30181579 585054 6852 1.0
13:34:23:178 119852725 30384118 579104 6837 1.0
13:34:23:378 119853785 30369471 579132 6841 1.0
13:34:23:578 119852855 30454991 578878 6840 1.0
13:34:23:978 119853217 30271944 582095 6834 1.0
13:34:24:178 119852931 30464315 578914 6826 1.0
13:34:24:378 119853740 30368550 579192 6840 1.0
13:34:24:778 119854046 30173437 584933 6835 1.0
13:34:24:978 119852864 30364654 579088 6846 1.0
13:34:25:178 119853408 30454026 578979 6830 1.0
13:34:25:378 119852782 30367267 579160 6832 1.0
13:34:25:778 119854039 30182008 585103 6845 1.0
13:34:25:978 119852841 30365965 579125 6837 1.0
13:34:26:178 119853488 30425340 579032 6822 1.0
13:34:26:378 119852844 30368744 579116 6832 1.0
13:34:26:778 119853204 30174196 585030 6832 1.0
13:34:26:978 119853625 30368463 579112 6854 1.0
13:34:27:178 119852788 30475499 579108 6830 1.0
13:34:27:378 119852383 30367981 579108 6836 1.0
13:34:27:778 119853242 30172511 584937 6835 1.0
13:34:27:978 119853494 30370668 579221 6840 1.0
13:34:28:178 119852672 30467132 578866 6826 1.0
13:34:28:378 119853498 30368466 579192 6837 1.0
13:34:28:778 119853209 30172477 584960 6850 1.0
13:34:28:978 119853575 30366592 579142 6828 1.0
13:34:29:178 119852785 30457155 578869 6825 1.0
13:34:29:378 119853521 30368986 579139 6835 1.0
13:34:29:778 119854161 30172846 584949 6838 1.0
13:34:29:978 119852716 30372981 579216 6831 1.0
13:34:30:178 119853510 30375076 579161 6829 1.0
13:34:30:378 119852618 30368152 579182 6845 1.0
13:34:30:778 119854024 30184486 585214 6846 1.0
13:34:30:978 119852778 30366088 579108 6835 1.0
13:34:31:178 119853629 30443059 578956 6831 1.0
13:34:31:378 119852855 30375180 579274 6849 1.0
13:34:31:778 119853365 30175242 584979 6844 1.0
13:34:31:978 119852610 30369826 579227 6833 1.0
13:34:32:178 119853424 30382323 579148 6844 1.0
13:34:32:378 119852644 30365446 579112 6834 1.0
13:34:32:778 119853343 30176854 585045 6857 1.0
13:34:32:978 119853776 30370195 579197 6843 1.0
13:34:33:178 119852591 30420694 579023 6842 1.0
13:34:33:378 119853502 30367501 579130 6839 1.0
13:34:33:778 119853385 30176888 585022 6852 1.0
13:34:33:978 119853445 30370368 579241 6823 1.0
13:34:34:178 119852775 30401989 578931 6828 1.0
13:34:34:378 119853654 30376849 579362 6860 1.0
13:34:34:778 119854017 30172873 584920 6865 1.0
13:34:34:978 119852543 30372193 579287 6817 1.0
13:34:35:178 119852770 30384316 579096 6839 1.0
13:34:35:378 119853398 30365348 579110 6830 1.0
13:34:35:778 119853879 30182431 585093 6836 1.0
13:34:35:978 119852975 30364639 579090 6838 1.0
13:34:36:178 119853497 30392019 579077 6841 1.0
13:34:36:378 119852825 30369774 579170 6851 1.0
13:34:36:778 119853216 30174174 585003 6843 1.0
13:34:36:978 119852792 30365419 579108 6830 1.0
13:34:37:178 119853258 30465542 578983 6834 1.0
13:34:37:378 119852653 30366729 579146 6839 1.0
13:34:37:778 119853215 30177179 585031 6847 1.0
13:34:37:978 119853512 30365768 579121 6832 1.0
13:34:38:178 119852867 30366638 579096 6843 1.0
13:34:38:378 119852605 30368968 579205 6837 1.0
13:34:38:778 119853208 30175417 584984 6843 1.0
13:34:38:978 119853442 30367170 579156 6837 1.0
13:34:39:178 119852887 30373587 579188 6859 1.0
13:34:39:378 119853841 30366783 579144 6831 1.0
13:34:39:778 119854091 30179074 585080 6851 1.0
13:34:39:978 119852553 30371769 579280 6833 1.0
13:34:40:178 119852688 30430378 578900 6840 1.0
13:34:40:378 119853548 30368299 579185 6848 1.0
13:34:40:778 119854054 30174121 584953 6844 1.0
13:34:40:978 119852790 30365841 579122 6851 1.0
13:34:41:178 119853600 30446126 578966 6839 1.0
13:34:41:378 119852725 30371812 579236 6841 1.0
13:34:41:778 119854174 30176515 585014 6840 1.0
13:34:41:978 119852482 30372726 579211 6837 1.0
13:34:42:178 119853310 30410630 579075 6836 1.0
13:34:42:378 119852897 30366137 579130 6843 1.0
13:34:42:778 119853434 30181235 585101 6838 1.0
13:34:42:978 119853599 30366360 579135 6835 1.0
13:34:43:178 119852888 30408561 579049 6851 1.0
13:34:43:378 119852727 30373885 579334 6826 1.0
13:34:43:778 119853249 30176400 585010 6850 1.0
13:34:43:978 119853608 30369219 579210 6822 1.0
13:34:44:178 119852780 30464656 579132 6848 1.0
13:34:44:378 119853772 30366711 579143 6818 1.0
13:34:44:778 119853184 30178443 585065 6828 1.0
13:34:44:978 119853329 30369405 579165 6833 1.0
13:34:45:178 119852714 30406787 579117 6834 1.0
13:34:45:378 119853857 30366124 579103 6848 1.0
13:34:45:778 119853965 30175721 585014 6847 1.0
13:34:45:978 119852777 30368540 579134 6835 1.0
13:34:46:178 119852678 30400734 579205 6838 1.0
13:34:46:378 119853381 30367766 579172 6828 1.0
13:34:46:778 119853998 30258553 582463 6827 1.0
13:34:46:978 119852756 30373076 579310 6832 1.0
13:34:47:178 119853650 30438855 578971 6834 1.0
13:34:47:578 119853964 30182173 585161 6846 1.0
13:34:47:778 119852667 30427100 578981 6829 1.0
13:34:47:978 119853006 30368921 579203 6830 1.0
13:34:48:178 119853406 30399576 579071 6856 1.0
13:34:48:578 119853987 30179174 585085 6845 1.0
13:34:48:778 119852839 30438672 578922 6844 1.0
13:34:48:978 119853505 30372484 579226 6837 1.0
13:34:49:178 119852706 30380434 579091 6832 1.0
13:34:49:578 119854027 30175345 585010 6823 1.0
13:34:49:778 119852814 30462486 578913 6835 1.0
13:34:49:978 119853426 30367180 579172 6843 1.0
13:34:50:178 119852788 30397847 579091 6841 1.0
13:34:50:578 119853335 30174161 584951 6837 1.0
13:34:50:778 119853702 30468859 578849 6822 1.0
13:34:50:978 119853013 30369922 579230 6846 1.0
13:34:51:178 119852708 30446915 579111 6840 1.0
13:34:51:578 119853400 30172995 584999 6844 1.0
13:34:51:778 119853488 30388089 579021 6832 1.0
13:34:51:978 119852867 30378854 579371 6841 1.0
13:34:52:178 119853921 30467465 578986 6847 1.0
13:34:52:578 119853227 30178386 585063 6852 1.0
13:34:52:778 119853572 30409528 579042 6826 1.0
13:34:52:978 119852866 30364744 579095 6828 1.0
13:34:53:178 119853243 30414876 578892 6843 1.0
13:34:53:578 119853955 30174738 584967 6848 1.0
13:34:53:778 119852814 30379053 579062 6849 1.0
13:34:53:978 119853499 30372963 579311 6830 1.0
13:34:54:178 119852782 30400318 579086 6837 1.0
13:34:54:578 119853767 30178728 585071 6859 1.0
13:34:54:778 119852815 30418249 579007 6844 1.0
13:34:54:978 119853904 30370128 579214 6846 1.0
13:34:55:178 119852749 30384027 579047 6840 1.0
13:34:55:578 119853292 30176996 585028 6837 1.0
13:34:55:778 119852790 30415038 579084 6817 1.0
13:34:55:978 119853575 30367638 579103 6834 1.0
13:34:56:178 119852770 30437206 579117 6839 1.0
13:34:56:578 119853068 30171938 584987 6844 1.0
13:34:56:778 119853568 30460795 579070 6821 1.0
13:34:56:978 119852733 30368193 579163 6841 1.0
13:34:57:178 119853522 30446054 578919 6827 1.0
13:34:57:578 119853348 30178333 585063 6846 1.0
13:34:57:778 119853615 30406536 578954 6839 1.0
13:34:57:978 119852681 30369915 579228 6837 1.0
13:34:58:178 119853363 30471985 578956 6834 1.0
13:34:58:578 119854268 30176927 585040 6849 1.0
13:34:58:778 119852835 30407854 579041 6833 1.0
13:34:58:978 119852808 30373338 579224 6822 1.0
13:34:59:178 119853538 30403133 579072 6841 1.0
13:34:59:578 119854072 30182973 585185 6844 1.0
13:34:59:778 119852828 30437723 578940 6839 1.0
13:34:59:978 119853538 30366768 579128 6826 1.0
13:35:00:178 119852716 30396271 579102 6858 1.0
13:35:00:578 119853287 30177303 585045 6848 1.0
13:35:00:778 119852608 30441048 578920 6841 1.0
13:35:00:978 119853498 30372660 579302 6842 1.0
13:35:01:178 119852594 30403077 579000 6837 1.0
13:35:01:578 119853425 30176641 585017 6872 1.0
13:35:01:778 119853325 30381194 579148 6838 1.0
13:35:01:978 119852961 30366395 579139 6850 1.0
13:35:02:178 119852895 30458146 578850 6844 1.0
13:35:02:578 119853511 30176839 585022 6853 1.0
13:35:02:778 119853416 30414288 579047 6838 1.0
13:35:02:978 119852945 30368344 579137 6844 1.0
13:35:03:178 119853648 30437891 579092 6853 1.0
13:35:03:578 119854113 30176326 585040 6842 1.0
13:35:03:778 119852747 30465510 579117 6845 1.0
13:35:03:978 119852859 30366157 579110 6838 1.0
13:35:04:178 119853522 30441776 578975 6848 1.0
13:35:04:578 119853923 30183656 585151 6840 1.0
13:35:04:778 119852851 30422662 579012 6846 1.0
13:35:04:978 119853603 30367931 579179 6829 1.0
13:35:05:178 119852787 30472297 578889 6832 1.0
13:35:05:578 119853972 30175582 585007 6846 1.0
13:35:05:778 119852634 30416488 579090 6816 1.0
13:35:05:978 119853508 30370469 579151 6836 1.0
13:35:06:178 119852779 30398104 579099 6835 1.0
13:35:06:578 119853216 30176637 585016 6850 1.0
13:35:06:778 119853685 30373338 579085 6837 1.0
13:35:06:978 119852727 30364778 579111 6835 1.0
13:35:07:178 119852798 30436480 578954 6854 1.0
13:35:07:578 119853421 30175312 585000 6840 1.0
13:35:07:778 119853683 30405982 579000 6836 1.0
13:35:07:978 119852765 30374600 579267 6850 1.0
13:35:08:178 119853537 30403077 579052 6839 1.0
13:35:08:578 119853292 30177849 585050 6844 1.0
13:35:08:778 119853598 30397068 579201 6839 1.0
13:35:08:978 119852702 30367015 579153 6834 1.0
13:35:09:178 119853515 30417576 578987 6854 1.0
13:35:09:578 119853935 30242547 582920 6826 1.0
13:35:09:778 119852722 30383309 579087 6834 1.0
13:35:09:979 119853483 30366858 579139 6831 1.0
13:35:10:179 119852726 30391989 579139 6860 1.0
13:35:10:579 119854064 30353720 579458 6816 1.0
13:35:10:779 119852660 30375057 579138 6832 1.0
13:35:10:979 119853572 30370915 579232 6835 1.0
13:35:11:379 119854008 30174660 584965 6854 1.0
13:35:11:579 119852711 30373921 579248 6835 1.0
13:35:11:779 119852768 30415711 578975 6834 1.0
13:35:11:979 119853681 30368384 579188 6845 1.0
13:35:12:379 119853734 30181550 585087 6844 1.0
13:35:12:579 119852773 30366333 579137 6834 1.0
13:35:12:779 119853424 30415663 579036 6840 1.0
13:35:12:979 119852689 30372880 579228 6841 1.0
13:35:13:379 119853140 30177660 585044 6848 1.0
13:35:13:579 119852841 30367637 579169 6834 1.0
13:35:13:779 119853411 30448581 579002 6842 1.0
13:35:13:979 119852909 30368467 579189 6833 1.0
13:35:14:379 119853134 30179383 585090 6852 1.0
13:35:14:579 119853777 30364898 579096 6833 1.0
13:35:14:779 119852911 30376868 579127 6852 1.0
13:35:14:979 119852643 30369581 579196 6821 1.0
13:35:15:379 119853294 30172645 584913 6857 1.0
13:35:15:579 119853462 30366067 579126 6828 1.0
13:35:15:779 119852862 30463809 579079 6835 1.0
13:35:15:979 119853369 30369290 579212 6827 1.0
13:35:16:379 119854167 30174213 584981 6841 1.0
13:35:16:579 119852661 30370932 579230 6840 1.0
13:35:16:779 119852516 30401078 579031 6836 1.0
13:35:16:979 119853484 30368476 579190 6833 1.0
13:35:17:379 119853847 30176868 585022 6839 1.0
13:35:17:579 119852898 30363454 579059 6829 1.0
13:35:17:779 119853620 30443945 579088 6839 1.0
13:35:17:979 119852951 30370878 579160 6857 1.0
13:35:18:379 119853985 30174962 584974 6845 1.0
13:35:18:579 119852852 30368646 579194 6841 1.0
13:35:18:779 119853404 30367383 579106 6841 1.0
13:35:18:979 119852732 30369492 579177 6844 1.0
13:35:19:379 119853235 30179245 585045 6851 1.0
13:35:19:579 119853486 30366987 579151 6847 1.0
13:35:19:779 119852724 30392950 579069 6854 1.0
13:35:19:979 119852664 30376129 579367 6832 1.0
13:35:20:379 119853216 30176769 585022 6850 1.0
13:35:20:579 119853659 30366625 579141 6837 1.0
13:35:20:779 119852924 30449635 579171 6837 1.0
13:35:20:979 119853489 30367584 579167 6827 1.0
13:35:21:379 119853327 30180230 585111 6851 1.0
13:35:21:579 119853674 30371530 579181 6848 1.0
13:35:21:779 119852765 30435457 579028 6824 1.0
13:35:21:979 119853502 30366677 579144 6828 1.0
13:35:22:379 119854267 30174395 584964 6845 1.0
13:35:22:579 119852809 30368470 579184 6841 1.0
13:35:22:779 119852827 30472308 578955 6832 1.0
13:35:22:979 119853365 30366124 579130 6835 1.0
13:35:23:379 119854100 30175796 585025 6838 1.0
13:35:23:579 119852875 30368436 579158 6839 1.0
13:35:23:779 119853622 30462620 578835 6831 1.0
13:35:23:979 119852857 30366879 579149 6851 1.0
13:35:24:379 119853214 30176247 585045 6847 1.0
13:35:24:579 119852768 30368594 579118 6845 1.0
13:35:24:779 119853436 30453962 578993 6833 1.0
13:35:24:979 119852941 30374197 579248 6836 1.0
13:35:25:379 119853098 30175023 584976 6846 1.0
13:35:25:579 119853498 30372144 579194 6840 1.0
13:35:25:779 119852822 30389325 579102 6834 1.0
13:35:25:979 119852709 30368040 579183 6839 1.0
13:35:26:379 119853288 30178789 585073 6836 1.0
13:35:26:579 119853504 30366812 579147 6837 1.0
13:35:26:779 119852722 30392116 579045 6838 1.0
13:35:26:979 119853655 30368334 579187 6834 1.0
13:35:27:379 119854200 30177044 585028 6846 1.0
13:35:27:579 119852781 30364911 579143 6839 1.0
13:35:27:779 119852843 30393518 579239 6841 1.0
13:35:27:979 119853533 30366280 579103 6834 1.0
13:35:28:379 119854062 30176236 585005 6852 1.0
13:35:28:579 119852825 30372854 579212 6849 1.0
13:35:28:779 119853529 30413460 579099 6844 1.0
13:35:28:979 119852868 30367798 579108 6828 1.0
13:35:29:379 119854094 30174412 585018 6849 1.0
13:35:29:579 119852795 30365114 579101 6838 1.0
13:35:29:779 119853442 30463022 578891 6849 1.0
13:35:29:979 119852801 30370189 579236 6831 1.0
13:35:30:379 119853381 30176833 585022 6853 1.0
13:35:30:579 119853612 30368402 579187 6834 1.0
13:35:30:779 119852578 30378663 579082 6846 1.0
13:35:30:979 119853149 30366642 579140 6844 1.0
13:35:31:379 119853318 30180558 585113 6848 1.0
13:35:31:579 119853568 30366942 579103 6835 1.0
13:35:31:779 119852739 30402253 579038 6830 1.0
13:35:31:979 119853545 30374936 579270 6852 1.0
13:35:32:379 119853171 30224237 583409 6845 1.0
13:35:32:579 119853400 30364404 579084 6844 1.0
13:35:32:779 119852865 30472962 578945 6824 1.0
13:35:32:979 119853569 30366230 579113 6844 1.0
13:35:33:379 119854210 30346935 580106 6821 1.0
13:35:33:579 119852621 30367774 579129 6829 1.0
13:35:33:779 119853399 30449976 578906 6820 1.0
13:35:34:179 119853418 30181455 585143 6841 1.0
13:35:34:379 119853365 30394760 579057 6827 1.0
13:35:34:579 119852803 30366243 579133 6854 1.0
13:35:34:779 119853520 30377893 579250 6834 1.0
13:35:35:179 119853973 30174623 585020 6863 1.0
13:35:35:379 119852892 30401398 579060 6827 1.0
13:35:35:579 119852931 30368815 579165 6840 1.0
13:35:35:779 119853498 30387953 579112 6834 1.0
13:35:36:179 119854101 30187734 585246 6835 1.0
13:35:36:379 119852629 30375683 579117 6843 1.0
13:35:36:579 119853648 30365728 579104 6841 1.0
13:35:36:779 119852619 30461842 578883 6839 1.0
13:35:37:179 119853098 30172425 584907 6846 1.0
13:35:37:379 119852994 30377567 579059 6837 1.0
13:35:37:579 119853595 30373948 579335 6837 1.0
13:35:37:779 119852820 30419850 579067 6836 1.0
13:35:38:179 119853479 30176035 585001 6859 1.0
13:35:38:379 119853426 30389195 579180 6842 1.0
13:35:38:579 119852869 30367858 579133 6821 1.0
13:35:38:779 119852827 30412671 579092 6824 1.0
13:35:39:179 119853212 30175662 584997 6856 1.0
13:35:39:379 119853456 30395764 579100 6822 1.0
13:35:39:579 119852984 30367456 579120 6845 1.0
13:35:39:779 119853694 30389156 579112 6840 1.0
13:35:40:179 119854036 30177960 585051 6853 1.0
13:35:40:379 119852830 30474723 579030 6845 1.0
13:35:40:579 119852902 30367797 579172 6846 1.0
13:35:40:779 119853416 30416657 579031 6836 1.0
13:35:41:179 119854077 30183111 585108 6853 1.0
13:35:41:379 119852869 30467426 578988 6834 1.0
13:35:41:579 119853647 30366890 579151 6820 1.0
13:35:41:779 119852900 30380105 579186 6834 1.0
13:35:42:179 119854032 30177308 585034 6838 1.0
13:35:42:379 119852780 30451185 578976 6837 1.0
13:35:42:579 119853408 30372921 579310 6845 1.0
13:35:42:779 119852863 30458408 578997 6840 1.0
13:35:43:179 119853372 30183483 585198 6846 1.0
13:35:43:379 119853462 30442133 578963 6834 1.0
13:35:43:579 119852683 30367759 579174 6821 1.0
13:35:43:779 119852844 30400667 579165 6844 1.0
13:35:44:179 119853271 30172566 584970 6848 1.0
13:35:44:379 119853701 30392419 579028 6835 1.0
13:35:44:579 119852624 30363905 579071 6828 1.0
13:35:44:779 119853545 30415252 579299 6827 1.0
13:35:45:179 119853306 30174268 584989 6836 1.0
13:35:45:379 119853659 30475209 578971 6834 1.0
13:35:45:579 119852960 30364735 579092 6840 1.0
13:35:45:779 119853593 30407286 579066 6832 1.0
13:35:46:179 119853979 30179739 585100 6843 1.0
13:35:46:379 119852783 30438060 579003 6832 1.0
13:35:46:579 119853546 30367713 579174 6853 1.0
13:35:46:779 119852701 30427411 579051 6850 1.0
13:35:47:179 119854039 30178315 585040 6847 1.0
13:35:47:379 119852705 30454898 579077 6834 1.0
13:35:47:579 119853660 30374099 579246 6847 1.0
13:35:47:779 119852683 30453172 578907 6832 1.0
13:35:48:179 119853214 30179390 585091 6838 1.0
13:35:48:379 119852882 30398730 579045 6830 1.0
13:35:48:579 119853257 30368279 579188 6844 1.0
13:35:48:779 119852623 30461510 578859 6848 1.0
13:35:49:179 119853366 30172880 584965 6848 1.0
13:35:49:379 119853612 30388613 579112 6849 1.0
13:35:49:579 119852818 30368998 579181 6838 1.0
13:35:49:779 119853658 30389384 579044 6846 1.0
13:35:50:179 119853222 30175076 585026 6840 1.0
13:35:50:379 119853571 30411242 579158 6839 1.0
13:35:50:579 119852944 30367487 579164 6837 1.0
13:35:50:779 119853673 30461866 578905 6836 1.0
13:35:51:179 119853951 30180273 585091 6839 1.0
13:35:51:379 119852674 30444457 578984 6835 1.0
13:35:51:579 119852519 30367137 579155 6830 1.0
13:35:51:779 119853374 30425876 579147 6840 1.0
13:35:52:179 119853854 30171843 584985 6842 1.0
13:35:52:379 119852559 30471468 579036 6843 1.0
13:35:52:579 119853616 30366894 579150 6828 1.0
13:35:52:779 119852709 30436587 578920 6838 1.0
13:35:53:179 119853357 30181627 585141 6855 1.0
13:35:53:379 119853033 30412099 579023 6839 1.0
13:35:53:579 119853413 30370405 579244 6833 1.0
13:35:53:779 119852842 30412709 579233 6849 1.0
13:35:54:179 119853297 30174940 585010 6850 1.0
13:35:54:379 119853568 30447247 579025 6830 1.0
13:35:54:579 119852704 30373098 579221 6839 1.0
13:35:54:779 119852912 30434013 579091 6834 1.0
13:35:55:179 119853342 30212729 583948 6835 1.0
13:35:55:379 119853582 30383327 579111 6842 1.0
13:35:55:579 119852931 30367996 579109 6840 1.0
13:35:55:779 119853459 30373822 579112 6837 1.0
13:35:56:179 119853251 30322457 580457 6826 1.0
13:35:56:379 119853523 30412563 579042 6836 1.0
13:35:56:579 119852948 30370125 579234 6836 1.0
13:35:56:979 119853290 30174281 584956 6843 1.0
13:35:57:179 119853792 30370570 579246 6842 1.0
13:35:57:379 119852778 30416475 579222 6831 1.0
13:35:57:579 119853440 30367138 579139 6827 1.0
13:35:57:979 119853478 30181506 585112 6845 1.0
13:35:58:179 119853477 30364658 579103 6830 1.0
13:35:58:379 119852669 30386928 579069 6823 1.0
13:35:58:579 119853571 30365198 579104 6843 1.0
13:35:58:979 119853985 30175502 585003 6841 1.0
13:35:59:179 119852887 30369939 579145 6842 1.0
13:35:59:379 119852665 30401998 579191 6835 1.0
13:35:59:579 119853512 30368001 579177 6834 1.0
13:35:59:979 119853928 30173867 584997 6845 1.0
13:36:00:179 119852816 30370960 579202 6836 1.0
13:36:00:379 119853655 30391365 579029 6833 1.0
13:36:00:579 119852923 30364777 579099 6846 1.0
13:36:00:979 119853244 30174255 584966 6840 1.0
13:36:01:179 119852968 30365227 579108 6833 1.0
13:36:01:379 119853427 30374197 579165 6840 1.0
13:36:01:579 119852800 30376891 579322 6834 1.0
13:36:01:979 119853390 30173117 584924 6847 1.0
13:36:02:179 119853634 30369827 579229 6833 1.0
13:36:02:379 119852882 30413689 579124 6843 1.0
13:36:02:579 119852774 30366125 579129 6846 1.0
13:36:02:979 119853193 30180206 585111 6850 1.0
13:36:03:179 119853800 30373609 579269 6837 1.0
13:36:03:379 119852800 30445361 578906 6823 1.0
13:36:03:579 119853526 30368115 579182 6829 1.0
13:36:03:979 119853855 30172898 584920 6846 1.0
13:36:04:179 119853001 30367283 579160 6828 1.0
13:36:04:379 119852803 30445076 579028 6830 1.0
13:36:04:579 119853652 30367148 579129 6842 1.0
13:36:04:979 119854119 30177606 585042 6845 1.0
13:36:05:179 119852714 30372874 579226 6850 1.0
13:36:05:379 119853354 30431198 579007 6813 1.0
13:36:05:579 119852828 30368449 579119 6837 1.0
13:36:05:979 119854197 30171690 584942 6843 1.0
13:36:06:179 119852754 30364380 579085 6839 1.0
13:36:06:379 119853581 30417081 579010 6849 1.0
13:36:06:579 119852868 30373965 579335 6842 1.0
13:36:06:979 119853325 30177533 585041 6858 1.0
13:36:07:179 119853459 30377560 579339 6851 1.0
13:36:07:379 119852624 30369376 579110 6828 1.0
13:36:07:579 119852886 30368969 579203 6836 1.0
13:36:07:979 119853126 30179493 585092 6839 1.0
13:36:08:179 119853379 30368888 579109 6835 1.0
13:36:08:379 119852865 30435591 579076 6838 1.0
13:36:08:579 119853696 30372421 579205 6847 1.0
13:36:08:979 119853335 30175703 585032 6839 1.0
13:36:09:179 119853623 30365162 579105 6833 1.0
13:36:09:379 119852841 30408151 579130 6848 1.0
13:36:09:579 119853509 30367880 579105 6841 1.0
13:36:09:979 119853949 30181980 585157 6839 1.0
13:36:10:179 119852867 30366234 579131 6841 1.0
13:36:10:379 119853589 30402826 579025 6828 1.0
13:36:10:579 119852800 30368471 579190 6833 1.0
13:36:10:979 119854097 30176022 585000 6846 1.0
13:36:11:179 119852872 30367175 579157 6841 1.0
13:36:11:379 119853689 30378945 579214 6847 1.0
13:36:11:579 119852724 30366228 579108 6837 1.0
13:36:11:979 119853230 30174142 584969 6839 1.0
13:36:12:179 119852912 30368465 579184 6841 1.0
13:36:12:379 119853533 30368896 579112 6839 1.0
13:36:12:579 119852935 30364713 579108 6834 1.0
13:36:12:979 119853318 30175632 585003 6830 1.0
13:36:13:179 119853531 30369553 579208 6821 1.0
13:36:13:379 119852854 30380392 579089 6833 1.0
13:36:13:579 119853749 30373716 579285 6850 1.0
13:36:13:979 119853417 30176210 585005 6842 1.0
13:36:14:179 119853537 30372359 579260 6838 1.0
13:36:14:379 119852782 30408428 578977 6844 1.0
13:36:14:579 119853447 30366344 579134 6852 1.0
13:36:14:979 119854171 30183529 585106 6862 1.0
13:36:15:179 119852862 30369931 579228 6826 1.0
13:36:15:379 119852879 30456807 578941 6843 1.0
13:36:15:579 119853523 30371638 579200 6837 1.0
13:36:15:979 119853972 30175731 585019 6843 1.0
13:36:16:179 119852820 30366241 579109 6832 1.0
13:36:16:379 119853561 30388727 579127 6825 1.0
13:36:16:579 119852694 30364145 579093 6827 1.0
13:36:16:979 119853485 30181274 585139 6840 1.0
13:36:17:179 119852863 30366964 579150 6839 1.0
13:36:17:379 119853340 30404070 578941 6827 1.0
13:36:17:579 119852933 30369105 579207 6842 1.0
13:36:17:979 119853313 30194520 584434 6859 1.0
13:36:18:179 119853490 30371868 579191 6834 1.0
13:36:18:379 119852765 30409865 579169 6858 1.0
13:36:18:579 119852858 30366754 579147 6836 1.0
13:36:18:979 119853279 30305874 580909 6830 1.0
13:36:19:179 119853644 30375453 579300 6842 1.0
13:36:19:379 119852752 30446455 578962 6836 1.0
13:36:19:779 119853229 30178158 585058 6843 1.0
13:36:19:979 119853505 30390085 579202 6827 1.0
13:36:20:179 119852711 30370037 579229 6847 1.0
13:36:20:379 119852824 30425176 578984 6840 1.0
13:36:20:779 119853189 30173904 584945 6834 1.0
13:36:20:979 119853613 30462554 578880 6849 1.0
13:36:21:179 119852880 30366393 579136 6832 1.0
13:36:21:379 119853522 30406086 579190 6848 1.0
13:36:21:779 119853386 30177250 585045 6848 1.0
13:36:21:979 119853416 30389921 579127 6847 1.0
13:36:22:179 119852653 30367247 579158 6820 1.0
13:36:22:379 119853560 30402692 579047 6855 1.0
13:36:22:779 119853981 30182391 585087 6843 1.0
13:36:22:979 119852888 30385773 579070 6848 1.0
13:36:23:179 119853724 30366291 579125 6840 1.0
13:36:23:379 119852777 30388810 579317 6837 1.0
13:36:23:779 119854163 30174912 584971 6840 1.0
13:36:23:979 119852776 30384178 579019 6841 1.0
13:36:24:179 119853617 30369362 579235 6830 1.0
13:36:24:379 119852742 30470067 578873 6837 1.0
13:36:24:779 119853162 30177313 585036 6842 1.0
13:36:24:979 119852785 30382108 579028 6854 1.0
13:36:25:179 119853589 30369524 579205 6839 1.0
13:36:25:379 119852753 30370765 579117 6838 1.0
13:36:25:779 119853277 30177467 585039 6850 1.0
13:36:25:979 119853464 30425960 578985 6835 1.0
13:36:26:179 119852657 30370645 579211 6852 1.0
13:36:26:379 119853634 30380983 579088 6841 1.0
13:36:26:779 119853486 30173094 584930 6841 1.0
13:36:26:979 119853508 30475934 579112 6845 1.0
13:36:27:179 119852899 30366316 579130 6841 1.0
13:36:27:379 119853383 30445922 579054 6838 1.0
13:36:27:779 119854139 30175612 584990 6845 1.0
13:36:27:979 119852588 30453435 578910 6826 1.0
13:36:28:179 119852879 30366511 579138 6842 1.0
13:36:28:379 119853655 30416496 579190 6848 1.0
13:36:28:779 119853957 30172307 584961 6824 1.0
13:36:28:979 119852695 30452882 578973 6835 1.0
13:36:29:179 119853695 30367263 579159 6841 1.0
13:36:29:379 119852760 30392112 579025 6828 1.0
13:36:29:779 119854003 30180890 585131 6843 1.0
13:36:29:979 119852868 30401642 579031 6839 1.0
13:36:30:179 119853411 30367334 579161 6829 1.0
13:36:30:379 119852846 30468825 579023 6830 1.0
13:36:30:779 119853271 30173543 584969 6841 1.0
13:36:30:979 119853635 30387543 579112 6838 1.0
13:36:31:179 119852911 30374056 579244 6834 1.0
13:36:31:379 119852687 30423931 578991 6837 1.0
13:36:31:779 119853233 30183127 585098 6845 1.0
13:36:31:979 119853468 30416904 579062 6834 1.0
13:36:32:179 119852783 30371127 579227 6837 1.0
13:36:32:379 119853559 30398186 578993 6834 1.0
13:36:32:779 119853463 30176178 585006 6846 1.0
13:36:32:979 119853467 30420677 579069 6853 1.0
13:36:33:179 119852909 30369744 579224 6838 1.0
13:36:33:379 119853351 30404711 579034 6838 1.0
13:36:33:779 119854166 30175084 584975 6853 1.0
13:36:33:979 119852658 30448301 578961 6832 1.0
13:36:34:179 119853750 30366653 579143 6839 1.0
13:36:34:379 119852557 30468634 578896 6837 1.0
13:36:34:779 119854092 30173873 585010 6843 1.0
13:36:34:979 119852848 30402008 578961 6839 1.0
13:36:35:179 119853682 30369841 579227 6842 1.0
13:36:35:379 119852740 30423351 579150 6842 1.0
13:36:35:779 119853313 30177351 585035 6850 1.0
13:36:35:979 119853008 30396916 579207 6844 1.0
13:36:36:179 119853648 30368393 579190 6842 1.0
13:36:36:379 119852751 30413427 578974 6836 1.0
13:36:36:779 119853152 30177222 585033 6834 1.0
13:36:36:979 119853409 30376454 579123 6839 1.0
13:36:37:179 119852704 30366283 579132 6839 1.0
13:36:37:379 119853583 30373831 579176 6829 1.0
13:36:37:779 119853157 30174992 585042 6830 1.0
13:36:37:979 119853436 30410953 578993 6839 1.0
13:36:38:179 119852872 30372459 579227 6848 1.0
13:36:38:379 119853446 30390642 579107 6837 1.0
13:36:38:779 119854100 30179468 585093 6830 1.0
13:36:38:979 119852956 30379315 579314 6853 1.0
13:36:39:179 119852615 30368069 579177 6833 1.0
13:36:39:379 119853317 30400233 579063 6840 1.0
13:36:39:779 119853891 30171858 584890 6841 1.0
13:36:39:979 119852818 30368330 579110 6833 1.0
13:36:40:179 119853600 30364083 579103 6848 1.0
13:36:40:379 119852891 30398281 579223 6841 1.0
13:36:40:779 119853326 30179068 584865 6847 1.0
13:36:40:979 119852855 30472012 578985 6840 1.0
13:36:41:179 119853531 30366271 579133 6851 1.0
13:36:41:379 119852784 30393400 579067 6849 1.0
13:36:41:779 119853293 30296141 581454 6841 1.0
13:36:41:979 119853498 30431169 579009 6835 1.0
13:36:42:179 119852671 30366323 579133 6841 1.0
13:36:42:579 119854116 30175560 585016 6851 1.0
13:36:42:779 119852691 30369215 579132 6844 1.0
13:36:42:979 119853421 30383085 579120 6837 1.0
13:36:43:179 119852784 30371047 579260 6831 1.0
13:36:43:579 119853377 30174785 584968 6854 1.0
13:36:43:779 119853501 30376028 579345 6848 1.0
13:36:43:979 119852868 30427895 579049 6842 1.0
13:36:44:179 119852810 30369378 579176 6835 1.0
13:36:44:579 119853276 30179330 585087 6849 1.0
13:36:44:779 119853504 30369265 579133 6838 1.0
13:36:44:979 119852653 30408070 579059 6835 1.0
13:36:45:179 119853572 30371333 579174 6830 1.0
13:36:45:579 119853335 30172760 584949 6845 1.0
13:36:45:779 119853554 30368289 579189 6854 1.0
13:36:45:979 119852915 30382827 579127 6875 1.0
13:36:46:179 119853566 30366347 579124 6845 1.0
13:36:46:579 119854052 30182740 585178 6846 1.0
13:36:46:779 119852750 30366227 579132 6837 1.0
13:36:46:979 119853780 30419649 579046 6829 1.0
13:36:47:179 119852783 30369024 579206 6839 1.0
13:36:47:579 119853927 30174482 584960 6837 1.0
13:36:47:779 119852699 30367431 579165 6829 1.0
13:36:47:979 119853668 30392059 579288 6834 1.0
13:36:48:179 119852854 30365429 579110 6834 1.0
13:36:48:579 119853208 30175345 584986 6838 1.0
13:36:48:779 119852962 30373094 579220 6837 1.0
13:36:48:979 119853598 30411336 579059 6842 1.0
13:36:49:179 119852644 30368274 579157 6830 1.0
13:36:49:579 119853127 30174193 584953 6856 1.0
13:36:49:779 119853625 30366507 579138 6830 1.0
13:36:49:979 119852617 30377279 579115 6834 1.0
13:36:50:179 119853710 30370174 579235 6835 1.0
13:36:50:579 119853290 30173295 584929 6839 1.0
13:36:50:779 119853653 30374198 579342 6822 1.0
13:36:50:979 119852850 30392433 579008 6841 1.0
13:36:51:179 119853563 30367376 579163 6833 1.0
13:36:51:579 119853910 30185111 585149 6836 1.0
13:36:51:779 119853021 30367632 579167 6846 1.0
13:36:51:979 119852774 30440361 578978 6826 1.0
13:36:52:179 119853704 30373443 579227 6837 1.0
13:36:52:579 119854068 30179429 585077 6839 1.0
13:36:52:779 119852979 30367527 579167 6837 1.0
13:36:52:979 119853661 30405149 579159 6841 1.0
13:36:53:179 119852798 30369993 579224 6848 1.0
13:36:53:579 119853274 30177063 585029 6840 1.0
13:36:53:779 119852826 30367275 579159 6844 1.0
13:36:53:979 119853457 30397401 579081 6828 1.0
13:36:54:179 119852659 30367817 579174 6849 1.0
13:36:54:579 119853364 30175533 584988 6852 1.0
13:36:54:779 119853648 30368678 579193 6839 1.0
13:36:54:979 119852589 30375161 579088 6837 1.0
13:36:55:179 119852785 30374325 579252 6832 1.0
13:36:55:579 119853287 30174586 585030 6848 1.0
13:36:55:779 119853586 30375091 579273 6844 1.0
13:36:55:979 119852828 30423997 578962 6844 1.0
13:36:56:179 119853798 30366984 579104 6824 1.0
13:36:56:579 119853851 30186174 585211 6844 1.0
13:36:56:779 119852639 30365971 579108 6822 1.0
13:36:56:979 119852712 30458311 579000 6838 1.0
13:36:57:179 119853550 30372668 579220 6847 1.0
13:36:57:579 119853967 30176556 585014 6839 1.0
13:36:57:779 119852751 30364186 579078 6837 1.0
13:36:57:979 119853844 30385768 579131 6844 1.0
13:36:58:179 119852772 30368019 579179 6831 1.0
13:36:58:579 119853936 30180705 585040 6846 1.0
13:36:58:779 119852868 30365890 579121 6825 1.0
13:36:58:979 119853515 30409551 579099 6837 1.0
13:36:59:179 119853002 30370584 579196 6850 1.0
13:36:59:579 119853393 30173521 585003 6840 1.0
13:36:59:779 119853593 30365611 579103 6839 1.0
13:36:59:979 119852938 30445834 579050 6838 1.0
13:37:00:179 119852912 30365821 579122 6849 1.0
13:37:00:579 119853238 30176105 585004 6850 1.0
13:37:00:779 119853509 30381872 579451 6832 1.0
13:37:00:979 119852993 30370491 579053 6843 1.0
13:37:01:179 119853606 30371679 579227 6863 1.0
13:37:01:579 119853380 30173095 584931 6849 1.0
13:37:01:779 119853689 30365805 579128 6843 1.0
13:37:01:979 119852826 30458731 578949 6833 1.0
13:37:02:179 119853493 30369691 579153 6833 1.0
13:37:02:579 119853815 30176109 585019 6843 1.0
13:37:02:779 119852902 30372516 579284 6840 1.0
13:37:02:979 119853360 30404394 578945 6840 1.0
13:37:03:179 119853494 30365957 579128 6830 1.0
13:37:03:579 119853958 30186908 585169 6860 1.0
13:37:03:779 119852903 30369464 579207 6836 1.0
13:37:03:979 119853360 30383345 579118 6842 1.0
13:37:04:179 119852752 30372319 579266 6854 1.0
13:37:04:579 119853075 30274219 581831 6838 1.0
13:37:04:779 119852821 30366197 579132 6835 1.0
13:37:04:979 119853380 30420999 579204 6844 1.0
13:37:05:379 119853987 30176268 585008 6846 1.0
13:37:05:579 119852710 30462167 578909 6837 1.0
13:37:05:779 119853560 30369783 579182 6830 1.0
13:37:05:979 119852656 30417946 579049 6831 1.0
13:37:06:379 119854246 30178552 585062 6842 1.0
13:37:06:579 119852743 30371129 579095 6836 1.0
13:37:06:779 119853587 30366674 579126 6860 1.0
13:37:06:979 119852651 30459548 579092 6833 1.0
13:37:07:379 119853114 30174839 584970 6842 1.0
13:37:07:579 119853680 30389973 579092 6833 1.0
13:37:07:779 119852652 30376410 579309 6847 1.0
13:37:07:979 119852793 30459507 579022 6846 1.0
13:37:08:379 119853328 30183706 585177 6848 1.0
13:37:08:579 119853579 30450957 578980 6841 1.0
13:37:08:779 119852925 30366841 579110 6846 1.0
13:37:08:979 119853482 30470951 578853 6842 1.0
13:37:09:379 119853301 30174160 584974 6852 1.0
13:37:09:579 119853493 30431995 578924 6835 1.0
13:37:09:779 119852749 30373344 579300 6838 1.0
13:37:09:979 119853289 30399158 579005 6840 1.0
13:37:10:379 119853907 30175120 584979 6849 1.0
13:37:10:579 119852832 30467372 578980 6855 1.0
13:37:10:779 119853500 30369027 579181 6828 1.0
13:37:10:979 119852894 30409301 579059 6839 1.0
13:37:11:379 119853858 30178159 585058 6834 1.0
13:37:11:579 119852451 30436779 579039 6826 1.0
13:37:11:779 119853387 30365919 579123 6823 1.0
13:37:11:979 119852885 30407144 579094 6847 1.0
13:37:12:379 119853292 30174777 584968 6855 1.0
13:37:12:579 119852702 30441963 578939 6828 1.0
13:37:12:779 119853541 30370623 579180 6836 1.0
13:37:12:979 119852811 30380508 579105 6829 1.0
13:37:13:379 119853337 30181363 585141 6843 1.0
13:37:13:579 119853572 30420973 579045 6838 1.0
13:37:13:779 119852897 30366887 579149 6843 1.0
13:37:13:979 119853517 30396799 579071 6843 1.0
13:37:14:379 119853154 30173117 584960 6842 1.0
13:37:14:579 119853316 30390400 579147 6850 1.0
13:37:14:779 119852970 30370463 579158 6834 1.0
13:37:14:979 119853426 30387991 579082 6836 1.0
13:37:15:379 119854064 30178070 585047 6855 1.0
13:37:15:579 119852830 30422230 579109 6842 1.0
13:37:15:779 119852756 30365568 579115 6839 1.0
13:37:15:979 119853700 30378800 579130 6831 1.0
13:37:16:379 119854204 30172657 584918 6850 1.0
13:37:16:579 119852738 30407300 579020 6827 1.0
13:37:16:779 119853641 30365469 579111 6845 1.0
13:37:16:979 119852826 30402232 579179 6849 1.0
13:37:17:379 119853196 30173919 584946 6851 1.0
13:37:17:579 119852998 30384365 579208 6844 1.0
13:37:17:779 119853453 30365884 579111 6825 1.0
13:37:17:979 119852589 30397666 579104 6837 1.0
13:37:18:379 119853368 30180016 585084 6835 1.0
13:37:18:579 119853481 30412129 579053 6843 1.0
13:37:18:779 119852847 30369119 579128 6842 1.0
13:37:18:979 119852806 30381968 579248 6851 1.0
13:37:19:379 119853267 30176314 585007 6860 1.0
13:37:19:579 119853494 30403592 579083 6836 1.0
13:37:19:779 119852819 30372759 579303 6831 1.0
13:37:19:979 119853567 30399314 579054 6858 1.0
13:37:20:379 119854001 30183373 585101 6847 1.0
13:37:20:579 119852770 30445806 578904 6828 1.0
13:37:20:779 119852740 30368847 579202 6842 1.0
13:37:20:979 119853791 30458194 578910 6837 1.0
13:37:21:379 119854102 30176287 585009 6856 1.0
13:37:21:579 119852720 30467169 578929 6848 1.0
13:37:21:779 119853575 30372716 579210 6839 1.0
13:37:21:979 119852596 30430568 579026 6836 1.0
13:37:22:379 119854283 30173575 584935 6851 1.0
13:37:22:579 119852802 30393166 579243 6826 1.0
13:37:22:779 119853550 30366998 579154 6819 1.0
13:37:22:979 119852797 30400910 579002 6843 1.0
13:37:23:379 119853165 30180276 585045 6841 1.0
13:37:23:579 119853575 30466756 578956 6847 1.0
13:37:23:779 119852900 30366966 579148 6839 1.0
13:37:23:979 119852897 30407458 579128 6842 1.0
13:37:24:379 119853297 30177446 585042 6843 1.0
13:37:24:579 119853464 30403713 579232 6839 1.0
13:37:24:779 119852924 30368785 579200 6854 1.0
13:37:24:979 119853578 30456862 578903 6839 1.0
13:37:25:379 119853301 30183294 585176 6855 1.0
13:37:25:579 119853494 30432605 578951 6847 1.0
13:37:25:779 119852933 30366580 579138 6841 1.0
13:37:25:979 119853626 30466277 579031 6828 1.0
13:37:26:379 119854050 30177000 584992 6856 1.0
13:37:26:579 119852795 30405645 579002 6841 1.0
13:37:26:779 119853472 30371352 579268 6825 1.0
13:37:26:979 119852545 30399859 578985 6848 1.0
13:37:27:379 119854135 30275655 582198 6846 1.0
13:37:27:579 119852684 30402649 579000 6832 1.0
13:37:27:779 119853533 30366381 579135 6830 1.0
13:37:28:179 119854171 30180310 585076 6853 1.0
13:37:28:379 119852742 30367305 579108 6834 1.0
13:37:28:579 119852680 30398791 579117 6833 1.0
13:37:28:779 119853851 30373486 579234 6841 1.0
13:37:29:179 119854094 30176647 585040 6843 1.0
13:37:29:379 119852926 30369091 579164 6833 1.0
13:37:29:579 119853453 30389370 579274 6837 1.0
13:37:29:779 119852668 30367085 579149 6828 1.0
13:37:30:179 119853076 30174927 584972 6835 1.0
13:37:30:379 119852806 30369941 579232 6837 1.0
13:37:30:579 119853425 30390171 579095 6842 1.0
13:37:30:779 119852821 30367946 579177 6832 1.0
13:37:31:179 119853253 30175563 584989 6838 1.0
13:37:31:379 119853750 30368549 579166 6845 1.0
13:37:31:579 119852671 30384500 579117 6834 1.0
13:37:31:779 119852813 30369844 579156 6826 1.0
13:37:32:179 119853230 30172637 584977 6830 1.0
13:37:32:379 119853636 30369399 579171 6841 1.0
13:37:32:579 119852865 30468022 578858 6846 1.0
13:37:32:779 119853589 30370057 579170 6827 1.0
13:37:33:179 119853967 30181096 585135 6849 1.0
13:37:33:379 119852765 30370186 579143 6825 1.0
13:37:33:579 119852845 30452322 578921 6846 1.0
13:37:33:779 119853507 30371610 579273 6835 1.0
13:37:34:179 119854090 30175435 584988 6860 1.0
13:37:34:379 119852680 30366473 579136 6839 1.0
13:37:34:579 119853432 30385092 579229 6830 1.0
13:37:34:779 119852778 30368357 579150 6849 1.0
13:37:35:179 119854250 30174909 585037 6847 1.0
13:37:35:379 119852701 30365240 579109 6834 1.0
13:37:35:579 119853608 30449899 578896 6854 1.0
13:37:35:779 119852836 30367744 579172 6829 1.0
13:37:36:179 119853575 30176811 585020 6846 1.0
13:37:36:379 119853544 30367396 579163 6834 1.0
13:37:36:579 119852643 30386098 579243 6846 1.0
13:37:36:779 119852755 30366419 579137 6841 1.0
13:37:37:179 119853198 30175137 584978 6842 1.0
13:37:37:379 119853389 30376645 579315 6843 1.0
13:37:37:579 119852965 30460393 579012 6832 1.0
13:37:37:779 119853888 30366815 579123 6831 1.0
13:37:38:179 119853533 30176330 585007 6855 1.0
13:37:38:379 119853637 30369804 579145 6834 1.0
13:37:38:579 119852809 30402937 579117 6835 1.0
13:37:38:779 119853503 30369669 579209 6834 1.0
13:37:39:179 119854200 30176110 585004 6845 1.0
13:37:39:379 119852857 30371627 579287 6840 1.0
13:37:39:579 119852733 30409930 579028 6841 1.0
13:37:39:779 119853407 30367500 579167 6836 1.0
13:37:40:179 119854037 30176626 585017 6841 1.0
13:37:40:379 119852706 30364179 579077 6834 1.0
13:37:40:579 119853612 30448833 578982 6846 1.0
13:37:40:779 119852919 30371843 579187 6829 1.0
13:37:41:179 119852963 30174275 584955 6846 1.0
13:37:41:379 119852897 30367712 579169 6837 1.0
13:37:41:579 119853546 30401250 579168 6845 1.0
13:37:41:779 119852872 30366049 579108 6836 1.0
13:37:42:179 119853172 30181871 585154 6838 1.0
13:37:42:379 119853688 30365552 579113 6825 1.0
13:37:42:579 119852779 30403016 578994 6845 1.0
13:37:42:779 119852957 30366255 579131 6835 1.0
13:37:43:179 119853311 30173461 584933 6842 1.0
13:37:43:379 119853612 30367198 579156 6837 1.0
13:37:43:579 119852974 30465404 579011 6843 1.0
13:37:43:779 119853943 30366093 579129 6852 1.0
13:37:44:179 119854167 30172167 584899 6849 1.0
13:37:44:379 119852724 30375224 579285 6842 1.0
13:37:44:579 119852596 30404116 579087 6834 1.0
13:37:44:779 119853418 30368753 579133 6835 1.0
13:37:45:179 119854052 30178921 585049 6861 1.0
13:37:45:379 119852822 30368925 579202 6837 1.0
13:37:45:579 119853446 30402333 579022 6840 1.0
13:37:45:779 119853025 30371045 579258 6824 1.0
13:37:46:179 119853859 30175494 584988 6842 1.0
13:37:46:379 119852775 30374746 579340 6832 1.0
13:37:46:579 119853374 30446302 578997 6845 1.0
13:37:46:779 119852868 30367332 579159 6833 1.0
13:37:47:179 119853129 30177244 585032 6829 1.0
13:37:47:379 119853751 30368400 579178 6839 1.0
13:37:47:579 119852656 30376746 579079 6838 1.0
13:37:47:779 119852850 30365054 579103 6829 1.0
13:37:48:179 119853255 30177781 585045 6853 1.0
13:37:48:379 119853644 30366160 579103 6842 1.0
13:37:48:579 119852762 30403040 579294 6836 1.0
13:37:48:779 119853560 30365550 579112 6834 1.0
13:37:49:179 119853360 30173097 584980 6843 1.0
13:37:49:379 119853498 30373231 579228 6832 1.0
13:37:49:579 119852744 30414699 579095 6850 1.0
13:37:49:779 119853711 30368522 579194 6844 1.0
13:37:50:179 119854089 30269837 582045 6828 1.0
13:37:50:379 119853032 30367374 579160 6836 1.0
13:37:50:579 119853462 30373608 579214 6842 1.0
13:37:50:979 119853203 30177883 585049 6851 1.0
13:37:51:179 119853543 30436783 579069 6832 1.0
13:37:51:379 119852678 30368928 579124 6832 1.0
13:37:51:579 119853730 30420939 579096 6839 1.0
13:37:51:979 119854053 30174219 584988 6860 1.0
13:37:52:179 119852679 30451457 578966 6847 1.0
13:37:52:379 119852704 30369273 579212 6831 1.0
13:37:52:579 119853432 30432149 578979 6840 1.0
13:37:52:979 119853809 30175656 584993 6851 1.0
13:37:53:179 119852852 30413571 579004 6846 1.0
13:37:53:379 119853515 30366864 579147 6843 1.0
13:37:53:579 119852805 30436716 579158 6849 1.0
13:37:53:979 119853142 30175040 585029 6852 1.0
13:37:54:179 119852655 30404372 579133 6838 1.0
13:37:54:379 119853552 30367665 579164 6828 1.0
13:37:54:579 119852533 30424441 579056 6844 1.0
13:37:54:979 119853315 30178503 585045 6838 1.0
13:37:55:179 119853546 30388546 579112 6845 1.0
13:37:55:379 119852748 30366693 579109 6830 1.0
13:37:55:579 119852756 30376263 579248 6834 1.0
13:37:55:979 119853128 30174401 584959 6844 1.0
13:37:56:179 119853437 30384637 579067 6847 1.0
13:37:56:379 119852769 30373179 579314 6820 1.0
13:37:56:579 119853601 30397542 579037 6825 1.0
13:37:56:979 119854050 30181725 585135 6846 1.0
13:37:57:179 119852822 30415568 578993 6829 1.0
13:37:57:379 119852848 30367587 579168 6841 1.0
13:37:57:579 119853644 30370968 579176 6860 1.0
13:37:57:979 119853895 30175666 584993 6855 1.0
13:37:58:179 119852644 30467944 578961 6828 1.0
13:37:58:379 119853670 30376356 579332 6843 1.0
13:37:58:579 119852872 30372998 579117 6839 1.0
13:37:58:979 119853984 30174888 585020 6852 1.0
13:37:59:179 119852647 30380597 579288 6825 1.0
13:37:59:379 119853477 30368205 579186 6837 1.0
13:37:59:579 119852885 30404523 578965 6831 1.0
13:37:59:979 119853273 30174301 585021 6844 1.0
13:38:00:179 119853428 30407898 578959 6841 1.0
13:38:00:379 119852661 30369107 579209 6829 1.0
13:38:00:579 119852781 30402216 579114 6852 1.0
13:38:00:979 119853216 30174892 585003 6832 1.0
13:38:01:179 119853708 30382970 579240 6826 1.0
13:38:01:379 119852665 30368659 579196 6829 1.0
13:38:01:579 119853713 30436019 578940 6843 1.0
13:38:01:979 119853185 30182581 585139 6846 1.0
13:38:02:179 119853521 30419500 579025 6843 1.0
13:38:02:379 119852814 30367502 579166 6833 1.0
13:38:02:579 119853403 30379330 579235 6846 1.0
13:38:02:980 119853926 30177483 585040 6858 1.0
13:38:03:180 119852791 30417480 578971 6845 1.0
13:38:03:380 119853551 30370968 579257 6842 1.0
13:38:03:580 119852854 30384999 579043 6852 1.0
13:38:03:980 119853824 30181978 585158 6824 1.0
13:38:04:180 119853008 30384281 579068 6843 1.0
13:38:04:380 119853502 30370110 579187 6847 1.0
13:38:04:580 119852710 30378289 579117 6844 1.0
13:38:04:980 119853253 30179463 585091 6859 1.0
13:38:05:180 119852714 30437282 578966 6838 1.0
13:38:05:380 119853643 30367786 579105 6838 1.0
13:38:05:580 119852920 30450010 579157 6824 1.0
13:38:05:980 119853242 30180018 585107 6853 1.0
13:38:06:180 119853613 30415583 579220 6832 1.0
13:38:06:380 119852615 30366175 579110 6833 1.0
13:38:06:580 119853599 30401009 578997 6831 1.0
13:38:06:980 119853289 30185331 585152 6842 1.0
13:38:07:180 119853520 30457072 579012 6841 1.0
13:38:07:380 119852755 30365846 579124 6829 1.0
13:38:07:580 119853454 30405254 579118 6850 1.0
13:38:07:980 119854002 30176298 585009 6834 1.0
13:38:08:180 119852665 30377739 579139 6840 1.0
13:38:08:380 119852985 30370371 579148 6841 1.0
13:38:08:580 119853410 30467838 578839 6822 1.0
13:38:08:980 119854094 30179525 585059 6849 1.0
13:38:09:180 119852549 30371827 579098 6832 1.0
13:38:09:380 119853735 30366951 579118 6840 1.0
13:38:09:580 119853049 30446955 578924 6839 1.0
13:38:09:980 119853224 30172931 585011 6831 1.0
13:38:10:180 119852883 30412275 578970 6839 1.0
13:38:10:380 119853615 30378194 579354 6836 1.0
13:38:10:580 119852720 30456910 578970 6836 1.0
13:38:10:980 119853278 30175733 585045 6837 1.0
13:38:11:180 119853473 30443820 579100 6843 1.0
13:38:11:380 119852728 30370081 579141 6848 1.0
13:38:11:580 119852937 30438610 579096 6834 1.0
13:38:11:980 119852957 30178193 585024 6863 1.0
13:38:12:180 119853512 30454809 578905 6837 1.0
13:38:12:380 119852997 30366527 579108 6838 1.0
13:38:12:580 119853413 30369878 579206 6828 1.0
13:38:12:980 119853339 30268985 581993 6841 1.0
13:38:13:180 119853465 30465350 579093 6840 1.0
13:38:13:380 119853028 30370641 579155 6834 1.0
13:38:13:780 119853338 30175735 584993 6854 1.0
13:38:13:980 119853400 30373857 579239 6824 1.0
13:38:14:180 119852624 30462363 579057 6829 1.0
13:38:14:380 119853650 30365394 579104 6838 1.0
13:38:14:780 119853298 30179265 585085 6844 1.0
13:38:14:980 119853680 30369566 579219 6851 1.0
13:38:15:180 119852869 30437306 578956 6836 1.0
13:38:15:380 119853546 30374111 579268 6837 1.0
13:38:15:780 119854024 30172801 585009 6843 1.0
13:38:15:980 119852781 30370052 579138 6840 1.0
13:38:16:180 119852825 30368368 579165 6829 1.0
13:38:16:380 119853540 30370018 579232 6832 1.0
13:38:16:780 119854091 30178906 585077 6850 1.0
13:38:16:980 119852888 30364098 579122 6838 1.0
13:38:17:180 119853472 30393328 579060 6838 1.0
13:38:17:380 119852760 30370902 579216 6832 1.0
13:38:17:780 119853435 30174594 584964 6858 1.0
13:38:17:980 119852877 30367599 579165 6840 1.0
13:38:18:180 119853651 30470721 578989 6833 1.0
13:38:18:380 119852893 30366577 579141 6836 1.0
13:38:18:780 119853414 30179795 585090 6841 1.0
13:38:18:980 119853439 30366118 579130 6820 1.0
13:38:19:180 119852677 30385616 579094 6833 1.0
13:38:19:380 119852616 30365665 579116 6827 1.0
13:38:19:780 119853310 30173640 584945 6852 1.0
13:38:19:980 119853531 30367842 579168 6832 1.0
13:38:20:180 119852982 30451073 578973 6837 1.0
13:38:20:380 119853526 30366531 579140 6831 1.0
13:38:20:780 119854054 30175841 584997 6841 1.0
13:38:20:980 119852819 30369785 579181 6837 1.0
13:38:21:180 119852683 30392216 579117 6845 1.0
13:38:21:380 119853500 30367020 579103 6839 1.0
13:38:21:780 119854068 30176058 585001 6852 1.0
13:38:21:980 119852822 30367569 579168 6842 1.0
13:38:22:180 119853490 30415033 579003 6841 1.0
13:38:22:380 119852842 30374769 579331 6838 1.0
13:38:22:780 119853889 30175780 584994 6831 1.0
13:38:22:980 119852815 30369681 579221 6831 1.0
13:38:23:180 119853316 30447707 579092 6843 1.0
13:38:23:380 119852698 30365885 579122 6826 1.0
13:38:23:780 119853205 30181343 585110 6842 1.0
13:38:23:980 119853511 30369695 579162 6835 1.0
13:38:24:180 119852662 30434644 578968 6851 1.0
13:38:24:380 119852834 30365994 579127 6838 1.0
13:38:24:780 119853117 30175765 585045 6830 1.0
13:38:24:980 119853593 30365079 579103 6844 1.0
13:38:25:180 119852734 30471532 578883 6848 1.0
13:38:25:380 119853511 30368476 579193 6826 1.0
13:38:25:780 119853325 30172820 585010 6832 1.0
13:38:25:980 119853603 30375805 579290 6843 1.0
13:38:26:180 119852736 30407396 579026 6839 1.0
13:38:26:380 119853518 30367990 579178 6817 1.0
13:38:26:780 119853832 30175452 584987 6843 1.0
13:38:26:980 119852804 30369677 579223 6834 1.0
13:38:27:180 119853538 30374558 579102 6843 1.0
13:38:27:380 119852513 30376657 579312 6833 1.0
13:38:27:780 119854094 30174864 584970 6842 1.0
13:38:27:980 119852905 30373136 579220 6845 1.0
13:38:28:180 119853587 30413411 579074 6838 1.0
13:38:28:380 119852872 30367161 579145 6829 1.0
13:38:28:780 119853165 30178309 585062 6845 1.0
13:38:28:980 119852537 30368104 579181 6829 1.0
13:38:29:180 119853428 30397358 579071 6853 1.0
13:38:29:380 119852843 30371934 579282 6841 1.0
13:38:29:780 119853304 30173831 584942 6851 1.0
13:38:29:980 119853662 30367044 579153 6833 1.0
13:38:30:180 119852764 30384452 579208 6844 1.0
13:38:30:380 119853728 30364263 579077 6839 1.0
13:38:30:780 119853418 30181692 585069 6849 1.0
13:38:30:980 119853463 30366297 579122 6852 1.0
13:38:31:180 119852648 30417964 579098 6843 1.0
13:38:31:380 119853396 30370610 579198 6837 1.0
13:38:31:780 119854016 30173019 585005 6848 1.0
13:38:31:980 119852867 30366434 579140 6836 1.0
13:38:32:180 119852790 30427115 578950 6836 1.0
13:38:32:380 119853621 30365080 579100 6834 1.0
13:38:32:780 119853867 30179207 585085 6843 1.0
13:38:32:980 119852902 30373738 579236 6848 1.0
13:38:33:180 119853439 30446986 578984 6838 1.0
13:38:33:380 119852768 30372375 579231 6820 1.0
13:38:33:780 119853341 30176027 585000 6842 1.0
13:38:33:980 119852723 30366866 579148 6834 1.0
13:38:34:180 119853519 30375754 579143 6849 1.0
13:38:34:380 119852815 30375960 579295 6847 1.0
13:38:34:780 119853208 30178833 585056 6852 1.0
13:38:34:980 119853696 30374143 579327 6834 1.0
13:38:35:180 119852596 30440939 578893 6833 1.0
13:38:35:380 119852903 30367722 579170 6855 1.0
13:38:35:780 119853414 30272722 582092 6836 1.0
13:38:35:980 119853559 30367693 579170 6823 1.0
13:38:36:180 119852893 30393102 579090 6860 1.0
13:38:36:580 119853190 30176031 585021 6840 1.0
13:38:36:780 119853645 30410073 579006 6836 1.0
13:38:36:980 119852805 30365660 579119 6824 1.0
13:38:37:180 119852731 30393353 579209 6837 1.0
13:38:37:580 119853342 30175001 584997 6849 1.0
13:38:37:780 119853417 30372980 579160 6835 1.0
13:38:37:980 119852580 30365924 579109 6822 1.0
13:38:38:180 119853510 30370148 579112 6841 1.0
13:38:38:580 119853391 30184960 585237 6849 1.0
13:38:38:780 119853342 30445364 578942 6845 1.0
13:38:38:980 119852661 30363087 579072 6835 1.0
13:38:39:180 119853513 30455058 579112 6837 1.0
13:38:39:580 119854093 30177912 585050 6841 1.0
13:38:39:780 119852687 30467660 578983 6832 1.0
13:38:39:980 119853589 30374925 579268 6835 1.0
13:38:40:180 119852598 30429848 578921 6845 1.0
13:38:40:580 119854112 30175037 584974 6853 1.0
13:38:40:780 119852705 30388012 579299 6839 1.0
13:38:40:980 119853511 30367361 579138 6853 1.0
13:38:41:180 119852952 30470240 578858 6827 1.0
13:38:41:580 119853250 30177004 585026 6842 1.0
13:38:41:780 119852873 30408474 579024 6837 1.0
13:38:41:980 119853663 30367249 579130 6853 1.0
13:38:42:180 119852807 30381508 579117 6849 1.0
13:38:42:580 119853219 30174217 585029 6851 1.0
13:38:42:780 119853589 30451233 579088 6834 1.0
13:38:42:980 119852740 30368081 579132 6842 1.0
13:38:43:180 119853663 30430497 578996 6839 1.0
13:38:43:580 119853266 30179576 585095 6846 1.0
13:38:43:780 119853616 30464912 578739 6846 1.0
13:38:43:980 119852794 30368591 579195 6839 1.0
13:38:44:180 119853468 30442934 579087 6827 1.0
13:38:44:580 119854313 30174693 584966 6847 1.0
13:38:44:780 119852502 30431282 578958 6833 1.0
13:38:44:980 119852747 30371115 579168 6839 1.0
13:38:45:180 119853444 30395977 579097 6839 1.0
13:38:45:580 119853969 30180983 585131 6851 1.0
13:38:45:780 119852574 30407744 579007 6851 1.0
13:38:45:980 119853442 30368716 579198 6829 1.0
13:38:46:180 119852839 30376159 579096 6834 1.0
13:38:46:580 119854041 30175913 584999 6847 1.0
13:38:46:780 119852720 30433358 578916 6841 1.0
13:38:46:980 119853399 30373824 579304 6843 1.0
13:38:47:180 119852771 30387263 579081 6840 1.0
13:38:47:580 119853298 30175517 585016 6843 1.0
13:38:47:780 119853538 30384308 579203 6829 1.0
13:38:47:980 119852681 30366955 579150 6839 1.0
13:38:48:180 119852943 30437017 579013 6853 1.0
13:38:48:580 119853253 30173777 584942 6837 1.0
13:38:48:780 119853509 30431801 578992 6831 1.0
13:38:48:980 119852836 30369396 579204 6846 1.0
13:38:49:180 119853635 30425952 579064 6846 1.0
13:38:49:580 119853338 30179858 585103 6854 1.0
13:38:49:780 119853414 30399528 579215 6826 1.0
13:38:49:980 119852638 30367053 579118 6843 1.0
13:38:50:180 119853428 30430326 579024 6829 1.0
13:38:50:580 119853941 30178650 585071 6846 1.0
13:38:50:780 119852966 30468117 578856 6824 1.0
13:38:50:980 119853659 30367894 579178 6835 1.0
13:38:51:180 119852742 30471119 579028 6852 1.0
13:38:51:580 119853789 30174799 584971 6846 1.0
13:38:51:780 119852654 30420471 578992 6828 1.0
13:38:51:980 119853536 30377985 579355 6842 1.0
13:38:52:180 119852775 30425815 578930 6845 1.0
13:38:52:580 119853023 30182526 585174 6854 1.0
13:38:52:780 119852904 30409755 579073 6835 1.0
13:38:52:980 119853529 30368353 579187 6839 1.0
13:38:53:180 119852725 30394760 579046 6850 1.0
13:38:53:580 119853159 30178405 585045 6850 1.0
13:38:53:780 119853335 30415722 578994 6857 1.0
13:38:53:980 119852900 30368745 579199 6838 1.0
13:38:54:180 119853599 30380672 579139 6836 1.0
13:38:54:580 119853243 30177882 585049 6846 1.0
13:38:54:780 119853368 30422525 579089 6832 1.0
13:38:54:980 119852983 30364892 579108 6833 1.0
13:38:55:180 119853536 30375139 579163 6841 1.0
13:38:55:580 119853995 30177159 585033 6849 1.0
13:38:55:780 119852844 30432907 578867 6853 1.0
13:38:55:980 119852807 30367204 579159 6840 1.0
13:38:56:180 119853649 30407183 579151 6839 1.0
13:38:56:580 119853935 30174266 584956 6844 1.0
13:38:56:780 119852656 30467657 579041 6848 1.0
13:38:56:980 119853505 30363698 579103 6840 1.0
13:38:57:180 119852779 30395290 579076 6849 1.0
13:38:57:580 119853213 30179027 585056 6849 1.0
13:38:57:780 119852716 30378777 579117 6848 1.0
13:38:57:980 119853475 30367344 579103 6846 1.0
13:38:58:180 119853079 30467555 578858 6835 1.0
13:38:58:580 119853065 30268205 581971 6826 1.0
13:38:58:780 119853620 30372028 579091 6826 1.0
13:38:58:980 119852739 30373264 579308 6847 1.0
13:38:59:380 119853749 30172223 584981 6856 1.0
13:38:59:580 119852762 30366372 579108 6838 1.0
13:38:59:780 119853641 30430290 579220 6840 1.0
13:38:59:980 119852803 30368098 579178 6835 1.0
13:39:00:380 119853259 30182360 585147 6846 1.0
13:39:00:580 119853835 30363092 579071 6828 1.0
13:39:00:780 119852778 30370180 579143 6860 1.0
13:39:00:980 119852749 30365434 579112 6848 1.0
13:39:01:380 119853242 30175345 585033 6843 1.0
13:39:01:580 119853598 30366978 579117 6822 1.0
13:39:01:780 119852868 30383004 579308 6857 1.0
13:39:01:980 119853673 30365363 579111 6839 1.0
13:39:02:380 119853214 30175075 584977 6840 1.0
13:39:02:580 119853763 30369579 579219 6844 1.0
13:39:02:780 119852692 30392736 579040 6851 1.0
13:39:02:980 119853387 30369196 579209 6843 1.0
13:39:03:380 119854069 30173870 584943 6848 1.0
13:39:03:580 119852834 30369393 579218 6837 1.0
13:39:03:780 119853660 30379346 579125 6825 1.0
13:39:03:980 119852875 30373558 579233 6841 1.0
13:39:04:380 119854190 30173304 584949 6838 1.0
13:39:04:580 119852818 30374593 579260 6841 1.0
13:39:04:780 119853520 30418568 579053 6824 1.0
13:39:04:980 119852807 30369075 579123 6836 1.0
13:39:05:380 119853347 30181093 585135 6847 1.0
13:39:05:580 119852761 30366883 579150 6829 1.0
13:39:05:780 119853713 30409770 578976 6842 1.0
13:39:05:980 119852882 30373933 579339 6837 1.0
13:39:06:380 119853137 30176475 585013 6837 1.0
13:39:06:580 119853499 30366597 579142 6831 1.0
13:39:06:780 119852688 30400657 579154 6841 1.0
13:39:06:980 119853569 30365371 579110 6841 1.0
13:39:07:380 119853135 30183844 585113 6847 1.0
13:39:07:580 119853593 30365208 579104 6839 1.0
13:39:07:780 119852895 30429951 579066 6847 1.0
13:39:07:980 119853623 30368014 579122 6829 1.0
13:39:08:380 119853920 30177573 585040 6838 1.0
13:39:08:580 119852871 30369136 579196 6830 1.0
13:39:08:780 119852945 30425661 579191 6831 1.0
13:39:08:980 119853412 30370227 579204 6832 1.0
13:39:09:380 119854029 30175256 584980 6845 1.0
13:39:09:580 119852845 30368949 579204 6839 1.0
13:39:09:780 119853528 30392451 579124 6849 1.0
13:39:09:980 119852848 30368223 579183 6850 1.0
13:39:10:380 119853321 30175503 584989 6847 1.0
13:39:10:580 119852924 30365053 579099 6833 1.0
13:39:10:780 119853366 30393298 579203 6832 1.0
13:39:10:980 119852906 30370987 579177 6843 1.0
13:39:11:380 119853317 30179764 585058 6837 1.0
13:39:11:580 119853773 30377509 579349 6825 1.0
13:39:11:780 119852635 30387481 579117 6842 1.0
13:39:11:980 119852624 30367359 579162 6826 1.0
13:39:12:380 119853609 30183435 585196 6848 1.0
13:39:12:580 119853596 30365382 579110 6834 1.0
13:39:12:780 119852927 30419287 578989 6831 1.0
13:39:12:980 119853388 30377844 579346 6845 1.0
13:39:13:380 119854155 30172721 584914 6855 1.0
13:39:13:580 119852760 30365685 579118 6833 1.0
13:39:13:780 119852612 30440433 579074 6838 1.0
13:39:13:980 119853522 30366279 579123 6831 1.0
13:39:14:380 119853972 30176955 585040 6837 1.0
13:39:14:580 119852845 30370299 579166 6832 1.0
13:39:14:780 119853435 30400171 579055 6845 1.0
13:39:14:980 119852833 30365645 579108 6838 1.0
13:39:15:380 119853957 30175032 585023 6845 1.0
13:39:15:580 119852843 30366461 579108 6830 1.0
13:39:15:780 119853424 30470399 578872 6844 1.0
13:39:15:980 119852703 30371477 579271 6845 1.0
13:39:16:380 119853462 30176514 585013 6861 1.0
13:39:16:580 119853301 30371839 579265 6838 1.0
13:39:16:780 119852885 30427703 579023 6841 1.0
13:39:16:980 119853115 30366718 579143 6840 1.0
13:39:17:380 119853225 30179886 585072 6837 1.0
13:39:17:580 119853571 30369416 579153 6837 1.0
13:39:17:780 119852861 30435595 579038 6834 1.0
13:39:17:980 119853448 30374501 579257 6838 1.0
13:39:18:380 119853535 30173465 585023 6847 1.0
13:39:18:580 119853454 30366759 579125 6860 1.0
13:39:18:780 119852935 30462922 578858 6840 1.0
13:39:18:980 119853541 30365731 579103 6831 1.0
13:39:19:380 119853903 30176836 585023 6851 1.0
13:39:19:580 119852680 30372461 579296 6838 1.0
13:39:19:780 119853622 30433699 578972 6850 1.0
13:39:19:980 119852736 30366150 579129 6828 1.0
13:39:20:380 119853995 30174793 584968 6848 1.0
13:39:20:580 119852826 30367303 579161 6826 1.0
13:39:20:780 119853620 30378059 579190 6844 1.0
13:39:20:980 119852887 30368591 579193 6856 1.0
13:39:21:380 119853442 30266460 582019 6839 1.0
13:39:21:580 119852817 30372946 579215 6846 1.0
13:39:21:780 119853472 30384643 579093 6830 1.0
13:39:22:180 119854024 30179321 585040 6853 1.0
13:39:22:380 119852655 30367937 579101 6838 1.0
13:39:22:580 119853527 30367625 579119 6838 1.0
13:39:22:780 119853004 30439743 578923 6847 1.0
13:39:23:180 119853318 30173810 584957 6841 1.0
13:39:23:380 119852947 30395816 579094 6842 1.0
13:39:23:580 119853579 30371340 579214 6842 1.0
13:39:23:780 119852907 30426360 578998 6835 1.0
13:39:24:180 119853297 30175032 584976 6853 1.0
13:39:24:380 119853547 30440145 579086 6844 1.0
13:39:24:580 119852802 30368015 579177 6841 1.0
13:39:24:780 119852863 30409301 579015 6842 1.0
13:39:25:180 119853322 30174994 584973 6841 1.0
13:39:25:380 119853509 30415766 579001 6842 1.0
13:39:25:580 119852643 30362722 579074 6852 1.0
13:39:25:780 119853417 30391489 579230 6845 1.0
13:39:26:180 119853307 30176938 585024 6852 1.0
13:39:26:380 119853526 30388622 579286 6832 1.0
13:39:26:580 119852766 30366465 579109 6836 1.0
13:39:26:780 119853587 30426640 579028 6845 1.0
13:39:27:180 119854229 30176264 585006 6851 1.0
13:39:27:380 119852657 30371004 579153 6839 1.0
13:39:27:580 119853459 30366409 579135 6830 1.0
13:39:27:780 119852661 30382431 579163 6841 1.0
13:39:28:180 119854015 30177458 585040 6864 1.0
13:39:28:380 119852728 30385255 579130 6857 1.0
13:39:28:580 119853659 30372193 579292 6835 1.0
13:39:28:780 119852826 30416748 578936 6844 1.0
13:39:29:180 119853255 30181211 585137 6845 1.0
13:39:29:380 119852774 30418760 579042 6826 1.0
13:39:29:580 119853648 30366288 579131 6838 1.0
13:39:29:780 119852685 30376789 579117 6834 1.0
13:39:30:180 119853287 30175343 585011 6849 1.0
13:39:30:380 119853626 30413407 579012 6842 1.0
13:39:30:580 119852522 30370150 579236 6841 1.0
13:39:30:780 119853616 30380788 579118 6854 1.0
13:39:31:180 119853196 30176529 585032 6844 1.0
13:39:31:380 119853483 30382157 579138 6831 1.0
13:39:31:580 119852900 30368866 579200 6841 1.0
13:39:31:780 119853474 30431569 579007 6845 1.0
13:39:32:180 119854007 30177072 585030 6843 1.0
13:39:32:380 119852843 30435144 579019 6841 1.0
13:39:32:580 119852859 30367521 579166 6837 1.0
13:39:32:780 119853486 30462311 579037 6831 1.0
13:39:33:180 119853867 30177654 585044 6846 1.0
13:39:33:380 119852684 30378676 579102 6842 1.0
13:39:33:580 119853644 30374574 579259 6844 1.0
13:39:33:780 119852806 30412127 579049 6838 1.0
13:39:34:180 119853111 30180174 585045 6839 1.0
13:39:34:380 119852843 30408794 579018 6838 1.0
13:39:34:580 119853326 30366837 579146 6831 1.0
13:39:34:780 119852747 30456205 578914 6845 1.0
13:39:35:180 119853419 30181436 585145 6850 1.0
13:39:35:380 119853519 30437932 578952 6840 1.0
13:39:35:580 119852713 30371058 579259 6839 1.0
13:39:35:780 119852720 30405265 578985 6830 1.0
13:39:36:180 119853373 30174584 585029 6854 1.0
13:39:36:380 119853531 30374309 579243 6834 1.0
13:39:36:580 119853048 30367076 579154 6834 1.0
13:39:36:780 119853506 30383224 579100 6836 1.0
13:39:37:180 119854079 30178278 585060 6846 1.0
13:39:37:380 119852686 30445413 578934 6859 1.0
13:39:37:580 119852760 30366376 579135 6839 1.0
13:39:37:780 119853498 30428190 579174 6829 1.0
13:39:38:180 119854010 30176212 585040 6833 1.0
13:39:38:380 119852944 30373762 579216 6844 1.0
13:39:38:580 119853581 30366413 579135 6841 1.0
13:39:38:780 119852609 30396223 579028 6839 1.0
13:39:39:180 119854037 30178617 585068 6851 1.0
13:39:39:380 119852931 30386891 579079 6834 1.0
13:39:39:580 119853604 30366309 579133 6836 1.0
13:39:39:780 119852679 30376226 579244 6829 1.0
13:39:40:180 119853237 30175018 584973 6840 1.0
13:39:40:380 119853570 30368146 579095 6854 1.0
13:39:40:580 119852685 30369031 579205 6832 1.0
13:39:40:780 119852624 30381336 579135 6842 1.0
13:39:41:180 119853224 30182380 585082 6845 1.0
13:39:41:380 119853534 30413852 579075 6850 1.0
13:39:41:580 119852766 30366242 579109 6819 1.0
13:39:41:780 119853553 30457217 578862 6848 1.0
13:39:42:180 119853383 30174263 585026 6859 1.0
13:39:42:380 119853477 30452045 578991 6839 1.0
13:39:42:580 119852693 30374783 579266 6814 1.0
13:39:42:780 119853423 30432928 578917 6835 1.0
13:39:43:180 119853996 30174858 585018 6831 1.0
13:39:43:380 119852795 30422018 579094 6845 1.0
13:39:43:580 119853608 30368060 579148 6843 1.0
13:39:43:780 119852693 30373705 579090 6841 1.0
13:39:44:180 119853995 30260595 582362 6825 1.0
13:39:44:380 119852944 30391597 579095 6845 1.0
13:39:44:580 119853405 30368750 579125 6832 1.0
13:39:44:980 119853895 30176356 585040 6850 1.0
13:39:45:180 119852775 30365713 579108 6836 1.0
13:39:45:380 119852974 30476965 579049 6837 1.0
13:39:45:580 119853433 30368819 579171 6824 1.0
13:39:45:980 119853888 30177391 585038 6841 1.0
13:39:46:180 119852899 30375576 579318 6833 1.0
13:39:46:380 119853668 30433436 578990 6834 1.0
13:39:46:580 119852590 30364467 579084 6830 1.0
13:39:46:980 119853117 30176016 585044 6842 1.0
13:39:47:180 119852758 30367451 579109 6820 1.0
13:39:47:380 119853559 30395571 579010 6844 1.0
13:39:47:580 119852883 30376426 579309 6833 1.0
13:39:47:980 119853268 30173804 584980 6837 1.0
13:39:48:180 119853468 30378605 579364 6845 1.0
13:39:48:380 119852550 30459591 578921 6837 1.0
13:39:48:580 119852936 30365563 579108 6831 1.0
13:39:48:980 119853302 30180315 585113 6848 1.0
13:39:49:180 119853340 30365722 579120 6832 1.0
13:39:49:380 119852857 30385105 579129 6849 1.0
13:39:49:580 119853581 30374414 579252 6848 1.0
13:39:49:980 119853867 30173982 584947 6847 1.0
13:39:50:180 119853028 30366879 579149 6841 1.0
13:39:50:380 119852899 30452374 579091 6846 1.0
13:39:50:580 119853499 30365431 579109 6829 1.0
13:39:50:980 119853895 30175868 584997 6844 1.0
13:39:51:180 119852806 30369085 579185 6840 1.0
13:39:51:380 119853612 30384805 579103 6842 1.0
13:39:51:580 119852783 30366907 579117 6850 1.0
13:39:51:980 119854036 30178662 585069 6844 1.0
13:39:52:180 119852720 30366078 579127 6831 1.0
13:39:52:380 119853440 30387289 579033 6844 1.0
13:39:52:580 119852863 30373901 579333 6843 1.0
13:39:52:980 119853172 30174223 584955 6846 1.0
13:39:53:180 119853426 30374496 579291 6838 1.0
13:39:53:380 119852875 30430744 579079 6832 1.0
13:39:53:580 119852712 30368855 579146 6830 1.0
13:39:53:980 119853207 30181286 585093 6845 1.0
13:39:54:180 119853571 30368571 579148 6825 1.0
13:39:54:380 119852971 30415947 579050 6837 1.0
13:39:54:580 119853473 30369869 579134 6837 1.0
13:39:54:980 119853282 30172070 584971 6839 1.0
13:39:55:180 119853480 30369023 579177 6833 1.0
13:39:55:380 119852817 30389566 579136 6841 1.0
13:39:55:580 119853287 30367777 579172 6840 1.0
13:39:55:980 119853957 30178872 585077 6838 1.0
13:39:56:180 119852814 30367904 579175 6829 1.0
13:39:56:380 119853540 30399490 579077 6820 1.0
13:39:56:580 119852805 30365589 579114 6841 1.0
13:39:56:980 119853934 30177121 585030 6845 1.0
13:39:57:180 119852756 30368327 579186 6834 1.0
13:39:57:380 119853609 30390826 579199 6843 1.0
13:39:57:580 119852842 30367205 579157 6843 1.0
13:39:57:980 119853266 30176547 585045 6854 1.0
13:39:58:180 119852715 30375723 579302 6828 1.0
13:39:58:380 119853701 30446128 578919 6843 1.0
13:39:58:580 119852953 30367366 579118 6841 1.0
13:39:58:980 119853427 30175890 585009 6846 1.0
13:39:59:180 119853498 30365314 579103 6829 1.0
13:39:59:380 119852729 30459996 578920 6841 1.0
13:39:59:580 119853649 30371086 579260 6841 1.0
13:39:59:980 119853515 30177547 585040 6842 1.0
13:40:00:180 119853632 30368116 579222 6853 1.0
13:40:00:380 119852887 30406819 579104 6842 1.0
13:40:00:580 119853481 30366874 579118 6824 1.0
13:40:00:980 119854102 30178027 585040 6843 1.0
13:40:01:180 119852814 30368218 579110 6834 1.0
13:40:01:380 119852804 30396241 579110 6824 1.0
13:40:01:580 119853563 30373405 579228 6853 1.0
13:40:01:980 119853836 30176237 585010 6847 1.0
13:40:02:180 119852744 30368109 579178 6834 1.0
13:40:02:380 119853603 30428743 579082 6860 1.0
13:40:02:580 119852765 30366589 579143 6844 1.0
13:40:02:980 119854189 30181886 585154 6843 1.0
13:40:03:180 119852682 30364335 579084 6822 1.0
13:40:03:380 119853546 30405015 579082 6830 1.0
13:40:03:580 119852754 30367423 579162 6845 1.0
13:40:03:980 119853328 30176646 585018 6838 1.0
13:40:04:180 119853486 30366946 579152 6836 1.0
13:40:04:380 119852757 30467682 578942 6855 1.0
13:40:04:580 119852955 30369414 579216 6846 1.0
13:40:04:980 119853322 30173623 585026 6842 1.0
13:40:05:180 119853603 30374375 579255 6854 1.0
13:40:05:380 119852704 30416302 579047 6846 1.0
13:40:05:580 119853507 30367073 579155 6841 1.0
13:40:05:980 119853242 30175653 584990 6839 1.0
13:40:06:180 119853591 30369930 579229 6839 1.0
13:40:06:380 119852940 30394325 579113 6844 1.0
13:40:06:580 119853581 30379177 579381 6845 1.0
13:40:06:980 119853937 30245439 582853 6852 1.0
13:40:07:180 119852688 30368961 579204 6849 1.0
13:40:07:380 119853454 30416344 579109 6841 1.0
13:40:07:580 119852865 30367425 579126 6844 1.0
13:40:07:980 119853930 30358947 579350 6813 1.0
13:40:08:180 119852590 30365320 579110 6821 1.0
13:40:08:380 119853500 30380775 579112 6839 1.0
13:40:08:780 119854025 30177556 585041 6861 1.0
13:40:08:980 119852790 30400986 579041 6838 1.0
13:40:09:180 119853089 30367057 579124 6851 1.0
13:40:09:380 119853296 30377123 579289 6829 1.0
13:40:09:780 119854103 30176464 585018 6852 1.0
13:40:09:980 119852625 30417264 578945 6842 1.0
13:40:10:180 119853610 30373616 579299 6837 1.0
13:40:10:380 119852811 30406490 579039 6833 1.0
13:40:10:780 119853369 30181920 585139 6849 1.0
13:40:10:980 119852851 30448759 578992 6839 1.0
13:40:11:180 119853383 30366926 579134 6826 1.0
13:40:11:380 119852860 30374046 579104 6840 1.0
13:40:11:780 119853319 30174905 584973 6847 1.0
13:40:11:980 119853463 30402486 579050 6843 1.0
13:40:12:180 119852965 30370369 579193 6824 1.0
13:40:12:380 119852685 30385561 579061 6825 1.0
13:40:12:780 119853395 30175143 584977 6834 1.0
13:40:12:980 119853475 30387476 579223 6844 1.0
13:40:13:180 119852672 30366894 579148 6844 1.0
13:40:13:380 119853570 30405267 579053 6840 1.0
13:40:13:780 119854032 30175692 585014 6847 1.0
13:40:13:980 119852766 30403110 579081 6837 1.0
13:40:14:180 119852880 30364858 579094 6839 1.0
13:40:14:380 119853647 30401043 579145 6850 1.0
13:40:14:780 119854035 30174492 584961 6851 1.0
13:40:14:980 119852931 30453939 579088 6846 1.0
13:40:15:180 119853480 30368718 579199 6837 1.0
13:40:15:380 119852961 30447472 578880 6842 1.0
13:40:15:780 119853951 30177761 585049 6847 1.0
13:40:15:980 119852737 30467989 578862 6841 1.0
13:40:16:180 119853634 30371578 579271 6827 1.0
13:40:16:380 119852734 30396551 579122 6842 1.0
13:40:16:780 119853302 30175080 585009 6846 1.0
13:40:16:980 119853593 30406551 579148 6848 1.0
13:40:17:180 119852858 30371780 579213 6824 1.0
13:40:17:380 119852845 30451935 578933 6837 1.0
13:40:17:780 119853220 30179655 585052 6849 1.0
13:40:17:980 119853541 30404213 579052 6836 1.0
13:40:18:180 119852868 30364993 579097 6841 1.0
13:40:18:380 119853505 30426572 578917 6841 1.0
13:40:18:780 119853432 30170612 584897 6858 1.0
13:40:18:980 119853768 30409922 579077 6838 1.0
13:40:19:180 119852940 30376246 579302 6848 1.0
13:40:19:380 119853561 30452321 578947 6854 1.0
13:40:19:780 119854171 30175068 584975 6861 1.0
13:40:19:980 119852813 30459527 578994 6858 1.0
13:40:20:180 119853536 30366746 579146 6836 1.0
13:40:20:380 119852704 30374773 579076 6830 1.0
13:40:20:780 119853989 30173836 584955 6853 1.0
13:40:20:980 119852692 30467115 578849 6831 1.0
13:40:21:180 119853451 30366733 579145 6829 1.0
13:40:21:380 119852858 30387104 579177 6838 1.0
13:40:21:780 119853308 30176273 585008 6850 1.0
13:40:21:980 119852814 30408646 579225 6827 1.0
13:40:22:180 119853702 30364484 579088 6837 1.0
13:40:22:380 119852702 30388506 578990 6825 1.0
13:40:22:780 119853208 30181272 585137 6860 1.0
13:40:22:980 119853495 30403014 579086 6824 1.0
13:40:23:180 119852931 30369960 579210 6843 1.0
13:40:23:380 119853668 30410478 579112 6851 1.0
13:40:23:780 119853374 30177268 585033 6852 1.0
13:40:23:980 119853510 30458173 579035 6844 1.0
13:40:24:180 119852778 30372496 579204 6844 1.0
13:40:24:380 119853418 30436744 579020 6835 1.0
13:40:24:780 119853893 30177462 585040 6837 1.0
13:40:24:980 119852728 30402676 579095 6850 1.0
13:40:25:180 119852969 30366272 579127 6846 1.0
13:40:25:380 119853522 30398391 579119 6837 1.0
13:40:25:780 119853999 30177893 585052 6842 1.0
13:40:25:980 119852807 30433600 578956 6849 1.0
13:40:26:180 119853640 30366905 579148 6835 1.0
13:40:26:380 119852549 30431123 579136 6833 1.0
13:40:26:780 119853207 30177875 585051 6855 1.0
13:40:26:980 119853012 30387188 579240 6856 1.0
13:40:27:180 119853389 30368272 579187 6835 1.0
13:40:27:380 119852865 30433051 578955 6841 1.0
13:40:27:780 119853324 30179119 585045 6843 1.0
13:40:27:980 119853266 30412481 579112 6840 1.0
13:40:28:180 119852667 30367434 579108 6832 1.0
13:40:28:380 119852832 30450099 579139 6832 1.0
13:40:28:780 119853356 30172724 584938 6841 1.0
13:40:28:980 119853620 30464720 578938 6828 1.0
13:40:29:180 119852698 30370183 579238 6823 1.0
13:40:29:380 119853501 30420054 578994 6842 1.0
13:40:29:780 119854285 30239533 583485 6837 1.0
13:40:29:980 119852676 30463103 578954 6834 1.0
13:40:30:180 119852791 30367983 579177 6830 1.0
13:40:30:380 119853519 30365109 579066 6839 1.0
13:40:30:780 119854014 30341519 579832 6804 1.0
13:40:30:980 119852815 30411562 579100 6837 1.0
13:40:31:180 119853676 30378929 579362 6832 1.0
13:40:31:580 119853320 30174157 585035 6835 1.0
13:40:31:780 119853603 30370725 579159 6837 1.0
13:40:31:980 119852862 30433144 579072 6828 1.0
13:40:32:180 119853463 30368233 579159 6841 1.0
13:40:32:580 119854014 30183614 585201 6837 1.0
13:40:32:780 119852743 30365467 579113 6838 1.0
13:40:32:980 119853686 30430956 579063 6826 1.0
13:40:33:180 119852662 30367028 579152 6834 1.0
13:40:33:580 119854124 30174683 584967 6843 1.0
13:40:33:780 119852775 30369543 579220 6836 1.0
13:40:33:980 119853482 30391401 579140 6847 1.0
13:40:34:180 119852828 30367637 579169 6828 1.0
13:40:34:580 119853418 30174512 584987 6841 1.0
13:40:34:780 119852893 30374443 579257 6844 1.0
13:40:34:980 119853492 30417962 579021 6831 1.0
13:40:35:180 119852966 30363360 579108 6839 1.0
13:40:35:580 119853329 30173507 585012 6840 1.0
13:40:35:780 119853724 30366218 579103 6852 1.0
13:40:35:980 119852842 30442394 578952 6825 1.0
13:40:36:180 119852822 30372964 579272 6838 1.0
13:40:36:580 119853308 30176348 585010 6851 1.0
13:40:36:780 119853429 30367578 579169 6823 1.0
13:40:36:980 119852717 30390227 579120 6832 1.0
13:40:37:180 119853403 30366040 579127 6834 1.0
13:40:37:580 119854014 30176876 585035 6850 1.0
13:40:37:780 119852944 30367627 579113 6833 1.0
13:40:37:980 119852705 30392948 579117 6822 1.0
13:40:38:180 119853287 30374153 579303 6836 1.0
13:40:38:580 119854282 30178823 585075 6851 1.0
13:40:38:780 119852840 30366763 579148 6844 1.0
13:40:38:980 119853528 30402758 579266 6852 1.0
13:40:39:180 119852827 30365601 579108 6845 1.0
13:40:39:580 119853996 30184646 585182 6853 1.0
13:40:39:780 119852845 30369731 579176 6843 1.0
13:40:39:980 119853490 30449245 578992 6832 1.0
13:40:40:180 119852858 30364484 579087 6833 1.0
13:40:40:580 119853273 30173279 584928 6838 1.0
13:40:40:780 119853486 30366683 579144 6843 1.0
13:40:40:980 119852610 30447542 579069 6832 1.0
13:40:41:180 119852612 30369459 579217 6830 1.0
13:40:41:580 119853265 30173061 584994 6838 1.0
13:40:41:780 119853472 30374505 579258 6822 1.0
13:40:41:980 119852624 30404087 579013 6829 1.0
13:40:42:180 119853613 30369043 579199 6837 1.0
13:40:42:580 119853292 30174944 584971 6841 1.0
13:40:42:780 119853511 30364179 579078 6834 1.0
13:40:42:980 119852842 30375337 579127 6834 1.0
13:40:43:180 119853439 30373192 579242 6829 1.0
13:40:43:580 119853918 30174533 584960 6857 1.0
13:40:43:780 119852638 30368398 579190 6839 1.0
13:40:43:980 119853419 30442649 579171 6843 1.0
13:40:44:180 119852898 30369596 579129 6816 1.0
13:40:44:580 119853956 30180800 585088 6841 1.0
13:40:44:780 119852966 30364736 579091 6825 1.0
13:40:44:980 119853588 30393801 579081 6839 1.0
13:40:45:180 119852735 30370378 579229 6840 1.0
13:40:45:580 119853281 30178222 585060 6839 1.0
13:40:45:780 119852782 30364838 579093 6845 1.0
13:40:45:980 119853616 30471236 578957 6840 1.0
13:40:46:180 119852829 30364151 579076 6840 1.0
13:40:46:580 119853211 30176398 585009 6836 1.0
13:40:46:780 119853469 30373306 579253 6845 1.0
13:40:46:980 119852914 30451017 579041 6829 1.0
13:40:47:180 119853655 30367651 579179 6848 1.0
13:40:47:580 119853415 30173866 584951 6844 1.0
13:40:47:780 119853285 30369527 579197 6841 1.0
13:40:47:980 119852703 30377268 579117 6822 1.0
13:40:48:180 119853484 30372909 579286 6845 1.0
13:40:48:580 119854030 30176748 585027 6842 1.0
13:40:48:780 119852637 30370868 579248 6830 1.0
13:40:48:980 119852704 30384735 579065 6848 1.0
13:40:49:180 119853594 30367693 579171 6830 1.0
13:40:49:580 119854061 30184255 585180 6849 1.0
13:40:49:780 119853128 30367484 579108 6832 1.0
13:40:49:980 119853366 30431741 578984 6835 1.0
13:40:50:180 119852945 30376902 579318 6853 1.0
13:40:50:580 119853410 30175642 584991 6863 1.0
13:40:50:780 119852963 30373179 579221 6841 1.0
13:40:50:980 119853392 30469694 579050 6842 1.0
13:40:51:180 119852782 30368373 579131 6848 1.0
13:40:51:580 119853487 30179807 585090 6856 1.0
13:40:51:780 119853648 30367268 579160 6845 1.0
13:40:51:980 119852803 30397801 579015 6835 1.0
13:40:52:180 119852754 30367737 579154 6832 1.0
13:40:52:580 119853362 30214133 583770 6852 1.0
13:40:52:780 119853515 30368756 579197 6831 1.0
13:40:52:980 119852845 30379605 579227 6847 1.0
13:40:53:180 119853403 30365975 579126 6840 1.0
13:40:53:580 119853955 30323705 580223 6811 1.0
13:40:53:780 119852865 30369250 579212 6840 1.0
13:40:53:980 119852693 30404486 579143 6835 1.0
13:40:54:380 119853215 30179481 585045 6861 1.0
13:40:54:580 119853525 30402202 579112 6848 1.0
13:40:54:780 119852680 30366248 579108 6840 1.0
13:40:54:980 119853468 30461810 578880 6825 1.0
13:40:55:380 119853261 30174247 584985 6836 1.0
13:40:55:580 119853577 30434711 578913 6832 1.0
13:40:55:780 119852930 30372315 579270 6847 1.0
13:40:55:980 119853449 30388007 579015 6850 1.0
13:40:56:380 119853920 30175817 584996 6842 1.0
13:40:56:581 119852724 30462939 579090 6833 1.0
13:40:56:781 119853550 30367352 579103 6845 1.0
13:40:56:981 119852779 30417456 579032 6843 1.0
13:40:57:381 119854037 30177714 585045 6842 1.0
13:40:57:581 119852888 30425445 579076 6833 1.0
13:40:57:781 119853552 30366669 579122 6845 1.0
13:40:57:981 119852826 30390842 579117 6836 1.0
13:40:58:381 119853338 30175382 585000 6850 1.0
13:40:58:581 119852751 30383559 579147 6826 1.0
13:40:58:781 119853612 30370870 579255 6839 1.0
13:40:58:981 119852794 30393235 579047 6832 1.0
13:40:59:381 119853261 30181325 585141 6838 1.0
13:40:59:581 119853643 30419316 579015 6836 1.0
13:40:59:781 119852730 30363917 579072 6837 1.0
13:40:59:981 119853584 30471653 579030 6836 1.0
13:41:00:381 119853424 30175999 585011 6862 1.0
13:41:00:581 119853546 30425527 579023 6836 1.0
13:41:00:781 119852620 30374548 579258 6825 1.0
13:41:00:981 119853592 30431237 579029 6838 1.0
13:41:01:381 119853812 30175935 584998 6838 1.0
13:41:01:581 119852834 30389863 579170 6839 1.0
13:41:01:781 119852807 30369217 579187 6843 1.0
13:41:01:981 119853399 30396684 579035 6824 1.0
13:41:02:381 119854049 30175086 585019 6846 1.0
13:41:02:581 119852738 30432396 578879 6835 1.0
13:41:02:781 119853573 30366577 579144 6843 1.0
13:41:02:981 119852758 30402664 579209 6825 1.0
13:41:03:381 119853284 30177284 585033 6845 1.0
13:41:03:581 119852895 30379869 579248 6856 1.0
13:41:03:781 119853532 30367754 579105 6836 1.0
13:41:03:981 119852564 30404338 579117 6838 1.0
13:41:04:381 119853222 30181292 585133 6846 1.0
13:41:04:581 119853543 30429984 579019 6840 1.0
13:41:04:781 119852970 30369738 579132 6834 1.0
13:41:04:981 119852645 30414954 579100 6833 1.0
13:41:05:381 119853310 30172660 585005 6844 1.0
13:41:05:581 119853447 30440925 578904 6838 1.0
13:41:05:781 119852613 30372488 579298 6831 1.0
13:41:05:981 119853508 30401248 578969 6852 1.0
13:41:06:381 119853966 30177873 585050 6853 1.0
13:41:06:581 119852829 30391005 578991 6844 1.0
13:41:06:781 119852915 30368130 579184 6827 1.0
13:41:06:981 119853522 30378893 579207 6842 1.0
13:41:07:381 119853947 30174083 585004 6839 1.0
13:41:07:581 119852832 30402073 579044 6832 1.0
13:41:07:781 119853472 30378075 579352 6829 1.0
13:41:07:981 119852743 30427299 578943 6842 1.0
13:41:08:381 119853955 30176209 585040 6854 1.0
13:41:08:581 119852802 30378445 579342 6823 1.0
13:41:08:781 119853532 30366796 579139 6840 1.0
13:41:08:981 119853047 30432869 578932 6843 1.0
13:41:09:381 119853260 30176424 585012 6837 1.0
13:41:09:581 119853638 30458563 578917 6832 1.0
13:41:09:781 119852662 30370439 579243 6840 1.0
13:41:09:981 119852836 30444264 579059 6836 1.0
13:41:10:381 119852977 30177649 585044 6847 1.0
13:41:10:581 119853598 30389365 579142 6855 1.0
13:41:10:781 119852880 30371258 579222 6843 1.0
13:41:10:981 119853388 30444282 578997 6827 1.0
13:41:11:381 119853245 30180190 585090 6834 1.0
13:41:11:581 119853559 30413856 579067 6848 1.0
13:41:11:781 119852731 30367346 579131 6821 1.0
13:41:11:981 119853359 30376250 579258 6840 1.0
13:41:12:381 119853928 30172497 584906 6855 1.0
13:41:12:581 119852771 30382042 579129 6842 1.0
13:41:12:781 119853667 30375863 579292 6842 1.0
13:41:12:981 119852705 30432935 578981 6843 1.0
13:41:13:381 119854012 30183081 585182 6861 1.0
13:41:13:581 119853014 30412669 578991 6833 1.0
13:41:13:781 119853541 30370610 579229 6832 1.0
13:41:13:981 119852821 30384680 579064 6838 1.0
13:41:14:381 119853297 30174660 585018 6853 1.0
13:41:14:581 119852733 30384183 579068 6819 1.0
13:41:14:781 119853601 30372140 579192 6845 1.0
13:41:14:981 119852747 30406768 579092 6842 1.0
13:41:15:381 119853349 30201460 584309 6855 1.0
13:41:15:581 119853465 30390238 579206 6830 1.0
13:41:15:781 119852806 30365999 579126 6805 1.0
13:41:15:981 119852789 30410353 579011 6844 1.0
13:41:16:381 119853232 30307058 580758 6822 1.0
13:41:16:581 119853418 30419893 579110 6827 1.0
13:41:16:781 119852746 30365567 579116 6827 1.0
13:41:17:181 119853431 30173807 584941 6852 1.0
13:41:17:381 119853477 30368638 579195 6837 1.0
13:41:17:581 119852778 30384912 579240 6850 1.0
13:41:17:781 119852965 30365202 579104 6840 1.0
13:41:18:181 119853428 30178913 585045 6864 1.0
13:41:18:381 119853420 30373632 579312 6837 1.0
13:41:18:581 119852751 30438526 578908 6833 1.0
13:41:18:781 119853580 30365402 579103 6838 1.0
13:41:19:181 119853568 30179529 585092 6843 1.0
13:41:19:381 119853724 30365250 579105 6840 1.0
13:41:19:581 119852800 30388179 579128 6839 1.0
13:41:19:781 119853506 30368325 579184 6822 1.0
13:41:20:181 119854090 30176595 585015 6852 1.0
13:41:20:381 119852790 30366918 579150 6836 1.0
13:41:20:581 119853690 30430112 579159 6843 1.0
13:41:20:781 119852866 30367815 579140 6839 1.0
13:41:21:181 119853948 30184267 585188 6844 1.0
13:41:21:381 119852785 30366641 579143 6837 1.0
13:41:21:581 119853524 30426217 578929 6840 1.0
13:41:21:781 119852616 30370840 579193 6824 1.0
13:41:22:181 119853217 30176315 585009 6841 1.0
13:41:22:381 119852693 30369769 579225 6822 1.0
13:41:22:581 119853470 30393054 579172 6844 1.0
13:41:22:781 119852780 30367033 579153 6827 1.0
13:41:23:181 119853429 30176145 585004 6855 1.0
13:41:23:381 119853538 30368428 579185 6838 1.0
13:41:23:581 119852850 30405835 579078 6832 1.0
13:41:23:781 119853513 30366395 579136 6852 1.0
13:41:24:181 119852994 30178086 585045 6837 1.0
13:41:24:381 119853628 30366426 579103 6823 1.0
13:41:24:581 119852755 30384519 579117 6848 1.0
13:41:24:781 119853356 30372969 579251 6842 1.0
13:41:25:181 119854040 30173594 585028 6840 1.0
13:41:25:381 119852796 30374733 579262 6846 1.0
13:41:25:581 119853078 30412406 578970 6843 1.0
13:41:25:781 119853405 30368363 579178 6843 1.0
13:41:26:181 119853879 30182903 585181 6847 1.0
13:41:26:381 119852871 30363854 579069 6825 1.0
13:41:26:581 119853587 30411180 579042 6841 1.0
13:41:26:781 119852801 30372126 579218 6841 1.0
13:41:27:181 119853449 30173603 584936 6855 1.0
13:41:27:381 119852905 30367963 579178 6833 1.0
13:41:27:581 119853561 30400834 579163 6826 1.0
13:41:27:781 119852781 30367269 579130 6836 1.0
13:41:28:181 119853408 30177984 585045 6843 1.0
13:41:28:381 119853569 30366188 579128 6836 1.0
13:41:28:581 119852788 30468617 578833 6825 1.0
13:41:28:781 119852945 30368344 579188 6842 1.0
13:41:29:181 119853400 30177507 585039 6853 1.0
13:41:29:381 119853532 30365644 579116 6822 1.0
13:41:29:581 119852925 30380900 579258 6846 1.0
13:41:29:781 119853466 30367352 579103 6834 1.0
13:41:30:181 119854097 30173210 584926 6838 1.0
13:41:30:381 119852735 30373077 579287 6850 1.0
13:41:30:581 119852676 30380218 579104 6846 1.0
13:41:30:781 119853473 30368867 579116 6840 1.0
13:41:31:181 119854154 30174878 585033 6851 1.0
13:41:31:381 119852711 30364646 579091 6826 1.0
13:41:31:581 119853363 30432659 578893 6829 1.0
13:41:31:781 119852598 30371112 579260 6837 1.0
13:41:32:181 119854064 30181170 585137 6841 1.0
13:41:32:381 119852944 30371771 579199 6837 1.0
13:41:32:581 119853368 30450023 578990 6835 1.0
13:41:32:781 119852787 30370883 579230 6848 1.0
13:41:33:181 119853150 30181155 585101 6848 1.0
13:41:33:381 119853648 30367925 579120 6845 1.0
13:41:33:581 119852754 30417099 579038 6842 1.0
13:41:33:781 119852791 30372406 579200 6844 1.0
13:41:34:181 119853287 30174000 584975 6832 1.0
13:41:34:381 119853596 30370609 579173 6835 1.0
13:41:34:581 119852796 30384806 579126 6830 1.0
13:41:34:781 119853525 30368946 579202 6821 1.0
13:41:35:181 119853316 30177297 585035 6856 1.0
13:41:35:381 119853465 30365426 579110 6830 1.0
13:41:35:581 119852730 30465401 578918 6831 1.0
13:41:35:781 119853650 30369724 579224 6843 1.0
13:41:36:181 119854037 30174860 584969 6845 1.0
13:41:36:381 119852647 30368427 579190 6845 1.0
13:41:36:581 119853597 30378397 579139 6840 1.0
13:41:36:781 119852998 30376108 579299 6835 1.0
13:41:37:181 119854113 30177160 585036 6861 1.0
13:41:37:381 119852996 30373939 579241 6831 1.0
13:41:37:581 119853548 30420649 578983 6836 1.0
13:41:37:781 119852739 30365149 579108 6827 1.0
13:41:38:181 119853191 30189372 584925 6847 1.0
13:41:38:381 119852943 30368119 579182 6846 1.0
13:41:38:581 119853475 30399574 578944 6830 1.0
13:41:38:781 119852985 30371432 579270 6851 1.0
13:41:39:181 119853385 30293346 581227 6817 1.0
13:41:39:381 119853437 30367495 579164 6825 1.0
13:41:39:581 119852759 30389448 579110 6835 1.0
13:41:39:981 119853355 30172227 584900 6837 1.0
13:41:40:181 119852920 30461130 579013 6835 1.0
13:41:40:381 119853460 30365519 579103 6826 1.0
13:41:40:581 119852839 30411316 579117 6828 1.0
13:41:40:981 119853222 30181942 585158 6842 1.0
13:41:41:181 119853488 30436262 578972 6840 1.0
13:41:41:381 119852687 30366944 579108 6836 1.0
13:41:41:581 119852727 30375156 579271 6844 1.0
13:41:41:981 119853133 30171956 584893 6847 1.0
13:41:42:181 119853208 30387890 579136 6841 1.0
13:41:42:381 119852670 30375864 579292 6842 1.0
13:41:42:581 119853475 30459654 578941 6823 1.0
13:41:42:981 119854175 30181004 585132 6840 1.0
13:41:43:181 119852690 30396903 579039 6839 1.0
13:41:43:381 119852923 30367420 579167 6833 1.0
13:41:43:581 119853583 30375895 579111 6840 1.0
13:41:43:981 119854052 30176617 585019 6846 1.0
13:41:44:181 119852846 30403856 579116 6845 1.0
13:41:44:381 119853670 30371289 579172 6839 1.0
13:41:44:581 119852557 30394662 579049 6832 1.0
13:41:44:981 119853997 30174297 585033 6845 1.0
13:41:45:181 119852918 30459250 579026 6844 1.0
13:41:45:381 119853382 30369811 579194 6837 1.0
13:41:45:581 119852658 30447246 578937 6840 1.0
13:41:45:981 119853234 30174058 585032 6841 1.0
13:41:46:181 119853590 30416304 578965 6842 1.0
13:41:46:381 119852771 30366725 579143 6833 1.0
13:41:46:581 119852648 30411572 579201 6836 1.0
13:41:46:981 119853329 30173993 585000 6844 1.0
13:41:47:181 119853315 30380549 579157 6846 1.0
13:41:47:381 119852753 30367027 579117 6838 1.0
13:41:47:581 119853593 30393423 579103 6842 1.0
13:41:47:981 119853198 30178665 585069 6849 1.0
13:41:48:181 119853399 30399470 579077 6838 1.0
13:41:48:381 119852764 30367643 579108 6831 1.0
13:41:48:581 119853390 30445347 579034 6825 1.0
13:41:48:981 119854021 30175809 584996 6836 1.0
13:41:49:181 119852683 30406708 579032 6839 1.0
13:41:49:381 119852744 30370206 579238 6837 1.0
13:41:49:581 119853550 30411907 579097 6830 1.0
13:41:49:981 119854060 30186257 585230 6849 1.0
13:41:50:181 119852817 30375077 579065 6829 1.0
13:41:50:381 119853538 30372482 579224 6836 1.0
13:41:50:581 119852812 30390525 579100 6836 1.0
13:41:50:981 119853390 30175721 584993 6854 1.0
13:41:51:181 119852841 30401643 579110 6830 1.0
13:41:51:381 119853570 30370138 579147 6840 1.0
13:41:51:581 119852627 30407550 579104 6835 1.0
13:41:51:981 119853267 30175126 584978 6853 1.0
13:41:52:181 119853301 30403216 579181 6838 1.0
13:41:52:381 119852834 30365311 579109 6835 1.0
13:41:52:581 119852836 30391480 579026 6849 1.0
13:41:52:981 119853333 30173025 584977 6847 1.0
13:41:53:181 119853385 30400883 579071 6832 1.0
13:41:53:381 119852764 30371169 579217 6840 1.0
13:41:53:581 119853458 30429731 579102 6844 1.0
13:41:53:981 119854073 30175097 585021 6845 1.0
13:41:54:181 119852895 30468884 578877 6850 1.0
13:41:54:381 119852958 30373599 579268 6825 1.0
13:41:54:581 119853644 30446364 578952 6839 1.0
13:41:54:981 119854042 30180851 585126 6845 1.0
13:41:55:181 119852988 30418881 579057 6850 1.0
13:41:55:381 119853735 30367658 579172 6823 1.0
13:41:55:581 119852722 30377913 579106 6840 1.0
13:41:55:981 119853916 30174331 584957 6842 1.0
13:41:56:181 119852742 30465250 578886 6838 1.0
13:41:56:381 119853685 30366916 579149 6841 1.0
13:41:56:581 119852779 30469116 578892 6839 1.0
13:41:56:981 119853247 30176329 585010 6855 1.0
13:41:57:181 119853576 30408513 579123 6832 1.0
13:41:57:381 119852896 30366964 579151 6837 1.0
13:41:57:581 119852445 30458092 578877 6841 1.0
13:41:57:981 119853258 30175431 584985 6841 1.0
13:41:58:181 119853359 30405828 579016 6847 1.0
13:41:58:381 119852872 30368686 579135 6841 1.0
13:41:58:581 119853469 30417007 579135 6844 1.0
13:41:58:981 119853125 30172572 584974 6835 1.0
13:41:59:181 119853366 30432876 579100 6836 1.0
13:41:59:381 119852771 30364904 579098 6843 1.0
13:41:59:581 119853536 30398110 579026 6848 1.0
13:41:59:981 119854005 30179218 585085 6837 1.0
13:42:00:181 119852639 30382522 579037 6854 1.0
13:42:00:381 119853582 30369148 579207 6836 1.0
13:42:00:581 119852702 30396267 579113 6830 1.0
13:42:00:981 119853903 30175734 585019 6858 1.0
13:42:01:181 119852921 30446673 578888 6849 1.0
13:42:01:381 119853716 30372309 579215 6835 1.0
13:42:01:581 119852681 30389608 579060 6837 1.0
13:42:01:981 119853337 30283796 581884 6830 1.0
13:42:02:181 119852764 30437395 578966 6845 1.0
13:42:02:381 119853427 30367611 579169 6843 1.0
13:42:02:781 119854090 30181093 585135 6845 1.0
13:42:02:981 119852967 30364939 579098 6844 1.0
13:42:03:181 119853430 30400990 579018 6853 1.0
13:42:03:381 119852976 30370995 579235 6846 1.0
13:42:03:781 119853367 30176770 585020 6833 1.0
13:42:03:981 119852820 30366632 579144 6836 1.0
13:42:04:181 119853555 30373553 579116 6847 1.0
13:42:04:381 119853055 30367069 579146 6843 1.0
13:42:04:781 119853195 30179935 585105 6840 1.0
13:42:04:981 119853381 30367366 579162 6828 1.0
13:42:05:181 119852936 30406610 579049 6836 1.0
13:42:05:381 119852833 30365101 579102 6815 1.0
13:42:05:781 119853262 30174567 584963 6844 1.0
13:42:05:981 119853494 30369653 579223 6825 1.0
13:42:06:181 119852855 30382072 579225 6835 1.0
13:42:06:381 119853548 30367677 579153 6840 1.0
13:42:06:781 119853787 30175221 584980 6857 1.0
13:42:06:981 119852725 30373754 579236 6845 1.0
13:42:07:181 119852891 30420825 579027 6847 1.0
13:42:07:381 119853755 30369435 579145 6835 1.0
13:42:07:781 119853814 30175824 584997 6847 1.0
13:42:07:981 119852925 30365101 579103 6835 1.0
13:42:08:181 119853552 30384591 579067 6825 1.0
13:42:08:381 119852872 30370590 579156 6835 1.0
13:42:08:781 119854005 30175198 584979 6849 1.0
13:42:08:981 119852651 30370993 579257 6830 1.0
13:42:09:181 119853359 30382380 579073 6841 1.0
13:42:09:381 119852800 30366408 579135 6832 1.0
13:42:09:781 119853227 30181319 585098 6858 1.0
13:42:09:981 119853695 30365666 579105 6843 1.0
13:42:10:181 119852721 30392058 579050 6837 1.0
13:42:10:381 119852951 30378008 579352 6834 1.0
13:42:10:781 119853167 30171600 584911 6854 1.0
13:42:10:981 119853558 30370251 579237 6851 1.0
13:42:11:181 119852773 30455433 579018 6849 1.0
13:42:11:381 119853687 30370266 579202 6831 1.0
13:42:11:781 119853264 30175229 585020 6844 1.0
13:42:11:981 119853615 30371043 579218 6837 1.0
13:42:12:181 119852726 30421831 579038 6843 1.0
13:42:12:381 119853385 30368161 579184 6845 1.0
13:42:12:781 119853784 30175680 584992 6856 1.0
13:42:12:981 119853016 30368480 579189 6837 1.0
13:42:13:181 119853462 30371756 579080 6832 1.0
13:42:13:381 119852900 30373121 579221 6831 1.0
13:42:13:781 119854014 30179234 585059 6857 1.0
13:42:13:981 119852809 30373487 579253 6830 1.0
13:42:14:181 119853227 30440756 578967 6830 1.0
13:42:14:381 119852685 30367242 579119 6831 1.0
13:42:14:781 119853089 30182515 585173 6836 1.0
13:42:14:981 119852862 30368487 579191 6829 1.0
13:42:15:181 119853529 30436831 578920 6855 1.0
13:42:15:381 119852765 30374029 579326 6840 1.0
13:42:15:781 119853147 30174159 584951 6844 1.0
13:42:15:981 119853338 30370156 579236 6848 1.0
13:42:16:181 119852876 30403015 579094 6849 1.0
13:42:16:381 119853599 30365540 579114 6847 1.0
13:42:16:781 119853242 30181422 585060 6859 1.0
13:42:16:981 119853478 30366640 579141 6832 1.0
13:42:17:181 119852875 30413345 579027 6843 1.0
13:42:17:381 119853518 30365586 579116 6848 1.0
13:42:17:781 119853928 30176616 585040 6856 1.0
13:42:17:981 119852695 30368814 579144 6846 1.0
13:42:18:181 119852745 30387730 579203 6846 1.0
13:42:18:381 119853597 30366971 579151 6837 1.0
13:42:18:781 119853940 30171404 584958 6852 1.0
13:42:18:981 119852867 30377488 579348 6853 1.0
13:42:19:181 119853578 30402108 579081 6845 1.0
13:42:19:381 119852748 30366145 579128 6819 1.0
13:42:19:781 119853346 30174103 584949 6846 1.0
13:42:19:981 119852986 30369053 579207 6825 1.0
13:42:20:181 119853579 30377109 579135 6835 1.0
13:42:20:381 119852720 30373492 579231 6830 1.0
13:42:20:781 119853214 30173184 584969 6836 1.0
13:42:20:981 119853611 30368280 579179 6837 1.0
13:42:21:181 119852680 30453680 578858 6820 1.0
13:42:21:381 119853011 30366782 579123 6839 1.0
13:42:21:781 119853386 30183095 585186 6841 1.0
13:42:21:981 119853493 30370640 579157 6837 1.0
13:42:22:181 119852837 30445988 578946 6840 1.0
13:42:22:381 119853256 30372810 579274 6835 1.0
13:42:22:781 119853883 30175670 584993 6843 1.0
13:42:22:981 119852722 30365810 579121 6856 1.0
13:42:23:181 119852896 30433401 579237 6843 1.0
13:42:23:381 119853509 30368249 579110 6840 1.0
13:42:23:781 119853928 30182040 585059 6853 1.0
13:42:23:981 119852791 30372459 579294 6850 1.0
13:42:24:181 119853614 30461537 578938 6842 1.0
13:42:24:381 119852819 30366047 579126 6811 1.0
13:42:24:781 119853973 30270365 582047 6834 1.0
13:42:24:981 119852715 30364933 579108 6831 1.0
13:42:25:181 119853581 30372044 579247 6854 1.0
13:42:25:581 119854003 30174893 584971 6856 1.0
13:42:25:781 119852772 30402929 579114 6848 1.0
13:42:25:981 119852983 30372510 579219 6835 1.0
13:42:26:181 119853743 30429351 579003 6831 1.0
13:42:26:581 119853978 30181231 585116 6837 1.0
13:42:26:781 119852999 30410871 579104 6848 1.0
13:42:26:981 119853666 30363248 579054 6826 1.0
13:42:27:181 119852971 30373528 579165 6839 1.0
13:42:27:581 119853248 30176622 585016 6836 1.0
13:42:27:781 119852954 30418716 579026 6840 1.0
13:42:27:981 119853540 30370447 579150 6847 1.0
13:42:28:181 119852987 30377907 579135 6837 1.0
13:42:28:581 119853367 30175463 584985 6842 1.0
13:42:28:781 119853677 30399178 579123 6829 1.0
13:42:28:981 119852721 30368347 579186 6839 1.0
13:42:29:181 119852844 30404394 579050 6842 1.0
13:42:29:581 119853294 30182876 585089 6839 1.0
13:42:29:781 119853589 30439139 578937 6830 1.0
13:42:29:981 119852978 30366847 579148 6824 1.0
13:42:30:181 119853656 30406846 579222 6828 1.0
13:42:30:581 119853912 30172721 585008 6848 1.0
13:42:30:781 119852774 30373630 579085 6843 1.0
13:42:30:981 119852602 30373064 579218 6832 1.0
13:42:31:181 119853569 30388597 579114 6837 1.0
13:42:31:581 119854093 30181300 585140 6859 1.0
13:42:31:781 119852742 30445413 578886 6843 1.0
13:42:31:981 119853597 30367654 579170 6815 1.0
13:42:32:181 119852561 30376897 579170 6848 1.0
13:42:32:581 119854036 30174329 585011 6841 1.0
13:42:32:781 119852754 30414668 579002 6846 1.0
13:42:32:981 119853428 30372144 579247 6842 1.0
13:42:33:181 119852667 30400054 579084 6826 1.0
13:42:33:581 119853279 30177203 585031 6845 1.0
13:42:33:781 119853656 30381636 579192 6842 1.0
13:42:33:981 119852828 30366663 579143 6827 1.0
13:42:34:181 119852977 30421516 579021 6837 1.0
13:42:34:581 119853241 30173497 584934 6838 1.0
13:42:34:781 119853455 30389586 579192 6841 1.0
13:42:34:981 119852936 30367517 579166 6848 1.0
13:42:35:181 119853372 30380726 579242 6847 1.0
13:42:35:581 119853383 30174858 584969 6866 1.0
13:42:35:781 119853666 30472833 579039 6830 1.0
13:42:35:981 119852947 30364767 579093 6824 1.0
13:42:36:181 119853501 30375143 579072 6828 1.0
13:42:36:581 119854071 30180957 585130 6848 1.0
13:42:36:781 119852789 30449034 578968 6831 1.0
13:42:36:981 119853476 30369564 579140 6825 1.0
13:42:37:181 119852770 30390247 579124 6831 1.0
13:42:37:581 119854245 30176714 585019 6847 1.0
13:42:37:781 119852808 30397312 579103 6840 1.0
13:42:37:981 119853676 30375831 579329 6839 1.0
13:42:38:181 119852610 30431491 578956 6828 1.0
13:42:38:581 119853204 30183101 585162 6852 1.0
13:42:38:781 119852852 30443487 578957 6834 1.0
13:42:38:981 119853702 30371866 579263 6840 1.0
13:42:39:181 119852935 30406624 579059 6847 1.0
13:42:39:581 119853345 30175191 585009 6845 1.0
13:42:39:781 119853410 30415101 578975 6831 1.0
13:42:39:981 119852763 30371979 579245 6850 1.0
13:42:40:181 119853449 30378094 579106 6833 1.0
13:42:40:581 119853395 30175646 584990 6839 1.0
13:42:40:781 119853546 30441729 579059 6840 1.0
13:42:40:981 119852943 30365467 579110 6845 1.0
13:42:41:181 119853776 30379565 579029 6838 1.0
13:42:41:581 119854042 30174282 584955 6858 1.0
13:42:41:781 119852632 30395505 579027 6846 1.0
13:42:41:981 119852691 30364033 579095 6834 1.0
13:42:42:181 119853354 30370490 579203 6847 1.0
13:42:42:581 119854057 30177055 585029 6852 1.0
13:42:42:781 119852774 30462914 579026 6852 1.0
13:42:42:981 119853363 30367493 579157 6839 1.0
13:42:43:181 119852793 30437068 579015 6846 1.0
13:42:43:581 119853452 30184813 585140 6843 1.0
13:42:43:781 119852497 30407899 579101 6855 1.0
13:42:43:981 119853673 30371001 579185 6836 1.0
13:42:44:181 119852844 30404222 579186 6827 1.0
13:42:44:581 119853388 30175747 584994 6862 1.0
13:42:44:781 119853594 30419292 579120 6841 1.0
13:42:44:981 119852602 30375025 579288 6843 1.0
13:42:45:181 119852714 30442201 578980 6845 1.0
13:42:45:581 119853494 30178419 585063 6841 1.0
13:42:45:781 119853427 30403175 579063 6841 1.0
13:42:45:981 119852921 30368257 579185 6835 1.0
13:42:46:181 119853390 30380481 579141 6840 1.0
13:42:46:581 119853941 30177398 585042 6852 1.0
13:42:46:781 119852887 30381728 579120 6845 1.0
13:42:46:981 119852795 30367757 579112 6824 1.0
13:42:47:181 119853616 30419893 579112 6843 1.0
13:42:47:581 119853882 30267647 582050 6828 1.0
13:42:47:781 119852599 30427199 579092 6817 1.0
13:42:47:981 119853584 30369130 579209 6825 1.0
13:42:48:381 119852949 30176126 585004 6835 1.0
13:42:48:581 119853584 30375489 579339 6833 1.0
13:42:48:781 119852729 30432702 578958 6836 1.0
13:42:48:981 119853590 30367976 579177 6831 1.0
13:42:49:381 119854185 30175516 584987 6841 1.0
13:42:49:581 119852736 30366771 579188 6825 1.0
13:42:49:781 119853459 30384655 579147 6835 1.0
13:42:49:981 119852755 30372304 579203 6850 1.0
13:42:50:381 119854007 30178073 585040 6844 1.0
13:42:50:581 119853043 30372604 579249 6839 1.0
13:42:50:781 119853589 30432090 578971 6829 1.0
13:42:50:981 119852835 30367663 579112 6847 1.0
13:42:51:381 119853509 30182622 585174 6853 1.0
13:42:51:581 119852724 30368872 579193 6836 1.0
13:42:51:781 119853504 30440396 578942 6831 1.0
13:42:51:981 119852766 30375331 579278 6842 1.0
13:42:52:381 119853544 30174242 584955 6845 1.0
13:42:52:581 119853620 30365788 579121 6829 1.0
13:42:52:781 119852689 30421416 579203 6843 1.0
13:42:52:981 119853732 30367110 579154 6844 1.0
13:42:53:381 119853414 30180730 585045 6869 1.0
13:42:53:581 119853558 30367212 579145 6843 1.0
13:42:53:781 119852715 30417642 579075 6842 1.0
13:42:53:981 119853447 30370718 579177 6844 1.0
13:42:54:381 119854015 30176941 585025 6841 1.0
13:42:54:581 119852820 30368838 579202 6827 1.0
13:42:54:781 119852885 30421772 579117 6845 1.0
13:42:54:981 119853599 30368666 579196 6837 1.0
13:42:55:381 119853860 30174358 584957 6856 1.0
13:42:55:581 119852739 30374072 579317 6821 1.0
13:42:55:781 119853479 30416413 578956 6841 1.0
13:42:55:981 119852875 30368093 579180 6827 1.0
13:42:56:381 119853885 30173408 584934 6837 1.0
13:42:56:581 119852975 30366117 579128 6846 1.0
13:42:56:781 119853471 30449864 578987 6842 1.0
13:42:56:981 119852719 30373180 579257 6841 1.0
13:42:57:381 119853431 30175310 585045 6861 1.0
13:42:57:581 119853530 30373784 579243 6831 1.0
13:42:57:781 119852765 30421650 578977 6847 1.0
13:42:57:981 119852760 30366242 579125 6839 1.0
13:42:58:381 119853023 30183797 585205 6841 1.0
13:42:58:581 119853540 30366304 579103 6848 1.0
13:42:58:781 119852627 30428510 578975 6850 1.0
13:42:58:981 119853613 30371515 579245 6847 1.0
13:42:59:381 119853427 30175734 584992 6851 1.0
13:42:59:581 119853360 30366745 579147 6832 1.0
13:42:59:781 119852884 30430624 579156 6840 1.0
13:42:59:981 119853420 30368193 579113 6832 1.0
13:43:00:381 119854027 30182153 585085 6847 1.0
13:43:00:581 119852885 30364951 579098 6834 1.0
13:43:00:781 119853518 30385938 579119 6822 1.0
13:43:00:981 119852825 30367824 579176 6825 1.0
13:43:01:381 119854169 30176223 585008 6841 1.0
13:43:01:581 119852948 30368373 579189 6830 1.0
13:43:01:781 119853827 30369355 579122 6840 1.0
13:43:01:981 119853053 30366781 579147 6821 1.0
13:43:02:381 119853291 30176092 585002 6855 1.0
13:43:02:581 119852785 30370363 579232 6838 1.0
13:43:02:781 119853478 30406015 579095 6836 1.0
13:43:02:981 119852769 30369219 579128 6834 1.0
13:43:03:381 119853228 30175600 584990 6842 1.0
13:43:03:581 119853584 30367015 579154 6833 1.0
13:43:03:781 119852919 30413603 579052 6836 1.0
13:43:03:981 119853472 30375838 579325 6845 1.0
13:43:04:381 119853174 30172596 584995 6854 1.0
13:43:04:581 119853677 30368516 579105 6840 1.0
13:43:04:781 119852909 30403603 579157 6847 1.0
13:43:04:981 119853494 30363984 579074 6834 1.0
13:43:05:381 119853902 30179064 585081 6848 1.0
13:43:05:581 119852928 30369675 579194 6855 1.0
13:43:05:781 119852788 30435650 579038 6832 1.0
13:43:05:981 119853559 30367502 579165 6838 1.0
13:43:06:381 119854430 30176940 585024 6854 1.0
13:43:06:581 119852642 30367239 579145 6844 1.0
13:43:06:781 119853514 30387982 579189 6840 1.0
13:43:06:981 119852791 30370219 579239 6855 1.0
13:43:07:381 119853269 30175973 585028 6844 1.0
13:43:07:581 119852874 30373726 579301 6839 1.0
13:43:07:781 119853266 30435030 578966 6846 1.0
13:43:07:981 119852777 30369840 579234 6854 1.0
13:43:08:381 119853349 30174266 584956 6856 1.0
13:43:08:581 119853454 30366439 579137 6830 1.0
13:43:08:781 119852676 30447530 578916 6831 1.0
13:43:08:981 119852953 30369847 579230 6832 1.0
13:43:09:381 119853347 30176443 584979 6834 1.0
13:43:09:581 119853644 30369139 579182 6845 1.0
13:43:09:781 119852917 30393602 579085 6834 1.0
13:43:09:981 119853702 30366204 579133 6842 1.0
13:43:10:381 119853987 30273136 582101 6827 1.0
13:43:10:581 119852808 30365830 579118 6853 1.0
13:43:10:781 119852940 30369170 579101 6830 1.0
13:43:11:181 119853154 30176788 585020 6856 1.0
13:43:11:381 119853455 30426804 578921 6838 1.0
13:43:11:581 119852944 30368011 579179 6836 1.0
13:43:11:781 119853452 30412020 579183 6841 1.0
13:43:12:181 119853410 30174423 584959 6846 1.0
13:43:12:381 119853494 30383421 579226 6838 1.0
13:43:12:581 119852784 30367258 579119 6832 1.0
13:43:12:781 119853327 30424358 579074 6830 1.0
13:43:13:181 119854079 30181934 585096 6859 1.0
13:43:13:381 119852747 30425676 579055 6843 1.0
13:43:13:581 119853391 30366176 579109 6841 1.0
13:43:13:781 119852721 30460906 578990 6827 1.0
13:43:14:181 119853928 30176321 585010 6839 1.0
13:43:14:381 119852749 30424798 578968 6838 1.0
13:43:14:581 119853421 30368241 579185 6831 1.0
13:43:14:781 119852865 30470186 578895 6839 1.0
13:43:15:181 119853086 30181707 585129 6849 1.0
13:43:15:381 119852711 30428613 578966 6833 1.0
13:43:15:581 119853581 30365502 579112 6840 1.0
13:43:15:781 119852810 30463724 578918 6830 1.0
13:43:16:181 119853481 30174733 584967 6847 1.0
13:43:16:381 119853472 30422804 578957 6842 1.0
13:43:16:581 119852833 30377170 579327 6835 1.0
13:43:16:781 119853475 30426620 579015 6832 1.0
13:43:17:181 119853187 30177898 585051 6847 1.0
13:43:17:381 119853419 30389880 579245 6848 1.0
13:43:17:581 119852751 30366987 579152 6846 1.0
13:43:17:781 119853701 30418078 579015 6845 1.0
13:43:18:181 119854026 30175562 584990 6842 1.0
13:43:18:381 119852937 30396913 579033 6849 1.0
13:43:18:581 119852888 30367947 579178 6842 1.0
13:43:18:781 119853590 30422679 579104 6834 1.0
13:43:19:181 119853980 30171944 584895 6839 1.0
13:43:19:381 119852854 30439952 579078 6844 1.0
13:43:19:581 119853445 30368458 579185 6831 1.0
13:43:19:781 119852770 30441916 579035 6855 1.0
13:43:20:181 119853241 30177615 585045 6849 1.0
13:43:20:381 119852976 30376051 579117 6844 1.0
13:43:20:581 119853626 30367620 579110 6844 1.0
13:43:20:781 119852839 30390600 579305 6838 1.0
13:43:21:181 119853481 30176149 585045 6838 1.0
13:43:21:381 119853456 30440596 578892 6842 1.0
13:43:21:581 119853056 30378202 579353 6846 1.0
13:43:21:781 119852703 30455423 579012 6845 1.0
13:43:22:181 119853425 30176519 585014 6854 1.0
13:43:22:381 119853569 30420602 579108 6838 1.0
13:43:22:581 119852915 30366036 579127 6839 1.0
13:43:22:781 119853497 30462049 578967 6833 1.0
13:43:23:181 119853799 30174565 585012 6845 1.0
13:43:23:381 119852501 30386536 579117 6829 1.0
13:43:23:581 119852807 30364367 579101 6835 1.0
13:43:23:781 119853639 30464534 578860 6825 1.0
13:43:24:181 119853914 30177970 585040 6847 1.0
13:43:24:381 119852852 30465834 579083 6828 1.0
13:43:24:581 119853393 30366249 579133 6831 1.0
13:43:24:781 119852778 30417147 578985 6831 1.0
13:43:25:181 119854121 30186673 585190 6844 1.0
13:43:25:381 119852653 30460159 578908 6819 1.0
13:43:25:581 119853420 30366026 579128 6835 1.0
13:43:25:781 119852914 30397504 579183 6843 1.0
13:43:26:181 119853249 30177895 585045 6838 1.0
13:43:26:381 119852567 30393907 579062 6835 1.0
13:43:26:581 119853348 30374502 579260 6840 1.0
13:43:26:781 119852882 30405555 579015 6844 1.0
13:43:27:181 119853402 30176844 585022 6853 1.0
13:43:27:381 119853567 30380269 579093 6837 1.0
13:43:27:581 119852846 30368278 579123 6840 1.0
13:43:27:781 119853570 30465239 578898 6845 1.0
13:43:28:181 119853337 30173206 584927 6845 1.0
13:43:28:381 119853418 30388416 579115 6826 1.0
13:43:28:581 119852852 30378614 579366 6840 1.0
13:43:28:781 119853373 30468910 578859 6835 1.0
13:43:29:181 119854117 30176138 585005 6849 1.0
13:43:29:381 119852667 30462950 578938 6841 1.0
13:43:29:581 119852656 30369629 579164 6836 1.0
13:43:29:781 119853558 30374339 579107 6825 1.0
13:43:30:181 119854213 30175100 584975 6860 1.0
13:43:30:381 119852741 30383077 579100 6836 1.0
13:43:30:581 119853557 30367114 579103 6836 1.0
13:43:30:781 119852814 30461342 578877 6833 1.0
13:43:31:181 119853233 30175145 584978 6848 1.0
13:43:31:381 119852841 30468713 578987 6829 1.0
13:43:31:581 119853578 30366980 579153 6831 1.0
13:43:31:781 119852860 30397976 579109 6853 1.0
13:43:32:181 119853404 30181750 585097 6856 1.0
13:43:32:381 119853653 30437626 578952 6841 1.0
13:43:32:581 119852844 30366325 579134 6833 1.0
13:43:32:781 119852830 30452098 579058 6834 1.0
13:43:33:181 119853251 30268935 582021 6853 1.0
13:43:33:381 119853834 30381078 579063 6836 1.0
13:43:33:581 119853098 30372030 579192 6840 1.0
13:43:33:981 119853269 30176112 585023 6846 1.0
13:43:34:181 119853385 30372653 579281 6827 1.0
13:43:34:381 119852884 30419405 578939 6835 1.0
13:43:34:581 119852785 30369573 579205 6839 1.0
13:43:34:981 119853223 30181064 585134 6845 1.0
13:43:35:181 119853579 30367287 579146 6833 1.0
13:43:35:381 119852945 30402860 578969 6837 1.0
13:43:35:581 119853549 30374122 579251 6831 1.0
13:43:35:981 119853348 30175960 584999 6852 1.0
13:43:36:181 119853275 30365757 579120 6826 1.0
13:43:36:381 119852587 30389941 579156 6834 1.0
13:43:36:581 119853446 30370001 579189 6846 1.0
13:43:36:981 119853974 30179233 585076 6845 1.0
13:43:37:181 119852789 30365689 579117 6834 1.0
13:43:37:381 119853567 30387730 579101 6835 1.0
13:43:37:581 119852678 30363358 579075 6821 1.0
13:43:37:981 119854186 30172491 584962 6848 1.0
13:43:38:181 119852742 30369086 579153 6849 1.0
13:43:38:381 119853684 30471533 579077 6826 1.0
13:43:38:581 119852876 30371810 579279 6839 1.0
13:43:38:981 119853308 30176062 585004 6845 1.0
13:43:39:181 119852896 30369852 579199 6844 1.0
13:43:39:381 119853623 30409261 579070 6826 1.0
13:43:39:581 119852737 30368716 579151 6816 1.0
13:43:39:981 119853221 30181159 585098 6851 1.0
13:43:40:181 119853620 30366165 579129 6840 1.0
13:43:40:381 119852515 30403286 579038 6837 1.0
13:43:40:581 119853317 30372988 579303 6820 1.0
13:43:40:981 119853356 30175480 584987 6841 1.0
13:43:41:181 119853723 30368830 579200 6854 1.0
13:43:41:381 119852743 30433048 579044 6842 1.0
13:43:41:581 119853599 30370477 579244 6845 1.0
13:43:41:981 119854020 30181118 585135 6849 1.0
13:43:42:181 119852763 30367395 579112 6852 1.0
13:43:42:381 119852889 30406642 578992 6833 1.0
13:43:42:581 119853562 30367111 579155 6841 1.0
13:43:42:981 119854018 30174192 584953 6847 1.0
13:43:43:181 119852662 30368815 579200 6843 1.0
13:43:43:381 119853584 30474046 578893 6831 1.0
13:43:43:581 119852817 30367214 579160 6831 1.0
13:43:43:981 119853336 30176218 585025 6848 1.0
13:43:44:181 119852986 30365413 579108 6835 1.0
13:43:44:381 119853582 30365449 579110 6846 1.0
13:43:44:581 119852684 30369478 579192 6826 1.0
13:43:44:981 119853425 30173660 584938 6839 1.0
13:43:45:181 119853500 30367337 579161 6848 1.0
13:43:45:381 119852867 30465130 578904 6840 1.0
13:43:45:581 119852614 30371299 579228 6842 1.0
13:43:45:981 119853184 30176628 585016 6853 1.0
13:43:46:181 119853565 30374954 579272 6844 1.0
13:43:46:381 119852867 30440095 579013 6839 1.0
13:43:46:581 119853546 30369571 579157 6830 1.0
13:43:46:981 119854077 30181657 585145 6844 1.0
13:43:47:181 119852740 30365729 579117 6823 1.0
13:43:47:381 119852858 30408863 579026 6837 1.0
13:43:47:581 119853567 30369075 579206 6833 1.0
13:43:47:981 119854032 30175636 584991 6841 1.0
13:43:48:181 119852661 30367809 579173 6828 1.0
13:43:48:381 119853434 30415723 579113 6830 1.0
13:43:48:581 119852848 30365401 579110 6842 1.0
13:43:48:981 119853718 30181023 585099 6839 1.0
13:43:49:181 119852932 30365282 579108 6838 1.0
13:43:49:381 119853476 30390020 579021 6825 1.0
13:43:49:581 119852805 30368664 579195 6831 1.0
13:43:49:981 119853201 30177475 585045 6848 1.0
13:43:50:181 119853642 30367316 579103 6836 1.0
13:43:50:381 119852883 30400387 579265 6847 1.0
13:43:50:582 119852928 30369011 579204 6848 1.0
13:43:50:982 119853302 30173743 584992 6842 1.0
13:43:51:182 119853357 30377912 579362 6822 1.0
13:43:51:382 119852687 30440417 578986 6839 1.0
13:43:51:582 119853501 30366985 579152 6835 1.0
13:43:51:982 119853244 30174051 584950 6834 1.0
13:43:52:182 119853674 30370030 579230 6836 1.0
13:43:52:382 119852859 30397354 579173 6850 1.0
13:43:52:582 119853694 30372597 579214 6836 1.0
13:43:52:982 119853957 30176506 585024 6838 1.0
13:43:53:182 119852921 30374814 579266 6848 1.0
13:43:53:382 119853368 30433867 578970 6840 1.0
13:43:53:582 119852917 30369591 579175 6837 1.0
13:43:53:982 119854075 30183807 585206 6847 1.0
13:43:54:182 119852830 30368978 579184 6833 1.0
13:43:54:382 119853644 30460510 578983 6832 1.0
13:43:54:582 119852952 30374670 579261 6847 1.0
13:43:54:982 119853387 30172695 584891 6847 1.0
13:43:55:182 119852739 30365107 579108 6827 1.0
13:43:55:382 119853377 30464912 578978 6834 1.0
13:43:55:582 119852628 30369198 579209 6832 1.0
13:43:55:982 119853254 30269154 582088 6845 1.0
13:43:56:182 119853319 30367444 579165 6821 1.0
13:43:56:382 119852704 30460946 578920 6841 1.0
13:43:56:782 119853232 30180561 585120 6854 1.0
13:43:56:982 119852866 30454432 578916 6835 1.0
13:43:57:182 119853573 30369705 579140 6842 1.0
13:43:57:382 119852660 30392357 579081 6842 1.0
13:43:57:782 119853304 30173768 584942 6833 1.0
13:43:57:982 119853563 30383397 579044 6843 1.0
13:43:58:182 119852779 30373896 579325 6844 1.0
13:43:58:382 119852843 30401412 579085 6852 1.0
13:43:58:782 119853390 30179116 585075 6841 1.0
13:43:58:982 119853478 30424010 579199 6831 1.0
13:43:59:182 119852797 30367619 579169 6854 1.0
13:43:59:382 119853403 30459644 578964 6834 1.0
13:43:59:782 119854106 30172799 584970 6849 1.0
13:43:59:982 119852874 30388027 579095 6846 1.0
13:44:00:182 119852720 30370323 579147 6832 1.0
13:44:00:382 119853386 30418838 579095 6831 1.0
13:44:00:782 119854004 30174106 585033 6853 1.0
13:44:00:982 119852962 30450952 579028 6854 1.0
13:44:01:182 119853689 30367127 579157 6840 1.0
13:44:01:382 119852780 30395954 579010 6834 1.0
13:44:01:782 119854021 30185240 585182 6858 1.0
13:44:01:982 119852733 30432637 578985 6822 1.0
13:44:02:182 119853581 30369242 579211 6845 1.0
13:44:02:382 119852667 30408927 579156 6849 1.0
13:44:02:782 119853516 30174806 584972 6872 1.0
13:44:02:982 119852905 30406774 579064 6827 1.0
13:44:03:182 119853483 30376470 579310 6837 1.0
13:44:03:382 119852696 30435961 578965 6822 1.0
13:44:03:782 119853226 30180737 585126 6853 1.0
13:44:03:982 119853378 30412558 579032 6839 1.0
13:44:04:182 119852712 30366117 579130 6837 1.0
13:44:04:382 119853486 30374177 579186 6846 1.0
13:44:04:782 119853497 30170714 584954 6850 1.0
13:44:04:982 119853414 30411954 579014 6854 1.0
13:44:05:182 119852792 30371375 579249 6835 1.0
13:44:05:382 119853385 30407707 579036 6833 1.0
13:44:05:782 119854076 30175121 584979 6843 1.0
13:44:05:982 119852590 30471295 578975 6834 1.0
13:44:06:182 119852841 30366415 579139 6836 1.0
13:44:06:382 119853381 30412215 579075 6824 1.0
13:44:06:782 119854004 30173179 584925 6848 1.0
13:44:06:982 119853043 30399218 579081 6850 1.0
13:44:07:182 119853607 30368617 579110 6830 1.0
13:44:07:382 119852744 30431502 579127 6847 1.0
13:44:07:782 119853336 30177995 585052 6853 1.0
13:44:07:982 119853060 30472644 579106 6854 1.0
13:44:08:182 119853456 30365682 579105 6829 1.0
13:44:08:382 119852671 30418438 578999 6841 1.0
13:44:08:782 119853343 30175351 584983 6857 1.0
13:44:08:982 119853396 30455563 579025 6841 1.0
13:44:09:182 119852749 30365105 579101 6844 1.0
13:44:09:382 119852687 30389012 579181 6848 1.0
13:44:09:782 119853262 30177601 585043 6854 1.0
13:44:09:982 119853384 30419203 579067 6843 1.0
13:44:10:182 119852807 30375592 579326 6829 1.0
13:44:10:382 119853689 30442208 578913 6844 1.0
13:44:10:782 119853956 30184185 585211 6839 1.0
13:44:10:982 119852716 30414879 578968 6832 1.0
13:44:11:182 119852830 30370550 579246 6834 1.0
13:44:11:382 119853399 30395833 579094 6842 1.0
13:44:11:782 119854001 30172697 585006 6837 1.0
13:44:11:982 119852559 30411366 579091 6830 1.0
13:44:12:182 119853514 30374844 579265 6834 1.0
13:44:12:382 119852667 30437833 578971 6842 1.0
13:44:12:782 119853922 30175520 584987 6837 1.0
13:44:12:982 119852701 30458809 578943 6827 1.0
13:44:13:182 119853426 30369799 579195 6840 1.0
13:44:13:382 119852751 30416608 579062 6832 1.0
13:44:13:782 119853311 30172228 584926 6844 1.0
13:44:13:982 119853404 30412483 579026 6830 1.0
13:44:14:182 119852791 30365158 579105 6828 1.0
13:44:14:382 119852744 30428190 579136 6837 1.0
13:44:14:782 119853328 30174546 584962 6853 1.0
13:44:14:982 119853600 30466053 578935 6854 1.0
13:44:15:182 119852868 30375171 579275 6839 1.0
13:44:15:382 119853652 30462155 579019 6842 1.0
13:44:15:782 119853328 30183175 585098 6840 1.0
13:44:15:982 119853505 30436280 579103 6857 1.0
13:44:16:182 119852694 30365463 579108 6828 1.0
13:44:16:382 119853803 30388096 579112 6846 1.0
13:44:16:782 119853904 30174499 585033 6834 1.0
13:44:16:982 119852838 30466839 578858 6846 1.0
13:44:17:182 119853580 30372789 579262 6831 1.0
13:44:17:382 119852745 30421264 579019 6845 1.0
13:44:17:782 119854083 30174832 584969 6846 1.0
13:44:17:982 119853049 30384047 579135 6836 1.0
13:44:18:182 119853575 30365660 579118 6841 1.0
13:44:18:382 119852676 30450795 578945 6836 1.0
13:44:18:782 119853279 30269050 581992 6817 1.0
13:44:18:982 119852795 30428243 578970 6824 1.0
13:44:19:182 119853624 30368688 579195 6841 1.0
13:44:19:582 119853992 30176836 585040 6834 1.0
13:44:19:782 119852721 30367809 579144 6822 1.0
13:44:19:982 119853583 30416832 579106 6845 1.0
13:44:20:182 119852843 30366527 579140 6829 1.0
13:44:20:582 119853393 30175826 585030 6840 1.0
13:44:20:782 119852900 30368939 579168 6841 1.0
13:44:20:982 119853512 30379347 579137 6836 1.0
13:44:21:182 119852853 30366731 579145 6839 1.0
13:44:21:582 119853227 30174266 584955 6832 1.0
13:44:21:782 119853499 30366909 579149 6834 1.0
13:44:21:982 119852732 30462118 578858 6850 1.0
13:44:22:182 119852920 30375870 579291 6844 1.0
13:44:22:582 119852985 30175166 584978 6844 1.0
13:44:22:782 119853533 30373886 579241 6830 1.0
13:44:22:982 119852692 30401024 579068 6846 1.0
13:44:23:182 119853598 30370403 579149 6837 1.0
13:44:23:582 119853959 30183611 585175 6852 1.0
13:44:23:782 119852923 30370051 579232 6836 1.0
13:44:23:982 119852570 30454018 578952 6834 1.0
13:44:24:182 119853648 30371834 579268 6850 1.0
13:44:24:582 119853958 30175012 584975 6842 1.0
13:44:24:782 119852923 30366715 579144 6839 1.0
13:44:24:982 119853505 30407450 579166 6836 1.0
13:44:25:182 119852684 30368628 579195 6811 1.0
13:44:25:582 119854065 30179254 585071 6860 1.0
13:44:25:782 119852845 30364813 579108 6838 1.0
13:44:25:982 119853691 30376630 579110 6838 1.0
13:44:26:182 119852601 30365819 579110 6834 1.0
13:44:26:582 119853309 30172309 584946 6851 1.0
13:44:26:782 119853341 30367007 579150 6838 1.0
13:44:26:982 119852814 30455476 579104 6838 1.0
13:44:27:182 119852839 30367211 579157 6832 1.0
13:44:27:582 119853105 30174029 584965 6847 1.0
13:44:27:782 119853589 30373402 579306 6849 1.0
13:44:27:982 119852922 30404198 579004 6843 1.0
13:44:28:182 119853505 30370144 579236 6846 1.0
13:44:28:582 119853285 30176789 585021 6837 1.0
13:44:28:782 119853594 30366387 579135 6841 1.0
13:44:28:982 119852745 30411527 578995 6835 1.0
13:44:29:182 119853540 30375976 579295 6840 1.0
13:44:29:582 119853974 30177155 585040 6844 1.0
13:44:29:782 119852805 30368939 579117 6842 1.0
13:44:29:982 119853417 30400418 579133 6834 1.0
13:44:30:182 119852951 30364907 579097 6841 1.0
13:44:30:582 119854214 30179413 585089 6851 1.0
13:44:30:782 119852687 30366520 579140 6827 1.0
13:44:30:982 119853572 30405758 579034 6833 1.0
13:44:31:182 119852631 30375592 579308 6848 1.0
13:44:31:582 119853314 30173742 584941 6846 1.0
13:44:31:782 119852877 30366067 579126 6846 1.0
13:44:31:982 119853475 30475661 579056 6821 1.0
13:44:32:182 119852838 30365911 579108 6829 1.0
13:44:32:582 119853324 30177113 585029 6855 1.0
13:44:32:782 119853677 30371819 579198 6841 1.0
13:44:32:982 119852501 30443153 579038 6827 1.0
13:44:33:182 119853539 30367288 579103 6827 1.0
13:44:33:582 119853267 30171837 584983 6844 1.0
13:44:33:782 119853692 30366469 579138 6843 1.0
13:44:33:982 119852682 30459744 578865 6832 1.0
13:44:34:182 119853402 30371885 579274 6824 1.0
13:44:34:582 119853998 30175808 584995 6834 1.0
13:44:34:782 119852946 30372831 579306 6839 1.0
13:44:34:982 119852792 30430492 578962 6841 1.0
13:44:35:182 119853568 30369431 579217 6839 1.0
13:44:35:582 119854149 30184643 585135 6850 1.0
13:44:35:782 119852810 30365665 579117 6824 1.0
13:44:35:982 119853520 30404055 579055 6827 1.0
13:44:36:182 119852966 30371889 579187 6832 1.0
13:44:36:582 119853457 30170473 584914 6848 1.0
13:44:36:782 119852857 30363869 579068 6829 1.0
13:44:36:982 119853257 30437226 579024 6825 1.0
13:44:37:182 119852854 30369137 579177 6848 1.0
13:44:37:582 119853367 30178047 585053 6841 1.0
13:44:37:782 119853469 30368358 579190 6841 1.0
13:44:37:982 119852672 30370288 579034 6844 1.0
13:44:38:182 119852843 30367151 579157 6837 1.0
13:44:38:582 119853424 30179125 585082 6854 1.0
13:44:38:782 119853535 30365671 579116 6827 1.0
13:44:38:982 119853061 30384387 579256 6849 1.0
13:44:39:182 119853589 30367876 579174 6830 1.0
13:44:39:582 119853137 30176958 585045 6842 1.0
13:44:39:782 119853597 30376550 579314 6852 1.0
13:44:39:982 119852728 30438127 578906 6840 1.0
13:44:40:182 119853567 30369711 579197 6832 1.0
13:44:40:582 119854144 30174776 585004 6857 1.0
13:44:40:782 119852792 30364455 579108 6828 1.0
13:44:40:982 119853521 30442105 578912 6842 1.0
13:44:41:182 119852942 30370039 579230 6841 1.0
13:44:41:582 119854171 30262576 582260 6834 1.0
13:44:41:782 119852904 30372264 579288 6834 1.0
13:44:41:982 119853501 30415652 579022 6835 1.0
13:44:42:382 119853961 30176090 585002 6837 1.0
13:44:42:582 119852650 30468125 578981 6839 1.0
13:44:42:782 119852819 30366273 579109 6842 1.0
13:44:42:982 119853372 30423749 579112 6829 1.0
13:44:43:382 119854066 30171299 584889 6840 1.0
13:44:43:582 119852886 30387879 579116 6830 1.0
13:44:43:782 119853575 30367304 579104 6839 1.0
13:44:43:982 119852712 30403406 579153 6832 1.0
13:44:44:382 119853282 30173624 584960 6845 1.0
13:44:44:582 119852935 30466332 579003 6857 1.0
13:44:44:782 119853621 30368332 579188 6832 1.0
13:44:44:982 119852811 30418371 579059 6838 1.0
13:44:45:382 119853566 30178483 585065 6854 1.0
13:44:45:582 119853610 30392680 579060 6853 1.0
13:44:45:782 119852888 30368815 579200 6849 1.0
13:44:45:982 119852859 30383910 579130 6839 1.0
13:44:46:382 119853339 30172978 585013 6836 1.0
13:44:46:582 119853473 30376651 579135 6837 1.0
13:44:46:782 119852824 30371963 579252 6832 1.0
13:44:46:982 119853428 30417879 578980 6830 1.0
13:44:47:382 119854117 30182558 585172 6855 1.0
13:44:47:582 119852707 30408052 578998 6838 1.0
13:44:47:782 119852837 30367352 579162 6838 1.0
13:44:47:982 119853627 30462845 578893 6832 1.0
13:44:48:382 119854013 30174269 584990 6828 1.0
13:44:48:582 119852697 30399270 578973 6833 1.0
13:44:48:782 119853524 30376667 579312 6849 1.0
13:44:48:982 119852778 30425478 579027 6846 1.0
13:44:49:382 119854011 30178052 585055 6856 1.0
13:44:49:582 119852700 30381271 579158 6835 1.0
13:44:49:782 119853519 30364003 579092 6849 1.0
13:44:49:982 119852801 30386560 579117 6842 1.0
13:44:50:382 119853297 30181141 585133 6853 1.0
13:44:50:582 119853518 30414956 579024 6840 1.0
13:44:50:782 119852695 30366429 579128 6841 1.0
13:44:50:982 119852771 30417696 579153 6845 1.0
13:44:51:382 119853337 30175278 584980 6857 1.0
13:44:51:582 119853440 30383849 579133 6841 1.0
13:44:51:782 119852640 30373824 579237 6851 1.0
13:44:51:982 119853610 30459887 579036 6848 1.0
13:44:52:382 119853085 30182761 585090 6863 1.0
13:44:52:582 119853356 30418818 579077 6829 1.0
13:44:52:782 119852938 30368216 579143 6840 1.0
13:44:52:982 119853482 30401842 579112 6832 1.0
13:44:53:382 119854163 30177089 585029 6839 1.0
13:44:53:582 119852838 30426053 579000 6848 1.0
13:44:53:782 119853614 30369393 579156 6837 1.0
13:44:53:982 119852841 30398162 579096 6834 1.0
13:44:54:382 119854050 30176862 585024 6853 1.0
13:44:54:582 119852678 30392622 579155 6839 1.0
13:44:54:782 119853632 30366842 579149 6830 1.0
13:44:54:982 119852726 30372137 579083 6839 1.0
13:44:55:382 119853343 30174087 585029 6867 1.0
13:44:55:582 119852809 30398892 579042 6839 1.0
13:44:55:782 119853694 30366546 579140 6831 1.0
13:44:55:982 119852945 30409546 579118 6845 1.0
13:44:56:382 119853333 30176041 585018 6858 1.0
13:44:56:582 119853610 30476109 578956 6847 1.0
13:44:56:782 119852892 30366117 579128 6839 1.0
13:44:56:982 119853677 30411055 579021 6837 1.0
13:44:57:382 119853270 30184861 585232 6840 1.0
13:44:57:582 119853594 30439099 578925 6845 1.0
13:44:57:782 119852808 30368568 579193 6841 1.0
13:44:57:982 119853494 30467867 578919 6831 1.0
13:44:58:382 119854056 30178034 585054 6846 1.0
13:44:58:582 119852844 30386126 579022 6840 1.0
13:44:58:782 119852674 30371217 579264 6835 1.0
13:44:58:982 119853459 30378405 579092 6847 1.0
13:44:59:382 119853954 30182920 585115 6839 1.0
13:44:59:582 119853157 30423226 579016 6835 1.0
13:44:59:782 119853404 30368876 579129 6837 1.0
13:44:59:982 119852751 30369813 579117 6827 1.0
13:45:00:382 119853301 30172118 584897 6843 1.0
13:45:00:582 119852906 30399029 579041 6833 1.0
13:45:00:782 119853605 30372040 579232 6838 1.0
13:45:00:982 119852636 30415737 579104 6825 1.0
13:45:01:382 119853178 30172520 584907 6847 1.0
13:45:01:582 119853634 30457269 579017 6850 1.0
13:45:01:782 119852684 30369006 579169 6842 1.0
13:45:01:982 119853004 30396453 579041 6834 1.0
13:45:02:382 119853213 30172371 584934 6833 1.0
13:45:02:582 119853723 30462396 578916 6843 1.0
13:45:02:782 119852817 30366889 579151 6848 1.0
13:45:02:982 119853463 30390202 579119 6857 1.0
13:45:03:382 119853776 30176311 585040 6833 1.0
13:45:03:582 119852625 30473891 579009 6836 1.0
13:45:03:782 119852959 30365893 579122 6833 1.0
13:45:03:982 119853419 30391665 579018 6843 1.0
13:45:04:382 119854020 30254615 582860 6849 1.0
13:45:04:582 119852854 30394362 579003 6841 1.0
13:45:04:782 119853521 30364850 579096 6832 1.0
13:45:04:982 119852728 30432626 579136 6842 1.0
13:45:05:382 119854166 30357903 579215 6817 1.0
13:45:05:582 119852770 30457077 578986 6843 1.0
13:45:05:782 119853490 30368441 579180 6840 1.0
13:45:06:182 119854052 30177038 585027 6840 1.0
13:45:06:382 119852896 30373117 579219 6830 1.0
13:45:06:582 119853532 30423657 579011 6834 1.0
13:45:06:782 119852870 30366925 579137 6842 1.0
13:45:07:182 119854219 30178308 585061 6851 1.0
13:45:07:382 119852860 30367270 579161 6835 1.0
13:45:07:582 119853645 30378854 579085 6836 1.0
13:45:07:782 119852922 30364631 579091 6848 1.0
13:45:08:182 119853348 30173256 584927 6843 1.0
13:45:08:382 119852983 30365590 579115 6832 1.0
13:45:08:582 119853707 30476154 579002 6850 1.0
13:45:08:782 119852854 30368230 579167 6825 1.0
13:45:09:182 119853294 30174132 584950 6861 1.0
13:45:09:382 119853602 30371460 579236 6831 1.0
13:45:09:582 119852906 30381033 579098 6830 1.0
13:45:09:782 119853327 30371933 579190 6848 1.0
13:45:10:182 119853208 30176996 585028 6867 1.0
13:45:10:382 119853345 30366381 579168 6832 1.0
13:45:10:582 119852660 30398131 579065 6838 1.0
13:45:10:782 119853652 30372846 579304 6823 1.0
13:45:11:182 119853957 30174812 584968 6838 1.0
13:45:11:382 119852796 30373818 579326 6832 1.0
13:45:11:582 119852659 30412612 578986 6836 1.0
13:45:11:782 119853783 30364364 579083 6838 1.0
13:45:12:182 119853898 30182555 585093 6850 1.0
13:45:12:382 119852950 30369668 579211 6838 1.0
13:45:12:582 119853360 30449890 578938 6826 1.0
13:45:12:782 119852812 30376411 579307 6855 1.0
13:45:13:182 119853924 30175666 585040 6838 1.0
13:45:13:382 119852796 30365663 579108 6827 1.0
13:45:13:582 119853563 30426271 579112 6843 1.0
13:45:13:782 119852953 30368415 579161 6834 1.0
13:45:14:182 119853222 30183703 585203 6854 1.0
13:45:14:382 119853562 30367178 579135 6834 1.0
13:45:14:582 119852647 30432600 579038 6844 1.0
13:45:14:782 119852785 30367072 579154 6823 1.0
13:45:15:182 119853454 30174930 584971 6850 1.0
13:45:15:382 119853295 30367784 579172 6835 1.0
13:45:15:582 119852715 30466868 578954 6833 1.0
13:45:15:782 119853557 30365806 579103 6833 1.0
13:45:16:182 119853270 30173128 584934 6856 1.0
13:45:16:382 119853557 30374109 579245 6844 1.0
13:45:16:582 119852680 30395488 579086 6830 1.0
13:45:16:782 119853585 30366380 579103 6840 1.0
13:45:17:182 119854123 30178104 585055 6855 1.0
13:45:17:382 119852786 30365067 579102 6840 1.0
13:45:17:582 119853440 30469765 578887 6842 1.0
13:45:17:782 119852855 30370683 579249 6834 1.0
13:45:18:182 119853981 30176209 585008 6847 1.0
13:45:18:382 119852961 30373854 579245 6842 1.0
13:45:18:582 119853601 30439809 579070 6852 1.0
13:45:18:782 119852879 30366912 579149 6825 1.0
13:45:19:182 119853310 30179467 585046 6853 1.0
13:45:19:382 119852776 30367399 579113 6843 1.0
13:45:19:582 119853599 30401221 579107 6845 1.0
13:45:19:782 119852772 30368259 579150 6827 1.0
13:45:20:182 119853271 30176035 585045 6843 1.0
13:45:20:382 119853740 30368241 579143 6840 1.0
13:45:20:582 119852954 30430649 579092 6848 1.0
13:45:20:782 119853703 30370559 579245 6831 1.0
13:45:21:182 119853311 30181510 585146 6834 1.0
13:45:21:382 119853398 30366979 579151 6841 1.0
13:45:21:582 119852892 30403872 578987 6853 1.0
13:45:21:782 119853709 30368116 579184 6834 1.0
13:45:22:182 119854002 30177298 585034 6840 1.0
13:45:22:382 119852830 30367433 579147 6841 1.0
13:45:22:582 119852873 30388059 579193 6839 1.0
13:45:22:782 119853469 30367319 579161 6830 1.0
13:45:23:182 119854048 30177610 585040 6861 1.0
13:45:23:382 119852672 30373727 579305 6826 1.0
13:45:23:582 119853708 30435004 578931 6861 1.0
13:45:23:782 119852566 30367367 579163 6832 1.0
13:45:24:182 119853182 30175409 584985 6834 1.0
13:45:24:382 119852654 30367557 579167 6828 1.0
13:45:24:582 119853404 30405855 578971 6832 1.0
13:45:24:782 119852761 30376165 579313 6833 1.0
13:45:25:182 119853429 30173867 584945 6848 1.0
13:45:25:382 119853470 30366046 579126 6835 1.0
13:45:25:582 119852686 30416942 579180 6845 1.0
13:45:25:782 119852734 30366177 579131 6841 1.0
13:45:26:182 119853226 30181680 585093 6852 1.0
13:45:26:382 119853534 30367256 579158 6840 1.0
13:45:26:582 119852831 30407833 579014 6841 1.0
13:45:26:782 119853682 30367416 579103 6839 1.0
13:45:27:182 119853995 30231028 583219 6841 1.0
13:45:27:382 119852892 30364901 579108 6849 1.0
13:45:27:582 119852936 30446033 579095 6840 1.0
13:45:27:782 119853424 30368846 579125 6836 1.0
13:45:28:182 119854048 30342899 579703 6822 1.0
13:45:28:382 119852796 30373370 579273 6846 1.0
13:45:28:582 119853599 30415385 579073 6827 1.0
13:45:28:982 119853206 30178785 585052 6848 1.0
13:45:29:182 119853492 30396391 579002 6834 1.0
13:45:29:382 119852998 30368495 579192 6820 1.0
13:45:29:582 119853574 30467982 578879 6833 1.0
13:45:29:982 119853942 30176347 585009 6838 1.0
13:45:30:182 119852699 30418004 578998 6847 1.0
13:45:30:382 119853518 30370125 579149 6851 1.0
13:45:30:582 119852759 30376207 579071 6845 1.0
13:45:30:982 119854225 30174418 585034 6832 1.0
13:45:31:182 119852721 30429004 579006 6841 1.0
13:45:31:382 119853553 30369410 579215 6835 1.0
13:45:31:582 119852710 30391251 578988 6842 1.0
13:45:31:982 119853177 30174761 585018 6840 1.0
13:45:32:182 119852521 30394752 579086 6849 1.0
13:45:32:382 119853383 30365546 579116 6816 1.0
13:45:32:582 119852847 30415064 579121 6846 1.0
13:45:32:982 119853273 30173904 585019 6836 1.0
13:45:33:182 119853583 30471775 579004 6851 1.0
13:45:33:382 119852673 30366121 579128 6832 1.0
13:45:33:582 119853473 30426618 578986 6851 1.0
13:45:33:982 119853257 30185270 585236 6837 1.0
13:45:34:182 119853526 30448343 578927 6834 1.0
13:45:34:382 119852702 30367953 579179 6818 1.0
13:45:34:582 119853644 30382321 579226 6843 1.0
13:45:34:982 119854161 30174269 585028 6841 1.0
13:45:35:182 119852725 30415594 579041 6832 1.0
13:45:35:382 119852808 30370929 579184 6836 1.0
13:45:35:582 119853423 30401319 579073 6828 1.0
13:45:35:982 119853999 30176576 585015 6846 1.0
13:45:36:182 119852842 30464828 578898 6833 1.0
13:45:36:382 119853502 30366088 579115 6842 1.0
13:45:36:582 119852734 30372143 579117 6832 1.0
13:45:36:982 119853313 30174937 584973 6851 1.0
13:45:37:182 119852672 30394618 579021 6837 1.0
13:45:37:382 119853420 30373287 579309 6833 1.0
13:45:37:582 119852692 30436382 579029 6824 1.0
13:45:37:982 119853209 30175841 584996 6864 1.0
13:45:38:182 119853552 30468817 579082 6836 1.0
13:45:38:382 119852922 30365515 579109 6845 1.0
13:45:38:582 119852791 30399364 579094 6839 1.0
13:45:38:982 119853329 30174955 585045 6856 1.0
13:45:39:182 119853444 30387233 579024 6833 1.0
13:45:39:382 119852815 30364837 579095 6836 1.0
13:45:39:582 119853585 30453825 578954 6835 1.0
13:45:39:982 119854041 30175892 584997 6851 1.0
13:45:40:182 119852722 30402467 579222 6844 1.0
13:45:40:382 119852722 30365047 579100 6840 1.0
13:45:40:582 119853452 30403886 579094 6841 1.0
13:45:40:982 119854080 30179838 585102 6836 1.0
13:45:41:182 119852876 30416856 578981 6849 1.0
13:45:41:382 119853412 30367518 579167 6830 1.0
13:45:41:582 119852884 30395028 579238 6836 1.0
13:45:41:982 119853989 30175134 584978 6843 1.0
13:45:42:182 119852754 30421375 579071 6833 1.0
13:45:42:382 119853726 30375009 579270 6845 1.0
13:45:42:582 119852825 30433248 578980 6833 1.0
13:45:42:982 119853318 30174586 585030 6854 1.0
13:45:43:182 119853443 30396381 579112 6846 1.0
13:45:43:382 119852967 30368841 579123 6847 1.0
13:45:43:582 119852912 30378762 579117 6852 1.0
13:45:43:982 119853055 30172800 584916 6845 1.0
13:45:44:182 119853566 30389346 579126 6865 1.0
13:45:44:382 119852793 30366664 579143 6837 1.0
13:45:44:582 119853444 30387027 579193 6846 1.0
13:45:44:982 119853176 30172401 584906 6837 1.0
13:45:45:182 119853482 30379595 579251 6847 1.0
13:45:45:382 119852950 30367784 579161 6829 1.0
13:45:45:582 119853587 30446495 579040 6831 1.0
13:45:45:982 119854074 30184395 585169 6849 1.0
13:45:46:182 119852771 30425686 578957 6835 1.0
13:45:46:382 119853560 30368634 579134 6830 1.0
13:45:46:582 119853010 30419911 579134 6843 1.0
13:45:46:982 119854070 30173164 584998 6850 1.0
13:45:47:182 119852633 30441448 578913 6834 1.0
13:45:47:382 119853618 30371301 579264 6828 1.0
13:45:47:582 119852862 30388201 579039 6841 1.0
13:45:47:982 119853327 30178411 585064 6849 1.0
13:45:48:182 119852713 30389672 579019 6831 1.0
13:45:48:382 119853307 30367664 579169 6834 1.0
13:45:48:582 119852688 30454967 578889 6832 1.0
13:45:48:982 119853488 30174367 584960 6851 1.0
13:45:49:182 119853634 30412948 579112 6839 1.0
13:45:49:382 119852808 30372715 579213 6838 1.0
13:45:49:582 119853091 30436529 579007 6824 1.0
13:45:49:982 119853257 30218931 583755 6836 1.0
13:45:50:182 119853426 30435323 579112 6848 1.0
13:45:50:382 119852799 30367266 579147 6838 1.0
13:45:50:582 119853420 30380743 579140 6841 1.0
13:45:50:982 119854087 30327900 580262 6819 1.0
13:45:51:182 119852789 30422764 579058 6835 1.0
13:45:51:382 119852824 30366255 579133 6848 1.0
13:45:51:782 119853421 30176897 585023 6849 1.0
13:45:51:982 119853559 30367110 579157 6836 1.0
13:45:52:182 119852827 30376690 579264 6850 1.0
13:45:52:382 119853583 30368795 579199 6834 1.0
13:45:52:782 119853313 30175331 584984 6855 1.0
13:45:52:982 119853515 30375709 579288 6837 1.0
13:45:53:182 119852956 30430896 579012 6841 1.0
13:45:53:382 119853566 30365406 579103 6838 1.0
13:45:53:782 119854073 30176083 585002 6844 1.0
13:45:53:982 119852659 30365967 579125 6834 1.0
13:45:54:182 119853534 30416151 578968 6840 1.0
13:45:54:382 119852838 30371943 579282 6840 1.0
13:45:54:782 119854003 30176094 585003 6848 1.0
13:45:54:982 119853081 30371589 579273 6844 1.0
13:45:55:182 119853222 30406008 579037 6828 1.0
13:45:55:382 119852961 30368629 579193 6843 1.0
13:45:55:782 119853299 30181900 585063 6850 1.0
13:45:55:982 119852653 30371385 579267 6841 1.0
13:45:56:182 119853377 30451086 578948 6836 1.0
13:45:56:382 119852821 30369987 579232 6840 1.0
13:45:56:782 119853367 30177635 585045 6848 1.0
13:45:56:982 119853730 30367757 579162 6831 1.0
13:45:57:182 119852946 30395667 579209 6848 1.0
13:45:57:382 119853640 30368435 579197 6827 1.0
13:45:57:782 119853481 30180253 585111 6848 1.0
13:45:57:982 119853583 30369979 579136 6838 1.0
13:45:58:182 119852887 30440512 579044 6844 1.0
13:45:58:382 119853591 30369482 579176 6848 1.0
13:45:58:782 119853942 30174879 584971 6849 1.0
13:45:58:982 119852810 30366084 579129 6842 1.0
13:45:59:182 119852894 30449449 579071 6852 1.0
13:45:59:382 119853682 30370521 579244 6841 1.0
13:45:59:782 119854157 30174723 585013 6824 1.0
13:45:59:982 119852871 30369756 579135 6846 1.0
13:46:00:182 119853505 30381092 579112 6843 1.0
13:46:00:382 119852881 30367158 579143 6844 1.0
13:46:00:782 119853327 30181050 585132 6852 1.0
13:46:00:982 119852776 30364690 579092 6845 1.0
13:46:01:182 119853653 30412152 579041 6844 1.0
13:46:01:382 119852882 30369656 579223 6846 1.0
13:46:01:782 119853328 30176619 585016 6848 1.0
13:46:01:982 119853479 30366236 579134 6836 1.0
13:46:02:182 119852913 30414868 579165 6840 1.0
13:46:02:382 119853043 30371627 579180 6844 1.0
13:46:02:782 119853325 30183069 585113 6853 1.0
13:46:02:982 119853301 30368677 579196 6825 1.0
13:46:03:182 119853167 30427561 578958 6824 1.0
13:46:03:382 119853531 30364584 579105 6846 1.0
13:46:03:782 119853877 30174025 584998 6846 1.0
13:46:03:982 119852747 30365413 579110 6855 1.0
13:46:04:182 119852867 30456760 579084 6841 1.0
13:46:04:382 119853537 30366263 579134 6837 1.0
13:46:04:782 119854000 30175951 585000 6853 1.0
13:46:04:982 119852774 30376196 579302 6825 1.0
13:46:05:182 119853474 30424965 579001 6831 1.0
13:46:05:382 119853076 30370990 579203 6848 1.0
13:46:05:782 119854149 30174090 584950 6823 1.0
13:46:05:982 119852605 30365953 579126 6840 1.0
13:46:06:182 119853488 30455694 578925 6826 1.0
13:46:06:382 119852687 30371347 579173 6835 1.0
13:46:06:782 119853441 30174262 585038 6856 1.0
13:46:06:982 119853658 30379326 579364 6842 1.0
13:46:07:182 119852829 30428504 578858 6829 1.0
13:46:07:382 119852748 30367285 579149 6815 1.0
13:46:07:782 119853242 30179107 585083 6847 1.0
13:46:07:982 119853582 30369622 579210 6839 1.0
13:46:08:182 119852617 30410537 579010 6850 1.0
13:46:08:382 119853507 30371213 579212 6842 1.0
13:46:08:782 119853422 30174582 584962 6855 1.0
13:46:08:982 119853562 30366601 579142 6828 1.0
13:46:09:182 119852864 30380337 579211 6848 1.0
13:46:09:382 119853517 30368314 579105 6845 1.0
13:46:09:782 119853980 30180200 585087 6838 1.0
13:46:09:982 119852954 30367603 579169 6831 1.0
13:46:10:182 119853364 30397106 579064 6837 1.0
13:46:10:382 119852908 30370910 579255 6828 1.0
13:46:10:782 119853949 30177270 585035 6844 1.0
13:46:10:982 119852674 30365953 579126 6826 1.0
13:46:11:182 119853511 30379925 579264 6845 1.0
13:46:11:382 119852809 30365973 579124 6854 1.0
13:46:11:782 119853256 30177060 585026 6848 1.0
13:46:11:982 119852895 30371497 579192 6819 1.0
13:46:12:182 119853581 30396254 579027 6839 1.0
13:46:12:382 119852895 30365818 579120 6828 1.0
13:46:12:782 119853257 30203801 584263 6837 1.0
13:46:12:982 119853416 30366591 579103 6829 1.0
13:46:13:182 119852826 30370578 579117 6843 1.0
13:46:13:382 119853510 30372851 579237 6832 1.0
13:46:13:782 119853145 30313248 580659 6814 1.0
13:46:13:982 119853475 30372027 579285 6836 1.0
13:46:14:182 119852627 30406511 578989 6839 1.0
13:46:14:582 119853278 30178482 585067 6853 1.0
13:46:14:782 119853413 30397401 579254 6844 1.0
13:46:14:982 119852630 30370054 579234 6829 1.0
13:46:15:182 119852596 30462822 578892 6852 1.0
13:46:15:582 119853328 30174639 584966 6845 1.0
13:46:15:782 119853413 30457524 578855 6842 1.0
13:46:15:982 119852746 30365122 579103 6834 1.0
13:46:16:182 119853572 30463478 578982 6840 1.0
13:46:16:582 119853839 30176147 585004 6848 1.0
13:46:16:782 119852934 30449421 578913 6829 1.0
13:46:16:982 119852789 30364787 579108 6836 1.0
13:46:17:182 119853519 30446958 578870 6825 1.0
13:46:17:582 119854121 30180156 585105 6858 1.0
13:46:17:782 119852829 30439301 578914 6840 1.0
13:46:17:982 119853543 30370484 579244 6831 1.0
13:46:18:182 119852955 30398943 579108 6849 1.0
13:46:18:582 119853931 30175463 585040 6853 1.0
13:46:18:782 119852691 30417311 579041 6834 1.0
13:46:18:982 119853660 30372719 579210 6833 1.0
13:46:19:182 119852745 30413414 579062 6852 1.0
13:46:19:582 119853229 30178227 585045 6851 1.0
13:46:19:782 119853554 30424773 579082 6846 1.0
13:46:19:982 119852740 30368560 579138 6848 1.0
13:46:20:182 119852727 30471955 578926 6831 1.0
13:46:20:582 119853433 30173471 584934 6849 1.0
13:46:20:782 119853374 30393410 579034 6834 1.0
13:46:20:982 119852807 30366647 579143 6834 1.0
13:46:21:182 119853400 30402966 579154 6833 1.0
13:46:21:582 119853403 30172088 584919 6843 1.0
13:46:21:782 119853498 30438081 579112 6837 1.0
13:46:21:982 119852806 30364307 579108 6836 1.0
13:46:22:182 119853606 30396267 579106 6828 1.0
13:46:22:582 119854071 30180385 585116 6836 1.0
13:46:22:782 119852897 30443175 578918 6840 1.0
13:46:22:982 119853459 30368964 579144 6837 1.0
13:46:23:182 119852870 30467958 579078 6847 1.0
13:46:23:582 119854045 30176116 585030 6851 1.0
13:46:23:782 119852997 30437012 578885 6829 1.0
13:46:23:982 119853620 30372624 579300 6844 1.0
13:46:24:182 119852749 30428354 579027 6844 1.0
13:46:24:582 119853265 30176736 585020 6845 1.0
13:46:24:782 119852849 30386703 579026 6834 1.0
13:46:24:982 119853497 30371616 579272 6838 1.0
13:46:25:182 119852771 30392295 579117 6831 1.0
13:46:25:582 119853265 30175671 585025 6855 1.0
13:46:25:782 119853512 30407530 579102 6848 1.0
13:46:25:982 119852829 30372294 579200 6839 1.0
13:46:26:182 119852802 30426121 579035 6844 1.0
13:46:26:582 119853278 30174320 584994 6865 1.0
13:46:26:782 119853635 30383597 579289 6839 1.0
13:46:26:982 119852821 30364235 579078 6834 1.0
13:46:27:182 119853555 30401238 579042 6832 1.0
13:46:27:582 119853921 30175290 585001 6847 1.0
13:46:27:782 119852724 30438086 578924 6830 1.0
13:46:27:982 119852991 30365881 579121 6819 1.0
13:46:28:182 119853253 30415528 579212 6832 1.0
13:46:28:582 119853820 30176021 585003 6837 1.0
13:46:28:782 119852689 30380270 579186 6842 1.0
13:46:28:982 119853686 30367138 579130 6836 1.0
13:46:29:182 119852852 30372323 579101 6849 1.0
13:46:29:582 119854034 30180441 585115 6849 1.0
13:46:29:782 119852859 30413218 579042 6840 1.0
13:46:29:982 119853308 30365650 579103 6826 1.0
13:46:30:182 119852743 30472067 578992 6835 1.0
13:46:30:582 119853455 30175497 584987 6854 1.0
13:46:30:782 119853434 30375822 579151 6828 1.0
13:46:30:982 119852816 30373099 579296 6848 1.0
13:46:31:182 119852473 30403746 578970 6852 1.0
13:46:31:582 119853304 30184476 585184 6840 1.0
13:46:31:782 119853617 30427526 579034 6834 1.0
13:46:31:982 119853065 30368159 579182 6837 1.0
13:46:32:182 119853565 30376323 579116 6829 1.0
13:46:32:582 119853101 30176888 585022 6824 1.0
13:46:32:782 119853570 30448837 578978 6859 1.0
13:46:32:982 119852749 30367941 579108 6830 1.0
13:46:33:182 119853343 30471874 578907 6845 1.0
13:46:33:582 119853999 30177644 585044 6855 1.0
13:46:33:782 119852772 30415210 579093 6850 1.0
13:46:33:982 119853681 30367486 579163 6840 1.0
13:46:34:182 119852636 30407798 579054 6833 1.0
13:46:34:582 119853960 30178108 585055 6844 1.0
13:46:34:782 119852917 30404505 579068 6841 1.0
13:46:34:982 119853462 30365905 579127 6837 1.0
13:46:35:182 119852718 30430653 579138 6836 1.0
13:46:35:582 119853350 30184639 584680 6852 1.0
13:46:35:782 119852855 30462271 578969 6833 1.0
13:46:35:982 119853468 30378456 579362 6832 1.0
13:46:36:182 119852621 30372569 579117 6854 1.0
13:46:36:582 119853148 30302234 581324 6817 1.0
13:46:36:782 119853630 30425938 578980 6856 1.0
13:46:36:982 119852745 30367081 579153 6832 1.0
13:46:37:382 119853316 30176000 584999 6847 1.0
13:46:37:582 119852758 30365895 579122 6828 1.0
13:46:37:782 119853508 30454193 578936 6836 1.0
13:46:37:982 119852771 30375351 579281 6837 1.0
13:46:38:382 119853049 30175719 584993 6839 1.0
13:46:38:582 119853482 30371712 579208 6841 1.0
13:46:38:782 119852845 30464313 579088 6834 1.0
13:46:38:982 119852809 30369569 579137 6830 1.0
13:46:39:382 119853288 30179021 585045 6833 1.0
13:46:39:582 119853456 30366912 579137 6830 1.0
13:46:39:782 119852590 30393253 579084 6846 1.0
13:46:39:982 119853532 30364271 579103 6822 1.0
13:46:40:382 119853836 30175772 585000 6846 1.0
13:46:40:582 119852723 30367678 579165 6847 1.0
13:46:40:782 119852689 30383502 579260 6824 1.0
13:46:40:982 119853506 30368801 579162 6840 1.0
13:46:41:382 119854178 30173851 584942 6841 1.0
13:46:41:582 119852725 30369666 579222 6834 1.0
13:46:41:782 119853339 30380840 579133 6829 1.0
13:46:41:982 119852863 30364836 579094 6840 1.0
13:46:42:382 119854075 30178460 585066 6837 1.0
13:46:42:582 119852849 30373152 579221 6834 1.0
13:46:42:782 119853590 30419509 578985 6846 1.0
13:46:42:982 119852648 30372894 579215 6831 1.0
13:46:43:382 119853415 30176594 585028 6861 1.0
13:46:43:582 119853555 30373283 579307 6839 1.0
13:46:43:782 119852758 30426207 578933 6846 1.0
13:46:43:982 119852960 30365697 579117 6834 1.0
13:46:44:382 119853202 30186342 585178 6844 1.0
13:46:44:583 119853513 30366085 579130 6836 1.0
13:46:44:783 119852577 30443620 578925 6830 1.0
13:46:44:983 119853402 30369136 579208 6827 1.0
13:46:45:383 119853348 30175533 584987 6839 1.0
13:46:45:583 119853380 30370614 579180 6840 1.0
13:46:45:783 119852875 30421658 579117 6825 1.0
13:46:45:983 119853720 30368693 579110 6844 1.0
13:46:46:383 119853877 30178768 585040 6843 1.0
13:46:46:583 119852962 30366784 579135 6838 1.0
13:46:46:783 119853491 30396612 579119 6839 1.0
13:46:46:983 119852906 30364428 579084 6827 1.0
13:46:47:383 119854106 30172095 584961 6843 1.0
13:46:47:583 119852913 30369966 579165 6832 1.0
13:46:47:783 119853644 30459428 579055 6836 1.0
13:46:47:983 119852774 30367665 579114 6836 1.0
13:46:48:383 119853502 30174738 584965 6850 1.0
13:46:48:583 119852947 30379397 579387 6851 1.0
13:46:48:783 119853474 30458628 578975 6849 1.0
13:46:48:983 119852764 30368736 579108 6844 1.0
13:46:49:383 119853117 30175493 585045 6849 1.0
13:46:49:583 119853660 30368082 579103 6845 1.0
13:46:49:783 119852850 30366097 579117 6848 1.0
13:46:49:983 119853392 30374400 579283 6835 1.0
13:46:50:383 119853251 30172859 585006 6843 1.0
13:46:50:583 119853577 30375255 579282 6838 1.0
13:46:50:783 119852781 30395934 578958 6822 1.0
13:46:50:983 119853474 30367376 579161 6843 1.0
13:46:51:383 119853853 30179822 585102 6847 1.0
13:46:51:583 119852745 30365679 579117 6823 1.0
13:46:51:783 119852742 30369691 579073 6849 1.0
13:46:51:983 119853455 30375526 579283 6846 1.0
13:46:52:383 119854071 30176522 585015 6848 1.0
13:46:52:583 119852706 30363138 579050 6833 1.0
13:46:52:783 119853551 30437530 579066 6847 1.0
13:46:52:983 119852648 30365273 579106 6826 1.0
13:46:53:383 119853253 30176708 585025 6833 1.0
13:46:53:583 119852796 30368402 579184 6836 1.0
13:46:53:783 119853646 30404804 579066 6849 1.0
13:46:53:983 119852943 30367238 579157 6836 1.0
13:46:54:383 119853332 30179084 585080 6835 1.0
13:46:54:583 119853619 30368021 579180 6854 1.0
13:46:54:783 119852837 30412934 578996 6854 1.0
13:46:54:983 119852888 30371367 579251 6828 1.0
13:46:55:383 119853391 30175731 584994 6847 1.0
13:46:55:583 119853703 30377485 579336 6825 1.0
13:46:55:783 119852684 30454868 578916 6837 1.0
13:46:55:983 119853537 30366915 579153 6834 1.0
13:46:56:383 119853963 30183485 585184 6850 1.0
13:46:56:583 119852774 30369245 579210 6832 1.0
13:46:56:783 119852805 30450378 578885 6836 1.0
13:46:56:983 119853549 30378634 579363 6838 1.0
13:46:57:383 119853828 30174229 584957 6836 1.0
13:46:57:583 119852825 30364670 579108 6838 1.0
13:46:57:783 119853416 30401917 579247 6845 1.0
13:46:57:983 119852689 30367740 579174 6829 1.0
13:46:58:383 119853946 30179470 585056 6859 1.0
13:46:58:583 119852841 30366740 579146 6843 1.0
13:46:58:783 119853430 30377215 579113 6835 1.0
13:46:58:983 119852905 30364833 579094 6838 1.0
13:46:59:383 119853278 30279637 581613 6824 1.0
13:46:59:583 119853617 30366944 579149 6844 1.0
13:46:59:783 119852712 30464183 579027 6837 1.0
13:47:00:183 119853988 30174919 584974 6854 1.0
13:47:00:383 119852824 30418444 579048 6839 1.0
13:47:00:583 119853548 30374845 579305 6839 1.0
13:47:00:783 119852801 30430066 578960 6830 1.0
13:47:01:183 119853243 30180890 585129 6847 1.0
13:47:01:383 119852728 30392521 579013 6838 1.0
13:47:01:583 119853384 30371620 579275 6826 1.0
13:47:01:783 119852779 30387950 579073 6833 1.0
13:47:02:183 119853215 30176249 585045 6845 1.0
13:47:02:383 119853481 30407026 579023 6827 1.0
13:47:02:583 119852720 30370773 579199 6839 1.0
13:47:02:783 119853076 30385141 579112 6845 1.0
13:47:03:183 119853203 30176734 585038 6846 1.0
13:47:03:383 119853397 30382811 579151 6848 1.0
13:47:03:583 119852895 30368534 579194 6851 1.0
13:47:03:783 119853411 30392683 579023 6833 1.0
13:47:04:183 119853835 30175350 584983 6867 1.0
13:47:04:383 119852672 30468667 578884 6832 1.0
13:47:04:583 119852982 30366823 579150 6825 1.0
13:47:04:783 119853498 30419803 579175 6838 1.0
13:47:05:183 119854150 30177089 585040 6848 1.0
13:47:05:383 119852659 30410184 579117 6849 1.0
13:47:05:583 119853502 30363686 579105 6830 1.0
13:47:05:783 119852823 30388185 579117 6827 1.0
13:47:06:183 119854031 30180543 585075 6846 1.0
13:47:06:383 119852899 30406227 579082 6825 1.0
13:47:06:583 119853544 30368583 579183 6840 1.0
13:47:06:783 119852635 30413315 579142 6831 1.0
13:47:07:183 119853276 30173655 584938 6825 1.0
13:47:07:383 119853534 30405647 579041 6850 1.0
13:47:07:583 119852728 30372997 579298 6835 1.0
13:47:07:783 119852662 30419358 579011 6831 1.0
13:47:08:183 119853278 30182473 585170 6853 1.0
13:47:08:383 119853591 30397348 579027 6846 1.0
13:47:08:583 119852806 30366779 579148 6844 1.0
13:47:08:783 119853527 30467094 578904 6836 1.0
13:47:09:183 119853374 30174864 584971 6851 1.0
13:47:09:383 119853709 30411258 579072 6846 1.0
13:47:09:583 119852715 30371817 579187 6833 1.0
13:47:09:783 119853383 30375494 579064 6842 1.0
13:47:10:183 119854028 30181080 585135 6864 1.0
13:47:10:383 119852922 30438611 579004 6836 1.0
13:47:10:583 119853649 30366043 579126 6853 1.0
13:47:10:783 119852705 30366325 579127 6832 1.0
13:47:11:183 119854006 30182106 585161 6851 1.0
13:47:11:383 119852833 30404125 579030 6829 1.0
13:47:11:583 119853515 30370405 579223 6838 1.0
13:47:11:783 119852788 30465115 579075 6850 1.0
13:47:12:183 119853305 30175618 585038 6839 1.0
13:47:12:383 119852706 30394440 579061 6835 1.0
13:47:12:583 119853601 30371133 579167 6847 1.0
13:47:12:783 119852635 30424345 579109 6849 1.0
13:47:13:183 119853257 30184136 585179 6838 1.0
13:47:13:383 119853618 30414798 578977 6833 1.0
13:47:13:583 119852970 30366429 579109 6841 1.0
13:47:13:783 119853537 30459108 578947 6841 1.0
13:47:14:183 119853157 30175757 585045 6848 1.0
13:47:14:383 119853489 30436476 578984 6834 1.0
13:47:14:583 119852904 30372417 579236 6831 1.0
13:47:14:783 119853466 30412330 579022 6827 1.0
13:47:15:183 119854006 30178608 585068 6845 1.0
13:47:15:383 119852709 30427557 579122 6841 1.0
13:47:15:583 119852757 30367247 579108 6829 1.0
13:47:15:783 119853553 30401762 579112 6836 1.0
13:47:16:183 119854111 30173370 584999 6830 1.0
13:47:16:383 119852587 30453055 578899 6833 1.0
13:47:16:583 119853464 30368269 579151 6832 1.0
13:47:16:783 119852639 30432597 579069 6838 1.0
13:47:17:183 119853135 30176833 585045 6839 1.0
13:47:17:383 119852510 30458258 579093 6834 1.0
13:47:17:583 119853668 30366180 579127 6842 1.0
13:47:17:783 119852944 30427717 578975 6840 1.0
13:47:18:183 119853327 30183609 585201 6828 1.0
13:47:18:383 119853431 30396276 579015 6851 1.0
13:47:18:583 119852919 30365435 579109 6838 1.0
13:47:18:783 119852728 30449294 578974 6827 1.0
13:47:19:183 119853144 30173880 585037 6843 1.0
13:47:19:383 119853455 30380021 579113 6839 1.0
13:47:19:583 119852782 30370564 579245 6852 1.0
13:47:19:783 119853404 30417643 579005 6840 1.0
13:47:20:183 119853800 30179591 585093 6850 1.0
13:47:20:383 119852853 30405675 579026 6851 1.0
13:47:20:583 119852965 30365814 579123 6836 1.0
13:47:20:783 119853635 30464376 578931 6846 1.0
13:47:21:183 119854071 30179097 585046 6850 1.0
13:47:21:383 119852731 30395026 579099 6839 1.0
13:47:21:583 119853733 30372316 579248 6833 1.0
13:47:21:783 119852694 30411787 579084 6847 1.0
13:47:22:183 119854460 30268433 582065 6851 1.0
13:47:22:383 119852694 30395687 579117 6827 1.0
13:47:22:583 119853314 30368369 579103 6842 1.0
13:47:22:983 119853953 30182812 585154 6834 1.0
13:47:23:183 119852870 30368487 579192 6847 1.0
13:47:23:383 119853582 30465299 578998 6842 1.0
13:47:23:583 119852847 30371761 579275 6848 1.0
13:47:23:983 119853819 30171177 584965 6850 1.0
13:47:24:183 119852691 30365635 579115 6823 1.0
13:47:24:383 119853587 30428548 579141 6835 1.0
13:47:24:583 119852878 30366207 579108 6838 1.0
13:47:24:983 119853441 30172451 584907 6855 1.0
13:47:25:183 119852803 30372267 579291 6845 1.0
13:47:25:383 119853307 30388690 579034 6843 1.0
13:47:25:583 119852733 30363223 579051 6843 1.0
13:47:25:983 119853387 30176883 585024 6838 1.0
13:47:26:183 119853367 30366278 579133 6829 1.0
13:47:26:383 119852724 30415727 578965 6825 1.0
13:47:26:583 119853452 30368368 579156 6851 1.0
13:47:26:983 119853479 30172012 584974 6849 1.0
13:47:27:183 119853754 30368293 579108 6835 1.0
13:47:27:383 119852729 30453314 578966 6839 1.0
13:47:27:583 119853624 30366750 579145 6857 1.0
13:47:27:983 119853950 30180531 585118 6841 1.0
13:47:28:183 119852920 30366744 579147 6843 1.0
13:47:28:383 119852649 30396552 579050 6851 1.0
13:47:28:583 119853582 30366600 579140 6838 1.0
13:47:28:983 119853882 30174928 584971 6849 1.0
13:47:29:183 119852765 30367455 579165 6853 1.0
13:47:29:383 119853678 30477780 578980 6838 1.0
13:47:29:583 119852961 30367627 579169 6845 1.0
13:47:29:983 119853471 30174423 585028 6840 1.0
13:47:30:183 119852787 30377292 579332 6828 1.0
13:47:30:383 119853536 30438623 578921 6848 1.0
13:47:30:583 119852879 30368283 579184 6830 1.0
13:47:30:983 119853305 30174304 584957 6845 1.0
13:47:31:183 119853356 30365384 579109 6844 1.0
13:47:31:383 119852626 30455494 578909 6831 1.0
13:47:31:583 119852737 30371316 579263 6822 1.0
13:47:31:983 119853224 30174674 584967 6850 1.0
13:47:32:183 119853438 30372536 579228 6843 1.0
13:47:32:383 119852944 30391984 579069 6855 1.0
13:47:32:583 119853576 30368131 579151 6832 1.0
13:47:32:983 119854035 30185080 585185 6854 1.0
13:47:33:183 119852836 30366735 579144 6842 1.0
13:47:33:383 119852595 30427202 578936 6835 1.0
13:47:33:583 119853603 30373670 579303 6827 1.0
13:47:33:983 119853839 30176631 585017 6851 1.0
13:47:34:183 119852844 30367289 579159 6821 1.0
13:47:34:383 119853431 30440074 579129 6835 1.0
13:47:34:583 119852935 30363298 579056 6844 1.0
13:47:34:983 119853981 30180994 585132 6846 1.0
13:47:35:183 119852893 30367839 579125 6842 1.0
13:47:35:383 119853529 30404497 579061 6833 1.0
13:47:35:583 119852934 30368900 579159 6835 1.0
13:47:35:983 119853186 30177683 585045 6854 1.0
13:47:36:183 119853541 30366904 579103 6828 1.0
13:47:36:383 119852887 30401649 579220 6851 1.0
13:47:36:583 119852737 30367237 579158 6825 1.0
13:47:36:983 119853491 30175855 585003 6848 1.0
13:47:37:183 119853492 30373118 579306 6850 1.0
13:47:37:383 119852581 30419739 579013 6847 1.0
13:47:37:583 119853503 30365672 579118 6843 1.0
13:47:37:983 119853183 30177946 585053 6839 1.0
13:47:38:183 119853452 30366127 579129 6852 1.0
13:47:38:383 119852782 30372019 579126 6834 1.0
13:47:38:583 119853617 30372996 579215 6844 1.0
13:47:38:983 119854137 30174245 584953 6842 1.0
13:47:39:183 119852890 30371045 579221 6846 1.0
13:47:39:383 119853540 30382836 579112 6826 1.0
13:47:39:583 119852801 30366966 579108 6837 1.0
13:47:39:983 119854145 30179477 585089 6847 1.0
13:47:40:183 119852748 30365287 579107 6843 1.0
13:47:40:383 119853509 30385960 579075 6843 1.0
13:47:40:583 119852873 30371388 579291 6828 1.0
13:47:40:983 119853269 30175261 584981 6840 1.0
13:47:41:183 119852796 30367591 579167 6848 1.0
13:47:41:383 119853451 30445361 579155 6837 1.0
13:47:41:583 119852736 30368269 579186 6827 1.0
13:47:41:983 119853296 30182016 585090 6855 1.0
13:47:42:183 119853549 30370830 579229 6835 1.0
13:47:42:383 119852841 30444205 578942 6823 1.0
13:47:42:583 119852735 30370581 579156 6823 1.0
13:47:42:983 119853188 30174505 585015 6842 1.0
13:47:43:183 119853384 30366939 579133 6828 1.0
13:47:43:383 119852740 30469204 578923 6838 1.0
13:47:43:583 119853168 30368952 579202 6827 1.0
13:47:43:983 119853824 30179733 585065 6843 1.0
13:47:44:183 119852804 30371396 579258 6846 1.0
13:47:44:383 119852700 30419752 578954 6840 1.0
13:47:44:583 119853685 30366228 579132 6835 1.0
13:47:44:983 119853964 30272792 582134 6839 1.0
13:47:45:183 119852638 30366937 579151 6840 1.0
13:47:45:383 119853674 30404273 579043 6840 1.0
13:47:45:783 119853516 30174253 584953 6858 1.0
13:47:45:983 119853528 30424240 579077 6834 1.0
13:47:46:183 119853087 30366587 579124 6833 1.0
13:47:46:383 119853457 30412102 579129 6829 1.0
13:47:46:783 119853879 30173675 584942 6861 1.0
13:47:46:983 119852788 30385270 579196 6839 1.0
13:47:47:183 119853815 30366478 579139 6846 1.0
13:47:47:383 119853013 30381225 579009 6858 1.0
13:47:47:783 119854027 30179694 585063 6848 1.0
13:47:47:983 119852797 30458673 578850 6828 1.0
13:47:48:183 119853699 30366785 579147 6823 1.0
13:47:48:383 119852802 30433227 579058 6831 1.0
13:47:48:783 119853351 30174156 585036 6850 1.0
13:47:48:983 119852576 30402688 579117 6832 1.0
13:47:49:183 119853381 30373059 579246 6828 1.0
13:47:49:383 119852642 30434165 578961 6831 1.0
13:47:49:783 119853313 30185754 585222 6843 1.0
13:47:49:983 119853433 30451108 578935 6845 1.0
13:47:50:183 119852907 30364513 579109 6837 1.0
13:47:50:383 119853514 30453208 578880 6839 1.0
13:47:50:783 119853177 30175378 584982 6842 1.0
13:47:50:983 119853400 30401003 579028 6844 1.0
13:47:51:183 119852758 30373037 579310 6824 1.0
13:47:51:383 119853428 30423178 579038 6844 1.0
13:47:51:783 119853855 30174100 584951 6838 1.0
13:47:51:983 119852585 30383723 579209 6850 1.0
13:47:52:183 119852735 30366059 579108 6830 1.0
13:47:52:383 119853526 30395728 579065 6838 1.0
13:47:52:783 119853773 30178219 585058 6841 1.0
13:47:52:983 119852664 30411254 579047 6834 1.0
13:47:53:183 119853598 30367557 579122 6844 1.0
13:47:53:383 119852771 30398936 579117 6839 1.0
13:47:53:783 119853286 30174158 585020 6842 1.0
13:47:53:983 119852778 30469635 579117 6832 1.0
13:47:54:183 119853399 30368301 579137 6831 1.0
13:47:54:383 119852756 30452836 578956 6840 1.0
13:47:54:783 119853107 30184494 585144 6853 1.0
13:47:54:983 119853408 30442515 579053 6831 1.0
13:47:55:183 119852821 30369605 579167 6841 1.0
13:47:55:383 119852738 30415789 579117 6827 1.0
13:47:55:783 119853268 30175619 584997 6845 1.0
13:47:55:983 119853442 30401276 579112 6830 1.0
13:47:56:183 119852800 30373507 579252 6840 1.0
13:47:56:383 119853670 30454193 578968 6842 1.0
13:47:56:783 119853976 30180322 585074 6837 1.0
13:47:56:983 119852778 30392770 579083 6830 1.0
13:47:57:183 119852742 30364941 579108 6839 1.0
13:47:57:383 119853597 30442033 578929 6838 1.0
13:47:57:783 119854072 30172212 584923 6846 1.0
13:47:57:983 119852960 30389086 579034 6830 1.0
13:47:58:183 119853550 30372467 579296 6836 1.0
13:47:58:383 119852860 30413304 579082 6833 1.0
13:47:58:783 119854056 30176608 585040 6831 1.0
13:47:58:983 119852733 30400383 579153 6834 1.0
13:47:59:183 119853555 30366986 579151 6839 1.0
13:47:59:383 119852670 30409799 579033 6839 1.0
13:47:59:783 119853164 30175293 584982 6852 1.0
13:47:59:983 119853247 30428194 579041 6829 1.0
13:48:00:183 119852627 30364799 579108 6836 1.0
13:48:00:383 119852586 30391143 579182 6840 1.0
13:48:00:783 119853282 30175700 584993 6855 1.0
13:48:00:983 119853555 30393818 579289 6838 1.0
13:48:01:183 119852736 30366927 579110 6845 1.0
13:48:01:383 119853605 30430402 579004 6834 1.0
13:48:01:783 119853455 30183856 585114 6856 1.0
13:48:01:983 119853687 30447951 578943 6844 1.0
13:48:02:183 119853032 30365877 579122 6839 1.0
13:48:02:383 119853439 30454668 579042 6842 1.0
13:48:02:783 119853948 30175672 584993 6852 1.0
13:48:02:983 119852694 30409520 579064 6845 1.0
13:48:03:183 119853405 30371551 579193 6824 1.0
13:48:03:383 119852571 30375174 579042 6837 1.0
13:48:03:783 119853991 30175736 584994 6833 1.0
13:48:03:983 119852775 30428379 579083 6836 1.0
13:48:04:183 119853355 30366036 579130 6841 1.0
13:48:04:383 119852829 30371468 579162 6849 1.0
13:48:04:783 119853184 30178842 585045 6849 1.0
13:48:04:983 119852523 30437721 579013 6835 1.0
13:48:05:183 119853571 30366508 579140 6839 1.0
13:48:05:383 119852646 30421913 579139 6821 1.0
13:48:05:783 119853293 30174787 585045 6842 1.0
13:48:05:983 119853508 30401025 579326 6833 1.0
13:48:06:183 119852759 30368245 579155 6835 1.0
13:48:06:383 119853369 30454822 578853 6841 1.0
13:48:06:783 119853285 30182701 585141 6852 1.0
13:48:06:983 119853480 30421373 579037 6836 1.0
13:48:07:183 119852776 30368251 579187 6834 1.0
13:48:07:383 119853449 30430916 579109 6840 1.0
13:48:07:783 119854151 30269882 582107 6832 1.0
13:48:07:983 119852871 30402706 579022 6839 1.0
13:48:08:183 119852781 30371985 579273 6838 1.0
13:48:08:583 119853109 30173355 584930 6834 1.0
13:48:08:783 119853589 30372002 579286 6845 1.0
13:48:08:983 119852511 30386286 579110 6831 1.0
13:48:09:183 119853584 30366359 579131 6836 1.0
13:48:09:583 119853884 30177892 585040 6842 1.0
13:48:09:783 119852763 30366018 579110 6820 1.0
13:48:09:983 119852729 30468403 578858 6848 1.0
13:48:10:183 119853601 30374282 579305 6829 1.0
13:48:10:583 119853881 30174451 584958 6832 1.0
13:48:10:783 119852835 30368200 579184 6830 1.0
13:48:10:983 119853483 30433576 579121 6822 1.0
13:48:11:183 119852688 30366421 579137 6832 1.0
13:48:11:583 119854011 30182398 585145 6853 1.0
13:48:11:783 119852790 30367245 579108 6818 1.0
13:48:11:983 119853339 30415563 579062 6831 1.0
13:48:12:183 119852740 30366773 579145 6842 1.0
13:48:12:583 119853215 30174361 584966 6849 1.0
13:48:12:783 119853642 30365829 579120 6838 1.0
13:48:12:983 119852841 30451519 578934 6845 1.0
13:48:13:183 119852691 30369417 579216 6837 1.0
13:48:13:583 119853374 30176460 585013 6855 1.0
13:48:13:783 119853577 30370322 579240 6830 1.0
13:48:13:983 119852712 30409827 579005 6836 1.0
13:48:14:183 119853674 30368511 579193 6830 1.0
13:48:14:583 119853436 30173093 584922 6846 1.0
13:48:14:783 119853596 30368496 579194 6839 1.0
13:48:14:983 119852793 30471446 578957 6834 1.0
13:48:15:183 119853510 30374412 579254 6847 1.0
13:48:15:583 119854291 30175452 584985 6856 1.0
13:48:15:783 119852878 30371691 579184 6829 1.0
13:48:15:983 119853565 30415686 579028 6851 1.0
13:48:16:183 119853039 30368354 579175 6836 1.0
13:48:16:583 119854020 30178012 585040 6844 1.0
13:48:16:783 119852943 30367829 579157 6840 1.0
13:48:16:983 119853666 30380251 579063 6840 1.0
13:48:17:183 119853012 30369144 579179 6836 1.0
13:48:17:583 119853115 30175144 584979 6833 1.0
13:48:17:783 119852771 30364987 579097 6840 1.0
13:48:17:983 119853814 30440812 579067 6842 1.0
13:48:18:183 119852738 30368844 579119 6821 1.0
13:48:18:583 119853474 30183605 585110 6854 1.0
13:48:18:783 119853633 30366644 579143 6851 1.0
13:48:18:983 119852798 30428625 579064 6836 1.0
13:48:19:183 119852884 30369900 579136 6840 1.0
13:48:19:583 119853311 30175025 585045 6861 1.0
13:48:19:783 119853752 30364999 579103 6834 1.0
13:48:19:983 119852635 30442536 578988 6826 1.0
13:48:20:183 119853483 30368075 579179 6831 1.0
13:48:20:583 119853944 30176066 585003 6838 1.0
13:48:20:783 119852823 30369341 579214 6833 1.0
13:48:20:983 119852959 30398938 579065 6849 1.0
13:48:21:183 119853564 30366099 579129 6832 1.0
13:48:21:583 119854030 30179072 585081 6846 1.0
13:48:21:783 119852975 30367781 579110 6845 1.0
13:48:21:983 119853462 30401280 579056 6842 1.0
13:48:22:183 119852842 30374682 579261 6829 1.0
13:48:22:583 119853972 30175428 585028 6843 1.0
13:48:22:783 119852881 30366667 579120 6842 1.0
13:48:22:983 119853643 30417451 579118 6840 1.0
13:48:23:183 119852958 30369205 579210 6840 1.0
13:48:23:583 119853452 30179932 585104 6852 1.0
13:48:23:783 119853470 30371670 579237 6836 1.0
13:48:23:983 119852682 30452759 578990 6836 1.0
13:48:24:183 119852755 30367304 579161 6846 1.0
13:48:24:583 119853247 30174535 584962 6838 1.0
13:48:24:783 119853492 30369332 579213 6831 1.0
13:48:24:983 119852620 30387864 579185 6830 1.0
13:48:25:183 119853453 30367787 579119 6827 1.0
13:48:25:583 119853460 30172143 584911 6847 1.0
13:48:25:783 119853518 30369660 579221 6820 1.0
13:48:25:983 119852756 30462731 578853 6824 1.0
13:48:26:183 119853549 30370073 579141 6834 1.0
13:48:26:583 119854094 30177679 585044 6852 1.0
13:48:26:783 119852770 30369401 579214 6838 1.0
13:48:26:983 119853681 30418252 579028 6846 1.0
13:48:27:183 119852704 30374167 579311 6835 1.0
13:48:27:583 119853759 30174888 584971 6846 1.0
13:48:27:783 119853064 30372459 579295 6829 1.0
13:48:27:983 119853680 30410874 579009 6837 1.0
13:48:28:183 119852844 30368976 579205 6828 1.0
13:48:28:583 119853219 30181496 585053 6856 1.0
13:48:28:783 119852779 30369359 579214 6839 1.0
13:48:28:983 119853522 30425982 579001 6834 1.0
13:48:29:183 119852860 30371476 579190 6848 1.0
13:48:29:583 119853239 30176920 585023 6840 1.0
13:48:29:783 119853357 30365097 579103 6823 1.0
13:48:29:983 119852794 30380596 579117 6846 1.0
13:48:30:183 119853539 30365950 579124 6841 1.0
13:48:30:583 119853349 30275247 582159 6822 1.0
13:48:30:783 119853486 30368558 579165 6835 1.0
13:48:30:983 119852715 30436381 579021 6846 1.0
13:48:31:383 119853323 30181167 585109 6850 1.0
13:48:31:583 119853374 30413981 579010 6853 1.0
13:48:31:783 119852787 30365794 579119 6836 1.0
13:48:31:983 119852850 30461505 579037 6846 1.0
13:48:32:383 119853290 30174229 584954 6856 1.0
13:48:32:583 119853410 30427966 579028 6831 1.0
13:48:32:783 119852994 30369121 579154 6823 1.0
13:48:32:983 119853658 30393273 579067 6827 1.0
13:48:33:383 119854217 30185674 585254 6853 1.0
13:48:33:583 119852787 30430915 578888 6837 1.0
13:48:33:783 119852879 30371720 579190 6851 1.0
13:48:33:983 119853629 30466827 578945 6835 1.0
13:48:34:383 119853976 30172285 584909 6838 1.0
13:48:34:583 119852934 30379162 579248 6833 1.0
13:48:34:783 119853506 30373047 579266 6842 1.0
13:48:34:983 119852799 30382897 579174 6837 1.0
13:48:35:383 119853964 30176230 585010 6844 1.0
13:48:35:583 119852653 30377889 579166 6854 1.0
13:48:35:783 119853561 30369270 579212 6825 1.0
13:48:35:983 119852809 30417834 579019 6835 1.0
13:48:36:383 119853262 30174026 584947 6845 1.0
13:48:36:583 119853546 30420023 578963 6838 1.0
13:48:36:783 119852748 30368469 579189 6825 1.0
13:48:36:983 119852763 30418387 579127 6841 1.0
13:48:37:383 119853266 30176141 585004 6837 1.0
13:48:37:583 119853611 30375933 579230 6839 1.0
13:48:37:783 119852668 30365248 579106 6839 1.0
13:48:37:983 119853546 30383443 579045 6846 1.0
13:48:38:383 119853315 30182093 585069 6854 1.0
13:48:38:583 119853397 30420869 579112 6849 1.0
13:48:38:783 119852844 30367993 579117 6826 1.0
13:48:38:983 119853673 30399721 579103 6852 1.0
13:48:39:383 119854041 30178132 585058 6847 1.0
13:48:39:583 119852658 30463699 578918 6849 1.0
13:48:39:783 119853532 30375758 579318 6823 1.0
13:48:39:983 119852738 30466181 578895 6839 1.0
13:48:40:383 119854014 30171101 584963 6854 1.0
13:48:40:583 119852812 30479147 579001 6834 1.0
13:48:40:783 119853461 30367789 579172 6837 1.0
13:48:40:983 119852607 30393203 579097 6846 1.0
13:48:41:383 119853416 30173489 584978 6852 1.0
13:48:41:583 119852957 30375792 579045 6851 1.0
13:48:41:783 119853735 30367562 579167 6827 1.0
13:48:41:983 119852901 30368102 579136 6851 1.0
13:48:42:383 119853327 30175455 584985 6841 1.0
13:48:42:583 119853523 30477987 578983 6846 1.0
13:48:42:783 119852812 30365015 579101 6835 1.0
13:48:42:983 119853517 30403231 579098 6842 1.0
13:48:43:383 119853432 30183230 585186 6860 1.0
13:48:43:583 119853569 30446694 578964 6831 1.0
13:48:43:783 119852735 30364535 579088 6852 1.0
13:48:43:983 119853715 30460500 578950 6828 1.0
13:48:44:383 119854050 30177030 585028 6850 1.0
13:48:44:583 119852908 30401377 579051 6842 1.0
13:48:44:783 119852986 30373233 579224 6822 1.0
13:48:44:983 119853376 30436872 579062 6841 1.0
13:48:45:383 119853940 30177461 585040 6850 1.0
13:48:45:583 119852738 30379051 579117 6857 1.0
13:48:45:783 119853296 30367960 579121 6839 1.0
13:48:45:983 119852806 30385350 579099 6832 1.0
13:48:46:383 119853492 30175529 584988 6858 1.0
13:48:46:583 119852605 30400073 579068 6839 1.0
13:48:46:783 119853546 30376849 579323 6839 1.0
13:48:46:983 119852889 30437999 578897 6858 1.0
13:48:47:383 119853254 30176137 585002 6836 1.0
13:48:47:583 119853396 30377210 579318 6846 1.0
13:48:47:783 119852915 30364478 579093 6846 1.0
13:48:47:983 119853019 30398471 579070 6839 1.0
13:48:48:383 119853038 30175809 584996 6836 1.0
13:48:48:583 119853308 30426390 578991 6835 1.0
13:48:48:783 119852767 30366465 579139 6844 1.0
13:48:48:983 119853362 30416260 579146 6847 1.0
13:48:49:383 119854057 30174847 584970 6849 1.0
13:48:49:583 119852550 30412071 579256 6836 1.0
13:48:49:783 119852953 30368729 579197 6836 1.0
13:48:49:983 119853660 30450797 578910 6839 1.0
13:48:50:383 119853932 30180413 585076 6876 1.0
13:48:50:583 119852782 30437287 578949 6835 1.0
13:48:50:783 119853597 30371870 579271 6834 1.0
13:48:50:983 119852914 30421289 579117 6851 1.0
13:48:51:383 119854137 30176308 585040 6832 1.0
13:48:51:583 119852959 30413752 579064 6850 1.0
13:48:51:783 119853618 30374635 579259 6827 1.0
13:48:51:983 119852866 30433061 578995 6846 1.0
13:48:52:383 119853234 30180777 585091 6853 1.0
13:48:52:583 119852677 30406404 579060 6842 1.0
13:48:52:783 119853661 30365907 579103 6840 1.0
13:48:52:983 119852571 30457148 578873 6826 1.0
13:48:53:383 119853453 30269205 582085 6845 1.0
13:48:53:583 119853635 30391775 578972 6838 1.0
13:48:53:783 119852894 30372456 579268 6837 1.0
13:48:54:183 119853437 30175241 584981 6833 1.0
13:48:54:383 119852860 30368680 579194 6851 1.0
13:48:54:583 119853690 30392575 579176 6833 1.0
13:48:54:783 119853041 30368946 579158 6848 1.0
13:48:55:183 119853477 30178047 585045 6856 1.0
13:48:55:383 119853589 30367297 579103 6853 1.0
13:48:55:583 119852676 30411966 579117 6835 1.0
13:48:55:783 119852840 30367107 579108 6833 1.0
13:48:56:183 119853275 30173202 585020 6834 1.0
13:48:56:383 119853587 30366582 579128 6850 1.0
13:48:56:583 119852773 30451900 578915 6832 1.0
13:48:56:783 119853709 30374997 579305 6853 1.0
13:48:57:183 119854164 30174117 584952 6852 1.0
13:48:57:383 119852496 30370433 579241 6825 1.0
13:48:57:583 119852868 30379352 579029 6834 1.0
13:48:57:783 119853590 30365980 579125 6840 1.0
13:48:58:183 119854130 30175320 584983 6843 1.0
13:48:58:383 119852872 30365009 579101 6831 1.0
13:48:58:583 119853507 30449479 578854 6837 1.0
13:48:58:783 119852741 30370252 579235 6844 1.0
13:48:59:183 119854050 30174121 584993 6850 1.0
13:48:59:383 119853037 30367526 579156 6838 1.0
13:48:59:583 119853501 30426117 579117 6841 1.0
13:48:59:783 119852954 30371331 579263 6833 1.0
13:49:00:183 119853422 30182371 585167 6848 1.0
13:49:00:383 119853461 30366846 579150 6833 1.0
13:49:00:583 119852785 30427568 578941 6835 1.0
13:49:00:783 119852879 30367897 579178 6846 1.0
13:49:01:183 119853324 30174743 584967 6842 1.0
13:49:01:383 119853405 30372766 579302 6841 1.0
13:49:01:583 119852736 30402090 579117 6814 1.0
13:49:01:783 119853477 30366101 579132 6841 1.0
13:49:02:183 119853143 30178168 585051 6847 1.0
13:49:02:383 119853571 30370040 579145 6850 1.0
13:49:02:583 119852884 30401140 579077 6847 1.0
13:49:02:783 119853363 30370724 579158 6841 1.0
13:49:03:183 119854038 30177032 585028 6853 1.0
13:49:03:383 119852717 30367761 579173 6841 1.0
13:49:03:583 119853411 30386461 579123 6842 1.0
13:49:03:783 119852679 30378060 579351 6838 1.0
13:49:04:183 119854059 30174511 584962 6858 1.0
13:49:04:383 119852922 30375447 579292 6832 1.0
13:49:04:583 119853563 30424019 579013 6840 1.0
13:49:04:783 119852818 30367259 579158 6842 1.0
13:49:05:183 119853168 30183574 585110 6836 1.0
13:49:05:383 119852625 30367629 579170 6833 1.0
13:49:05:583 119853436 30441825 578928 6823 1.0
13:49:05:783 119852927 30372306 579200 6855 1.0
13:49:06:183 119853345 30173458 585027 6833 1.0
13:49:06:383 119853341 30369548 579127 6844 1.0
13:49:06:583 119852723 30412851 579194 6822 1.0
13:49:06:783 119853611 30366949 579153 6845 1.0
13:49:07:183 119853151 30184941 585198 6850 1.0
13:49:07:383 119853546 30370905 579200 6841 1.0
13:49:07:583 119852680 30372417 579137 6837 1.0
13:49:07:783 119853638 30365453 579112 6835 1.0
13:49:08:183 119854110 30175933 585000 6837 1.0
13:49:08:383 119852888 30367630 579170 6847 1.0
13:49:08:583 119852719 30381887 579186 6841 1.0
13:49:08:783 119853356 30368370 579191 6838 1.0
13:49:09:183 119853999 30171465 584926 6838 1.0
13:49:09:383 119853078 30374821 579266 6852 1.0
13:49:09:583 119853385 30398492 579070 6830 1.0
13:49:09:783 119852767 30369061 579201 6844 1.0
13:49:10:183 119853259 30175712 584994 6834 1.0
13:49:10:383 119852632 30369885 579229 6842 1.0
13:49:10:583 119853577 30420655 579063 6850 1.0
13:49:10:783 119852731 30369009 579206 6831 1.0
13:49:11:183 119853343 30172009 584896 6852 1.0
13:49:11:383 119853387 30369373 579212 6832 1.0
13:49:11:583 119852575 30459291 578950 6831 1.0
13:49:11:783 119852889 30367187 579130 6856 1.0
13:49:12:183 119853352 30184684 585145 6857 1.0
13:49:12:383 119853695 30369315 579212 6829 1.0
13:49:12:583 119853002 30445912 578908 6855 1.0
13:49:12:783 119853566 30380213 579362 6837 1.0
13:49:13:183 119854003 30177208 585032 6843 1.0
13:49:13:383 119852684 30366535 579140 6850 1.0
13:49:13:583 119852815 30473969 579054 6838 1.0
13:49:13:783 119853587 30365518 579103 6837 1.0
13:49:14:183 119853791 30175792 584994 6836 1.0
13:49:14:383 119852672 30370794 579250 6835 1.0
13:49:14:583 119853475 30418971 578997 6835 1.0
13:49:14:783 119852974 30369274 579218 6837 1.0
13:49:15:183 119854135 30176853 585024 6825 1.0
13:49:15:383 119852669 30372025 579192 6830 1.0
13:49:15:583 119853470 30417674 579043 6839 1.0
13:49:15:783 119852893 30374988 579272 6855 1.0
13:49:16:183 119853158 30268684 582056 6826 1.0
13:49:16:383 119853515 30374299 579272 6849 1.0
13:49:16:583 119852829 30409380 579012 6844 1.0
13:49:16:983 119854127 30177828 585049 6853 1.0
13:49:17:183 119852747 30391244 579226 6850 1.0
13:49:17:383 119853432 30367676 579159 6831 1.0
13:49:17:583 119852781 30422434 579080 6836 1.0
13:49:17:983 119853590 30175201 584979 6845 1.0
13:49:18:183 119852589 30456202 578861 6828 1.0
13:49:18:383 119853595 30364842 579095 6836 1.0
13:49:18:583 119852916 30452266 579030 6835 1.0
13:49:18:983 119853148 30176432 585045 6839 1.0
13:49:19:183 119853495 30385602 579112 6840 1.0
13:49:19:383 119852825 30365350 579108 6845 1.0
13:49:19:583 119853605 30376023 579112 6852 1.0
13:49:19:983 119853410 30180493 585119 6853 1.0
13:49:20:183 119853657 30400925 579001 6832 1.0
13:49:20:383 119852956 30363625 579108 6835 1.0
13:49:20:583 119853432 30448923 579112 6819 1.0
13:49:20:983 119854060 30177499 585040 6857 1.0
13:49:21:183 119852547 30450036 578947 6824 1.0
13:49:21:383 119852605 30375004 579269 6839 1.0
13:49:21:583 119853589 30435975 579061 6830 1.0
13:49:21:983 119854030 30182047 585095 6837 1.0
13:49:22:183 119852871 30399611 579098 6842 1.0
13:49:22:383 119853456 30366934 579122 6846 1.0
13:49:22:583 119852817 30465067 578858 6834 1.0
13:49:22:983 119853277 30175051 584976 6841 1.0
13:49:23:183 119852763 30432636 578985 6843 1.0
13:49:23:383 119853593 30370504 579246 6831 1.0
13:49:23:583 119852747 30402803 578983 6842 1.0
13:49:23:983 119853212 30172977 584921 6846 1.0
13:49:24:183 119853613 30476651 579043 6826 1.0
13:49:24:383 119852789 30366226 579115 6837 1.0
13:49:24:583 119852833 30406862 579038 6839 1.0
13:49:24:983 119853218 30175428 584985 6855 1.0
13:49:25:183 119853372 30432981 579037 6830 1.0
13:49:25:383 119852815 30365957 579125 6831 1.0
13:49:25:583 119853692 30425239 579117 6846 1.0
13:49:25:983 119853523 30176794 585028 6845 1.0
13:49:26:183 119853436 30383857 579188 6814 1.0
13:49:26:383 119853012 30365061 579099 6843 1.0
13:49:26:583 119853520 30466309 578830 6851 1.0
13:49:26:983 119853961 30179159 585086 6834 1.0
13:49:27:183 119852814 30404788 579056 6831 1.0
13:49:27:383 119853486 30366984 579152 6827 1.0
13:49:27:583 119852710 30375496 579231 6844 1.0
13:49:27:983 119853861 30174289 584956 6837 1.0
13:49:28:183 119852577 30459258 578993 6835 1.0
13:49:28:383 119853462 30375401 579282 6830 1.0
13:49:28:583 119852551 30461238 578909 6833 1.0
13:49:28:983 119853266 30183035 585185 6838 1.0
13:49:29:183 119852892 30450044 578957 6847 1.0
13:49:29:383 119853501 30364752 579092 6833 1.0
13:49:29:583 119852617 30433014 578925 6840 1.0
13:49:29:983 119853268 30175830 585045 6846 1.0
13:49:30:183 119853691 30461251 578853 6852 1.0
13:49:30:383 119852843 30373346 579319 6851 1.0
13:49:30:583 119853222 30405088 579054 6833 1.0
13:49:30:983 119853258 30180197 585105 6845 1.0
13:49:31:183 119853477 30411014 579112 6815 1.0
13:49:31:383 119852851 30363812 579095 6837 1.0
13:49:31:583 119853439 30393257 579125 6855 1.0
13:49:31:983 119854081 30182367 585167 6853 1.0
13:49:32:183 119852557 30456293 578914 6847 1.0
13:49:32:383 119852714 30367049 579123 6835 1.0
13:49:32:583 119853405 30430742 579129 6830 1.0
13:49:32:983 119853958 30175254 584982 6847 1.0
13:49:33:183 119852993 30384708 579097 6837 1.0
13:49:33:383 119853352 30373532 579324 6815 1.0
13:49:33:583 119852627 30419961 578925 6823 1.0
13:49:33:983 119853172 30181403 585133 6836 1.0
13:49:34:183 119852848 30424653 578957 6846 1.0
13:49:34:383 119853569 30365964 579123 6843 1.0
13:49:34:583 119852732 30458069 578979 6841 1.0
13:49:34:983 119853146 30172498 584949 6848 1.0
13:49:35:183 119853517 30410895 579112 6838 1.0
13:49:35:383 119852717 30371526 579210 6822 1.0
13:49:35:583 119852871 30415377 579015 6834 1.0
13:49:35:983 119853346 30178430 585064 6842 1.0
13:49:36:183 119853492 30453387 579056 6832 1.0
13:49:36:383 119852714 30369287 579202 6830 1.0
13:49:36:583 119853430 30399588 579140 6823 1.0
13:49:36:983 119854148 30177718 585045 6854 1.0
13:49:37:183 119852728 30446792 578861 6842 1.0
13:49:37:383 119852768 30366473 579139 6846 1.0
13:49:37:583 119853403 30401102 579282 6847 1.0
13:49:37:983 119853900 30178924 585040 6847 1.0
13:49:38:183 119852666 30422782 579121 6831 1.0
13:49:38:383 119853562 30366689 579145 6853 1.0
13:49:38:583 119852724 30406953 579072 6838 1.0
13:49:38:984 119854147 30275294 582295 6833 1.0
13:49:39:184 119852639 30451367 578930 6834 1.0
13:49:39:384 119853482 30370771 579158 6842 1.0
13:49:39:784 119854025 30174995 585015 6837 1.0
13:49:39:984 119852945 30369704 579181 6851 1.0
13:49:40:184 119853434 30386271 579087 6845 1.0
13:49:40:384 119852826 30372365 579293 6832 1.0
13:49:40:784 119854046 30174975 584976 6830 1.0
13:49:40:984 119852774 30374099 579282 6852 1.0
13:49:41:184 119853677 30428819 579044 6841 1.0
13:49:41:384 119852864 30366186 579128 6825 1.0
13:49:41:784 119853367 30180820 585046 6844 1.0
13:49:41:984 119852872 30365498 579113 6848 1.0
13:49:42:184 119853554 30404125 579013 6835 1.0
13:49:42:384 119852557 30371498 579201 6834 1.0
13:49:42:784 119853382 30174163 585032 6845 1.0
13:49:42:984 119853667 30362793 579054 6835 1.0
13:49:43:184 119852839 30437893 579178 6835 1.0
13:49:43:384 119853420 30369243 579117 6824 1.0
13:49:43:784 119853204 30179634 585094 6854 1.0
13:49:43:984 119853672 30367969 579178 6837 1.0
13:49:44:184 119852763 30403176 578965 6838 1.0
13:49:44:384 119853597 30365602 579117 6840 1.0
13:49:44:784 119853894 30174354 584959 6848 1.0
13:49:44:984 119852687 30366787 579148 6826 1.0
13:49:45:184 119852970 30391091 579182 6840 1.0
13:49:45:384 119853457 30367596 579165 6840 1.0
13:49:45:784 119854031 30175929 585040 6841 1.0
13:49:45:984 119852817 30374386 579260 6830 1.0
13:49:46:184 119853591 30416316 578960 6832 1.0
13:49:46:384 119852709 30366997 579108 6838 1.0
13:49:46:784 119853422 30174981 584973 6846 1.0
13:49:46:984 119853008 30367073 579154 6820 1.0
13:49:47:184 119853363 30415885 579024 6829 1.0
13:49:47:384 119852700 30369899 579231 6840 1.0
13:49:47:784 119853198 30177563 585043 6827 1.0
13:49:47:984 119853716 30366994 579151 6845 1.0
13:49:48:184 119852728 30387224 579095 6841 1.0
13:49:48:384 119852843 30367590 579167 6843 1.0
13:49:48:784 119853309 30179547 585045 6853 1.0
13:49:48:984 119853386 30369177 579197 6830 1.0
13:49:49:184 119852894 30423285 579023 6836 1.0
13:49:49:384 119853607 30370189 579211 6842 1.0
13:49:49:784 119853894 30174006 584988 6848 1.0
13:49:49:984 119852925 30369301 579173 6843 1.0
13:49:50:184 119852601 30405061 579258 6847 1.0
13:49:50:384 119853604 30366953 579150 6831 1.0
13:49:50:784 119853989 30178448 585066 6855 1.0
13:49:50:984 119852771 30373806 579237 6839 1.0
13:49:51:184 119853567 30438900 579044 6829 1.0
13:49:51:384 119852749 30366599 579135 6842 1.0
13:49:51:784 119853941 30172776 584916 6850 1.0
13:49:51:984 119852700 30367548 579166 6842 1.0
13:49:52:184 119853557 30461805 578978 6851 1.0
13:49:52:384 119852824 30370157 579280 6836 1.0
13:49:52:784 119853140 30174912 585010 6831 1.0
13:49:52:984 119853423 30376373 579361 6828 1.0
13:49:53:184 119852572 30467290 578964 6841 1.0
13:49:53:384 119852875 30366885 579148 6837 1.0
13:49:53:784 119853200 30180795 585128 6849 1.0
13:49:53:984 119853381 30363894 579069 6827 1.0
13:49:54:184 119852739 30393191 579013 6833 1.0
13:49:54:384 119853545 30372464 579296 6842 1.0
13:49:54:784 119853472 30176146 585004 6844 1.0
13:49:54:984 119853393 30365760 579120 6839 1.0
13:49:55:184 119852830 30397086 579189 6838 1.0
13:49:55:384 119853529 30368433 579115 6832 1.0
13:49:55:784 119853769 30177561 585040 6843 1.0
13:49:55:984 119852796 30367810 579151 6815 1.0
13:49:56:184 119853550 30376977 579069 6835 1.0
13:49:56:384 119852855 30366984 579138 6835 1.0
13:49:56:784 119853998 30174029 584948 6849 1.0
13:49:56:984 119852726 30369463 579218 6835 1.0
13:49:57:184 119853653 30401029 579254 6847 1.0
13:49:57:384 119852936 30366963 579108 6831 1.0
13:49:57:784 119853500 30174648 584964 6857 1.0
13:49:57:984 119852684 30372632 579248 6847 1.0
13:49:58:184 119853589 30388638 579067 6848 1.0
13:49:58:384 119852873 30370447 579153 6850 1.0
13:49:58:784 119853331 30177204 585045 6826 1.0
13:49:58:984 119853609 30366951 579103 6836 1.0
13:49:59:184 119853022 30454654 578858 6844 1.0
13:49:59:384 119853449 30370154 579150 6838 1.0
13:49:59:784 119853261 30176034 585002 6843 1.0
13:49:59:984 119853409 30370852 579252 6837 1.0
13:50:00:184 119852826 30414796 579019 6841 1.0
13:50:00:384 119853609 30369522 579220 6835 1.0
13:50:00:784 119853989 30176726 585019 6859 1.0
13:50:00:984 119852716 30371306 579227 6841 1.0
13:50:01:184 119852787 30393131 579012 6836 1.0
13:50:01:384 119853360 30373017 579217 6838 1.0
13:50:01:784 119853984 30250272 582619 6847 1.0
13:50:01:984 119853044 30365036 579101 6839 1.0
13:50:02:184 119853234 30402371 579205 6824 1.0
13:50:02:584 119853354 30253874 584798 6856 1.0
13:50:02:784 119853475 30374487 579268 6840 1.0
13:50:02:984 119853009 30365707 579117 6849 1.0
13:50:03:184 119853564 30417377 578991 6823 1.0
13:50:03:584 119853967 30180667 585125 6845 1.0
13:50:03:784 119852902 30398260 579042 6828 1.0
13:50:03:984 119853336 30369154 579207 6842 1.0
13:50:04:184 119852630 30385435 579218 6826 1.0
13:50:04:584 119854122 30173325 584988 6864 1.0
13:50:04:784 119853051 30407918 578967 6821 1.0
13:50:04:984 119853618 30370735 579251 6846 1.0
13:50:05:184 119852917 30378675 579120 6843 1.0
13:50:05:584 119853259 30179310 585087 6831 1.0
13:50:05:784 119852872 30409739 579075 6832 1.0
13:50:05:984 119853675 30366785 579143 6865 1.0
13:50:06:184 119852886 30372114 579124 6832 1.0
13:50:06:584 119853186 30175599 584991 6845 1.0
13:50:06:784 119853445 30419203 579055 6834 1.0
13:50:06:984 119852837 30371865 579261 6850 1.0
13:50:07:184 119853500 30462142 578991 6838 1.0
13:50:07:584 119853325 30174255 584955 6842 1.0
13:50:07:784 119853421 30370126 579140 6835 1.0
13:50:07:984 119852941 30366049 579128 6834 1.0
13:50:08:184 119853614 30456807 578926 6829 1.0
13:50:08:584 119854081 30180526 585121 6835 1.0
13:50:08:784 119852619 30432847 579006 6849 1.0
13:50:08:984 119852733 30368367 579110 6839 1.0
13:50:09:184 119853481 30380920 579112 6844 1.0
13:50:09:584 119854039 30175041 585000 6845 1.0
13:50:09:784 119852842 30458051 578858 6846 1.0
13:50:09:984 119853450 30370627 579242 6833 1.0
13:50:10:184 119852678 30390174 579045 6837 1.0
13:50:10:584 119853411 30181594 585147 6850 1.0
13:50:10:784 119852646 30410784 579062 6841 1.0
13:50:10:984 119853747 30368615 579171 6834 1.0
13:50:11:184 119852728 30395529 579093 6833 1.0
13:50:11:584 119853228 30171563 584944 6837 1.0
13:50:11:784 119853429 30388724 579105 6827 1.0
13:50:11:984 119852957 30368907 579115 6846 1.0
13:50:12:184 119852706 30376410 579117 6826 1.0
13:50:12:584 119853233 30175730 584993 6843 1.0
13:50:12:784 119853535 30384795 579247 6826 1.0
13:50:12:984 119852766 30367516 579166 6833 1.0
13:50:13:184 119853519 30425105 579002 6829 1.0
13:50:13:584 119853773 30174701 584998 6852 1.0
13:50:13:784 119852744 30408158 578982 6830 1.0
13:50:13:984 119852569 30364933 579097 6857 1.0
13:50:14:184 119853484 30402043 579200 6839 1.0
13:50:14:584 119853982 30175939 584998 6850 1.0
13:50:14:784 119852896 30475625 579026 6838 1.0
13:50:14:984 119853650 30363256 579055 6840 1.0
13:50:15:184 119852592 30404715 579081 6828 1.0
13:50:15:584 119854002 30181925 585117 6844 1.0
13:50:15:784 119852891 30414847 579040 6846 1.0
13:50:15:984 119853382 30365870 579103 6831 1.0
13:50:16:184 119852931 30391649 579282 6848 1.0
13:50:16:584 119853144 30175631 584991 6840 1.0
13:50:16:784 119853561 30406524 579057 6838 1.0
13:50:16:984 119852674 30369092 579208 6822 1.0
13:50:17:184 119852767 30386050 579071 6838 1.0
13:50:17:584 119853284 30180837 585129 6827 1.0
13:50:17:784 119853600 30395914 579034 6850 1.0
13:50:17:984 119852930 30367121 579154 6824 1.0
13:50:18:184 119853366 30377135 579154 6854 1.0
13:50:18:584 119853450 30177357 585037 6854 1.0
13:50:18:784 119853553 30437321 578950 6828 1.0
13:50:18:984 119852963 30371804 579187 6851 1.0
13:50:19:184 119853442 30415213 579050 6840 1.0
13:50:19:584 119853987 30172513 584946 6842 1.0
13:50:19:784 119852676 30463959 579095 6842 1.0
13:50:19:984 119853404 30369819 579134 6841 1.0
13:50:20:184 119852737 30449538 578952 6838 1.0
13:50:20:584 119854092 30174469 584962 6848 1.0
13:50:20:784 119852949 30377419 579083 6829 1.0
13:50:20:984 119853587 30368005 579180 6831 1.0
13:50:21:184 119852657 30402943 579123 6851 1.0
13:50:21:584 119853215 30172707 585001 6838 1.0
13:50:21:784 119852808 30375758 579161 6849 1.0
13:50:21:984 119853694 30370670 579240 6826 1.0
13:50:22:184 119852570 30426756 578980 6841 1.0
13:50:22:584 119853179 30180685 585124 6839 1.0
13:50:22:784 119853402 30409038 579024 6842 1.0
13:50:22:984 119852799 30364525 579108 6830 1.0
13:50:23:184 119853499 30448758 579103 6838 1.0
13:50:23:584 119853260 30176853 585043 6829 1.0
13:50:23:784 119853424 30436016 578977 6837 1.0
13:50:23:984 119852742 30370101 579235 6833 1.0
13:50:24:184 119853338 30420104 579100 6836 1.0
13:50:24:584 119854147 30236759 583134 6836 1.0
13:50:24:784 119852798 30438219 579049 6830 1.0
13:50:24:984 119852983 30367473 579163 6838 1.0
13:50:25:184 119853316 30388325 579125 6846 1.0
13:50:25:584 119853915 30347216 579617 6800 1.0
13:50:25:784 119852696 30394500 579104 6823 1.0
13:50:25:984 119853573 30370301 579146 6835 1.0
13:50:26:384 119854078 30172619 584992 6848 1.0
13:50:26:584 119852859 30365369 579108 6822 1.0
13:50:26:784 119852761 30441348 579117 6827 1.0
13:50:26:984 119853468 30365902 579110 6826 1.0
13:50:27:384 119853874 30172293 584904 6853 1.0
13:50:27:584 119852742 30373615 579325 6833 1.0
13:50:27:784 119853511 30403463 578990 6842 1.0
13:50:27:984 119852731 30368733 579197 6841 1.0
13:50:28:384 119853942 30174947 584984 6850 1.0
13:50:28:584 119853000 30368417 579164 6836 1.0
13:50:28:784 119853421 30387869 579112 6827 1.0
13:50:28:984 119852620 30368880 579165 6844 1.0
13:50:29:384 119853304 30174866 585038 6845 1.0
13:50:29:584 119853450 30370884 579188 6856 1.0
13:50:29:784 119852796 30393846 579088 6835 1.0
13:50:29:984 119852791 30365772 579149 6844 1.0
13:50:30:384 119853275 30180867 585128 6855 1.0
13:50:30:584 119853448 30371136 579168 6830 1.0
13:50:30:784 119852807 30439906 578984 6837 1.0
13:50:30:984 119853492 30372918 579236 6842 1.0
13:50:31:384 119853238 30176609 585016 6853 1.0
13:50:31:584 119853631 30368832 579162 6838 1.0
13:50:31:784 119852763 30464569 579095 6826 1.0
13:50:31:984 119853487 30369981 579138 6848 1.0
13:50:32:384 119854198 30184343 585205 6841 1.0
13:50:32:584 119852799 30365435 579109 6823 1.0
13:50:32:784 119853399 30429649 578946 6829 1.0
13:50:32:984 119852869 30368138 579168 6853 1.0
13:50:33:384 119854080 30172881 584973 6849 1.0
13:50:33:584 119852642 30365725 579108 6842 1.0
13:50:33:784 119853548 30427906 579039 6845 1.0
13:50:33:984 119852708 30367017 579154 6835 1.0
13:50:34:384 119853482 30171780 584889 6851 1.0
13:50:34:584 119852920 30374046 579304 6841 1.0
13:50:34:784 119853554 30399142 579042 6835 1.0
13:50:34:984 119852757 30365059 579101 6816 1.0
13:50:35:384 119853154 30177435 585045 6845 1.0
13:50:35:584 119853440 30369156 579179 6829 1.0
13:50:35:784 119852590 30414254 579112 6826 1.0
13:50:35:984 119852706 30372205 579287 6838 1.0
13:50:36:384 119853268 30178564 585066 6846 1.0
13:50:36:584 119853563 30370829 579255 6839 1.0
13:50:36:784 119852835 30426701 578976 6832 1.0
13:50:36:984 119853609 30365611 579117 6842 1.0
13:50:37:384 119853958 30178183 585060 6847 1.0
13:50:37:584 119852724 30368003 579178 6831 1.0
13:50:37:784 119852680 30385398 579096 6846 1.0
13:50:37:984 119853641 30370779 579158 6832 1.0
13:50:38:384 119854001 30179380 585040 6842 1.0
13:50:38:584 119852963 30366563 579130 6836 1.0
13:50:38:784 119853336 30432182 579130 6844 1.0
13:50:38:984 119852831 30366993 579151 6833 1.0
13:50:39:384 119854089 30185092 585240 6840 1.0
13:50:39:584 119852852 30366689 579114 6843 1.0
13:50:39:784 119853641 30450651 578935 6839 1.0
13:50:39:984 119852770 30368697 579196 6820 1.0
13:50:40:384 119853256 30172022 584896 6854 1.0
13:50:40:584 119853487 30368028 579180 6835 1.0
13:50:40:784 119852649 30451089 579035 6849 1.0
13:50:40:984 119852822 30367570 579151 6839 1.0
13:50:41:384 119853280 30175029 584981 6838 1.0
13:50:41:584 119853708 30370142 579167 6843 1.0
13:50:41:784 119852694 30381564 579117 6826 1.0
13:50:41:984 119853504 30366758 579103 6828 1.0
13:50:42:384 119853314 30180671 585125 6834 1.0
13:50:42:584 119853631 30367927 579175 6853 1.0
13:50:42:784 119852925 30417041 578940 6832 1.0
13:50:42:984 119853623 30376115 579362 6811 1.0
13:50:43:384 119853966 30174652 584965 6835 1.0
13:50:43:584 119852550 30369188 579210 6833 1.0
13:50:43:784 119853462 30430172 579089 6833 1.0
13:50:43:984 119852590 30370991 579230 6836 1.0
13:50:44:384 119854070 30187543 585212 6844 1.0
13:50:44:584 119852761 30366202 579130 6827 1.0
13:50:44:784 119853362 30433589 578940 6831 1.0
13:50:44:984 119852726 30367330 579108 6829 1.0
13:50:45:384 119853278 30176691 585030 6842 1.0
13:50:45:584 119852833 30366786 579133 6838 1.0
13:50:45:784 119853568 30473390 578998 6842 1.0
13:50:45:984 119852789 30366384 579135 6837 1.0
13:50:46:384 119853205 30172933 584934 6853 1.0
13:50:46:584 119853665 30369182 579195 6849 1.0
13:50:46:784 119852779 30457020 578873 6835 1.0
13:50:46:984 119853505 30370138 579236 6835 1.0
13:50:47:384 119853251 30222911 583717 6845 1.0
13:50:47:584 119853441 30365906 579124 6828 1.0
13:50:47:784 119852975 30379278 579120 6836 1.0
13:50:47:984 119853675 30376546 579332 6850 1.0
13:50:48:384 119854090 30331988 580127 6812 1.0
13:50:48:584 119852804 30373866 579268 6839 1.0
13:50:48:784 119852703 30402781 578957 6836 1.0
13:50:49:184 119853306 30176480 585045 6839 1.0
13:50:49:384 119853537 30466763 578935 6837 1.0
13:50:49:584 119852968 30366844 579149 6828 1.0
13:50:49:784 119853563 30397963 579084 6844 1.0
13:50:50:184 119853812 30176620 585018 6850 1.0
13:50:50:384 119852679 30399854 579095 6837 1.0
13:50:50:584 119852707 30365995 579125 6820 1.0
13:50:50:784 119853186 30418040 579107 6842 1.0
13:50:51:184 119854009 30174303 584954 6856 1.0
13:50:51:384 119852767 30446714 579048 6851 1.0
13:50:51:584 119853550 30368622 579195 6831 1.0
13:50:51:784 119852651 30421630 579013 6835 1.0
13:50:52:184 119853913 30181570 585148 6849 1.0
13:50:52:384 119852650 30422942 578992 6837 1.0
13:50:52:584 119853571 30367830 579172 6836 1.0
13:50:52:784 119852576 30375501 579162 6840 1.0
13:50:53:184 119853471 30174050 584950 6847 1.0
13:50:53:384 119853531 30372611 579158 6852 1.0
13:50:53:584 119852812 30370818 579252 6835 1.0
13:50:53:784 119852871 30413291 579031 6843 1.0
13:50:54:184 119853147 30179849 585087 6846 1.0
13:50:54:384 119853658 30404376 579067 6828 1.0
13:50:54:584 119852465 30368330 579153 6834 1.0
13:50:54:784 119853733 30383759 579112 6841 1.0
13:50:55:184 119853366 30175157 585020 6869 1.0
13:50:55:384 119853400 30387861 579112 6830 1.0
13:50:55:584 119852669 30373749 579312 6841 1.0
13:50:55:784 119853529 30424689 578967 6842 1.0
13:50:56:184 119853927 30172882 584938 6831 1.0
13:50:56:384 119852650 30465789 579117 6840 1.0
13:50:56:584 119853424 30365178 579103 6851 1.0
13:50:56:784 119852631 30421064 578981 6835 1.0
13:50:57:184 119854061 30179175 585086 6875 1.0
13:50:57:384 119852990 30441438 578933 6842 1.0
13:50:57:584 119853607 30367985 579178 6835 1.0
13:50:57:784 119852809 30413688 579166 6867 1.0
13:50:58:184 119853503 30179638 585045 6827 1.0
13:50:58:384 119852681 30394753 579156 6843 1.0
13:50:58:584 119853589 30367642 579169 6833 1.0
13:50:58:784 119852806 30394477 579015 6845 1.0
13:50:59:184 119853165 30181394 585143 6833 1.0
13:50:59:384 119853617 30407134 579087 6835 1.0
13:50:59:584 119852771 30365277 579107 6829 1.0
13:50:59:784 119853481 30383507 579115 6844 1.0
13:51:00:184 119853251 30176316 585030 6838 1.0
13:51:00:384 119853575 30416378 578967 6841 1.0
13:51:00:584 119852733 30376246 579303 6832 1.0
13:51:00:784 119853564 30423957 579006 6823 1.0
13:51:01:184 119853970 30175287 584982 6851 1.0
13:51:01:384 119852796 30413055 579124 6844 1.0
13:51:01:584 119852786 30368376 579162 6832 1.0
13:51:01:784 119853417 30446438 578853 6839 1.0
13:51:02:184 119853974 30175746 584994 6843 1.0
13:51:02:384 119852841 30416655 579003 6844 1.0
13:51:02:584 119853551 30365427 579105 6847 1.0
13:51:02:784 119852758 30413155 579165 6834 1.0
13:51:03:184 119853285 30173101 585009 6836 1.0
13:51:03:384 119852614 30419008 579153 6815 1.0
13:51:03:584 119853669 30366223 579128 6834 1.0
13:51:03:784 119852700 30411911 578972 6840 1.0
13:51:04:184 119853235 30183085 585104 6850 1.0
13:51:04:384 119853521 30406747 579058 6837 1.0
13:51:04:584 119852616 30369610 579164 6843 1.0
13:51:04:784 119852688 30442112 579117 6850 1.0
13:51:05:184 119853450 30173948 585012 6846 1.0
13:51:05:384 119853350 30377422 579125 6838 1.0
13:51:05:584 119852849 30370446 579242 6827 1.0
13:51:05:784 119853328 30416674 578997 6845 1.0
13:51:06:184 119853910 30178480 585066 6840 1.0
13:51:06:384 119852838 30378030 579161 6840 1.0
13:51:06:584 119852788 30368111 579183 6847 1.0
13:51:06:784 119853534 30400186 579121 6842 1.0
13:51:07:184 119854013 30175157 584996 6854 1.0
13:51:07:384 119852914 30431039 579079 6833 1.0
13:51:07:584 119853421 30373797 579244 6827 1.0
13:51:07:784 119852690 30425229 579016 6836 1.0
13:51:08:184 119853900 30172930 585003 6842 1.0
13:51:08:384 119852733 30471696 579029 6838 1.0
13:51:08:584 119853684 30367473 579167 6827 1.0
13:51:08:784 119852751 30402431 578921 6836 1.0
13:51:09:184 119853393 30178679 585072 6836 1.0
13:51:09:384 119852744 30457205 578868 6820 1.0
13:51:09:584 119853510 30366377 579118 6826 1.0
13:51:09:784 119852967 30372650 579226 6842 1.0
13:51:10:184 119853378 30203687 584084 6835 1.0
13:51:10:384 119853353 30463767 579041 6838 1.0
13:51:10:584 119852841 30367114 579108 6838 1.0
13:51:10:784 119853540 30391474 579084 6841 1.0
13:51:11:184 119853030 30319954 580649 6820 1.0
13:51:11:384 119853430 30409670 579062 6831 1.0
13:51:11:584 119852989 30365936 579123 6855 1.0
13:51:11:984 119853299 30173747 584941 6855 1.0
13:51:12:184 119853553 30367554 579164 6833 1.0
13:51:12:384 119852771 30418377 578927 6844 1.0
13:51:12:584 119852848 30374649 579258 6840 1.0
13:51:12:984 119853138 30178449 585065 6844 1.0
13:51:13:184 119853382 30375439 579281 6844 1.0
13:51:13:384 119852916 30449980 578976 6835 1.0
13:51:13:584 119853392 30367496 579167 6827 1.0
13:51:13:984 119853981 30178475 585065 6850 1.0
13:51:14:184 119852671 30366609 579114 6835 1.0
13:51:14:384 119852852 30405164 579086 6838 1.0
13:51:14:584 119853461 30372600 579205 6842 1.0
13:51:14:984 119854104 30175338 585021 6845 1.0
13:51:15:184 119852634 30365810 579120 6852 1.0
13:51:15:384 119853726 30472783 578960 6833 1.0
13:51:15:584 119852776 30367410 579162 6837 1.0
13:51:15:984 119853917 30180776 585126 6834 1.0
13:51:16:184 119852795 30366431 579137 6823 1.0
13:51:16:384 119853625 30400880 578938 6841 1.0
13:51:16:584 119852855 30366242 579126 6849 1.0
13:51:16:984 119853231 30173155 584926 6856 1.0
13:51:17:184 119853524 30367584 579165 6832 1.0
13:51:17:384 119852601 30469177 578953 6837 1.0
13:51:17:584 119853074 30374384 579253 6823 1.0
13:51:17:984 119853209 30174887 584990 6838 1.0
13:51:18:184 119853563 30373987 579245 6845 1.0
13:51:18:384 119852841 30418619 579031 6849 1.0
13:51:18:584 119853607 30365468 579103 6839 1.0
13:51:18:984 119853158 30179183 585085 6827 1.0
13:51:19:184 119853535 30364206 579081 6840 1.0
13:51:19:384 119852631 30393163 579108 6835 1.0
13:51:19:584 119853505 30369833 579227 6839 1.0
13:51:19:984 119854067 30173287 584930 6841 1.0
13:51:20:184 119852715 30366392 579135 6830 1.0
13:51:20:384 119853345 30401782 579244 6831 1.0
13:51:20:584 119852744 30365021 579099 6840 1.0
13:51:20:984 119853832 30182017 585076 6850 1.0
13:51:21:184 119852899 30369575 579219 6838 1.0
13:51:21:384 119853413 30449726 578965 6824 1.0
13:51:21:584 119852966 30367188 579141 6841 1.0
13:51:21:984 119853249 30172653 585003 6837 1.0
13:51:22:184 119852944 30364585 579087 6839 1.0
13:51:22:384 119853580 30415408 579028 6834 1.0
13:51:22:584 119852706 30368095 579182 6839 1.0
13:51:22:984 119853430 30176847 585023 6848 1.0
13:51:23:184 119853354 30371144 579263 6831 1.0
13:51:23:384 119852992 30402984 579024 6852 1.0
13:51:23:584 119853570 30368272 579186 6846 1.0
13:51:23:984 119853271 30175345 584984 6862 1.0
13:51:24:184 119853575 30367217 579155 6843 1.0
13:51:24:384 119852712 30463288 578860 6826 1.0
13:51:24:584 119853349 30375513 579283 6827 1.0
13:51:24:984 119854112 30177082 585040 6850 1.0
13:51:25:184 119852998 30374478 579308 6844 1.0
13:51:25:384 119852654 30435846 578917 6832 1.0
13:51:25:584 119853716 30364447 579103 6837 1.0
13:51:25:984 119854121 30180300 585115 6847 1.0
13:51:26:184 119852792 30371965 579227 6838 1.0
13:51:26:384 119853498 30436772 579010 6842 1.0
13:51:26:584 119852742 30374140 579247 6829 1.0
13:51:26:984 119853227 30174808 584970 6844 1.0
13:51:27:184 119852748 30367229 579157 6835 1.0
13:51:27:384 119853389 30395244 579201 6840 1.0
13:51:27:584 119852968 30369123 579121 6835 1.0
13:51:27:984 119853052 30178298 585045 6830 1.0
13:51:28:184 119853443 30368456 579149 6832 1.0
13:51:28:384 119852885 30414902 579113 6850 1.0
13:51:28:584 119852819 30366401 579135 6823 1.0
13:51:28:984 119853154 30175318 584997 6841 1.0
13:51:29:184 119853714 30365859 579108 6828 1.0
13:51:29:384 119852815 30455455 579047 6837 1.0
13:51:29:584 119853479 30369760 579168 6835 1.0
13:51:29:984 119854092 30173659 584938 6850 1.0
13:51:30:184 119852805 30369594 579222 6820 1.0
13:51:30:384 119852693 30379857 579166 6840 1.0
13:51:30:584 119853645 30366865 579149 6831 1.0
13:51:30:984 119854191 30175987 584999 6846 1.0
13:51:31:184 119852881 30366535 579140 6824 1.0
13:51:31:384 119853672 30367868 579128 6835 1.0
13:51:31:584 119853034 30371556 579179 6848 1.0
13:51:31:984 119853787 30174743 585018 6854 1.0
13:51:32:184 119852738 30371424 579216 6837 1.0
13:51:32:384 119853481 30385611 579061 6839 1.0
13:51:32:584 119852882 30364847 579094 6851 1.0
13:51:32:984 119853319 30196255 584781 6858 1.0
13:51:33:184 119853584 30367326 579103 6820 1.0
13:51:33:384 119852665 30416789 579050 6819 1.0
13:51:33:584 119852748 30374580 579260 6844 1.0
13:51:33:984 119853218 30300097 581085 6835 1.0
13:51:34:184 119853509 30365082 579100 6844 1.0
13:51:34:384 119853147 30392230 579191 6840 1.0
13:51:34:784 119853168 30176570 585045 6847 1.0
13:51:34:984 119852669 30384274 579117 6829 1.0
13:51:35:184 119853351 30368609 579110 6840 1.0
13:51:35:384 119852782 30382838 579142 6830 1.0
13:51:35:784 119853285 30179842 585100 6835 1.0
13:51:35:984 119853515 30403576 579083 6850 1.0
13:51:36:184 119852657 30369773 579226 6822 1.0
13:51:36:384 119853368 30397109 578972 6839 1.0
13:51:36:784 119853370 30173582 585029 6854 1.0
13:51:36:984 119853312 30415473 579063 6843 1.0
13:51:37:184 119852806 30375978 579295 6854 1.0
13:51:37:384 119853643 30474529 578981 6826 1.0
13:51:37:784 119854040 30176015 585040 6843 1.0
13:51:37:984 119852845 30396035 579202 6846 1.0
13:51:38:184 119852899 30365653 579119 6831 1.0
13:51:38:384 119853582 30392945 579016 6841 1.0
13:51:38:784 119854093 30175522 584988 6844 1.0
13:51:38:984 119852754 30415578 578984 6828 1.0
13:51:39:184 119853558 30366281 579132 6834 1.0
13:51:39:384 119852812 30411629 579169 6831 1.0
13:51:39:784 119853216 30174773 584967 6851 1.0
13:51:39:984 119852763 30372767 579201 6848 1.0
13:51:40:184 119853571 30366223 579134 6830 1.0
13:51:40:384 119852740 30376978 579103 6844 1.0
13:51:40:784 119853299 30178093 585045 6842 1.0
13:51:40:984 119853474 30396624 579070 6825 1.0
13:51:41:184 119852802 30367802 579150 6847 1.0
13:51:41:384 119852881 30378772 579305 6833 1.0
13:51:41:784 119853133 30177903 585051 6840 1.0
13:51:41:984 119853499 30448754 578950 6832 1.0
13:51:42:184 119852905 30376437 579307 6844 1.0
13:51:42:384 119853614 30469806 578922 6824 1.0
13:51:42:784 119853526 30183386 585196 6835 1.0
13:51:42:984 119853353 30427310 578934 6832 1.0
13:51:43:184 119852784 30369188 579211 6843 1.0
13:51:43:384 119853263 30399305 579138 6833 1.0
13:51:43:784 119854079 30175033 585015 6845 1.0
13:51:43:984 119852827 30403602 579115 6833 1.0
13:51:44:184 119853592 30370083 579141 6844 1.0
13:51:44:384 119852902 30414447 579081 6844 1.0
13:51:44:784 119853962 30176892 585040 6841 1.0
13:51:44:984 119852804 30383633 579223 6840 1.0
13:51:45:184 119853439 30366302 579143 6832 1.0
13:51:45:384 119852845 30414252 578972 6851 1.0
13:51:45:784 119853366 30173535 584960 6850 1.0
13:51:45:984 119852894 30403520 578947 6835 1.0
13:51:46:184 119853620 30364831 579099 6836 1.0
13:51:46:384 119852755 30374289 579291 6840 1.0
13:51:46:784 119853386 30174539 584963 6846 1.0
13:51:46:984 119853638 30448714 579067 6846 1.0
13:51:47:184 119852811 30367734 579109 6842 1.0
13:51:47:384 119853571 30403252 579094 6833 1.0
13:51:47:784 119853285 30181512 585072 6845 1.0
13:51:47:984 119853558 30409360 579085 6830 1.0
13:51:48:184 119852907 30368382 579119 6844 1.0
13:51:48:384 119853525 30382734 579249 6836 1.0
13:51:48:784 119854064 30177574 585041 6858 1.0
13:51:48:984 119852958 30418857 579045 6839 1.0
13:51:49:184 119852846 30368547 579191 6840 1.0
13:51:49:384 119853610 30397791 579034 6845 1.0
13:51:49:784 119853956 30179339 585086 6848 1.0
13:51:49:984 119852927 30390002 579024 6845 1.0
13:51:50:184 119853240 30368498 579193 6840 1.0
13:51:50:384 119852713 30465861 578884 6833 1.0
13:51:50:784 119853352 30174653 584991 6847 1.0
13:51:50:984 119852734 30404482 579076 6836 1.0
13:51:51:184 119853473 30373967 579241 6837 1.0
13:51:51:384 119852726 30412039 579027 6842 1.0
13:51:51:784 119853196 30172290 584923 6838 1.0
13:51:51:984 119853518 30374162 579139 6841 1.0
13:51:52:184 119852671 30364891 579097 6836 1.0
13:51:52:384 119852922 30385649 579142 6834 1.0
13:51:52:784 119853281 30179128 585083 6839 1.0
13:51:52:984 119853719 30400444 579027 6848 1.0
13:51:53:184 119852873 30367375 579162 6828 1.0
13:51:53:384 119853282 30400449 579175 6843 1.0
13:51:53:784 119854013 30177584 585040 6853 1.0
13:51:53:984 119852813 30402815 578998 6845 1.0
13:51:54:184 119852766 30371855 579228 6832 1.0
13:51:54:384 119853574 30395752 579108 6833 1.0
13:51:54:784 119854072 30182333 585104 6844 1.0
13:51:54:984 119852817 30400048 579053 6844 1.0
13:51:55:184 119853490 30368546 579128 6833 1.0
13:51:55:384 119852835 30466367 578860 6832 1.0
13:51:55:784 119853956 30176067 584967 6853 1.0
13:51:55:984 119852762 30381839 579068 6842 1.0
13:51:56:184 119853373 30371528 579270 6838 1.0
13:51:56:384 119852969 30432764 579048 6829 1.0
13:51:56:784 119853240 30283921 581629 6829 1.0
13:51:56:984 119853597 30422597 579089 6842 1.0
13:51:57:184 119852887 30365698 579117 6841 1.0
13:51:57:584 119853957 30182071 585108 6857 1.0
13:51:57:784 119852898 30364893 579108 6839 1.0
13:51:57:984 119853507 30389629 579112 6836 1.0
13:51:58:184 119852882 30367303 579108 6842 1.0
13:51:58:584 119853425 30174876 585038 6846 1.0
13:51:58:784 119852769 30367361 579109 6824 1.0
13:51:58:984 119853568 30481629 579112 6840 1.0
13:51:59:184 119852749 30370640 579199 6833 1.0
13:51:59:584 119853421 30174902 584973 6839 1.0
13:51:59:784 119853618 30373892 579283 6839 1.0
13:51:59:984 119852811 30419028 578940 6843 1.0
13:52:00:184 119853678 30367828 579173 6843 1.0
13:52:00:584 119853236 30174912 584973 6856 1.0
13:52:00:784 119853419 30366776 579148 6836 1.0
13:52:00:984 119852869 30462273 578923 6833 1.0
13:52:01:184 119853684 30373445 579253 6827 1.0
13:52:01:584 119854233 30176597 585033 6836 1.0
13:52:01:784 119852708 30373414 579302 6834 1.0
13:52:01:984 119852716 30439192 578984 6844 1.0
13:52:02:184 119853371 30367612 579170 6823 1.0
13:52:02:584 119854113 30175914 584998 6852 1.0
13:52:02:784 119852665 30371961 579285 6838 1.0
13:52:02:984 119853582 30420488 578950 6842 1.0
13:52:03:184 119852756 30372873 579290 6826 1.0
13:52:03:584 119853167 30175922 584999 6854 1.0
13:52:03:784 119852725 30371523 579194 6835 1.0
13:52:03:984 119853548 30422607 579056 6837 1.0
13:52:04:184 119852679 30365595 579114 6817 1.0
13:52:04:584 119853262 30181118 585090 6839 1.0
13:52:04:784 119853458 30365786 579122 6856 1.0
13:52:04:984 119852661 30405452 579088 6829 1.0
13:52:05:184 119852893 30366864 579151 6842 1.0
13:52:05:584 119853214 30176142 585003 6851 1.0
13:52:05:784 119853527 30367938 579177 6840 1.0
13:52:05:984 119852626 30393996 579225 6848 1.0
13:52:06:184 119853749 30368804 579167 6841 1.0
13:52:06:584 119854096 30173959 584946 6858 1.0
13:52:06:784 119852818 30373158 579298 6843 1.0
13:52:06:984 119852904 30388092 579038 6830 1.0
13:52:07:184 119853604 30366845 579149 6844 1.0
13:52:07:584 119853874 30176227 585009 6848 1.0
13:52:07:784 119852724 30369624 579221 6829 1.0
13:52:07:984 119853345 30421376 579001 6835 1.0
13:52:08:184 119852708 30367654 579169 6843 1.0
13:52:08:584 119853997 30174266 584977 6849 1.0
13:52:08:784 119852619 30367190 579135 6834 1.0
13:52:08:984 119853518 30376697 579126 6829 1.0
13:52:09:184 119852874 30368215 579183 6845 1.0
13:52:09:584 119853424 30180232 585113 6854 1.0
13:52:09:784 119853400 30368391 579161 6854 1.0
13:52:09:984 119852740 30403618 578986 6842 1.0
13:52:10:184 119852671 30366056 579130 6855 1.0
13:52:10:584 119853407 30175271 584980 6854 1.0
13:52:10:784 119853486 30366385 579137 6829 1.0
13:52:10:984 119852903 30455662 579030 6846 1.0
13:52:11:184 119853440 30366209 579129 6832 1.0
13:52:11:584 119853283 30172623 584989 6849 1.0
13:52:11:784 119853602 30368308 579159 6835 1.0
13:52:11:984 119852813 30456209 578929 6837 1.0
13:52:12:184 119853421 30366986 579154 6826 1.0
13:52:12:584 119854001 30176382 585011 6846 1.0
13:52:12:784 119852839 30364951 579099 6861 1.0
13:52:12:984 119853572 30468267 578899 6819 1.0
13:52:13:184 119852854 30370314 579256 6853 1.0
13:52:13:584 119853978 30175820 584995 6841 1.0
13:52:13:784 119852901 30374458 579255 6840 1.0
13:52:13:984 119853666 30430517 579055 6843 1.0
13:52:14:184 119852830 30367994 579111 6823 1.0
13:52:14:584 119853235 30179939 585059 6850 1.0
13:52:14:784 119852697 30368389 579190 6834 1.0
13:52:14:984 119853592 30394176 579031 6852 1.0
13:52:15:184 119852615 30374905 579352 6831 1.0
13:52:15:584 119853153 30176667 585018 6853 1.0
13:52:15:784 119853480 30367542 579167 6831 1.0
13:52:15:984 119852655 30435345 579170 6856 1.0
13:52:16:184 119852902 30366359 579136 6851 1.0
13:52:16:584 119853314 30179618 585096 6832 1.0
13:52:16:784 119853444 30371466 579176 6838 1.0
13:52:16:984 119852969 30414187 578972 6844 1.0
13:52:17:184 119853637 30365467 579113 6836 1.0
13:52:17:584 119854080 30175078 585008 6844 1.0
13:52:17:784 119852671 30367576 579140 6844 1.0
13:52:17:984 119852825 30382961 579264 6842 1.0
13:52:18:184 119853361 30366240 579133 6826 1.0
13:52:18:584 119853995 30176990 584991 6841 1.0
13:52:18:784 119852997 30370755 579251 6837 1.0
13:52:18:984 119853444 30396438 579052 6835 1.0
13:52:19:184 119852782 30369234 579211 6844 1.0
13:52:19:584 119853939 30271960 582100 6842 1.0
13:52:19:784 119853041 30364846 579096 6849 1.0
13:52:19:984 119853684 30455025 578897 6852 1.0
13:52:20:384 119854181 30177963 585053 6842 1.0
13:52:20:584 119852895 30424476 579003 6840 1.0
13:52:20:784 119853368 30371336 579187 6841 1.0
13:52:20:984 119852789 30400332 579117 6819 1.0
13:52:21:384 119854135 30173972 584947 6850 1.0
13:52:21:584 119852687 30438699 579011 6836 1.0
13:52:21:784 119853565 30367526 579166 6822 1.0
13:52:21:984 119852668 30407617 579060 6846 1.0
13:52:22:384 119853241 30174845 584977 6841 1.0
13:52:22:584 119853029 30414831 578926 6840 1.0
13:52:22:784 119853439 30369728 579212 6840 1.0
13:52:22:984 119852679 30420325 579140 6850 1.0
13:52:23:384 119853181 30173891 584945 6857 1.0
13:52:23:584 119853468 30458638 579021 6842 1.0
13:52:23:784 119852775 30365745 579108 6830 1.0
13:52:23:984 119853593 30406682 579112 6827 1.0
13:52:24:384 119853233 30181375 585078 6846 1.0
13:52:24:584 119853522 30406441 579079 6836 1.0
13:52:24:784 119852838 30367094 579150 6835 1.0
13:52:24:984 119853426 30379831 579201 6826 1.0
13:52:25:384 119853895 30175710 584995 6845 1.0
13:52:25:584 119852783 30427367 578959 6846 1.0
13:52:25:784 119852856 30374238 579311 6842 1.0
13:52:25:984 119853344 30424198 578986 6834 1.0
13:52:26:384 119854105 30181009 585133 6827 1.0
13:52:26:584 119852948 30394334 579072 6847 1.0
13:52:26:784 119853432 30367017 579152 6823 1.0
13:52:26:984 119852771 30371399 579096 6841 1.0
13:52:27:384 119853329 30179569 585096 6844 1.0
13:52:27:584 119852542 30460362 578949 6848 1.0
13:52:27:784 119853524 30371229 579257 6836 1.0
13:52:27:984 119852666 30378630 579222 6821 1.0
13:52:28:384 119853208 30173201 584928 6849 1.0
13:52:28:584 119853555 30378709 579223 6843 1.0
13:52:28:784 119852633 30366377 579134 6837 1.0
13:52:28:984 119852735 30405557 579068 6827 1.0
13:52:29:384 119853323 30178754 585073 6872 1.0
13:52:29:584 119853601 30414102 579095 6839 1.0
13:52:29:784 119852910 30369555 579138 6845 1.0
13:52:29:984 119853511 30438344 579112 6830 1.0
13:52:30:384 119854037 30175919 584998 6847 1.0
13:52:30:584 119852914 30415278 579055 6834 1.0
13:52:30:784 119852785 30373349 579226 6824 1.0
13:52:30:984 119853391 30403349 579030 6835 1.0
13:52:31:384 119853919 30182167 585157 6843 1.0
13:52:31:584 119852841 30405729 579000 6845 1.0
13:52:31:784 119853569 30364862 579103 6835 1.0
13:52:31:984 119852916 30429256 578932 6839 1.0
13:52:32:384 119853980 30175806 585040 6855 1.0
13:52:32:584 119852819 30429326 579011 6845 1.0
13:52:32:784 119853550 30374079 579248 6840 1.0
13:52:32:985 119852756 30426176 578996 6838 1.0
13:52:33:385 119853165 30174826 585039 6836 1.0
13:52:33:585 119853554 30409268 579118 6855 1.0
13:52:33:785 119852862 30367487 579121 6833 1.0
13:52:33:985 119852581 30405571 579104 6829 1.0
13:52:34:385 119853372 30174762 584967 6849 1.0
13:52:34:585 119853536 30413532 579047 6837 1.0
13:52:34:785 119852752 30366721 579125 6828 1.0
13:52:34:985 119853511 30446512 579198 6832 1.0
13:52:35:385 119853248 30177346 585036 6850 1.0
13:52:35:585 119853455 30382673 579284 6837 1.0
13:52:35:785 119852843 30368831 579127 6836 1.0
13:52:35:985 119853491 30424286 579034 6846 1.0
13:52:36:385 119854018 30183365 585101 6855 1.0
13:52:36:585 119853052 30440440 579019 6840 1.0
13:52:36:785 119853449 30366893 579148 6835 1.0
13:52:36:985 119852802 30382452 579128 6840 1.0
13:52:37:385 119853896 30174692 585040 6845 1.0
13:52:37:585 119852839 30371312 579058 6827 1.0
13:52:37:785 119853431 30371773 579185 6826 1.0
13:52:37:985 119852848 30383157 579121 6837 1.0
13:52:38:385 119853284 30178242 585060 6867 1.0
13:52:38:585 119852918 30382032 579179 6829 1.0
13:52:38:785 119853603 30364821 579096 6820 1.0
13:52:38:985 119852773 30470964 578876 6842 1.0
13:52:39:385 119853466 30173519 584966 6842 1.0
13:52:39:585 119853623 30429232 579027 6853 1.0
13:52:39:785 119852569 30371193 579193 6838 1.0
13:52:39:985 119853612 30421345 579082 6841 1.0
13:52:40:385 119853339 30175841 585032 6834 1.0
13:52:40:585 119853526 30381681 579187 6841 1.0
13:52:40:785 119852931 30369715 579223 6834 1.0
13:52:40:985 119853531 30412442 578935 6838 1.0
13:52:41:385 119854085 30177677 585011 6859 1.0
13:52:41:585 119852749 30441253 578990 6840 1.0
13:52:41:785 119852748 30367026 579153 6832 1.0
13:52:41:985 119853540 30433182 579087 6832 1.0
13:52:42:385 119854134 30269215 582026 6844 1.0
13:52:42:585 119852592 30463854 579117 6830 1.0
13:52:42:785 119853489 30368208 579103 6827 1.0
13:52:43:185 119854179 30175213 584979 6855 1.0
13:52:43:385 119852887 30375681 579288 6852 1.0
13:52:43:585 119852713 30438843 579049 6834 1.0
13:52:43:785 119853618 30365654 579103 6840 1.0
13:52:44:185 119853803 30175535 584988 6841 1.0
13:52:44:385 119852843 30367645 579169 6837 1.0
13:52:44:585 119853258 30417616 579005 6829 1.0
13:52:44:785 119852885 30374360 579334 6835 1.0
13:52:45:185 119854112 30176020 585007 6850 1.0
13:52:45:385 119852687 30367393 579156 6844 1.0
13:52:45:585 119853466 30412606 579160 6848 1.0
13:52:45:785 119852702 30369335 579213 6831 1.0
13:52:46:185 119853307 30181093 585124 6839 1.0
13:52:46:385 119853657 30365320 579103 6816 1.0
13:52:46:585 119852855 30404642 578949 6843 1.0
13:52:46:785 119852804 30366144 579129 6846 1.0
13:52:47:185 119853387 30178403 585045 6850 1.0
13:52:47:385 119853558 30366080 579103 6839 1.0
13:52:47:585 119852664 30382715 579208 6829 1.0
13:52:47:785 119853401 30369256 579212 6839 1.0
13:52:48:185 119853129 30175525 585041 6846 1.0
13:52:48:385 119853615 30375575 579324 6830 1.0
13:52:48:585 119852824 30433699 578953 6831 1.0
13:52:48:785 119853612 30366046 579128 6848 1.0
13:52:49:185 119853950 30171783 584898 6842 1.0
13:52:49:385 119852797 30365856 579115 6843 1.0
13:52:49:585 119852787 30449857 578988 6835 1.0
13:52:49:785 119853507 30370714 579225 6843 1.0
13:52:50:185 119854002 30179137 585084 6838 1.0
13:52:50:385 119852791 30374850 579266 6829 1.0
13:52:50:585 119853511 30463433 578936 6843 1.0
13:52:50:785 119852861 30367177 579132 6837 1.0
13:52:51:185 119853221 30182368 585163 6846 1.0
13:52:51:385 119852914 30368485 579191 6847 1.0
13:52:51:585 119853430 30450064 578918 6835 1.0
13:52:51:785 119852766 30375995 579360 6841 1.0
13:52:52:185 119853118 30175973 585000 6833 1.0
13:52:52:385 119853566 30366842 579149 6839 1.0
13:52:52:585 119852860 30430604 579088 6846 1.0
13:52:52:785 119852692 30365650 579116 6832 1.0
13:52:53:185 119853171 30180629 585121 6848 1.0
13:52:53:385 119853540 30368198 579115 6847 1.0
13:52:53:585 119852827 30406608 579117 6834 1.0
13:52:53:785 119853655 30371486 579182 6836 1.0
13:52:54:185 119853980 30174380 585011 6840 1.0
13:52:54:385 119852754 30370210 579146 6841 1.0
13:52:54:585 119852703 30387982 579262 6836 1.0
13:52:54:785 119853506 30370059 579208 6851 1.0
13:52:55:185 119854041 30176628 585017 6845 1.0
13:52:55:385 119852733 30373337 579318 6835 1.0
13:52:55:585 119853576 30428648 579007 6838 1.0
13:52:55:785 119852926 30364552 579087 6838 1.0
13:52:56:185 119854033 30172652 584912 6847 1.0
13:52:56:385 119852692 30365937 579126 6820 1.0
13:52:56:585 119853443 30441004 578991 6826 1.0
13:52:56:785 119853032 30372602 579206 6840 1.0
13:52:57:185 119853438 30175533 584989 6838 1.0
13:52:57:385 119853662 30374117 579247 6855 1.0
13:52:57:585 119852923 30435878 579017 6837 1.0
13:52:57:785 119852948 30369554 579127 6831 1.0
13:52:58:185 119853443 30180863 585128 6848 1.0
13:52:58:385 119853514 30365408 579111 6818 1.0
13:52:58:585 119852932 30381409 579090 6840 1.0
13:52:58:785 119853604 30370164 579236 6844 1.0
13:52:59:185 119852914 30173100 584925 6829 1.0
13:52:59:385 119853474 30365906 579124 6836 1.0
13:52:59:585 119852783 30408600 579203 6853 1.0
13:52:59:785 119853307 30363848 579069 6844 1.0
13:53:00:185 119853896 30185919 585169 6841 1.0
13:53:00:385 119852814 30367239 579159 6843 1.0
13:53:00:585 119853405 30458529 578961 6846 1.0
13:53:00:785 119852891 30369026 579155 6832 1.0
13:53:01:185 119854039 30174549 585040 6854 1.0
13:53:01:385 119852768 30369984 579141 6832 1.0
13:53:01:585 119853495 30386541 579340 6836 1.0
13:53:01:785 119852732 30369491 579146 6849 1.0
13:53:02:185 119853227 30176047 585002 6848 1.0
13:53:02:385 119852907 30368592 579195 6836 1.0
13:53:02:585 119853505 30381967 579094 6846 1.0
13:53:02:785 119852935 30364754 579093 6842 1.0
13:53:03:185 119853241 30176388 585010 6834 1.0
13:53:03:385 119853582 30364377 579084 6861 1.0
13:53:03:585 119853003 30447644 578887 6842 1.0
13:53:03:785 119853519 30371648 579184 6828 1.0
13:53:04:185 119853360 30180192 585072 6856 1.0
13:53:04:385 119853545 30369753 579228 6827 1.0
13:53:04:585 119852836 30382085 579258 6842 1.0
13:53:04:785 119853519 30364515 579088 6840 1.0
13:53:05:185 119854035 30274852 582171 6833 1.0
13:53:05:385 119852752 30366733 579145 6852 1.0
13:53:05:585 119852659 30419190 578989 6832 1.0
13:53:05:985 119853194 30176315 585010 6840 1.0
13:53:06:185 119853643 30372206 579143 6838 1.0
13:53:06:385 119852460 30367171 579160 6827 1.0
13:53:06:585 119853684 30381242 579216 6828 1.0
13:53:06:985 119853957 30174379 585007 6834 1.0
13:53:07:185 119852726 30397510 579078 6861 1.0
13:53:07:385 119852719 30378082 579352 6832 1.0
13:53:07:585 119853558 30442270 578909 6838 1.0
13:53:07:985 119854025 30182708 585176 6858 1.0
13:53:08:185 119852729 30427190 578973 6840 1.0
13:53:08:385 119853346 30368572 579193 6830 1.0
13:53:08:585 119852753 30380235 579056 6848 1.0
13:53:08:985 119854070 30180029 585107 6843 1.0
13:53:09:185 119852810 30429243 578985 6834 1.0
13:53:09:385 119853506 30374147 579250 6831 1.0
13:53:09:585 119852633 30428196 579063 6831 1.0
13:53:09:985 119853572 30178184 585045 6867 1.0
13:53:10:185 119853463 30413327 579108 6832 1.0
13:53:10:385 119852648 30366661 579112 6839 1.0
13:53:10:585 119852813 30384402 579117 6841 1.0
13:53:10:985 119853082 30173736 584942 6844 1.0
13:53:11:185 119853390 30413026 579074 6835 1.0
13:53:11:385 119852801 30365514 579114 6836 1.0
13:53:11:585 119853427 30439972 579112 6837 1.0
13:53:11:985 119853236 30174720 584974 6834 1.0
13:53:12:185 119853532 30466571 579061 6840 1.0
13:53:12:385 119852748 30364669 579091 6834 1.0
13:53:12:585 119853515 30388293 579096 6831 1.0
13:53:12:985 119853909 30185569 585161 6846 1.0
13:53:13:185 119852721 30471661 578939 6834 1.0
13:53:13:385 119853557 30366112 579128 6858 1.0
13:53:13:585 119852464 30385293 579156 6840 1.0
13:53:13:985 119853811 30173763 585022 6823 1.0
13:53:14:185 119852689 30373179 579135 6846 1.0
13:53:14:385 119853525 30371606 579192 6836 1.0
13:53:14:585 119852920 30391087 579028 6845 1.0
13:53:14:985 119853309 30181766 585148 6862 1.0
13:53:15:185 119852561 30409975 579062 6838 1.0
13:53:15:385 119853627 30365031 579100 6837 1.0
13:53:15:585 119852825 30454949 578905 6830 1.0
13:53:15:985 119853396 30175827 585045 6855 1.0
13:53:16:185 119853538 30427948 578962 6845 1.0
13:53:16:385 119852926 30374778 579264 6841 1.0
13:53:16:585 119853544 30415953 579056 6834 1.0
13:53:16:985 119853316 30176853 585022 6857 1.0
13:53:17:185 119853523 30458719 579052 6838 1.0
13:53:17:385 119852736 30366004 579125 6814 1.0
13:53:17:585 119853750 30386559 579053 6847 1.0
13:53:17:985 119853959 30175822 584996 6849 1.0
13:53:18:185 119852710 30440483 578920 6842 1.0
13:53:18:385 119852756 30368842 579199 6837 1.0
13:53:18:585 119853613 30431656 579097 6843 1.0
13:53:18:985 119853824 30177417 585036 6842 1.0
13:53:19:185 119852906 30382040 579260 6857 1.0
13:53:19:385 119853552 30368493 579104 6834 1.0
13:53:19:585 119852884 30412635 579061 6838 1.0
13:53:19:985 119853384 30178448 585066 6842 1.0
13:53:20:185 119852652 30387960 579108 6835 1.0
13:53:20:385 119853486 30365820 579121 6828 1.0
13:53:20:585 119852777 30454959 578864 6838 1.0
13:53:20:985 119853356 30174095 584950 6840 1.0
13:53:21:185 119853545 30409246 579044 6832 1.0
13:53:21:385 119852650 30374402 579270 6841 1.0
13:53:21:585 119852970 30428219 578978 6840 1.0
13:53:21:985 119853459 30175846 584996 6835 1.0
13:53:22:185 119853444 30430209 579179 6827 1.0
13:53:22:385 119852783 30367881 579174 6845 1.0
13:53:22:585 119853426 30395125 579055 6854 1.0
13:53:22:985 119853916 30178387 585047 6860 1.0
13:53:23:185 119852758 30406106 578957 6831 1.0
13:53:23:385 119852605 30364756 579094 6835 1.0
13:53:23:585 119853639 30390089 579279 6832 1.0
13:53:23:985 119853992 30174146 584952 6852 1.0
13:53:24:185 119852900 30447965 579086 6850 1.0
13:53:24:385 119853487 30366227 579131 6828 1.0
13:53:24:585 119852766 30398275 578972 6841 1.0
13:53:24:985 119853831 30179682 585098 6840 1.0
13:53:25:185 119852712 30406446 579101 6836 1.0
13:53:25:385 119853532 30367201 579157 6838 1.0
13:53:25:585 119852621 30428984 579109 6845 1.0
13:53:25:985 119853173 30173634 584939 6849 1.0
13:53:26:185 119852906 30462083 578996 6829 1.0
13:53:26:385 119853554 30369911 579170 6836 1.0
13:53:26:585 119852880 30411485 579065 6837 1.0
13:53:26:985 119853529 30182202 585098 6855 1.0
13:53:27:185 119853491 30428271 579069 6838 1.0
13:53:27:385 119852696 30366258 579108 6840 1.0
13:53:27:585 119853353 30387838 579112 6856 1.0
13:53:27:985 119853276 30266413 581951 6829 1.0
13:53:28:185 119853536 30384771 579141 6846 1.0
13:53:28:385 119852758 30372871 579313 6832 1.0
13:53:28:785 119853124 30178815 585075 6836 1.0
13:53:28:985 119853542 30370192 579219 6848 1.0
13:53:29:185 119852870 30389186 579205 6849 1.0
13:53:29:385 119852708 30363702 579065 6840 1.0
13:53:29:785 119853355 30184094 585122 6848 1.0
13:53:29:985 119853579 30369094 579206 6827 1.0
13:53:30:185 119853028 30451394 578899 6842 1.0
13:53:30:385 119853681 30366980 579150 6836 1.0
13:53:30:785 119854011 30176210 585017 6851 1.0
13:53:30:985 119853011 30362051 579023 6841 1.0
13:53:31:185 119852864 30444194 579016 6848 1.0
13:53:31:385 119853462 30366542 579141 6813 1.0
13:53:31:785 119854049 30173957 584990 6846 1.0
13:53:31:985 119852782 30371015 579213 6839 1.0
13:53:32:185 119853477 30388865 579078 6845 1.0
13:53:32:385 119852868 30368981 579203 6837 1.0
13:53:32:785 119854020 30175683 585040 6838 1.0
13:53:32:985 119852703 30366372 579108 6821 1.0
13:53:33:185 119853662 30398465 579016 6831 1.0
13:53:33:385 119852701 30373164 579221 6836 1.0
13:53:33:785 119853318 30173815 584974 6843 1.0
13:53:33:985 119853790 30373696 579236 6848 1.0
13:53:34:185 119852686 30409419 579055 6841 1.0
13:53:34:385 119852804 30369238 579161 6833 1.0
13:53:34:785 119853333 30180003 585098 6862 1.0
13:53:34:985 119853557 30368347 579185 6836 1.0
13:53:35:185 119852995 30405988 579018 6848 1.0
13:53:35:385 119853632 30375521 579326 6835 1.0
13:53:35:785 119853308 30173765 584941 6849 1.0
13:53:35:985 119853540 30365305 579109 6828 1.0
13:53:36:185 119852643 30445102 579036 6833 1.0
13:53:36:385 119853300 30366766 579136 6817 1.0
13:53:36:785 119854063 30182540 585099 6855 1.0
13:53:36:985 119852774 30366318 579115 6850 1.0
13:53:37:185 119853481 30416484 579105 6845 1.0
13:53:37:385 119852765 30363103 579058 6842 1.0
13:53:37:785 119853920 30175040 585039 6839 1.0
13:53:37:985 119852713 30364502 579085 6836 1.0
13:53:38:185 119853472 30464144 578908 6845 1.0
13:53:38:385 119852906 30373353 579320 6836 1.0
13:53:38:785 119853505 30173844 584949 6829 1.0
13:53:38:985 119852802 30373992 579331 6840 1.0
13:53:39:185 119853496 30389879 578940 6845 1.0
13:53:39:385 119852761 30363627 579064 6834 1.0
13:53:39:785 119853403 30179704 585097 6858 1.0
13:53:39:985 119853475 30366620 579103 6831 1.0
13:53:40:185 119852874 30398787 578995 6822 1.0
13:53:40:385 119853508 30368934 579202 6836 1.0
13:53:40:785 119853326 30177867 585045 6844 1.0
13:53:40:985 119853343 30366612 579103 6839 1.0
13:53:41:185 119852614 30421544 579117 6841 1.0
13:53:41:385 119853519 30367845 579116 6841 1.0
13:53:41:785 119854081 30181524 585146 6848 1.0
13:53:41:985 119852952 30371064 579221 6826 1.0
13:53:42:185 119852743 30431941 578946 6831 1.0
13:53:42:385 119853538 30373444 579274 6828 1.0
13:53:42:785 119854098 30174206 584953 6857 1.0
13:53:42:985 119853037 30368639 579195 6834 1.0
13:53:43:185 119853397 30377357 579211 6844 1.0
13:53:43:385 119852847 30369731 579227 6827 1.0
13:53:43:785 119853228 30176635 585024 6846 1.0
13:53:43:985 119852816 30371703 579182 6842 1.0
13:53:44:185 119853411 30408661 579049 6844 1.0
13:53:44:385 119852864 30367055 579118 6843 1.0
13:53:44:785 119853325 30175718 585031 6854 1.0
13:53:44:985 119853614 30366766 579107 6830 1.0
13:53:45:185 119852610 30456734 578942 6837 1.0
13:53:45:385 119852902 30376328 579304 6849 1.0
13:53:45:785 119853343 30173865 584944 6847 1.0
13:53:45:985 119853646 30372122 579287 6846 1.0
13:53:46:185 119852711 30402897 579155 6833 1.0
13:53:46:385 119853672 30367746 579103 6827 1.0
13:53:46:785 119854095 30180193 585063 6846 1.0
13:53:46:985 119852826 30368626 579148 6833 1.0
13:53:47:185 119852714 30413165 579047 6841 1.0
13:53:47:385 119853548 30371759 579188 6830 1.0
13:53:47:785 119853965 30175477 585040 6848 1.0
13:53:47:985 119852789 30367493 579113 6824 1.0
13:53:48:185 119853461 30421653 579111 6848 1.0
13:53:48:385 119852853 30365688 579117 6849 1.0
13:53:48:785 119853924 30178739 585074 6854 1.0
13:53:48:985 119852703 30365646 579117 6829 1.0
13:53:49:185 119853613 30386021 579117 6841 1.0
13:53:49:385 119852742 30368576 579192 6834 1.0
13:53:49:785 119853474 30175765 584961 6856 1.0
13:53:49:985 119853611 30364937 579095 6842 1.0
13:53:50:185 119852717 30376852 579282 6826 1.0
13:53:50:385 119852768 30366012 579126 6825 1.0
13:53:50:785 119853161 30274618 582139 6833 1.0
13:53:50:985 119853523 30374423 579326 6845 1.0
13:53:51:185 119852880 30377455 579124 6842 1.0
13:53:51:585 119853191 30181343 585140 6834 1.0
13:53:51:785 119852724 30442001 578901 6848 1.0
13:53:51:985 119853490 30367394 579160 6826 1.0
13:53:52:185 119852600 30374773 579196 6828 1.0
13:53:52:585 119853421 30174087 584987 6846 1.0
13:53:52:785 119853613 30401043 578998 6841 1.0
13:53:52:985 119852786 30374605 579280 6838 1.0
13:53:53:185 119853584 30436775 579005 6833 1.0
13:53:53:585 119853119 30176441 585012 6861 1.0
13:53:53:785 119853321 30373615 579176 6840 1.0
13:53:53:985 119852921 30367630 579135 6816 1.0
13:53:54:185 119853574 30419577 579085 6851 1.0
13:53:54:585 119853848 30173087 584925 6839 1.0
13:53:54:785 119852957 30400119 579122 6848 1.0
13:53:54:985 119852629 30364833 579094 6836 1.0
13:53:55:185 119853598 30447361 579097 6844 1.0
13:53:55:585 119854065 30173634 584969 6849 1.0
13:53:55:785 119852938 30444182 578950 6843 1.0
13:53:55:985 119853473 30370143 579237 6846 1.0
13:53:56:185 119852863 30376047 579088 6833 1.0
13:53:56:585 119853233 30181166 585081 6843 1.0
13:53:56:785 119852769 30434791 579013 6832 1.0
13:53:56:985 119853532 30364968 579098 6837 1.0
13:53:57:185 119852932 30448028 578912 6837 1.0
13:53:57:585 119853195 30175237 584980 6854 1.0
13:53:57:785 119853531 30407028 579075 6844 1.0
13:53:57:985 119852844 30377972 579367 6848 1.0
13:53:58:185 119852763 30378770 579117 6844 1.0
13:53:58:585 119853198 30177859 585049 6842 1.0
13:53:58:785 119853528 30406957 579105 6832 1.0
13:53:58:985 119852745 30371285 579265 6827 1.0
13:53:59:185 119853566 30401650 579020 6842 1.0
13:53:59:585 119853814 30176307 585009 6846 1.0
13:53:59:785 119852681 30436494 578925 6836 1.0
13:53:59:985 119852691 30370778 579250 6844 1.0
13:54:00:185 119853468 30401762 579125 6830 1.0
13:54:00:585 119853951 30178190 585040 6838 1.0
13:54:00:785 119852771 30393043 579250 6839 1.0
13:54:00:985 119853564 30366572 579143 6844 1.0
13:54:01:185 119852682 30461149 578976 6837 1.0
13:54:01:585 119853792 30183603 585201 6845 1.0
13:54:01:785 119852800 30437915 578921 6837 1.0
13:54:01:985 119853588 30365922 579123 6853 1.0
13:54:02:185 119852920 30461973 579069 6826 1.0
13:54:02:585 119853367 30178189 585059 6854 1.0
13:54:02:785 119852679 30373146 579124 6835 1.0
13:54:02:985 119853754 30371414 579258 6837 1.0
13:54:03:185 119852810 30387278 579093 6844 1.0
13:54:03:585 119853172 30179858 585093 6851 1.0
13:54:03:785 119853455 30423955 579064 6843 1.0
13:54:03:985 119852835 30366483 579110 6840 1.0
13:54:04:185 119853553 30453902 578853 6832 1.0
13:54:04:585 119853281 30174856 585020 6846 1.0
13:54:04:785 119853658 30465172 578909 6846 1.0
13:54:04:985 119852886 30372644 579303 6846 1.0
13:54:05:185 119853516 30438497 578968 6858 1.0
13:54:05:585 119853910 30173784 584943 6848 1.0
13:54:05:785 119852740 30386504 579223 6842 1.0
13:54:05:985 119852766 30363262 579081 6854 1.0
13:54:06:185 119853393 30409628 579072 6838 1.0
13:54:06:585 119853843 30175900 584999 6848 1.0
13:54:06:785 119852710 30431979 579068 6837 1.0
13:54:06:985 119853430 30368283 579106 6834 1.0
13:54:07:185 119852656 30474995 579117 6830 1.0
13:54:07:585 119853394 30173173 584940 6841 1.0
13:54:07:785 119852745 30445626 579062 6844 1.0
13:54:07:985 119853766 30369649 579223 6849 1.0
13:54:08:185 119852730 30442023 578951 6848 1.0
13:54:08:585 119853277 30176286 585008 6855 1.0
13:54:08:785 119853434 30468508 578924 6833 1.0
13:54:08:985 119852659 30367141 579157 6859 1.0
13:54:09:185 119852704 30469213 578956 6825 1.0
13:54:09:585 119853186 30175727 584993 6853 1.0
13:54:09:785 119853457 30445931 579030 6836 1.0
13:54:09:985 119852741 30370506 579171 6842 1.0
13:54:10:185 119853503 30398779 579112 6833 1.0
13:54:10:585 119853949 30182765 585162 6847 1.0
13:54:10:785 119852769 30446084 578995 6848 1.0
13:54:10:985 119852918 30365413 579108 6842 1.0
13:54:11:185 119853506 30464969 578864 6842 1.0
13:54:11:585 119853803 30174372 584958 6843 1.0
13:54:11:785 119852707 30397243 578997 6849 1.0
13:54:11:985 119853637 30373030 579310 6846 1.0
13:54:12:185 119852914 30408325 579034 6835 1.0
13:54:12:585 119854084 30176297 585007 6853 1.0
13:54:12:785 119852665 30389129 579202 6844 1.0
13:54:12:985 119853441 30366292 579116 6830 1.0
13:54:13:185 119852902 30409366 579101 6837 1.0
13:54:13:585 119853413 30273287 582105 6834 1.0
13:54:13:785 119853288 30406609 579037 6843 1.0
13:54:13:985 119852956 30365877 579123 6840 1.0
13:54:14:385 119854130 30177745 585040 6863 1.0
13:54:14:585 119852865 30365958 579108 6840 1.0
13:54:14:785 119853429 30465162 578858 6838 1.0
13:54:14:985 119852913 30375960 579362 6840 1.0
13:54:15:385 119853086 30173490 584934 6839 1.0
13:54:15:585 119852829 30374104 579341 6824 1.0
13:54:15:785 119853652 30416847 578951 6847 1.0
13:54:15:985 119852753 30365049 579103 6838 1.0
13:54:16:385 119853289 30176938 585024 6847 1.0
13:54:16:585 119853605 30368130 579181 6830 1.0
13:54:16:785 119852698 30386109 579074 6841 1.0
13:54:16:985 119853513 30374717 579262 6843 1.0
13:54:17:385 119853210 30176575 585039 6849 1.0
13:54:17:585 119853451 30365914 579109 6837 1.0
13:54:17:785 119852750 30406006 579138 6835 1.0
13:54:17:985 119853662 30368788 579199 6827 1.0
13:54:18:385 119853933 30181398 585143 6848 1.0
13:54:18:585 119852835 30367907 579174 6834 1.0
13:54:18:785 119853018 30445401 578958 6841 1.0
13:54:18:985 119853702 30368339 579186 6826 1.0
13:54:19:385 119853905 30171035 584892 6861 1.0
13:54:19:585 119852807 30366456 579115 6846 1.0
13:54:19:785 119853545 30436636 579188 6827 1.0
13:54:19:985 119852884 30367217 579159 6828 1.0
13:54:20:385 119853394 30178377 585052 6843 1.0
13:54:20:585 119852835 30371806 579196 6833 1.0
13:54:20:785 119853477 30415500 579011 6836 1.0
13:54:20:985 119852629 30366367 579121 6833 1.0
13:54:21:385 119853548 30177565 585041 6853 1.0
13:54:21:585 119853596 30369610 579220 6847 1.0
13:54:21:785 119852834 30415763 579069 6841 1.0
13:54:21:985 119852886 30369531 579219 6823 1.0
13:54:22:385 119853165 30175865 584997 6838 1.0
13:54:22:585 119853449 30373910 579272 6838 1.0
13:54:22:785 119852646 30437843 579010 6838 1.0
13:54:22:985 119853477 30368327 579186 6843 1.0
13:54:23:385 119854072 30180408 585079 6841 1.0
13:54:23:585 119852802 30366297 579108 6833 1.0
13:54:23:785 119852883 30393333 579117 6829 1.0
13:54:23:985 119853586 30375141 579287 6819 1.0
13:54:24:385 119854047 30177809 585040 6831 1.0
13:54:24:585 119852850 30368317 579161 6835 1.0
13:54:24:785 119853447 30415291 579076 6844 1.0
13:54:24:985 119852751 30367135 579188 6823 1.0
13:54:25:385 119854157 30180145 585109 6842 1.0
13:54:25:585 119852894 30366329 579135 6824 1.0
13:54:25:785 119853487 30419973 579033 6844 1.0
13:54:25:985 119852689 30365491 579113 6832 1.0
13:54:26:385 119853288 30173833 584943 6852 1.0
13:54:26:585 119853409 30366860 579149 6843 1.0
13:54:26:785 119852802 30476957 578972 6836 1.0
13:54:26:985 119852811 30367895 579175 6832 1.0
13:54:27:385 119853091 30175159 585018 6853 1.0
13:54:27:585 119853501 30374464 579255 6833 1.0
13:54:27:785 119852796 30414286 578992 6848 1.0
13:54:27:985 119853453 30367134 579122 6837 1.0
13:54:28:385 119853239 30175727 584992 6857 1.0
13:54:28:585 119853486 30366036 579126 6832 1.0
13:54:28:785 119852683 30408212 578999 6837 1.0
13:54:28:985 119853453 30369942 579228 6839 1.0
13:54:29:385 119854137 30177549 585042 6847 1.0
13:54:29:585 119852712 30369551 579207 6832 1.0
13:54:29:785 119853451 30396695 579030 6837 1.0
13:54:29:985 119852821 30366339 579137 6855 1.0
13:54:30:385 119853795 30185383 585155 6843 1.0
13:54:30:585 119852788 30368705 579198 6839 1.0
13:54:30:785 119853586 30447789 578918 6835 1.0
13:54:30:985 119852793 30370100 579163 6841 1.0
13:54:31:385 119853166 30179111 585081 6834 1.0
13:54:31:585 119852925 30367080 579155 6828 1.0
13:54:31:785 119853434 30406862 579235 6848 1.0
13:54:31:985 119852794 30364842 579094 6841 1.0
13:54:32:385 119853292 30177073 585029 6825 1.0
13:54:32:585 119853515 30376881 579320 6840 1.0
13:54:32:785 119852766 30447108 578910 6850 1.0
13:54:32:985 119853409 30365459 579114 6833 1.0
13:54:33:385 119853091 30179438 585067 6853 1.0
13:54:33:585 119853591 30366558 579103 6829 1.0
13:54:33:785 119852995 30382945 579088 6838 1.0
13:54:33:985 119853707 30374496 579257 6854 1.0
13:54:34:385 119854032 30171635 584977 6842 1.0
13:54:34:585 119852772 30371138 579171 6830 1.0
13:54:34:785 119852728 30379420 579117 6841 1.0
13:54:34:985 119853535 30369975 579223 6823 1.0
13:54:35:385 119853902 30181380 585141 6847 1.0
13:54:35:585 119852835 30367958 579159 6839 1.0
13:54:35:785 119853551 30420150 579005 6848 1.0
13:54:35:985 119852922 30373654 579234 6838 1.0
13:54:36:385 119853438 30267209 582040 6833 1.0
13:54:36:585 119852922 30367731 579172 6836 1.0
13:54:36:785 119853365 30386081 579189 6841 1.0
13:54:37:185 119853795 30175902 585040 6831 1.0
13:54:37:385 119852897 30390579 579157 6823 1.0
13:54:37:585 119853691 30364563 579090 6839 1.0
13:54:37:785 119852768 30391287 579090 6844 1.0
13:54:38:185 119854071 30177566 585043 6843 1.0
13:54:38:385 119852890 30386597 579086 6830 1.0
13:54:38:585 119853528 30366540 579139 6831 1.0
13:54:38:785 119852610 30459616 579067 6845 1.0
13:54:39:185 119853235 30179092 585045 6846 1.0
13:54:39:385 119852713 30439106 579016 6844 1.0
13:54:39:585 119853631 30375260 579277 6832 1.0
13:54:39:785 119852788 30441438 579008 6830 1.0
13:54:40:185 119853154 30185737 585185 6848 1.0
13:54:40:385 119853560 30461226 578972 6840 1.0
13:54:40:585 119852927 30366763 579108 6830 1.0
13:54:40:785 119853417 30370251 579112 6835 1.0
13:54:41:185 119853229 30175523 584988 6838 1.0
13:54:41:385 119853451 30412462 579023 6840 1.0
13:54:41:585 119852805 30373685 579307 6830 1.0
13:54:41:785 119853361 30425461 578952 6843 1.0
13:54:42:185 119854194 30175667 584991 6851 1.0
13:54:42:385 119852910 30387917 579199 6830 1.0
13:54:42:585 119852830 30369187 579188 6851 1.0
13:54:42:785 119853364 30432995 579057 6837 1.0
13:54:43:185 119854010 30176082 585001 6841 1.0
13:54:43:385 119852678 30425922 579027 6857 1.0
13:54:43:585 119853614 30370244 579193 6843 1.0
13:54:43:785 119852674 30429272 579081 6835 1.0
13:54:44:185 119853272 30173874 584951 6852 1.0
13:54:44:385 119852858 30445456 579027 6849 1.0
13:54:44:585 119853364 30366359 579136 6817 1.0
13:54:44:785 119852839 30404429 579009 6831 1.0
13:54:45:185 119853420 30181006 585132 6844 1.0
13:54:45:385 119853473 30399993 579043 6838 1.0
13:54:45:585 119852844 30366908 579150 6831 1.0
13:54:45:785 119852955 30381653 579255 6838 1.0
13:54:46:185 119853375 30175733 584993 6850 1.0
13:54:46:385 119853580 30392029 579058 6847 1.0
13:54:46:585 119852772 30371794 579215 6855 1.0
13:54:46:785 119853550 30393523 579108 6846 1.0
13:54:47:185 119853900 30182651 585113 6849 1.0
13:54:47:385 119852767 30417758 579028 6844 1.0
13:54:47:585 119852766 30364555 579086 6848 1.0
13:54:47:785 119853423 30459248 578921 6837 1.0
13:54:48:185 119854060 30178346 585061 6845 1.0
13:54:48:385 119852807 30440994 578944 6844 1.0
13:54:48:585 119853526 30366383 579136 6836 1.0
13:54:48:785 119852808 30432039 579176 6828 1.0
13:54:49:185 119854255 30174621 584962 6855 1.0
13:54:49:385 119852534 30462719 579005 6833 1.0
13:54:49:585 119853569 30370282 579145 6851 1.0
13:54:49:785 119852763 30416304 579043 6832 1.0
13:54:50:185 119853175 30178731 585045 6851 1.0
13:54:50:385 119853504 30398101 579112 6840 1.0
13:54:50:585 119852968 30363951 579107 6828 1.0
13:54:50:785 119852818 30370298 579118 6835 1.0
13:54:51:185 119853211 30175196 585033 6837 1.0
13:54:51:385 119853513 30465523 578853 6837 1.0
13:54:51:585 119852752 30372337 579250 6838 1.0
13:54:51:785 119853772 30392425 579024 6846 1.0
13:54:52:185 119853222 30184685 585147 6852 1.0
13:54:52:385 119853428 30441911 578893 6828 1.0
13:54:52:585 119852824 30367625 579169 6843 1.0
13:54:52:785 119853475 30462494 578932 6844 1.0
13:54:53:185 119853970 30175845 584997 6836 1.0
13:54:53:385 119852655 30432235 578921 6842 1.0
13:54:53:585 119853382 30372613 579214 6839 1.0
13:54:53:785 119853050 30387527 579117 6845 1.0
13:54:54:185 119854147 30178841 585075 6854 1.0
13:54:54:385 119852830 30433692 579055 6839 1.0
13:54:54:585 119853384 30368026 579137 6837 1.0
13:54:54:785 119852757 30385150 579181 6836 1.0
13:54:55:185 119853294 30176569 585045 6849 1.0
13:54:55:385 119852954 30443876 579001 6845 1.0
13:54:55:585 119853585 30366032 579128 6837 1.0
13:54:55:785 119852889 30458349 579073 6841 1.0
13:54:56:185 119853311 30173449 584934 6848 1.0
13:54:56:385 119853514 30471020 579024 6836 1.0
13:54:56:585 119852676 30368623 579190 6835 1.0
13:54:56:785 119853507 30434668 579030 6838 1.0
13:54:57:185 119853083 30183332 585144 6850 1.0
13:54:57:385 119853408 30433944 578952 6841 1.0
13:54:57:585 119852738 30368151 579169 6832 1.0
13:54:57:785 119853500 30455235 578924 6830 1.0
13:54:58:185 119853919 30175751 584994 6835 1.0
13:54:58:385 119853022 30474168 578980 6851 1.0
13:54:58:585 119852822 30368097 579180 6835 1.0
13:54:58:785 119853573 30398568 579048 6840 1.0
13:54:59:185 119854068 30262729 582676 6846 1.0
13:54:59:385 119852729 30439584 578944 6836 1.0
13:54:59:585 119853477 30369290 579212 6836 1.0
13:54:59:985 119853866 30182674 585082 6862 1.0
13:55:00:185 119852801 30366957 579152 6828 1.0
13:55:00:385 119852808 30419086 579073 6841 1.0
13:55:00:585 119853419 30372257 579230 6832 1.0
13:55:00:985 119853941 30178088 585040 6828 1.0
13:55:01:185 119852676 30368500 579189 6835 1.0
13:55:01:385 119853573 30403985 579129 6839 1.0
13:55:01:585 119852945 30368871 579200 6838 1.0
13:55:01:985 119854033 30183648 585190 6845 1.0
13:55:02:185 119852877 30364016 579088 6848 1.0
13:55:02:385 119853154 30411031 579004 6830 1.0
13:55:02:585 119852769 30365837 579166 6824 1.0
13:55:02:985 119853320 30175312 584984 6840 1.0
13:55:03:185 119853646 30367360 579160 6841 1.0
13:55:03:385 119852975 30383304 579250 6858 1.0
13:55:03:585 119852679 30368920 579201 6820 1.0
13:55:03:985 119853493 30175158 585024 6842 1.0
13:55:04:185 119853572 30378217 579356 6830 1.0
13:55:04:385 119852734 30456280 578888 6829 1.0
13:55:04:585 119853689 30369832 579175 6848 1.0
13:55:04:985 119853263 30174845 584970 6844 1.0
13:55:05:185 119853549 30367020 579153 6821 1.0
13:55:05:385 119852872 30384588 579032 6836 1.0
13:55:05:585 119853537 30372658 579293 6848 1.0
13:55:05:985 119854014 30176407 585012 6847 1.0
13:55:06:185 119852748 30366942 579150 6846 1.0
13:55:06:385 119853386 30401146 579161 6841 1.0
13:55:06:585 119852711 30366255 579134 6832 1.0
13:55:06:985 119853998 30178173 585047 6856 1.0
13:55:07:185 119852892 30364701 579104 6829 1.0
13:55:07:385 119853561 30467135 578856 6833 1.0
13:55:07:585 119852922 30368840 579113 6843 1.0
13:55:07:985 119853299 30175085 585020 6833 1.0
13:55:08:185 119852866 30367634 579123 6836 1.0
13:55:08:385 119853409 30475522 579072 6830 1.0
13:55:08:585 119852595 30367589 579137 6834 1.0
13:55:08:985 119853178 30175152 584978 6840 1.0
13:55:09:185 119853742 30372790 579276 6852 1.0
13:55:09:385 119852739 30416108 579039 6848 1.0
13:55:09:585 119853531 30366009 579130 6829 1.0
13:55:09:985 119853181 30173681 584939 6844 1.0
13:55:10:185 119853655 30365954 579127 6847 1.0
13:55:10:385 119852766 30451817 578970 6834 1.0
13:55:10:585 119853692 30371405 579209 6835 1.0
13:55:10:985 119854047 30171954 584970 6838 1.0
13:55:11:185 119852594 30372722 579212 6833 1.0
13:55:11:385 119852621 30386538 579147 6845 1.0
13:55:11:585 119853759 30365663 579116 6832 1.0
13:55:11:985 119853940 30182596 585175 6841 1.0
13:55:12:185 119852790 30368350 579141 6827 1.0
13:55:12:385 119853493 30431341 579004 6823 1.0
13:55:12:585 119852837 30375878 579292 6841 1.0
13:55:12:985 119853310 30172349 584904 6866 1.0
13:55:13:185 119852778 30372405 579292 6839 1.0
13:55:13:385 119853607 30433282 579049 6844 1.0
13:55:13:585 119852860 30367797 579171 6838 1.0
13:55:13:985 119853233 30179956 585068 6853 1.0
13:55:14:185 119853559 30367084 579156 6836 1.0
13:55:14:385 119852733 30393783 579075 6843 1.0
13:55:14:585 119852813 30366354 579137 6828 1.0
13:55:14:985 119853241 30177250 585033 6855 1.0
13:55:15:185 119853280 30368972 579205 6824 1.0
13:55:15:385 119852991 30400921 579096 6832 1.0
13:55:15:585 119853451 30365227 579106 6831 1.0
13:55:15:985 119853209 30178821 585077 6849 1.0
13:55:16:185 119853665 30375969 579292 6837 1.0
13:55:16:385 119852911 30460475 578971 6847 1.0
13:55:16:585 119853665 30366358 579130 6831 1.0
13:55:16:985 119854241 30173988 584958 6851 1.0
13:55:17:185 119852877 30367558 579168 6833 1.0
13:55:17:385 119853439 30373467 579134 6840 1.0
13:55:17:585 119852723 30376186 579367 6828 1.0
13:55:17:985 119853976 30173381 585015 6858 1.0
13:55:18:185 119852838 30370830 579167 6844 1.0
13:55:18:385 119853542 30374229 579099 6841 1.0
13:55:18:585 119852637 30364396 579082 6841 1.0
13:55:18:985 119853255 30176909 585023 6833 1.0
13:55:19:185 119852926 30368674 579197 6833 1.0
13:55:19:385 119853495 30400343 579036 6829 1.0
13:55:19:585 119852842 30369802 579225 6832 1.0
13:55:19:985 119853298 30174295 584956 6831 1.0
13:55:20:185 119853370 30368416 579190 6824 1.0
13:55:20:385 119852711 30433234 579134 6855 1.0
13:55:20:585 119853555 30367272 579110 6834 1.0
13:55:20:985 119853318 30183592 585192 6848 1.0
13:55:21:185 119853629 30366303 579132 6842 1.0
13:55:21:385 119852683 30422392 578993 6840 1.0
13:55:21:585 119853519 30367183 579160 6836 1.0
13:55:21:985 119854060 30239983 583026 6831 1.0
13:55:22:185 119852910 30366344 579136 6835 1.0
13:55:22:385 119852638 30460098 578936 6825 1.0
13:55:22:585 119853573 30365765 579122 6832 1.0
13:55:22:985 119853991 30353704 579588 6823 1.0
13:55:23:185 119852758 30375008 579269 6846 1.0
13:55:23:385 119853570 30456593 578918 6853 1.0
13:55:23:785 119854106 30178043 585052 6853 1.0
13:55:23:985 119852823 30400952 579129 6846 1.0
13:55:24:185 119852779 30365715 579108 6842 1.0
13:55:24:385 119853615 30378119 579112 6840 1.0
13:55:24:785 119853993 30175334 584984 6843 1.0
13:55:24:985 119852852 30386567 579087 6841 1.0
13:55:25:185 119853536 30366882 579130 6837 1.0
13:55:25:385 119852730 30416029 579221 6836 1.0
13:55:25:785 119853994 30174196 584954 6855 1.0
13:55:25:985 119852611 30472892 579060 6825 1.0
13:55:26:185 119853582 30367560 579166 6829 1.0
13:55:26:385 119852807 30439050 578961 6839 1.0
13:55:26:785 119853461 30178248 585059 6840 1.0
13:55:26:986 119853353 30383956 579134 6835 1.0
13:55:27:186 119852801 30368233 579125 6838 1.0
13:55:27:386 119852775 30389203 579201 6845 1.0
13:55:27:786 119853147 30176935 585025 6838 1.0
13:55:27:986 119853458 30441044 578941 6839 1.0
13:55:28:186 119852927 30374799 579344 6846 1.0
13:55:28:386 119853566 30427242 578919 6841 1.0
13:55:28:786 119853315 30179785 585101 6842 1.0
13:55:28:986 119853528 30405298 579039 6843 1.0
13:55:29:186 119852936 30368089 579183 6836 1.0
13:55:29:386 119853566 30376095 579040 6851 1.0
13:55:29:786 119854203 30173968 584995 6856 1.0
13:55:29:986 119852861 30381809 579037 6829 1.0
13:55:30:186 119853497 30375041 579270 6845 1.0
13:55:30:386 119852889 30398498 579051 6826 1.0
13:55:30:786 119854022 30176815 585022 6854 1.0
13:55:30:986 119852764 30457266 578969 6838 1.0
13:55:31:186 119853339 30370783 579252 6823 1.0
13:55:31:386 119852854 30432987 579011 6842 1.0
13:55:31:786 119853245 30172713 584915 6844 1.0
13:55:31:986 119852772 30384311 579032 6852 1.0
13:55:32:186 119853636 30367394 579157 6842 1.0
13:55:32:386 119852854 30446937 579197 6851 1.0
13:55:32:786 119853366 30174195 584953 6835 1.0
13:55:32:986 119853335 30392566 579214 6840 1.0
13:55:33:186 119852915 30367564 579148 6831 1.0
13:55:33:386 119853632 30419368 579068 6828 1.0
13:55:33:786 119853336 30183206 585123 6842 1.0
13:55:33:986 119853733 30436176 579034 6840 1.0
13:55:34:186 119852767 30366841 579108 6846 1.0
13:55:34:386 119853566 30401631 579298 6843 1.0
13:55:34:786 119854129 30177423 585036 6848 1.0
13:55:34:986 119852872 30440302 578884 6846 1.0
13:55:35:186 119852820 30371484 579250 6829 1.0
13:55:35:386 119853556 30382112 579103 6848 1.0
13:55:35:786 119853821 30180446 585119 6835 1.0
13:55:35:986 119852752 30403071 578954 6830 1.0
13:55:36:186 119853417 30365013 579102 6822 1.0
13:55:36:386 119852712 30440286 579037 6826 1.0
13:55:36:786 119853141 30176413 585045 6839 1.0
13:55:36:986 119852633 30403632 579117 6830 1.0
13:55:37:186 119853603 30374518 579336 6831 1.0
13:55:37:386 119852724 30459781 578884 6843 1.0
13:55:37:786 119853372 30174121 584963 6840 1.0
13:55:37:986 119853771 30381906 579237 6861 1.0
13:55:38:186 119852883 30369745 579223 6828 1.0
13:55:38:386 119852766 30437095 578910 6834 1.0
13:55:38:786 119853328 30173998 584947 6848 1.0
13:55:38:986 119853462 30373293 579199 6833 1.0
13:55:39:186 119852689 30369133 579208 6829 1.0
13:55:39:386 119853575 30440277 579101 6839 1.0
13:55:39:786 119853973 30173703 584942 6852 1.0
13:55:39:986 119852700 30460304 578957 6835 1.0
13:55:40:186 119852944 30366508 579135 6822 1.0
13:55:40:386 119853324 30396747 579104 6844 1.0
13:55:40:786 119853950 30177234 585034 6846 1.0
13:55:40:986 119852713 30394337 579072 6833 1.0
13:55:41:186 119853574 30366774 579113 6836 1.0
13:55:41:386 119852797 30383775 579162 6837 1.0
13:55:41:786 119854012 30172964 584919 6858 1.0
13:55:41:986 119852779 30400653 579048 6852 1.0
13:55:42:186 119853623 30371737 579276 6827 1.0
13:55:42:386 119852815 30415458 578974 6849 1.0
13:55:42:786 119853327 30176920 585025 6848 1.0
13:55:42:986 119853657 30422205 579127 6847 1.0
13:55:43:186 119852735 30369307 579212 6857 1.0
13:55:43:386 119852720 30393631 579110 6843 1.0
13:55:43:786 119853088 30176011 585001 6829 1.0
13:55:43:986 119853489 30408805 579046 6832 1.0
13:55:44:186 119852786 30367073 579132 6847 1.0
13:55:44:386 119853421 30472062 578855 6848 1.0
13:55:44:786 119853116 30221396 583465 6836 1.0
13:55:44:986 119853410 30459409 579072 6843 1.0
13:55:45:186 119852831 30367567 579168 6822 1.0
13:55:45:386 119853354 30469207 578983 6849 1.0
13:55:45:786 119854064 30341517 580126 6826 1.0
13:55:45:986 119852849 30425467 578934 6851 1.0
13:55:46:186 119853608 30368820 579201 6836 1.0
13:55:46:586 119853213 30176598 585016 6844 1.0
13:55:46:786 119853636 30366643 579143 6828 1.0
13:55:46:986 119852909 30471476 578906 6842 1.0
13:55:47:186 119853427 30374468 579266 6834 1.0
13:55:47:586 119854080 30176031 585040 6844 1.0
13:55:47:786 119853075 30370411 579156 6848 1.0
13:55:47:986 119852940 30390234 579069 6837 1.0
13:55:48:186 119853530 30369344 579183 6843 1.0
13:55:48:586 119854123 30181091 585134 6867 1.0
13:55:48:786 119852872 30365439 579111 6838 1.0
13:55:48:986 119853512 30393113 579032 6836 1.0
13:55:49:186 119852815 30372459 579282 6839 1.0
13:55:49:586 119853324 30173795 584941 6845 1.0
13:55:49:786 119852752 30366961 579151 6844 1.0
13:55:49:986 119853412 30425671 579179 6838 1.0
13:55:50:186 119852759 30368251 579167 6834 1.0
13:55:50:586 119853254 30182917 585150 6844 1.0
13:55:50:786 119853465 30368115 579183 6825 1.0
13:55:50:986 119853109 30448052 578932 6842 1.0
13:55:51:186 119852728 30366621 579121 6821 1.0
13:55:51:586 119853328 30175352 585016 6841 1.0
13:55:51:786 119853738 30366705 579114 6834 1.0
13:55:51:986 119853019 30456050 579076 6847 1.0
13:55:52:186 119853319 30366408 579133 6843 1.0
13:55:52:586 119853263 30176103 585003 6845 1.0
13:55:52:786 119853682 30372272 579266 6832 1.0
13:55:52:986 119852676 30420281 579055 6823 1.0
13:55:53:186 119853529 30366356 579135 6847 1.0
13:55:53:586 119854008 30173712 585026 6851 1.0
13:55:53:786 119852735 30369590 579128 6840 1.0
13:55:53:986 119853415 30412684 579106 6823 1.0
13:55:54:186 119852909 30370448 579213 6837 1.0
13:55:54:586 119853886 30175789 585016 6846 1.0
13:55:54:786 119852802 30374356 579325 6855 1.0
13:55:54:986 119853552 30421111 578946 6835 1.0
13:55:55:186 119852904 30366949 579151 6832 1.0
13:55:55:586 119853341 30180802 585127 6845 1.0
13:55:55:786 119852865 30371215 579171 6829 1.0
13:55:55:986 119853681 30427277 578990 6840 1.0
13:55:56:186 119852942 30374308 579251 6847 1.0
13:55:56:586 119853459 30173411 584931 6853 1.0
13:55:56:786 119853608 30367440 579165 6835 1.0
13:55:56:986 119852679 30475627 579009 6845 1.0
13:55:57:186 119853498 30364644 579091 6831 1.0
13:55:57:586 119853270 30181619 585148 6837 1.0
13:55:57:786 119853411 30366220 579133 6824 1.0
13:55:57:986 119852794 30399688 579013 6847 1.0
13:55:58:186 119853566 30367716 579172 6846 1.0
13:55:58:586 119854201 30174537 584962 6837 1.0
13:55:58:786 119852931 30364869 579097 6838 1.0
13:55:58:986 119852614 30445487 579055 6831 1.0
13:55:59:186 119853484 30371134 579165 6843 1.0
13:55:59:586 119853984 30176857 585021 6844 1.0
13:55:59:786 119852766 30369182 579166 6844 1.0
13:55:59:986 119853637 30390071 579064 6848 1.0
13:56:00:186 119852888 30367437 579156 6836 1.0
13:56:00:586 119853159 30178843 585050 6852 1.0
13:56:00:786 119853065 30367506 579165 6840 1.0
13:56:00:986 119853616 30396854 579053 6853 1.0
13:56:01:186 119852904 30372967 579276 6832 1.0
13:56:01:586 119853167 30175930 584999 6847 1.0
13:56:01:786 119853606 30365993 579127 6842 1.0
13:56:01:986 119852733 30421189 579207 6838 1.0
13:56:02:186 119852742 30365344 579110 6828 1.0
13:56:02:586 119853327 30183650 585118 6859 1.0
13:56:02:786 119853621 30368375 579179 6845 1.0
13:56:02:986 119852549 30431258 579013 6836 1.0
13:56:03:186 119853505 30366717 579135 6857 1.0
13:56:03:586 119854102 30177060 585040 6838 1.0
13:56:03:786 119852633 30366148 579110 6848 1.0
13:56:03:986 119852729 30478245 579018 6832 1.0
13:56:04:186 119853589 30365680 579119 6848 1.0
13:56:04:586 119854173 30176300 585008 6845 1.0
13:56:04:786 119852832 30372045 579285 6838 1.0
13:56:04:986 119853622 30405839 579037 6852 1.0
13:56:05:186 119852772 30367832 579174 6830 1.0
13:56:05:586 119853982 30174728 584967 6850 1.0
13:56:05:786 119852968 30365909 579124 6843 1.0
13:56:05:986 119853349 30467993 578981 6838 1.0
13:56:06:186 119852822 30376821 579320 6836 1.0
13:56:06:586 119853380 30173080 584937 6848 1.0
13:56:06:786 119853435 30375679 579289 6837 1.0
13:56:06:986 119852633 30423391 579041 6846 1.0
13:56:07:186 119852737 30366572 579117 6840 1.0
13:56:07:586 119853446 30214499 584139 6849 1.0
13:56:07:786 119853302 30368172 579185 6827 1.0
13:56:07:986 119852737 30423705 578939 6853 1.0
13:56:08:186 119853570 30371166 579272 6828 1.0
13:56:08:586 119853339 30319043 580459 6826 1.0
13:56:08:786 119853656 30366969 579152 6842 1.0
13:56:08:986 119852943 30389240 579180 6848 1.0
13:56:09:386 119853267 30174867 584970 6842 1.0
13:56:09:586 119853457 30467260 579033 6846 1.0
13:56:09:786 119852924 30366030 579128 6837 1.0
13:56:09:986 119853615 30418479 579072 6851 1.0
13:56:10:386 119853319 30180374 585058 6824 1.0
13:56:10:586 119853490 30399468 579099 6845 1.0
13:56:10:786 119852901 30363773 579108 6819 1.0
13:56:10:986 119853655 30387203 579355 6821 1.0
13:56:11:386 119853976 30177670 585040 6851 1.0
13:56:11:586 119852817 30450767 578906 6835 1.0
13:56:11:786 119852929 30370856 579252 6822 1.0
13:56:11:986 119853724 30410943 579046 6839 1.0
13:56:12:386 119853839 30179230 585084 6853 1.0
13:56:12:586 119852823 30397910 579007 6841 1.0
13:56:12:786 119853529 30369880 579228 6821 1.0
13:56:12:986 119852875 30367745 579130 6848 1.0
13:56:13:386 119853554 30174152 584951 6856 1.0
13:56:13:586 119852792 30405670 579117 6840 1.0
13:56:13:786 119853624 30370051 579155 6844 1.0
13:56:13:986 119852717 30392442 579065 6831 1.0
13:56:14:386 119853507 30175171 585023 6828 1.0
13:56:14:586 119853508 30457128 579134 6849 1.0
13:56:14:786 119852767 30367015 579108 6825 1.0
13:56:14:986 119852704 30425617 578961 6837 1.0
13:56:15:386 119853366 30174839 585045 6836 1.0
13:56:15:586 119853434 30413635 578982 6832 1.0
13:56:15:786 119852865 30369223 579211 6833 1.0
13:56:15:986 119853434 30434443 579118 6830 1.0
13:56:16:386 119853934 30176345 585039 6849 1.0
13:56:16:586 119852793 30380852 579118 6848 1.0
13:56:16:786 119852779 30368550 579133 6836 1.0
13:56:16:986 119853561 30395538 579087 6848 1.0
13:56:17:386 119853888 30184410 585208 6838 1.0
13:56:17:586 119852687 30431144 578958 6841 1.0
13:56:17:786 119853580 30369934 579236 6845 1.0
13:56:17:986 119852700 30392014 579031 6840 1.0
13:56:18:386 119854008 30178586 585040 6852 1.0
13:56:18:586 119852611 30432571 578995 6839 1.0
13:56:18:786 119853485 30374217 579250 6823 1.0
13:56:18:986 119852926 30440682 579007 6840 1.0
13:56:19:386 119853392 30175016 584973 6848 1.0
13:56:19:586 119853534 30423104 579110 6845 1.0
13:56:19:786 119852916 30363547 579061 6842 1.0
13:56:19:986 119852467 30449895 579003 6836 1.0
13:56:20:386 119853409 30173877 584944 6846 1.0
13:56:20:586 119853644 30429634 578992 6848 1.0
13:56:20:786 119852799 30364178 579108 6859 1.0
13:56:20:986 119853647 30396670 579201 6849 1.0
13:56:21:386 119853068 30176613 585017 6844 1.0
13:56:21:586 119853552 30399606 579202 6852 1.0
13:56:21:786 119852939 30367639 579164 6853 1.0
13:56:21:986 119853340 30411334 578986 6828 1.0
13:56:22:386 119854000 30180621 585121 6856 1.0
13:56:22:586 119852758 30408277 579097 6840 1.0
13:56:22:786 119853287 30369442 579131 6854 1.0
13:56:22:986 119852793 30435623 579233 6838 1.0
13:56:23:386 119853911 30174018 584948 6848 1.0
13:56:23:586 119852655 30405700 579098 6840 1.0
13:56:23:786 119853478 30374135 579289 6830 1.0
13:56:23:986 119852760 30433718 578961 6854 1.0
13:56:24:386 119853440 30181019 585131 6853 1.0
13:56:24:586 119852927 30414742 578958 6830 1.0
13:56:24:786 119853452 30369706 579222 6828 1.0
13:56:24:986 119852984 30382483 579100 6854 1.0
13:56:25:386 119853280 30174047 585041 6837 1.0
13:56:25:586 119853458 30411327 579016 6848 1.0
13:56:25:786 119852983 30373325 579225 6841 1.0
13:56:25:986 119852761 30431712 579096 6830 1.0
13:56:26:386 119853305 30173917 585026 6848 1.0
13:56:26:586 119853497 30386542 579154 6835 1.0
13:56:26:786 119852818 30364026 579085 6821 1.0
13:56:26:986 119853526 30391065 579112 6841 1.0
13:56:27:386 119854151 30173785 584942 6842 1.0
13:56:27:586 119852845 30384620 579161 6852 1.0
13:56:27:786 119852830 30369197 579208 6832 1.0
13:56:27:986 119853422 30477108 578989 6824 1.0
13:56:28:386 119854044 30174662 584966 6855 1.0
13:56:28:586 119852713 30466379 579058 6841 1.0
13:56:28:786 119853513 30367718 579103 6840 1.0
13:56:28:986 119852810 30441466 579025 6827 1.0
13:56:29:386 119854150 30179698 585098 6841 1.0
13:56:29:586 119852734 30377425 579082 6837 1.0
13:56:29:786 119853568 30370182 579151 6835 1.0
13:56:29:986 119852698 30400051 579148 6835 1.0
13:56:30:386 119853274 30189864 584394 6852 1.0
13:56:30:586 119853559 30398799 579112 6827 1.0
13:56:30:786 119852777 30374814 579337 6829 1.0
13:56:30:986 119852908 30461281 578928 6827 1.0
13:56:31:386 119853366 30311325 581154 6824 1.0
13:56:31:586 119853534 30425614 578945 6842 1.0
13:56:31:786 119852633 30366260 579134 6823 1.0
13:56:32:186 119853478 30182517 585172 6852 1.0
13:56:32:386 119852733 30365398 579107 6837 1.0
13:56:32:586 119853472 30404126 579015 6832 1.0
13:56:32:786 119853046 30371399 579207 6847 1.0
13:56:33:186 119853162 30174316 584955 6844 1.0
13:56:33:386 119853672 30366649 579144 6844 1.0
13:56:33:586 119852818 30442978 578920 6836 1.0
13:56:33:786 119853564 30367230 579158 6839 1.0
13:56:34:186 119853390 30176893 585025 6845 1.0
13:56:34:386 119853613 30372013 579282 6838 1.0
13:56:34:586 119852778 30414218 578991 6833 1.0
13:56:34:786 119853581 30366340 579134 6837 1.0
13:56:35:186 119854009 30177258 585035 6832 1.0
13:56:35:386 119852656 30367696 579171 6818 1.0
13:56:35:586 119852771 30410194 579026 6850 1.0
13:56:35:786 119853544 30378063 579352 6835 1.0
13:56:36:186 119853993 30175041 584976 6851 1.0
13:56:36:386 119852711 30379325 579384 6846 1.0
13:56:36:586 119853498 30450209 578916 6837 1.0
13:56:36:786 119852906 30366967 579127 6846 1.0
13:56:37:186 119853309 30178726 585045 6844 1.0
13:56:37:386 119852889 30366063 579121 6849 1.0
13:56:37:586 119853432 30372678 579099 6838 1.0
13:56:37:786 119852660 30372094 579289 6822 1.0
13:56:38:186 119853255 30177298 585035 6854 1.0
13:56:38:386 119853537 30367512 579167 6841 1.0
13:56:38:586 119852858 30412140 579081 6846 1.0
13:56:38:786 119852659 30371655 579266 6838 1.0
13:56:39:186 119853365 30181666 585107 6849 1.0
13:56:39:386 119853555 30367296 579109 6836 1.0
13:56:39:586 119852917 30415233 579089 6846 1.0
13:56:39:786 119853437 30365278 579106 6836 1.0
13:56:40:186 119854026 30173680 584987 6847 1.0
13:56:40:386 119852810 30364669 579091 6831 1.0
13:56:40:586 119852775 30460002 579044 6847 1.0
13:56:40:786 119853414 30369460 579219 6824 1.0
13:56:41:186 119853861 30177756 585048 6852 1.0
13:56:41:386 119852751 30374302 579308 6835 1.0
13:56:41:586 119853426 30433001 578920 6831 1.0
13:56:41:786 119852644 30368574 579192 6822 1.0
13:56:42:186 119854039 30173611 584937 6849 1.0
13:56:42:386 119852974 30365992 579125 6825 1.0
13:56:42:586 119853656 30459233 578941 6854 1.0
13:56:42:786 119852667 30371158 579171 6833 1.0
13:56:43:186 119853452 30178090 585045 6843 1.0
13:56:43:386 119853597 30374082 579300 6839 1.0
13:56:43:586 119852924 30450772 578920 6836 1.0
13:56:43:786 119852778 30365235 579108 6847 1.0
13:56:44:186 119853328 30182691 585175 6852 1.0
13:56:44:386 119853525 30369650 579205 6839 1.0
13:56:44:586 119852822 30429558 578883 6847 1.0
13:56:44:786 119853398 30373716 579329 6830 1.0
13:56:45:186 119853196 30175711 584994 6850 1.0
13:56:45:386 119853395 30369173 579209 6822 1.0
13:56:45:586 119852697 30436779 579078 6842 1.0
13:56:45:786 119853374 30365013 579135 6833 1.0
13:56:46:186 119853986 30179875 585088 6847 1.0
13:56:46:386 119852643 30367173 579108 6827 1.0
13:56:46:586 119853535 30391947 579112 6830 1.0
13:56:46:786 119852863 30363804 579087 6833 1.0
13:56:47:186 119853777 30176161 585040 6836 1.0
13:56:47:386 119852741 30373016 579273 6841 1.0
13:56:47:586 119853547 30399868 579120 6836 1.0
13:56:47:786 119852823 30367039 579153 6850 1.0
13:56:48:186 119853140 30176289 585008 6854 1.0
13:56:48:386 119852616 30374814 579299 6847 1.0
13:56:48:586 119853655 30371971 579211 6845 1.0
13:56:48:786 119852897 30364567 579088 6835 1.0
13:56:49:186 119853292 30175554 584987 6855 1.0
13:56:49:386 119853689 30366992 579152 6840 1.0
13:56:49:586 119852886 30379124 579149 6835 1.0
13:56:49:786 119853542 30371991 579190 6835 1.0
13:56:50:186 119853274 30176562 585045 6839 1.0
13:56:50:386 119853470 30372199 579217 6840 1.0
13:56:50:586 119852712 30392694 579003 6837 1.0
13:56:50:786 119853456 30368874 579171 6841 1.0
13:56:51:186 119854027 30182430 585170 6838 1.0
13:56:51:386 119853078 30365932 579122 6842 1.0
13:56:51:586 119852800 30423836 579025 6840 1.0
13:56:51:786 119853546 30368223 579183 6839 1.0
13:56:52:186 119854114 30175968 585000 6841 1.0
13:56:52:386 119852758 30364979 579099 6845 1.0
13:56:52:586 119853407 30453764 579010 6833 1.0
13:56:52:786 119852850 30365818 579113 6829 1.0
13:56:53:186 119853319 30177690 585013 6845 1.0
13:56:53:386 119852820 30371614 579182 6830 1.0
13:56:53:586 119853554 30407422 579064 6852 1.0
13:56:53:786 119852892 30370876 579187 6841 1.0
13:56:54:186 119853176 30286933 581427 6834 1.0
13:56:54:386 119853524 30370105 579173 6834 1.0
13:56:54:586 119852872 30379712 579109 6847 1.0
13:56:54:986 119854060 30175220 584981 6851 1.0
13:56:55:186 119852731 30387698 579042 6848 1.0
13:56:55:386 119853627 30368482 579236 6826 1.0
13:56:55:586 119852807 30393352 579149 6836 1.0
13:56:55:986 119853351 30170959 584888 6835 1.0
13:56:56:186 119853832 30466476 579040 6832 1.0
13:56:56:386 119852795 30366105 579128 6830 1.0
13:56:56:586 119852901 30402656 579067 6842 1.0
13:56:56:986 119853462 30174585 584963 6840 1.0
13:56:57:186 119853346 30448212 578941 6841 1.0
13:56:57:386 119852843 30369273 579182 6841 1.0
13:56:57:586 119853491 30423080 579049 6846 1.0
13:56:57:986 119853214 30176330 585014 6854 1.0
13:56:58:186 119853398 30475038 578972 6841 1.0
13:56:58:386 119852642 30364753 579094 6835 1.0
13:56:58:586 119853491 30387125 579152 6837 1.0
13:56:58:986 119854065 30179516 585092 6831 1.0
13:56:59:186 119852732 30398194 579054 6851 1.0
13:56:59:386 119853520 30365813 579120 6836 1.0
13:56:59:586 119852907 30424682 578963 6841 1.0
13:56:59:986 119854085 30176750 585040 6838 1.0
13:57:00:186 119852609 30387473 579090 6824 1.0
13:57:00:386 119853531 30372733 579211 6841 1.0
13:57:00:586 119852882 30414172 579038 6854 1.0
13:57:00:986 119853358 30183193 585188 6850 1.0
13:57:01:186 119852593 30426190 578958 6823 1.0
13:57:01:386 119853441 30369310 579215 6843 1.0
13:57:01:586 119852889 30380838 579062 6835 1.0
13:57:01:986 119853305 30175069 584991 6852 1.0
13:57:02:186 119853544 30395412 578936 6842 1.0
13:57:02:386 119852703 30373331 579322 6848 1.0
13:57:02:586 119852873 30387080 579048 6841 1.0
13:57:02:986 119853281 30176792 585022 6856 1.0
13:57:03:186 119853713 30451145 578992 6825 1.0
13:57:03:386 119852706 30368116 579183 6828 1.0
13:57:03:586 119853569 30442984 579039 6840 1.0
13:57:03:986 119854017 30173742 584940 6842 1.0
13:57:04:186 119852737 30391968 579077 6835 1.0
13:57:04:386 119852886 30369282 579150 6829 1.0
13:57:04:586 119853561 30418447 579166 6836 1.0
13:57:04:986 119853958 30174464 584959 6860 1.0
13:57:05:186 119852941 30471174 579077 6843 1.0
13:57:05:386 119853572 30369667 579130 6839 1.0
13:57:05:586 119852800 30437031 579020 6834 1.0
13:57:05:986 119853899 30176228 585040 6851 1.0
13:57:06:186 119852802 30416338 579099 6839 1.0
13:57:06:386 119853658 30369179 579123 6835 1.0
13:57:06:586 119852650 30396221 579117 6838 1.0
13:57:06:986 119853358 30172347 584949 6840 1.0
13:57:07:186 119853441 30372791 579112 6839 1.0
13:57:07:386 119852898 30370284 579195 6851 1.0
13:57:07:586 119852884 30375551 579053 6854 1.0
13:57:07:986 119853196 30184537 585213 6841 1.0
13:57:08:186 119853414 30439211 578978 6830 1.0
13:57:08:386 119852754 30367213 579158 6829 1.0
13:57:08:586 119853509 30383431 579091 6851 1.0
13:57:08:986 119853267 30175420 584997 6841 1.0
13:57:09:186 119853516 30438319 579070 6838 1.0
13:57:09:386 119852747 30370888 579161 6843 1.0
13:57:09:586 119853589 30461205 579078 6843 1.0
13:57:09:986 119854183 30177176 585040 6840 1.0
13:57:10:186 119852638 30398110 579122 6846 1.0
13:57:10:386 119853448 30369680 579223 6835 1.0
13:57:10:586 119852761 30410540 578992 6831 1.0
13:57:10:986 119853813 30175677 585010 6842 1.0
13:57:11:186 119852788 30461374 578858 6836 1.0
13:57:11:386 119853574 30367948 579115 6846 1.0
13:57:11:586 119852837 30378139 579150 6839 1.0
13:57:11:986 119853274 30174212 584957 6845 1.0
13:57:12:186 119852720 30428937 578975 6815 1.0
13:57:12:386 119853690 30372991 579245 6840 1.0
13:57:12:586 119852703 30405234 579023 6847 1.0
13:57:12:986 119853288 30179733 585097 6848 1.0
13:57:13:186 119853414 30382892 579106 6845 1.0
13:57:13:386 119852950 30369902 579147 6849 1.0
13:57:13:586 119853410 30390244 579112 6828 1.0
13:57:13:986 119853466 30175321 584982 6866 1.0
13:57:14:186 119853394 30433608 578955 6834 1.0
13:57:14:386 119852834 30371437 579223 6849 1.0
13:57:14:586 119853476 30399989 579066 6832 1.0
13:57:14:986 119854127 30177912 585050 6853 1.0
13:57:15:186 119852689 30418811 579081 6847 1.0
13:57:15:386 119852918 30366162 579129 6835 1.0
13:57:15:586 119853590 30383629 579195 6847 1.0
13:57:15:986 119854003 30179020 585049 6841 1.0
13:57:16:186 119852843 30402647 579100 6844 1.0
13:57:16:386 119853373 30368233 579120 6843 1.0
13:57:16:586 119852729 30464851 579117 6833 1.0
13:57:16:986 119853239 30279051 582006 6834 1.0
13:57:17:186 119852756 30422596 579251 6837 1.0
13:57:17:386 119853475 30366064 579128 6841 1.0
13:57:17:786 119854252 30177198 585032 6850 1.0
13:57:17:986 119852820 30374172 579342 6842 1.0
13:57:18:186 119853551 30436339 578934 6838 1.0
13:57:18:386 119852719 30367487 579163 6826 1.0
13:57:18:786 119853890 30176132 585004 6853 1.0
13:57:18:986 119852750 30368572 579191 6838 1.0
13:57:19:186 119853515 30388246 579075 6840 1.0
13:57:19:386 119852781 30371412 579187 6829 1.0
13:57:19:786 119853245 30172346 584911 6860 1.0
13:57:19:986 119853394 30373786 579237 6828 1.0
13:57:20:186 119852830 30392911 579095 6829 1.0
13:57:20:386 119852778 30367675 579130 6844 1.0
13:57:20:786 119853413 30185970 585231 6847 1.0
13:57:20:986 119853495 30365514 579113 6829 1.0
13:57:21:186 119852950 30423747 578937 6836 1.0
13:57:21:386 119853526 30373156 579313 6838 1.0
13:57:21:786 119853321 30172058 584935 6867 1.0
13:57:21:986 119853452 30364440 579103 6827 1.0
13:57:22:186 119852770 30436517 579117 6834 1.0
13:57:22:386 119853434 30370550 579237 6839 1.0
13:57:22:786 119854228 30176413 585012 6842 1.0
13:57:22:986 119852814 30366411 579138 6823 1.0
13:57:23:186 119853534 30471996 578910 6846 1.0
13:57:23:386 119852645 30363289 579066 6831 1.0
13:57:23:786 119853934 30173000 585010 6843 1.0
13:57:23:986 119852920 30368603 579138 6833 1.0
13:57:24:186 119853496 30470890 579007 6844 1.0
13:57:24:386 119852905 30368208 579183 6836 1.0
13:57:24:786 119853473 30173184 584957 6842 1.0
13:57:24:986 119852822 30373338 579288 6832 1.0
13:57:25:186 119853577 30403586 579023 6827 1.0
13:57:25:386 119852815 30369349 579214 6836 1.0
13:57:25:786 119853161 30171180 584965 6836 1.0
13:57:25:986 119853451 30367109 579148 6836 1.0
13:57:26:186 119852588 30381781 579021 6831 1.0
13:57:26:386 119853538 30371471 579199 6847 1.0
13:57:26:786 119853326 30173477 584966 6839 1.0
13:57:26:986 119853421 30368751 579182 6842 1.0
13:57:27:186 119852925 30382508 579117 6835 1.0
13:57:27:386 119853643 30368469 579130 6830 1.0
13:57:27:786 119853941 30181209 585137 6852 1.0
13:57:27:986 119852763 30367426 579165 6835 1.0
13:57:28:186 119852713 30435009 578989 6841 1.0
13:57:28:386 119853590 30368890 579200 6851 1.0
13:57:28:786 119854036 30174105 584951 6836 1.0
13:57:28:986 119852825 30366052 579126 6839 1.0
13:57:29:186 119853333 30461048 579018 6837 1.0
13:57:29:386 119852712 30369922 579162 6842 1.0
13:57:29:786 119853477 30176163 585026 6855 1.0
13:57:29:986 119852947 30377586 579338 6842 1.0
13:57:30:186 119853470 30451071 578901 6840 1.0
13:57:30:386 119852678 30368292 579117 6834 1.0
13:57:30:786 119853193 30175726 585018 6850 1.0
13:57:30:986 119853591 30367064 579128 6842 1.0
13:57:31:186 119852769 30468150 578854 6836 1.0
13:57:31:386 119852706 30372855 579306 6827 1.0
13:57:31:786 119853211 30175297 584982 6857 1.0
13:57:31:986 119853398 30369432 579215 6830 1.0
13:57:32:186 119852550 30394177 579063 6829 1.0
13:57:32:386 119853375 30365887 579123 6848 1.0
13:57:32:786 119853836 30182541 585085 6852 1.0
13:57:32:986 119852608 30368622 579204 6841 1.0
13:57:33:186 119852654 30430402 579021 6837 1.0
13:57:33:386 119853383 30370498 579176 6842 1.0
13:57:33:786 119853906 30175092 585039 6851 1.0
13:57:33:986 119852777 30365937 579109 6835 1.0
13:57:34:186 119853538 30405914 579194 6846 1.0
13:57:34:386 119852960 30372124 579285 6850 1.0
13:57:34:786 119854001 30179544 585095 6842 1.0
13:57:34:986 119852699 30369111 579207 6837 1.0
13:57:35:186 119853434 30422091 578960 6840 1.0
13:57:35:386 119852717 30365528 579113 6827 1.0
13:57:35:786 119853431 30174779 584967 6853 1.0
13:57:35:986 119853476 30366877 579149 6827 1.0
13:57:36:186 119852758 30462930 578998 6836 1.0
13:57:36:386 119852795 30370117 579234 6843 1.0
13:57:36:786 119853091 30179282 585053 6845 1.0
13:57:36:986 119853595 30372375 579295 6826 1.0
13:57:37:186 119852718 30431789 578917 6842 1.0
13:57:37:386 119853572 30363246 579103 6846 1.0
13:57:37:786 119853340 30177183 585031 6852 1.0
13:57:37:986 119853816 30365716 579117 6830 1.0
13:57:38:186 119852734 30393278 579103 6850 1.0
13:57:38:386 119853633 30374304 579323 6837 1.0
13:57:38:786 119854175 30177322 585001 6860 1.0
13:57:38:986 119852806 30371815 579233 6846 1.0
13:57:39:186 119853461 30405282 579018 6838 1.0
13:57:39:386 119853425 30366911 579149 6840 1.0
13:57:39:786 119854217 30269763 582103 6841 1.0
13:57:39:986 119852948 30366509 579140 6835 1.0
13:57:40:186 119853709 30470193 578869 6840 1.0
13:57:40:586 119853922 30171139 584919 6838 1.0
13:57:40:786 119852757 30375994 579160 6837 1.0
13:57:40:986 119852750 30367230 579159 6844 1.0
13:57:41:186 119853438 30448488 579083 6826 1.0
13:57:41:586 119854012 30174439 584961 6851 1.0
13:57:41:786 119852859 30383779 579303 6845 1.0
13:57:41:986 119853535 30371009 579191 6834 1.0
13:57:42:186 119852728 30462157 578959 6827 1.0
13:57:42:586 119854172 30178073 585056 6824 1.0
13:57:42:786 119852672 30389600 579109 6856 1.0
13:57:42:986 119853559 30367298 579156 6840 1.0
13:57:43:186 119852764 30374586 579194 6848 1.0
13:57:43:586 119853353 30174943 584971 6838 1.0
13:57:43:786 119853399 30407486 579075 6848 1.0
13:57:43:986 119852760 30370244 579217 6838 1.0
13:57:44:186 119852729 30404715 579113 6845 1.0
13:57:44:586 119853253 30177091 585030 6840 1.0
13:57:44:786 119853599 30452271 578929 6843 1.0
13:57:44:986 119852537 30367309 579155 6849 1.0
13:57:45:186 119853557 30465882 578913 6828 1.0
13:57:45:586 119853134 30174077 584964 6843 1.0
13:57:45:786 119853504 30391937 579114 6829 1.0
13:57:45:986 119852817 30363990 579070 6852 1.0
13:57:46:186 119853601 30441214 579118 6835 1.0
13:57:46:586 119853898 30173777 584942 6835 1.0
13:57:46:786 119852887 30429784 579030 6835 1.0
13:57:46:986 119853486 30368031 579181 6834 1.0
13:57:47:186 119852863 30393793 579038 6841 1.0
13:57:47:586 119854177 30180695 585095 6842 1.0
13:57:47:786 119852713 30385258 579062 6840 1.0
13:57:47:986 119853618 30366392 579103 6836 1.0
13:57:48:186 119852824 30438720 579020 6843 1.0
13:57:48:586 119853257 30176927 585025 6854 1.0
13:57:48:786 119852660 30386458 579087 6840 1.0
13:57:48:986 119853432 30371034 579249 6829 1.0
13:57:49:186 119852636 30402888 579089 6832 1.0
13:57:49:586 119853332 30182804 585088 6858 1.0
13:57:49:786 119853538 30423322 579020 6826 1.0
13:57:49:986 119852958 30367299 579158 6840 1.0
13:57:50:186 119853584 30470871 578872 6829 1.0
13:57:50:586 119853128 30172156 584905 6838 1.0
13:57:50:786 119853749 30380343 579136 6828 1.0
13:57:50:986 119852810 30372473 579295 6835 1.0
13:57:51:186 119853374 30426686 578940 6835 1.0
13:57:51:586 119854015 30173976 584947 6849 1.0
13:57:51:786 119852761 30465001 579072 6834 1.0
13:57:51:986 119852976 30368458 579128 6841 1.0
13:57:52:186 119853365 30419883 579085 6832 1.0
13:57:52:586 119853918 30175489 585021 6836 1.0
13:57:52:786 119852785 30409627 579015 6853 1.0
13:57:52:986 119853744 30368354 579186 6847 1.0
13:57:53:186 119852503 30397278 579136 6836 1.0
13:57:53:586 119853199 30177897 585045 6848 1.0
13:57:53:786 119852818 30384102 579176 6842 1.0
13:57:53:986 119853452 30366186 579132 6848 1.0
13:57:54:186 119852646 30391326 579060 6841 1.0
13:57:54:586 119853417 30181000 585132 6839 1.0
13:57:54:786 119853517 30425269 578961 6843 1.0
13:57:54:986 119852863 30371627 579274 6838 1.0
13:57:55:186 119852624 30421418 579149 6848 1.0
13:57:55:586 119853121 30172047 584990 6840 1.0
13:57:55:786 119853478 30398184 579167 6846 1.0
13:57:55:986 119852805 30371242 579181 6842 1.0
13:57:56:186 119853427 30424956 579039 6826 1.0
13:57:56:586 119853947 30179330 585073 6847 1.0
13:57:56:786 119852628 30411406 579084 6833 1.0
13:57:56:986 119852684 30368987 579144 6835 1.0
13:57:57:186 119853601 30405863 579076 6847 1.0
13:57:57:586 119853901 30173966 584947 6860 1.0
13:57:57:786 119852712 30375960 579191 6837 1.0
13:57:57:986 119853574 30374930 579282 6843 1.0
13:57:58:186 119852836 30457332 578943 6827 1.0
13:57:58:586 119854213 30176335 585007 6851 1.0
13:57:58:786 119852660 30466053 579071 6831 1.0
13:57:58:986 119853579 30368634 579113 6838 1.0
13:57:59:186 119852882 30424338 579039 6836 1.0
13:57:59:586 119853042 30179172 585085 6851 1.0
13:57:59:786 119853521 30450492 578943 6839 1.0
13:57:59:986 119852815 30367563 579158 6829 1.0
13:58:00:186 119852854 30396231 579117 6836 1.0
13:58:00:586 119853295 30177377 585045 6847 1.0
13:58:00:786 119853653 30477122 578980 6824 1.0
13:58:00:986 119852847 30367033 579159 6837 1.0
13:58:01:186 119853262 30406152 579030 6845 1.0
13:58:01:586 119853398 30180419 585080 6841 1.0
13:58:01:786 119853562 30409586 579072 6840 1.0
13:58:01:986 119852951 30366477 579138 6828 1.0
13:58:02:186 119853444 30378810 579173 6821 1.0
13:58:02:586 119853914 30266632 581947 6838 1.0
13:58:02:786 119852804 30421515 578969 6856 1.0
13:58:02:986 119853527 30374880 579269 6844 1.0
13:58:03:386 119853168 30173601 584938 6853 1.0
13:58:03:586 119853610 30367102 579156 6852 1.0
13:58:03:786 119852572 30386764 579173 6843 1.0
13:58:03:986 119853455 30370903 579221 6832 1.0
13:58:04:386 119853946 30183281 585191 6861 1.0
13:58:04:586 119853144 30366151 579132 6849 1.0
13:58:04:786 119852722 30412362 578985 6844 1.0
13:58:04:986 119853517 30370754 579252 6838 1.0
13:58:05:386 119853814 30175418 584985 6844 1.0
13:58:05:586 119852884 30367259 579159 6845 1.0
13:58:05:786 119853581 30399235 579216 6833 1.0
13:58:05:986 119852608 30365755 579110 6839 1.0
13:58:06:386 119853335 30174379 584966 6847 1.0
13:58:06:586 119852853 30373128 579220 6846 1.0
13:58:06:786 119853616 30425776 579067 6840 1.0
13:58:06:986 119852822 30369015 579124 6838 1.0
13:58:07:386 119853356 30175270 585045 6861 1.0
13:58:07:586 119853532 30364994 579105 6831 1.0
13:58:07:786 119852937 30446286 578891 6843 1.0
13:58:07:986 119852554 30370739 579250 6834 1.0
13:58:08:386 119853240 30174956 584972 6842 1.0
13:58:08:586 119853678 30371987 579285 6842 1.0
13:58:08:786 119852574 30401204 579016 6828 1.0
13:58:08:986 119853478 30367478 579166 6837 1.0
13:58:09:386 119854223 30179158 585083 6856 1.0
13:58:09:586 119852817 30371314 579177 6843 1.0
13:58:09:786 119852847 30427053 579016 6845 1.0
13:58:09:986 119853507 30374857 579268 6830 1.0
13:58:10:386 119854115 30173439 584972 6828 1.0
13:58:10:586 119852832 30367156 579162 6847 1.0
13:58:10:786 119853638 30395462 579173 6837 1.0
13:58:10:986 119852811 30364909 579098 6843 1.0
13:58:11:386 119853976 30179733 585099 6836 1.0
13:58:11:586 119852740 30368569 579194 6834 1.0
13:58:11:786 119853454 30422322 578984 6848 1.0
13:58:11:986 119852737 30366565 579141 6840 1.0
13:58:12:386 119853229 30174218 584955 6856 1.0
13:58:12:586 119853549 30370756 579250 6840 1.0
13:58:12:786 119852776 30381805 579130 6855 1.0
13:58:12:986 119852796 30368799 579194 6843 1.0
13:58:13:386 119853570 30172663 584931 6834 1.0
13:58:13:586 119853542 30371911 579218 6829 1.0
13:58:13:786 119852923 30467485 578858 6840 1.0
13:58:13:986 119853464 30370666 579188 6843 1.0
13:58:14:386 119853319 30176528 585016 6850 1.0
13:58:14:586 119853509 30369162 579208 6838 1.0
13:58:14:786 119852807 30368610 579082 6857 1.0
13:58:14:986 119853479 30372898 579292 6825 1.0
13:58:15:386 119853882 30177187 585032 6836 1.0
13:58:15:586 119852890 30375606 579285 6840 1.0
13:58:15:786 119853204 30458943 578952 6836 1.0
13:58:15:986 119853627 30368191 579183 6846 1.0
13:58:16:386 119853933 30179616 585044 6848 1.0
13:58:16:586 119852781 30365709 579109 6828 1.0
13:58:16:786 119853455 30405067 579112 6832 1.0
13:58:16:986 119852699 30368354 579144 6836 1.0
13:58:17:386 119853479 30175658 585033 6857 1.0
13:58:17:586 119852715 30369301 579170 6838 1.0
13:58:17:786 119853349 30384878 579171 6840 1.0
13:58:17:986 119852798 30366007 579125 6843 1.0
13:58:18:386 119853241 30180589 585121 6849 1.0
13:58:18:586 119853618 30367171 579158 6831 1.0
13:58:18:786 119852807 30414973 579016 6825 1.0
13:58:18:986 119852648 30368729 579200 6836 1.0
13:58:19:386 119853329 30175710 584994 6851 1.0
13:58:19:586 119853735 30365898 579125 6837 1.0
13:58:19:786 119853074 30372486 579172 6853 1.0
13:58:19:986 119853266 30372648 579214 6829 1.0
13:58:20:386 119853919 30173332 585004 6853 1.0
13:58:20:586 119852605 30372672 579209 6836 1.0
13:58:20:786 119852475 30381719 579063 6819 1.0
13:58:20:987 119853501 30365087 579103 6833 1.0
13:58:21:387 119853952 30180238 585112 6844 1.0
13:58:21:587 119852650 30366863 579148 6837 1.0
13:58:21:787 119853346 30418909 579026 6837 1.0
13:58:21:987 119852889 30369262 579211 6836 1.0
13:58:22:387 119853971 30177664 585045 6840 1.0
13:58:22:587 119852705 30367269 579160 6831 1.0
13:58:22:787 119853405 30429105 579075 6830 1.0
13:58:22:987 119852786 30367339 579161 6838 1.0
13:58:23:387 119853341 30178813 585045 6842 1.0
13:58:23:587 119853457 30366923 579122 6830 1.0
13:58:23:787 119852831 30400273 579098 6837 1.0
13:58:23:987 119852727 30364283 579108 6845 1.0
13:58:24:387 119853294 30176782 584988 6841 1.0
13:58:24:587 119853482 30370727 579249 6832 1.0
13:58:24:787 119852833 30406980 579131 6836 1.0
13:58:24:987 119853809 30365924 579123 6858 1.0
13:58:25:387 119853178 30266069 581945 6828 1.0
13:58:25:587 119853261 30372455 579289 6825 1.0
13:58:25:787 119852788 30403402 579094 6834 1.0
13:58:26:187 119853383 30177895 585049 6837 1.0
13:58:26:387 119853609 30392243 579065 6852 1.0
13:58:26:587 119852784 30369281 579174 6847 1.0
13:58:26:787 119853366 30388583 579112 6832 1.0
13:58:27:187 119853342 30175549 584987 6854 1.0
13:58:27:387 119853629 30448171 578945 6841 1.0
13:58:27:587 119852787 30372581 579298 6833 1.0
13:58:27:787 119853403 30427128 578914 6833 1.0
13:58:28:187 119854045 30173281 584987 6848 1.0
13:58:28:387 119852873 30452797 579098 6825 1.0
13:58:28:587 119852709 30365790 579123 6828 1.0
13:58:28:787 119853808 30430368 578964 6843 1.0
13:58:29:187 119854128 30177541 585042 6852 1.0
13:58:29:387 119852842 30392338 579069 6826 1.0
13:58:29:587 119853477 30368741 579181 6836 1.0
13:58:29:787 119852975 30421365 579089 6855 1.0
13:58:30:187 119853175 30174197 584952 6832 1.0
13:58:30:387 119852830 30437909 579051 6835 1.0
13:58:30:587 119853530 30368056 579180 6833 1.0
13:58:30:787 119852715 30448374 579042 6826 1.0
13:58:31:187 119853244 30183199 585190 6835 1.0
13:58:31:387 119853380 30436401 579036 6826 1.0
13:58:31:587 119852990 30366149 579131 6838 1.0
13:58:31:787 119852893 30385411 579202 6844 1.0
13:58:32:187 119853180 30175410 585037 6834 1.0
13:58:32:387 119853193 30437863 579009 6830 1.0
13:58:32:587 119852685 30378536 579362 6841 1.0
13:58:32:787 119853662 30389136 579159 6853 1.0
13:58:33:187 119854136 30178150 585040 6842 1.0
13:58:33:387 119852592 30391295 579117 6832 1.0
13:58:33:587 119852883 30367428 579108 6824 1.0
13:58:33:787 119853536 30454590 578853 6846 1.0
13:58:34:187 119853972 30178283 585060 6847 1.0
13:58:34:387 119852840 30440456 578957 6839 1.0
13:58:34:587 119853557 30369312 579214 6845 1.0
13:58:34:787 119852838 30393462 579037 6836 1.0
13:58:35:187 119853773 30178897 585075 6834 1.0
13:58:35:387 119852787 30411931 579227 6834 1.0
13:58:35:587 119853603 30368437 579128 6846 1.0
13:58:35:787 119852717 30439058 579043 6833 1.0
13:58:36:187 119853348 30177277 585034 6840 1.0
13:58:36:387 119853487 30419571 579093 6830 1.0
13:58:36:587 119852800 30368445 579108 6833 1.0
13:58:36:787 119852773 30431662 579117 6837 1.0
13:58:37:187 119853234 30174494 585000 6851 1.0
13:58:37:387 119853398 30374544 579112 6846 1.0
13:58:37:587 119852732 30368860 579192 6850 1.0
13:58:37:787 119853651 30386962 579085 6843 1.0
13:58:38:187 119853224 30179707 585099 6831 1.0
13:58:38:387 119853620 30427123 579037 6826 1.0
13:58:38:587 119852901 30365524 579157 6840 1.0
13:58:38:787 119853450 30391123 579058 6831 1.0
13:58:39:187 119854186 30176632 585017 6837 1.0
13:58:39:387 119852895 30442277 579088 6827 1.0
13:58:39:587 119853629 30375173 579275 6839 1.0
13:58:39:787 119852797 30453123 578947 6836 1.0
13:58:40:187 119853822 30172157 584927 6829 1.0
13:58:40:387 119852814 30394864 579230 6849 1.0
13:58:40:587 119853580 30366106 579103 6835 1.0
13:58:40:787 119852636 30372519 579117 6834 1.0
13:58:41:187 119853517 30172902 584919 6844 1.0
13:58:41:387 119852786 30378700 579046 6829 1.0
13:58:41:587 119853481 30370502 579244 6841 1.0
13:58:41:787 119852877 30417629 579110 6843 1.0
13:58:42:187 119853300 30174170 584952 6841 1.0
13:58:42:387 119853469 30475734 578975 6841 1.0
13:58:42:587 119852735 30364873 579108 6837 1.0
13:58:42:787 119853401 30406771 579062 6827 1.0
13:58:43:187 119853172 30184194 585133 6836 1.0
13:58:43:387 119853646 30401670 579112 6838 1.0
13:58:43:587 119852602 30365405 579108 6829 1.0
13:58:43:787 119853395 30443459 579112 6837 1.0
13:58:44:187 119853993 30178346 585061 6847 1.0
13:58:44:387 119853008 30394991 579093 6839 1.0
13:58:44:587 119852632 30372657 579294 6839 1.0
13:58:44:787 119853593 30429076 578944 6855 1.0
13:58:45:187 119853908 30180767 585127 6842 1.0
13:58:45:387 119853050 30398370 579032 6834 1.0
13:58:45:587 119853372 30372057 579252 6824 1.0
13:58:45:787 119852724 30398654 579046 6854 1.0
13:58:46:187 119853320 30172778 585008 6876 1.0
13:58:46:387 119852704 30385080 579068 6837 1.0
13:58:46:587 119853414 30371764 579185 6835 1.0
13:58:46:787 119852683 30395069 579092 6840 1.0
13:58:47:187 119853393 30175398 584970 6860 1.0
13:58:47:387 119853574 30384606 579192 6840 1.0
13:58:47:587 119852841 30366680 579143 6823 1.0
13:58:47:787 119852753 30413437 579081 6830 1.0
13:58:48:187 119853258 30270948 582082 6844 1.0
13:58:48:387 119853750 30447939 578953 6840 1.0
13:58:48:587 119852610 30367927 579177 6827 1.0
13:58:48:987 119853219 30173331 584932 6845 1.0
13:58:49:187 119853648 30367508 579166 6828 1.0
13:58:49:387 119852728 30473461 579023 6836 1.0
13:58:49:587 119852842 30364478 579084 6836 1.0
13:58:49:987 119853322 30173245 584929 6850 1.0
13:58:50:187 119853526 30370000 579222 6840 1.0
13:58:50:387 119852899 30394236 579117 6845 1.0
13:58:50:587 119853379 30367268 579103 6834 1.0
13:58:50:987 119853308 30174843 584969 6861 1.0
13:58:51:187 119853460 30369373 579216 6822 1.0
13:58:51:387 119852809 30416996 578947 6829 1.0
13:58:51:587 119853694 30372148 579287 6843 1.0
13:58:51:987 119853806 30174659 584965 6842 1.0
13:58:52:187 119852807 30374956 579291 6835 1.0
13:58:52:387 119853391 30434859 579041 6830 1.0
13:58:52:587 119852755 30366658 579143 6839 1.0
13:58:52:987 119854026 30182623 585085 6845 1.0
13:58:53:187 119852897 30367597 579168 6834 1.0
13:58:53:387 119853495 30433544 579007 6845 1.0
13:58:53:587 119853004 30369680 579202 6835 1.0
13:58:53:987 119853202 30173498 585027 6859 1.0
13:58:54:187 119852847 30365184 579106 6827 1.0
13:58:54:387 119853571 30463465 579116 6832 1.0
13:58:54:587 119852724 30366474 579109 6828 1.0
13:58:54:987 119853168 30176885 585024 6840 1.0
13:58:55:187 119853304 30370124 579235 6832 1.0
13:58:55:387 119852986 30392147 579004 6838 1.0
13:58:55:587 119852826 30369903 579230 6831 1.0
13:58:55:987 119853407 30174541 584963 6842 1.0
13:58:56:187 119853405 30369023 579204 6838 1.0
13:58:56:387 119852728 30382990 579118 6858 1.0
13:58:56:587 119853321 30373103 579244 6847 1.0
13:58:56:987 119854094 30174646 585033 6836 1.0
13:58:57:187 119852569 30376187 579301 6839 1.0
13:58:57:387 119852623 30444024 578938 6840 1.0
13:58:57:587 119853394 30369027 579208 6838 1.0
13:58:57:987 119854140 30181794 585154 6835 1.0
13:58:58:187 119852881 30368165 579182 6835 1.0
13:58:58:387 119853643 30439397 578939 6839 1.0
13:58:58:587 119852774 30372252 579281 6848 1.0
13:58:58:987 119854058 30175768 584994 6848 1.0
13:58:59:187 119853022 30367645 579169 6842 1.0
13:58:59:387 119853580 30414732 579092 6838 1.0
13:58:59:587 119852813 30372441 579222 6835 1.0
13:58:59:987 119853314 30181957 585095 6852 1.0
13:59:00:187 119853547 30366638 579144 6835 1.0
13:59:00:387 119852925 30419949 579026 6841 1.0
13:59:00:587 119852721 30366999 579110 6843 1.0
13:59:00:987 119853370 30174539 585006 6841 1.0
13:59:01:187 119853627 30366441 579105 6837 1.0
13:59:01:387 119852794 30456298 579084 6842 1.0
13:59:01:587 119853678 30367820 579138 6848 1.0
13:59:01:987 119853254 30172014 584896 6836 1.0
13:59:02:187 119853421 30374134 579341 6852 1.0
13:59:02:387 119852919 30400607 579059 6838 1.0
13:59:02:587 119853687 30366684 579145 6838 1.0
13:59:02:987 119853948 30175986 585002 6837 1.0
13:59:03:187 119852698 30369674 579161 6851 1.0
13:59:03:387 119853487 30393759 579112 6842 1.0
13:59:03:587 119852804 30371576 579189 6836 1.0
13:59:03:987 119853936 30175833 585031 6832 1.0
13:59:04:187 119852556 30372664 579267 6830 1.0
13:59:04:387 119853421 30399277 578991 6840 1.0
13:59:04:587 119852786 30367675 579169 6840 1.0
13:59:04:987 119853125 30185662 585199 6858 1.0
13:59:05:187 119852851 30366736 579110 6845 1.0
13:59:05:387 119853555 30438933 578968 6837 1.0
13:59:05:587 119852774 30375948 579297 6836 1.0
13:59:05:987 119853160 30177009 585027 6843 1.0
13:59:06:187 119853281 30369808 579147 6825 1.0
13:59:06:387 119852669 30446329 579117 6839 1.0
13:59:06:587 119853492 30370619 579164 6835 1.0
13:59:06:987 119853288 30177211 585045 6849 1.0
13:59:07:187 119853308 30368424 579148 6831 1.0
13:59:07:387 119852685 30395943 579118 6851 1.0
13:59:07:587 119853578 30369826 579228 6820 1.0
13:59:07:987 119853974 30175666 584992 6844 1.0
13:59:08:187 119852750 30365549 579117 6838 1.0
13:59:08:387 119852788 30476454 579072 6864 1.0
13:59:08:587 119853632 30366944 579105 6834 1.0
13:59:08:987 119854090 30172866 584919 6841 1.0
13:59:09:187 119852954 30376875 579316 6855 1.0
13:59:09:387 119853763 30443348 579064 6838 1.0
13:59:09:587 119852901 30367963 579158 6845 1.0
13:59:09:987 119853361 30172453 584934 6844 1.0
13:59:10:187 119852798 30366226 579131 6834 1.0
13:59:10:387 119853402 30442192 578954 6843 1.0
13:59:10:587 119852994 30371372 579220 6842 1.0
13:59:10:987 119853392 30268790 582022 6847 1.0
13:59:11:187 119853290 30372689 579268 6829 1.0
13:59:11:387 119852886 30406163 578992 6834 1.0
13:59:11:787 119854256 30179483 585090 6856 1.0
13:59:11:987 119852845 30391943 579193 6829 1.0
13:59:12:187 119853468 30366077 579127 6850 1.0
13:59:12:387 119852712 30408555 579114 6833 1.0
13:59:12:787 119853349 30178289 585062 6829 1.0
13:59:12:987 119853522 30442924 579005 6845 1.0
13:59:13:187 119852740 30363226 579051 6834 1.0
13:59:13:387 119852782 30457069 578963 6838 1.0
13:59:13:787 119853218 30176705 585019 6842 1.0
13:59:13:987 119853422 30410063 579047 6843 1.0
13:59:14:187 119852691 30372822 579237 6839 1.0
13:59:14:387 119853488 30406134 579049 6836 1.0
13:59:14:787 119853345 30179909 585103 6857 1.0
13:59:14:987 119853435 30425102 578913 6845 1.0
13:59:15:187 119852901 30365324 579106 6837 1.0
13:59:15:387 119853396 30432961 579002 6832 1.0
13:59:15:787 119853988 30175239 584982 6841 1.0
13:59:15:987 119852677 30377566 579050 6831 1.0
13:59:16:187 119853593 30373451 579267 6837 1.0
13:59:16:387 119852789 30394140 579070 6835 1.0
13:59:16:787 119853924 30175512 584988 6834 1.0
13:59:16:987 119852777 30457282 579035 6848 1.0
13:59:17:187 119853546 30368711 579200 6832 1.0
13:59:17:387 119852676 30432456 578946 6833 1.0
13:59:17:787 119853412 30174173 584953 6849 1.0
13:59:17:987 119852778 30400621 579040 6851 1.0
13:59:18:187 119853617 30366207 579132 6826 1.0
13:59:18:387 119852423 30408801 579096 6840 1.0
13:59:18:787 119853351 30172036 584989 6838 1.0
13:59:18:987 119853410 30411352 579088 6846 1.0
13:59:19:187 119852820 30365244 579106 6832 1.0
13:59:19:387 119853680 30463904 578919 6837 1.0
13:59:19:787 119853440 30178147 585045 6838 1.0
13:59:19:987 119853475 30408619 579112 6839 1.0
13:59:20:187 119852876 30366419 579108 6842 1.0
13:59:20:387 119853431 30383622 579252 6833 1.0
13:59:20:787 119853915 30177489 585040 6837 1.0
13:59:20:987 119852783 30423490 578966 6847 1.0
13:59:21:187 119852699 30372652 579258 6839 1.0
13:59:21:387 119853412 30402308 579013 6840 1.0
13:59:21:787 119854186 30181379 585143 6853 1.0
13:59:21:987 119852786 30403800 579051 6827 1.0
13:59:22:187 119853489 30366913 579150 6841 1.0
13:59:22:387 119852938 30463581 578837 6848 1.0
13:59:22:787 119853236 30176314 585042 6823 1.0
13:59:22:987 119852805 30409114 578995 6854 1.0
13:59:23:187 119853526 30373851 579240 6841 1.0
13:59:23:387 119852742 30404309 579076 6840 1.0
13:59:23:787 119853225 30176649 585045 6851 1.0
13:59:23:987 119853598 30470090 578930 6833 1.0
13:59:24:187 119852961 30368541 579192 6835 1.0
13:59:24:387 119852871 30398337 579025 6848 1.0
13:59:24:787 119853278 30178003 585045 6856 1.0
13:59:24:987 119853478 30457370 578964 6838 1.0
13:59:25:187 119852746 30366612 579143 6839 1.0
13:59:25:387 119853474 30438805 579113 6842 1.0
13:59:25:787 119853840 30178722 585046 6839 1.0
13:59:25:987 119852728 30429204 579220 6846 1.0
13:59:26:187 119852960 30365330 579108 6842 1.0
13:59:26:387 119853622 30446514 578976 6836 1.0
13:59:26:787 119854029 30179067 585080 6846 1.0
13:59:26:987 119852919 30457584 578886 6825 1.0
13:59:27:187 119853378 30367820 579103 6830 1.0
13:59:27:387 119852631 30374744 579202 6842 1.0
13:59:27:787 119854130 30177476 585038 6846 1.0
13:59:27:987 119852770 30394209 579057 6830 1.0
13:59:28:187 119853435 30369456 579217 6831 1.0
13:59:28:387 119852922 30376995 579105 6841 1.0
13:59:28:787 119853349 30181231 585137 6847 1.0
13:59:28:987 119853697 30394614 578968 6850 1.0
13:59:29:187 119852974 30366215 579131 6831 1.0
13:59:29:387 119852703 30442923 578988 6825 1.0
13:59:29:787 119853110 30175332 584985 6845 1.0
13:59:29:987 119853525 30401829 579064 6827 1.0
13:59:30:187 119852643 30370010 579156 6843 1.0
13:59:30:387 119853552 30420899 579112 6830 1.0
13:59:30:787 119853307 30174883 585005 6856 1.0
13:59:30:987 119853453 30384417 579172 6833 1.0
13:59:31:187 119852558 30366300 579134 6831 1.0
13:59:31:387 119853481 30375425 579114 6849 1.0
13:59:31:787 119854080 30179142 585083 6835 1.0
13:59:31:987 119852691 30388828 579123 6842 1.0
13:59:32:187 119853632 30368239 579185 6840 1.0
13:59:32:387 119852762 30424393 579096 6834 1.0
13:59:32:787 119853802 30175824 584996 6854 1.0
13:59:32:987 119852643 30375212 579104 6838 1.0
13:59:33:187 119853580 30376045 579298 6824 1.0
13:59:33:387 119852722 30448391 578978 6844 1.0
13:59:33:787 119853243 30274376 582131 6832 1.0
13:59:33:987 119852828 30384459 579102 6850 1.0
13:59:34:187 119853504 30362192 579046 6840 1.0
13:59:34:587 119854233 30180246 585111 6837 1.0
13:59:34:787 119852736 30369498 579217 6840 1.0
13:59:34:987 119853806 30426063 579018 6836 1.0
13:59:35:187 119852976 30368735 579235 6846 1.0
13:59:35:587 119853765 30175249 584982 6836 1.0
13:59:35:787 119852970 30372047 579284 6823 1.0
13:59:35:987 119853599 30442343 578999 6846 1.0
13:59:36:187 119852831 30367572 579166 6835 1.0
13:59:36:587 119853022 30181533 585066 6851 1.0
13:59:36:787 119853561 30367753 579171 6848 1.0
13:59:36:987 119852960 30426960 579028 6853 1.0
13:59:37:187 119852970 30366793 579108 6857 1.0
13:59:37:587 119853175 30181434 585142 6861 1.0
13:59:37:787 119853533 30366715 579147 6838 1.0
13:59:37:987 119852801 30415768 579225 6839 1.0
13:59:38:187 119853371 30367717 579103 6837 1.0
13:59:38:587 119853099 30174159 584952 6828 1.0
13:59:38:787 119853603 30372970 579308 6844 1.0
13:59:38:987 119852910 30413067 579055 6841 1.0
13:59:39:187 119853514 30366117 579128 6842 1.0
13:59:39:587 119854119 30176784 585022 6856 1.0
13:59:39:787 119852754 30368633 579195 6842 1.0
13:59:39:987 119853278 30388368 579116 6824 1.0
13:59:40:187 119852854 30373233 579240 6843 1.0
13:59:40:587 119853923 30173389 584959 6855 1.0
13:59:40:787 119852735 30373318 579227 6824 1.0
13:59:40:987 119853697 30391576 579074 6839 1.0
13:59:41:187 119852810 30367126 579135 6827 1.0
13:59:41:587 119853419 30180174 585109 6856 1.0
13:59:41:787 119852668 30366934 579150 6836 1.0
13:59:41:987 119853502 30404056 579020 6828 1.0
13:59:42:187 119852716 30373795 579285 6830 1.0
13:59:42:587 119853091 30173456 584933 6839 1.0
13:59:42:787 119853482 30369294 579212 6840 1.0
13:59:42:987 119852916 30375456 579173 6845 1.0
13:59:43:187 119853621 30366927 579129 6834 1.0
13:59:43:587 119853169 30181460 585057 6834 1.0
13:59:43:787 119853606 30366452 579137 6814 1.0
13:59:43:987 119852683 30391934 579071 6848 1.0
13:59:44:187 119853615 30366292 579103 6841 1.0
13:59:44:587 119853954 30176646 585018 6858 1.0
13:59:44:787 119852957 30369564 579220 6838 1.0
13:59:44:987 119852848 30415172 579212 6840 1.0
13:59:45:187 119853414 30365665 579118 6823 1.0
13:59:45:587 119854114 30176202 585007 6844 1.0
13:59:45:787 119853034 30372929 579243 6842 1.0
13:59:45:987 119853522 30417206 579102 6847 1.0
13:59:46:187 119852957 30365582 579112 6841 1.0
13:59:46:587 119853324 30175341 584983 6855 1.0
13:59:46:787 119852807 30368329 579187 6836 1.0
13:59:46:987 119853701 30452007 578950 6840 1.0
13:59:47:187 119852801 30370843 579221 6832 1.0
13:59:47:587 119853477 30176541 585014 6847 1.0
13:59:47:787 119853435 30367272 579159 6832 1.0
13:59:47:987 119852670 30422707 579090 6833 1.0
13:59:48:187 119852832 30368671 579196 6854 1.0
13:59:48:587 119853131 30179861 585103 6849 1.0
13:59:48:787 119853526 30367650 579158 6827 1.0
13:59:48:987 119852756 30420864 579055 6831 1.0
13:59:49:187 119853733 30369810 579165 6827 1.0
13:59:49:587 119854178 30173152 584925 6852 1.0
13:59:49:787 119852965 30365700 579118 6845 1.0
13:59:49:987 119852657 30457397 579105 6829 1.0
13:59:50:187 119853493 30366943 579149 6827 1.0
13:59:50:587 119853940 30177092 585040 6858 1.0
13:59:50:787 119852737 30375115 579341 6845 1.0
13:59:50:987 119853573 30458519 578898 6847 1.0
13:59:51:187 119852869 30370500 579244 6837 1.0
13:59:51:587 119854070 30176146 585004 6843 1.0
13:59:51:787 119852883 30367195 579158 6834 1.0
13:59:51:987 119853462 30366102 579086 6846 1.0
13:59:52:187 119852946 30370470 579243 6845 1.0
13:59:52:587 119853372 30175713 584993 6836 1.0
13:59:52:787 119853367 30369916 579205 6834 1.0
13:59:52:987 119852758 30378403 579086 6837 1.0
13:59:53:187 119853012 30364257 579080 6857 1.0
13:59:53:587 119853345 30181272 585098 6856 1.0
13:59:53:787 119853435 30369025 579208 6839 1.0
13:59:53:987 119852826 30424050 578959 6826 1.0
13:59:54:187 119853539 30374369 579263 6832 1.0
13:59:54:587 119853451 30174744 584968 6858 1.0
13:59:54:787 119853677 30367041 579153 6842 1.0
13:59:54:987 119852878 30432817 579099 6845 1.0
13:59:55:187 119853487 30366025 579128 6837 1.0
13:59:55:587 119853953 30183503 585114 6834 1.0
13:59:55:787 119853084 30369590 579210 6828 1.0
13:59:55:987 119853475 30447284 578933 6844 1.0
13:59:56:187 119852852 30367527 579166 6832 1.0
13:59:56:587 119853885 30260476 582437 6839 1.0
13:59:56:787 119852723 30365789 579113 6837 1.0
13:59:56:987 119853394 30461102 578890 6844 1.0
13:59:57:387 119854024 30176059 585003 6849 1.0
13:59:57:587 119852762 30424238 578966 6838 1.0
13:59:57:787 119852943 30375696 579351 6841 1.0
13:59:57:987 119853408 30419992 579023 6825 1.0
13:59:58:387 119854077 30179774 585099 6842 1.0
13:59:58:587 119852842 30417554 578992 6837 1.0
13:59:58:787 119853508 30372324 579260 6833 1.0
13:59:58:987 119852708 30424393 579030 6838 1.0
13:59:59:387 119853186 30172814 584983 6851 1.0
13:59:59:587 119852769 30405555 579070 6839 1.0
13:59:59:787 119853360 30373519 579231 6845 1.0
13:59:59:987 119852777 30415349 579014 6836 1.0
14:00:00:387 119853147 30172886 585012 6846 1.0
14:00:00:587 119853534 30473073 578976 6830 1.0
14:00:00:787 119853029 30367076 579152 6845 1.0
14:00:00:987 119852780 30403859 579031 6849 1.0
14:00:01:387 119853236 30174581 584964 6861 1.0
14:00:01:587 119853484 30396689 579012 6836 1.0
14:00:01:787 119852827 30365248 579106 6845 1.0
14:00:01:987 119853334 30403082 579270 6848 1.0
14:00:02:387 119853876 30174734 585000 6851 1.0
14:00:02:587 119852873 30404255 579224 6846 1.0
14:00:02:787 119852696 30368756 579197 6844 1.0
14:00:02:987 119853731 30446227 578945 6840 1.0
14:00:03:387 119853782 30183232 585191 6832 1.0
14:00:03:587 119852662 30452338 578878 6827 1.0
14:00:03:787 119853671 30368689 579176 6838 1.0
14:00:03:987 119852753 30453506 578954 6843 1.0
14:00:04:387 119854029 30177469 585039 6860 1.0
14:00:04:587 119852734 30416618 578956 6833 1.0
14:00:04:787 119853514 30371293 579250 6829 1.0
14:00:04:987 119852710 30385208 579060 6843 1.0
14:00:05:387 119853261 30177395 585038 6853 1.0
14:00:05:587 119853496 30433729 579155 6829 1.0
14:00:05:787 119852800 30364979 579096 6841 1.0
14:00:05:987 119852824 30383413 579088 6844 1.0
14:00:06:387 119853130 30175341 584982 6842 1.0
14:00:06:587 119853321 30420003 579107 6823 1.0
14:00:06:787 119852803 30369538 579137 6838 1.0
14:00:06:987 119853612 30472988 579085 6845 1.0
14:00:07:387 119853285 30176331 585008 6844 1.0
14:00:07:587 119853465 30401549 579251 6850 1.0
14:00:07:787 119852519 30365745 579118 6830 1.0
14:00:07:987 119853502 30437774 579053 6834 1.0
14:00:08:387 119853870 30180613 585113 6842 1.0
14:00:08:587 119852961 30434168 578947 6842 1.0
14:00:08:787 119853622 30366358 579135 6831 1.0
14:00:08:987 119852845 30394264 579203 6837 1.0
14:00:09:387 119854357 30174644 584963 6849 1.0
14:00:09:587 119852804 30458616 578949 6820 1.0
14:00:09:787 119853589 30374681 579263 6831 1.0
14:00:09:987 119852965 30435059 578995 6841 1.0
14:00:10:387 119853262 30181936 585136 6846 1.0
14:00:10:587 119852725 30414556 579026 6835 1.0
14:00:10:787 119853517 30367527 579156 6828 1.0
14:00:10:987 119852742 30386436 579085 6841 1.0
14:00:11:387 119853384 30177367 585044 6844 1.0
14:00:11:587 119853652 30460157 578948 6845 1.0
14:00:11:787 119852929 30370202 579236 6827 1.0
14:00:11:987 119852895 30386446 579025 6850 1.0
14:00:12:387 119853033 30174857 584971 6835 1.0
14:00:12:587 119853537 30474799 579004 6843 1.0
14:00:12:787 119852971 30366184 579121 6853 1.0
14:00:12:987 119853642 30396706 579051 6823 1.0
14:00:13:387 119854058 30171431 584972 6852 1.0
14:00:13:587 119852838 30373703 579124 6841 1.0
14:00:13:787 119852737 30365714 579119 6844 1.0
14:00:13:987 119853373 30469763 578909 6836 1.0
14:00:14:387 119854044 30172556 584910 6851 1.0
14:00:14:587 119852604 30379702 579311 6848 1.0
14:00:14:787 119853498 30365041 579102 6831 1.0
14:00:14:987 119852742 30446477 579002 6838 1.0
14:00:15:387 119854276 30185490 585167 6841 1.0
14:00:15:587 119852679 30438230 578939 6846 1.0
14:00:15:787 119853505 30370329 579239 6833 1.0
14:00:15:987 119852599 30462731 578938 6838 1.0
14:00:16:387 119853252 30178801 585074 6858 1.0
14:00:16:587 119853386 30372221 579164 6830 1.0
14:00:16:787 119852835 30367914 579175 6843 1.0
14:00:16:987 119852651 30405901 579052 6844 1.0
14:00:17:387 119852997 30180041 585107 6830 1.0
14:00:17:587 119853499 30404061 579028 6836 1.0
14:00:17:787 119852800 30366926 579110 6831 1.0
14:00:17:987 119853640 30441754 578901 6823 1.0
14:00:18:387 119853308 30175802 584996 6852 1.0
14:00:18:587 119853581 30402983 579023 6831 1.0
14:00:18:787 119852814 30375495 579290 6837 1.0
14:00:18:987 119853453 30426121 579066 6833 1.0
14:00:19:387 119854121 30243916 582858 6846 1.0
14:00:19:587 119852803 30387681 579138 6839 1.0
14:00:19:787 119853573 30367105 579115 6840 1.0
14:00:19:987 119852876 30391046 579108 6830 1.0
14:00:20:387 119853878 30357250 579413 6801 1.0
14:00:20:587 119852812 30464672 578940 6841 1.0
14:00:20:787 119853523 30366893 579120 6833 1.0
14:00:21:187 119854076 30176026 585001 6836 1.0
14:00:21:387 119852686 30367829 579175 6833 1.0
14:00:21:587 119852559 30382675 579238 6836 1.0
14:00:21:787 119853646 30368508 579167 6838 1.0
14:00:22:187 119853900 30180308 585113 6837 1.0
14:00:22:387 119852862 30372322 579201 6856 1.0
14:00:22:587 119853586 30441933 578986 6831 1.0
14:00:22:787 119852729 30365638 579119 6840 1.0
14:00:23:187 119853303 30179688 585067 6843 1.0
14:00:23:387 119852854 30364945 579097 6838 1.0
14:00:23:587 119853725 30395120 579103 6847 1.0
14:00:23:787 119852711 30373260 579294 6842 1.0
14:00:24:187 119853268 30176243 585045 6847 1.0
14:00:24:387 119853553 30364714 579105 6829 1.0
14:00:24:587 119852805 30391071 579117 6829 1.0
14:00:24:787 119852739 30366099 579130 6852 1.0
14:00:25:187 119853438 30180903 585129 6851 1.0
14:00:25:387 119853533 30366748 579145 6828 1.0
14:00:25:587 119852919 30394634 579014 6841 1.0
14:00:25:787 119853487 30365764 579120 6823 1.0
14:00:26:187 119853831 30176002 585000 6845 1.0
14:00:26:387 119852666 30364959 579101 6840 1.0
14:00:26:587 119852774 30476338 579005 6845 1.0
14:00:26:787 119853439 30365126 579105 6839 1.0
14:00:27:187 119854035 30175210 585038 6846 1.0
14:00:27:387 119852793 30375134 579275 6837 1.0
14:00:27:587 119853265 30423337 579051 6831 1.0
14:00:27:787 119852825 30367996 579180 6834 1.0
14:00:28:187 119853731 30177033 585027 6843 1.0
14:00:28:387 119852823 30367506 579167 6838 1.0
14:00:28:587 119853479 30394263 579114 6850 1.0
14:00:28:787 119853038 30373138 579223 6837 1.0
14:00:29:187 119853464 30174784 584967 6861 1.0
14:00:29:387 119853492 30369775 579224 6848 1.0
14:00:29:587 119852853 30380731 579117 6845 1.0
14:00:29:787 119852779 30368582 579152 6833 1.0
14:00:30:187 119853272 30178730 585045 6852 1.0
14:00:30:387 119853301 30369274 579168 6840 1.0
14:00:30:587 119852794 30382488 579054 6853 1.0
14:00:30:787 119853607 30372998 579303 6829 1.0
14:00:31:187 119853449 30176974 585025 6841 1.0
14:00:31:387 119853583 30366894 579159 6831 1.0
14:00:31:587 119852836 30428373 579068 6842 1.0
14:00:31:787 119853628 30371144 579263 6830 1.0
14:00:32:187 119853904 30182008 585121 6844 1.0
14:00:32:387 119852776 30367038 579110 6829 1.0
14:00:32:587 119853414 30427612 579047 6831 1.0
14:00:32:787 119852739 30365212 579105 6835 1.0
14:00:33:187 119854040 30177792 585040 6841 1.0
14:00:33:387 119852809 30369672 579139 6842 1.0
14:00:33:587 119853385 30403057 579162 6839 1.0
14:00:33:787 119852921 30367651 579170 6848 1.0
14:00:34:187 119853283 30170962 584959 6839 1.0
14:00:34:387 119852891 30369628 579171 6834 1.0
14:00:34:587 119853564 30450370 578866 6829 1.0
14:00:34:787 119852721 30365291 579108 6851 1.0
14:00:35:187 119853348 30172208 584901 6856 1.0
14:00:35:387 119853390 30370569 579247 6834 1.0
14:00:35:587 119852873 30398071 579074 6838 1.0
14:00:35:787 119853597 30375381 579281 6834 1.0
14:00:36:187 119853327 30178842 585058 6852 1.0
14:00:36:387 119853517 30375741 579311 6839 1.0
14:00:36:587 119852712 30468628 578911 6842 1.0
14:00:36:787 119853552 30369277 579168 6837 1.0
14:00:37:187 119853891 30176566 585018 6854 1.0
14:00:37:387 119853007 30364838 579110 6842 1.0
14:00:37:587 119852824 30374012 579147 6841 1.0
14:00:37:787 119853561 30373727 579330 6846 1.0
14:00:38:187 119854156 30176447 585014 6851 1.0
14:00:38:387 119852757 30365763 579120 6831 1.0
14:00:38:587 119853515 30392112 579177 6832 1.0
14:00:38:787 119852780 30364950 579098 6835 1.0
14:00:39:187 119853358 30183840 585114 6855 1.0
14:00:39:387 119852891 30366833 579148 6836 1.0
14:00:39:587 119853634 30427712 578991 6830 1.0
14:00:39:787 119852974 30371242 579171 6842 1.0
14:00:40:187 119853206 30177167 585045 6844 1.0
14:00:40:387 119853589 30365422 579106 6845 1.0
14:00:40:587 119852615 30379727 579156 6829 1.0
14:00:40:787 119852650 30372018 579286 6829 1.0
14:00:41:187 119853278 30176022 585000 6840 1.0
14:00:41:387 119853576 30373165 579316 6844 1.0
14:00:41:587 119852606 30425131 578957 6835 1.0
14:00:41:787 119853600 30364516 579088 6835 1.0
14:00:42:187 119854120 30230814 583417 6846 1.0
14:00:42:387 119852782 30368918 579175 6832 1.0
14:00:42:587 119852766 30382822 579101 6826 1.0
14:00:42:787 119853704 30375949 579295 6836 1.0
14:00:43:187 119853783 30338890 579833 6804 1.0
14:00:43:387 119852788 30368529 579145 6840 1.0
14:00:43:587 119853430 30422436 579112 6843 1.0
14:00:43:987 119853282 30175031 584975 6850 1.0
14:00:44:187 119853329 30392835 579235 6831 1.0
14:00:44:387 119852716 30367678 579171 6836 1.0
14:00:44:587 119853746 30454060 578968 6830 1.0
14:00:44:987 119854198 30183932 585209 6859 1.0
14:00:45:187 119852935 30407578 578980 6838 1.0
14:00:45:387 119852646 30366308 579135 6852 1.0
14:00:45:587 119853700 30457158 578983 6834 1.0
14:00:45:987 119854120 30174336 584985 6832 1.0
14:00:46:187 119852904 30376621 579172 6841 1.0
14:00:46:387 119853546 30368050 579107 6845 1.0
14:00:46:587 119852770 30393228 579117 6848 1.0
14:00:46:987 119853408 30182272 585113 6856 1.0
14:00:47:187 119852663 30409468 579056 6848 1.0
14:00:47:387 119853403 30366184 579129 6830 1.0
14:00:47:587 119852679 30373459 579118 6829 1.0
14:00:47:987 119853217 30177005 585038 6848 1.0
14:00:48:187 119853575 30427885 579005 6837 1.0
14:00:48:387 119852904 30378222 579356 6853 1.0
14:00:48:587 119852883 30369471 579148 6837 1.0
14:00:48:987 119853343 30172467 584907 6842 1.0
14:00:49:187 119853530 30446893 579083 6835 1.0
14:00:49:387 119852700 30365325 579109 6835 1.0
14:00:49:587 119853418 30394142 579103 6845 1.0
14:00:49:987 119854215 30174137 584952 6848 1.0
14:00:50:187 119852978 30411846 579076 6840 1.0
14:00:50:387 119852826 30362980 579060 6843 1.0
14:00:50:587 119853542 30466345 578916 6834 1.0
14:00:50:987 119853916 30174614 584981 6840 1.0
14:00:51:187 119852541 30465815 579117 6825 1.0
14:00:51:387 119853556 30368932 579123 6849 1.0
14:00:51:587 119852805 30436498 578938 6840 1.0
14:00:51:987 119853902 30183829 585113 6858 1.0
14:00:52:187 119852803 30442072 579113 6835 1.0
14:00:52:387 119853430 30366441 579109 6828 1.0
14:00:52:587 119852894 30408524 579196 6855 1.0
14:00:52:987 119853349 30174086 584951 6841 1.0
14:00:53:187 119853533 30398593 579107 6840 1.0
14:00:53:387 119852842 30370048 579141 6844 1.0
14:00:53:587 119852806 30380527 579136 6833 1.0
14:00:53:987 119853213 30181391 585142 6828 1.0
14:00:54:187 119853530 30427239 578969 6828 1.0
14:00:54:387 119852751 30368667 579196 6851 1.0
14:00:54:587 119853648 30396553 579041 6855 1.0
14:00:54:987 119853124 30176661 585018 6831 1.0
14:00:55:187 119853513 30403097 579011 6834 1.0
14:00:55:387 119852803 30373285 579287 6826 1.0
14:00:55:587 119853535 30395715 579039 6828 1.0
14:00:55:987 119853972 30174346 584964 6839 1.0
14:00:56:187 119852767 30471038 578980 6848 1.0
14:00:56:387 119853641 30368466 579193 6841 1.0
14:00:56:587 119852995 30429632 578983 6845 1.0
14:00:56:987 119853980 30175456 584992 6843 1.0
14:00:57:187 119852765 30433802 578929 6829 1.0
14:00:57:387 119853584 30367456 579164 6827 1.0
14:00:57:587 119852706 30396674 579120 6829 1.0
14:00:57:987 119853234 30174995 584974 6844 1.0
14:00:58:187 119852583 30391918 579239 6841 1.0
14:00:58:387 119853475 30370462 579168 6835 1.0
14:00:58:587 119852638 30393618 579018 6833 1.0
14:00:58:987 119852944 30179225 585045 6844 1.0
14:00:59:187 119853528 30416797 579075 6839 1.0
14:00:59:387 119852702 30365867 579123 6838 1.0
14:00:59:587 119853717 30373472 579136 6850 1.0
14:00:59:987 119853217 30175750 584993 6847 1.0
14:01:00:187 119853405 30400212 579076 6827 1.0
14:01:00:387 119852719 30375340 579317 6834 1.0
14:01:00:587 119853561 30435147 578954 6843 1.0
14:01:00:987 119854003 30175872 584997 6838 1.0
14:01:01:187 119852881 30433104 579138 6828 1.0
14:01:01:387 119852806 30364254 579081 6832 1.0
14:01:01:587 119853571 30439880 578982 6819 1.0
14:01:01:987 119854021 30174641 585040 6854 1.0
14:01:02:187 119852884 30416838 579053 6827 1.0
14:01:02:387 119853725 30370474 579169 6834 1.0
14:01:02:587 119852832 30417337 579107 6840 1.0
14:01:02:987 119853437 30173127 584928 6855 1.0
14:01:03:187 119852694 30444655 579169 6822 1.0
14:01:03:387 119853769 30369934 579170 6846 1.0
14:01:03:587 119852752 30460478 578858 6827 1.0
14:01:03:987 119853177 30179069 585080 6848 1.0
14:01:04:187 119853491 30384560 579095 6843 1.0
14:01:04:387 119852946 30368615 579193 6841 1.0
14:01:04:587 119852645 30415430 579111 6840 1.0
14:01:04:987 119853304 30214614 583898 6834 1.0
14:01:05:187 119853564 30397833 579147 6833 1.0
14:01:05:387 119852914 30375854 579291 6839 1.0
14:01:05:587 119853491 30436669 578972 6840 1.0
14:01:05:987 119853984 30327000 580386 6816 1.0
14:01:06:187 119852629 30386976 579117 6837 1.0
14:01:06:387 119852857 30365234 579110 6823 1.0
14:01:06:787 119853017 30177392 585034 6847 1.0
14:01:06:987 119853490 30365455 579112 6845 1.0
14:01:07:187 119852639 30375708 579110 6844 1.0
14:01:07:387 119853500 30371723 579270 6851 1.0
14:01:07:787 119853316 30175640 584991 6852 1.0
14:01:07:987 119853509 30371299 579264 6842 1.0
14:01:08:187 119852832 30394684 579084 6847 1.0
14:01:08:387 119853693 30366034 579128 6841 1.0
14:01:08:787 119854118 30182863 585127 6841 1.0
14:01:08:987 119852792 30366199 579110 6837 1.0
14:01:09:187 119853654 30407921 579091 6837 1.0
14:01:09:387 119852763 30369245 579131 6824 1.0
14:01:09:787 119854085 30174354 584957 6846 1.0
14:01:09:987 119852794 30368649 579193 6854 1.0
14:01:10:187 119853391 30461045 578949 6843 1.0
14:01:10:387 119852831 30366179 579131 6838 1.0
14:01:10:787 119853416 30175717 584993 6831 1.0
14:01:10:987 119852831 30371171 579263 6826 1.0
14:01:11:187 119853430 30390156 579023 6835 1.0
14:01:11:387 119852994 30362744 579039 6854 1.0
14:01:11:787 119853459 30173521 584957 6840 1.0
14:01:11:987 119853504 30366470 579138 6841 1.0
14:01:12:187 119852854 30386714 579130 6838 1.0
14:01:12:387 119853548 30374300 579250 6832 1.0
14:01:12:787 119853408 30174689 584983 6837 1.0
14:01:12:987 119853557 30373483 579230 6854 1.0
14:01:13:187 119852789 30401439 579054 6840 1.0
14:01:13:387 119853480 30365165 579105 6844 1.0
14:01:13:787 119854056 30182271 585164 6829 1.0
14:01:13:987 119852811 30364253 579081 6839 1.0
14:01:14:187 119852808 30407102 579027 6824 1.0
14:01:14:387 119853470 30373309 579291 6840 1.0
14:01:14:787 119854058 30174460 584961 6860 1.0
14:01:14:987 119852725 30366751 579145 6833 1.0
14:01:15:188 119853645 30463640 578958 6839 1.0
14:01:15:388 119852803 30367417 579111 6839 1.0
14:01:15:788 119854213 30174640 584964 6849 1.0
14:01:15:988 119852668 30373286 579227 6836 1.0
14:01:16:188 119853469 30392939 579062 6838 1.0
14:01:16:388 119852820 30365587 579117 6836 1.0
14:01:16:788 119853124 30174899 584995 6839 1.0
14:01:16:988 119853560 30367697 579147 6833 1.0
14:01:17:188 119852690 30368974 579143 6836 1.0
14:01:17:388 119852791 30370947 579254 6833 1.0
14:01:17:788 119853310 30175187 584979 6845 1.0
14:01:17:988 119853585 30374076 579293 6842 1.0
14:01:18:188 119852885 30417788 579046 6841 1.0
14:01:18:388 119853478 30370655 579176 6844 1.0
14:01:18:788 119853315 30178397 585064 6844 1.0
14:01:18:988 119853421 30371325 579175 6825 1.0
14:01:19:188 119852628 30415859 579051 6846 1.0
14:01:19:388 119853666 30370935 579162 6829 1.0
14:01:19:788 119853959 30175470 585040 6834 1.0
14:01:19:988 119852855 30366371 579110 6836 1.0
14:01:20:188 119853456 30388109 579116 6844 1.0
14:01:20:388 119852774 30365527 579115 6819 1.0
14:01:20:788 119854039 30181050 585135 6851 1.0
14:01:20:988 119852999 30366060 579128 6827 1.0
14:01:21:188 119853537 30415490 579036 6830 1.0
14:01:21:388 119852860 30369118 579209 6825 1.0
14:01:21:788 119853157 30176323 585009 6850 1.0
14:01:21:988 119852751 30363965 579074 6841 1.0
14:01:22:188 119853685 30464826 579050 6841 1.0
14:01:22:388 119852852 30365450 579110 6833 1.0
14:01:22:788 119852958 30174795 585026 6851 1.0
14:01:22:988 119853730 30371965 579190 6839 1.0
14:01:23:188 119852931 30400586 579051 6834 1.0
14:01:23:388 119853578 30366652 579122 6849 1.0
14:01:23:788 119853103 30176493 585014 6844 1.0
14:01:23:988 119853730 30370054 579233 6827 1.0
14:01:24:188 119852844 30401894 579101 6833 1.0
14:01:24:388 119853568 30371967 579223 6833 1.0
14:01:24:788 119853925 30174622 584965 6837 1.0
14:01:24:988 119852711 30376439 579308 6858 1.0
14:01:25:188 119852720 30434857 579001 6845 1.0
14:01:25:388 119853485 30366880 579152 6840 1.0
14:01:25:788 119853989 30182754 585086 6853 1.0
14:01:25:988 119853036 30366996 579152 6851 1.0
14:01:26:188 119853364 30413645 579024 6836 1.0
14:01:26:388 119852896 30373840 579264 6832 1.0
14:01:26:788 119853317 30174431 585014 6851 1.0
14:01:26:988 119852871 30364823 579110 6844 1.0
14:01:27:188 119853477 30460824 578899 6845 1.0
14:01:27:388 119852657 30367125 579156 6830 1.0
14:01:27:788 119853368 30201292 584457 6836 1.0
14:01:27:988 119853574 30366779 579168 6837 1.0
14:01:28:188 119852965 30407807 579030 6856 1.0
14:01:28:388 119852761 30369895 579197 6833 1.0
14:01:28:788 119853199 30311007 580909 6824 1.0
14:01:28:988 119853482 30370679 579158 6832 1.0
14:01:29:188 119852712 30429468 579139 6840 1.0
14:01:29:588 119853230 30175649 584989 6857 1.0
14:01:29:788 119853538 30437658 578974 6845 1.0
14:01:29:988 119853052 30372052 579263 6834 1.0
14:01:30:188 119852821 30423426 579000 6829 1.0
14:01:30:588 119853245 30182776 585178 6846 1.0
14:01:30:788 119853738 30434056 578948 6832 1.0
14:01:30:988 119852756 30367830 579175 6838 1.0
14:01:31:188 119853478 30396618 579133 6848 1.0
14:01:31:588 119853217 30175649 585045 6850 1.0
14:01:31:788 119853510 30410871 579038 6841 1.0
14:01:31:988 119852845 30368829 579184 6845 1.0
14:01:32:188 119853318 30419539 579112 6832 1.0
14:01:32:588 119853868 30177387 585037 6829 1.0
14:01:32:788 119852906 30410910 579143 6842 1.0
14:01:32:988 119853712 30368254 579188 6840 1.0
14:01:33:188 119852947 30404381 579004 6837 1.0
14:01:33:588 119853842 30179138 585082 6851 1.0
14:01:33:788 119852724 30405763 579025 6840 1.0
14:01:33:988 119853549 30367685 579170 6842 1.0
14:01:34:188 119852662 30432775 579127 6839 1.0
14:01:34:588 119853298 30173698 584939 6840 1.0
14:01:34:788 119852654 30449295 578904 6824 1.0
14:01:34:988 119853592 30373038 579296 6843 1.0
14:01:35:188 119852837 30389168 579023 6848 1.0
14:01:35:588 119853249 30181896 585070 6842 1.0
14:01:35:788 119853383 30426029 579087 6835 1.0
14:01:35:988 119852706 30369535 579179 6824 1.0
14:01:36:188 119853390 30416934 579086 6829 1.0
14:01:36:588 119853339 30175924 584999 6849 1.0
14:01:36:788 119853612 30435006 578955 6840 1.0
14:01:36:988 119852800 30373673 579324 6820 1.0
14:01:37:188 119853439 30448822 578979 6843 1.0
14:01:37:588 119853920 30173179 584938 6859 1.0
14:01:37:788 119852791 30469217 579117 6833 1.0
14:01:37:988 119852986 30366637 579110 6846 1.0
14:01:38:188 119853485 30414676 578987 6837 1.0
14:01:38:588 119854113 30178391 585051 6851 1.0
14:01:38:788 119852894 30421595 578961 6831 1.0
14:01:38:988 119853537 30368001 579179 6850 1.0
14:01:39:188 119852766 30405066 579188 6837 1.0
14:01:39:588 119853231 30177498 585039 6838 1.0
14:01:39:788 119852597 30432519 579035 6834 1.0
14:01:39:988 119853617 30367790 579174 6853 1.0
14:01:40:188 119852843 30392835 579034 6824 1.0
14:01:40:588 119853477 30177049 585028 6840 1.0
14:01:40:788 119853374 30389711 579060 6836 1.0
14:01:40:988 119852763 30366140 579130 6834 1.0
14:01:41:188 119852788 30466535 579090 6855 1.0
14:01:41:588 119853416 30175694 585014 6840 1.0
14:01:41:788 119853288 30439606 578978 6822 1.0
14:01:41:988 119852806 30375379 579282 6847 1.0
14:01:42:188 119853503 30442088 579046 6840 1.0
14:01:42:588 119853911 30183047 585120 6846 1.0
14:01:42:788 119852893 30422318 578946 6832 1.0
14:01:42:988 119852765 30369666 579201 6839 1.0
14:01:43:188 119853369 30451927 578853 6826 1.0
14:01:43:588 119853916 30173584 584937 6855 1.0
14:01:43:788 119852724 30385147 579045 6841 1.0
14:01:43:988 119853454 30374932 579354 6843 1.0
14:01:44:188 119852662 30427622 578926 6835 1.0
14:01:44:588 119854098 30174454 584969 6848 1.0
14:01:44:788 119852717 30439426 579008 6833 1.0
14:01:44:988 119853547 30366048 579129 6833 1.0
14:01:45:188 119852792 30379836 579125 6846 1.0
14:01:45:588 119853207 30175801 585000 6837 1.0
14:01:45:788 119853424 30407211 579079 6838 1.0
14:01:45:988 119852776 30365849 579124 6844 1.0
14:01:46:188 119852879 30419152 579179 6833 1.0
14:01:46:588 119853414 30173008 584955 6858 1.0
14:01:46:788 119853577 30379721 579283 6854 1.0
14:01:46:988 119852907 30370087 579198 6852 1.0
14:01:47:188 119853332 30447427 578944 6835 1.0
14:01:47:588 119853173 30184248 585202 6844 1.0
14:01:47:788 119853475 30432718 578949 6838 1.0
14:01:47:988 119852799 30366026 579129 6848 1.0
14:01:48:188 119853474 30455157 578997 6843 1.0
14:01:48:588 119854160 30172974 585002 6848 1.0
14:01:48:788 119852635 30388123 579119 6824 1.0
14:01:48:988 119853606 30370367 579148 6847 1.0
14:01:49:188 119852815 30393935 579110 6844 1.0
14:01:49:588 119854001 30181238 585079 6851 1.0
14:01:49:788 119852915 30404041 579065 6837 1.0
14:01:49:988 119853481 30370214 579145 6841 1.0
14:01:50:188 119852773 30374103 579166 6827 1.0
14:01:50:588 119853363 30180483 584791 6859 1.0
14:01:50:788 119852646 30438384 578903 6834 1.0
14:01:50:988 119853437 30372989 579312 6830 1.0
14:01:51:188 119852742 30454512 578983 6836 1.0
14:01:51:588 119853310 30292811 581289 6834 1.0
14:01:51:788 119853270 30469447 579000 6835 1.0
14:01:51:988 119852716 30364461 579086 6844 1.0
14:01:52:388 119854129 30175096 584975 6842 1.0
14:01:52:588 119853103 30368976 579201 6848 1.0
14:01:52:788 119853389 30376067 579112 6842 1.0
14:01:52:988 119852697 30366239 579110 6843 1.0
14:01:53:388 119853394 30175509 585045 6843 1.0
14:01:53:588 119853775 30368090 579110 6844 1.0
14:01:53:788 119852827 30372955 579133 6832 1.0
14:01:53:988 119852677 30374700 579348 6826 1.0
14:01:54:388 119853092 30173372 584972 6847 1.0
14:01:54:588 119853454 30374793 579317 6836 1.0
14:01:54:788 119852761 30401148 579043 6839 1.0
14:01:54:988 119853491 30370234 579226 6842 1.0
14:01:55:388 119853258 30181754 585060 6839 1.0
14:01:55:588 119853601 30367492 579165 6833 1.0
14:01:55:788 119852632 30440291 579046 6818 1.0
14:01:55:988 119853530 30370474 579163 6826 1.0
14:01:56:388 119853666 30175484 585008 6829 1.0
14:01:56:588 119852980 30364900 579097 6848 1.0
14:01:56:788 119853496 30476900 578944 6843 1.0
14:01:56:988 119852831 30366253 579133 6831 1.0
14:01:57:388 119854107 30179252 585086 6846 1.0
14:01:57:588 119852907 30365583 579116 6830 1.0
14:01:57:788 119853468 30393272 579007 6833 1.0
14:01:57:988 119852725 30365314 579109 6830 1.0
14:01:58:388 119853104 30172618 584912 6831 1.0
14:01:58:588 119852766 30367140 579157 6832 1.0
14:01:58:788 119853379 30449047 579049 6835 1.0
14:01:58:988 119852759 30367114 579154 6842 1.0
14:01:59:388 119853150 30173606 584977 6854 1.0
14:01:59:588 119853459 30375929 579295 6828 1.0
14:01:59:788 119852861 30435805 578995 6843 1.0
14:01:59:988 119853623 30366270 579124 6832 1.0
14:02:00:388 119853278 30172843 585009 6841 1.0
14:02:00:588 119853563 30369628 579130 6832 1.0
14:02:00:788 119852716 30469675 578892 6842 1.0
14:02:00:988 119853629 30371360 579264 6829 1.0
14:02:01:388 119853929 30176551 585017 6847 1.0
14:02:01:588 119852877 30374848 579263 6833 1.0
14:02:01:788 119852674 30435483 579004 6831 1.0
14:02:01:988 119853565 30366990 579151 6840 1.0
14:02:02:388 119854040 30179975 585059 6852 1.0
14:02:02:588 119852841 30366643 579110 6833 1.0
14:02:02:788 119853568 30402439 579091 6826 1.0
14:02:02:988 119852777 30373992 579245 6832 1.0
14:02:03:388 119853391 30174350 585023 6845 1.0
14:02:03:588 119852690 30365147 579110 6824 1.0
14:02:03:788 119853600 30401296 579250 6844 1.0
14:02:03:988 119852769 30368669 579194 6841 1.0
14:02:04:388 119853430 30177375 585037 6849 1.0
14:02:04:588 119853554 30367590 579166 6833 1.0
14:02:04:788 119852984 30384504 579111 6841 1.0
14:02:04:988 119852896 30370421 579206 6838 1.0
14:02:05:388 119853342 30174751 584967 6845 1.0
14:02:05:588 119853704 30365990 579168 6839 1.0
14:02:05:788 119852606 30460090 578959 6832 1.0
14:02:05:988 119853716 30368132 579179 6832 1.0
