TIMESTAMP,CPU_CYCLES,INSTRUCTIONS,CACHE_MISSES,BRANCH_MISSES,LABEL
21:08:10:227,232174,196179,0,210,0
21:08:10:427,120001058,49562931,2381768,120,0
21:08:10:627,120000896,49525165,2377769,115,0
21:08:10:827,120001528,49520501,2379846,118,0
21:08:11:027,120001355,49563476,2406033,101,0
21:08:11:227,120000975,49658236,2389160,110,0
21:08:11:427,120001618,49691077,2382018,111,0
21:08:11:627,120001218,49515801,2399637,103,0
21:08:11:827,120000817,49593929,2393409,114,0
21:08:12:027,120001085,49819828,2383758,113,0
21:08:12:227,120001266,49348432,2381750,106,0
21:08:12:427,120001064,49469239,2395073,106,0
21:08:12:627,120000633,49626368,2393287,113,0
21:08:12:827,120000768,49758861,2381652,106,0
21:08:13:027,120001517,49472173,2394000,109,0
21:08:13:227,120001158,49416022,2388045,111,0
21:08:13:427,120000769,49472364,2385790,112,0
21:08:13:627,120000665,49693563,2380381,111,0
21:08:13:827,120001333,49635701,2395453,112,0
21:08:14:027,120001260,49503338,2398123,108,0
21:08:14:227,120000973,49798301,2383292,119,0
21:08:14:427,120001311,49562485,2388071,113,0
21:08:14:627,120001109,49451516,2392658,113,0
21:08:14:827,120000476,49506500,2389947,121,0
21:08:15:027,120000656,49637718,2380305,106,0
21:08:15:227,120001149,49582878,2384403,127,0
21:08:15:427,120001516,49455323,2393028,110,0
21:08:15:627,120000783,49505998,2394877,109,0
21:08:15:827,120000985,49963861,2389210,117,0
21:08:16:027,120001250,49573509,2405588,103,0
21:08:16:227,120001062,49972658,2388489,112,0
21:08:16:427,120001181,49467658,2390990,127,0
21:08:16:627,120002009,49523777,2400490,108,0
21:08:16:827,120000923,49760428,2381536,111,0
21:08:17:027,120001212,49774256,2408325,119,0
21:08:17:227,120000774,49779753,2391379,118,0
21:08:17:427,120001270,49665212,2389616,119,0
21:08:17:627,120000527,49591017,2406705,101,0
21:08:17:827,120001116,49970356,2387040,110,0
21:08:18:027,120001146,49616567,2410446,124,0
21:08:18:227,120000888,49937994,2386219,114,0
21:08:18:427,120001169,49519173,2396384,109,0
21:08:18:627,120000825,49850106,2401948,114,0
21:08:18:827,120001455,49692021,2390379,118,0
21:08:19:027,120001366,49546493,2403090,102,0
21:08:19:227,120001049,50029755,2392321,115,0
21:08:19:427,120001231,49573279,2406129,106,0
21:08:19:627,120000742,49679980,2385121,105,0
21:08:19:827,120001300,49821352,2402070,105,0
21:08:20:027,120000612,49583582,2396340,107,0
21:08:20:227,120001163,49922862,2391772,112,0
21:08:20:427,120001095,49561010,2404504,117,0
21:08:20:627,120000635,49842037,2385633,113,0
21:08:20:827,120001280,49604206,2395522,113,0
21:08:21:027,120000697,49626842,2400057,123,0
21:08:21:227,120001043,49923198,2392589,117,0
21:08:21:427,120000845,49677610,2407962,111,0
21:08:21:627,120000650,49730238,2381185,112,0
21:08:21:827,120001128,49521951,2386918,105,0
21:08:22:027,120001446,49565969,2405259,107,0
21:08:22:227,120000775,49835252,2383369,107,0
21:08:22:427,120001141,49662759,2403116,107,0
21:08:22:627,120000528,49758604,2395490,117,0
21:08:22:827,120001118,49672971,2384858,109,0
21:08:23:027,120001425,49555999,2403623,118,0
21:08:23:227,120000516,49947323,2390485,110,0
21:08:23:427,120001170,49557422,2396073,113,0
21:08:23:627,120000631,49733914,2400187,116,0
21:08:23:827,120001567,49749333,2384999,112,0
21:08:24:027,120001295,49520719,2400526,112,0
21:08:24:227,120000635,49841802,2394253,117,0
21:08:24:427,120001234,49619736,2388738,115,0
21:08:24:627,120001018,49504101,2398178,108,0
21:08:24:827,120000580,49719165,2388655,123,0
21:08:25:027,120001265,49770919,2397691,111,0
21:08:25:627,120000456,265134196,403,161,0
21:08:25:627,120000456,265134196,403,161,0
21:08:25:827,120001017,61125735,2265290,114,0
21:08:26:027,120000837,49836091,2392485,117,0
21:08:26:227,120001165,49641506,2391685,121,0
21:08:26:427,120000758,49586132,2404876,109,0
21:08:26:627,120000763,49825297,2382254,109,0
21:08:26:827,120001281,49705734,2410776,118,0
21:08:27:027,120000652,49962945,2390864,110,0
21:08:27:227,120001040,49646621,2408912,110,0
21:08:27:427,120000918,49688826,2387816,110,0
21:08:27:627,120001856,49784325,2396147,114,0
21:08:27:827,120000512,49754970,2403748,108,0
21:08:28:027,120001280,49906434,2400990,115,0
21:08:28:227,120000706,49705019,2399972,112,0
21:08:28:427,120000972,49917318,2401082,119,0
21:08:28:627,120000813,49581487,2398415,118,0
21:08:28:827,120001300,49914348,2388235,116,0
21:08:29:027,120001187,49599789,2409003,115,0
21:08:29:227,120000629,49755843,2383483,108,0
21:08:29:427,120001073,49630021,2390906,115,0
21:08:29:627,120001239,49537025,2401866,112,0
21:08:29:827,120000920,49861334,2384764,117,0
21:08:30:027,120001541,49668724,2405266,111,0
21:08:30:227,120000783,49842546,2394001,113,0
21:08:30:427,120001078,49766802,2405204,122,0
21:08:30:627,120000631,49698433,2394186,112,0
21:08:30:827,120001547,49744426,2386594,115,0
21:08:31:027,120001263,49508027,2398790,108,0
21:08:31:227,120000555,49674613,2391306,113,0
21:08:31:427,120001518,49798277,2393391,107,0
21:08:31:627,120000787,49777770,2406823,117,0
21:08:31:827,120001272,49826394,2390908,116,0
21:08:32:027,120000636,49643589,2407961,106,0
21:08:32:227,120001034,49902077,2384567,107,0
21:08:32:427,120001386,49586111,2407989,118,0
21:08:32:627,120000473,49822306,2389537,123,0
21:08:32:827,120001244,49599360,2388902,114,0
21:08:33:027,120000732,49735304,2409198,124,0
21:08:33:227,120000868,49786786,2382187,119,0
21:08:33:427,120001492,49577431,2405477,116,0
21:08:33:627,120000721,49760232,2390683,120,0
21:08:33:827,120001113,49711481,2391787,108,0
21:08:34:027,120000623,49656287,2405258,112,0
21:08:34:227,120001224,49888781,2386747,107,0
21:08:34:427,120000971,49579023,2406744,107,0
21:08:34:627,120000694,49671320,2386373,118,0
21:08:34:827,120001196,49910348,2410274,108,0
21:08:35:027,120000818,49833068,2392441,113,0
21:08:35:227,120001003,49696594,2398148,112,0
21:08:35:427,120000741,49646691,2399033,119,0
21:08:35:627,120001187,49853712,2388247,111,0
21:08:35:827,120000528,49681920,2412351,125,0
21:08:36:027,120001252,49965214,2391478,112,0
21:08:36:227,120001114,49528349,2401583,120,0
21:08:36:427,120000640,49944645,2390096,112,0
21:08:36:627,120001328,49584652,2399209,110,0
21:08:36:827,120000715,49803596,2397847,111,0
21:08:37:027,120001436,49664641,2384639,107,0
21:08:37:227,120000599,49678741,2411632,118,0
21:08:37:427,120000614,49824493,2382397,106,0
21:08:37:627,120001103,49562285,2397423,118,0
21:08:37:827,120000813,49943570,2401228,105,0
21:08:38:027,120001510,49668901,2397730,108,0
21:08:38:227,120000758,49665962,2398790,112,0
21:08:38:427,120001623,49867651,2392113,119,0
21:08:38:627,120000484,49640597,2407558,109,0
21:08:38:827,120000954,49962147,2391080,109,0
21:08:39:027,120001206,49567888,2405654,109,0
21:08:39:227,120000925,49909794,2386692,111,0
21:08:39:427,120001367,49598549,2400543,108,0
21:08:39:627,120000588,49636926,2394412,118,0
21:08:39:827,120000967,49909444,2397017,106,0
21:08:40:027,120001073,49511233,2398910,112,0
21:08:40:227,120001245,50078767,2397775,111,0
21:08:40:427,120000609,49631980,2406013,106,0
21:08:41:027,120000456,265134040,403,167,0
21:08:41:027,120000456,265134040,403,167,0
21:08:41:227,120000858,107986935,1737051,136,0
21:08:41:427,120001293,49787646,2404297,120,0
21:08:41:627,120000745,49802426,2396679,113,0
21:08:41:827,120000996,49772245,2397690,113,0
21:08:42:027,120000884,49763290,2400616,115,0
21:08:42:227,120001181,49781134,2390163,114,0
21:08:42:427,120001165,49515661,2399625,114,0
21:08:42:627,120000615,49970106,2390803,110,0
21:08:42:827,120000991,49552070,2398598,115,0
21:08:43:027,120000723,49598260,2396183,109,0
21:08:43:227,120000974,49848892,2384907,107,0
21:08:43:427,120001183,49615741,2410963,103,0
21:08:43:627,120000509,49728138,2383851,109,0
21:08:43:827,120000972,49782214,2405093,118,0
21:08:44:027,120000665,49625337,2393302,113,0
21:08:44:227,120001150,49861865,2392105,113,0
21:08:44:427,120000587,49701052,2408827,112,0
21:08:44:627,120000650,49785572,2381547,114,0
21:08:44:827,120001538,49564799,2400261,118,0
21:08:45:027,120000727,49648555,2394635,106,0
21:08:45:227,120001222,49862400,2393832,118,0
21:08:45:427,120000468,49595515,2405856,110,0
21:08:45:627,120001644,49956595,2386972,107,0
21:08:45:827,120001558,49597651,2408363,118,0
21:08:46:027,120000608,49588478,2383336,116,0
21:08:46:227,120001008,49798624,2391010,104,0
21:08:46:427,120000490,49623707,2407055,118,0
21:08:46:627,120000957,49918272,2384015,110,0
21:08:46:827,120001034,49596074,2408393,104,0
21:08:47:027,120000593,49868909,2389278,109,0
21:08:47:227,120001413,49642667,2398021,108,0
21:08:47:427,120000774,49669063,2398104,110,0
21:08:47:627,120001668,49872776,2394224,110,0
21:08:47:827,120001068,49535407,2401316,115,0
21:08:48:027,120000815,49846315,2384784,113,0
21:08:48:227,120001149,49674556,2404142,105,0
21:08:48:427,120000667,49613608,2392059,122,0
21:08:48:627,120001306,49891014,2395278,118,0
21:08:48:827,120001274,49502098,2398009,126,0
21:08:49:027,120000480,49877697,2387385,104,0
21:08:49:227,120001448,49599218,2397104,107,0
21:08:49:427,120000826,49561869,2397921,111,0
21:08:49:627,120000908,49722907,2381254,118,0
21:08:49:827,120001097,49638750,2397570,111,0
21:08:50:027,120000524,49814355,2401697,108,0
21:08:50:227,120001729,49742597,2391838,116,0
21:08:50:427,120001393,49518764,2399937,112,0
21:08:50:627,120000765,49850317,2387891,111,0
21:08:50:827,120001112,49694188,2404780,114,0
21:08:51:027,120000578,49787740,2394891,122,0
21:08:51:227,120001275,49701980,2391292,116,0
21:08:51:427,120001528,49516388,2400006,104,0
21:08:51:627,120001180,50035900,2393125,117,0
21:08:51:827,120001102,49597084,2409155,112,0
21:08:52:027,120000695,49811742,2385125,109,0
21:08:52:227,120001237,49665297,2398206,110,0
21:08:52:427,120000613,49689082,2399245,112,0
21:08:52:627,120001217,49774464,2383885,114,0
21:08:52:827,120001098,49586196,2407481,112,0
21:08:53:027,120000703,49714145,2386632,112,0
21:08:53:227,120001301,49802816,2401524,115,0
21:08:53:427,120000905,49716655,2397372,110,0
21:08:53:627,120001266,49839334,2395916,114,0
21:08:53:827,120000842,49614829,2402320,109,0
21:08:54:027,120001183,49940321,2390355,115,0
21:08:54:227,120001351,49517117,2399569,115,0
21:08:54:427,120000682,49684170,2389246,107,0
21:08:54:627,120001235,49758453,2391448,113,0
21:08:54:827,120001271,49554845,2403948,109,0
21:08:55:027,120000988,49909418,2385181,107,0
21:08:55:227,120000916,49625844,2406199,118,0
21:08:55:427,120000729,49754119,2392653,116,0
21:08:55:627,120001161,49762604,2397249,117,0
21:08:55:827,120000805,49678618,2401111,126,0
21:08:56:427,120000447,265134048,403,162,0
21:08:56:427,120000447,265134048,403,162,0
21:08:56:627,120000868,148548826,1290765,136,0
21:08:56:827,120001186,49818808,2393918,117,0
21:08:57:027,120001159,49509037,2398725,115,0
21:08:57:227,120000746,49882827,2388391,110,0
21:08:57:427,120001298,49662783,2404096,125,0
21:08:57:627,120000893,49547246,2391001,115,0
21:08:57:827,120001428,49959637,2396281,103,0
21:08:58:027,120000683,49768211,2405785,118,0
21:08:58:227,120001223,49751294,2383853,113,0
21:08:58:427,120001278,49549662,2402699,111,0
21:08:58:627,120000815,49657788,2390244,107,0
21:08:58:827,120001297,49789407,2390849,116,0
21:08:59:027,120001092,49584942,2406532,107,0
21:08:59:227,120000733,49851439,2382811,115,0
21:08:59:427,120001344,49670556,2407716,109,0
21:08:59:627,120000587,49702012,2389418,113,0
21:08:59:827,120001264,49749305,2391680,123,0
21:09:00:027,120000796,49641853,2406738,116,0
21:09:00:227,120001298,49995750,2395954,111,0
21:09:00:427,120000830,49787502,2406922,117,0
21:09:00:627,120001230,49844733,2394015,111,0
21:09:00:827,120000761,49692206,2405312,117,0
21:09:01:027,120001245,49889341,2390924,116,0
21:09:01:227,120001598,49546061,2402763,104,0
21:09:01:427,120000634,49921269,2387825,113,0
21:09:01:627,120001548,49629779,2405110,106,0
21:09:01:827,120000776,49638835,2392205,112,0
21:09:02:027,120001113,49759330,2383630,110,0
21:09:02:227,120001082,49566025,2405124,108,0
21:09:02:427,120000727,50006572,2392541,113,0
21:09:02:627,120001146,49581842,2404201,119,0
21:09:02:827,120000847,49701389,2392748,111,0
21:09:03:027,120001375,49802371,2394963,123,0
21:09:03:227,120000513,49657435,2404335,116,0
21:09:03:427,120001324,49876639,2387374,110,0
21:09:03:627,120001345,49542308,2402991,110,0
21:09:03:827,120000626,49606723,2387224,112,0
21:09:04:027,120001334,49773395,2385042,110,0
21:09:04:227,120001687,49481693,2394994,114,0
21:09:04:427,120000679,49811306,2396784,114,0
21:09:04:627,120001022,49685355,2390353,119,0
21:09:04:827,120000808,49589846,2406461,107,0
21:09:05:027,120001556,49967637,2386966,122,0
21:09:05:227,120001168,49504420,2397491,121,0
21:09:05:427,120000780,49624268,2393477,110,0
21:09:05:627,120001041,49766749,2381177,108,0
21:09:05:827,120001159,49591691,2407444,114,0
21:09:06:027,120000616,49735820,2389527,120,0
21:09:06:227,120001264,49768165,2398208,117,0
21:09:06:427,120000758,49718340,2401035,117,0
21:09:06:627,120001091,49817660,2390079,113,0
21:09:06:827,120001358,49502942,2397787,111,0
21:09:07:027,120000610,49861536,2391546,118,0
21:09:07:227,120001368,49721399,2405284,116,0
21:09:07:427,120000935,49720017,2393472,107,0
21:09:07:627,120001172,49800564,2395508,108,0
21:09:07:827,120000573,49585117,2402561,113,0
21:09:08:027,120000618,49886408,2383858,108,0
21:09:08:227,120001357,49562714,2403107,102,0
21:09:08:427,120000830,49729777,2393126,107,0
21:09:08:627,120001095,49811668,2398012,107,0
21:09:08:827,120000664,49744058,2401917,118,0
21:09:09:027,120001113,49778863,2387860,120,0
21:09:09:227,120001451,49529602,2400734,107,0
21:09:09:427,120000654,49830011,2390033,121,0
21:09:09:627,120001417,49669566,2396942,110,0
21:09:09:827,120000869,49729537,2401384,121,0
21:09:10:027,120001243,49868597,2397330,111,0
21:09:10:227,120000841,49591690,2401970,112,0
21:09:10:427,120001085,49875229,2382074,113,0
21:09:10:627,120001143,49618526,2408972,108,0
21:09:10:827,120000511,49881525,2390386,113,0
21:09:11:027,120001283,49630965,2398128,121,0
21:09:11:227,120000864,49680488,2399127,119,0
21:09:11:827,120000473,265141430,401,162,0
21:09:11:827,120000473,265141430,401,162,0
21:09:12:027,120001135,190283796,832768,146,0
21:09:12:227,120000584,49727946,2389406,112,0
21:09:12:427,120001243,49714947,2391271,116,0
21:09:12:627,120001014,49569136,2405004,111,0
21:09:12:827,120000801,49923501,2383584,107,0
21:09:13:027,120001413,49575654,2404327,107,0
21:09:13:227,120000773,49623627,2391278,109,0
21:09:13:427,120001290,49857858,2393782,111,0
21:09:13:627,120000807,49619243,2405448,107,0
21:09:13:827,120001310,49981672,2393049,118,0
21:09:14:027,120001069,49565595,2405410,107,0
21:09:14:227,120000751,49958877,2385830,115,0
21:09:14:427,120001004,49553723,2401531,109,0
21:09:14:627,120000635,49887868,2396275,118,0
21:09:14:827,120002316,49766160,2407733,115,0
21:09:15:027,120000729,49714802,2391344,104,0
21:09:15:227,120001046,49682076,2384060,119,0
21:09:15:427,120001150,49558589,2404895,120,0
21:09:15:627,120000475,49855683,2390193,105,0
21:09:15:827,120001165,49654757,2398323,126,0
21:09:16:027,120000805,49591640,2397850,127,0
21:09:16:227,120001077,49887597,2387280,107,0
21:09:16:427,120000947,49567249,2404721,109,0
21:09:16:627,120000792,49707757,2387043,104,0
21:09:16:827,120001048,49801164,2400187,114,0
21:09:17:027,120000708,49746604,2399353,109,0
21:09:17:227,120001096,49794443,2392776,106,0
21:09:17:627,120000591,49841164,2392374,111,0
21:09:17:827,120001386,49735613,2403387,118,0
21:09:18:027,120000514,49806201,2397085,118,0
21:09:18:227,120001277,49700974,2391280,111,0
21:09:18:427,120000450,49790419,2407576,121,0
21:09:18:627,120000480,49787979,2388399,114,0
21:09:18:827,120000506,49486424,2396163,109,0
21:09:19:027,120000954,49741410,2392227,118,0
21:09:19:227,120001395,49807923,2399193,118,0
21:09:19:427,120000712,49668990,2399330,123,0
21:09:19:627,120001415,49819877,2386297,113,0
21:09:19:827,120001215,49626557,2411686,108,0
21:09:20:027,120001342,49984303,2388456,115,0
21:09:20:227,120001843,49589783,2407629,112,0
21:09:20:427,120000866,49765555,2386846,104,0
21:09:20:627,120001402,49705589,2396530,112,0
21:09:20:827,120001919,49493494,2396628,108,0
21:09:21:027,120000999,49915242,2385370,119,0
21:09:21:227,120001120,49668278,2411046,112,0
21:09:21:427,120000979,49743618,2386581,112,0
21:09:21:627,120001361,49708869,2394568,118,0
21:09:21:827,120000839,49644314,2402446,117,0
21:09:22:027,120000996,49808911,2382139,116,0
21:09:22:227,120001277,49649219,2411600,120,0
21:09:22:427,120000856,49955553,2388884,116,0
21:09:22:627,120001613,49557162,2399497,118,0
21:09:22:827,120000971,49580558,2395496,109,0
21:09:23:027,120001305,49871749,2386768,110,0
21:09:23:227,120001350,49523372,2399632,114,0
21:09:23:427,120000733,49687773,2391431,118,0
21:09:23:627,120001110,49730426,2385468,114,0
21:09:23:827,120001185,49571646,2406055,120,0
21:09:24:027,120000659,49922614,2388390,118,0
21:09:24:227,120001061,49627898,2404263,113,0
21:09:24:427,120000694,49699100,2392686,114,0
21:09:24:627,120001397,49851964,2400069,108,0
21:09:24:827,120000648,49709486,2400671,114,0
21:09:25:027,120001267,49769787,2384820,104,0
21:09:25:227,120001223,49593007,2408345,108,0
21:09:25:427,120000745,49838699,2387320,111,0
21:09:25:627,120001159,49653948,2398825,111,0
21:09:25:827,120000470,49597877,2396866,114,0
21:09:26:027,120001517,49869777,2386471,112,0
21:09:26:228,120001694,49548959,2403482,110,0
21:09:26:428,120000750,49695194,2389863,114,0
21:09:26:628,120001354,49731157,2389801,115,0
21:09:26:828,120001248,49573178,2405337,112,0
21:09:27:228,120000506,257849163,90967,163,0
21:09:27:428,120001501,232157866,360538,150,0
21:09:27:628,120001401,49553146,2403086,111,0
21:09:27:828,120000920,49929471,2390287,114,0
21:09:28:028,120001276,49710713,2412120,107,0
21:09:28:228,120000791,49695842,2386088,113,0
21:09:28:428,120001405,49775635,2398036,107,0
21:09:28:628,120000639,49558182,2399588,130,0
21:09:28:828,120001212,49908777,2384257,115,0
21:09:29:028,120001666,49529097,2401003,104,0
21:09:29:228,120000868,49825134,2396243,107,0
21:09:29:428,120000928,49779185,2402783,120,0
21:09:29:628,120000922,49766889,2396969,118,0
21:09:29:828,120001224,49716729,2387919,112,0
21:09:30:028,120001243,49551612,2403617,110,0
21:09:30:228,120000841,49843288,2387351,114,0
21:09:30:428,120001505,49694125,2404219,113,0
21:09:30:628,120000510,49644799,2393197,107,0
21:09:30:828,120000993,49925898,2401798,111,0
21:09:31:028,120000594,49570237,2397956,111,0
21:09:31:228,120001427,49895795,2385476,110,0
21:09:31:428,120001306,49565971,2405631,114,0
21:09:31:628,120000863,49934592,2392298,112,0
21:09:31:828,120001054,49590208,2397816,118,0
21:09:32:028,120000764,49588444,2397746,122,0
21:09:32:228,120001378,49875621,2385744,120,0
21:09:32:428,120001222,49507541,2398627,111,0
21:09:32:628,120000861,49844338,2395642,115,0
21:09:32:828,120001308,49723988,2399046,111,0
21:09:33:028,120000632,49564716,2397655,109,0
21:09:33:228,120001270,49943272,2390263,117,0
21:09:33:428,120001108,49528337,2401397,109,0
21:09:33:628,120000666,49789460,2389638,120,0
21:09:33:828,120001598,49798693,2407413,106,0
21:09:34:028,120000899,49722507,2392305,113,0
21:09:34:228,120001256,49835165,2400714,109,0
21:09:34:428,120000795,49925050,2401473,117,0
21:09:34:628,120001166,49682887,2397582,107,0
21:09:34:828,120000927,49683058,2400394,117,0
21:09:35:028,120001024,49857038,2391272,116,0
21:09:35:228,120001329,49577327,2406678,117,0
21:09:35:428,120000491,49864641,2383489,107,0
21:09:35:628,120001109,49745422,2416082,111,0
21:09:35:828,120001316,49990891,2388303,110,0
21:09:36:028,120000889,49523221,2400239,105,0
21:09:36:228,120000904,49724642,2393951,115,0
21:09:36:428,120001113,49719639,2386601,106,0
21:09:36:628,120001188,49596965,2408736,108,0
21:09:36:828,120000667,49813613,2384091,116,0
21:09:37:028,120001279,49678806,2402128,114,0
21:09:37:228,120000815,49685334,2395423,111,0
21:09:37:428,120001148,49895225,2400321,119,0
21:09:37:628,120000799,49898262,2402507,117,0
21:09:37:828,120001023,49670246,2392350,110,0
21:09:38:028,120000793,49763058,2406433,110,0
21:09:38:228,120001345,49848344,2393614,113,0
21:09:38:428,120001283,49559984,2404615,105,0
21:09:38:628,120000879,49854980,2382395,108,0
21:09:38:828,120001139,49619890,2400348,123,0
21:09:39:028,120000871,49652838,2394499,111,0
21:09:39:228,120000989,49769078,2383097,115,0
21:09:39:428,120000910,49634164,2412918,116,0
21:09:39:628,120000853,49782486,2383619,112,0
21:09:39:828,120001254,49694355,2400547,111,0
21:09:40:028,120000730,49490140,2394367,118,0
21:09:40:228,120001041,49947353,2385348,122,0
21:09:40:428,120001382,49538213,2402112,120,0
21:09:40:628,120000648,49670857,2391447,107,0
21:09:40:828,120000997,49817723,2394147,113,0
21:09:41:028,120000775,49688097,2405263,113,0
21:09:41:228,120001198,49967925,2398158,117,0
21:09:41:428,120000701,49648691,2402222,115,0
21:09:41:628,120001257,49907172,2391116,116,0
21:09:41:828,120000548,49622424,2408573,109,0
21:09:42:028,120000858,49874555,2383335,113,0
21:09:42:228,120001240,49651970,2409760,106,0
21:09:42:828,120000447,265134573,403,170,0
21:09:42:828,120000447,265134573,403,170,0
21:09:43:028,120001126,58263882,2293600,136,0
21:09:43:228,120001157,49560803,2404516,114,0
21:09:43:428,120000821,49937028,2386694,115,0
21:09:43:628,120001453,49558193,2399796,115,0
21:09:43:828,120000543,49815129,2398278,118,0
21:09:44:028,120001394,49670309,2387606,108,0
21:09:44:228,120000883,49755146,2410629,107,0
21:09:44:428,120001540,49850341,2387903,111,0
21:09:44:628,120000732,49650572,2411233,110,0
21:09:44:828,120000828,49912761,2383764,119,0
21:09:45:028,120001015,49586552,2406451,109,0
21:09:45:228,120000577,49686211,2390185,111,0
21:09:45:428,120001059,49874973,2404889,113,0
21:09:45:628,120000636,49612404,2394827,109,0
21:09:45:828,120001507,49827629,2385481,120,0
21:09:46:028,120001374,49600871,2408948,110,0
21:09:46:228,120000874,49793267,2386330,105,0
21:09:46:428,120001059,49678067,2397809,115,0
21:09:46:628,120000983,49570427,2397769,115,0
21:09:46:828,120001231,49975301,2394613,116,0
21:09:47:028,120001131,49536406,2401465,105,0
21:09:47:228,120000664,49692035,2384193,121,0
21:09:47:428,120000983,49731566,2393326,108,0
21:09:47:628,120000590,49618911,2402594,106,0
21:09:47:828,120001076,49943281,2390802,109,0
21:09:48:028,120000823,49664589,2410076,116,0
21:09:48:228,120001143,49971644,2392150,113,0
21:09:48:428,120000470,49607587,2408318,112,0
21:09:48:628,120000896,49992135,2390517,109,0
21:09:48:828,120001181,49579316,2406801,111,0
21:09:49:028,120001224,50040492,2394027,117,0
21:09:49:228,120001246,49555621,2403835,105,0
21:09:49:428,120000809,49677016,2386346,111,0
21:09:49:628,120001140,49781933,2395601,117,0
21:09:49:828,120000633,49670662,2402906,107,0
21:09:50:028,120001210,49848796,2386720,107,0
21:09:50:228,120001090,49600349,2409057,107,0
21:09:50:428,120000589,49905128,2387158,121,0
21:09:50:628,120001140,49680336,2410079,110,0
21:09:50:828,120000472,49900994,2390679,113,0
21:09:51:028,120001212,49781533,2416013,110,0
21:09:51:228,120000460,49875802,2384029,120,0
21:09:51:428,120000898,49648183,2406062,109,0
21:09:51:628,120000948,49756602,2392751,112,0
21:09:51:828,120001387,49736725,2393237,113,0
21:09:52:028,120000620,49572467,2403567,109,0
21:09:52:228,120000775,49685586,2380163,115,0
21:09:52:428,120001285,49794778,2406444,104,0
21:09:52:628,120000602,49750201,2393990,132,0
21:09:52:828,120001001,49755750,2394307,112,0
21:09:53:028,120001117,49520710,2399952,107,0
21:09:53:228,120000800,49897602,2384897,114,0
21:09:53:428,120001394,49690299,2412477,123,0
21:09:53:628,120000746,49660752,2385530,106,0
21:09:53:828,120001615,49773861,2393596,114,0
21:09:54:028,120000864,49599982,2403649,112,0
21:09:54:228,120000772,49894365,2383177,111,0
21:09:54:428,120001324,49636177,2411937,110,0
21:09:54:628,120000746,49910439,2387877,116,0
21:09:54:828,120001323,49680002,2409850,114,0
21:09:55:028,120000920,50031373,2392869,107,0
21:09:55:228,120001139,49599730,2408949,118,0
21:09:55:428,120000728,49816582,2388768,117,0
21:09:55:628,120001217,49659584,2395776,118,0
21:09:55:828,120000731,49536504,2399509,121,0
21:09:56:028,120001342,50014373,2392864,115,0
21:09:56:228,120001385,49551893,2402982,104,0
21:09:56:428,120000922,49841735,2386418,114,0
21:09:56:628,120001087,49646331,2398766,111,0
21:09:56:828,120000770,49833256,2399362,118,0
21:09:57:028,120001151,49745305,2396326,109,0
21:09:57:228,120000758,49681923,2402521,112,0
21:09:57:428,120001252,49806186,2383505,109,0
21:09:57:628,120001507,49572976,2405863,111,0
21:09:58:228,120000454,265142155,401,152,0
21:09:58:228,120000454,265142155,401,152,0
21:09:58:428,120000788,98811360,1838808,137,0
21:09:58:628,120000638,49535798,2392694,110,0
21:09:58:828,120000682,49670795,2402998,113,0
21:09:59:028,120001130,49874036,2388761,115,0
21:09:59:228,120001036,49577480,2406431,113,0
21:09:59:428,120000871,49954050,2387264,113,0
21:09:59:628,120000919,49574455,2403188,108,0
21:09:59:828,120000922,49758401,2393835,112,0
21:10:00:028,120001136,49783908,2397074,110,0
21:10:00:228,120000796,49589236,2399506,106,0
21:10:00:428,120001483,49894378,2384368,111,0
21:10:00:628,120001522,49545021,2401908,107,0
21:10:00:828,120000756,49745595,2391192,105,0
21:10:01:028,120001440,49813894,2402174,113,0
21:10:01:228,120000903,49658518,2397549,109,0
21:10:01:428,120001121,49841867,2390388,127,0
21:10:01:628,120001409,49560507,2404694,112,0
21:10:01:828,120000609,49787111,2384262,124,0
21:10:02:028,120001046,49679742,2397647,108,0
21:10:02:228,120000673,49583681,2398244,103,0
21:10:02:428,120001563,49938261,2390565,109,0
21:10:02:628,120001139,49511908,2399117,115,0
21:10:02:828,120000684,49780028,2389830,114,0
21:10:03:028,120001532,49779973,2403454,115,0
21:10:03:228,120000842,49544093,2392773,116,0
21:10:03:428,120001187,49937924,2391185,112,0
21:10:03:628,120001490,49560812,2404548,113,0
21:10:03:828,120000511,49767482,2384074,111,0
21:10:04:028,120001086,49721072,2401327,104,0
21:10:04:228,120000892,49760003,2398314,106,0
21:10:04:428,120001307,49768813,2391546,113,0
21:10:04:628,120000606,49582761,2405074,112,0
21:10:04:828,120000721,49896129,2384010,108,0
21:10:05:028,120001235,49628893,2409130,116,0
21:10:05:228,120000799,49972995,2392203,113,0
21:10:05:428,120001126,49664352,2410756,114,0
21:10:05:628,120000804,49771174,2387907,114,0
21:10:05:828,120001861,49755473,2401679,108,0
21:10:06:028,120000838,49790500,2398476,112,0
21:10:06:228,120001112,49699915,2387196,107,0
21:10:06:428,120001223,49563847,2404911,108,0
21:10:06:628,120000742,49823789,2386092,112,0
21:10:06:828,120001101,49692844,2403462,108,0
21:10:07:028,120000757,49709020,2395152,117,0
21:10:07:228,120001766,49793422,2392455,121,0
21:10:07:428,120000700,49741234,2407838,108,0
21:10:07:628,120001135,49828906,2387117,120,0
21:10:07:828,120000943,49603872,2409601,105,0
21:10:08:028,120000669,49873403,2385174,109,0
21:10:08:228,120001388,49606293,2400143,119,0
21:10:08:428,120000643,49706831,2396482,112,0
21:10:08:628,120001111,49770505,2387179,117,0
21:10:08:828,120001212,49597316,2408674,115,0
21:10:09:028,120000899,49880858,2384861,117,0
21:10:09:228,120001067,49569669,2396529,108,0
21:10:09:428,120000722,49760627,2399973,113,0
21:10:09:628,120001531,49727221,2385592,122,0
21:10:09:828,120001067,49594069,2409188,101,0
21:10:10:028,120000665,49811443,2384858,114,0
21:10:10:228,120001497,49715879,2404833,109,0
21:10:10:428,120000722,49738217,2393593,115,0
21:10:10:628,120001057,49849598,2403543,120,0
21:10:10:828,120000815,49800474,2398569,113,0
21:10:11:028,120001576,49712990,2389719,109,0
21:10:11:228,120000581,49642965,2406841,115,0
21:10:11:428,120001151,49968608,2392179,107,0
21:10:11:628,120000783,49764642,2410272,113,0
21:10:11:828,120001233,49863244,2391946,106,0
21:10:12:028,120000662,49625106,2407199,122,0
21:10:12:228,120000614,49822731,2382292,118,0
21:10:12:428,120001032,49629719,2402551,113,0
21:10:12:628,120000985,49732833,2394691,121,0
21:10:12:828,120001076,49794286,2395959,123,0
21:10:13:028,120000849,49910182,2405944,125,0
21:10:13:628,120000440,265133686,403,166,0
21:10:13:628,120000440,265133686,403,166,0
21:10:13:828,120000661,140432363,1386978,129,0
21:10:14:028,120000665,49732710,2380973,114,0
21:10:14:228,120001232,49701974,2406514,111,0
21:10:14:428,120000634,49712041,2390030,117,0
21:10:14:628,120001503,49745612,2391989,113,0
21:10:14:828,120000941,49554116,2404021,107,0
21:10:15:028,120000597,49914876,2384346,102,0
21:10:15:228,120001292,49643302,2407707,117,0
21:10:15:428,120000466,49756244,2390133,105,0
21:10:15:628,120001207,49738367,2396339,110,0
21:10:15:828,120000872,49701383,2401795,111,0
21:10:16:028,120000935,49882992,2395253,121,0
21:10:16:228,120000469,49664104,2405149,119,0
21:10:16:428,120000609,49776481,2380779,108,0
21:10:16:628,120001006,49567824,2398604,110,0
21:10:16:828,120000646,49905743,2400001,108,0
21:10:17:028,120001227,49728479,2401938,120,0
21:10:17:228,120000471,49692393,2395796,109,0
21:10:17:428,120001217,49853880,2395760,116,0
21:10:17:628,120000469,49632804,2402271,105,0
21:10:17:828,120001155,49916723,2389201,105,0
21:10:18:028,120001167,49579255,2406267,117,0
21:10:18:228,120001147,50048520,2394651,113,0
21:10:18:428,120001223,49553398,2403629,110,0
21:10:18:628,120000515,49932491,2389551,108,0
21:10:18:828,120001498,49620951,2403474,111,0
21:10:19:028,120000491,49906377,2396588,111,0
21:10:19:228,120001118,49636942,2395487,111,0
21:10:19:428,120000790,49623642,2400065,115,0
21:10:19:628,120001400,49863765,2385769,118,0
21:10:19:828,120001287,49610816,2409750,109,0
21:10:20:028,120000704,49985344,2387942,109,0
21:10:20:228,120001163,49666389,2416401,110,0
21:10:20:428,120001062,49990801,2388505,111,0
21:10:20:628,120000642,49688948,2414539,113,0
21:10:20:828,120000467,49717286,2381507,113,0
21:10:21:028,120001006,49706528,2402441,111,0
21:10:21:228,120000475,49782953,2397121,114,0
21:10:21:428,120001481,49749798,2394089,126,0
21:10:21:628,120000675,49649537,2403645,125,0
21:10:21:828,120001019,49860244,2384240,117,0
21:10:22:028,120001341,49515290,2399411,109,0
21:10:22:228,120000617,49552407,2393250,118,0
21:10:22:428,120000754,49851142,2382822,118,0
21:10:22:628,120001102,49624096,2411200,120,0
21:10:22:828,120000626,49988784,2388509,114,0
21:10:23:028,120001272,49521281,2399501,113,0
21:10:23:228,120000477,49685748,2395738,121,0
21:10:23:428,120000456,49843664,2393692,112,0
21:10:23:628,120000930,49619220,2404734,113,0
21:10:23:828,120001480,49954072,2390895,110,0
21:10:24:028,120001092,49563928,2405075,111,0
21:10:24:228,120000753,49712876,2384592,110,0
21:10:24:428,120001181,49691207,2391586,124,0
21:10:24:628,120001416,49538019,2402344,104,0
21:10:24:828,120000947,49793001,2383836,115,0
21:10:25:028,120001372,49704126,2402349,119,0
21:10:25:228,120001061,49702874,2395337,114,0
21:10:25:428,120001552,49783525,2390369,112,0
21:10:25:628,120001444,49464269,2393287,103,0
21:10:25:828,120000971,49690002,2392210,104,0
21:10:26:028,120001200,49812813,2395332,103,0
21:10:26:228,120001367,49490198,2397024,118,0
21:10:26:428,120000967,50011782,2390445,123,0
21:10:26:628,120001207,49501097,2397937,114,0
21:10:26:828,120000787,49603420,2394672,107,0
21:10:27:028,120000701,49782912,2381890,116,0
21:10:27:228,120001246,49636977,2409366,115,0
21:10:27:428,120000954,49912035,2389999,112,0
21:10:27:628,120001284,49550238,2392279,121,0
21:10:27:828,120001087,49781402,2404533,113,0
21:10:28:028,120001330,49718630,2382708,109,0
21:10:28:228,120001286,49641292,2414230,104,0
21:10:28:428,120001502,49991890,2387820,114,0
21:10:29:028,120000465,265133617,403,152,0
21:10:29:028,120000465,265133617,403,152,0
21:10:29:228,120001284,182040666,916104,149,0
21:10:29:428,120000603,49549743,2400375,113,0
21:10:29:628,120001314,49960263,2388021,111,0
21:10:29:828,120000691,49660312,2412967,117,0
21:10:30:028,120000956,50014261,2393488,120,0
21:10:30:228,120001705,49538411,2402037,110,0
21:10:30:428,120001495,50056555,2395358,105,0
21:10:30:628,120001313,49553693,2403614,108,0
21:10:30:828,120000744,49711068,2386934,112,0
21:10:31:028,120000999,49755956,2396123,116,0
21:10:31:228,120000745,49657586,2402173,114,0
21:10:31:428,120000801,49803333,2382299,109,0
21:10:31:628,120001382,49626828,2409917,114,0
21:10:31:828,120000596,49843771,2388129,103,0
21:10:32:028,120000991,49625861,2395495,113,0
21:10:32:228,120000574,49630149,2400298,103,0
21:10:32:428,120001221,49845709,2383139,116,0
21:10:32:628,120001010,49546292,2403208,103,0
21:10:32:828,120000673,49573588,2390370,109,0
21:10:33:028,120001088,49876935,2390775,110,0
21:10:33:228,120001357,49531967,2401715,110,0
21:10:33:428,120000712,49883794,2389004,113,0
21:10:33:628,120001216,49665085,2403435,116,0
21:10:33:828,120000889,49689901,2393751,109,0
21:10:34:028,120001569,49743096,2386273,117,0
21:10:34:228,120000856,49545316,2402538,119,0
21:10:34:428,120000709,49774382,2389112,116,0
21:10:34:628,120001255,49724248,2396807,102,0
21:10:34:828,120000636,49718980,2401314,111,0
21:10:35:028,120001613,49782181,2386159,116,0
21:10:35:228,120001328,49539142,2402804,104,0
21:10:35:428,120000630,49862545,2391798,114,0
21:10:35:628,120001385,49698115,2401406,129,0
21:10:35:828,120000862,49766140,2396750,105,0
21:10:36:028,120001398,49754971,2392521,114,0
21:10:36:228,120000487,49692290,2406018,112,0
21:10:36:428,120001412,49876031,2388735,113,0
21:10:36:628,120002455,49593815,2409002,108,0
21:10:36:828,120000970,49874548,2384922,125,0
21:10:37:028,120001074,49585121,2396793,110,0
21:10:37:228,120000503,49645794,2398219,106,0
21:10:37:428,120001480,49826290,2385592,115,0
21:10:37:628,120001122,49570251,2405647,113,0
21:10:38:028,120001294,49654675,2407960,109,0
21:10:38:228,120000652,50006382,2392814,111,0
21:10:38:428,120001229,49551301,2399885,105,0
21:10:38:628,120000724,49720697,2396236,111,0
21:10:38:828,120001427,49754966,2388453,114,0
21:10:39:028,120001956,49569884,2405753,115,0
21:10:39:228,120000904,49866586,2386012,113,0
21:10:39:428,120000953,49603444,2398109,124,0
21:10:39:628,120001019,49705812,2398908,121,0
21:10:39:828,120001351,49789340,2386326,104,0
21:10:40:028,120000688,49681036,2411598,117,0
21:10:40:228,120000899,50034340,2399451,112,0
21:10:40:428,120000901,49635206,2401814,113,0
21:10:40:628,120001286,49934148,2392998,110,0
21:10:40:828,120001380,49579334,2406904,117,0
21:10:41:028,120000855,49891595,2383294,110,0
21:10:41:228,120001086,49674060,2410988,118,0
21:10:41:428,120000635,49876677,2389546,112,0
21:10:41:628,120001304,49595315,2395197,112,0
21:10:41:828,120000709,49611971,2400890,109,0
21:10:42:028,120001354,49911494,2388809,127,0
21:10:42:228,120001221,49604734,2409062,105,0
21:10:42:428,120001612,50014066,2391231,114,0
21:10:42:628,120001242,49603186,2409203,105,0
21:10:42:828,120001525,49986877,2387483,121,0
21:10:43:028,120001109,49557122,2404500,112,0
21:10:43:228,120000770,49755552,2390317,117,0
21:10:43:428,120001359,49699565,2391179,100,0
21:10:43:628,120001205,49550201,2403503,113,0
21:10:43:828,120000764,49910653,2385324,111,0
21:10:44:028,120001422,49662983,2410049,112,0
21:10:44:428,120000476,262378180,41590,164,0
21:10:44:628,120000790,223631244,451816,152,0
21:10:44:828,120001185,49699301,2401812,116,0
21:10:45:028,120000538,49608433,2394610,108,0
21:10:45:228,120001262,49906840,2393700,109,0
21:10:45:428,120001381,49545784,2403006,105,0
21:10:45:628,120000619,49875585,2384785,105,0
21:10:45:828,120001216,49710833,2412000,120,0
21:10:46:028,120000797,49801851,2387104,111,0
21:10:46:228,120001297,49659017,2395621,112,0
21:10:46:428,120000709,49653020,2401579,106,0
21:10:46:628,120001605,49968678,2398510,125,0
21:10:46:828,120000695,49738642,2402745,108,0
21:10:47:028,120001324,49914923,2401158,109,0
21:10:47:228,120000699,49729458,2400076,110,0
21:10:47:428,120001297,49864088,2396563,110,0
21:10:47:628,120000501,49817177,2403679,110,0
21:10:47:828,120001348,49806960,2396549,114,0
21:10:48:028,120000754,49635167,2401513,116,0
21:10:48:228,120001389,49887995,2387340,115,0
21:10:48:428,120001379,49606471,2410346,127,0
21:10:48:628,120001303,49993618,2388362,115,0
21:10:48:828,120001531,49552928,2403629,112,0
21:10:49:028,120000706,49863865,2392551,116,0
21:10:49:228,120001159,49717036,2404128,119,0
21:10:49:428,120000589,49775260,2395846,104,0
21:10:49:628,120001304,49745285,2393121,114,0
21:10:49:828,120000900,49679472,2404890,118,0
21:10:50:028,120000756,49776286,2381663,107,0
21:10:50:228,120000911,49639821,2409286,111,0
21:10:50:428,120000891,49778258,2389416,110,0
21:10:50:628,120001185,49693651,2394873,119,0
21:10:50:828,120000672,49653461,2401939,113,0
21:10:51:028,120001606,49934712,2394022,115,0
21:10:51:228,120001293,49532212,2401222,109,0
21:10:51:428,120000594,49815314,2385147,111,0
21:10:51:628,120001208,49643853,2396557,114,0
21:10:51:828,120000703,49727602,2401412,106,0
21:10:52:028,120001010,49754171,2383614,118,0
21:10:52:228,120001060,49535688,2401865,105,0
21:10:52:428,120000613,49805019,2392986,114,0
21:10:52:628,120001207,49756224,2400233,115,0
21:10:52:828,120000573,49676392,2396674,115,0
21:10:53:028,120001506,49832716,2390929,115,0
21:10:53:228,120001182,49583168,2407267,109,0
21:10:53:428,120000674,49949074,2384401,108,0
21:10:53:628,120001187,49636736,2412233,114,0
21:10:53:828,120000694,49765809,2385722,106,0
21:10:54:028,120001137,49719982,2399295,118,0
21:10:54:228,120000793,49630323,2397850,111,0
21:10:54:428,120001405,49832165,2385074,106,0
21:10:54:628,120001257,49530763,2401280,116,0
21:10:54:828,120000898,49775461,2392495,114,0
21:10:55:028,120001089,49787071,2400862,116,0
21:10:55:228,120000787,49609054,2396096,107,0
21:10:55:428,120001214,49906489,2391768,119,0
21:10:55:628,120000776,49735738,2409038,116,0
21:10:55:828,120001303,49872996,2390628,111,0
21:10:56:028,120001261,49595646,2408416,105,0
21:10:56:228,120000691,49859645,2383070,114,0
21:10:56:428,120001316,49667439,2407012,118,0
21:10:56:628,120000708,49740555,2391344,110,0
21:10:56:828,120001077,49803644,2401007,115,0
21:10:57:028,120000727,49665871,2398123,118,0
21:10:57:228,120000645,49761648,2381486,111,0
21:10:57:428,120001115,49558294,2403030,106,0
21:10:57:628,120000464,49744316,2393024,117,0
21:10:57:828,120001006,49872884,2407435,124,0
21:10:58:028,120000466,49825211,2394571,103,0
21:10:58:228,120001043,49715982,2396845,124,0
21:10:58:428,120000749,49711827,2402080,106,0
21:10:58:628,120001030,49825883,2389197,110,0
21:10:58:828,120001168,49526686,2400464,104,0
21:10:59:028,120000907,49682277,2387092,118,0
21:10:59:228,120001007,49837100,2401601,121,0
21:10:59:428,120000592,49550181,2396209,112,0
21:10:59:828,120000509,222404751,486064,152,0
21:11:00:028,120000612,265014234,948,167,0
21:11:00:228,120001587,49976494,2390553,111,0
21:11:00:428,120000501,49619993,2410320,113,0
21:11:00:628,120001125,49994156,2390164,115,0
21:11:00:828,120000757,49847315,2414605,108,0
21:11:01:028,120001096,49904156,2400456,132,0
21:11:01:228,120000548,49595980,2398543,118,0
21:11:01:428,120001122,49902744,2389078,109,0
21:11:01:628,120001146,49610780,2410544,106,0
21:11:01:828,120000531,49919075,2384270,110,0
21:11:02:028,120000983,49645563,2409893,112,0
21:11:02:228,120000556,49798838,2388588,115,0
21:11:02:428,120000890,49717204,2400379,121,0
21:11:02:628,120000598,49641382,2397347,110,0
21:11:02:829,120001524,49876643,2391577,110,0
21:11:03:029,120001060,49526668,2400720,106,0
21:11:03:229,120000594,50000941,2391276,113,0
21:11:03:429,120001107,49574749,2404942,113,0
21:11:03:629,120000489,49875908,2394006,113,0
21:11:03:829,120001481,49676589,2399321,105,0
21:11:04:029,120000480,49656809,2397495,114,0
21:11:04:229,120001089,49816261,2386345,110,0
21:11:04:429,120000823,49576696,2406915,112,0
21:11:04:629,120000790,49951153,2389433,112,0
21:11:04:829,120001840,49626941,2406937,107,0
21:11:05:029,120000690,49751763,2391301,115,0
21:11:05:229,120001231,49770042,2399259,118,0
21:11:05:429,120000879,49608072,2399001,105,0
21:11:05:629,120001318,49912117,2390037,115,0
21:11:05:829,120001650,49548185,2403045,107,0
21:11:06:029,120000847,49811980,2387514,123,0
21:11:06:229,120001113,49724585,2403168,107,0
21:11:06:429,120000680,49632932,2394132,110,0
21:11:06:629,120001033,49934505,2400085,116,0
21:11:06:829,120000917,49703089,2400227,107,0
21:11:07:029,120001233,49866047,2393325,111,0
21:11:07:229,120001387,49554755,2403635,108,0
21:11:07:429,120000841,49877548,2383703,115,0
21:11:07:629,120001392,49551046,2395736,114,0
21:11:07:829,120000605,49884644,2403375,109,0
21:11:08:029,120001174,49694918,2393208,108,0
21:11:08:229,120001404,49515803,2399399,112,0
21:11:08:429,120000831,49953156,2386985,107,0
21:11:08:629,120001393,49617879,2407659,121,0
21:11:08:829,120000863,49769894,2390126,127,0
21:11:09:029,120001166,49685230,2391898,113,0
21:11:09:229,120000774,49716257,2405762,116,0
21:11:09:429,120001109,49820169,2384614,109,0
21:11:09:629,120001362,49608273,2410460,113,0
21:11:09:829,120000884,49710210,2384053,114,0
21:11:10:029,120001557,49684884,2391170,106,0
21:11:10:229,120001585,49519097,2399503,126,0
21:11:10:429,120000840,49702287,2385021,112,0
21:11:10:629,120001063,49759022,2397406,113,0
21:11:10:829,120000678,49806194,2402347,109,0
21:11:11:029,120001550,49753573,2391419,115,0
21:11:11:229,120001128,49525690,2401081,110,0
21:11:11:429,120000678,49859669,2388062,124,0
21:11:11:629,120001665,49608581,2396280,113,0
21:11:11:829,120000753,49765786,2401140,108,0
21:11:12:029,120001655,49797995,2392383,112,0
21:11:12:229,120000742,49600007,2405379,110,0
21:11:12:429,120000739,49825395,2382762,107,0
21:11:12:629,120001353,49663958,2407039,110,0
21:11:12:829,120000695,49846509,2392528,113,0
21:11:13:029,120001322,49686892,2398728,116,0
21:11:13:229,120000854,49644618,2399148,121,0
21:11:13:429,120001145,49887134,2391441,116,0
21:11:13:629,120001415,49568957,2405585,118,0
21:11:13:829,120000780,49825884,2383469,118,0
21:11:14:029,120001136,49658389,2401538,109,0
21:11:14:229,120000790,49723729,2396170,106,0
21:11:14:429,120001145,49767446,2389915,112,0
21:11:14:629,120001370,49551749,2404082,114,0
21:11:14:829,120001170,49695116,2384452,109,0
21:11:15:429,120000450,265141307,401,149,0
21:11:15:429,120000450,265141307,401,149,0
21:11:15:629,120000848,91336453,1934632,124,0
21:11:15:829,120001337,49801591,2397844,127,0
21:11:16:029,120000656,49578386,2399539,105,0
21:11:16:229,120001322,49989301,2395190,113,0
21:11:16:429,120001450,49524074,2399975,119,0
21:11:16:629,120000811,49747143,2385975,117,0
21:11:16:829,120001767,49678803,2393287,105,0
21:11:17:029,120001221,49533585,2401297,115,0
21:11:17:229,120000817,49910584,2383906,134,0
21:11:17:429,120001252,49658698,2410301,121,0
21:11:17:629,120000971,49593928,2385814,116,0
21:11:17:829,120001460,49762736,2385126,113,0
21:11:18:029,120000890,49739522,2414203,112,0
21:11:18:229,120001280,49916070,2390460,117,0
21:11:18:429,120001450,49527638,2400653,110,0
21:11:18:629,120000596,49806660,2389218,110,0
21:11:18:829,120001009,49721773,2400459,108,0
21:11:19:029,120000597,49758394,2397361,127,0
21:11:19:229,120001361,49772908,2392341,118,0
21:11:19:429,120000901,49704563,2406385,111,0
21:11:19:629,120001227,49883428,2389731,114,0
21:11:19:829,120000811,49697963,2410511,112,0
21:11:20:029,120001035,49995065,2398234,111,0
21:11:20:229,120001024,49505538,2398260,111,0
21:11:20:429,120000693,49729855,2383128,108,0
21:11:20:629,120001424,49715441,2397261,110,0
21:11:20:829,120000783,49651963,2399616,110,0
21:11:21:029,120001001,49806619,2381693,113,0
21:11:21:229,120001121,49643306,2413390,113,0
21:11:21:429,120000503,49862231,2385559,108,0
21:11:21:629,120001593,49566444,2393821,116,0
21:11:21:829,120001046,49508270,2398165,110,0
21:11:22:029,120000640,49847730,2384681,121,0
21:11:22:229,120001302,49679394,2405243,107,0
21:11:22:429,120000762,49754527,2392613,106,0
21:11:22:629,120001407,49804259,2400526,125,0
21:11:22:829,120000534,49914419,2401134,110,0
21:11:23:029,120001166,49763887,2405372,118,0
21:11:23:229,120000708,49836505,2395062,113,0
21:11:23:429,120001473,49720926,2398689,117,0
21:11:23:629,120000696,49678835,2399313,118,0
21:11:23:829,120000964,49777819,2382267,109,0
21:11:24:029,120001435,49578389,2406974,125,0
21:11:24:229,120000764,49914002,2391917,114,0
21:11:24:429,120001266,49673046,2405289,123,0
21:11:24:629,120000682,49748986,2393761,114,0
21:11:24:829,120001247,49777067,2396069,112,0
21:11:25:029,120000748,49762809,2403994,106,0
21:11:25:229,120001591,49796239,2390963,111,0
21:11:25:429,120000828,49640332,2407910,118,0
21:11:25:629,120001215,49914431,2384206,110,0
21:11:25:829,120001133,49525613,2400835,116,0
21:11:26:029,120000943,49752866,2394317,113,0
21:11:26:229,120001556,49797091,2398501,113,0
21:11:26:429,120000654,49776346,2401832,111,0
21:11:26:629,120001089,49730971,2385386,108,0
21:11:26:829,120001449,49552784,2404158,115,0
21:11:27:029,120000695,49787375,2388420,110,0
21:11:27:229,120001403,49759475,2403511,113,0
21:11:27:429,120000714,49814384,2397221,114,0
21:11:27:629,120001118,49801673,2402854,113,0
21:11:27:829,120000903,49966680,2399329,116,0
21:11:28:029,120001205,49710130,2407549,117,0
21:11:28:229,120000660,49774140,2392157,117,0
21:11:28:429,120001169,49781150,2400725,108,0
21:11:28:629,120000665,49867308,2399978,109,0
21:11:28:829,120001669,49623843,2385652,110,0
21:11:29:029,120001442,49512518,2399273,120,0
21:11:29:229,120000651,49746785,2391456,110,0
21:11:29:429,120001276,49810149,2402728,117,0
21:11:29:629,120000742,49768232,2397986,112,0
21:11:29:829,120001200,49811081,2398462,113,0
21:11:30:029,120000510,49553450,2399468,106,0
21:11:30:229,120000526,49907064,2383455,115,0
21:11:30:829,120000446,265134036,403,164,0
21:11:30:829,120000446,265134036,403,164,0
21:11:31:029,120000755,131757194,1486925,131,0
21:11:31:229,120001059,49875238,2389710,122,0
21:11:31:429,120001169,49593358,2408334,117,0
21:11:31:629,120001518,50035693,2393418,115,0
21:11:31:829,120001507,49589279,2407993,114,0
21:11:32:029,120000898,49919307,2385252,108,0
21:11:32:229,120001200,49586577,2403341,107,0
21:11:32:429,120000796,49719031,2393503,111,0
21:11:32:629,120001141,49762566,2391282,106,0
21:11:32:829,120000965,49568426,2405676,109,0
21:11:33:029,120000864,49810206,2381757,106,0
21:11:33:229,120001097,49682820,2403829,128,0
21:11:33:429,120000961,49684820,2393800,106,0
21:11:33:629,120001198,49737589,2384842,111,0
21:11:33:829,120001071,49606111,2409271,110,0
21:11:34:029,120000661,49908905,2386166,118,0
21:11:34:229,120001389,49640170,2406325,109,0
21:11:34:429,120000717,49694870,2390541,112,0
21:11:34:629,120001178,49833165,2399658,116,0
21:11:34:829,120000529,49599579,2399025,108,0
21:11:35:029,120001040,49941238,2392384,116,0
21:11:35:229,120001150,49481695,2395715,114,0
21:11:35:429,120000514,49830036,2392475,112,0
21:11:35:629,120001310,49724099,2400759,116,0
21:11:35:829,120000520,49704341,2397769,114,0
21:11:36:029,120001244,49887603,2399980,117,0
21:11:36:229,120000808,49718154,2400945,118,0
21:11:36:429,120001283,49764350,2383803,110,0
21:11:36:629,120001508,49570363,2405407,104,0
21:11:36:829,120000797,49682101,2388062,105,0
21:11:37:029,120001036,49774654,2394227,110,0
21:11:37:229,120000696,49740118,2405576,110,0
21:11:37:429,120001115,49805170,2386679,122,0
21:11:37:629,120001107,49547510,2403327,117,0
21:11:37:829,120000501,49734844,2388950,113,0
21:11:38:029,120001322,49708386,2391485,111,0
21:11:38:229,120000756,49623295,2405415,117,0
21:11:38:429,120001353,50019564,2398100,114,0
21:11:38:629,120000483,49553738,2402694,103,0
21:11:38:829,120000487,49922325,2383600,110,0
21:11:39:029,120001282,49644822,2412365,120,0
21:11:39:229,120000648,49817378,2386572,108,0
21:11:39:429,120001024,49694952,2401945,112,0
21:11:39:629,120001005,49653048,2395085,111,0
21:11:39:829,120001340,49800375,2386634,117,0
21:11:40:029,120001355,49539419,2402032,117,0
21:11:40:229,120000653,49750028,2390556,109,0
21:11:40:429,120001554,49694692,2390391,112,0
21:11:40:629,120001283,49575849,2405851,116,0
21:11:40:829,120000805,49746591,2381439,109,0
21:11:41:029,120001029,49756885,2406509,126,0
21:11:41:229,120000709,49793666,2393165,118,0
21:11:41:429,120001466,49695245,2391903,112,0
21:11:41:629,120001090,49588594,2403346,102,0
21:11:41:829,120001024,49922132,2384320,117,0
21:11:42:029,120001807,49596522,2408436,117,0
21:11:42:229,120000955,49780592,2387836,111,0
21:11:42:429,120001124,49749848,2402110,112,0
21:11:42:629,120000721,49715002,2396856,109,0
21:11:42:829,120001262,49822027,2394180,113,0
21:11:43:029,120000966,49485740,2396403,115,0
21:11:43:229,120000624,49817796,2388559,110,0
21:11:43:429,120001348,49693814,2399376,112,0
21:11:43:629,120000805,49838952,2400133,122,0
21:11:43:829,120001041,49743837,2395886,113,0
21:11:44:029,120001230,49506902,2397953,112,0
21:11:44:229,120000726,49832467,2383671,112,0
21:11:44:429,120000969,49721164,2409360,117,0
21:11:44:629,120000907,49612970,2387802,107,0
21:11:44:829,120001193,49749940,2383734,112,0
21:11:45:029,120001293,49558400,2404711,118,0
21:11:45:229,120000846,49659848,2388333,116,0
21:11:45:429,120001442,49832284,2397291,114,0
21:11:45:629,120000967,49716595,2401967,123,0
21:11:46:229,120000473,265134183,403,162,0
21:11:46:229,120000473,265134183,403,162,0
21:11:46:429,120001231,173458134,1015709,141,0
21:11:46:629,120001509,49496629,2397377,125,0
21:11:46:829,120000710,49922114,2385115,107,0
21:11:47:029,120001436,49652121,2409470,117,0
21:11:47:229,120000879,49882936,2389552,111,0
21:11:47:429,120001319,49625262,2398130,104,0
21:11:47:629,120000707,49553434,2396715,112,0
21:11:47:829,120001002,49889668,2383829,116,0
21:11:48:029,120001146,49521655,2400383,111,0
21:11:48:229,120000980,49612618,2393927,108,0
21:11:48:429,120001210,49879397,2392215,120,0
21:11:48:629,120000959,49578674,2406542,110,0
21:11:48:829,120000623,49801311,2382293,109,0
21:11:49:029,120001822,49657581,2400277,115,0
21:11:49:229,120000774,49827458,2398012,111,0
21:11:49:429,120001544,49772197,2399785,112,0
21:11:49:629,120000749,49540998,2396796,114,0
21:11:49:829,120000887,49830113,2382501,107,0
21:11:50:029,120001357,49580421,2399398,103,0
21:11:50:229,120000590,49653955,2396012,114,0
21:11:50:429,120001292,49797877,2386024,114,0
21:11:50:629,120001096,49559957,2404349,104,0
21:11:50:829,120000713,49741619,2388625,114,0
21:11:51:029,120000886,49778695,2400306,106,0
21:11:51:229,120000895,49658817,2397814,104,0
21:11:51:429,120001634,49798179,2383513,112,0
21:11:51:629,120001455,49506187,2399196,105,0
21:11:51:829,120000720,49799216,2395925,114,0
21:11:52:029,120001142,49807375,2402395,112,0
21:11:52:229,120000761,49594263,2394925,106,0
21:11:52:429,120001359,49890381,2390053,123,0
21:11:52:629,120001124,49594787,2408617,107,0
21:11:52:829,120000732,49727879,2381731,127,0
21:11:53:029,120001126,49711301,2398279,113,0
21:11:53:229,120000769,49588346,2397931,108,0
21:11:53:429,120001321,49905876,2387397,118,0
21:11:53:629,120001054,49744059,2413040,108,0
21:11:53:829,120001387,49897401,2390055,115,0
21:11:54:029,120001150,49547393,2402224,110,0
21:11:54:229,120000642,49734330,2386546,109,0
21:11:54:429,120001181,49754733,2399088,108,0
21:11:54:629,120000629,49774197,2401157,111,0
21:11:54:829,120001250,49766195,2391250,108,0
21:11:55:029,120001098,49460579,2393378,114,0
21:11:55:229,120000682,49731876,2392285,113,0
21:11:55:429,120001272,49814985,2398987,113,0
21:11:55:629,120000640,49734678,2400311,118,0
21:11:55:829,120001154,49830734,2394369,109,0
21:11:56:029,120000737,49599082,2404709,116,0
21:11:56:229,120000836,49757445,2381256,118,0
21:11:56:429,120001139,49624311,2396543,115,0
21:11:56:629,120000704,49801753,2401170,112,0
21:11:56:829,120001302,49699397,2385328,115,0
21:11:57:029,120000779,49691891,2412298,117,0
21:11:57:229,120000965,49903997,2385159,113,0
21:11:57:429,120001200,49606039,2409360,110,0
21:11:57:629,120000917,49858986,2387103,110,0
21:11:57:829,120001149,49681640,2404471,105,0
21:11:58:229,120001326,49770227,2400873,114,0
21:11:58:429,120000754,49655488,2397261,111,0
21:11:58:629,120001517,49934357,2400180,126,0
21:11:58:829,120000556,49707302,2401256,114,0
21:11:59:029,120001317,49778494,2384282,113,0
21:11:59:229,120001162,49492945,2396328,112,0
21:11:59:429,120000808,49801340,2397394,106,0
21:11:59:629,120001059,49730610,2393894,106,0
21:11:59:829,120000736,49761197,2406817,108,0
21:12:00:029,120001364,49763877,2383929,109,0
21:12:00:229,120001500,49447799,2391909,112,0
21:12:00:429,120000718,49539568,2398341,120,0
21:12:00:629,120000855,49777581,2382010,111,0
21:12:00:829,120001102,49615134,2396606,109,0
21:12:01:029,120000896,49599242,2398256,110,0
21:12:01:229,120000992,49850077,2382251,112,0
21:12:01:629,120000463,265141847,402,159,0
21:12:01:829,120000792,215121800,550366,152,0
21:12:02:029,120001418,49706969,2399420,113,0
21:12:02:229,120000970,49688054,2398762,111,0
21:12:02:429,120001390,49858807,2393404,117,0
21:12:02:629,120000570,49589365,2405966,104,0
21:12:02:829,120001237,50004919,2392119,108,0
21:12:03:029,120001100,49480894,2394836,115,0
21:12:03:229,120000570,49626917,2390428,108,0
21:12:03:429,120001403,49833185,2391763,108,0
21:12:03:629,120000808,49702655,2407964,113,0
21:12:03:829,120001199,49846242,2384762,118,0
21:12:04:029,120000850,49688433,2415801,115,0
21:12:04:229,120000591,49892335,2383109,112,0
21:12:04:429,120001298,49637292,2410135,111,0
21:12:04:629,120000483,49905107,2389521,112,0
21:12:04:829,120001249,49634133,2402168,108,0
21:12:05:029,120000577,49816658,2396774,109,0
21:12:05:229,120001142,49757421,2399042,112,0
21:12:05:429,120000709,49726163,2400842,108,0
21:12:05:629,120001183,49848965,2395712,117,0
21:12:05:829,120000508,49594844,2403838,113,0
21:12:06:029,120000467,49826125,2382742,110,0
21:12:06:229,120001351,49641676,2405319,114,0
21:12:06:429,120000494,49853527,2392627,115,0
21:12:06:629,120000956,49757886,2405470,115,0
21:12:06:829,120000668,49681931,2392395,116,0
21:12:07:029,120001012,49886722,2402305,107,0
21:12:07:229,120000733,49631828,2397312,108,0
21:12:07:429,120001111,49875102,2390986,112,0
21:12:07:629,120000586,49680155,2409590,111,0
21:12:07:829,120000597,49821168,2382862,105,0
21:12:08:029,120001190,49613412,2406002,112,0
21:12:08:229,120000512,49848667,2393697,119,0
21:12:08:429,120001313,49742559,2404653,119,0
21:12:08:629,120000847,49903577,2396826,111,0
21:12:08:829,120001267,49643907,2395063,114,0
21:12:09:029,120000578,49564741,2399668,112,0
21:12:09:229,120000845,49790562,2382367,116,0
21:12:09:429,120001237,49636785,2402316,101,0
21:12:09:629,120000787,49736782,2395589,120,0
21:12:09:829,120001237,49856465,2402455,106,0
21:12:10:029,120000759,49789543,2399379,114,0
21:12:10:229,120001478,49714136,2387551,113,0
21:12:10:429,120001054,49533508,2401323,107,0
21:12:10:629,120001313,50037410,2393820,115,0
21:12:10:829,120001308,49539144,2402281,119,0
21:12:11:029,120000722,49704522,2392275,113,0
21:12:11:229,120001097,49760054,2390646,113,0
21:12:11:429,120001274,49568086,2405445,119,0
21:12:11:629,120000505,49904755,2383318,111,0
21:12:11:829,120000860,49562136,2398893,111,0
21:12:12:029,120000532,49662025,2396575,114,0
21:12:12:229,120001093,49883144,2395429,117,0
21:12:12:429,120000735,49652048,2403568,115,0
21:12:12:629,120001180,49876558,2385741,113,0
21:12:12:829,120001331,49558663,2404272,113,0
21:12:13:029,120000455,49708222,2388594,119,0
21:12:13:229,120001125,49680882,2385905,113,0
21:12:13:429,120000973,49599253,2409385,111,0
21:12:13:629,120001268,50000323,2388980,114,0
21:12:13:829,120001404,49569767,2404731,108,0
21:12:14:029,120000467,49844748,2390148,112,0
21:12:14:229,120000956,49714850,2403421,125,0
21:12:14:429,120000976,49559619,2392160,106,0
21:12:14:629,120001709,49886685,2389235,114,0
21:12:14:829,120000807,49554429,2404431,113,0
21:12:15:029,120000743,49731015,2387528,111,0
21:12:15:229,120001508,49698704,2391855,118,0
21:12:15:429,120000601,49736635,2405804,109,0
21:12:15:629,120001438,49953735,2401941,120,0
21:12:15:829,120000790,49830713,2401732,106,0
21:12:16:029,120001318,49747943,2394566,110,0
21:12:16:229,120000953,49733112,2404313,122,0
21:12:16:429,120001070,49867582,2393531,109,0
21:12:16:629,120000610,49811066,2408392,112,0
21:12:17:029,120000503,232263895,370099,165,0
21:12:17:229,120001113,256573648,95475,153,0
21:12:17:429,120000828,49897348,2386201,108,0
21:12:17:629,120001571,49612775,2401195,116,0
21:12:17:829,120000857,49863152,2398174,117,0
21:12:18:029,120001342,49591477,2383883,115,0
21:12:18:229,120001193,49516470,2399787,119,0
21:12:18:429,120000742,49912380,2394385,112,0
21:12:18:629,120001540,49621107,2396537,110,0
21:12:18:829,120000701,49758026,2400384,107,0
21:12:19:029,120001621,49763590,2388047,110,0
21:12:19:229,120001333,49565871,2405901,112,0
21:12:19:429,120000779,49742473,2384857,116,0
21:12:19:629,120001604,49758417,2402924,111,0
21:12:19:829,120000576,49896446,2399318,111,0
21:12:20:029,120001071,49643829,2393131,105,0
21:12:20:229,120001497,49531810,2401236,108,0
21:12:20:429,120000865,49846934,2383773,105,0
21:12:20:629,120001205,49608545,2397993,106,0
21:12:20:829,120000978,49706166,2398609,115,0
21:12:21:029,120001198,49824045,2392016,113,0
21:12:21:229,120000599,49637379,2406440,113,0
21:12:21:429,120000974,49779861,2382297,123,0
21:12:21:629,120001742,49592794,2396921,109,0
21:12:21:829,120000875,49705991,2399550,105,0
21:12:22:029,120001315,49890595,2398161,122,0
21:12:22:229,120000964,49760890,2403324,110,0
21:12:22:429,120001503,49826741,2394020,113,0
21:12:22:629,120000771,49614490,2404298,126,0
21:12:22:829,120001343,49913912,2385434,113,0
21:12:23:029,120001340,49532489,2401578,119,0
21:12:23:229,120000598,49875847,2394344,119,0
21:12:23:429,120001166,49723313,2403615,115,0
21:12:23:629,120000769,49592201,2392802,115,0
21:12:23:829,120001559,49825726,2384297,106,0
21:12:24:029,120001237,49551101,2403272,112,0
21:12:24:229,120000641,49678972,2390639,112,0
21:12:24:429,120001357,49791299,2393494,111,0
21:12:24:629,120001170,49540468,2402503,105,0
21:12:24:829,120000791,49941307,2385149,115,0
21:12:25:029,120001058,49520727,2397401,112,0
21:12:25:229,120000580,49707736,2398365,115,0
21:12:25:429,120001318,49853455,2395310,115,0
21:12:25:629,120001026,49518960,2400086,115,0
21:12:25:829,120000933,49840705,2384762,117,0
21:12:26:029,120001332,49768190,2414372,108,0
21:12:26:229,120001119,49697962,2383688,117,0
21:12:26:429,120001193,49799327,2401974,112,0
21:12:26:629,120000758,49600976,2396118,114,0
21:12:26:829,120000484,49796989,2381679,111,0
21:12:27:029,120001263,49624233,2409453,115,0
21:12:27:229,120000757,49972767,2390811,118,0
21:12:27:429,120001233,49526389,2396015,100,0
21:12:27:629,120000840,49696586,2400035,115,0
21:12:27:829,120001197,49895358,2397492,114,0
21:12:28:029,120000799,49709802,2402544,111,0
21:12:28:229,120001542,49868019,2391811,112,0
21:12:28:429,120001242,49541464,2402396,113,0
21:12:28:629,120000808,49808814,2384640,106,0
21:12:28:829,120001007,49675418,2400113,109,0
21:12:29:029,120000769,49663322,2396524,112,0
21:12:29:229,120001862,49807381,2387004,118,0
21:12:29:429,120001316,49574422,2406199,107,0
21:12:29:629,120000654,49835410,2387145,116,0
21:12:29:829,120001194,49730090,2406244,105,0
21:12:30:029,120000803,49710525,2391986,113,0
21:12:30:229,120001135,49808222,2397686,115,0
21:12:30:429,120000673,49683349,2401674,123,0
21:12:30:629,120000901,49796329,2382518,106,0
21:12:30:829,120001100,49524618,2400762,113,0
21:12:31:029,120000697,49644167,2393293,111,0
21:12:31:229,120001170,49834951,2391335,123,0
21:12:31:429,120000663,49634723,2407883,101,0
21:12:31:629,120001642,49935124,2387090,105,0
21:12:31:829,120001218,49578231,2406815,104,0
21:12:32:029,120000581,49829802,2388212,110,0
21:12:32:629,120000447,265134340,403,162,0
21:12:32:629,120000447,265134340,403,162,0
21:12:32:829,120001465,82792258,2026268,119,0
21:12:33:029,120000575,49732930,2383516,126,0
21:12:33:229,120001128,49753048,2401446,113,0
21:12:33:429,120000806,49795180,2398806,110,0
21:12:33:629,120001147,49755038,2394114,113,0
21:12:33:829,120000988,49745733,2405827,115,0
21:12:34:029,120001322,49855322,2392310,120,0
21:12:34:229,120000988,49563336,2405592,114,0
21:12:34:429,120000898,49932356,2384115,118,0
21:12:34:629,120001158,49648795,2410919,117,0
21:12:34:829,120000929,49848100,2387366,115,0
21:12:35:029,120001259,49642882,2398784,114,0
21:12:35:229,120000610,49613301,2397295,113,0
21:12:35:429,120001558,49884629,2389064,115,0
21:12:35:629,120001046,49500361,2397700,116,0
21:12:35:829,120000707,49796751,2392898,113,0
21:12:36:029,120001533,49707128,2394375,120,0
21:12:36:229,120001295,49511368,2399109,114,0
21:12:36:429,120000862,49932414,2385537,121,0
21:12:36:629,120001565,49573245,2402471,106,0
21:12:36:829,120000842,49840530,2395492,115,0
21:12:37:029,120001163,49786046,2404642,113,0
21:12:37:229,120000521,49920739,2397484,109,0
21:12:37:429,120001356,49657464,2398313,116,0
21:12:37:629,120000859,49873154,2400698,110,0
21:12:37:829,120001579,49735971,2398181,119,0
21:12:38:029,120000721,49707603,2399911,110,0
21:12:38:229,120001278,49906814,2399018,115,0
21:12:38:429,120000727,49548006,2399267,127,0
21:12:38:630,120000838,49827523,2382201,115,0
21:12:38:830,120001367,49606387,2401189,108,0
21:12:39:030,120000738,49774492,2396720,118,0
21:12:39:230,120001404,49775926,2395772,110,0
21:12:39:430,120000484,49830825,2404397,113,0
21:12:39:630,120001201,49800828,2397159,105,0
21:12:39:830,120000763,49830388,2405151,120,0
21:12:40:030,120001038,49738210,2390490,117,0
21:12:40:230,120001237,49525289,2400290,107,0
21:12:40:430,120000546,49933799,2388808,109,0
21:12:40:630,120000523,49740019,2417832,115,0
21:12:40:830,120001225,49991441,2388515,110,0
21:12:41:030,120000598,49701723,2413825,108,0
21:12:41:230,120000807,49886477,2383447,111,0
21:12:41:430,120001413,49623742,2411922,113,0
21:12:41:630,120000748,49848418,2387609,108,0
21:12:41:830,120001278,49708783,2405853,123,0
21:12:42:030,120000461,49744267,2392055,107,0
21:12:42:230,120001135,49751014,2394219,110,0
21:12:42:430,120000467,49763981,2404564,116,0
21:12:42:630,120001027,49874691,2397122,109,0
21:12:42:830,120000690,49632251,2402033,108,0
21:12:43:030,120000868,49793805,2381777,104,0
21:12:43:230,120001536,49605109,2403709,117,0
21:12:43:430,120000581,49651507,2392185,122,0
21:12:43:630,120001096,49768638,2385868,113,0
21:12:43:830,120001126,49557419,2403961,114,0
21:12:44:030,120000523,49832202,2389206,111,0
21:12:44:230,120001167,49757161,2407954,105,0
21:12:44:430,120000598,49815475,2393036,119,0
21:12:44:630,120001411,49715809,2397719,116,0
21:12:44:830,120000513,49731580,2401617,114,0
21:12:45:030,120001403,49802179,2390564,109,0
21:12:45:230,120001175,49563251,2405271,108,0
21:12:45:430,120000486,49730128,2383007,132,0
21:12:45:630,120001218,49742981,2400032,114,0
21:12:45:830,120000469,49851046,2400056,123,0
21:12:46:030,120000609,49791469,2402531,114,0
21:12:46:230,120000840,49548723,2394428,110,0
21:12:46:430,120000760,49875412,2384277,112,0
21:12:46:630,120001141,49546342,2403200,112,0
21:12:46:830,120000766,49787851,2393312,114,0
21:12:47:030,120001322,49599701,2381368,116,0
21:12:47:230,120001180,49558085,2403605,121,0
21:12:47:430,120000613,49738818,2390204,110,0
21:12:48:030,120000453,265141545,401,147,0
21:12:48:030,120000453,265141545,401,147,0
21:12:48:230,120000539,123373815,1574795,135,0
21:12:48:430,120000484,49775618,2390332,126,0
21:12:48:630,120001224,49714021,2395694,114,0
21:12:48:830,120000482,49652058,2402076,113,0
21:12:49:030,120001320,49926475,2394834,119,0
21:12:49:230,120000775,49589054,2404557,116,0
21:12:49:430,120001473,49994583,2390615,117,0
21:12:49:630,120000642,49561956,2404460,114,0
21:12:49:830,120000953,49969539,2388219,113,0
21:12:50:030,120001296,49531502,2399167,116,0
21:12:50:230,120000726,49538138,2394656,111,0
21:12:50:430,120001367,49953717,2390892,115,0
21:12:50:630,120001231,49495310,2397474,108,0
21:12:50:830,120000974,49664459,2390909,112,0
21:12:51:030,120001331,49779721,2390235,108,0
21:12:51:230,120000616,49870668,2411060,114,0
21:12:51:430,120001106,49751037,2389155,112,0
21:12:51:630,120001431,49563341,2405348,107,0
21:12:51:830,120000908,49934282,2385694,113,0
21:12:52:030,120001312,49658650,2410873,108,0
21:12:52:230,120000650,49735255,2386919,109,0
21:12:52:430,120001372,49625171,2384682,120,0
21:12:52:630,120001108,49621706,2411024,109,0
21:12:52:830,120001090,49745165,2381094,107,0
21:12:53:030,120001275,49725918,2403040,112,0
21:12:53:230,120000757,49773932,2396850,113,0
21:12:53:430,120001011,49755993,2393074,114,0
21:12:53:630,120001166,49556271,2402721,122,0
21:12:53:830,120000739,49773595,2381605,123,0
21:12:54:030,120001012,49620354,2394880,105,0
21:12:54:230,120000748,49547928,2400482,112,0
21:12:54:430,120000729,49883792,2383044,109,0
21:12:54:630,120000899,49609553,2405346,112,0
21:12:54:830,120000728,49546810,2388432,113,0
21:12:55:030,120001029,49933957,2396428,106,0
21:12:55:230,120001385,49521599,2400185,113,0
21:12:55:430,120000769,49835369,2385455,111,0
21:12:55:630,120001301,49622221,2396436,108,0
21:12:55:830,120000913,49607956,2398909,113,0
21:12:56:030,120001111,49844891,2382830,118,0
21:12:56:230,120001270,49656347,2415125,117,0
21:12:56:430,120000879,49916980,2383155,123,0
21:12:56:630,120001493,49593413,2404325,115,0
21:12:56:830,120000678,49684450,2393036,107,0
21:12:57:030,120001264,49785308,2391047,109,0
21:12:57:230,120000901,49663851,2407381,110,0
21:12:57:430,120000936,49830308,2382234,110,0
21:12:57:630,120001188,49574447,2402325,117,0
21:12:57:830,120000784,49756818,2394901,101,0
21:12:58:030,120001170,49747880,2392972,120,0
21:12:58:230,120001371,49525091,2400082,113,0
21:12:58:430,120000698,49699724,2383167,115,0
21:12:58:630,120001035,49831362,2406719,115,0
21:12:58:830,120000837,49820864,2394774,111,0
21:12:59:030,120001329,49696297,2394791,105,0
21:12:59:230,120000902,49654972,2402312,108,0
21:12:59:430,120001512,49866255,2386593,111,0
21:12:59:630,120001348,49414125,2387916,106,0
21:12:59:830,120000952,49720491,2403131,104,0
21:13:00:030,120001212,49803915,2386442,118,0
21:13:00:230,120001208,49524911,2400694,110,0
21:13:00:430,120000833,49738025,2390301,120,0
21:13:00:630,120001203,49727253,2392305,112,0
21:13:00:830,120001416,49482818,2395865,112,0
21:13:01:030,120000683,49725429,2388454,107,0
21:13:01:230,120000823,49609700,2380573,108,0
21:13:01:430,120001031,49586446,2407349,103,0
21:13:01:630,120001025,49882700,2390119,121,0
21:13:01:830,120001501,49620259,2396558,114,0
21:13:02:030,120000831,49514602,2398374,102,0
21:13:02:230,120001140,49955086,2385666,117,0
21:13:02:430,120001029,49535263,2401905,120,0
21:13:02:630,120000898,49679619,2391881,110,0
21:13:02:830,120001405,49890307,2403147,109,0
21:13:03:430,120000477,265134368,403,166,0
21:13:03:430,120000477,265134368,403,166,0
21:13:03:630,120001153,165217296,1105150,142,0
21:13:03:830,120001466,49573646,2406215,114,0
21:13:04:030,120000727,49920569,2386682,107,0
21:13:04:230,120001630,49542963,2396730,107,0
21:13:04:430,120000612,49741279,2399743,107,0
21:13:04:630,120001086,49743483,2384876,106,0
21:13:04:830,120001305,49510277,2398618,119,0
21:13:05:030,120000785,49844844,2394621,115,0
21:13:05:230,120001177,49699299,2397896,110,0
21:13:05:430,120000710,49639612,2399261,117,0
21:13:05:630,120000871,49777004,2381832,119,0
21:13:05:830,120001218,49532946,2398460,112,0
21:13:06:030,120000885,49919965,2400668,120,0
21:13:06:230,120001243,49726454,2402056,105,0
21:13:06:430,120000920,49758249,2396086,112,0
21:13:06:630,120001240,49818467,2399686,114,0
21:13:06:830,120000670,49631875,2399214,120,0
21:13:07:030,120001289,49870670,2387702,109,0
21:13:07:230,120001491,49496966,2397935,111,0
21:13:07:430,120000660,49690986,2392970,117,0
21:13:07:630,120001136,49810814,2393900,123,0
21:13:07:830,120001580,49512889,2399000,109,0
21:13:08:030,120001701,50010752,2390741,115,0
21:13:08:230,120001330,49529044,2400659,121,0
21:13:08:430,120000740,49805831,2394613,117,0
21:13:08:630,120001200,49756161,2399948,109,0
21:13:08:830,120000507,49638541,2398019,122,0
21:13:09:030,120001331,49854754,2387715,118,0
21:13:09:230,120001139,49557023,2404199,110,0
21:13:09:430,120000646,49996594,2390328,114,0
21:13:09:630,120000945,49561053,2403006,109,0
21:13:09:830,120000758,49540621,2390809,127,0
21:13:10:030,120001207,49909213,2390062,113,0
21:13:10:230,120001219,49568660,2404894,129,0
21:13:10:430,120000737,49794754,2384940,119,0
21:13:10:630,120001237,49642073,2394548,123,0
21:13:10:830,120000693,49578072,2400553,115,0
21:13:11:030,120001120,49909148,2384693,112,0
21:13:11:230,120001301,49570613,2406270,110,0
21:13:11:430,120001017,49697906,2389320,111,0
21:13:11:630,120001329,49780933,2395318,111,0
21:13:11:830,120000799,49541818,2401192,112,0
21:13:12:030,120000581,49901384,2383478,105,0
21:13:12:230,120000948,49592142,2404016,106,0
21:13:12:430,120000651,49663880,2392136,106,0
21:13:12:630,120001519,49885285,2400347,106,0
21:13:12:830,120000730,49684218,2399915,106,0
21:13:13:030,120001478,49851690,2391319,114,0
21:13:13:230,120001485,49547377,2402804,107,0
21:13:13:430,120000844,49921327,2386994,110,0
21:13:13:630,120000966,49662121,2408289,115,0
21:13:13:830,120000754,49718898,2388663,113,0
21:13:14:030,120001294,49749789,2394611,120,0
21:13:14:230,120000896,49615530,2402625,109,0
21:13:14:430,120001316,49898589,2385605,104,0
21:13:14:630,120001258,49622127,2412151,121,0
21:13:14:830,120000788,49873920,2385672,117,0
21:13:15:030,120001095,49657254,2405045,114,0
21:13:15:230,120000735,49768804,2392897,105,0
21:13:15:430,120001491,49702659,2390902,107,0
21:13:15:630,120000637,49604492,2406037,106,0
21:13:15:830,120000727,49896244,2383187,129,0
21:13:16:030,120001196,49626100,2409384,120,0
21:13:16:230,120000613,49895835,2389531,112,0
21:13:16:430,120001236,49620734,2398844,112,0
21:13:16:630,120000494,49738789,2398600,103,0
21:13:16:830,120001238,49754659,2387452,121,0
21:13:17:030,120001067,49568086,2405623,102,0
21:13:17:230,120000654,49850579,2386870,117,0
21:13:17:430,120001468,49670049,2402046,112,0
21:13:17:630,120000579,49742633,2395108,112,0
21:13:17:830,120001082,49737110,2389251,120,0
21:13:18:030,120001308,49564189,2405056,106,0
21:13:18:230,120000521,49793242,2384087,118,0
21:13:18:830,120000463,265141415,402,157,0
21:13:19:030,120000715,206507645,646556,151,0
21:13:19:230,120001024,49851691,2393207,116,0
21:13:19:430,120001528,49546232,2403436,116,0
21:13:19:630,120001570,49990855,2388425,109,0
21:13:19:830,120001248,49568894,2405460,109,0
21:13:20:030,120000639,49904852,2391986,117,0
21:13:20:230,120001053,49677815,2405258,111,0
21:13:20:430,120000591,49906771,2394938,107,0
21:13:20:630,120000887,49703328,2403739,113,0
21:13:20:830,120000742,49873698,2395933,120,0
21:13:21:030,120001012,49787852,2407997,110,0
21:13:21:230,120000735,49789755,2391895,112,0
21:13:21:430,120001308,49766774,2401650,109,0
21:13:21:630,120000537,49613236,2396722,118,0
21:13:21:830,120001010,49871061,2388922,105,0
21:13:22:030,120001071,49581046,2406131,108,0
21:13:22:230,120000467,49855626,2385276,117,0
21:13:22:430,120000883,49641847,2401240,107,0
21:13:22:630,120000728,49819473,2397592,113,0
21:13:22:830,120001339,49735263,2395284,117,0
21:13:23:030,120000512,49645420,2402035,118,0
21:13:23:230,120001407,49860842,2385762,107,0
21:13:23:430,120001094,49629834,2412356,113,0
21:13:23:630,120000916,49873686,2383688,118,0
21:13:23:830,120001309,49638795,2404146,110,0
21:13:24:030,120000817,49890069,2395359,120,0
21:13:24:230,120001338,49696402,2400879,113,0
21:13:24:430,120000499,49724717,2396947,107,0
21:13:24:630,120000518,49793033,2391734,111,0
21:13:24:830,120000690,49721513,2407256,110,0
21:13:25:030,120001572,49850987,2387456,112,0
21:13:25:230,120001089,49535616,2401968,114,0
21:13:25:430,120000815,49953762,2392423,102,0
21:13:25:630,120001993,49633005,2404066,118,0
21:13:25:830,120000592,49719515,2393483,114,0
21:13:26:030,120001760,49937589,2411103,123,0
21:13:26:230,120000813,49589714,2387554,115,0
21:13:26:430,120001263,49824217,2388880,112,0
21:13:26:630,120000507,49632617,2409491,120,0
21:13:26:830,120000827,49873136,2383100,106,0
21:13:27:030,120001224,49640649,2408650,112,0
21:13:27:230,120000936,49986657,2392802,116,0
21:13:27:430,120001150,49606754,2404963,119,0
21:13:27:630,120000704,49745501,2392109,111,0
21:13:27:830,120001332,49788767,2398673,119,0
21:13:28:030,120000831,49750361,2401600,114,0
21:13:28:230,120001139,49768413,2387684,113,0
21:13:28:430,120000899,49651426,2410515,118,0
21:13:28:630,120001397,49923281,2385400,123,0
21:13:28:830,120001164,49600457,2409013,113,0
21:13:29:030,120000863,49828146,2387889,118,0
21:13:29:230,120000965,49714118,2403713,110,0
21:13:29:430,120000811,49716370,2395000,118,0
21:13:29:630,120001221,49826182,2397102,112,0
21:13:29:830,120000907,49697443,2402428,114,0
21:13:30:030,120001317,49876653,2392808,113,0
21:13:30:230,120000946,49544695,2402274,100,0
21:13:30:430,120001528,50003257,2389179,105,0
21:13:30:630,120000792,49753235,2415664,119,0
21:13:30:830,120001468,49946205,2393448,120,0
21:13:31:030,120000742,49698420,2407834,113,0
21:13:31:230,120001216,49880211,2388350,110,0
21:13:31:430,120001351,49618277,2410775,110,0
21:13:31:630,120001091,49892307,2382738,105,0
21:13:31:830,120001385,49647501,2407676,108,0
21:13:32:030,120000642,49854758,2391868,107,0
21:13:32:230,120001149,49711257,2402691,112,0
21:13:32:430,120000941,49744660,2395854,116,0
21:13:32:630,120001067,49830931,2398975,123,0
21:13:32:830,120000750,49599637,2398663,109,0
21:13:33:030,120001347,49899101,2388561,113,0
21:13:33:230,120001564,49531643,2401264,114,0
21:13:33:430,120000706,49688598,2388924,106,0
21:13:33:630,120001356,49740687,2389044,111,0
21:13:33:830,120000709,49713744,2408677,113,0
21:13:34:230,120000508,240673123,282123,156,0
21:13:34:430,120001510,247991361,186973,156,0
21:13:34:630,120000803,49732754,2391247,133,0
21:13:34:830,120001214,49708233,2388746,108,0
21:13:35:030,120001135,49591482,2407370,117,0
21:13:35:230,120000959,49927919,2384086,116,0
21:13:35:430,120001326,49559499,2402352,117,0
21:13:35:630,120000686,49629661,2392650,118,0
21:13:35:830,120001395,49862662,2393302,113,0
21:13:36:030,120001366,49533947,2402085,118,0
21:13:36:230,120000605,49726002,2383922,107,0
21:13:36:430,120001521,49720925,2397347,110,0
21:13:36:630,120000927,49594692,2400247,113,0
21:13:36:830,120001249,49944188,2391463,117,0
21:13:37:030,120001245,49592566,2407702,111,0
21:13:37:230,120000753,49841615,2382869,107,0
21:13:37:430,120001205,49715083,2410069,112,0
21:13:37:630,120000595,49801768,2388634,112,0
21:13:37:830,120001310,49663789,2394584,112,0
21:13:38:030,120000615,49608103,2402202,121,0
21:13:38:230,120001343,49892498,2385266,115,0
21:13:38:430,120001264,49500242,2397254,114,0
21:13:38:630,120000512,49870828,2397985,111,0
21:13:38:830,120001064,49712334,2397960,112,0
21:13:39:030,120000863,49836475,2401912,110,0
21:13:39:230,120001182,49666413,2385267,114,0
21:13:39:430,120000632,49675277,2411380,115,0
21:13:39:630,120000987,49924652,2386961,125,0
21:13:39:830,120001614,49529150,2400955,113,0
21:13:40:030,120000781,49559585,2389357,112,0
21:13:40:230,120001759,49845328,2386908,116,0
21:13:40:430,120000782,49656327,2413731,108,0
21:13:40:630,120000761,49918511,2383064,108,0
21:13:40:830,120001666,49574944,2405151,113,0
21:13:41:030,120000634,49846888,2392755,109,0
21:13:41:230,120001172,49695387,2397754,111,0
21:13:41:430,120000805,49668418,2399004,109,0
21:13:41:630,120001060,49840654,2388607,113,0
21:13:41:830,120001217,49565935,2405006,121,0
21:13:42:030,120000778,49838177,2385759,120,0
21:13:42:230,120001599,49695418,2405149,116,0
21:13:42:430,120000746,49726071,2394129,119,0
21:13:42:630,120001252,49717452,2386800,111,0
21:13:42:830,120001247,49515524,2398075,114,0
21:13:43:030,120000463,49755139,2390938,117,0
21:13:43:230,120001239,49779061,2399840,111,0
21:13:43:430,120000875,49732170,2400062,112,0
21:13:43:630,120001249,49752638,2385768,111,0
21:13:43:830,120001218,49527906,2400673,110,0
21:13:44:030,120000849,49835045,2391862,109,0
21:13:44:230,120001196,49691156,2397489,119,0
21:13:44:430,120001100,49485997,2395970,105,0
21:13:44:630,120001100,49921279,2384732,121,0
21:13:44:830,120001117,49623820,2407071,126,0
21:13:45:030,120000651,49840354,2391117,116,0
21:13:45:230,120001051,49695734,2400162,118,0
21:13:45:430,120000718,49603057,2397060,112,0
21:13:45:630,120001247,49833885,2382643,107,0
21:13:45:830,120001364,49588471,2407456,105,0
21:13:46:030,120000865,49715464,2389158,114,0
21:13:46:230,120001218,49757741,2396342,115,0
21:13:46:430,120001165,49539218,2401447,128,0
21:13:46:630,120000869,49875789,2383107,114,0
21:13:46:830,120001310,49626021,2405240,108,0
21:13:47:030,120000793,49614026,2390986,107,0
21:13:47:230,120000996,49760989,2381799,124,0
21:13:47:430,120001284,49616648,2410414,108,0
21:13:47:630,120000775,49857423,2387501,107,0
21:13:47:830,120001215,49635312,2399387,108,0
21:13:48:030,120000793,49544279,2396344,113,0
21:13:48:230,120001087,49910712,2385056,104,0
21:13:48:430,120001292,49574422,2406116,107,0
21:13:48:630,120000513,49997249,2392185,117,0
21:13:48:830,120001787,49694694,2416343,112,0
21:13:49:030,120000774,49836872,2383385,108,0
21:13:49:230,120001174,49621204,2399096,113,0
21:13:49:830,120000450,265133845,403,160,0
21:13:49:830,120000450,265133845,403,160,0
21:13:50:030,120001094,74255473,2119299,120,0
21:13:50:230,120000838,49838168,2391234,114,0
21:13:50:430,120001220,49738989,2404843,112,0
21:13:50:630,120000607,49815595,2395297,113,0
21:13:50:830,120001173,49704286,2394363,108,0
21:13:51:030,120000603,49612625,2402829,112,0
21:13:51:230,120001007,49943231,2390035,107,0
21:13:51:430,120001449,49532426,2400943,105,0
21:13:51:630,120000854,49823915,2390104,114,0
21:13:51:830,120001538,49708449,2400754,110,0
21:13:52:030,120000932,49639226,2396368,110,0
21:13:52:230,120000964,49793205,2383331,116,0
21:13:52:430,120001142,49637217,2413176,119,0
21:13:52:630,120000636,49844895,2384202,109,0
21:13:52:830,120001216,49631581,2399270,124,0
21:13:53:030,120000704,49658771,2397130,119,0
21:13:53:230,120001048,49925478,2399576,110,0
21:13:53:430,120000898,49691434,2401534,114,0
21:13:53:630,120000995,49778290,2381662,105,0
21:13:53:830,120001189,49521608,2400394,105,0
21:13:54:030,120000515,49778758,2396039,116,0
21:13:54:230,120001090,49730892,2392454,120,0
21:13:54:430,120001003,49525471,2400528,113,0
21:13:54:630,120000622,49983194,2387896,111,0
21:13:54:830,120001562,49630197,2411996,117,0
21:13:55:030,120000469,49904133,2388030,116,0
21:13:55:230,120001169,49672108,2407932,119,0
21:13:55:430,120000741,49685459,2389765,113,0
21:13:55:630,120001195,49736945,2388513,114,0
21:13:55:830,120000720,49614288,2409124,120,0
21:13:56:030,120000502,49808662,2382309,104,0
21:13:56:230,120001116,49693342,2405608,120,0
21:13:56:430,120000520,49699937,2391143,106,0
21:13:56:630,120001328,49738359,2388650,116,0
21:13:56:830,120000466,49649061,2408932,115,0
21:13:57:030,120000622,49880205,2382141,119,0
21:13:57:230,120001111,49539149,2400491,108,0
21:13:57:430,120000524,49923216,2398491,112,0
21:13:57:630,120001376,49676837,2399565,118,0
21:13:57:830,120000641,49599578,2396507,109,0
21:13:58:030,120000496,49850541,2384847,105,0
21:13:58:230,120001309,49495950,2397573,115,0
21:13:58:430,120000842,49665906,2395023,118,0
21:13:58:630,120001483,49775430,2385200,107,0
21:13:58:830,120000958,49501437,2397767,109,0
21:13:59:030,120000792,49735211,2394055,122,0
21:13:59:230,120001220,49763678,2392087,116,0
21:13:59:430,120001175,49503411,2398882,109,0
21:13:59:630,120000746,49885861,2388784,116,0
21:13:59:830,120001468,49660757,2403541,116,0
21:14:00:030,120000727,49718579,2393813,106,0
21:14:00:230,120001426,49798980,2394680,114,0
21:14:00:430,120000719,49651339,2403692,119,0
21:14:00:630,120001340,49896125,2387617,118,0
21:14:00:830,120001301,49517038,2399624,105,0
21:14:01:030,120000623,49873058,2392851,116,0
21:14:01:230,120001823,49727245,2405372,103,0
21:14:01:430,120000867,49961818,2396263,106,0
21:14:01:630,120001314,49682891,2406997,117,0
21:14:01:830,120000842,49793981,2392335,113,0
21:14:02:030,120001290,49769937,2401985,115,0
21:14:02:230,120000833,49881600,2399598,113,0
21:14:02:430,120001410,49733283,2399982,117,0
21:14:02:630,120000751,49539560,2395663,112,0
21:14:02:830,120001633,49923376,2386580,107,0
21:14:03:030,120001124,49459501,2392805,109,0
21:14:03:230,120000931,49781658,2399145,113,0
21:14:03:430,120001681,49854600,2402516,111,0
21:14:03:630,120000639,49500031,2393975,118,0
21:14:03:830,120001439,49931450,2384975,122,0
21:14:04:030,120001098,49427855,2389630,107,0
21:14:04:230,120000623,49593702,2401437,110,0
21:14:04:430,120001373,49909016,2385595,104,0
21:14:04:630,120001071,49585879,2406857,116,0
21:14:05:230,120000454,265134195,403,167,0
21:14:05:230,120000454,265134195,403,167,0
21:14:05:430,120001246,115043896,1667848,136,0
21:14:05:630,120000598,49898135,2397069,117,0
21:14:05:830,120001028,49666684,2397504,120,0
21:14:06:030,120000845,49620234,2398625,106,0
21:14:06:230,120001192,49968677,2397575,117,0
21:14:06:430,120000832,49695524,2403611,108,0
21:14:06:630,120001338,49848098,2387259,117,0
21:14:06:830,120001178,49588560,2407430,106,0
21:14:07:030,120000650,49701579,2383126,116,0
21:14:07:230,120001700,49730406,2395691,119,0
21:14:07:430,120000893,49699178,2401985,110,0
21:14:07:630,120001036,49824629,2387131,118,0
21:14:07:830,120001313,49611606,2410458,112,0
21:14:08:030,120000652,49776442,2383066,117,0
21:14:08:230,120001049,49724685,2404353,111,0
21:14:08:430,120000792,49708907,2393836,109,0
21:14:08:630,120001024,49828506,2397636,112,0
21:14:08:830,120000534,49624063,2401084,117,0
21:14:09:030,120001208,49893534,2388418,107,0
21:14:09:230,120001467,49586381,2407404,117,0
21:14:09:430,120000570,49814299,2385661,112,0
21:14:09:630,120001089,49701318,2403145,118,0
21:14:09:830,120000860,49677980,2395305,111,0
21:14:10:030,120001122,49849164,2394723,120,0
21:14:10:230,120001477,49526405,2400571,111,0
21:14:10:430,120000823,49803427,2383792,114,0
21:14:10:630,120001507,49641861,2397096,109,0
21:14:10:830,120000873,49780986,2400733,112,0
21:14:11:030,120001261,49753572,2390020,121,0
21:14:11:230,120001297,49456369,2392970,118,0
21:14:11:430,120000610,49608876,2392267,108,0
21:14:11:630,120001572,49860730,2391783,112,0
21:14:11:830,120000979,49492558,2396733,124,0
21:14:12:030,120000980,49601186,2388734,105,0
21:14:12:230,120001374,49839178,2391241,117,0
21:14:12:430,120001209,49560679,2404766,112,0
21:14:12:630,120000994,49880884,2384897,114,0
21:14:12:830,120001177,49700926,2410892,113,0
21:14:13:030,120000731,49836138,2388629,111,0
21:14:13:230,120001607,49569333,2387007,117,0
21:14:13:430,120000862,49623260,2407793,116,0
21:14:13:630,120000526,49786580,2382243,120,0
21:14:13:830,120001360,49693893,2406270,114,0
21:14:14:030,120000625,49817354,2393231,126,0
21:14:14:230,120001065,49708501,2396837,104,0
21:14:14:430,120000789,49689553,2400957,109,0
21:14:14:630,120001241,49880071,2394153,117,0
21:14:14:830,120001467,49514471,2399005,121,0
21:14:15:030,120000718,49907696,2387941,110,0
21:14:15:230,120001220,49590063,2399077,113,0
21:14:15:430,120000826,49710523,2397529,108,0
21:14:15:631,120001480,49815971,2391992,112,0
21:14:15:831,120000974,49571866,2405628,114,0
21:14:16:031,120000855,49913681,2383096,116,0
21:14:16:231,120001077,49657372,2411265,119,0
21:14:16:431,120000602,49704428,2386040,107,0
21:14:16:631,120001067,49804563,2401911,110,0
21:14:16:831,120000992,49815985,2398273,116,0
21:14:17:031,120001685,49783445,2399275,111,0
21:14:17:231,120000686,49528938,2397220,111,0
21:14:17:431,120001311,49974217,2389722,118,0
21:14:17:631,120001422,49562425,2404667,118,0
21:14:17:831,120000581,49988307,2388946,112,0
21:14:18:031,120001376,49548910,2401674,120,0
21:14:18:231,120000625,49822447,2396320,120,0
21:14:18:431,120001616,49775768,2401934,115,0
21:14:18:631,120000749,49697618,2396385,106,0
21:14:18:831,120001247,49819633,2391586,109,0
21:14:19:031,120001181,49533713,2401516,105,0
21:14:19:231,120000630,49900138,2387239,114,0
21:14:19:431,120001212,49668577,2407540,116,0
21:14:19:631,120000506,49894706,2393195,114,0
21:14:19:831,120001189,49653507,2399176,109,0
21:14:20:031,120000680,49566405,2395483,116,0
21:14:20:631,120000460,265133957,403,160,0
21:14:20:631,120000460,265133957,403,160,0
21:14:20:831,120000943,156762200,1197049,147,0
21:14:21:031,120001091,49586624,2407535,115,0
21:14:21:231,120000679,49871765,2390594,118,0
21:14:21:431,120001167,49617797,2394597,107,0
21:14:21:631,120000710,49617699,2400695,108,0
21:14:21:831,120001064,49897516,2387527,109,0
21:14:22:031,120001310,49539261,2402319,116,0
21:14:22:231,120000889,49583834,2387426,114,0
21:14:22:431,120001636,49769509,2383221,113,0
21:14:22:631,120001134,49537414,2401105,110,0
21:14:22:831,120000911,49826010,2394404,111,0
21:14:23:031,120001370,49736340,2399328,109,0
21:14:23:231,120000627,49822592,2400204,113,0
21:14:23:431,120001254,49836274,2404831,119,0
21:14:23:631,120000626,49822897,2396364,111,0
21:14:23:831,120000976,49772260,2400971,117,0
21:14:24:031,120000763,49795293,2399121,116,0
21:14:24:231,120001156,49731525,2390832,124,0
21:14:24:431,120001202,49571798,2405339,110,0
21:14:24:631,120000641,49903589,2384072,115,0
21:14:24:831,120001028,49541909,2397140,122,0
21:14:25:031,120000782,49565997,2396947,100,0
21:14:25:231,120001229,49967625,2393485,118,0
21:14:25:431,120001190,49555844,2404015,109,0
21:14:25:631,120000894,49895363,2385467,108,0
21:14:25:831,120001631,49716710,2414317,115,0
21:14:26:031,120001335,50000138,2389280,116,0
21:14:26:231,120002101,49621013,2411793,109,0
21:14:26:431,120000674,49910658,2387003,108,0
21:14:26:631,120001086,49630202,2404982,109,0
21:14:26:831,120000653,49815098,2394067,120,0
21:14:27:031,120001295,49702414,2395008,108,0
21:14:27:231,120000863,49600343,2401764,110,0
21:14:27:431,120001154,49957279,2391903,118,0
21:14:27:631,120001121,49526443,2400151,117,0
21:14:27:831,120000532,49802013,2388823,111,0
21:14:28:031,120001187,49676596,2395781,109,0
21:14:28:231,120000733,49589981,2399851,112,0
21:14:28:431,120000919,49922486,2387538,110,0
21:14:28:631,120001098,49578310,2406770,118,0
21:14:28:831,120000500,49738752,2385289,123,0
21:14:29:031,120001479,49687448,2393582,112,0
21:14:29:231,120000588,49618584,2403296,126,0
21:14:29:431,120000739,49853003,2382606,103,0
21:14:29:631,120001138,49566502,2402436,114,0
21:14:29:831,120000722,49628679,2392959,114,0
21:14:30:031,120001129,49775145,2382812,110,0
21:14:30:231,120001514,49614263,2410982,109,0
21:14:30:431,120000673,49928261,2387323,118,0
21:14:30:631,120001220,49589676,2401634,106,0
21:14:30:831,120000529,49614135,2393585,115,0
21:14:31:031,120001445,49829172,2386529,117,0
21:14:31:231,120000816,49542796,2402937,116,0
21:14:31:431,120000599,49861834,2391376,111,0
21:14:31:631,120001207,49617797,2394322,111,0
21:14:31:831,120001085,49632010,2402649,117,0
21:14:32:031,120000877,49851862,2382824,103,0
21:14:32:231,120001344,49573061,2405898,118,0
21:14:32:431,120000604,49704266,2390587,113,0
21:14:32:631,120001242,49757381,2392600,107,0
21:14:32:831,120001326,49503559,2398533,117,0
21:14:33:031,120000832,49887915,2388353,109,0
21:14:33:231,120001152,49629222,2399472,107,0
21:14:33:431,120001040,49576631,2395677,111,0
21:14:33:631,120001243,49842341,2382431,117,0
21:14:33:831,120001081,49478057,2396061,111,0
21:14:34:031,120000782,49544314,2397553,110,0
21:14:34:231,120000931,49908317,2384396,110,0
21:14:34:431,120001116,49560301,2404438,120,0
21:14:34:631,120000876,49933739,2394421,122,0
21:14:34:831,120001112,49674349,2404698,119,0
21:14:35:031,120000773,49840087,2394409,111,0
21:14:35:231,120001282,49738175,2402006,114,0
21:14:35:431,120000912,49612107,2396499,107,0
21:14:36:031,120000467,265134231,403,161,0
21:14:36:031,120000467,265134231,403,161,0
21:14:36:231,120000664,198068032,743351,138,0
21:14:36:431,120000977,49819621,2381884,114,0
21:14:36:631,120001145,49631626,2404462,121,0
21:14:36:831,120000812,49724782,2393334,118,0
21:14:37:031,120001265,49753643,2391706,110,0
21:14:37:231,120002304,49548448,2403156,107,0
21:14:37:431,120000958,49902202,2386081,109,0
21:14:37:631,120001503,49607319,2402888,110,0
21:14:37:831,120000631,49642795,2392859,107,0
21:14:38:031,120000521,49711060,2381488,110,0
21:14:38:231,120000922,49514674,2395714,114,0
21:14:38:431,120000686,49629350,2398555,115,0
21:14:38:831,120000780,49546272,2401190,113,0
21:14:39:031,120001374,49961541,2386561,109,0
21:14:39:231,120001609,49540265,2402528,112,0
21:14:39:431,120000690,49744526,2391582,112,0
21:14:39:631,120001681,49720815,2391352,107,0
21:14:39:831,120001090,49577033,2404462,107,0
21:14:40:031,120000812,49918541,2383409,111,0
21:14:40:231,120001437,49595649,2405644,124,0
21:14:40:431,120000973,49986162,2394440,118,0
21:14:40:631,120000993,49588995,2400743,111,0
21:14:40:831,120000893,49689180,2395206,115,0
21:14:41:031,120001193,49900670,2401595,113,0
21:14:41:231,120000864,49906801,2401404,115,0
21:14:41:431,120001126,49745211,2402062,112,0
21:14:41:631,120000843,49638338,2395087,117,0
21:14:41:831,120001421,49845325,2389715,112,0
21:14:42:031,120001183,49485070,2395986,106,0
21:14:42:231,120000894,49920586,2394715,116,0
21:14:42:431,120001315,49682302,2403514,105,0
21:14:42:631,120000704,49650828,2393316,112,0
21:14:42:831,120001115,49868286,2395473,108,0
21:14:43:031,120000792,49649064,2403425,109,0
21:14:43:231,120001138,49865446,2384934,117,0
21:14:43:431,120001112,49596389,2408955,111,0
21:14:43:631,120000869,49873914,2388161,113,0
21:14:43:831,120000946,49649837,2400879,117,0
21:14:44:031,120000829,49606795,2394774,115,0
21:14:44:231,120001226,49913750,2394425,111,0
21:14:44:431,120000735,49625705,2405217,106,0
21:14:44:631,120001390,49922477,2387720,117,0
21:14:44:831,120001266,49560283,2403948,111,0
21:14:45:031,120001018,49977702,2391953,103,0
21:14:45:231,120001035,49614818,2405112,119,0
21:14:45:431,120000856,50038864,2396186,105,0
21:14:45:631,120001332,49484203,2393245,122,0
21:14:45:831,120000480,49587167,2399743,113,0
21:14:46:031,120001492,49929303,2388695,113,0
21:14:46:231,120001330,49587416,2407228,111,0
21:14:46:431,120001428,50019520,2391160,107,0
21:14:46:631,120001281,49518269,2400300,123,0
21:14:46:831,120000636,49829459,2393338,112,0
21:14:47:031,120001313,49704462,2397224,118,0
21:14:47:231,120000603,49788617,2402502,117,0
21:14:47:431,120001198,49889617,2405179,121,0
21:14:47:631,120000598,49783192,2396719,114,0
21:14:47:831,120001536,49742328,2391807,116,0
21:14:48:031,120000636,49715102,2406011,118,0
21:14:48:231,120000992,49864102,2389718,125,0
21:14:48:431,120001217,49408894,2386967,111,0
21:14:48:631,120000731,49790987,2400506,117,0
21:14:48:831,120001039,49760996,2392468,111,0
21:14:49:031,120001809,49530705,2401307,118,0
21:14:49:231,120000720,49752108,2385003,111,0
21:14:49:431,120001186,49726256,2399956,110,0
21:14:49:631,120000729,49868744,2400343,115,0
21:14:49:831,120001303,49678639,2391578,105,0
21:14:50:031,120000811,49665874,2405346,109,0
21:14:50:231,120001547,49913765,2390054,108,0
21:14:50:431,120001021,49533292,2401110,112,0
21:14:50:631,120000622,49928909,2390532,115,0
21:14:50:831,120001564,49676074,2408574,117,0
21:14:51:031,120000741,49795623,2390434,120,0
21:14:51:431,120000507,249826379,175531,164,0
21:14:51:631,120001231,239782397,274734,158,0
21:14:51:831,120000593,49669099,2399883,115,0
21:14:52:031,120001272,49863553,2390954,119,0
21:14:52:231,120001017,49604160,2407985,112,0
21:14:52:431,120000684,49913387,2383143,105,0
21:14:52:631,120001217,49640654,2411134,110,0
21:14:52:831,120000751,49823660,2387994,106,0
21:14:53:031,120001180,49689102,2399706,114,0
21:14:53:231,120000827,49840153,2400205,113,0
21:14:53:431,120001449,49750838,2397464,114,0
21:14:53:631,120000763,49631707,2399696,114,0
21:14:53:831,120001204,49847665,2384327,107,0
21:14:54:031,120001471,49585402,2407627,105,0
21:14:54:231,120000853,49945923,2390349,115,0
21:14:54:431,120001438,49614602,2403074,113,0
21:14:54:631,120000614,49814702,2394925,111,0
21:14:54:831,120001238,49791759,2403234,113,0
21:14:55:031,120000747,49767074,2396176,116,0
21:14:55:231,120001130,49728019,2389609,114,0
21:14:55:431,120001104,49507948,2398730,111,0
21:14:55:631,120000669,49653369,2387351,117,0
21:14:55:831,120001118,49832214,2398996,117,0
21:14:56:031,120000589,49686699,2400988,119,0
21:14:56:231,120001041,49875259,2392536,110,0
21:14:56:431,120001129,49541401,2402119,102,0
21:14:56:631,120000811,49851506,2385874,106,0
21:14:56:831,120001028,49621764,2398111,117,0
21:14:57:031,120000751,49778344,2399896,114,0
21:14:57:231,120001341,49819547,2398378,108,0
21:14:57:431,120000657,49844109,2402441,115,0
21:14:57:631,120001272,49698029,2388677,112,0
21:14:57:831,120001212,49461029,2393325,107,0
21:14:58:031,120000624,49548826,2391769,114,0
21:14:58:231,120000784,49762427,2381617,110,0
21:14:58:431,120001255,49633754,2405749,115,0
21:14:58:631,120000687,49712087,2391573,124,0
21:14:58:831,120001268,49699171,2385193,114,0
21:14:59:031,120001057,49588381,2407325,108,0
21:14:59:231,120001106,50015009,2390947,122,0
21:14:59:431,120001091,49519816,2399465,110,0
21:14:59:631,120000718,49797148,2394199,116,0
21:14:59:831,120001456,49747917,2397383,119,0
21:15:00:031,120000683,49959298,2404369,108,0
21:15:00:231,120001361,49723006,2403292,113,0
21:15:00:431,120000552,49769747,2395627,118,0
21:15:00:631,120001070,49833278,2402582,107,0
21:15:00:831,120000709,49713283,2397895,113,0
21:15:01:031,120001545,49827973,2394401,121,0
21:15:01:231,120000504,49647907,2405295,112,0
21:15:01:431,120000851,49830721,2382744,114,0
21:15:01:631,120001076,49626826,2408761,111,0
21:15:01:831,120000673,49843162,2390042,112,0
21:15:02:031,120001426,49687180,2400846,113,0
21:15:02:231,120000754,49799395,2398926,113,0
21:15:02:431,120001048,49708286,2389806,113,0
21:15:02:631,120001526,49532464,2401366,110,0
21:15:02:831,120001423,50044209,2394420,122,0
21:15:03:031,120000500,49660499,2413117,111,0
21:15:03:231,120000464,49797126,2382001,105,0
21:15:03:431,120001009,49678566,2404999,110,0
21:15:03:631,120000739,49531026,2389852,116,0
21:15:03:831,120000873,49894166,2388548,117,0
21:15:04:031,120001236,49578468,2406768,111,0
21:15:04:231,120000473,49703327,2384356,113,0
21:15:04:431,120001249,49766761,2398761,122,0
21:15:04:631,120000509,49666852,2399164,114,0
21:15:04:831,120001107,49895282,2394559,116,0
21:15:05:031,120001432,49504553,2398415,107,0
21:15:05:231,120000528,49805003,2386815,116,0
21:15:05:431,120001896,49782693,2409970,112,0
21:15:05:631,120000835,49616868,2388459,107,0
21:15:05:831,120001395,49793418,2388800,112,0
21:15:06:031,120001232,49528394,2400921,126,0
21:15:06:231,120000782,49819527,2389886,104,0
21:15:06:431,120000866,49753230,2405557,109,0
21:15:07:031,120000455,265142014,401,150,0
21:15:07:031,120000455,265142014,401,150,0
21:15:07:231,120001168,66033601,2209662,118,0
21:15:07:431,120000822,49790298,2398241,112,0
21:15:07:631,120001779,49747851,2393983,109,0
21:15:07:831,120000818,49868904,2407025,110,0
21:15:08:031,120001371,49801788,2398465,111,0
21:15:08:231,120001515,49466906,2394452,110,0
21:15:08:431,120000787,49875226,2387031,110,0
21:15:08:631,120001062,49657973,2403994,108,0
21:15:08:831,120000884,49769004,2394307,122,0
21:15:09:031,120001297,49822092,2403529,113,0
21:15:09:231,120000675,49698090,2395666,104,0
21:15:09:431,120001440,49836083,2393583,121,0
21:15:09:631,120000609,49793644,2406154,119,0
21:15:09:831,120001100,49759591,2386497,106,0
21:15:10:031,120001401,49467140,2394327,103,0
21:15:10:231,120000849,49697695,2396416,115,0
21:15:10:431,120001450,49809449,2392126,115,0
21:15:10:631,120000964,49524632,2400016,107,0
21:15:10:831,120000811,49740705,2386508,114,0
21:15:11:031,120001247,49706013,2395394,107,0
21:15:11:231,120000883,49585042,2401229,121,0
21:15:11:431,120001421,49996881,2394334,111,0
21:15:11:631,120001119,49577177,2405495,119,0
21:15:11:831,120001225,49977043,2387978,120,0
21:15:12:031,120001241,49570352,2404980,104,0
21:15:12:231,120000621,49828817,2389363,110,0
21:15:12:431,120001347,49757123,2407060,110,0
21:15:12:631,120000623,49735301,2391867,112,0
21:15:12:831,120001439,49701123,2387817,118,0
21:15:13:031,120001779,49563566,2404228,112,0
21:15:13:231,120000771,49977649,2387556,120,0
21:15:13:431,120001290,49539717,2401275,113,0
21:15:13:631,120000801,49815060,2396022,111,0
21:15:13:831,120001168,49829435,2406771,114,0
21:15:14:031,120000780,49652002,2391883,105,0
21:15:14:231,120001305,49793717,2388627,113,0
21:15:14:431,120000766,49626572,2409146,116,0
21:15:14:631,120001149,49980067,2389387,113,0
21:15:14:831,120001451,49524893,2399860,113,0
21:15:15:031,120000698,49872899,2391717,124,0
21:15:15:231,120001002,49612676,2393310,129,0
21:15:15:431,120000617,49903716,2405562,118,0
21:15:15:631,120001170,49680261,2390634,113,0
21:15:15:831,120000738,49674282,2406694,123,0
21:15:16:031,120000522,49766790,2381977,113,0
21:15:16:231,120001156,49598401,2401164,105,0
21:15:16:431,120000787,49511607,2393687,119,0
21:15:16:631,120001403,49972057,2390921,119,0
21:15:16:831,120001149,49577979,2407023,113,0
21:15:17:031,120000778,49714411,2383038,111,0
21:15:17:231,120001072,49698462,2394050,107,0
21:15:17:431,120000846,49597258,2402629,112,0
21:15:17:631,120001320,49933349,2388188,114,0
21:15:17:831,120001199,49507174,2398849,111,0
21:15:18:031,120000746,49822075,2394309,112,0
21:15:18:231,120001531,49749565,2400757,115,0
21:15:18:431,120000639,49841427,2399706,113,0
21:15:18:631,120001681,49765201,2399100,115,0
21:15:18:831,120000707,49732735,2399992,122,0
21:15:19:031,120001089,49855543,2397127,110,0
21:15:19:231,120000666,49589780,2401620,119,0
21:15:19:431,120001222,49936671,2387473,112,0
21:15:19:631,120001154,49591529,2407732,111,0
21:15:19:831,120001158,50009613,2389775,116,0
21:15:20:031,120001027,49648897,2414073,117,0
21:15:20:231,120001059,49950137,2384055,121,0
21:15:20:431,120001349,49591035,2407178,121,0
21:15:20:631,120000893,49931992,2391862,108,0
21:15:20:831,120001148,49638190,2402551,118,0
21:15:21:031,120000568,49874021,2396009,110,0
21:15:21:231,120000950,49737401,2403297,108,0
21:15:21:431,120000481,49734061,2396277,112,0
21:15:21:631,120001142,49784212,2393073,114,0
21:15:21:831,120000723,49614955,2404702,110,0
21:15:22:431,120000457,265133792,403,155,0
21:15:22:431,120000457,265133792,403,155,0
21:15:22:631,120001269,106599594,1755377,145,0
21:15:22:831,120001000,49808267,2406304,121,0
21:15:23:031,120001170,49826650,2396090,119,0
21:15:23:231,120000757,49782471,2403976,111,0
21:15:23:431,120001427,49763605,2388074,108,0
21:15:23:631,120001300,49527091,2401303,120,0
21:15:23:831,120000858,49772866,2390326,114,0
21:15:24:031,120001053,49666861,2390750,114,0
21:15:24:231,120001302,49534110,2401584,110,0
21:15:24:431,120000692,49733043,2384282,110,0
21:15:24:631,120001324,49654329,2390213,110,0
21:15:24:831,120000874,49585598,2405806,120,0
21:15:25:031,120001978,49998901,2390345,116,0
21:15:25:231,120000755,49632508,2410728,109,0
21:15:25:431,120001364,49943884,2384870,108,0
21:15:25:631,120001400,49530860,2400679,110,0
21:15:25:831,120000733,49857108,2394947,109,0
21:15:26:031,120001259,49688630,2396760,111,0
21:15:26:231,120000505,49560450,2398752,109,0
21:15:26:431,120001025,49862141,2382770,119,0
21:15:26:631,120001332,49672412,2413247,120,0
21:15:26:831,120000788,49971171,2388071,112,0
21:15:27:031,120001209,49580640,2405438,116,0
21:15:27:231,120000570,49803098,2392940,123,0
21:15:27:431,120001154,49750479,2400345,118,0
21:15:27:631,120000946,49690366,2398250,111,0
21:15:27:831,120001361,49800245,2387215,111,0
21:15:28:031,120001340,49564106,2404810,110,0
21:15:28:231,120001237,50028439,2393247,115,0
21:15:28:431,120001258,49567596,2405144,107,0
21:15:28:631,120000824,49910489,2391522,104,0
21:15:28:831,120001433,49631325,2399945,108,0
21:15:29:031,120000790,49680036,2396819,108,0
21:15:29:231,120000974,49836587,2392244,108,0
21:15:29:431,120001164,49546070,2402808,118,0
21:15:29:631,120001454,50002042,2389144,123,0
21:15:29:831,120001515,49524166,2400764,117,0
21:15:30:031,120000818,49824842,2394174,114,0
21:15:30:231,120001221,49733053,2399015,120,0
21:15:30:431,120000628,49808403,2400966,112,0
21:15:30:631,120001056,49727085,2390246,119,0
21:15:30:831,120000742,49667627,2407438,101,0
21:15:31:031,120000879,49903158,2386805,115,0
21:15:31:231,120000959,49596886,2408063,112,0
21:15:31:431,120000763,49745458,2384712,107,0
21:15:31:631,120001041,49675344,2393389,109,0
21:15:31:831,120000678,49613404,2403168,110,0
21:15:32:031,120001295,49970472,2393478,113,0
21:15:32:231,120001381,49576242,2405994,111,0
21:15:32:431,120000525,49834843,2383483,109,0
21:15:32:631,120001165,49677451,2405666,116,0
21:15:32:831,120000560,49635923,2391598,117,0
21:15:33:031,120001078,49770209,2385923,111,0
21:15:33:231,120001154,49536451,2401941,121,0
21:15:33:431,120000504,49769325,2391457,111,0
21:15:33:631,120001435,49695370,2391860,106,0
21:15:33:831,120000787,49635728,2404973,138,0
21:15:34:031,120001113,49928442,2389122,109,0
21:15:34:231,120000619,49739861,2412014,115,0
21:15:34:431,120000685,49805549,2381629,110,0
21:15:34:631,120000991,49635770,2410787,108,0
21:15:34:831,120000767,49887699,2389347,111,0
21:15:35:031,120001340,49658973,2403138,112,0
21:15:35:231,120000525,49802694,2395244,114,0
21:15:35:431,120001093,49684780,2389559,116,0
21:15:35:631,120001202,49513749,2399310,101,0
21:15:35:831,120000785,49817012,2388090,116,0
21:15:36:031,120001094,49779294,2409673,114,0
21:15:36:231,120000718,49796831,2390826,120,0
21:15:36:431,120000902,49671993,2392686,112,0
21:15:36:631,120000801,49783307,2405375,115,0
21:15:36:831,120000920,49798702,2389746,118,0
21:15:37:031,120001159,49585038,2408201,123,0
21:15:37:231,120000748,49821147,2382779,110,0
21:15:37:831,120000454,265141927,401,157,0
21:15:37:831,120000454,265141927,401,157,0
21:15:38:031,120000737,148195530,1292106,143,0
21:15:38:231,120000977,49733588,2403268,111,0
21:15:38:431,120000479,49855979,2397435,125,0
21:15:38:631,120000970,49722861,2398165,117,0
21:15:38:831,120000670,49684946,2398852,118,0
21:15:39:031,120001150,49932259,2400175,112,0
21:15:39:231,120000549,49681898,2400434,122,0
21:15:39:431,120001171,49785731,2383499,114,0
21:15:39:631,120001056,49602500,2409266,107,0
21:15:39:831,120000591,49912477,2388574,111,0
21:15:40:031,120001113,49654604,2405803,121,0
21:15:40:231,120000482,49749727,2392469,108,0
21:15:40:431,120001468,49786021,2398322,110,0
21:15:40:631,120000473,49706624,2400151,113,0
21:15:40:831,120002160,49839382,2392050,127,0
21:15:41:031,120000464,49596415,2406764,123,0
21:15:41:231,120000546,49928764,2384072,118,0
21:15:41:431,120001047,49603088,2408352,119,0
21:15:41:631,120000476,49878115,2390591,104,0
21:15:41:831,120001261,49685245,2403286,117,0
21:15:42:031,120000626,49693969,2394096,111,0
21:15:42:231,120000457,49755529,2387257,113,0
21:15:42:431,120001171,49593024,2408146,121,0
21:15:42:631,120000766,49771684,2383506,118,0
21:15:42:831,120001022,49713718,2402200,114,0
21:15:43:031,120000734,49780754,2397106,113,0
21:15:43:231,120001268,49822717,2401691,117,0
21:15:43:431,120000720,49732506,2399242,108,0
21:15:43:631,120001549,49798173,2391621,109,0
21:15:43:831,120001534,49559814,2403897,112,0
21:15:44:031,120001043,49976482,2387247,114,0
21:15:44:231,120001389,49564682,2405030,117,0
21:15:44:431,120000720,49728092,2391079,119,0
21:15:44:631,120001102,49787595,2397575,114,0
21:15:44:831,120000517,49638071,2400140,115,0
21:15:45:031,120001126,49908614,2392181,111,0
21:15:45:231,120001499,49499981,2397672,113,0
21:15:45:431,120000624,49755210,2389225,108,0
21:15:45:631,120001048,49811741,2404657,113,0
21:15:45:831,120000658,49758143,2395532,112,0
21:15:46:031,120001002,49793193,2396610,120,0
21:15:46:231,120001021,49638347,2400438,108,0
21:15:46:431,120001284,49864612,2386238,105,0
21:15:46:631,120001241,49612393,2410257,108,0
21:15:46:831,120000863,49821770,2383796,120,0
21:15:47:031,120001946,49766275,2411894,116,0
21:15:47:231,120000905,49752460,2387536,113,0
21:15:47:431,120001160,49709171,2394935,109,0
21:15:47:631,120000652,49772170,2403944,118,0
21:15:47:831,120001329,49752821,2386508,118,0
21:15:48:031,120001224,49602185,2409082,108,0
21:15:48:231,120001423,50012086,2390634,110,0
21:15:48:431,120001262,49550156,2403511,114,0
21:15:48:631,120001001,49761511,2389869,104,0
21:15:48:831,120001344,49649900,2387512,114,0
21:15:49:031,120000976,49508290,2398653,115,0
21:15:49:231,120000692,49660966,2388174,113,0
21:15:49:431,120001553,49742050,2386482,113,0
21:15:49:631,120000915,49620797,2410052,120,0
21:15:49:831,120001241,49960453,2385368,106,0
21:15:50:031,120001018,49572100,2405288,107,0
21:15:50:231,120000926,49768587,2389813,109,0
21:15:50:431,120001111,49711605,2395213,104,0
21:15:50:631,120000694,49626058,2401473,117,0
21:15:50:831,120000788,49741259,2381285,115,0
21:15:51:031,120001242,49697257,2408206,108,0
21:15:51:231,120000626,49761500,2389518,110,0
21:15:51:431,120001210,49701832,2391927,121,0
21:15:51:631,120000795,49719645,2405206,109,0
21:15:51:832,120001105,49836974,2387837,107,0
21:15:52:032,120001673,49572315,2405892,115,0
21:15:52:232,120000855,49961335,2388662,116,0
21:15:52:432,120001420,49552514,2399368,122,0
21:15:52:632,120000738,49723804,2395969,120,0
21:15:53:232,120000465,265134313,403,154,0
21:15:53:232,120000465,265134313,403,154,0
21:15:53:432,120001221,189705566,840317,154,0
21:15:53:632,120000716,49867260,2383758,121,0
21:15:53:832,120001226,49683221,2408382,118,0
21:15:54:032,120000745,49886618,2391003,113,0
21:15:54:232,120001355,49581277,2391736,110,0
21:15:54:432,120000791,49772882,2405727,107,0
21:15:54:632,120001391,49890349,2399455,106,0
21:15:54:832,120000752,49718770,2401260,130,0
21:15:55:032,120001144,49839388,2391743,107,0
21:15:55:232,120000677,49619489,2405941,104,0
21:15:55:432,120001417,49964848,2390189,117,0
21:15:55:632,120001604,49543578,2401731,110,0
21:15:55:832,120001015,49840446,2389479,109,0
21:15:56:032,120001230,49715397,2403278,114,0
21:15:56:232,120000742,49658270,2393889,113,0
21:15:56:432,120001488,49822171,2390756,121,0
21:15:56:632,120001472,49523446,2400845,113,0
21:15:56:832,120000763,49891394,2388488,110,0
21:15:57:032,120001174,49681828,2406224,110,0
21:15:57:232,120000791,49962987,2394881,109,0
21:15:57:432,120001070,49656747,2405499,107,0
21:15:57:632,120000813,49578850,2390044,110,0
21:15:57:832,120001201,49867738,2391430,103,0
21:15:58:032,120001223,49568927,2405759,111,0
21:15:58:232,120000829,49785674,2384704,113,0
21:15:58:432,120001192,49604904,2390962,115,0
21:15:58:632,120001211,49544333,2402537,109,0
21:15:58:832,120000830,49924994,2384686,118,0
21:15:59:232,120000680,49773367,2401145,110,0
21:15:59:432,120001147,49941427,2410276,118,0
21:15:59:632,120000587,49741274,2391806,108,0
21:15:59:832,120001225,49709845,2389641,108,0
21:16:00:032,120001034,49545109,2402869,113,0
21:16:00:232,120000655,49805860,2385542,113,0
21:16:00:432,120001180,49723464,2404469,110,0
21:16:00:632,120000765,49761938,2394611,114,0
21:16:00:832,120001063,49748124,2394232,118,0
21:16:01:032,120001031,49532878,2401693,107,0
21:16:01:232,120000810,49767538,2382990,118,0
21:16:01:432,120001251,49703599,2400799,126,0
21:16:01:632,120000659,49585642,2395405,117,0
21:16:01:832,120001501,49919040,2391317,113,0
21:16:02:032,120001308,49537466,2401790,107,0
21:16:02:232,120000806,49763075,2386283,116,0
21:16:02:432,120001461,49770961,2403763,116,0
21:16:02:632,120000743,49946030,2398004,107,0
21:16:02:832,120001060,49653780,2399990,110,0
21:16:03:032,120000662,49811620,2398334,113,0
21:16:03:232,120001418,49790409,2399500,116,0
21:16:03:432,120000618,49653665,2398585,109,0
21:16:03:632,120001189,49847464,2388058,116,0
21:16:03:832,120000924,49528673,2401467,119,0
21:16:04:032,120000778,49729411,2388600,107,0
21:16:04:232,120001294,49865708,2408324,110,0
21:16:04:432,120000841,49703304,2392043,107,0
21:16:04:632,120001305,49769120,2392337,110,0
21:16:04:832,120002097,49506893,2397905,106,0
21:16:05:032,120000622,49743653,2386934,111,0
21:16:05:232,120001136,49696083,2393694,115,0
21:16:05:432,120000600,49660147,2404469,109,0
21:16:05:632,120000851,49812253,2382292,108,0
21:16:05:832,120001115,49642639,2410886,116,0
21:16:06:032,120000815,49830946,2387494,112,0
21:16:06:232,120001226,49699638,2402562,109,0
21:16:06:432,120000861,49818515,2396723,105,0
21:16:06:632,120001289,49736265,2396106,115,0
21:16:06:832,120000903,49633926,2401508,109,0
21:16:07:032,120001231,49923413,2392250,108,0
21:16:07:232,120001203,49505507,2398672,111,0
21:16:07:432,120000610,49782448,2390045,117,0
21:16:07:632,120001368,49793639,2405737,122,0
21:16:07:832,120000771,49879694,2395494,122,0
21:16:08:032,120000991,49704726,2400454,111,0
21:16:08:232,120000741,49806668,2399231,120,0
21:16:08:632,120000517,254909159,119554,162,0
21:16:08:832,120001189,231418951,370295,163,0
21:16:09:032,120000646,49760771,2405137,113,0
21:16:09:232,120001008,49812050,2390414,118,0
21:16:09:432,120000864,49661014,2408569,118,0
21:16:09:632,120001348,49939830,2389498,119,0
21:16:09:832,120001145,49580587,2406444,125,0
21:16:10:032,120000602,49869440,2385801,103,0
21:16:10:232,120001122,49568019,2393923,111,0
21:16:10:432,120001361,49496806,2397147,109,0
21:16:10:632,120001342,49985626,2387934,120,0
21:16:10:832,120001093,49592206,2408427,119,0
21:16:11:032,120000569,49830277,2389135,126,0
21:16:11:232,120001307,49707100,2401757,115,0
21:16:11:432,120000466,49667718,2395911,119,0
21:16:11:632,120000959,49798129,2387808,112,0
21:16:11:832,120001349,49569371,2405244,100,0
21:16:12:032,120000597,49856653,2387025,120,0
21:16:12:232,120001182,49628648,2398330,111,0
21:16:12:432,120000765,49692247,2398369,115,0
21:16:12:632,120001138,49817365,2389466,111,0
21:16:12:832,120000931,49571335,2405727,116,0
21:16:13:032,120000464,49947947,2386736,119,0
21:16:13:232,120001401,49617382,2407736,120,0
21:16:13:432,120000639,49910930,2391884,106,0
21:16:13:632,120000475,49627990,2399325,110,0
21:16:13:832,120000520,49621467,2396263,112,0
21:16:14:032,120001152,49848653,2386558,110,0
21:16:14:232,120001103,49483486,2395798,113,0
21:16:14:432,120000648,49820721,2396501,114,0
21:16:14:632,120001149,49762509,2399318,115,0
21:16:14:832,120000679,49688933,2398697,121,0
21:16:15:032,120000825,49884400,2396176,112,0
21:16:15:232,120000841,49577368,2402251,114,0
21:16:15:432,120001064,49914125,2383306,117,0
21:16:15:632,120001201,49579694,2406898,109,0
21:16:15:832,120000770,49712985,2389252,109,0
21:16:16:032,120001408,49759536,2394438,116,0
21:16:16:232,120000770,49589303,2402773,110,0
21:16:16:432,120000779,49864546,2382892,110,0
21:16:16:632,120001541,49648856,2409967,104,0
21:16:16:832,120000690,49752398,2386673,109,0
21:16:17:032,120001058,49718388,2395160,110,0
21:16:17:232,120000773,49757576,2402848,118,0
21:16:17:432,120001459,49769845,2387157,111,0
21:16:17:632,120001515,49485093,2395892,110,0
21:16:17:832,120000860,49906676,2396593,111,0
21:16:18:032,120001190,49732482,2406323,114,0
21:16:18:232,120000814,50027536,2396769,124,0
21:16:18:432,120001096,49686968,2414796,110,0
21:16:18:632,120001097,49985831,2387716,106,0
21:16:18:832,120001531,49542113,2401986,116,0
21:16:19:032,120000618,49994142,2396630,106,0
21:16:19:232,120001481,49592346,2399894,112,0
21:16:19:432,120000786,49706817,2395810,121,0
21:16:19:632,120001278,49826805,2393586,110,0
21:16:19:832,120001288,49546853,2402742,109,0
21:16:20:032,120000880,49934362,2383752,119,0
21:16:20:232,120001155,49554413,2400536,113,0
21:16:20:432,120000858,49688360,2394926,110,0
21:16:20:632,120001276,49784496,2389824,111,0
21:16:20:832,120000675,49608762,2408169,121,0
21:16:21:032,120001197,49976997,2388059,114,0
21:16:21:232,120001246,49574962,2405549,111,0
21:16:21:432,120000799,49656046,2385939,116,0
21:16:21:632,120001280,49777669,2394667,117,0
21:16:21:832,120001333,49498633,2397791,106,0
21:16:22:032,120000721,49722283,2385314,119,0
21:16:22:232,120001309,49670620,2389220,108,0
21:16:22:432,120001235,49486818,2396254,104,0
21:16:22:632,120000790,49830108,2392056,114,0
21:16:22:832,120001082,49671010,2395272,117,0
21:16:23:032,120000702,49727263,2402619,110,0
21:16:23:232,120001412,49820293,2389534,113,0
21:16:23:432,120001142,49560686,2404402,108,0
21:16:23:632,120000886,49953491,2387517,112,0
21:16:24:232,120000459,265141741,401,161,0
21:16:24:232,120000459,265141741,401,161,0
21:16:24:432,120001476,57629507,2303712,123,0
21:16:24:632,120000831,49547353,2398485,111,0
21:16:24:832,120001017,49888389,2383195,108,0
21:16:25:032,120001352,49629829,2410420,110,0
21:16:25:232,120000938,49870364,2389423,113,0
21:16:25:432,120001550,49674634,2403244,102,0
21:16:25:632,120000838,49734387,2395111,109,0
21:16:25:832,120001835,49757727,2390640,109,0
21:16:26:032,120001401,49550435,2403335,115,0
21:16:26:232,120000854,49889442,2384893,105,0
21:16:26:432,120001218,49596455,2399554,107,0
21:16:26:632,120000764,49785433,2397883,106,0
21:16:26:832,120001723,49737439,2391718,116,0
21:16:27:032,120000800,49670368,2407026,110,0
21:16:27:232,120000896,49846653,2383036,116,0
21:16:27:432,120001169,49563530,2404659,108,0
21:16:27:632,120000948,49894381,2393300,112,0
21:16:27:832,120001269,49757366,2409924,115,0
21:16:28:032,120000841,49728609,2388776,118,0
21:16:28:232,120001325,49704573,2390501,111,0
21:16:28:432,120000832,49856041,2410367,115,0
21:16:28:632,120001528,49702590,2383086,114,0
21:16:28:832,120001055,49520199,2400322,108,0
21:16:29:032,120000667,49740770,2392704,112,0
21:16:29:232,120001199,49677080,2384435,113,0
21:16:29:432,120001666,49600907,2409388,106,0
21:16:29:632,120001470,50010682,2390734,115,0
21:16:29:832,120000967,49638154,2412947,114,0
21:16:30:032,120000711,49802406,2382450,108,0
21:16:30:232,120001198,49682903,2402942,106,0
21:16:30:432,120000757,49737094,2395048,113,0
21:16:30:632,120001264,49849898,2402640,114,0
21:16:30:832,120000626,49559136,2396528,105,0
21:16:31:032,120001260,49966008,2393039,110,0
21:16:31:232,120000574,49740055,2408354,111,0
21:16:31:432,120001084,49890751,2393095,118,0
21:16:31:632,120001301,49573433,2405835,111,0
21:16:31:832,120000836,49928965,2383792,109,0
21:16:32:032,120001149,49581670,2404573,107,0
21:16:32:232,120000490,49824216,2393434,122,0
21:16:32:432,120001418,49661017,2391439,112,0
21:16:32:632,120000778,49679635,2405321,110,0
21:16:32:832,120001084,49891134,2389408,123,0
21:16:33:032,120001439,49560677,2404339,115,0
21:16:33:232,120000872,49675314,2384764,111,0
21:16:33:432,120001447,49756581,2394485,108,0
21:16:33:632,120000675,49697718,2404385,109,0
21:16:33:832,120001348,49946165,2398997,106,0
21:16:34:032,120000805,49532640,2400136,114,0
21:16:34:232,120001204,49968150,2386844,116,0
21:16:34:432,120001175,49617217,2410512,107,0
21:16:34:632,120000737,49808005,2384497,106,0
21:16:34:832,120001101,49711255,2404419,118,0
21:16:35:032,120000616,49640442,2392425,109,0
21:16:35:232,120001199,49783058,2385484,111,0
21:16:35:432,120001258,49596560,2408532,111,0
21:16:35:632,120000731,49865074,2386789,109,0
21:16:35:832,120001405,49706906,2408688,107,0
21:16:36:032,120000730,49770518,2390096,120,0
21:16:36:232,120001527,49751685,2398839,113,0
21:16:36:432,120000541,49623587,2398516,106,0
21:16:36:632,120001230,49852752,2385663,112,0
21:16:36:832,120001140,49626433,2411677,103,0
21:16:37:032,120000559,49817716,2383701,111,0
21:16:37:232,120001380,49637831,2398734,110,0
21:16:37:432,120000650,49619732,2397402,115,0
21:16:37:632,120001290,49858459,2387087,108,0
21:16:37:832,120001156,49503826,2398750,122,0
21:16:38:032,120000858,49801964,2394674,114,0
21:16:38:232,120001141,49802022,2404707,116,0
21:16:38:432,120000817,49708226,2394940,113,0
21:16:38:632,120001403,49774645,2389508,118,0
21:16:38:832,120001442,49519961,2399618,106,0
21:16:39:032,120001315,50024164,2391807,125,0
21:16:39:632,120000460,265133663,403,152,0
21:16:39:632,120000460,265133663,403,152,0
21:16:39:832,120001061,98060578,1849158,125,0
21:16:40:032,120001277,49438328,2390406,116,0
21:16:40:232,120000623,49662076,2394084,114,0
21:16:40:432,120001150,49782572,2386163,105,0
21:16:40:632,120001132,49556130,2403909,113,0
21:16:40:832,120000813,49779893,2388123,111,0
21:16:41:032,120001226,49759432,2402396,115,0
21:16:41:232,120000837,49620912,2394966,116,0
21:16:41:432,120001135,49876530,2391969,122,0
21:16:41:632,120001010,49488288,2396550,123,0
21:16:41:832,120000806,49691813,2389615,113,0
21:16:42:032,120001073,49799218,2396034,115,0
21:16:42:232,120000756,49567243,2401224,113,0
21:16:42:432,120000758,49755664,2381140,100,0
21:16:42:632,120001371,49655629,2399593,119,0
21:16:42:832,120000522,49768005,2398502,107,0
21:16:43:032,120001254,49744109,2389230,119,0
21:16:43:232,120001270,49562450,2404540,118,0
21:16:43:432,120000958,49943259,2386675,120,0
21:16:43:632,120001239,49546094,2399260,113,0
21:16:43:832,120000683,49629042,2395104,110,0
21:16:44:032,120001036,49873116,2391774,105,0
21:16:44:232,120000795,49583158,2406929,115,0
21:16:44:432,120000911,49821115,2382209,109,0
21:16:44:632,120001045,49688734,2405682,110,0
21:16:44:832,120000667,49767811,2393225,115,0
21:16:45:032,120001322,49761709,2397451,122,0
21:16:45:232,120000739,49762631,2402093,112,0
21:16:45:432,120000907,49708785,2381688,105,0
21:16:45:632,120001308,49568120,2404733,114,0
21:16:45:832,120000796,49531561,2387742,116,0
21:16:46:032,120001282,49855214,2385978,107,0
21:16:46:232,120001161,49547638,2403203,102,0
21:16:46:432,120000464,49787059,2389478,104,0
21:16:46:632,120001031,49736701,2399224,104,0
21:16:46:832,120000813,49483709,2395619,107,0
21:16:47:032,120000554,49920466,2383773,107,0
21:16:47:232,120001843,49583505,2404010,123,0
21:16:47:432,120000458,49577001,2391743,108,0
21:16:47:632,120001035,49850128,2387424,125,0
21:16:47:832,120001074,49591189,2407254,110,0
21:16:48:032,120000482,49840698,2385236,118,0
21:16:48:232,120001696,49693565,2405022,119,0
21:16:48:432,120000679,49746486,2392967,121,0
21:16:48:632,120000915,49922966,2412900,116,0
21:16:48:832,120000535,50035983,2393542,116,0
21:16:49:032,120001168,49507498,2398492,114,0
21:16:49:232,120000613,49574409,2394840,114,0
21:16:49:432,120001544,49917862,2390494,117,0
21:16:49:632,120001062,49541356,2402594,126,0
21:16:49:832,120000697,49790284,2387137,114,0
21:16:50:032,120001352,49648964,2393056,126,0
21:16:50:232,120000482,49619785,2402629,119,0
21:16:50:432,120001097,49922261,2388571,113,0
21:16:50:632,120000491,49630683,2410947,115,0
21:16:50:832,120001334,49997663,2390540,117,0
21:16:51:032,120000988,49678777,2411102,110,0
21:16:51:232,120001525,49959661,2391332,107,0
21:16:51:432,120001157,49460734,2393514,111,0
21:16:51:632,120000651,49569788,2392111,120,0
21:16:51:832,120000873,49827403,2383188,117,0
21:16:52:032,120001361,49607333,2409574,111,0
21:16:52:232,120000839,49962170,2389325,120,0
21:16:52:432,120001130,49561527,2400052,122,0
21:16:52:632,120000679,49612570,2395231,118,0
21:16:52:832,120001319,49861402,2389281,117,0
21:16:53:032,120001364,49577192,2406250,117,0
21:16:53:232,120000756,49872851,2386556,119,0
21:16:53:432,120001341,49603495,2398040,116,0
21:16:53:632,120000507,49667513,2397239,121,0
21:16:53:832,120001436,49797661,2384860,119,0
21:16:54:032,120001683,49633586,2412868,117,0
21:16:54:232,120000888,49896574,2384011,108,0
21:16:54:432,120001406,49507961,2391770,120,0
21:16:55:032,120000447,265141389,401,159,0
21:16:55:032,120000447,265141389,401,159,0
21:16:55:232,120000595,139780213,1390129,137,0
21:16:55:432,120001087,49799726,2396811,113,0
21:16:55:632,120000737,49639736,2402144,107,0
21:16:55:832,120001589,49871692,2386525,109,0
21:16:56:032,120001631,49582520,2407410,113,0
21:16:56:232,120001016,49919704,2389278,109,0
21:16:56:432,120001072,49574858,2397819,113,0
21:16:56:632,120000889,49575200,2396959,109,0
21:16:56:832,120000831,49836523,2382659,105,0
21:16:57:032,120001437,49507139,2395791,115,0
21:16:57:232,120001024,49578364,2397684,111,0
21:16:57:432,120001241,49978210,2394551,106,0
21:16:57:632,120001627,49534583,2401961,109,0
21:16:57:832,120000629,49827556,2385047,114,0
21:16:58:032,120001500,49676573,2403166,120,0
21:16:58:232,120000556,49663741,2394786,108,0
21:16:58:432,120001402,49752131,2382716,112,0
21:16:58:632,120001315,49492277,2397126,113,0
21:16:58:832,120000934,49586116,2394981,115,0
21:16:59:032,120001252,49863644,2387014,108,0
21:16:59:232,120001248,49549356,2403106,113,0
21:16:59:432,120000983,49732629,2390037,113,0
21:16:59:632,120001544,49762851,2397345,110,0
21:16:59:832,120001022,49655978,2401569,115,0
21:17:00:032,120000914,49795663,2381230,110,0
21:17:00:232,120001261,49597098,2406898,105,0
21:17:00:432,120000733,49758392,2390413,112,0
21:17:00:632,120001271,49769247,2399632,111,0
21:17:00:832,120000839,49672331,2398907,119,0
21:17:01:032,120001226,49850804,2390643,109,0
21:17:01:232,120000586,49635124,2408673,108,0
21:17:01:432,120000803,49872501,2383118,109,0
21:17:01:632,120001336,49607189,2405816,110,0
21:17:01:832,120000793,49571399,2388278,126,0
21:17:02:032,120001142,49921257,2396940,118,0
21:17:02:232,120000695,49785930,2405450,112,0
21:17:02:432,120001065,49845542,2396831,113,0
21:17:02:632,120000808,49734740,2403875,112,0
21:17:02:832,120001716,49964356,2405714,110,0
21:17:03:032,120000918,49795193,2397516,114,0
21:17:03:232,120001249,49693213,2388950,110,0
21:17:03:432,120001407,49563755,2404908,107,0
21:17:03:632,120000892,49823158,2384551,119,0
21:17:03:832,120001419,49609187,2394847,104,0
21:17:04:032,120000802,49613674,2401028,112,0
21:17:04:232,120001186,49868830,2383683,108,0
21:17:04:432,120001251,49456455,2392526,113,0
21:17:04:632,120000904,49688410,2399999,109,0
21:17:04:832,120001157,49870174,2392842,115,0
21:17:05:032,120001171,49557896,2403599,112,0
21:17:05:232,120001652,50042103,2394149,118,0
21:17:05:432,120001443,49564777,2405013,118,0
21:17:05:632,120000650,49805159,2385188,112,0
21:17:05:832,120001665,49662229,2398633,108,0
21:17:06:032,120001706,49501994,2396577,122,0
21:17:06:232,120000800,49772633,2381881,117,0
21:17:06:432,120001047,49650753,2397868,108,0
21:17:06:632,120000664,49631431,2397967,116,0
21:17:06:832,120001442,49832223,2384808,110,0
21:17:07:032,120001190,49525885,2400056,113,0
21:17:07:232,120000508,49818207,2394515,116,0
21:17:07:432,120001420,49768128,2402040,107,0
21:17:07:632,120000746,49644638,2395743,116,0
21:17:07:832,120000780,49754493,2381797,102,0
21:17:08:032,120001198,49541604,2401200,102,0
21:17:08:232,120000891,49924300,2398268,115,0
21:17:08:432,120001410,49692327,2402345,112,0
21:17:08:632,120000919,49663002,2394775,112,0
21:17:08:832,120001327,49921880,2401108,128,0
21:17:09:032,120000854,49566839,2397684,114,0
21:17:09:232,120000666,49851368,2382767,114,0
21:17:09:432,120001305,49659237,2412586,109,0
21:17:09:632,120000815,49840504,2386452,119,0
21:17:09:832,120001340,49649486,2399415,124,0
21:17:10:432,120000470,265133926,403,170,0
21:17:10:432,120000470,265133926,403,170,0
21:17:10:632,120001371,181340574,928775,133,0
21:17:10:832,120000806,49569578,2389004,111,0
21:17:11:032,120000833,49723455,2381155,112,0
21:17:11:232,120001479,49583331,2399965,121,0
21:17:11:432,120000823,49685713,2396101,116,0
21:17:11:632,120001340,49777601,2386696,116,0
21:17:11:832,120001368,49561748,2404524,114,0
21:17:12:032,120000771,49868066,2388846,110,0
21:17:12:232,120001257,49679148,2403666,108,0
21:17:12:432,120000662,49611226,2392611,117,0
21:17:12:632,120001280,49969342,2403805,117,0
21:17:12:832,120000613,49745090,2399040,111,0
21:17:13:032,120001353,49780666,2390847,109,0
21:17:13:232,120001038,49510448,2398538,118,0
21:17:13:432,120000851,49644844,2386391,107,0
21:17:13:632,120001529,49913492,2407676,111,0
21:17:13:832,120000616,49692251,2393002,121,0
21:17:14:032,120001013,49820916,2394533,114,0
21:17:14:232,120000604,49650009,2404935,113,0
21:17:14:432,120001565,49926030,2391144,114,0
21:17:14:632,120001001,49518838,2400066,119,0
21:17:14:832,120000661,50019459,2392686,115,0
21:17:15:032,120001008,49508974,2397754,121,0
21:17:15:232,120000553,49800931,2399182,119,0
21:17:15:432,120001085,49709646,2389147,123,0
21:17:15:632,120001233,49552100,2403891,111,0
21:17:15:832,120001241,50009730,2389897,111,0
21:17:16:032,120001421,49481515,2395211,111,0
21:17:16:232,120000726,49565432,2394606,107,0
21:17:16:432,120001239,49924103,2390713,106,0
21:17:16:632,120001395,49486094,2396199,120,0
21:17:16:832,120000707,49838728,2393999,119,0
21:17:17:032,120001291,49665070,2394002,117,0
21:17:17:232,120000709,49686952,2403334,111,0
21:17:17:432,120001384,49899617,2392862,123,0
21:17:17:632,120001207,49498948,2397185,112,0
21:17:17:832,120000730,49794642,2389041,113,0
21:17:18:032,120001158,49743022,2401765,120,0
21:17:18:232,120000662,49817243,2398023,115,0
21:17:18:432,120001116,49752734,2396959,109,0
21:17:18:632,120000622,49665706,2401409,112,0
21:17:18:832,120001042,49822846,2383803,122,0
21:17:19:032,120001034,49522726,2400118,114,0
21:17:19:232,120000670,49823002,2395627,120,0
21:17:19:632,120000641,49852489,2396054,113,0
21:17:19:832,120001056,49659051,2391079,114,0
21:17:20:032,120000834,49854451,2407180,109,0
21:17:20:232,120001456,49825080,2400523,115,0
21:17:20:432,120000532,49783442,2401085,110,0
21:17:20:632,120001123,49854609,2401429,118,0
21:17:20:832,120001251,49455841,2392526,109,0
21:17:21:032,120000470,49757679,2384165,108,0
21:17:21:232,120001259,49736041,2402286,115,0
21:17:21:432,120000579,49646908,2395552,108,0
21:17:21:632,120000987,49891619,2396211,107,0
21:17:21:832,120001105,49536485,2402108,124,0
21:17:22:032,120001070,49996199,2389406,114,0
21:17:22:232,120000676,49630600,2412258,111,0
21:17:22:432,120000773,49863725,2382924,124,0
21:17:22:632,120001352,49571131,2396653,115,0
21:17:22:832,120000754,49588717,2398267,105,0
21:17:23:032,120001151,49931344,2390529,116,0
21:17:23:232,120001310,49556429,2404367,108,0
21:17:23:432,120001748,50086444,2398928,117,0
21:17:23:632,120000857,49871763,2410479,116,0
21:17:23:832,120001280,49716048,2386211,115,0
21:17:24:032,120001090,49594490,2408438,122,0
21:17:24:232,120000458,49747764,2383527,119,0
21:17:24:432,120001347,49665114,2394210,121,0
21:17:24:632,120001460,49493312,2397243,116,0
21:17:24:832,120000827,49939938,2387751,116,0
21:17:25:032,120001414,49670058,2411618,108,0
21:17:25:232,120000687,49995654,2390353,105,0
21:17:25:432,120001151,49578966,2405122,110,0
21:17:25:832,120000466,265133264,404,164,0
21:17:26:032,120001064,222052997,470874,158,0
21:17:26:232,120000677,49741720,2403227,120,0
21:17:26:432,120001404,49812917,2389993,109,0
21:17:26:632,120001731,49583933,2407090,109,0
21:17:26:833,120001828,49979299,2386442,109,0
21:17:27:033,120000963,49629997,2412884,115,0
21:17:27:233,120000864,49785504,2383927,114,0
21:17:27:433,120001204,49739950,2405637,117,0
21:17:27:633,120000853,49648190,2391724,118,0
21:17:27:833,120001457,49836373,2393758,115,0
21:17:28:033,120001214,49521653,2400065,116,0
21:17:28:233,120000796,49810660,2385979,105,0
21:17:28:433,120001435,49681859,2400958,114,0
21:17:28:633,120000758,49557066,2395877,104,0
21:17:28:833,120001283,49884216,2385146,116,0
21:17:29:033,120001131,49461427,2393329,102,0
21:17:29:233,120000626,49656218,2398953,118,0
21:17:29:433,120001182,49818580,2384590,127,0
21:17:29:633,120001347,49571918,2405478,108,0
21:17:29:833,120000811,49826226,2389322,109,0
21:17:30:033,120001071,49673342,2397380,111,0
21:17:30:233,120000776,49615618,2399292,109,0
21:17:30:433,120001282,49857785,2384921,117,0
21:17:30:633,120000985,49635730,2413043,106,0
21:17:30:833,120000762,49912253,2384037,114,0
21:17:31:033,120001198,49626196,2406253,105,0
21:17:31:233,120000844,49586452,2389082,108,0
21:17:31:433,120000808,49680303,2379525,113,0
21:17:31:633,120001259,49579729,2398103,108,0
21:17:31:833,120000669,49602026,2396265,106,0
21:17:32:033,120001216,49866897,2386967,116,0
21:17:32:233,120001209,49491793,2396917,114,0
21:17:32:433,120000989,49621283,2393313,110,0
21:17:32:633,120001115,49876710,2393101,115,0
21:17:32:833,120000715,49664125,2406966,110,0
21:17:33:033,120001183,50010419,2400787,106,0
21:17:33:233,120000742,49652954,2401803,110,0
21:17:33:433,120000720,49728685,2381958,102,0
21:17:33:633,120001257,49663142,2407122,102,0
21:17:33:833,120000786,49927410,2393480,115,0
21:17:34:033,120001196,49647902,2401464,117,0
21:17:34:233,120000726,49671907,2394358,108,0
21:17:34:433,120001342,49801127,2389188,114,0
21:17:34:633,120000858,49704505,2410054,105,0
21:17:34:833,120001517,49906869,2389140,106,0
21:17:35:033,120001385,49551515,2403272,115,0
21:17:35:233,120000580,49752243,2386983,112,0
21:17:35:433,120001385,49811187,2406426,108,0
21:17:35:633,120000639,49860885,2394380,114,0
21:17:35:833,120001214,49689650,2397672,117,0
21:17:36:033,120000789,49618015,2398255,108,0
21:17:36:233,120000859,49812430,2382433,112,0
21:17:36:433,120001080,49563518,2403217,119,0
21:17:36:633,120000751,49869688,2394898,109,0
21:17:36:833,120001237,49752163,2405397,112,0
21:17:37:033,120000717,49748933,2393824,109,0
21:17:37:233,120001131,49870981,2405600,121,0
21:17:37:433,120000631,49739098,2394176,119,0
21:17:37:633,120000927,49748455,2390917,118,0
21:17:37:833,120000563,49760726,2408441,109,0
21:17:38:033,120001232,49838911,2389634,119,0
21:17:38:233,120001131,49542247,2402031,111,0
21:17:38:433,120000795,49855656,2389305,118,0
21:17:38:633,120001316,49649103,2399625,110,0
21:17:38:833,120000578,49490006,2394963,106,0
21:17:39:033,120001003,49940860,2384396,115,0
21:17:39:233,120001257,49585078,2407521,111,0
21:17:39:433,120000623,49936650,2392583,117,0
21:17:39:633,120001016,49636682,2402859,119,0
21:17:39:833,120000983,49697488,2394077,116,0
21:17:40:033,120001146,49843116,2397661,118,0
21:17:40:233,120000514,49667685,2401506,105,0
21:17:40:433,120000719,49792150,2382000,115,0
21:17:40:633,120001288,49594244,2407336,112,0
21:17:40:833,120000773,49947218,2392424,106,0
21:17:41:233,120000506,224524919,454478,170,0
21:17:41:433,120000682,263821924,6784,158,0
21:17:41:633,120001070,49708574,2404496,116,0
21:17:41:833,120000743,49868714,2394650,111,0
21:17:42:033,120000959,49633590,2392520,107,0
21:17:42:233,120000719,49725314,2404954,109,0
21:17:42:433,120001279,49834154,2388344,117,0
21:17:42:633,120001051,49501803,2398296,109,0
21:17:42:833,120000887,49657800,2390517,116,0
21:17:43:033,120001144,49812525,2392485,116,0
21:17:43:233,120001138,49542310,2402413,120,0
21:17:43:433,120000740,49923179,2385918,118,0
21:17:43:633,120001233,49549289,2396978,109,0
21:17:43:833,120000600,49634760,2396779,118,0
21:17:44:033,120001350,49880331,2391150,108,0
21:17:44:233,120000612,49652141,2407904,120,0
21:17:44:433,120000571,49881508,2383327,107,0
21:17:44:633,120001198,49597502,2407689,115,0
21:17:44:833,120000653,49981020,2392118,109,0
21:17:45:033,120001245,49640451,2408562,111,0
21:17:45:233,120000626,49604106,2387457,108,0
21:17:45:433,120000955,49833677,2393092,115,0
21:17:45:633,120000986,49566511,2405181,119,0
21:17:45:833,120000910,49892018,2383476,108,0
21:17:46:033,120001300,49650003,2408688,111,0
21:17:46:233,120000502,50035998,2393323,124,0
21:17:46:433,120001562,49561301,2404720,115,0
21:17:46:633,120000675,49679411,2391478,111,0
21:17:46:833,120001186,49758158,2388790,112,0
21:17:47:033,120000948,49608141,2408635,113,0
21:17:47:233,120000803,49801675,2382446,121,0
21:17:47:433,120001162,49718020,2407366,113,0
21:17:47:633,120000616,49634527,2389706,109,0
21:17:47:833,120001294,49718971,2380517,123,0
21:17:48:033,120001037,49568212,2404695,107,0
21:17:48:233,120000594,49754500,2391091,116,0
21:17:48:433,120000991,49755220,2397431,112,0
21:17:48:633,120000685,49841916,2403661,120,0
21:17:48:833,120001217,49840467,2403520,109,0
21:17:49:033,120000747,49768877,2396969,115,0
21:17:49:233,120001030,49720982,2388541,107,0
21:17:49:433,120001213,49590253,2407408,123,0
21:17:49:633,120000732,49938323,2384513,113,0
21:17:49:833,120001024,49648968,2413116,109,0
21:17:50:033,120000604,49967871,2388088,109,0
21:17:50:233,120000919,49597271,2406162,114,0
21:17:50:433,120000490,49889171,2393014,108,0
21:17:50:633,120001426,49675350,2401830,105,0
21:17:50:833,120000845,49961833,2399782,107,0
21:17:51:033,120001058,49673156,2401909,104,0
21:17:51:233,120000557,49743440,2396128,116,0
21:17:51:433,120000496,49712172,2386199,118,0
21:17:51:633,120000899,49615607,2410355,114,0
21:17:51:833,120000830,49915805,2383745,117,0
21:17:52:033,120001183,49577438,2402399,108,0
21:17:52:233,120000869,49829265,2395733,111,0
21:17:52:433,120001311,49722555,2397276,120,0
21:17:52:633,120000492,49779549,2402702,118,0
21:17:52:833,120001234,49776638,2391493,106,0
21:17:53:033,120001325,49507028,2398521,110,0
21:17:53:233,120000613,49959819,2390519,108,0
21:17:53:433,120001361,49611677,2404089,126,0
21:17:53:633,120000836,49813755,2394510,105,0
21:17:53:833,120001198,49661161,2390276,106,0
21:17:54:033,120001373,49551704,2404046,117,0
21:17:54:233,120000711,49782077,2384386,119,0
21:17:54:433,120001115,49654194,2396092,108,0
21:17:54:633,120000822,49661428,2400650,118,0
21:17:54:833,120000860,49808292,2382637,113,0
21:17:55:033,120001279,49590190,2407366,111,0
21:17:55:233,120000867,49750108,2387636,111,0
21:17:55:433,120001244,49790057,2403157,120,0
21:17:55:633,120000906,49637780,2395183,111,0
21:17:55:833,120001636,49806040,2385544,112,0
21:17:56:033,120001448,49603562,2408950,111,0
21:17:56:233,120000894,49884394,2386113,113,0
21:17:56:833,120000466,265141265,401,157,0
21:17:56:833,120000466,265141265,401,157,0
21:17:57:033,120000953,90098310,1937625,124,0
21:17:57:233,120001155,49618486,2399704,114,0
21:17:57:433,120000724,49491872,2393798,118,0
21:17:57:633,120000763,49865335,2382427,106,0
21:17:57:833,120001540,49680627,2411855,116,0
21:17:58:033,120000748,49782002,2386680,116,0
21:17:58:233,120001101,49717512,2400367,119,0
21:17:58:433,120000978,49582857,2395837,109,0
21:17:58:633,120001193,49854925,2383041,110,0
21:17:58:833,120001139,49646944,2414255,113,0
21:17:59:033,120001146,49979840,2386579,110,0
21:17:59:233,120001110,49461614,2393489,111,0
21:17:59:433,120000777,49987068,2404245,110,0
21:17:59:633,120001722,49715052,2404850,120,0
21:17:59:833,120000802,49730065,2392573,109,0
21:18:00:033,120001516,49704053,2386409,115,0
21:18:00:233,120001379,49583949,2407323,112,0
21:18:00:433,120001165,49993728,2388347,112,0
21:18:00:633,120001442,49567103,2405603,113,0
21:18:00:833,120000778,49806908,2391404,116,0
21:18:01:033,120001814,49751203,2402258,109,0
21:18:01:233,120000588,49922106,2399363,119,0
21:18:01:433,120001256,49733205,2404654,111,0
21:18:01:633,120000693,49858540,2396218,120,0
21:18:01:833,120001001,49612955,2387491,113,0
21:18:02:033,120001138,49545197,2402487,112,0
21:18:02:233,120001068,49927730,2387699,115,0
21:18:02:433,120001483,49594021,2401822,110,0
21:18:02:633,120000731,49991866,2398159,113,0
21:18:02:833,120001392,49658801,2405495,107,0
21:18:03:033,120000787,49864078,2394375,110,0
21:18:03:233,120001198,49762604,2407218,116,0
21:18:03:433,120000675,49595795,2390041,113,0
21:18:03:633,120001190,49845246,2389961,119,0
21:18:03:833,120001116,49589668,2407873,114,0
21:18:04:033,120001139,49966132,2385367,117,0
21:18:04:233,120001158,49576065,2406082,110,0
21:18:04:433,120000601,49858975,2391371,105,0
21:18:04:633,120001328,49756173,2407909,115,0
21:18:04:833,120000823,49774473,2391875,116,0
21:18:05:033,120000990,49698615,2391811,119,0
21:18:05:233,120000754,49721290,2406290,118,0
21:18:05:433,120000884,49766509,2381801,120,0
21:18:05:633,120001151,49681508,2415920,119,0
21:18:05:833,120000857,49945051,2384462,103,0
21:18:06:033,120000951,49548343,2401760,115,0
21:18:06:233,120000733,49528593,2391343,119,0
21:18:06:433,120001121,49907399,2387977,115,0
21:18:06:633,120001056,49688561,2412455,105,0
21:18:06:833,120000965,49847837,2382619,99,0
21:18:07:033,120001179,49607707,2405853,108,0
21:18:07:233,120000960,49800884,2393004,117,0
21:18:07:433,120001391,49729237,2397833,107,0
21:18:07:633,120000729,49775491,2400834,127,0
21:18:07:833,120001173,49774542,2390929,104,0
21:18:08:033,120001176,49503527,2398763,107,0
21:18:08:233,120001132,50029456,2392267,116,0
21:18:08:433,120001202,49526884,2400472,120,0
21:18:08:633,120000799,49704390,2394890,110,0
21:18:08:833,120001208,49840043,2397224,118,0
21:18:09:033,120000830,49631963,2401373,115,0
21:18:09:233,120001101,49890670,2387843,118,0
21:18:09:433,120001321,49559075,2404209,104,0
21:18:09:633,120000642,49923236,2389734,113,0
21:18:09:833,120001062,49597718,2399287,108,0
21:18:10:033,120000917,49749922,2397191,112,0
21:18:10:233,120001268,49867157,2402443,112,0
21:18:10:433,120000634,49627786,2396408,120,0
21:18:10:633,120001689,49893110,2393071,113,0
21:18:10:833,120001030,49579226,2407086,107,0
21:18:11:033,120000706,49931213,2384175,115,0
21:18:11:233,120001309,49586741,2405050,121,0
21:18:11:433,120000746,49673635,2391018,115,0
21:18:11:633,120001376,49843566,2397944,109,0
21:18:12:233,120000459,265133743,403,157,0
21:18:12:233,120000459,265133743,403,157,0
21:18:12:433,120001231,131441243,1482075,142,0
21:18:12:633,120001404,50007419,2390202,120,0
21:18:12:833,120001166,49446537,2392028,108,0
21:18:13:033,120000776,49679527,2399873,110,0
21:18:13:233,120000578,144024827,751029,70778,0
21:18:13:433,120000601,168209832,386686,87231,0
21:18:13:633,120000582,168008731,384341,87150,0
21:18:13:833,120000560,168580353,386527,81776,0
21:18:14:033,120000601,167828432,385753,88607,0
21:18:14:233,120000449,168745608,387149,80239,0
21:18:14:433,120000572,167727286,386357,89712,0
21:18:14:633,120000545,168155362,384984,84725,0
21:18:14:833,120000591,168376713,385583,84683,0
21:18:15:033,120000446,167936608,385278,87444,0
21:18:15:233,120000569,168653047,386096,81506,0
21:18:15:433,120000451,167769267,386589,88959,0
21:18:15:633,120000570,168811239,386223,79814,0
21:18:15:833,120000581,167698374,384504,89967,0
21:18:16:033,120000530,168100106,386147,85824,0
21:18:16:233,120000574,168463998,385780,83557,0
21:18:16:433,120000568,167872538,386236,88056,0
21:18:16:633,120000572,168713346,385425,80935,0
21:18:16:833,120000569,167749659,385569,89332,0
21:18:17:033,120000568,168416021,384024,81190,0
21:18:17:233,120000566,168097762,386864,88553,0
21:18:17:433,120000573,168022362,385908,86693,0
21:18:17:633,120000482,168567686,385599,82422,0
21:18:17:833,120000576,167834649,385835,88579,0
21:18:18:033,120000457,168751533,386123,80494,0
21:18:18:233,120000565,167727634,385581,89656,0
21:18:18:433,120000459,168242677,385228,83541,0
21:18:18:633,120000574,168271832,386044,86293,0
21:18:18:833,120000471,167974237,385158,87384,0
21:18:19:033,120000583,168625982,385869,81703,0
21:18:19:233,120000581,167818916,385191,88953,0
21:18:19:433,120000561,168771287,386886,80077,0
21:18:19:633,120000570,167702752,386214,89877,0
21:18:19:833,120000575,168097894,385891,85442,0
21:18:20:033,120000566,168416248,386879,84011,0
21:18:20:233,120000460,167935189,385121,87728,0
21:18:20:433,120000571,168684044,385050,81293,0
21:18:20:633,120000457,167755942,385612,89156,0
21:18:20:833,120000533,168601979,385904,79979,0
21:18:21:033,120000565,167929855,385132,89861,0
21:18:21:233,120000569,168057818,385691,86256,0
21:18:21:433,120000550,168473470,386916,83088,0
21:18:21:633,120000576,167868964,386028,88260,0
21:18:21:833,120000478,168750267,385071,80712,0
21:18:22:033,120000567,167715650,386546,89480,0
21:18:22:233,120000439,168325646,385540,82549,0
21:18:22:433,120000574,168202442,384979,87291,0
21:18:22:633,120000582,167976332,385913,87048,0
21:18:22:833,120000583,168585968,385665,82143,0
21:18:23:033,120000572,167842836,384898,88691,0
21:18:23:233,120000573,168771588,386265,80282,0
21:18:23:433,120000575,167700194,386680,89748,0
21:18:23:633,120000468,168192872,386228,84229,0
21:18:23:833,120000576,168313416,386004,85498,0
21:18:24:033,120000566,167964960,384893,87648,0
21:18:24:233,120000580,168633120,385964,81485,0
21:18:24:433,120000571,167806701,385464,89063,0
21:18:24:633,120000561,168802422,387371,79889,0
21:18:24:833,120000466,167689437,384154,89993,0
21:18:25:033,120000573,168076733,386854,85905,0
21:18:25:233,120000439,168447112,385494,83547,0
21:18:25:433,120000569,167941686,384871,88101,0
21:18:25:633,120000458,168658651,386780,80976,0
21:18:25:833,120000561,167789141,384738,89251,0
21:18:26:033,120000577,168493402,384801,79723,0
21:18:26:233,120000568,168040867,384781,89884,0
21:18:26:433,120000578,168045872,385386,86767,0
21:18:26:633,120000577,168490302,387280,82389,0
21:18:26:833,120000580,167858520,384911,88500,0
21:18:27:033,120000563,168749769,386900,80478,0
21:18:27:233,120000577,167731981,384521,89525,0
21:18:27:433,120000578,168274498,385226,83501,0
21:18:27:633,120000579,168294548,385667,86196,0
21:18:27:833,120000469,167939871,385634,87041,0
21:18:28:433,120000464,265141831,401,148,0
21:18:28:433,120000464,265141831,401,148,0
21:18:28:633,120000578,236442707,111555,27974,0
21:18:28:833,120000579,167866728,385907,88258,0
21:18:29:033,120000580,168698941,387276,80512,0
21:18:29:233,120000576,167771739,384744,89511,0
21:18:29:433,120000454,168306773,386675,82398,0
21:18:29:633,120000604,168209999,384799,87279,0
21:18:29:833,120000462,168004225,385364,87126,0
21:18:30:033,120000576,168593967,386225,81831,0
21:18:30:233,120000592,167834149,385467,88678,0
21:18:30:433,120000580,168739366,387518,80263,0
21:18:30:633,120000443,167769930,383361,89666,0
21:18:30:833,120000566,168135324,386079,84882,0
21:18:31:033,120000445,168375907,385022,84654,0
21:18:31:233,120000569,167946109,385429,87573,0
21:18:31:433,120000576,168654935,386003,81510,0
21:18:31:633,120000571,167763485,385276,89098,0
21:18:31:833,120000575,168838097,385750,79860,0
21:18:32:033,120000454,167698882,384152,89926,0
21:18:32:233,120000568,168086046,386015,85920,0
21:18:32:433,120000558,168443720,387117,83435,0
21:18:32:633,120000573,167886290,386032,87956,0
21:18:32:833,120000565,168730595,385259,80828,0
21:18:33:033,120000577,167733695,386632,89361,0
21:18:33:233,120000542,168403677,385293,81247,0
21:18:33:433,120000580,168107644,385332,88559,0
21:18:33:633,120000475,168019800,386109,86793,0
21:18:33:833,120000581,168575281,384619,82422,0
21:18:34:033,120000486,167843402,386201,88466,0
21:18:34:233,120000554,168758313,386146,80476,0
21:18:34:433,120000511,167705237,385934,89662,0
21:18:34:633,120000572,168265052,385795,83313,0
21:18:34:833,120000574,168264770,384673,86204,0
21:18:35:033,120000578,167973063,386048,87316,0
21:18:35:233,120000577,168624901,385728,81550,0
21:18:35:433,120000570,167820688,385588,88779,0
21:18:35:633,120000572,168797442,387021,79986,0
21:18:35:833,120000566,167685312,384382,89773,0
21:18:36:033,120000560,168122948,385518,85353,0
21:18:36:233,120000577,168420805,384588,84040,0
21:18:36:433,120000582,167959317,385651,87745,0
21:18:36:633,120000544,168629858,387330,81104,0
21:18:36:833,120000569,167789365,385502,89078,0
21:18:37:033,120000453,168544040,385513,79977,0
21:18:37:233,120000571,167975286,385465,89862,0
21:18:37:433,120000456,168051871,385802,86610,0
21:18:37:633,120000575,168466038,387263,82758,0
21:18:37:833,120000466,167868547,385513,88270,0
21:18:38:033,120000567,168734174,386834,80776,0
21:18:38:233,120000572,167731909,384737,89521,0
21:18:38:433,120000577,168329131,386585,82532,0
21:18:38:633,120000572,168219237,384702,87320,0
21:18:38:833,120000565,167960756,386413,86978,0
21:18:39:033,120000571,168576824,387031,82073,0
21:18:39:233,120000576,167832222,385197,88691,0
21:18:39:433,120000566,168782781,385971,80274,0
21:18:39:633,120000558,167701916,384625,89761,0
21:18:39:833,120000574,168228525,385349,84234,0
21:18:40:033,120000467,168298423,386307,85420,0
21:18:40:233,120000576,167942914,386293,87621,0
21:18:40:433,120000553,168629583,386459,81483,0
21:18:40:633,120000580,167815257,384015,89130,0
21:18:40:833,120000468,168810085,386922,79903,0
21:18:41:033,120000569,167676715,384987,90035,0
21:18:41:233,120000450,168084352,386276,85832,0
21:18:41:433,120000568,168444100,386348,83538,0
21:18:41:633,120000579,167932483,384547,88132,0
21:18:41:833,120000576,168663235,387084,80861,0
21:18:42:033,120000576,167802811,383564,89247,0
21:18:42:233,120000568,168459785,385683,80079,0
21:18:42:433,120000568,168025109,385910,89576,0
21:18:42:633,120000578,168032757,386258,86637,0
21:18:42:833,120000577,168501462,387769,82436,0
21:18:43:033,120000471,167883747,384281,88432,0
21:18:43:233,120000575,168733128,387495,80507,0
21:18:43:833,120000457,265133500,403,166,0
21:18:44:033,120000587,243759356,81981,23243,0
21:18:44:233,120000577,168118367,385586,85300,0
21:18:44:433,120000578,168447480,384711,84125,0
21:18:44:633,120000566,167894684,386050,87893,0
21:18:44:833,120000571,168669671,386640,81046,0
21:18:45:033,120000569,167790451,384867,89161,0
21:18:45:233,120000558,168498491,385163,79821,0
21:18:45:433,120000554,168010636,387560,89875,0
21:18:45:633,120000571,168036281,385795,86432,0
21:18:45:833,120000476,168514846,385577,82732,0
21:18:46:033,120000580,167896678,385411,88397,0
21:18:46:233,120000457,168692503,386515,80560,0
21:18:46:433,120000575,167786335,384868,89447,0
21:18:46:633,120000577,168273737,386754,82395,0
21:18:46:833,120000572,168218473,385309,87291,0
21:18:47:033,120000566,168000491,386068,87069,0
21:18:47:233,120000562,168547293,386086,81981,0
21:18:47:433,120000577,167839799,385121,88703,0
21:18:47:633,120000576,168766508,386759,80299,0
21:18:47:833,120000576,167728294,383918,89828,0
21:18:48:033,120000475,168165108,385867,84899,0
21:18:48:233,120000573,168364606,386377,84802,0
21:18:48:433,120000549,167912917,386713,87530,0
21:18:48:633,120000576,168653713,385333,81426,0
21:18:48:833,120000560,167790476,386501,89000,0
21:18:49:033,120000568,168819976,386593,79740,0
21:18:49:233,120000454,167691713,383936,89851,0
21:18:49:433,120000582,168097647,384936,85794,0
21:18:49:633,120000464,168491094,384508,83510,0
21:18:49:833,120000580,167862239,387551,87966,0
21:18:50:033,120000573,168688136,385857,80830,0
21:18:50:233,120000580,167771277,385936,89285,0
21:18:50:433,120000577,168406182,385075,81345,0
21:18:50:633,120000578,168104630,385375,88577,0
21:18:50:833,120000566,168017927,386788,86779,0
21:18:51:033,120000576,168585565,383929,82434,0
21:18:51:233,120000579,167836246,385021,88533,0
21:18:51:433,120000470,168710753,388173,80317,0
21:18:51:633,120000573,167753561,384705,89623,0
21:18:51:833,120000553,168231922,386908,83415,0
21:18:52:033,120000573,168285686,384389,86293,0
21:18:52:233,120000477,167986995,385395,87355,0
21:18:52:433,120000562,168608375,386739,81671,0
21:18:52:633,120000557,167815796,385166,88796,0
21:18:52:833,120000567,168761753,387013,80141,0
21:18:53:033,120000450,167737914,383618,89874,0
21:18:53:233,120000573,168103586,386210,85407,0
21:18:53:433,120000557,168412091,386694,83979,0
21:18:53:633,120000574,167912790,386482,87777,0
21:18:53:833,120000583,168672606,387329,81254,0
21:18:54:033,120000574,167747704,385373,89236,0
21:18:54:233,120000541,168653912,385521,79948,0
21:18:54:433,120000451,167864188,385118,89953,0
21:18:54:633,120000577,168058493,386239,86193,0
21:18:54:833,120000559,168488698,386373,83050,0
21:18:55:033,120000570,167865379,386756,88254,0
21:18:55:233,120000562,168731679,386516,80725,0
21:18:55:433,120000570,167737435,384163,89479,0
21:18:55:633,120000469,168337425,385716,82515,0
21:18:55:833,120000579,168171491,386461,87149,0
21:18:56:033,120000457,168001320,386443,86963,0
21:18:56:233,120000570,168578280,386747,82096,0
21:18:56:433,120000456,167827692,385319,88709,0
21:18:56:633,120000547,168780794,387179,80239,0
21:18:56:833,120000569,167715457,384291,89653,0
21:18:57:033,120000573,168195765,385665,84163,0
21:18:57:233,120000574,168326361,386022,85377,0
21:18:57:433,120000578,167969736,383964,87617,0
21:18:57:633,120000578,168631213,386678,81441,0
21:18:57:833,120000574,167817685,385242,89035,0
21:18:58:033,120000581,168813327,386132,79919,0
21:18:58:233,120000576,167672206,384850,89903,0
21:18:58:433,120000581,168078227,386600,85836,0
21:18:58:633,120000576,168446182,386063,83534,0
21:18:58:833,120000578,167941248,384288,87888,0
21:18:59:233,120000498,260589052,19134,2821,0
21:18:59:433,120000583,259990884,17211,9079,0
21:18:59:633,120000575,168401892,384953,84021,0
21:18:59:833,120000578,167895844,387319,87842,0
21:19:00:033,120000578,168666155,385794,81238,0
21:19:00:233,120000560,167787072,386184,89209,0
21:19:00:433,120000533,168685462,386178,79811,0
21:19:00:633,120000477,167822485,385032,89952,0
21:19:00:833,120000573,168055307,386579,86159,0
21:19:01:033,120000478,168519214,385555,83055,0
21:19:01:233,120000613,167864282,386288,88183,0
21:19:01:433,120000447,168709900,386550,80714,0
21:19:01:633,120000573,167770448,383893,89451,0
21:19:01:833,120000563,168355711,385314,82531,0
21:19:02:033,120000568,168140762,387528,87229,0
21:19:02:233,120000574,168013466,385062,86922,0
21:19:02:433,120000573,168586915,386662,82170,0
21:19:02:633,120000576,167826296,386244,88606,0
21:19:02:833,120000535,168731752,386986,80306,0
21:19:03:033,120000580,167744182,383579,89732,0
21:19:03:233,120000577,168187031,386360,84174,0
21:19:03:433,120000575,168320608,386179,85435,0
21:19:03:633,120000571,167984844,385214,87441,0
21:19:03:833,120000573,168619100,386892,81456,0
21:19:04:033,120000458,167797843,384623,88931,0
21:19:04:233,120000574,168798757,386863,80000,0
21:19:04:433,120000551,167717943,384251,89874,0
21:19:04:633,120000580,168089951,385551,85861,0
21:19:04:833,120000512,168426261,387004,83553,0
21:19:05:033,120000576,167910179,384213,87931,0
21:19:05:233,120000565,168717405,386181,81092,0
21:19:05:433,120000574,167729638,385443,89257,0
21:19:05:633,120000567,168480583,386067,79918,0
21:19:05:833,120000556,168036217,386197,89896,0
21:19:06:033,120000582,168021563,385562,86604,0
21:19:06:233,120000575,168535101,386219,82669,0
21:19:06:433,120000574,167851759,385924,88437,0
21:19:06:633,120000570,168771980,385326,80554,0
21:19:06:833,120000572,167709791,385662,89503,0
21:19:07:033,120000563,168298184,384366,83498,0
21:19:07:233,120000580,168211081,387129,86160,0
21:19:07:433,120000563,167986610,385821,87154,0
21:19:07:633,120000577,168609577,385557,81817,0
21:19:07:833,120000560,167820852,385705,88768,0
21:19:08:033,120000574,168804832,387021,80088,0
21:19:08:233,120000471,167684199,385447,89723,0
21:19:08:433,120000562,168165866,384928,84787,0
21:19:08:633,120000568,168367330,387152,84693,0
21:19:08:833,120000572,167951492,385953,87574,0
21:19:09:033,120000574,168654919,386730,81160,0
21:19:09:233,120000575,167807060,386216,88981,0
21:19:09:433,120000568,168802130,385884,79718,0
21:19:09:633,120000565,167689980,385921,89884,0
21:19:09:833,120000572,168062655,386023,86113,0
21:19:10:033,120000574,168468410,387574,83041,0
21:19:10:233,120000574,167899786,386295,87997,0
21:19:10:433,120000558,168696138,386076,80841,0
21:19:10:633,120000576,167767328,385236,89294,0
21:19:10:833,120000566,168385728,385523,81121,0
21:19:11:033,120000582,168160847,385364,88518,0
21:19:11:233,120000456,167993622,386890,86591,0
21:19:11:433,120000566,168538686,386520,82315,0
21:19:11:633,120000445,167853652,384711,88452,0
21:19:11:833,120000566,168763962,386058,80326,0
21:19:12:033,120000446,167715915,384826,89636,0
21:19:12:233,120000568,168235189,385878,84200,0
21:19:12:433,120000572,168332320,385216,85428,0
21:19:12:633,120000571,167930392,385636,87392,0
21:19:12:833,120000568,168627429,385201,81616,0
21:19:13:033,120000574,167816647,385117,88880,0
21:19:13:233,120000576,168792600,388042,79893,0
21:19:13:433,120000560,167688028,385068,89881,0
21:19:13:633,120000578,168117433,385815,85288,0
21:19:13:833,120000464,168440768,385552,84041,0
21:19:14:033,120000579,167908791,386010,87858,0
21:19:14:233,120000577,168657544,387168,81049,0
21:19:14:833,120000456,265141781,401,156,0
21:19:14:833,120000456,265141781,401,156,0
21:19:15:033,120000581,179276427,337676,80864,0
21:19:15:233,120000571,168659547,385270,81376,0
21:19:15:433,120000460,167761226,385725,88968,0
21:19:15:633,120000581,168831037,386424,79850,0
21:19:15:833,120000566,167696569,384922,89968,0
21:19:16:033,120000600,168081376,385491,86167,0
21:19:16:233,120000552,168448720,387143,83007,0
21:19:16:433,120000574,167882600,385628,88004,0
21:19:16:633,120000485,168739720,386040,80786,0
21:19:16:833,120000575,167730514,385499,89221,0
21:19:17:033,120000434,168406211,384889,81207,0
21:19:17:233,120000564,168144399,385483,88389,0
21:19:17:433,120000572,167990707,385771,86692,0
21:19:17:633,120000578,168560303,387483,82363,0
21:19:17:833,120000572,167849752,385783,88442,0
21:19:18:033,120000560,168778318,384461,80412,0
21:19:18:233,120000572,167710499,386219,89497,0
21:19:18:433,120000557,168267721,385030,83647,0
21:19:18:633,120000575,168263647,386626,85690,0
21:19:18:833,120000568,167968412,385932,87190,0
21:19:19:033,120000568,168634435,385222,81520,0
21:19:19:233,120000552,167825861,385161,88739,0
21:19:19:433,120000575,168798697,387106,79919,0
21:19:19:633,120000561,167688202,385864,89842,0
21:19:19:833,120000561,168117761,386124,85277,0
21:19:20:033,120000454,168419267,385481,84002,0
21:19:20:233,120000581,167949322,384524,87845,0
21:19:20:433,120000453,168652653,387523,81089,0
21:19:20:633,120000580,167809359,383957,89238,0
21:19:20:833,120000541,168485604,386371,79808,0
21:19:21:033,120000581,168016858,384895,89939,0
21:19:21:233,120000569,168043745,385665,86470,0
21:19:21:433,120000570,168493601,386337,82706,0
21:19:21:633,120000561,167916275,384611,88199,0
21:19:21:833,120000573,168693393,387269,80649,0
21:19:22:033,120000566,167786067,382920,89342,0
21:19:22:233,120000571,168290196,386054,82428,0
21:19:22:433,120000568,168216014,386573,87069,0
21:19:22:633,120000558,168012676,385117,86772,0
21:19:22:833,120000572,168542263,386868,82085,0
21:19:23:033,120000454,167839737,385220,88550,0
21:19:23:233,120000574,168786101,386625,80191,0
21:19:23:433,120000465,167708549,385506,89595,0
21:19:23:633,120000590,168197561,385566,84779,0
21:19:23:833,120000461,168366655,386028,84701,0
21:19:24:033,120000577,167921050,385251,87438,0
21:19:24:233,120000569,168640080,385989,81413,0
21:19:24:433,120000572,167796873,385406,89035,0
21:19:24:633,120000574,168813047,386604,79904,0
21:19:24:833,120000580,167679081,385999,89909,0
21:19:25:033,120000571,168095233,384479,85726,0
21:19:25:233,120000581,168503995,385700,83575,0
21:19:25:433,120000576,167853987,386958,88056,0
21:19:25:633,120000566,168684902,386469,80774,0
21:19:25:833,120000565,167783668,385838,89186,0
21:19:26:033,120000465,168417634,384744,81193,0
21:19:26:233,120000569,168104998,385808,88496,0
21:19:26:433,120000503,168015238,386486,86633,0
21:19:26:633,120000563,168571689,385352,82383,0
21:19:26:833,120000453,167851387,385596,88418,0
21:19:27:033,120000575,168712786,387075,80376,0
21:19:27:233,120000444,167767601,385061,89490,0
21:19:27:433,120000579,168227184,386117,83375,0
21:19:27:633,120000575,168275886,386602,86228,0
21:19:27:833,120000578,167995120,385309,87332,0
21:19:28:033,120000572,168617192,385021,81535,0
21:19:28:233,120000563,167815256,385100,88764,0
21:19:28:433,120000572,168774444,386609,80091,0
21:19:28:633,120000543,167731064,384526,89826,0
21:19:28:833,120000574,168112752,386161,85333,0
21:19:29:033,120000578,168409380,386145,84022,0
21:19:29:233,120000578,167919967,385903,87714,0
21:19:29:433,120000559,168693020,385298,81156,0
21:19:29:633,120000574,167747342,386492,89142,0
21:19:30:233,120000451,265134283,403,163,0
21:19:30:233,120000451,265134283,403,163,0
21:19:30:433,120000589,195979968,273224,62737,0
21:19:30:633,120000574,167814580,384934,88939,0
21:19:30:833,120000578,168802660,387092,79859,0
21:19:31:033,120000475,167688977,385235,89954,0
21:19:31:233,120000582,168086576,386952,85806,0
21:19:31:433,120000477,168448774,385774,83545,0
21:19:31:633,120000579,167946939,385683,88041,0
21:19:31:833,120000549,168656049,387009,80862,0
21:19:32:033,120000591,167799399,384380,89253,0
21:19:32:233,120000557,168488798,385416,79841,0
21:19:32:433,120000571,168022970,384786,89948,0
21:19:32:633,120000574,168045258,385169,86759,0
21:19:32:833,120000573,168491276,387195,82423,0
21:19:33:033,120000574,167881402,384873,88364,0
21:19:33:233,120000575,168739701,386867,80480,0
21:19:33:433,120000577,167741432,384428,89470,0
21:19:33:633,120000571,168263804,385118,83477,0
21:19:33:833,120000571,168283047,385732,86244,0
21:19:34:033,120000458,167948787,386562,86982,0
21:19:34:233,120000576,168598529,386615,81809,0
21:19:34:433,120000576,167831268,385527,88698,0
21:19:34:633,120000574,168802893,385768,80012,0
21:19:34:833,120000449,167691968,385678,89705,0
21:19:35:033,120000578,168202863,384631,84734,0
21:19:35:233,120000550,168386848,385906,84593,0
21:19:35:433,120000566,167896125,385762,87691,0
21:19:35:633,120000440,168666521,385008,81132,0
21:19:35:833,120000568,167795139,386095,89053,0
21:19:36:033,120000568,168713706,385740,79807,0
21:19:36:233,120000574,167796119,386145,89726,0
21:19:36:433,120000574,168074489,384634,86073,0
21:19:36:633,120000563,168528624,384674,83105,0
21:19:36:833,120000571,167868428,385981,88011,0
21:19:37:033,120000577,168698896,385738,80661,0
21:19:37:233,120000566,167773610,385455,89386,0
21:19:37:433,120000549,168385813,385601,81816,0
21:19:37:633,120000579,168128929,386127,87842,0
21:19:37:833,120000578,168003258,386110,86820,0
21:19:38:033,120000577,168593036,385360,82030,0
21:19:38:233,120000577,167853077,385281,88556,0
21:19:38:433,120000576,168729944,386045,80221,0
21:19:38:634,120000478,167753361,385055,89636,0
21:19:38:834,120000576,168184724,386081,84122,0
21:19:39:034,120000451,168324146,385589,85459,0
21:19:39:234,120000551,167982211,385323,87439,0
21:19:39:434,120000576,168630459,385331,81586,0
21:19:39:634,120000578,167781792,385406,88884,0
21:19:39:834,120000576,168812117,385622,79905,0
21:19:40:034,120000567,167701831,385753,89928,0
21:19:40:234,120000576,168093038,386475,85957,0
21:19:40:434,120000577,168438617,386025,83439,0
21:19:40:634,120000578,167898475,385895,87789,0
21:19:40:834,120000561,168705599,385400,81041,0
21:19:41:034,120000574,167739891,385854,89184,0
21:19:41:234,120000577,168481129,386793,79721,0
21:19:41:434,120000577,168050448,384067,89965,0
21:19:41:634,120000448,168027413,385942,86420,0
21:19:41:834,120000572,168544289,385326,82712,0
21:19:42:034,120000456,167853660,385752,88286,0
21:19:42:234,120000559,168760291,386168,80565,0
21:19:42:434,120000449,167716293,385397,89536,0
21:19:42:634,120000584,168307475,385124,83370,0
21:19:42:834,120000575,168217897,385140,86242,0
21:19:43:034,120000572,167977993,386877,87229,0
21:19:43:234,120000571,168610485,386235,81846,0
21:19:43:434,120000578,167821515,385312,88813,0
21:19:43:634,120000574,168812094,385890,80164,0
21:19:43:834,120000553,167674611,386603,89793,0
21:19:44:034,120000564,168149506,386764,84777,0
21:19:44:234,120000571,168362568,386554,84731,0
21:19:44:434,120000582,167970635,383993,87619,0
21:19:44:634,120000563,168657774,385424,81166,0
21:19:44:834,120000569,167810112,386192,89092,0
21:19:45:034,120000529,168803273,386049,79746,0
21:19:45:634,120000457,265141759,401,162,0
21:19:45:634,120000457,265141759,401,162,0
21:19:45:834,120000596,211369786,210647,52487,0
21:19:46:034,120000564,168813480,387042,79821,0
21:19:46:234,120000575,167674395,386120,89948,0
21:19:46:434,120000571,168089888,385670,85805,0
21:19:46:634,120000452,168454952,385191,83531,0
21:19:46:834,120000603,167923146,385272,88066,0
21:19:47:034,120000454,168675082,387502,80827,0
21:19:47:234,120000571,167788257,384953,89372,0
21:19:47:434,120000546,168447312,385353,80615,0
21:19:47:634,120000568,168037969,386791,89290,0
21:19:47:834,120000579,168031918,385294,86728,0
21:19:48:034,120000577,168504224,387427,82395,0
21:19:48:234,120000580,167891400,383692,88468,0
21:19:48:434,120000580,168725752,386573,80554,0
21:19:48:634,120000575,167742754,385161,89624,0
21:19:48:834,120000577,168241748,386526,83526,0
21:19:49:034,120000575,168280000,385537,86312,0
21:19:49:234,120000474,167960393,385483,87225,0
21:19:49:434,120000572,168589456,386195,81880,0
21:19:49:634,120000573,167820646,385557,88870,0
21:19:49:834,120000583,168793735,386088,80169,0
21:19:50:034,120000451,167680990,386230,89843,0
21:19:50:234,120000566,168187515,385390,85044,0
21:19:50:434,120000516,168384488,386195,84538,0
21:19:50:634,120000579,167891510,386490,87870,0
21:19:50:834,120000448,168656118,385176,81270,0
21:19:51:034,120000571,167781493,386573,89179,0
21:19:51:234,120000577,168709884,385585,79902,0
21:19:51:434,120000579,167787694,386857,89850,0
21:19:51:634,120000579,168070471,385073,86124,0
21:19:51:834,120000560,168529896,385349,83011,0
21:19:52:034,120000564,167859990,386014,88133,0
21:19:52:234,120000574,168695031,387212,80663,0
21:19:52:434,120000575,167757154,386938,89385,0
21:19:52:634,120000570,168400330,384830,81394,0
21:19:52:834,120000571,168112429,386945,88161,0
21:19:53:034,120000574,168020094,383935,86753,0
21:19:53:234,120000571,168585228,385725,82137,0
21:19:53:434,120000554,167841404,386310,88652,0
21:19:53:634,120000572,168715208,386816,80401,0
21:19:53:834,120000568,167765514,384270,89678,0
21:19:54:034,120000580,168179302,385422,84252,0
21:19:54:234,120000509,168334682,385025,85428,0
21:19:54:434,120000568,167959316,385532,87471,0
21:19:54:634,120000460,168612051,386140,81695,0
21:19:54:834,120000564,167781386,386193,89025,0
21:19:55:034,120000573,168810109,386516,80043,0
21:19:55:234,120000525,167717912,384855,89964,0
21:19:55:434,120000561,168118866,385588,85825,0
21:19:55:634,120000568,168417413,386056,83688,0
21:19:55:834,120000580,167892440,386801,87920,0
21:19:56:034,120000455,168704759,384561,81119,0
21:19:56:234,120000569,167757934,386042,89331,0
21:19:56:434,120000552,168478238,386052,79873,0
21:19:56:634,120000579,168017960,385155,90046,0
21:19:56:834,120000553,168033249,386930,86509,0
21:19:57:034,120000583,168546374,385290,82784,0
21:19:57:234,120000504,167848406,386077,88454,0
21:19:57:434,120000568,168744313,384936,80631,0
21:19:57:634,120000554,167733035,384902,89578,0
21:19:57:834,120000555,168317938,385472,82818,0
21:19:58:034,120000433,168180029,386074,87005,0
21:19:58:234,120000572,167985049,386339,87220,0
21:19:58:434,120000571,168616451,384286,81921,0
21:19:58:634,120000575,167832271,385767,88723,0
21:19:58:834,120000578,168774651,386045,80193,0
21:19:59:034,120000577,167702344,385033,89892,0
21:19:59:234,120000577,168144074,387080,84795,0
21:19:59:434,120000560,168387472,383796,84691,0
21:19:59:634,120000571,167971104,385199,87677,0
21:19:59:834,120000570,168640287,385913,81312,0
21:20:00:034,120000575,167779063,386220,89182,0
21:20:00:234,120000571,168820388,387279,79855,0
21:20:00:434,120000578,167691287,384377,90145,0
21:20:01:034,120000464,265133904,403,164,0
21:20:01:034,120000464,265133904,403,164,0
21:20:01:234,120000584,228252615,146453,32804,0
21:20:01:434,120000520,167695289,384445,89898,0
21:20:01:634,120000577,168142858,386167,85521,0
21:20:01:834,120000542,168421290,385998,84182,0
21:20:02:034,120000581,167867187,388487,87938,0
21:20:02:234,120000470,168669716,384917,81121,0
21:20:02:434,120000567,167773649,386485,89312,0
21:20:02:634,120000521,168482440,385339,79935,0
21:20:02:834,120000591,168021607,385222,89945,0
21:20:03:034,120000442,168030217,386105,86557,0
21:20:03:234,120000559,168557784,384326,82779,0
21:20:03:434,120000564,167848657,385942,88501,0
21:20:03:634,120000569,168714297,385853,80558,0
21:20:03:834,120000560,167769411,384764,89573,0
21:20:04:034,120000536,168297372,386732,82472,0
21:20:04:234,120000568,168197221,386004,87330,0
21:20:04:434,120000562,167989081,385592,87231,0
21:20:04:634,120000577,168598781,385438,81748,0
21:20:04:834,120000560,167839391,384607,88645,0
21:20:05:034,120000572,168747634,386105,80239,0
21:20:05:234,120000552,167749036,385053,89736,0
21:20:05:434,120000568,168144141,385914,84782,0
21:20:05:634,120000559,168372683,385452,84751,0
21:20:05:834,120000571,167959808,385004,87545,0
21:20:06:034,120000545,168658207,385491,81449,0
21:20:06:234,120000567,167762739,385774,89028,0
21:20:06:434,120000449,168824525,387303,79875,0
21:20:06:634,120000563,167697484,384040,89850,0
21:20:06:834,120000579,168097841,385949,85928,0
21:20:07:034,120000579,168452751,385518,83460,0
21:20:07:234,120000578,167885073,385756,88106,0
21:20:07:434,120000561,168722031,386666,80829,0
21:20:07:634,120000573,167719743,387177,89298,0
21:20:07:834,120000582,168405402,385488,81247,0
21:20:08:034,120000579,168121297,383674,88490,0
21:20:08:234,120000566,168011368,386270,86639,0
21:20:08:434,120000568,168568370,385203,82329,0
21:20:08:634,120000571,167834652,386209,88511,0
21:20:08:834,120000575,168772200,385944,80415,0
21:20:09:034,120000576,167712264,385534,89598,0
21:20:09:234,120000574,168278704,384917,83329,0
21:20:09:434,120000448,168248623,385261,86245,0
21:20:09:634,120000561,167977019,385867,87225,0
21:20:09:834,120000452,168624631,386901,81608,0
21:20:10:034,120000578,167826675,385214,88844,0
21:20:10:234,120000578,168808618,386536,79994,0
21:20:10:434,120000570,167673385,385915,89808,0
21:20:10:634,120000575,168112502,386338,85393,0
21:20:10:834,120000576,168411988,385769,84079,0
21:20:11:034,120000580,167955325,384839,87956,0
21:20:11:234,120000574,168657775,385979,81099,0
21:20:11:434,120000573,167788421,386046,89052,0
21:20:11:634,120000565,168530243,385785,79986,0
21:20:11:834,120000568,167972262,385893,89897,0
21:20:12:034,120000558,168039287,386099,86512,0
21:20:12:234,120000583,168472097,386815,82701,0
21:20:12:434,120000471,167870864,385510,88216,0
21:20:12:634,120000562,168744372,385664,80755,0
21:20:12:834,120000451,167723827,385257,89481,0
21:20:13:034,120000560,168331124,386015,82456,0
21:20:13:234,120000524,168221166,386093,87237,0
21:20:13:434,120000572,167964264,386419,86864,0
21:20:13:634,120000573,168595066,385101,82139,0
21:20:13:834,120000571,167830076,385799,88692,0
21:20:14:034,120000573,168770221,386856,80280,0
21:20:14:234,120000575,167703506,385250,89666,0
21:20:14:434,120000577,168233411,385246,84257,0
21:20:14:634,120000457,168327313,384711,85434,0
21:20:14:834,120000576,167925343,387117,87512,0
21:20:15:034,120000574,168634527,386065,81386,0
21:20:15:234,120000576,167803888,384756,89122,0
21:20:15:434,120000515,168800088,388292,79787,0
21:20:15:634,120000565,167699969,383253,89950,0
21:20:15:834,120000459,168082629,386522,85784,0
21:20:16:434,120000475,265141961,401,163,0
21:20:16:634,120000593,244057481,80464,23065,0
21:20:16:834,120000572,168103261,386044,85318,0
21:20:17:034,120000582,168417344,385658,84043,0
21:20:17:234,120000580,167927253,385363,87705,0
21:20:17:434,120000558,168690035,385933,81234,0
21:20:17:634,120000574,167746334,385773,89156,0
21:20:17:834,120000492,168638907,385344,79845,0
21:20:18:034,120000570,167907901,384658,89863,0
21:20:18:234,120000484,168054408,385798,86128,0
21:20:18:434,120000591,168484498,386399,83050,0
21:20:18:634,120000576,167870374,386029,88241,0
21:20:18:834,120000577,168756148,385166,80812,0
21:20:19:034,120000578,167709824,386839,89434,0
21:20:19:234,120000568,168330955,384960,82509,0
21:20:19:434,120000574,168184021,386800,87214,0
21:20:19:634,120000576,167994965,385601,87074,0
21:20:19:834,120000580,168593431,384553,82235,0
21:20:20:034,120000554,167820831,386188,88819,0
21:20:20:234,120000578,168790543,385478,80326,0
21:20:20:434,120000566,167692295,385462,89790,0
21:20:20:634,120000580,168193318,385602,84240,0
21:20:20:834,120000451,168324434,385684,85424,0
21:20:21:034,120000575,167968213,383897,87586,0
21:20:21:234,120000468,168632241,385987,81551,0
21:20:21:434,120000577,167812166,385083,89103,0
21:20:21:634,120000446,168804750,386519,79859,0
21:20:21:834,120000582,167683575,384465,89946,0
21:20:22:034,120000577,168083660,386365,85828,0
21:20:22:234,120000574,168454343,384764,83523,0
21:20:22:434,120000583,167950707,385054,87859,0
21:20:22:634,120000575,168655148,386952,80915,0
21:20:22:834,120000578,167783215,385223,89187,0
21:20:23:034,120000460,168479222,386045,79770,0
21:20:23:234,120000583,168049619,384599,89841,0
21:20:23:434,120000572,168040910,385693,86731,0
21:20:23:634,120000583,168489473,387177,82471,0
21:20:23:834,120000451,167864446,384589,88366,0
21:20:24:034,120000568,168751527,386980,80438,0
21:20:24:234,120000456,167742841,383696,89408,0
21:20:24:434,120000576,168266066,385630,83418,0
21:20:24:634,120000540,168285892,385805,86111,0
21:20:24:834,120000576,167945200,385855,87027,0
21:20:25:034,120000464,168604073,386816,81747,0
21:20:25:234,120000566,167830241,384514,88755,0
21:20:25:434,120000561,168799907,385654,80021,0
21:20:25:634,120000577,167688713,385698,89699,0
21:20:25:834,120000577,168195057,385609,84656,0
21:20:26:034,120000560,168384255,386364,84555,0
21:20:26:234,120000564,167902070,386770,87657,0
21:20:26:434,120000562,168662884,385462,81243,0
21:20:26:634,120000577,167788678,385174,89159,0
21:20:26:834,120000576,168723344,386078,79820,0
21:20:27:034,120000580,167778124,386026,89969,0
21:20:27:234,120000559,168062424,385577,86295,0
21:20:27:434,120000579,168504646,385951,83111,0
21:20:27:634,120000472,167867724,386690,88336,0
21:20:27:834,120000577,168695812,386389,80712,0
21:20:28:034,120000486,167765254,385958,89434,0
21:20:28:234,120000571,168404447,384726,81157,0
21:20:28:434,120000545,168114909,385727,88597,0
21:20:28:634,120000567,168015568,385007,87014,0
21:20:28:834,120001278,168559073,386089,82151,0
21:20:29:034,120000559,167847055,386322,88466,0
21:20:29:234,120000573,168726506,387125,80388,0
21:20:29:434,120000560,167762319,383965,89655,0
21:20:29:634,120000558,168176199,386718,84271,0
21:20:29:834,120000580,168338398,385078,85396,0
21:20:30:034,120000575,167943801,385683,87372,0
21:20:30:234,120000473,168620174,385540,81734,0
21:20:30:434,120000572,167790619,386651,89021,0
21:20:30:634,120000579,168799751,386817,80012,0
21:20:30:834,120000580,167704411,384801,89882,0
21:20:31:034,120000546,168140540,385880,85424,0
21:20:31:234,120000568,168422736,385433,84078,0
21:20:31:434,120000481,167872164,387657,87904,0
21:20:31:834,120000501,260378810,20233,2958,0
21:20:32:034,120000594,260264874,16560,8239,0
21:20:32:234,120000574,168384511,384503,84683,0
21:20:32:434,120000567,167946972,385813,87728,0
21:20:32:634,120000465,168635201,387059,81213,0
21:20:32:834,120000575,167809452,385934,89098,0
21:20:33:034,120000452,168791923,386844,79781,0
21:20:33:234,120000601,167683409,384250,90141,0
21:20:33:434,120000518,168057774,386550,86236,0
21:20:33:634,120000582,168482419,385544,83032,0
21:20:33:834,120000606,167916394,385947,88006,0
21:20:34:034,120000572,168689577,386971,80867,0
21:20:34:234,120000578,167770221,383669,89239,0
21:20:34:434,120000571,168382400,385905,81203,0
21:20:34:634,120000575,168159690,385147,88520,0
21:20:34:834,120000558,168005919,385808,86621,0
21:20:35:034,120000573,168518993,387412,82400,0
21:20:35:234,120000580,167846103,385217,88498,0
21:20:35:434,120000573,168768243,386358,80415,0
21:20:35:634,120000567,167717406,383680,89667,0
21:20:35:834,120000560,168235871,385952,84207,0
21:20:36:034,120000558,168328195,385248,85317,0
21:20:36:234,120000579,167933936,386059,87289,0
21:20:36:434,120000545,168616088,386509,81640,0
21:20:36:634,120000574,167809002,385944,88904,0
21:20:36:834,120000498,168806885,386231,79957,0
21:20:37:034,120000573,167681873,385607,89860,0
21:20:37:234,120000443,168131503,385444,85261,0
21:20:37:434,120000554,168451297,385624,84037,0
21:20:37:634,120000570,167908183,386048,87844,0
21:20:37:834,120000574,168669024,386484,81072,0
21:20:38:034,120000574,167785919,384390,89202,0
21:20:38:234,120000567,168487040,385448,79722,0
21:20:38:434,120000578,168023073,386622,89760,0
21:20:38:634,120000571,168041194,385765,86462,0
21:20:38:834,120000573,168539888,384870,82653,0
21:20:39:034,120000563,167878163,386141,88380,0
21:20:39:234,120000560,168690291,387760,80502,0
21:20:39:434,120000559,167788483,384109,89451,0
21:20:39:634,120000570,168287827,385712,82390,0
21:20:39:834,120000484,168221297,385626,87174,0
21:20:40:034,120000561,168004716,385284,87127,0
21:20:40:234,120000451,168562724,386336,81779,0
21:20:40:434,120000566,167832925,385255,88711,0
21:20:40:634,120000436,168763193,385901,80285,0
21:20:40:834,120000570,167741385,384980,89759,0
21:20:41:034,120000576,168149490,385961,84822,0
21:20:41:234,120000571,168368589,386467,84723,0
21:20:41:434,120000575,167910929,385959,87524,0
21:20:41:634,120000569,168651378,385117,81440,0
21:20:41:834,120000574,167798124,385101,89053,0
21:20:42:034,120000576,168811203,386608,79901,0
21:20:42:234,120000578,167691892,384857,90061,0
21:20:42:434,120000471,168084128,386271,85893,0
21:20:42:634,120000573,168468973,386152,83609,0
21:20:42:834,120000580,167869949,386511,88081,0
21:20:43:034,120000575,168714070,384291,80957,0
21:20:43:234,120000556,167757162,385870,89503,0
21:20:43:434,120000573,168405143,385018,81298,0
21:20:43:634,120000466,168105411,386222,88561,0
21:20:43:834,120000582,168019200,385854,86878,0
21:20:44:034,120000452,168574815,385226,82459,0
21:20:44:234,120000568,167839162,384895,88595,0
21:20:44:434,120000580,168725895,387538,80426,0
21:20:44:634,120000566,167736435,385332,89731,0
21:20:44:834,120000575,168231172,386712,83402,0
21:20:45:034,120000575,168274280,386523,86301,0
21:20:45:234,120000560,167982557,385284,87335,0
21:20:45:434,120000560,168628721,385187,81679,0
21:20:45:634,120000577,167812297,385906,88871,0
21:20:45:834,120000470,168742093,387311,80160,0
21:20:46:034,120000572,167733513,386066,89775,0
21:20:46:234,120000579,168105760,385490,85275,0
21:20:46:434,120000573,168414846,386845,84001,0
21:20:46:634,120000465,167924442,384926,87675,0
21:20:46:834,120000556,168683761,386082,81170,0
21:20:47:434,120000456,265133711,403,161,0
21:20:47:434,120000456,265133711,403,161,0
21:20:47:634,120000593,179528854,336800,80680,0
21:20:47:834,120000572,168641237,385377,81450,0
21:20:48:034,120000565,167800135,384719,89033,0
21:20:48:234,120000537,168817237,386551,79808,0
21:20:48:434,120000572,167693060,385095,89832,0
21:20:48:634,120000498,168099253,384634,85796,0
21:20:48:834,120000562,168487631,385791,83475,0
21:20:49:034,120000451,167881042,385670,87992,0
21:20:49:234,120000594,168675727,387660,80806,0
21:20:49:434,120000574,167796523,383898,89192,0
21:20:49:634,120000577,168426284,384967,81175,0
21:20:49:834,120000578,168079132,387321,88408,0
21:20:50:034,120000572,168015595,385684,86636,0
21:20:50:234,120000567,168549034,386621,82350,0
21:20:50:434,120000554,167883170,385576,88349,0
21:20:50:634,120000571,168716040,386087,80414,0
21:20:50:834,120000573,167779645,384436,89543,0
21:20:51:034,120000573,168217688,386314,83325,0
21:20:51:234,120000491,168282443,386052,86111,0
21:20:51:434,120000570,167998281,385220,87133,0
21:20:51:634,120000454,168597333,385172,81683,0
21:20:51:834,120000576,167803335,387160,88760,0
21:20:52:034,120000448,168778895,386517,80018,0
21:20:52:234,120000570,167731838,384928,89684,0
21:20:52:434,120000453,168127596,386821,85428,0
21:20:52:634,120000567,168411103,385374,84053,0
21:20:52:834,120000569,167907380,386162,87632,0
21:20:53:034,120000563,168669761,385965,81174,0
21:20:53:234,120000574,167777915,385874,89016,0
21:20:53:434,120000540,168671285,385230,79818,0
21:20:53:634,120000583,167860913,384685,89762,0
21:20:53:834,120000550,168059665,385879,86093,0
21:20:54:034,120000572,168508610,385800,83019,0
21:20:54:234,120000574,167870201,386324,88119,0
21:20:54:434,120000572,168738436,386467,80628,0
21:20:54:634,120000557,167751715,384285,89302,0
21:20:54:834,120000567,168356513,384136,82362,0
21:20:55:034,120000454,168162287,387140,87114,0
21:20:55:234,120000566,168008679,385367,86814,0
21:20:55:434,120000454,168594179,384743,82104,0
21:20:55:634,120000572,167841835,384821,88570,0
21:20:55:834,120000459,168784906,385653,80205,0
21:20:56:034,120000574,167689866,386969,89565,0
21:20:56:234,120000574,168203869,384763,84095,0
21:20:56:434,120000569,168330193,386210,85346,0
21:20:56:634,120000569,167970590,384018,87501,0
21:20:56:834,120000571,168635754,385819,81404,0
21:20:57:034,120000572,167814088,386283,88987,0
21:20:57:234,120000579,168802904,387088,79837,0
21:20:57:434,120000568,167682254,385106,89786,0
21:20:57:634,120000575,168091988,384232,85739,0
21:20:57:834,120000577,168454165,385546,83420,0
21:20:58:034,120000563,167942523,385210,87763,0
21:20:58:234,120000558,168677003,385363,81019,0
21:20:58:434,120000464,167780564,385165,89212,0
21:20:58:634,120000577,168484377,386350,79818,0
21:20:58:834,120000485,168053286,385321,89807,0
21:20:59:034,120000557,168030318,386710,86410,0
21:20:59:234,120000444,168506646,385489,82536,0
21:20:59:434,120000574,167861818,385337,88332,0
21:20:59:634,120000579,168748278,387348,80432,0
21:20:59:834,120000578,167726670,384708,89392,0
21:21:00:034,120000569,168274956,386128,83416,0
21:21:00:234,120000551,168293882,384668,86085,0
21:21:00:434,120000579,167944163,386630,87077,0
21:21:00:634,120000581,168604949,386067,81771,0
21:21:00:834,120000578,167827423,385793,88564,0
21:21:01:034,120000578,168791970,387149,80001,0
21:21:01:234,120000577,167705243,384188,89725,0
21:21:01:434,120000460,168186948,385525,84672,0
21:21:01:634,120000583,168385638,385746,84649,0
21:21:01:834,120000571,167900501,386780,87683,0
21:21:02:034,120000571,168658556,386712,81145,0
21:21:02:234,120000468,167803954,385163,88972,0
21:21:02:834,120000460,265141881,401,159,0
21:21:02:834,120000460,265141881,401,159,0
21:21:03:034,120000468,195764440,274284,62711,0
21:21:03:234,120000572,167810457,386253,88859,0
21:21:03:434,120000473,168808164,386736,79790,0
21:21:03:634,120000573,167694429,384575,89826,0
21:21:03:834,120000466,168088009,385521,85783,0
21:21:04:034,120000606,168500439,385454,83490,0
21:21:04:234,120000517,167873763,386511,87883,0
21:21:04:434,120000579,168686894,386129,80743,0
21:21:04:634,120000601,167781456,385662,89245,0
21:21:04:834,120000581,168405178,385347,81228,0
21:21:05:034,120000576,168104471,386598,88398,0
21:21:05:234,120000566,168028128,385868,86617,0
21:21:05:434,120000576,168578478,385504,82363,0
21:21:05:634,120000578,167840156,385175,88444,0
21:21:05:834,120000579,168728848,386523,80342,0
21:21:06:034,120000563,167762723,383796,89391,0
21:21:06:234,120000582,168246642,385643,83246,0
21:21:06:434,120000562,168268873,387573,86103,0
21:21:06:634,120000570,167994859,384423,87157,0
21:21:06:834,120000574,168633858,385252,81647,0
21:21:07:034,120000587,167813076,385181,88850,0
21:21:07:234,120000454,168771519,385913,80142,0
21:21:07:434,120000568,167717844,386195,89894,0
21:21:07:634,120000456,168096880,385598,85453,0
21:21:07:834,120000570,168404979,387214,84011,0
21:21:08:034,120000573,167930759,384831,87875,0
21:21:08:234,120000560,168691590,385389,81286,0
21:21:08:434,120000575,167731543,386275,89140,0
21:21:08:634,120000577,168637652,386106,79904,0
21:21:08:834,120000578,167892448,385807,89904,0
21:21:09:034,120000560,168066404,384658,86233,0
21:21:09:234,120000569,168493197,386582,82997,0
21:21:09:434,120000570,167864500,386204,88170,0
21:21:09:634,120000576,168753160,386469,80681,0
21:21:09:834,120000579,167706795,386874,89333,0
21:21:10:034,120000578,168346729,383613,82497,0
21:21:10:234,120000464,168188157,386017,87301,0
21:21:10:434,120000576,167989751,386076,86994,0
21:21:10:634,120000480,168583723,385969,82173,0
21:21:10:834,120000567,167828375,386275,88702,0
21:21:11:034,120000448,168796429,385206,80258,0
21:21:11:234,120000574,167688832,385954,89743,0
21:21:11:434,120000878,168217334,384203,84179,0
21:21:11:634,120000568,168324436,386094,85301,0
21:21:11:834,120000575,167961092,385933,87546,0
21:21:12:034,120000571,168638188,385924,81433,0
21:21:12:234,120000575,167814741,385233,89025,0
21:21:12:434,120000574,168808519,386449,79867,0
21:21:12:634,120000575,167689736,384079,89993,0
21:21:12:834,120000560,168077562,387212,85731,0
21:21:13:034,120000577,168439598,385979,83587,0
21:21:13:234,120000564,167922309,386918,87997,0
21:21:13:434,120000574,168674999,385926,81031,0
21:21:13:634,120000567,167778303,384863,89309,0
21:21:13:834,120000576,168470126,386580,79824,0
21:21:14:034,120000544,168031457,386623,89936,0
21:21:14:234,120000549,168033792,386100,86569,0
21:21:14:434,120000458,168508732,385326,82579,0
21:21:14:634,120000572,167863370,385069,88441,0
21:21:14:834,120000454,168750420,387067,80509,0
21:21:15:034,120000581,167722263,385166,89453,0
21:21:15:234,120000570,168276530,385683,83498,0
21:21:15:434,120000556,168287266,384936,86263,0
21:21:15:634,120000571,167934763,386902,87180,0
21:21:15:834,120000579,168606803,385786,81870,0
21:21:16:034,120000568,167826751,385472,88823,0
21:21:16:234,120000567,168789305,386516,80074,0
21:21:16:434,120000580,167692273,385011,89784,0
21:21:16:634,120000462,168173019,385078,84733,0
21:21:16:834,120000582,168407385,384460,84621,0
21:21:17:034,120000576,167913236,385393,87698,0
21:21:17:234,120000577,168656922,386235,81215,0
21:21:17:434,120000542,167787686,385006,89140,0
21:21:17:634,120000574,168729871,387124,79852,0
21:21:18:234,120000453,265133697,403,153,0
21:21:18:234,120000453,265133697,403,153,0
21:21:18:434,120000599,211654946,209107,52178,0
21:21:18:634,120000456,168814227,385474,79922,0
21:21:18:834,120000580,167693211,386707,89887,0
21:21:19:034,120000465,168098558,386050,85956,0
21:21:19:234,120000577,168425659,386798,83464,0
21:21:19:434,120000487,167900148,385209,87840,0
21:21:19:634,120000564,168720220,385368,81053,0
21:21:19:834,120000458,167737313,386707,89051,0
21:21:20:034,120000609,168486337,386565,79780,0
21:21:20:234,120000575,168028337,386986,89803,0
21:21:20:434,120000571,168033738,384711,86428,0
21:21:20:634,120000568,168540419,386901,82658,0
21:21:20:834,120000558,167853929,385652,88354,0
21:21:21:034,120000579,168760328,385795,80453,0
21:21:21:234,120000577,167690716,387349,89571,0
21:21:21:434,120000577,168318257,384150,83137,0
21:21:21:634,120000567,168205870,386148,86570,0
21:21:21:834,120000571,167995016,385720,87134,0
21:21:22:034,120000559,168607408,385798,81834,0
21:21:22:234,120000560,167825191,384945,88750,0
21:21:22:434,120000561,168797754,386477,80105,0
21:21:22:634,120000577,167688157,385774,89823,0
21:21:22:834,120000462,168162889,385217,84702,0
21:21:23:034,120000582,168384152,384507,84648,0
21:21:23:234,120000451,167948569,385760,87591,0
21:21:23:434,120000572,168648503,385675,81268,0
21:21:23:634,120000579,167814476,385177,88997,0
21:21:23:834,120000565,168810062,386713,79863,0
21:21:24:034,120000577,167686811,384419,90006,0
21:21:24:234,120000569,168049627,386400,86291,0
21:21:24:434,120000575,168474968,386027,83079,0
21:21:24:634,120000463,167909963,386004,88052,0
21:21:24:834,120000580,168708530,385999,80910,0
21:21:25:034,120000471,167761470,384655,89383,0
21:21:25:234,120000572,168394179,385952,81120,0
21:21:25:434,120000578,168170019,384480,88421,0
21:21:25:634,120000572,168009337,385988,86593,0
21:21:25:834,120000451,168535322,386547,82337,0
21:21:26:034,120000573,167843553,385263,88480,0
21:21:26:234,120000508,168755672,387853,80384,0
21:21:26:434,120000572,167706620,385788,89431,0
21:21:26:634,120000441,168237199,386089,84168,0
21:21:26:834,120000554,168330621,384354,85428,0
21:21:27:034,120000574,167931281,387484,87240,0
21:21:27:234,120000573,168622637,385553,81615,0
21:21:27:434,120000581,167814435,386003,88791,0
21:21:27:634,120000578,168799931,387115,79947,0
21:21:27:834,120000577,167703650,383841,89799,0
21:21:28:034,120000580,168119560,385958,85325,0
21:21:28:234,120000572,168445879,385266,83995,0
21:21:28:434,120000572,167898563,386301,87808,0
21:21:28:634,120000570,168673904,386494,81025,0
21:21:28:834,120000560,167793368,384631,89195,0
21:21:29:034,120000568,168492118,385670,79783,0
21:21:29:234,120000550,168010592,386258,89942,0
21:21:29:434,120000568,168047100,385599,86347,0
21:21:29:634,120000463,168527947,385678,82676,0
21:21:29:834,120000579,167895448,385353,88353,0
21:21:30:034,120000452,168697545,385601,80553,0
21:21:30:234,120000573,167784828,384494,89513,0
21:21:30:434,120000579,168278890,386177,82380,0
21:21:30:634,120000576,168220199,386118,87164,0
21:21:30:834,120000575,168017696,384644,87160,0
21:21:31:034,120000535,168561170,386527,81782,0
21:21:31:234,120000573,167841654,384912,88637,0
21:21:31:434,120000569,168742398,387690,80171,0
21:21:31:634,120000574,167752659,384596,89618,0
21:21:31:834,120000560,168171663,384637,84825,0
21:21:32:034,120000577,168377805,385833,84659,0
21:21:32:234,120000454,167935901,385645,87404,0
21:21:32:434,120000575,168650395,386885,81408,0
21:21:32:634,120000533,167781935,385095,89023,0
21:21:32:834,120000579,168813583,387193,79805,0
21:21:33:034,120000463,167701062,384513,89955,0
21:21:33:634,120000464,265141197,401,165,0
21:21:33:634,120000464,265141197,401,165,0
21:21:33:834,120000577,228077395,147000,32902,0
21:21:34:034,120000573,167702746,384440,89769,0
21:21:34:234,120000578,168073464,385780,85905,0
21:21:34:434,120000579,168444428,386295,83536,0
21:21:34:634,120000461,167922952,385520,87887,0
21:21:34:834,120000610,168695951,385563,81082,0
21:21:35:034,120000445,167763081,385090,89242,0
21:21:35:234,120000571,168474621,386185,79813,0
21:21:35:434,120000602,168060207,385123,89920,0
21:21:35:634,120000556,168032539,385263,86419,0
21:21:35:834,120000569,168514004,385479,82742,0
21:21:36:034,120000582,167864469,384531,88429,0
21:21:36:234,120000573,168751597,386714,80599,0
21:21:36:434,120000582,167714387,385322,89566,0
21:21:36:634,120000577,168284766,385372,83347,0
21:21:36:834,120000567,168272357,385686,86154,0
21:21:37:034,120000564,167959389,386490,87136,0
21:21:37:234,120000568,168608689,385589,81842,0
21:21:37:434,120000572,167819422,385630,88822,0
21:21:37:634,120000488,168792277,386690,80083,0
21:21:37:834,120000571,167699911,384660,89889,0
21:21:38:034,120000465,168167729,385408,84768,0
21:21:38:234,120000568,168386130,385759,84710,0
21:21:38:434,120000471,167926426,385666,87749,0
21:21:38:634,120000573,168654312,386957,81267,0
21:21:38:834,120000572,167803075,384413,89131,0
21:21:39:034,120000572,168764473,385822,79755,0
21:21:39:234,120000568,167751913,385038,89912,0
21:21:39:434,120000577,168053621,386359,86204,0
21:21:39:634,120000583,168490104,385623,82990,0
21:21:39:834,120000577,167921197,385395,88150,0
21:21:40:034,120000571,168688830,386536,80653,0
21:21:40:234,120000574,167790867,384278,89454,0
21:21:40:434,120000577,168357231,386478,81157,0
21:21:40:634,120000560,168122760,385800,88573,0
21:21:40:834,120000572,168031910,385517,86918,0
21:21:41:034,120000457,168536242,385962,82080,0
21:21:41:234,120000574,167861285,385442,88536,0
21:21:41:434,120000462,168730739,388348,80373,0
21:21:41:634,120000564,167745619,384390,89573,0
21:21:41:834,120000447,168198368,386065,84236,0
21:21:42:034,120000570,168342577,384921,85395,0
21:21:42:234,120000578,167937482,386821,87288,0
21:21:42:434,120000577,168608743,386720,81572,0
21:21:42:634,120000575,167813575,385943,88957,0
21:21:42:834,120000568,168797917,387158,80001,0
21:21:43:034,120000579,167698399,383577,89815,0
21:21:43:234,120000456,168141395,385731,85411,0
21:21:43:434,120000576,168437226,384935,84119,0
21:21:43:634,120000570,167878416,386958,87964,0
21:21:43:834,120000574,168665404,385846,81113,0
21:21:44:034,120000573,167786967,384710,89224,0
21:21:44:234,120000574,168484183,386381,79878,0
21:21:44:434,120000541,168021111,384906,89963,0
21:21:44:634,120000574,168041271,385740,86520,0
21:21:44:834,120000539,168547906,385315,82728,0
21:21:45:034,120000580,167855428,385706,88344,0
21:21:45:234,120000453,168700727,387359,80624,0
21:21:45:434,120000577,167774212,383672,89555,0
21:21:45:634,120000580,168330286,385841,82277,0
21:21:45:834,120000571,168184109,386705,87186,0
21:21:46:034,120000563,168001482,384701,87036,0
21:21:46:234,120000560,168617275,386452,81672,0
21:21:46:434,120000569,167837177,385009,88643,0
21:21:46:634,120000521,168750449,386808,80090,0
21:21:46:834,120000570,167734508,385618,89699,0
21:21:47:034,120000569,168136133,386828,84748,0
21:21:47:234,120000571,168378859,385403,84673,0
21:21:47:434,120000557,167967487,384860,87425,0
21:21:47:634,120000573,168668055,385283,81330,0
21:21:47:834,120000465,167755652,386075,88948,0
21:21:48:034,120000579,168833955,386171,79788,0
21:21:48:234,120000543,167703486,384615,89852,0
21:21:48:434,120000577,168093762,384443,86135,0
21:21:49:034,120000457,265134062,403,160,0
21:21:49:234,120000595,243827433,81947,23189,0
21:21:49:434,120000523,168120550,385796,85260,0
21:21:49:634,120000571,168423389,384800,83992,0
21:21:49:834,120000474,167928494,385782,87848,0
21:21:50:034,120000571,168666803,387156,81034,0
21:21:50:234,120000458,167807269,384029,89244,0
21:21:50:434,120000563,168490443,385359,79865,0
21:21:50:634,120000567,168011915,385518,89918,0
21:21:50:834,120000578,168030208,386217,86434,0
21:21:51:034,120000605,168500936,385929,82712,0
21:21:51:234,120000566,167919859,385303,88159,0
21:21:51:434,120000576,168702626,387280,80662,0
21:21:51:634,120000558,167771045,384564,89370,0
21:21:51:834,120000572,168285358,386883,82382,0
21:21:52:034,120000578,168214821,385720,87267,0
21:21:52:234,120000581,168000895,385737,86899,0
21:21:52:434,120000560,168547900,385921,82164,0
21:21:52:634,120000574,167832625,385956,88653,0
21:21:52:834,120000525,168770456,387284,80206,0
21:21:53:034,120000580,167711170,384686,89755,0
21:21:53:234,120000476,168193262,386154,84879,0
21:21:53:434,120000579,168364152,385982,84797,0
21:21:53:634,120000463,167900874,386400,87502,0
21:21:53:834,120000578,168648137,385088,81425,0
21:21:54:034,120000660,167798345,386658,89001,0
21:21:54:234,120000574,168813352,386324,79838,0
21:21:54:434,120000582,167697674,383832,89864,0
21:21:54:634,120000577,168085666,385940,85839,0
21:21:54:834,120000578,168504645,384269,83484,0
21:21:55:034,120000565,167873024,385946,88052,0
21:21:55:234,120000577,168675891,386853,80792,0
21:21:55:434,120000572,167781633,385011,89266,0
21:21:55:634,120000568,168418912,385166,81226,0
21:21:55:834,120000557,168094530,385793,88476,0
21:21:56:034,120000567,168018542,386490,86651,0
21:21:56:234,120000555,168553158,386075,82373,0
21:21:56:434,120000566,167869391,385696,88453,0
21:21:56:634,120000438,168699406,387586,80366,0
21:21:56:834,120000580,167781590,383140,89525,0
21:21:57:034,120000450,168218120,387415,83363,0
21:21:57:234,120000566,168281250,385414,86113,0
21:21:57:434,120000444,167996930,385882,87240,0
21:21:57:634,120000562,168580855,387841,81616,0
21:21:57:834,120000572,167826341,384012,88649,0
21:21:58:034,120000566,168769568,387258,80080,0
21:21:58:234,120000574,167747357,384096,89679,0
21:21:58:434,120000565,168122638,385326,85401,0
21:21:58:634,120000562,168404069,387016,84031,0
21:21:58:834,120000557,167913085,385138,87780,0
21:21:59:034,120000577,168693967,385912,81277,0
21:21:59:234,120000571,167747920,385964,89206,0
21:21:59:434,120000566,168665307,384931,79954,0
21:21:59:634,120000448,167848685,386490,89942,0
21:21:59:834,120000580,168062967,385149,86228,0
21:22:00:034,120000462,168495234,386667,83119,0
21:22:00:234,120000564,167873761,385867,88287,0
21:22:00:434,120000550,168749589,384803,80751,0
21:22:00:634,120000580,167719358,386497,89517,0
21:22:00:834,120000448,168340628,384310,82513,0
21:22:01:034,120000563,168168970,385588,87206,0
21:22:01:234,120000569,168007850,385922,86962,0
21:22:01:434,120000571,168588923,385540,82083,0
21:22:01:634,120000581,167826218,385758,88671,0
21:22:01:834,120000559,168780049,386306,80249,0
21:22:02:034,120000568,167713196,385094,89683,0
21:22:02:234,120000566,168200774,384794,84165,0
21:22:02:434,120000574,168335873,385462,85393,0
21:22:02:634,120000535,167957824,384962,87514,0
21:22:02:834,120000570,168636265,386314,81430,0
21:22:03:034,120000571,167816602,385377,89047,0
21:22:03:234,120000579,168813106,385778,79846,0
21:22:03:434,120000474,167674717,385351,90019,0
21:22:03:634,120000568,168075838,385762,85886,0
21:22:03:834,120000453,168441659,387185,83590,0
21:22:04:034,120000581,167922316,384966,87925,0
21:22:04:434,120000484,260572717,19752,2838,0
21:22:04:634,120000578,260082277,16922,8460,0
21:22:04:834,120000590,168404620,385266,84503,0
21:22:05:034,120000512,167876998,387846,87703,0
21:22:05:234,120000574,168652466,386016,81216,0
21:22:05:434,120000544,167788222,386738,89064,0
21:22:05:634,120000573,168711322,385716,79770,0
21:22:05:834,120000480,167803502,384332,89796,0
21:22:06:034,120000571,168063639,386310,86183,0
21:22:06:234,120000572,168519991,385772,82974,0
21:22:06:434,120000612,167859573,386903,88184,0
21:22:06:634,120000571,168699266,387166,80578,0
21:22:06:834,120000578,167788623,383468,89350,0
21:22:07:034,120000579,168389843,386082,81606,0
21:22:07:234,120000577,168112784,387449,87843,0
21:22:07:434,120000568,168007451,385624,86862,0
21:22:07:634,120000560,168580690,387025,82015,0
21:22:07:834,120000570,167861108,384494,88532,0
21:22:08:034,120000452,168720267,387759,80191,0
21:22:08:234,120000571,167768454,385043,89553,0
21:22:08:434,120000517,168170807,387200,84023,0
21:22:08:634,120000567,168316843,387265,85386,0
21:22:08:834,120000548,167986190,383848,87315,0
21:22:09:034,120000569,168623883,386361,81616,0
21:22:09:234,120000449,167786401,384913,88849,0
21:22:09:434,120000566,168805917,386233,79911,0
21:22:09:634,120000583,167701718,385880,89840,0
21:22:09:834,120000565,168114184,385302,85928,0
21:22:10:034,120000572,168429981,386316,83409,0
21:22:10:234,120000566,167902831,385598,87789,0
21:22:10:434,120000566,168712999,385652,81032,0
21:22:10:634,120000574,167735882,386864,89214,0
21:22:10:834,120000577,168490601,384867,79816,0
21:22:11:034,120000456,168037114,384597,89793,0
21:22:11:234,120000574,168034839,385997,86408,0
21:22:11:434,120000568,168540764,386366,82635,0
21:22:11:634,120000577,167838236,386551,88388,0
21:22:11:834,120000569,168761778,385025,80510,0
21:22:12:034,120000580,167722422,385447,89523,0
21:22:12:234,120000520,168315163,385075,83118,0
21:22:12:434,120000576,168206706,386324,86476,0
21:22:12:634,120000542,167973011,387362,87086,0
21:22:12:834,120000576,168610259,386247,81821,0
21:22:13:034,120000569,167823621,385504,88835,0
21:22:13:234,120000557,168804943,385028,80053,0
21:22:13:434,120000566,167691927,386204,89722,0
21:22:13:634,120000578,168135283,387354,84779,0
21:22:13:834,120000572,168382689,385474,84626,0
21:22:14:034,120000568,167960344,385002,87749,0
21:22:14:234,120000569,168650772,384669,81226,0
21:22:14:434,120000549,167808713,385314,89007,0
21:22:14:634,120000579,168818822,386649,79782,0
21:22:14:834,120000578,167677816,384930,90049,0
21:22:15:034,120000569,168043442,387541,86167,0
21:22:15:234,120000563,168476227,385948,82956,0
21:22:15:434,120000583,167897451,384783,88015,0
21:22:15:634,120000456,168710133,386252,80852,0
21:22:15:834,120000572,167741200,385907,89350,0
21:22:16:034,120000456,168381041,386458,81226,0
21:22:16:234,120000562,168158467,385253,88460,0
21:22:16:434,120000574,167999475,385512,86646,0
21:22:16:634,120000577,168558333,385149,82365,0
21:22:16:834,120000574,167851453,386268,88414,0
21:22:17:034,120000577,168749191,387027,80417,0
21:22:17:234,120000570,167719394,384891,89490,0
21:22:17:434,120000571,168251209,386112,84169,0
21:22:17:634,120000574,168296828,385864,85354,0
21:22:17:834,120000562,167947363,385728,87302,0
21:22:18:034,120000563,168610662,387553,81588,0
21:22:18:234,120000578,167817685,385582,88896,0
21:22:18:434,120000568,168804092,387137,79933,0
21:22:18:634,120000534,167694501,384335,89893,0
21:22:18:834,120000572,168117798,385897,85282,0
21:22:19:034,120000471,168417702,386478,84031,0
21:22:19:234,120000570,167924719,386156,87921,0
21:22:19:434,120000453,168654045,388349,81057,0
21:22:20:034,120000458,265141581,401,152,0
21:22:20:034,120000458,265141581,401,152,0
21:22:20:234,120000476,179336817,337027,80669,0
21:22:20:435,120000570,168671925,384930,81372,0
21:22:20:635,120000464,167752263,386173,88942,0
21:22:20:835,120000578,168836708,385846,79725,0
21:22:21:035,120000461,167711057,384977,89786,0
21:22:21:235,120000581,168108140,385038,85822,0
21:22:21:435,120000570,168457148,386483,83228,0
21:22:21:635,120000575,167877511,386421,87852,0
21:22:21:835,120000606,168740322,385528,80779,0
21:22:22:035,120000563,167737379,385952,89238,0
21:22:22:235,120000574,168396737,386156,81213,0
21:22:22:435,120000524,168121578,385420,88503,0
21:22:22:635,120000573,168006581,386279,86754,0
21:22:22:835,120000556,168562938,385627,82373,0
21:22:23:035,120000579,167847071,385759,88537,0
21:22:23:235,120000563,168777040,384930,80451,0
21:22:23:435,120000570,167707095,385539,89581,0
21:22:23:635,120000555,168264478,386033,83332,0
21:22:23:835,120000581,168258456,385364,86169,0
21:22:24:035,120000490,167982266,384872,87278,0
21:22:24:235,120000574,168624401,385743,81601,0
21:22:24:435,120000480,167815892,385647,88868,0
21:22:24:635,120000576,168803922,387223,79955,0
21:22:24:835,120000569,167692647,384868,89748,0
21:22:25:035,120000569,168113593,386706,85323,0
21:22:25:235,120000577,168417383,385115,84017,0
21:22:25:435,120000573,167949690,385521,87837,0
21:22:25:635,120000577,168641154,387745,80992,0
21:22:25:835,120000561,167798408,384971,89058,0
21:22:26:035,120000576,168515336,386439,79806,0
21:22:26:235,120000571,167994238,384634,89726,0
21:22:26:435,120000578,168050750,385953,86427,0
21:22:26:635,120000567,168478753,387327,82672,0
21:22:26:835,120000573,167890890,384739,88259,0
21:22:27:035,120000457,168709112,388391,80665,0
21:22:27:235,120000582,167752046,384016,89339,0
21:22:27:435,120000517,168323443,386083,82398,0
21:22:27:635,120000576,168220856,386130,87150,0
21:22:27:835,120000445,167955489,386553,86899,0
21:22:28:035,120000579,168576459,386693,82039,0
21:22:28:235,120000579,167840521,384654,88681,0
21:22:28:435,120000580,168777701,386335,80248,0
21:22:28:635,120000577,167703940,385429,89715,0
21:22:28:835,120000567,168227195,385161,84481,0
21:22:29:035,120000576,168320964,387715,85046,0
21:22:29:235,120000568,167926448,385804,87399,0
21:22:29:435,120000569,168648830,384977,81492,0
21:22:29:635,120000574,167809661,384602,88986,0
21:22:29:835,120000581,168811808,387134,79844,0
21:22:30:035,120000563,167675331,386209,89889,0
21:22:30:235,120000571,168093642,385638,85716,0
21:22:30:435,120000466,168475424,385412,83501,0
21:22:30:635,120000580,167899631,384697,88121,0
21:22:30:835,120000549,168678149,387072,80841,0
21:22:31:035,120000567,167783159,385290,89369,0
21:22:31:235,120000456,168439715,385408,80860,0
21:22:31:435,120000575,168068222,386754,88690,0
21:22:31:635,120000437,168031122,385176,86569,0
21:22:31:835,120000581,168546077,385944,82277,0
21:22:32:035,120000577,167884727,386211,88229,0
21:22:32:235,120000577,168703216,387335,80512,0
21:22:32:435,120000577,167760047,385076,89553,0
21:22:32:635,120000571,168229269,385759,83438,0
21:22:32:835,120000566,168290620,384822,86211,0
21:22:33:035,120000555,167983769,385197,87053,0
21:22:33:235,120000575,168588511,386101,81832,0
21:22:33:435,120000446,167808724,385871,88780,0
21:22:33:635,120000574,168793085,386570,80130,0
21:22:33:835,120000471,167727840,384486,89639,0
21:22:34:035,120000572,168141311,386647,85441,0
21:22:34:235,120000563,168392319,386345,83981,0
21:22:34:435,120000563,167890088,387746,87745,0
21:22:34:635,120000439,168672223,385131,81204,0
21:22:34:835,120000574,167779448,386624,89100,0
21:22:35:435,120000447,265133810,403,147,0
21:22:35:435,120000447,265133810,403,147,0
21:22:35:635,120000593,195594606,274671,62934,0
21:22:35:835,120000473,167784027,385865,88892,0
21:22:36:035,120000577,168822695,386900,79880,0
21:22:36:235,120000452,167697068,385411,89936,0
21:22:36:435,120000573,168068740,385363,86206,0
21:22:36:635,120000480,168460423,385795,83048,0
21:22:36:835,120000569,167892022,384799,88067,0
21:22:37:035,120000567,168725370,386329,80816,0
21:22:37:235,120000595,167734880,386098,89277,0
21:22:37:435,120000581,168404772,385643,81196,0
21:22:37:635,120000559,168149815,384527,88472,0
21:22:37:835,120000573,167994813,385780,86620,0
21:22:38:035,120000577,168542534,387376,82404,0
21:22:38:235,120000571,167849932,385621,88404,0
21:22:38:435,120000566,168759780,386723,80351,0
21:22:38:635,120000577,167715357,385184,89583,0
21:22:38:835,120000558,168267755,385189,83719,0
21:22:39:035,120000571,168257230,385891,85743,0
21:22:39:235,120000551,167967310,385599,87248,0
21:22:39:435,120000569,168617665,387124,81520,0
21:22:39:635,120000451,167830076,382865,88878,0
21:22:39:835,120000567,168811290,385735,79921,0
21:22:40:035,120000447,167684947,386356,89721,0
21:22:40:235,120000581,168123446,386563,85221,0
21:22:40:435,120000580,168400592,387193,84036,0
21:22:40:635,120000576,167952333,384017,87878,0
21:22:40:835,120000574,168665360,387206,80989,0
21:22:41:035,120000578,167795653,385821,89099,0
21:22:41:235,120000580,168497055,385243,79643,0
21:22:41:435,120000559,167999836,386880,89856,0
21:22:41:635,120000561,168056724,384189,86423,0
21:22:41:835,120000556,168504197,386440,82572,0
21:22:42:035,120000572,167904646,385938,88102,0
21:22:42:235,120000555,168698617,387219,80687,0
21:22:42:435,120000564,167759270,386319,89223,0
21:22:42:635,120000553,168306405,384648,82336,0
21:22:42:835,120000571,168230015,385321,87152,0
21:22:43:035,120000553,168009888,385985,86732,0
21:22:43:235,120000574,168547525,386888,81976,0
21:22:43:435,120000446,167826128,386954,88542,0
21:22:43:635,120000575,168787920,385951,80162,0
21:22:43:835,120000571,167726216,384853,89647,0
21:22:44:035,120000575,168191526,385713,84699,0
21:22:44:235,120000572,168372806,385942,84637,0
21:22:44:435,120000569,167910929,387948,87360,0
21:22:44:635,120000573,168646509,385206,81341,0
21:22:44:835,120000579,167803245,386553,88866,0
21:22:45:035,120000572,168811204,387383,79751,0
21:22:45:235,120000577,167689540,384256,89823,0
21:22:45:435,120000571,168086270,386462,85774,0
21:22:45:635,120000565,168503761,384999,83476,0
21:22:45:835,120000577,167873772,385835,88028,0
21:22:46:035,120000460,168681552,386215,80751,0
21:22:46:235,120000569,167784585,385141,89154,0
21:22:46:435,120000471,168409420,385601,81165,0
21:22:46:635,120000569,168100761,386049,88439,0
21:22:46:835,120000440,168019913,386230,86739,0
21:22:47:035,120000555,168580975,385220,82399,0
21:22:47:235,120000574,167842911,385357,88424,0
21:22:47:435,120000577,168715393,387459,80328,0
21:22:47:635,120000579,167761613,384090,89612,0
21:22:47:835,120000578,168238797,386293,83304,0
21:22:48:035,120000575,168276943,386357,86281,0
21:22:48:235,120000571,167981585,385569,87290,0
21:22:48:435,120000574,168608324,386685,81557,0
21:22:48:635,120000558,167806476,385701,88784,0
21:22:48:835,120000576,168764465,387085,80076,0
21:22:49:035,120000560,167742800,384117,89868,0
21:22:49:235,120000570,168116493,385367,85358,0
21:22:49:435,120000580,168411372,386304,83996,0
21:22:49:635,120000572,167916036,385181,87801,0
21:22:49:835,120000566,168682042,386155,81179,0
21:22:50:035,120000570,167754323,385406,89111,0
21:22:50:235,120000457,168650521,385401,79900,0
21:22:50:835,120000458,265141741,401,155,0
21:22:50:835,120000458,265141741,401,155,0
21:22:51:035,120000496,211446710,210065,52366,0
21:22:51:235,120000570,168817306,386588,79842,0
21:22:51:435,120000475,167669748,386579,89928,0
21:22:51:635,120000569,168095018,385183,85848,0
21:22:51:835,120000442,168453395,385620,83485,0
21:22:52:035,120000606,167952083,385036,87980,0
21:22:52:235,120000572,168671078,386593,80823,0
21:22:52:435,120000560,167795212,384344,89320,0
21:22:52:635,120000606,168466426,385549,80042,0
21:22:52:835,120000563,168014181,387201,89749,0
21:22:53:035,120000569,168040437,385776,86671,0
21:22:53:235,120000571,168505388,387751,82367,0
21:22:53:435,120000572,167875420,385415,88300,0
21:22:53:635,120000575,168736208,386868,80514,0
21:22:53:835,120000579,167745765,384909,89406,0
21:22:54:035,120000569,168263200,385065,83421,0
21:22:54:235,120000568,168293661,385054,86145,0
21:22:54:435,120000449,167951710,386910,87051,0
21:22:54:635,120000577,168600076,386309,81795,0
21:22:54:835,120000458,167831507,385980,88700,0
21:22:55:035,120000579,168796023,386071,80069,0
21:22:55:235,120000459,167708116,384567,89703,0
21:22:55:435,120000555,168185977,385334,85030,0
21:22:55:635,120000576,168392216,385576,84502,0
21:22:55:835,120000570,167883407,388392,87627,0
21:22:56:035,120000572,168668041,384158,81210,0
21:22:56:235,120000574,167795726,385450,89118,0
21:22:56:435,120000557,168705289,386242,79784,0
21:22:56:635,120000579,167790702,386184,89829,0
21:22:56:835,120000578,168059351,386180,86214,0
21:22:57:035,120000566,168540697,383260,83075,0
21:22:57:235,120000568,167874266,385489,88125,0
21:22:57:435,120000470,168690739,387103,80650,0
21:22:57:635,120000574,167776441,384949,89281,0
21:22:57:835,120000560,168383794,385179,81794,0
21:22:58:035,120000576,168128852,386372,87843,0
21:22:58:235,120000516,168016942,384802,86760,0
21:22:58:435,120000566,168597419,385911,82016,0
21:22:58:635,120000469,167843552,385179,88604,0
21:22:58:835,120000579,168731963,386438,80243,0
21:22:59:035,120000566,167758005,384531,89564,0
21:22:59:235,120000572,168182445,386581,84171,0
21:22:59:435,120000574,168335918,385737,85297,0
21:22:59:635,120000560,167980141,385562,87364,0
21:22:59:835,120000574,168623499,386578,81452,0
21:23:00:035,120000463,167789058,385742,88914,0
21:23:00:235,120000569,168807445,385918,80002,0
21:23:00:435,120000568,167724643,384115,89845,0
21:23:00:635,120000575,168086913,385963,85760,0
21:23:00:835,120000571,168442469,385209,83489,0
21:23:01:035,120000576,167900040,386072,87794,0
21:23:01:235,120000547,168720449,384803,81083,0
21:23:01:435,120000579,167734643,386389,89166,0
21:23:01:635,120000457,168478541,386249,79824,0
21:23:01:835,120000578,168059566,383913,89900,0
21:23:02:035,120000451,168023032,385841,86395,0
21:23:02:235,120000581,168544065,384937,82721,0
21:23:02:435,120000578,167863887,386070,88275,0
21:23:02:635,120000579,168751968,387268,80473,0
21:23:02:835,120000578,167706532,386460,89419,0
21:23:03:035,120000574,168287156,386185,83347,0
21:23:03:235,120000582,168231313,385522,86183,0
21:23:03:435,120000577,167980795,386288,87155,0
21:23:03:635,120000577,168609085,386045,81652,0
21:23:03:835,120000566,167821361,385722,88734,0
21:23:04:035,120000573,168799973,386998,80047,0
21:23:04:235,120000567,167695882,385057,89675,0
21:23:04:435,120000571,168169946,385135,84561,0
21:23:04:635,120000449,168371950,386231,84569,0
21:23:04:835,120000575,167955605,385076,87556,0
21:23:05:035,120000509,168648119,387037,81161,0
21:23:05:235,120000576,167823565,384152,89023,0
21:23:05:435,120000456,168785077,386680,79722,0
21:23:05:635,120000577,167702474,386072,89932,0
21:23:06:235,120000468,265134537,403,168,0
21:23:06:235,120000468,265134537,403,168,0
21:23:06:435,120000584,228326306,145858,32784,0
21:23:06:635,120000463,167695608,384406,89794,0
21:23:06:835,120000588,168130049,385075,85363,0
21:23:07:035,120000528,168450857,384992,84053,0
21:23:07:235,120000590,167883981,387104,87848,0
21:23:07:435,120000604,168683494,384870,80983,0
21:23:07:635,120000579,167784835,385433,89201,0
21:23:07:835,120000577,168482046,385450,79913,0
21:23:08:035,120000594,168012950,386478,89921,0
21:23:08:235,120000570,168039321,386603,86419,0
21:23:08:435,120000566,168552101,383833,82694,0
21:23:08:635,120000570,167860648,386649,88437,0
21:23:08:835,120000572,168699872,387225,80523,0
21:23:09:035,120000575,167769470,384586,89404,0
21:23:09:235,120000470,168273672,387807,82388,0
21:23:09:435,120000567,168209473,385737,87276,0
21:23:09:635,120000550,167997845,385666,87152,0
21:23:09:835,120000581,168586410,384982,81780,0
21:23:10:035,120000461,167832133,385956,88597,0
21:23:10:235,120000579,168742667,387712,80185,0
21:23:10:435,120000555,167749542,384547,89613,0
21:23:10:635,120000577,168148379,386552,84857,0
21:23:10:835,120000420,168381780,385032,84659,0
21:23:11:035,120000584,167926818,386434,87473,0
21:23:11:235,120000574,168641835,386915,81377,0
21:23:11:435,120000577,167778485,386078,88957,0
21:23:11:635,120000579,168819442,386430,79741,0
21:23:11:835,120000553,167696763,384359,89891,0
21:23:12:035,120000574,168110991,385610,85699,0
21:23:12:235,120000563,168455598,385952,83523,0
21:23:12:435,120000569,167875154,387015,88007,0
21:23:12:635,120000458,168705999,386808,80745,0
21:23:12:835,120000576,167763370,385284,89203,0
21:23:13:035,120000555,168408247,385343,81213,0
21:23:13:235,120000579,168106472,385532,88509,0
21:23:13:435,120000480,168021368,386212,86601,0
21:23:13:635,120000581,168558172,386797,82393,0
21:23:13:835,120000453,167838703,385679,88513,0
21:23:14:035,120000576,168740370,387047,80413,0
21:23:14:235,120000461,167733505,385044,89527,0
21:23:14:435,120000567,168242742,386289,83386,0
21:23:14:635,120000568,168264534,385870,86280,0
21:23:14:835,120000580,167985367,385372,87187,0
21:23:15:035,120000572,168625063,386677,81538,0
21:23:15:235,120000576,167832882,385136,88844,0
21:23:15:435,120000568,168789930,385721,79899,0
21:23:15:635,120000574,167700904,385202,89754,0
21:23:15:835,120000572,168102889,386089,85427,0
21:23:16:035,120000557,168412693,386782,83948,0
21:23:16:235,120000568,167944976,385198,87715,0
21:23:16:435,120000565,168670357,385082,81210,0
21:23:16:635,120000575,167762257,386277,89143,0
21:23:16:835,120000502,168583076,386766,79853,0
21:23:17:035,120000563,167942094,385652,89750,0
21:23:17:235,120000543,168051029,386017,86192,0
21:23:17:435,120000573,168492520,384985,82920,0
21:23:17:635,120000439,167868915,386434,88127,0
21:23:17:835,120000565,168739873,386344,80683,0
21:23:18:035,120000581,167729159,386016,89302,0
21:23:18:235,120000577,168335047,385668,82294,0
21:23:18:435,120000569,168228877,384549,87100,0
21:23:18:635,120000574,167960688,387080,86905,0
21:23:18:835,120000572,168580686,386266,82087,0
21:23:19:035,120000570,167846578,385488,88444,0
21:23:19:235,120000569,168777572,386369,80187,0
21:23:19:435,120000561,167717569,384103,89577,0
21:23:19:635,120000562,168225946,385889,84031,0
21:23:19:835,120000473,168306550,386277,85257,0
21:23:20:035,120000573,167950625,386570,87360,0
21:23:20:235,120000551,168632727,386690,81365,0
21:23:20:435,120000579,167822050,384095,88821,0
21:23:20:635,120000462,168805950,387529,79751,0
21:23:20:835,120000566,167689328,384984,89721,0
21:23:21:035,120000457,168104565,385311,85608,0
21:23:21:635,120000483,265133797,404,152,0
21:23:21:635,120000483,265133797,404,152,0
21:23:22:035,120000575,168156696,385919,85358,0
21:23:22:235,120000467,168419397,385271,84019,0
21:23:22:435,120000577,167886350,387056,87825,0
21:23:22:635,120000456,168689142,385229,80938,0
21:23:22:835,120000574,167787073,385815,89108,0
21:23:23:035,120000598,168491409,385092,79772,0
21:23:23:235,120000569,168022699,385254,89853,0
21:23:23:435,120000560,168040370,386027,86455,0
21:23:23:635,120000588,168544750,385501,82697,0
21:23:23:835,120000582,167850007,386282,88385,0
21:23:24:035,120000470,168732015,385980,80574,0
21:23:24:235,120000573,167742828,385661,89537,0
21:23:24:435,120000567,168320978,386052,82459,0
21:23:24:635,120000576,168178672,386905,87205,0
21:23:24:835,120000565,167985769,385529,87176,0
21:23:25:035,120000568,168625666,385680,81893,0
21:23:25:235,120000539,167824489,386815,88702,0
21:23:25:435,120000577,168754642,386506,80145,0
21:23:25:635,120000462,167725870,384273,89790,0
21:23:25:835,120000567,168138308,386526,84785,0
21:23:26:035,120000455,168360603,386138,84781,0
21:23:26:235,120000559,167964731,385296,87619,0
21:23:26:435,120000571,168659930,385638,81380,0
21:23:26:635,120000567,167761181,385735,89008,0
21:23:26:835,120000579,168817104,386633,79872,0
21:23:27:035,120000557,167700756,384467,89890,0
21:23:27:235,120000573,168084328,385956,86122,0
21:23:27:435,120000576,168456428,385825,83104,0
21:23:27:635,120000578,167885219,386159,88001,0
21:23:27:835,120000575,168737582,385882,80852,0
21:23:28:035,120000571,167728334,385783,89201,0
21:23:28:235,120000561,168405513,386530,81132,0
21:23:28:435,120000567,168145915,384337,88425,0
21:23:28:635,120000445,168007274,384878,86653,0
21:23:28:835,120000564,168556330,387722,82303,0
21:23:29:035,120000447,167837586,385141,88505,0
21:23:29:235,120000582,168776555,386468,80294,0
21:23:29:435,120000449,167701964,385947,89531,0
21:23:29:635,120000558,168276805,385534,83576,0
21:23:29:835,120000584,168249152,385926,85897,0
21:23:30:035,120000572,167972625,385871,87230,0
21:23:30:235,120000580,168626283,386306,81583,0
21:23:30:435,120000578,167815753,384730,88897,0
21:23:30:635,120000577,168804305,386331,80060,0
21:23:30:835,120000578,167688829,385083,89728,0
21:23:31:035,120000578,168121348,385931,85324,0
21:23:31:235,120000563,168415108,385538,84013,0
21:23:31:435,120000569,167948818,385325,87851,0
21:23:31:635,120000571,168659124,386696,81021,0
21:23:31:835,120000578,167802731,384863,89156,0
21:23:32:035,120000460,168491628,385767,79789,0
21:23:32:235,120000569,167995316,386869,89944,0
21:23:32:435,120000467,168052767,385006,86481,0
21:23:32:635,120000569,168497448,386962,82707,0
21:23:32:835,120000467,167890325,386027,88168,0
21:23:33:035,120000575,168716695,386691,80675,0
21:23:33:235,120000582,167758760,385081,89403,0
21:23:33:435,120000569,168317452,385339,82364,0
21:23:33:635,120000563,168230645,385362,87175,0
21:23:33:835,120000458,167980120,386277,86917,0
21:23:34:035,120000577,168566076,386189,82137,0
21:23:34:235,120000577,167827766,386397,88719,0
21:23:34:435,120000573,168785624,385782,80307,0
21:23:34:635,120000561,167699631,385377,89703,0
21:23:34:835,120000574,168207040,385299,84874,0
21:23:35:035,120000574,168366086,386771,84656,0
21:23:35:235,120000581,167888432,387354,87469,0
21:23:35:435,120000561,168638755,385912,81385,0
21:23:35:635,120000571,167811238,384966,88976,0
21:23:35:835,120000459,168817241,385721,79830,0
21:23:36:035,120000577,167694152,384695,89891,0
21:23:36:235,120000452,168074385,386350,85830,0
21:23:36:435,120000563,168490682,385559,83552,0
21:23:36:635,120000573,167872950,386551,88066,0
21:23:37:035,120000488,260819361,18046,2708,0
21:23:37:235,120000592,259828334,17505,9128,0
21:23:37:435,120000456,168418479,385697,83976,0
21:23:37:635,120000564,167942354,385315,87742,0
21:23:37:835,120000445,168670405,386609,81241,0
21:23:38:035,120000575,167757307,385036,89103,0
21:23:38:235,120000577,168623927,386014,79839,0
21:23:38:435,120000581,167930515,384229,89734,0
21:23:38:635,120000570,168069585,385498,86236,0
21:23:38:835,120000580,168464889,387204,83000,0
21:23:39:035,120000606,167870627,385608,88123,0
21:23:39:235,120000566,168748276,386696,80676,0
21:23:39:435,120000563,167725327,384995,89325,0
21:23:39:635,120000577,168332648,385206,82385,0
21:23:39:835,120000579,168199625,385523,87173,0
21:23:40:035,120000574,167989957,385854,86825,0
21:23:40:235,120000578,168584914,386459,82026,0
21:23:40:435,120000565,167840719,384620,88683,0
21:23:40:635,120000577,168786483,385602,80173,0
21:23:40:835,120000459,167693919,386400,89599,0
21:23:41:035,120000578,168220923,385571,84088,0
21:23:41:235,120000448,168316493,386433,85290,0
21:23:41:435,120000558,167959548,385752,87467,0
21:23:41:635,120000579,168642506,385978,81352,0
21:23:41:835,120000566,167798943,384991,88958,0
21:23:42:035,120000578,168817065,387040,79829,0
21:23:42:235,120000566,167695943,384138,89940,0
21:23:42:435,120000574,168093441,385781,85774,0
21:23:42:635,120000551,168450309,386198,83387,0
21:23:42:835,120000576,167930860,385195,88053,0
21:23:43:035,120000578,168664957,387232,80798,0
21:23:43:235,120000572,167806317,384453,89230,0
21:23:43:435,120000563,168468007,384913,80138,0
21:23:43:635,120000577,168037720,386252,89640,0
21:23:43:835,120000480,168035107,386222,86573,0
21:23:44:035,120000574,168514818,386421,82374,0
21:23:44:235,120000470,167883886,384386,88349,0
21:23:44:435,120000593,168734931,386106,80506,0
21:23:44:635,120000456,167763508,384333,89412,0
21:23:44:835,120000575,168237272,386836,83432,0
21:23:45:035,120000573,168284269,385139,86164,0
21:23:45:235,120000573,167965472,385394,87157,0
21:23:45:435,120000573,168598071,385096,81853,0
21:23:45:635,120000575,167818553,386127,88759,0
21:23:45:835,120000564,168779708,387385,80144,0
21:23:46:035,120000569,167704223,384437,89790,0
21:23:46:235,120000572,168185075,386199,84971,0
21:23:46:435,120000577,168402467,384793,84433,0
21:23:46:635,120000566,167898325,387095,87592,0
21:23:46:835,120000555,168646410,386158,81223,0
21:23:47:035,120000570,167801099,385260,89050,0
21:23:47:235,120000563,168708708,385891,79825,0
21:23:47:435,120000582,167809024,384247,89857,0
21:23:47:635,120000457,168060734,385741,86195,0
21:23:47:835,120000547,168516572,386579,83154,0
21:23:48:035,120000468,167860898,385513,88215,0
21:23:48:235,120000570,168697529,387328,80637,0
21:23:48:435,120000453,167787810,383373,89366,0
21:23:48:635,120000559,168374286,386388,81887,0
21:23:48:835,120000564,168118300,387630,87757,0
21:23:49:035,120000563,168008557,385111,86955,0
21:23:49:235,120000577,168585303,386856,82083,0
21:23:49:435,120000576,167847373,385314,88725,0
21:23:49:635,120000578,168726200,386214,80261,0
21:23:49:835,120000579,167748361,385633,89625,0
21:23:50:035,120000572,168183279,386026,84107,0
21:23:50:235,120000570,168323230,386371,85336,0
21:23:50:435,120000568,168001459,384212,87257,0
21:23:50:635,120000559,168622571,386579,81519,0
21:23:50:835,120000567,167781471,385947,88870,0
21:23:51:035,120000446,168799869,386801,79882,0
21:23:51:235,120000580,167712177,386458,89756,0
21:23:51:435,120000451,168107303,384515,85847,0
21:23:51:635,120000574,168437250,386134,83487,0
21:23:51:835,120000456,167891811,385357,87862,0
21:23:52:035,120000556,168719122,385323,81024,0
21:23:52:635,120000457,265133830,403,143,0
21:23:52:635,120000457,265133830,403,143,0
21:23:52:835,120000596,179120180,338008,81156,0
21:23:53:035,120000461,168653334,386849,81139,0
21:23:53:235,120000575,167805374,385407,89016,0
21:23:53:435,120000525,168791153,386264,79699,0
21:23:53:635,120000563,167709745,385518,89921,0
21:23:53:835,120000593,168072423,384733,86095,0
21:23:54:035,120000570,168472795,386453,83117,0
21:23:54:235,120000561,167923163,384982,87964,0
21:23:54:435,120000603,168683112,386864,80802,0
21:23:54:635,120000575,167783263,383943,89222,0
21:23:54:835,120000560,168372571,385463,81145,0
21:23:55:035,120000576,168157447,385069,88505,0
21:23:55:235,120000562,168021870,386007,86654,0
21:23:55:435,120000574,168525092,386473,82238,0
21:23:55:635,120000468,167863307,384511,88359,0
21:23:55:835,120000570,168768748,386787,80269,0
21:23:56:035,120000446,167726093,384981,89541,0
21:23:56:235,120000572,168219194,385893,84180,0
21:23:56:435,120000445,168342776,385456,85369,0
21:23:56:635,120000580,167934257,385815,87270,0
21:23:56:835,120000451,168618576,386136,81720,0
21:23:57:035,120000579,167817100,385721,88907,0
21:23:57:235,120000566,168804218,386772,79892,0
21:23:57:435,120000575,167705708,383690,89775,0
21:23:57:635,120000572,168140306,385690,85293,0
21:23:57:835,120000576,168436456,386338,84090,0
21:23:58:035,120000578,167887295,386459,87807,0
21:23:58:235,120000574,168667633,386033,80973,0
21:23:58:435,120000570,167801527,384179,89238,0
21:23:58:635,120000571,168485291,385561,79799,0
21:23:58:835,120000574,168016901,386469,89847,0
21:23:59:035,120000560,168040216,385808,86584,0
21:23:59:235,120000576,168542973,385915,82710,0
21:23:59:435,120000501,167861826,384775,88309,0
21:23:59:635,120000577,168716960,386407,80560,0
21:23:59:835,120000542,167769181,384977,89403,0
21:24:00:035,120000575,168315545,386529,82338,0
21:24:00:235,120000464,168183866,387343,87239,0
21:24:00:435,120000573,168015274,383784,87030,0
21:24:00:635,120000579,168616409,385828,81718,0
21:24:00:835,120000551,167831902,385779,88564,0
21:24:01:035,120000582,168751720,386488,80126,0
21:24:01:235,120000579,167752116,385416,89675,0
21:24:01:435,120000576,168145353,385828,84747,0
21:24:01:635,120000571,168377944,385876,84668,0
21:24:01:835,120000582,167964184,384884,87414,0
21:24:02:035,120000560,168659637,385635,81358,0
21:24:02:235,120000575,167770046,385408,89014,0
21:24:02:435,120000456,168828340,386251,79901,0
21:24:02:635,120000572,167707797,384173,89900,0
21:24:02:835,120000566,168063064,386673,86095,0
21:24:03:035,120000569,168459718,386300,83078,0
21:24:03:235,120000440,167879238,385955,88040,0
21:24:03:435,120000574,168753586,385063,80822,0
21:24:03:635,120000449,167729264,385681,89292,0
21:24:03:835,120000564,168400652,386300,81253,0
21:24:04:035,120000573,168138164,384752,88372,0
21:24:04:235,120000580,167996359,386152,86568,0
21:24:04:435,120000575,168574443,385157,82301,0
21:24:04:635,120000577,167846434,385305,88535,0
21:24:04:835,120000574,168777463,385974,80412,0
21:24:05:035,120000569,167706587,385416,89468,0
21:24:05:235,120000582,168274649,384608,83703,0
21:24:05:435,120000457,168265799,384976,85912,0
21:24:05:635,120000562,167963898,386447,87327,0
21:24:05:835,120000576,168616684,386649,81588,0
21:24:06:035,120000573,167809007,384899,88919,0
21:24:06:235,120000495,168798405,386480,80050,0
21:24:06:435,120000567,167700742,384336,89872,0
21:24:06:635,120000455,168118132,386241,85401,0
21:24:06:835,120000574,168411093,385822,84004,0
21:24:07:035,120000443,167945444,385818,87744,0
21:24:07:235,120000560,168662619,386339,81018,0
21:24:07:435,120000572,167820339,384161,89106,0
21:24:08:035,120000453,265133906,403,159,0
21:24:08:035,120000453,265133906,403,159,0
21:24:08:235,120000472,195825852,274225,62753,0
21:24:08:435,120000571,167820515,384983,88920,0
21:24:08:635,120000460,168804251,387334,79682,0
21:24:08:835,120000569,167705405,384161,89709,0
21:24:09:035,120000571,168098208,385016,85649,0
21:24:09:235,120000587,168502699,384775,83351,0
21:24:09:435,120000577,167886778,386550,87894,0
21:24:09:635,120000577,168673017,387589,80819,0
21:24:09:835,120000589,167793753,384714,89198,0
21:24:10:035,120000558,168420939,385164,81067,0
21:24:10:235,120000569,168089324,386880,88456,0
21:24:10:435,120000567,168026561,386287,86646,0
21:24:10:635,120000579,168574997,384699,82342,0
21:24:10:835,120000575,167857059,385324,88433,0
21:24:11:035,120000579,168715718,386703,80342,0
21:24:11:235,120000551,167760159,385590,89513,0
21:24:11:435,120000569,168229587,387281,83357,0
21:24:11:635,120000538,168276335,386396,86154,0
21:24:11:835,120000574,168010191,384387,87264,0
21:24:12:035,120000554,168605900,385980,81577,0
21:24:12:235,120000581,167801670,386015,88754,0
21:24:12:435,120000576,168774503,387086,80020,0
21:24:12:635,120000561,167720988,386382,89806,0
21:24:12:835,120000567,168131561,383859,85454,0
21:24:13:035,120000571,168411830,386244,83949,0
21:24:13:235,120000578,167917800,386045,87645,0
21:24:13:435,120000566,168691852,386033,81149,0
21:24:13:635,120000572,167748755,386755,89106,0
21:24:13:835,120000521,168663685,385341,79840,0
21:24:14:035,120000572,167886355,384767,89789,0
21:24:14:235,120000471,168049509,386443,86071,0
21:24:14:435,120000570,168502607,385802,82970,0
21:24:14:635,120000481,167870419,386510,88042,0
21:24:14:835,120000568,168762591,384746,80666,0
21:24:15:035,120000452,167731998,385719,89255,0
21:24:15:235,120000570,168339233,384814,82428,0
21:24:15:435,120000450,168174225,386151,87198,0
21:24:15:635,120000581,168002446,386538,86873,0
21:24:15:835,120000570,168595692,385461,81991,0
21:24:16:035,120000574,167841403,385583,88584,0
21:24:16:235,120000580,168790214,386391,80230,0
21:24:16:435,120000576,167684792,385967,89672,0
21:24:16:635,120000580,168202265,386415,84204,0
21:24:16:835,120000571,168330648,385237,85336,0
21:24:17:035,120000567,167958920,386033,87605,0
21:24:17:235,120000568,168637000,386102,81413,0
21:24:17:435,120000569,167816993,384979,88967,0
21:24:17:635,120000576,168812097,386610,79794,0
21:24:17:835,120000570,167697490,384418,89799,0
21:24:18:035,120000504,168082371,386595,85806,0
21:24:18:235,120000570,168453239,385972,83486,0
21:24:18:435,120000562,167937108,385362,87949,0
21:24:18:635,120000569,168668740,386740,80851,0
21:24:18:835,120000549,167791526,384936,89139,0
21:24:19:035,120000566,168482368,385970,79787,0
21:24:19:235,120000578,168031844,385684,89814,0
21:24:19:435,120000575,168031257,386328,86680,0
21:24:19:635,120000582,168502331,386913,82365,0
21:24:19:835,120000579,167864145,385525,88302,0
21:24:20:035,120000572,168753225,386082,80558,0
21:24:20:235,120000571,167736073,384087,89585,0
21:24:20:435,120000573,168261406,386302,83388,0
21:24:20:635,120000580,168300732,384895,86220,0
21:24:20:835,120000576,167932959,386616,87095,0
21:24:21:035,120000566,168604874,385960,81840,0
21:24:21:235,120000579,167819526,386475,88801,0
21:24:21:435,120000561,168789810,386574,80023,0
21:24:21:635,120000573,167708061,384268,89753,0
21:24:21:835,120000564,168195403,384831,84723,0
21:24:22:035,120000565,168383838,385582,84666,0
21:24:22:235,120000448,167900374,387005,87705,0
21:24:22:435,120000581,168655717,386024,81128,0
21:24:22:635,120000571,167805695,385039,89005,0
21:24:22:835,120000537,168716974,386554,79749,0
21:24:23:435,120000448,265134277,403,165,0
21:24:23:435,120000448,265134277,403,165,0
21:24:23:635,120000595,211230093,211060,52521,0
21:24:23:835,120000457,168824240,386549,79785,0
21:24:24:035,120000580,167679992,385366,89898,0
21:24:24:235,120000577,168102849,385289,85815,0
21:24:24:435,120000572,168482881,386455,83527,0
21:24:24:635,120000600,167876634,385777,88037,0
21:24:24:835,120000564,168699316,385688,80791,0
21:24:25:035,120000574,167767709,386079,89220,0
21:24:25:235,120000532,168410242,384424,81155,0
21:24:25:435,120000571,168101528,387514,88393,0
21:24:25:635,120000574,168019247,385863,86728,0
21:24:25:835,120000571,168581386,385655,82370,0
21:24:26:035,120000483,167834213,386538,88355,0
21:24:26:235,120000579,168734659,386782,80362,0
21:24:26:435,120000561,167738952,385263,89634,0
21:24:26:635,120000575,168242159,385389,83334,0
21:24:26:835,120000456,168277650,386383,86260,0
21:24:27:035,120000575,167990068,385343,87130,0
21:24:27:235,120000458,168628716,386157,81601,0
21:24:27:435,120000557,167823327,386295,88691,0
21:24:27:635,120000575,168779737,386131,80038,0
21:24:27:835,120000566,167737373,384602,89756,0
21:24:28:035,120000563,168109481,385855,85260,0
21:24:28:235,120000582,168411083,385619,83992,0
21:24:28:435,120000574,167935214,386272,87706,0
21:24:28:635,120000576,168686462,384602,81276,0
21:24:28:835,120000579,167753718,386368,89034,0
21:24:29:035,120000539,168603820,386481,79844,0
21:24:29:235,120000583,167925017,385567,89808,0
21:24:29:435,120000551,168059809,386358,86123,0
21:24:29:635,120000579,168483149,385811,83057,0
21:24:29:835,120000560,167874515,385810,88203,0
21:24:30:035,120000577,168736856,386755,80754,0
21:24:30:235,120000470,167708099,386666,89423,0
21:24:30:435,120000563,168331811,385991,82453,0
21:24:30:635,120000439,168207894,384086,87204,0
21:24:30:835,120000574,167987472,386708,86991,0
21:24:31:035,120000439,168580338,385936,82129,0
21:24:31:235,120000580,167833261,385780,88650,0
21:24:31:435,120000571,168777868,386920,80288,0
21:24:31:635,120000566,167696924,385380,89609,0
21:24:31:835,120000571,168211291,385357,84147,0
21:24:32:035,120000574,168322196,384870,85396,0
21:24:32:235,120000582,167961247,385221,87551,0
21:24:32:435,120000569,168633991,386601,81458,0
21:24:32:635,120000563,167813171,384343,88996,0
21:24:32:835,120000573,168797773,386589,79953,0
21:24:33:035,120000561,167686937,384137,90028,0
21:24:33:235,120000577,168079393,386284,85881,0
21:24:33:435,120000578,168448069,385314,83610,0
21:24:33:635,120000550,167932445,385887,88051,0
21:24:33:835,120000573,168674776,386127,80935,0
21:24:34:035,120000546,167792053,383727,89305,0
21:24:34:235,120000561,168485222,385702,79879,0
21:24:34:435,120000470,168016258,386018,90023,0
21:24:34:635,120000576,168025493,386622,86868,0
21:24:34:835,120000576,168492460,387290,82469,0
21:24:35:035,120000572,167854975,384737,88467,0
21:24:35:235,120000572,168748016,387368,80568,0
21:24:35:435,120000583,167731363,384394,89545,0
21:24:35:635,120000563,168274074,385076,83533,0
21:24:35:835,120000568,168288965,385659,86294,0
21:24:36:035,120000578,167929384,386358,87253,0
21:24:36:235,120000569,168607050,385471,81884,0
21:24:36:435,120000576,167821908,385372,88837,0
21:24:36:635,120000567,168794418,385844,80153,0
21:24:36:835,120000565,167690690,385603,89911,0
21:24:37:035,120000450,168167317,385985,84761,0
21:24:37:235,120000572,168381645,386569,84674,0
21:24:37:435,120000554,167915179,386233,87634,0
21:24:37:635,120000577,168672477,384731,81152,0
21:24:37:835,120000468,167784684,385739,89115,0
21:24:38:035,120000570,168735791,386138,79883,0
21:24:38:235,120000576,167767929,385647,89989,0
21:24:38:835,120000468,265134203,403,160,0
21:24:38:835,120000468,265134203,403,160,0
21:24:39:035,120000473,228126968,146075,32868,0
21:24:39:235,120000569,167718053,384146,89973,0
21:24:39:435,120000449,168074100,385854,86018,0
21:24:39:635,120000563,168434553,386329,83554,0
21:24:39:835,120000573,167893417,386410,87877,0
21:24:40:035,120000589,168718100,385058,81114,0
21:24:40:235,120000578,167742282,386009,89223,0
21:24:40:435,120000581,168481290,386032,79859,0
21:24:40:635,120000604,168047490,385737,89874,0
21:24:40:835,120000551,168017941,387028,86431,0
21:24:41:035,120000577,168533996,385135,82792,0
21:24:41:235,120000578,167857237,385308,88440,0
21:24:41:435,120000569,168765455,385848,80601,0
21:24:41:635,120000550,167716601,385042,89485,0
21:24:41:835,120000575,168291957,386020,83490,0
21:24:42:035,120000459,168217686,385232,86160,0
21:24:42:235,120000570,167996051,385752,87142,0
21:24:42:435,120000492,168613379,385304,81793,0
21:24:42:635,120000563,167828219,384975,88707,0
21:24:42:835,120000461,168801555,386032,80095,0
21:24:43:035,120000574,167695312,384445,89768,0
21:24:43:235,120000574,168167145,384609,84813,0
21:24:43:435,120000573,168371908,385796,84616,0
21:24:43:635,120000572,167950964,385677,87651,0
21:24:43:835,120000580,168645458,386628,81257,0
21:24:44:035,120000572,167821702,383802,89093,0
21:24:44:235,120000562,168791187,386279,79775,0
21:24:44:435,120000574,167705059,385367,89945,0
21:24:44:635,120000563,168060903,385353,86218,0
21:24:44:835,120000573,168480902,386264,83032,0
21:24:45:035,120000556,167925683,386032,87916,0
21:24:45:235,120000576,168683800,386734,80825,0
21:24:45:435,120000525,167772369,384874,89259,0
21:24:45:635,120000572,168370865,385976,81203,0
21:24:45:835,120000458,168146839,385951,88459,0
21:24:46:035,120000568,168006221,386913,86674,0
21:24:46:235,120000449,168533047,385061,82393,0
21:24:46:435,120000570,167854998,385002,88459,0
21:24:46:635,120000557,168759267,387330,80330,0
21:24:46:835,120000574,167713813,385611,89514,0
21:24:47:035,120000571,168233035,386074,84287,0
21:24:47:235,120000575,168341309,384635,85463,0
21:24:47:435,120000569,167919869,387125,87438,0
21:24:47:635,120000577,168627558,384798,81645,0
21:24:47:835,120000571,167818315,385207,88901,0
21:24:48:035,120000569,168794229,386980,80019,0
21:24:48:235,120000582,167705629,383580,89743,0
21:24:48:435,120000471,168119030,385918,85404,0
21:24:48:635,120000572,168456776,384925,84054,0
21:24:48:835,120000504,167882233,386822,87937,0
21:24:49:035,120000571,168667538,386441,81027,0
21:24:49:235,120000470,167783325,385404,89240,0
21:24:49:435,120000576,168489886,385485,79879,0
21:24:49:635,120000470,168025480,385225,89870,0
21:24:49:835,120000574,168034662,386533,86621,0
21:24:50:035,120000574,168540093,385017,82688,0
21:24:50:235,120000576,167865709,386378,88501,0
21:24:50:435,120000572,168694562,387315,80592,0
21:24:50:635,120000571,167780962,383679,89625,0
21:24:50:835,120000573,168272052,387130,82502,0
21:24:51:035,120000569,168218773,385577,87210,0
21:24:51:235,120000574,168007421,385746,87202,0
21:24:51:435,120000471,168549761,387691,81769,0
21:24:51:635,120000570,167839950,384680,88717,0
21:24:51:835,120000557,168747615,387266,80379,0
21:24:52:035,120000576,167745772,383345,89768,0
21:24:52:235,120000579,168164709,385176,84842,0
21:24:52:435,120000578,168365092,386624,84711,0
21:24:52:635,120000455,167928333,384755,87527,0
21:24:52:835,120000577,168663419,385377,81428,0
21:24:53:035,120000440,167790548,385094,89036,0
21:24:53:235,120000566,168817699,386073,79922,0
21:24:53:435,120000571,167684458,385208,89988,0
21:24:53:635,120000555,168103507,385088,85884,0
21:24:54:235,120000477,265138973,402,152,0
21:24:54:235,120000477,265138973,402,152,0
21:24:54:635,120000467,168105705,386823,85447,0
21:24:54:835,120000595,168409989,386087,84070,0
21:24:55:035,120000568,167954644,385116,87871,0
21:24:55:235,120000583,168642620,386905,81078,0
21:24:55:435,120000572,167788709,385194,89124,0
21:24:55:635,120000601,168525587,386097,79857,0
21:24:55:835,120000580,167996850,384344,89805,0
21:24:56:035,120000569,168049406,385862,86415,0
21:24:56:235,120000605,168489112,386295,82649,0
21:24:56:435,120000466,167879048,385267,88224,0
21:24:56:635,120000561,168721580,386643,80776,0
21:24:56:835,120000471,167737101,384319,89483,0
21:24:57:035,120000573,168330106,385505,82458,0
21:24:57:235,120000552,168220494,385349,87308,0
21:24:57:435,120000572,167955358,386032,86960,0
21:24:57:635,120000457,168578554,386144,82196,0
21:24:57:835,120000579,167835306,385839,88681,0
21:24:58:035,120000510,168779823,385745,80324,0
21:24:58:235,120000576,167703190,385577,89711,0
21:24:58:435,120000571,168217961,385938,84359,0
21:24:58:635,120000562,168325508,385444,85231,0
21:24:58:835,120000574,167925121,386442,87594,0
21:24:59:035,120000579,168644886,384938,81463,0
21:24:59:235,120000579,167802023,385281,89086,0
21:24:59:435,120000576,168812486,386624,79831,0
21:24:59:635,120000578,167687050,383992,90091,0
21:24:59:835,120000551,168076273,386350,85886,0
21:25:00:035,120000573,168470700,384683,83575,0
21:25:00:235,120000474,167909592,385392,88065,0
21:25:00:435,120000579,168675622,386954,80877,0
21:25:00:635,120000530,167776805,385578,89343,0
21:25:00:835,120000547,168443306,385846,80624,0
21:25:01:035,120000471,168052492,386063,89173,0
21:25:01:235,120000569,168029081,385991,86631,0
21:25:01:435,120000470,168521103,385862,82425,0
21:25:01:635,120000557,167880697,385797,88396,0
21:25:01:835,120000567,168713622,386989,80550,0
21:25:02:035,120000561,167761321,384059,89547,0
21:25:02:235,120000567,168236267,386094,83444,0
21:25:02:436,120000574,168285743,383955,86325,0
21:25:02:636,120000580,167969361,386531,87206,0
21:25:02:836,120000574,168580136,385754,81873,0
21:25:03:036,120000567,167822055,385933,88808,0
21:25:03:236,120000568,168779306,387914,80072,0
21:25:03:436,120000581,167708378,383975,89736,0
21:25:03:636,120000558,168171681,386051,85228,0
21:25:03:836,120000575,168398863,385074,84397,0
21:25:04:036,120000575,167886140,387101,87704,0
21:25:04:236,120000575,168653195,385753,81257,0
21:25:04:436,120000533,167787919,386293,89211,0
21:25:04:636,120000535,168708859,385994,79929,0
21:25:04:836,120000474,167802128,383962,90025,0
21:25:05:036,120000573,168054958,386846,86231,0
21:25:05:236,120000451,168530478,384708,83153,0
21:25:05:436,120000570,167859508,386369,88205,0
21:25:05:636,120000577,168694084,387476,80779,0
21:25:05:836,120000578,167784374,383424,89476,0
21:25:06:036,120000569,168383145,385660,81926,0
21:25:06:236,120000577,168125828,386980,87845,0
21:25:06:436,120000572,168010487,385422,86967,0
21:25:06:636,120000566,168579099,387263,82129,0
21:25:06:836,120000568,167863573,383814,88705,0
21:25:07:036,120000468,168722028,387271,80264,0
21:25:07:236,120000575,167757997,383792,89640,0
21:25:07:436,120000523,168180749,386495,84232,0
21:25:07:636,120000565,168329726,386040,85415,0
21:25:07:836,120000548,167993773,383701,87470,0
21:25:08:036,120000557,168627291,386177,81567,0
21:25:08:236,120000438,167783479,385978,88906,0
21:25:08:436,120000574,168807834,385922,80096,0
21:25:08:636,120000452,167712743,385566,89884,0
21:25:08:836,120000572,168095417,385333,85919,0
21:25:09:036,120000564,168436400,386138,83561,0
21:25:09:236,120000577,167889300,385585,87848,0
21:25:09:636,120000500,260467368,19815,2880,0
21:25:09:836,120000477,260140658,16714,8239,0
21:25:10:036,120000569,168398055,384400,84646,0
21:25:10:236,120000452,167889852,387106,87834,0
21:25:10:436,120000577,168651392,386084,81259,0
21:25:10:636,120000571,167793627,384916,89256,0
21:25:10:836,120000577,168727170,386723,79960,0
21:25:11:036,120000606,167771914,384410,89977,0
21:25:11:236,120000569,168061461,385838,86334,0
21:25:11:436,120000574,168496494,385115,83175,0
21:25:11:636,120000591,167888782,386202,88279,0
21:25:11:836,120000566,168678337,388191,80712,0
21:25:12:036,120000559,167785169,384358,89434,0
21:25:12:236,120000581,168384549,386486,81116,0
21:25:12:436,120000466,168114191,385988,88568,0
21:25:12:636,120000576,168013411,385478,87060,0
21:25:12:836,120000467,168526835,386589,82187,0
21:25:13:036,120000571,167860661,385494,88553,0
21:25:13:236,120000453,168734913,387626,80384,0
21:25:13:436,120000578,167766356,382133,89654,0
21:25:13:636,120000440,168180042,386988,84360,0
21:25:13:836,120000575,168327253,385495,85432,0
21:25:14:036,120000568,167945300,386383,87463,0
21:25:14:236,120000575,168596410,387217,81676,0
21:25:14:436,120000571,167812320,385215,88927,0
21:25:14:636,120000578,168801791,386165,80002,0
21:25:14:836,120000573,167692033,384272,89998,0
21:25:15:036,120000459,168140566,386061,85429,0
21:25:15:236,120000571,168423854,387022,84129,0
21:25:15:436,120000575,167878638,387150,87806,0
21:25:15:636,120000576,168656868,386637,81141,0
21:25:15:836,120000567,167792616,383775,89287,0
21:25:16:036,120000577,168488651,384864,79922,0
21:25:16:236,120000458,168023823,384230,90010,0
21:25:16:436,120000577,168035515,386698,86533,0
21:25:16:636,120000547,168540147,385894,82774,0
21:25:16:836,120000576,167849259,386035,88456,0
21:25:17:036,120000448,168704363,387051,80551,0
21:25:17:236,120000571,167767170,384364,89592,0
21:25:17:436,120000569,168305705,387371,82370,0
21:25:17:636,120000577,168192323,386249,87307,0
21:25:17:836,120000574,168004597,384470,87270,0
21:25:18:036,120000561,168594758,386126,81829,0
21:25:18:236,120000575,167838619,384354,88773,0
21:25:18:436,120000561,168729093,387306,80264,0
21:25:18:636,120000567,167749092,384362,89868,0
21:25:18:836,120000572,168139026,386552,84747,0
21:25:19:036,120000576,168354666,387160,84774,0
21:25:19:236,120000472,167946449,384705,87538,0
21:25:19:436,120000575,168637361,387914,81461,0
21:25:19:636,120000448,167767714,385461,89171,0
21:25:19:836,120000575,168808988,387273,79946,0
21:25:20:036,120000448,167691314,384900,89978,0
21:25:20:236,120000563,168108486,385016,85921,0
21:25:20:436,120000447,168449386,386307,83516,0
21:25:20:636,120000580,167878517,385833,88061,0
21:25:20:836,120000595,168715643,385599,80901,0
21:25:21:036,120000589,167752046,385182,89328,0
21:25:21:236,120000561,168408088,384823,81271,0
21:25:21:436,120000574,168095854,386563,88540,0
21:25:21:636,120000568,168023835,385630,86778,0
21:25:21:836,120000569,168561951,385851,82415,0
21:25:22:036,120000567,167845832,385008,88565,0
21:25:22:236,120000562,168752585,385913,80420,0
21:25:22:436,120000571,167711954,385574,89705,0
21:25:22:636,120000458,168242425,386507,83480,0
21:25:22:836,120000576,168268251,387197,86258,0
21:25:23:036,120000545,167987387,384299,87413,0
21:25:23:236,120000569,168622211,386867,81629,0
21:25:23:436,120000448,167825742,385699,88913,0
21:25:23:636,120000564,168771327,387474,80078,0
21:25:23:836,120000458,167691944,385735,89995,0
21:25:24:036,120000583,168105475,385812,85426,0
21:25:24:236,120000577,168413901,385823,84056,0
21:25:24:436,120000558,167941290,385274,87726,0
21:25:24:636,120000576,168677977,385465,81259,0
21:25:25:236,120000445,265133623,403,150,0
21:25:25:236,120000445,265133623,403,150,0
21:25:25:436,120000468,179374071,337011,80743,0
21:25:25:636,120000574,168654983,386011,81437,0
21:25:25:836,120000575,167782435,385783,89037,0
21:25:26:036,120000577,168816046,386419,79812,0
21:25:26:236,120000574,167693530,384606,89932,0
21:25:26:436,120000543,168107409,385141,85867,0
21:25:26:636,120000564,168468157,386117,83552,0
21:25:26:836,120000574,167867041,387227,88086,0
21:25:27:036,120000607,168705929,384996,80909,0
21:25:27:236,120000572,167751250,386630,89249,0
21:25:27:436,120000576,168409984,384111,81326,0
21:25:27:636,120000561,168107786,385795,88580,0
21:25:27:836,120000567,168017175,386138,86787,0
21:25:28:036,120000471,168572176,385726,82510,0
21:25:28:236,120000579,167823851,386893,88571,0
21:25:28:436,120000443,168732621,386719,80468,0
21:25:28:636,120000576,167737096,385216,89637,0
21:25:28:836,120000452,168237977,385736,83435,0
21:25:29:036,120000569,168272933,386428,86295,0
21:25:29:236,120000569,167982300,385249,87337,0
21:25:29:436,120000577,168640678,385093,81651,0
21:25:29:636,120000581,167813075,385614,88753,0
21:25:29:836,120000460,168777760,386048,80103,0
21:25:30:036,120000579,167719902,385559,89879,0
21:25:30:236,120000579,168098216,385905,85388,0
21:25:30:436,120000574,168414151,386636,84066,0
21:25:30:636,120000463,167912976,386139,87782,0
21:25:30:836,120000576,168699178,384587,81241,0
21:25:31:036,120000469,167740076,386228,89130,0
21:25:31:236,120000533,168628944,385414,79909,0
21:25:31:436,120000555,167907299,385129,89923,0
21:25:31:636,120000571,168049243,386403,86252,0
21:25:31:836,120000565,168475100,386879,83173,0
21:25:32:036,120000571,167869830,385090,88399,0
21:25:32:236,120000442,168751983,385086,80773,0
21:25:32:436,120000580,167719585,385599,89398,0
21:25:32:636,120000569,168329116,385106,82529,0
21:25:32:836,120000571,168188133,386270,87252,0
21:25:33:036,120000571,167993336,386410,86957,0
21:25:33:236,120000567,168591988,385318,82165,0
21:25:33:436,120000572,167836612,385731,88687,0
21:25:33:636,120000583,168779455,386838,80265,0
21:25:33:836,120000574,167692816,386304,89703,0
21:25:34:036,120000513,168180709,386859,84120,0
21:25:34:236,120000579,168327760,385674,85425,0
21:25:34:436,120000572,167964961,384833,87552,0
21:25:34:636,120000571,168643540,385470,81459,0
21:25:34:836,120000566,167813970,385599,89038,0
21:25:35:036,120000576,168806377,387281,79844,0
21:25:35:236,120000472,167678799,384893,90072,0
21:25:35:436,120000577,168075729,387229,85841,0
21:25:35:636,120000450,168450726,385565,83548,0
21:25:35:836,120000556,167939675,385353,87965,0
21:25:36:036,120000576,168659851,386921,81044,0
21:25:36:236,120000544,167773226,385495,89266,0
21:25:36:436,120000571,168477259,385304,79898,0
21:25:36:636,120000575,168047112,385308,90028,0
21:25:36:836,120000578,168028341,386543,86600,0
21:25:37:036,120000576,168492881,387116,82590,0
21:25:37:236,120000582,167858509,385694,88471,0
21:25:37:436,120000565,168732443,387739,80606,0
21:25:37:636,120000578,167728086,384198,89578,0
21:25:37:836,120000579,168268527,385413,83517,0
21:25:38:036,120000572,168278501,386146,86157,0
21:25:38:236,120000559,167947006,385891,87281,0
21:25:38:436,120000566,168590230,387009,81837,0
21:25:38:636,120000549,167822714,386056,88822,0
21:25:38:836,120000570,168784045,387023,80153,0
21:25:39:036,120000457,167698919,384602,89904,0
21:25:39:236,120000578,168168117,385254,84805,0
21:25:39:436,120000574,168384977,385100,84787,0
21:25:39:636,120000572,167925153,386489,87787,0
21:25:39:836,120000579,168643148,386968,81209,0
21:25:40:036,120000572,167803753,384341,89145,0
21:25:40:636,120000441,265134245,403,160,0
21:25:40:636,120000441,265134245,403,160,0
21:25:40:836,120000572,195659949,274006,63024,0
21:25:41:036,120000572,167770157,385548,89039,0
21:25:41:236,120000566,168823365,386778,79791,0
21:25:41:436,120000576,167703528,384728,89964,0
21:25:41:636,120000554,168086468,385982,86018,0
21:25:41:836,120000586,168454974,385741,83339,0
21:25:42:036,120000576,167879278,385785,88060,0
21:25:42:236,120000569,168725161,385976,80805,0
21:25:42:436,120000600,167731759,386407,89288,0
21:25:42:636,120000566,168400576,384947,81206,0
21:25:42:836,120000459,168120463,384998,88445,0
21:25:43:036,120000569,168014005,385658,86691,0
21:25:43:236,120000474,168559432,385443,82476,0
21:25:43:436,120000564,167849103,385798,88526,0
21:25:43:636,120000542,168767215,386323,80419,0
21:25:43:836,120000571,167709408,384796,89689,0
21:25:44:036,120000549,168274242,384822,83440,0
21:25:44:236,120000580,168243511,385450,86315,0
21:25:44:436,120000578,167984850,384872,87365,0
21:25:44:636,120000572,168617163,386680,81619,0
21:25:44:836,120000566,167815744,384579,88974,0
21:25:45:036,120000568,168810081,385510,80003,0
21:25:45:236,120000570,167679402,385563,89844,0
21:25:45:436,120000581,168111646,385583,85483,0
21:25:45:636,120000568,168414292,386061,84018,0
21:25:45:836,120000573,167957360,384891,87896,0
21:25:46:036,120000572,168649251,385779,81087,0
21:25:46:236,120000555,167789790,385548,89276,0
21:25:46:436,120000535,168531990,386090,79909,0
21:25:46:636,120000564,167967650,386308,89934,0
21:25:46:836,120000575,168054190,385900,86592,0
21:25:47:036,120000460,168479097,387012,82669,0
21:25:47:236,120000571,167882623,385037,88223,0
21:25:47:436,120000475,168746146,385285,80629,0
21:25:47:636,120000583,167720382,385998,89452,0
21:25:47:836,120000450,168322905,386312,82514,0
21:25:48:036,120000562,168223140,385548,87330,0
21:25:48:236,120000570,167967204,384686,86951,0
21:25:48:436,120000575,168586616,386368,82153,0
21:25:48:636,120000566,167824013,386346,88728,0
21:25:48:836,120000574,168781575,385840,80287,0
21:25:49:036,120000575,167694092,386653,89641,0
21:25:49:236,120000566,168234076,384692,84253,0
21:25:49:436,120000580,168318677,385887,85229,0
21:25:49:636,120000571,167944060,384451,87461,0
21:25:49:836,120000577,168643005,385888,81434,0
21:25:50:036,120000553,167788783,385959,89039,0
21:25:50:236,120000569,168809839,386896,79861,0
21:25:50:436,120000540,167675254,386130,89975,0
21:25:50:636,120000570,168102781,385025,85808,0
21:25:50:836,120000442,168468366,385383,83452,0
21:25:51:036,120000572,167902988,385760,88154,0
21:25:51:236,120000445,168676002,387060,80885,0
21:25:51:436,120000574,167789925,385238,89354,0
21:25:51:636,120000574,168446687,385300,80656,0
21:25:51:836,120000576,168057104,386133,89083,0
21:25:52:036,120000578,168016968,385970,86733,0
21:25:52:236,120000565,168522390,386257,82462,0
21:25:52:436,120000577,167878816,386142,88401,0
21:25:52:636,120000579,168727638,385230,80589,0
21:25:52:836,120000576,167753752,384657,89657,0
21:25:53:036,120000577,168236886,385766,83488,0
21:25:53:236,120000576,168279654,385081,86318,0
21:25:53:436,120000459,167961175,387070,87138,0
21:25:53:636,120000577,168589710,385513,81781,0
21:25:53:836,120000471,167816305,385917,88913,0
21:25:54:036,120000574,168795404,387194,80157,0
21:25:54:236,120000470,167697928,384490,89861,0
21:25:54:436,120000557,168175164,385926,85281,0
21:25:54:636,120000445,168391710,385758,84338,0
21:25:54:836,120000574,167900474,386800,87659,0
21:25:55:036,120000581,168667476,384221,81203,0
21:25:55:236,120000573,167792199,385749,89104,0
21:25:55:436,120000542,168699184,386376,79914,0
21:25:56:036,120000463,265134504,403,161,0
21:25:56:036,120000463,265134504,403,161,0
21:25:56:236,120000473,211524573,209589,52408,0
21:25:56:436,120000573,168817258,385188,79874,0
21:25:56:636,120000575,167665358,385634,89973,0
21:25:56:836,120000578,168082142,386476,85816,0
21:25:57:036,120000571,168439946,387000,83538,0
21:25:57:236,120000587,167949703,383889,87967,0
21:25:57:436,120000561,168672937,386266,81017,0
21:25:57:636,120000464,167762724,385672,89281,0
21:25:57:836,120000609,168481115,385465,79905,0
21:25:58:036,120000574,168048632,385745,89922,0
21:25:58:236,120000578,168037535,384545,86578,0
21:25:58:436,120000575,168493208,387630,82648,0
21:25:58:636,120000569,167863090,385507,88389,0
21:25:58:836,120000463,168746924,386463,80577,0
21:25:59:036,120000573,167710820,386050,89561,0
21:25:59:236,120000555,168273629,385174,83471,0
21:25:59:436,120000561,168272719,386890,86250,0
21:25:59:636,120000448,167949671,385988,87268,0
21:25:59:836,120000572,168612865,385288,81870,0
21:26:00:036,120000560,167807793,386040,88907,0
21:26:00:236,120000580,168790935,386470,80060,0
21:26:00:436,120000574,167682777,386773,89945,0
21:26:00:636,120000570,168176470,383312,84857,0
21:26:00:836,120000577,168385240,385902,84736,0
21:26:01:036,120000577,167923663,385468,87820,0
21:26:01:236,120000568,168658188,386169,81219,0
21:26:01:436,120000575,167787510,385742,89191,0
21:26:01:636,120000581,168767707,385528,79835,0
21:26:01:836,120000577,167737252,386093,90040,0
21:26:02:036,120000571,168067737,385479,86246,0
21:26:02:236,120000468,168489567,385294,83142,0
21:26:02:436,120000584,167916655,385377,88208,0
21:26:02:636,120000450,168668314,387794,80780,0
21:26:02:836,120000552,167784971,384930,89471,0
21:26:03:036,120000446,168366586,385720,81170,0
21:26:03:236,120000560,168136233,385501,88569,0
21:26:03:436,120000578,168019720,385619,87032,0
21:26:03:636,120000573,168512362,386984,82173,0
21:26:03:836,120000581,167851040,386068,88596,0
21:26:04:036,120000574,168750822,386590,80491,0
21:26:04:236,120000582,167737696,384785,89659,0
21:26:04:436,120000571,168207970,385162,84220,0
21:26:04:636,120000559,168332004,386125,85416,0
21:26:04:836,120000570,167917772,387080,87334,0
21:26:05:036,120000579,168621625,386111,81666,0
21:26:05:236,120000579,167812183,385898,88893,0
21:26:05:436,120000578,168811762,385526,79957,0
21:26:05:636,120000471,167693602,384382,89987,0
21:26:05:836,120000576,168129423,386046,85427,0
21:26:06:036,120000524,168437700,385866,84109,0
21:26:06:236,120000575,167872528,387127,87925,0
21:26:06:436,120000455,168671936,385767,81053,0
21:26:06:636,120000564,167782923,385724,89280,0
21:26:06:836,120000577,168488937,384776,79866,0
21:26:07:036,120000571,168022375,386075,89803,0
21:26:07:236,120000572,168034573,386372,86506,0
21:26:07:436,120000562,168544185,384231,82759,0
21:26:07:636,120000582,167866162,385366,88366,0
21:26:07:836,120000579,168707097,385694,80622,0
21:26:08:036,120000572,167770812,384665,89533,0
21:26:08:236,120000458,168292406,386804,82412,0
21:26:08:436,120000567,168199349,386244,87279,0
21:26:08:636,120000579,167994675,385834,87173,0
21:26:08:836,120000572,168608387,383958,81866,0
21:26:09:036,120000574,167839557,385100,88710,0
21:26:09:236,120000577,168740887,386957,80242,0
21:26:09:436,120000547,167748481,384911,89773,0
21:26:09:636,120000574,168141292,386673,84747,0
21:26:09:836,120000503,168378316,384754,84741,0
21:26:10:036,120000573,167951694,385516,87480,0
21:26:10:236,120000565,168661506,385368,81462,0
21:26:10:436,120000576,167752240,386080,89111,0
21:26:10:636,120000576,168824978,386864,79851,0
21:26:10:836,120000526,167704021,384051,89959,0
21:26:11:436,120000467,265141681,401,162,0
21:26:11:436,120000467,265141681,401,162,0
21:26:11:636,120000579,227920382,147839,32960,0
21:26:11:836,120000577,167686517,384647,89954,0
21:26:12:036,120000579,168077180,385914,85909,0
21:26:12:236,120000576,168447412,386153,83489,0
21:26:12:436,120000578,167923407,387315,88058,0
21:26:12:636,120000604,168669243,386445,80863,0
21:26:12:836,120000557,167797605,384623,89348,0
21:26:13:036,120000574,168468091,385663,80088,0
21:26:13:236,120000593,168027074,386138,89686,0
21:26:13:436,120000577,168029140,386734,86618,0
21:26:13:636,120000552,168507838,385365,82446,0
21:26:13:836,120000570,167865755,385718,88421,0
21:26:14:036,120000557,168728330,387417,80603,0
21:26:14:236,120000571,167747217,384442,89518,0
21:26:14:436,120000485,168243874,386493,83491,0
21:26:14:636,120000576,168286548,385567,86227,0
21:26:14:836,120000453,167938430,386973,87090,0
21:26:15:036,120000571,168622875,384893,81677,0
21:26:15:236,120000579,167819285,386348,88781,0
21:26:15:436,120000571,168781233,387258,80019,0
21:26:15:636,120000572,167699114,384471,89813,0
21:26:15:836,120000567,168180236,386643,84782,0
21:26:16:036,120000576,168372038,385838,84731,0
21:26:16:236,120000577,167890914,387474,87686,0
21:26:16:436,120000576,168663796,385134,81224,0
21:26:16:636,120000556,167794574,384966,89208,0
21:26:16:836,120000575,168710276,386469,79846,0
21:26:17:036,120000562,167781269,385521,89894,0
21:26:17:236,120000580,168058149,386693,86164,0
21:26:17:436,120000485,168515387,384095,83147,0
21:26:17:636,120000578,167880782,386431,88180,0
21:26:17:836,120000470,168686870,386764,80716,0
21:26:18:036,120000570,167772651,384685,89432,0
21:26:18:236,120000543,168395227,386498,81135,0
21:26:18:436,120000562,168103243,385403,88598,0
21:26:18:636,120000578,168016770,384775,87010,0
21:26:18:836,120000569,168561941,385719,82163,0
21:26:19:036,120000574,167855515,385721,88571,0
21:26:19:236,120000579,168722525,387029,80448,0
21:26:19:436,120000575,167751969,384364,89671,0
21:26:19:636,120000574,168178129,387229,84278,0
21:26:19:836,120000580,168331944,384638,85467,0
21:26:20:036,120000463,167953948,386704,87346,0
21:26:20:236,120000569,168617238,386112,81675,0
21:26:20:436,120000563,167786949,386786,88921,0
21:26:20:636,120000574,168797368,387248,80006,0
21:26:20:836,120000471,167692904,384463,89952,0
21:26:21:036,120000561,168154104,385573,85361,0
21:26:21:236,120000480,168422963,384997,84058,0
21:26:21:436,120000575,167893116,386365,87848,0
21:26:21:636,120000452,168684752,385729,81002,0
21:26:21:836,120000566,167780582,384914,89207,0
21:26:22:036,120000445,168480942,386103,79904,0
21:26:22:236,120000573,168019271,385945,89880,0
21:26:22:436,120000575,168045348,385357,86485,0
21:26:22:636,120000580,168546492,385748,82748,0
21:26:22:836,120000578,167838281,386198,88528,0
21:26:23:036,120000548,168713273,387736,80508,0
21:26:23:236,120000573,167757096,384287,89510,0
21:26:23:436,120000567,168335120,385564,82438,0
21:26:23:636,120000572,168183469,386398,87190,0
21:26:23:836,120000564,167979948,385703,87164,0
21:26:24:036,120000574,168616372,386569,81879,0
21:26:24:236,120000577,167829955,385393,88778,0
21:26:24:436,120000575,168746126,386873,80251,0
21:26:24:636,120000476,167731476,385045,89892,0
21:26:24:836,120000583,168143209,387210,84705,0
21:26:25:036,120000447,168370092,385661,84708,0
21:26:25:236,120000555,167973709,384499,87416,0
21:26:25:436,120000449,168663463,384973,81412,0
21:26:25:636,120000574,167767185,386277,88874,0
21:26:25:836,120000568,168826457,387324,79759,0
21:26:26:036,120000554,167700825,384271,89933,0
21:26:26:236,120000570,168074232,386000,86139,0
21:26:26:836,120000475,265133796,403,160,0
21:26:26:836,120000475,265133796,403,160,0
21:26:27:236,120000569,168139420,386059,85407,0
21:26:27:436,120000574,168447582,384811,84058,0
21:26:27:636,120000578,167868010,387231,87822,0
21:26:27:836,120000577,168666675,386136,81059,0
21:26:28:036,120000572,167787142,385222,89209,0
21:26:28:236,120000570,168487722,385676,79874,0
21:26:28:436,120000555,168017737,385510,89963,0
21:26:28:636,120000574,168038259,386173,86530,0
21:26:28:836,120000577,168544333,385299,82684,0
21:26:29:036,120000576,167855050,386229,88438,0
21:26:29:236,120000549,168687559,387791,80646,0
21:26:29:436,120000572,167770531,384538,89642,0
21:26:29:636,120000454,168294352,386316,82480,0
21:26:29:836,120000576,168209540,385744,87384,0
21:26:30:036,120000456,168006167,384987,87167,0
21:26:30:236,120000575,168582481,386773,81906,0
21:26:30:436,120000480,167831207,384922,88796,0
21:26:30:636,120000569,168747461,386237,80308,0
21:26:30:836,120000560,167745836,384975,89847,0
21:26:31:036,120000577,168141669,385985,84910,0
21:26:31:236,120000577,168369822,386290,84683,0
21:26:31:436,120000558,167921545,386200,87596,0
21:26:31:636,120000575,168648755,386335,81455,0
21:26:31:836,120000572,167775088,386548,89027,0
21:26:32:036,120000572,168820914,385708,79895,0
21:26:32:236,120000462,167692700,384747,89973,0
21:26:32:436,120000575,168103176,385736,85863,0
21:26:32:636,120000561,168459807,385992,83543,0
21:26:32:836,120000576,167875036,387113,88110,0
21:26:33:036,120000453,168712073,384793,80912,0
21:26:33:236,120000576,167749695,386369,89403,0
21:26:33:436,120000510,168393891,385708,81202,0
21:26:33:636,120000575,168103273,386107,88576,0
21:26:33:836,120000452,168021531,385701,86822,0
21:26:34:036,120000580,168585838,384023,82391,0
21:26:34:236,120000567,167842405,386077,88624,0
21:26:34:436,120000524,168748336,386827,80426,0
21:26:34:636,120000575,167727345,385454,89635,0
21:26:34:836,120000556,168250951,384768,83397,0
21:26:35:036,120000576,168277556,385325,86291,0
21:26:35:236,120000576,167979382,385668,87403,0
21:26:35:436,120000575,168619936,385637,81702,0
21:26:35:636,120000570,167833353,384943,88884,0
21:26:35:836,120000575,168758937,388231,80027,0
21:26:36:036,120000583,167706187,383897,89906,0
21:26:36:236,120000578,168111911,385449,85464,0
21:26:36:436,120000462,168408220,385588,84094,0
21:26:36:636,120000581,167940685,385474,87834,0
21:26:36:836,120000480,168653310,386603,81296,0
21:26:37:036,120000571,167742035,386810,89193,0
21:26:37:236,120000461,168609291,386196,79957,0
21:26:37:436,120000553,167929243,384170,89923,0
21:26:37:636,120000579,168055135,385925,86346,0
21:26:37:836,120000565,168479950,385532,83111,0
21:26:38:036,120000576,167867307,385930,88276,0
21:26:38:236,120000577,168739163,386419,80793,0
21:26:38:436,120000573,167710557,386092,89554,0
21:26:38:636,120000571,168333087,385057,82570,0
21:26:38:836,120000579,168198536,385588,87185,0
21:26:39:036,120000563,167980630,386974,87065,0
21:26:39:236,120000576,168577472,386513,82168,0
21:26:39:436,120000560,167822787,386224,88770,0
21:26:39:636,120000571,168786429,386572,80301,0
21:26:39:836,120000571,167700904,384947,89700,0
21:26:40:036,120000578,168205919,384822,84236,0
21:26:40:236,120000451,168314546,386339,85444,0
21:26:40:436,120000570,167962928,386041,87577,0
21:26:40:636,120000450,168628848,387035,81460,0
21:26:40:836,120000571,167808570,385618,89068,0
21:26:41:036,120000579,168812078,386336,79920,0
21:26:41:236,120000577,167679294,384523,90070,0
21:26:41:436,120000575,168074761,387290,85939,0
21:26:41:636,120000557,168442723,385707,83516,0
21:26:41:836,120000579,167940854,385109,88000,0
21:26:42:236,120000492,260625857,18911,2812,0
21:26:42:436,120000593,259890128,17504,9070,0
21:26:42:636,120000580,168409837,385670,84076,0
21:26:42:836,120000572,167893461,387128,87866,0
21:26:43:036,120000577,168685371,385138,81299,0
21:26:43:236,120000583,167753228,386072,89188,0
21:26:43:436,120000540,168651424,386191,79932,0
21:26:43:636,120000546,167853814,384883,89926,0
21:26:43:836,120000578,168072057,384880,86218,0
21:26:44:036,120000564,168511678,384433,83113,0
21:26:44:236,120000605,167860686,386797,88323,0
21:26:44:436,120000569,168719919,386394,80741,0
21:26:44:636,120000576,167751710,384352,89355,0
21:26:44:836,120000451,168339774,384314,82508,0
21:26:45:036,120000568,168172924,386108,87204,0
21:26:45:236,120000457,168005137,385938,86924,0
21:26:45:436,120000573,168578678,386312,82129,0
21:26:45:636,120000445,167834640,385306,88696,0
21:26:45:836,120000552,168780101,386488,80223,0
21:26:46:036,120000567,167714040,383863,89764,0
21:26:46:236,120000574,168192326,385411,84163,0
21:26:46:436,120000567,168320877,386681,85420,0
21:26:46:636,120000577,167976517,384862,87583,0
21:26:46:836,120000572,168627714,386943,81475,0
21:26:47:036,120000571,167830660,384318,88987,0
21:26:47:236,120000573,168798983,387414,79937,0
21:26:47:436,120000563,167674178,385538,89921,0
21:26:47:636,120000577,168083313,386212,85863,0
21:26:47:836,120000563,168443546,386224,83521,0
21:26:48:036,120000574,167927497,384618,87978,0
21:26:48:236,120000547,168684606,385549,81122,0
21:26:48:436,120000570,167752803,385465,89372,0
21:26:48:636,120000476,168479214,385516,79795,0
21:26:48:836,120000553,168047916,386059,89988,0
21:26:49:036,120000478,168023443,385584,86454,0
21:26:49:236,120000571,168503719,387363,82691,0
21:26:49:436,120000571,167862233,385181,88347,0
21:26:49:636,120000573,168749721,385623,80606,0
21:26:49:836,120000576,167712801,385521,89499,0
21:26:50:036,120000579,168282825,385507,83489,0
21:26:50:236,120000580,168257361,386399,86177,0
21:26:50:436,120000578,167965085,385584,87184,0
21:26:50:636,120000565,168601355,386798,81838,0
21:26:50:836,120000565,167824344,385254,88710,0
21:26:51:036,120000565,168797543,386253,80120,0
21:26:51:236,120000580,167691003,385614,89779,0
21:26:51:436,120000580,168166744,384444,84813,0
21:26:51:636,120000468,168386064,385720,84653,0
21:26:51:836,120000573,167928085,386425,87699,0
21:26:52:036,120000518,168660628,386067,81165,0
21:26:52:236,120000576,167788034,386546,89145,0
21:26:52:436,120000450,168774741,385118,79869,0
21:26:52:636,120000567,167729207,385670,90014,0
21:26:52:836,120000575,168068611,385149,86242,0
21:26:53:036,120000577,168475527,385991,83081,0
21:26:53:236,120000577,167924327,385399,88207,0
21:26:53:436,120000579,168671343,386842,80826,0
21:26:53:636,120000571,167791970,384235,89348,0
21:26:53:836,120000554,168361356,385808,81240,0
21:26:54:036,120000573,168141567,385275,88600,0
21:26:54:236,120000560,168022174,385473,86818,0
21:26:54:436,120000574,168519086,387216,82266,0
21:26:54:636,120000460,167844680,385336,88588,0
21:26:54:836,120000572,168768583,385905,80388,0
21:26:55:036,120000471,167727845,384506,89692,0
21:26:55:236,120000573,168212798,385689,84345,0
21:26:55:436,120000482,168333248,386333,85461,0
21:26:55:636,120000570,167928816,385487,87357,0
21:26:55:836,120000452,168628423,384864,81616,0
21:26:56:036,120000573,167809532,386185,89000,0
21:26:56:236,120000456,168792119,387001,80011,0
21:26:56:436,120000581,167694249,385461,89883,0
21:26:56:636,120000574,168136176,384718,85398,0
21:26:56:836,120000555,168454776,385093,84064,0
21:26:57:036,120000574,167885048,386717,87869,0
21:26:57:236,120000577,168662602,386186,81076,0
21:26:57:836,120000466,265141707,401,155,0
21:26:57:836,120000466,265141707,401,155,0
21:26:58:036,120000587,179185212,337923,81129,0
21:26:58:236,120000582,168650700,385876,81280,0
21:26:58:436,120000561,167795528,385263,89129,0
21:26:58:636,120000561,168825313,386280,79829,0
21:26:58:836,120000568,167684352,384090,89966,0
21:26:59:036,120000602,168061777,385728,86187,0
21:26:59:236,120000559,168471905,386384,83049,0
21:26:59:436,120000579,167895293,385096,88161,0
21:26:59:636,120000588,168713405,385911,80828,0
21:26:59:836,120000575,167745777,385821,89383,0
21:27:00:036,120000521,168394483,385032,81274,0
21:27:00:236,120000556,168154098,385883,88606,0
21:27:00:436,120000458,167978591,386707,86690,0
21:27:00:636,120000573,168549831,386722,82389,0
21:27:00:836,120000453,167842932,385527,88488,0
21:27:01:036,120000568,168781438,384888,80381,0
21:27:01:236,120000468,167709092,385593,89580,0
21:27:01:436,120000574,168244735,385806,84189,0
21:27:01:636,120000577,168314950,386124,85343,0
21:27:01:836,120000578,167928718,387177,87274,0
21:27:02:036,120000572,168639749,385087,81546,0
21:27:02:236,120000560,167818035,385739,88806,0
21:27:02:436,120000576,168798576,386707,80009,0
21:27:02:636,120000573,167690478,385838,89812,0
21:27:02:836,120000574,168113899,385746,85353,0
21:27:03:036,120000461,168451804,385012,84004,0
21:27:03:236,120000572,167916180,385384,87842,0
21:27:03:436,120000518,168658218,387188,81087,0
21:27:03:636,120000574,167797815,385115,89210,0
21:27:03:836,120000483,168485008,385903,79890,0
21:27:04:036,120000582,168023695,385864,89843,0
21:27:04:236,120000474,168039531,385694,86457,0
21:27:04:436,120000581,168514061,385973,82697,0
21:27:04:636,120000440,167901320,385686,88387,0
21:27:04:836,120000577,168681827,387326,80584,0
21:27:05:036,120000581,167781562,384080,89477,0
21:27:05:236,120000569,168280829,385844,82360,0
21:27:05:436,120000569,168219721,384726,87285,0
21:27:05:636,120000564,168014982,385025,87079,0
21:27:05:836,120000572,168544196,386711,81986,0
21:27:06:036,120000524,167840377,384947,88624,0
21:27:06:236,120000574,168768088,387201,80264,0
21:27:06:436,120000469,167740678,383740,89693,0
21:27:06:636,120000571,168178386,385290,84782,0
21:27:06:836,120000555,168367013,386473,84625,0
21:27:07:036,120000573,167919975,385602,87580,0
21:27:07:236,120000458,168644101,385491,81426,0
21:27:07:436,120000566,167786092,385865,89171,0
21:27:07:636,120000450,168820560,385786,79881,0
21:27:07:836,120000569,167680856,385779,89946,0
21:27:08:036,120000457,168104498,384852,85858,0
21:27:08:236,120000577,168474529,386141,83608,0
21:27:08:436,120000569,167878848,386007,88036,0
21:27:08:636,120000577,168712947,384809,80788,0
21:27:08:836,120000577,167755935,386005,89351,0
21:27:09:036,120000577,168410357,384072,81265,0
21:27:09:236,120000573,168102342,386826,88500,0
21:27:09:436,120000568,168022458,385937,86761,0
21:27:09:636,120000575,168581605,384829,82503,0
21:27:09:836,120000536,167824711,386622,88532,0
21:27:10:036,120000568,168730254,387544,80428,0
21:27:10:236,120000563,167736866,385146,89609,0
21:27:10:436,120000571,168232602,385934,83426,0
21:27:10:636,120000458,168280492,385555,86303,0
21:27:10:836,120000575,167992175,384207,87348,0
21:27:11:036,120000513,168630076,385418,81691,0
21:27:11:236,120000556,167802151,386246,88763,0
21:27:11:436,120000450,168771356,386200,80119,0
21:27:11:636,120000567,167718785,385808,89936,0
21:27:11:836,120000572,168112917,384677,85347,0
21:27:12:036,120000576,168420773,385353,83934,0
21:27:12:236,120000580,167928437,386184,87661,0
21:27:12:436,120000574,168684878,385884,81179,0
21:27:12:636,120000575,167739809,386430,89163,0
21:27:13:236,120000442,265133616,403,159,0
21:27:13:236,120000442,265133616,403,159,0
21:27:13:436,120000589,195417900,276481,63070,0
21:27:13:636,120000584,167795581,385201,89106,0
21:27:13:836,120000569,168777973,386606,79720,0
21:27:14:036,120000568,167713725,385902,89916,0
21:27:14:236,120000572,168059542,385296,86207,0
21:27:14:436,120000598,168485635,384827,83140,0
21:27:14:636,120000567,167927781,385491,88053,0
21:27:14:836,120000571,168676570,387092,80798,0
21:27:15:036,120000606,167782610,384451,89401,0
21:27:15:236,120000468,168362486,386539,81186,0
21:27:15:436,120000562,168147735,385281,88611,0
21:27:15:636,120000560,168021966,385930,86751,0
21:27:15:836,120000577,168526281,386009,82320,0
21:27:16:036,120000457,167840751,385921,88555,0
21:27:16:236,120000573,168764774,387861,80360,0
21:27:16:436,120000458,167724438,383897,89605,0
21:27:16:636,120000580,168228631,385715,84263,0
21:27:16:836,120000576,168340019,385297,85397,0
21:27:17:036,120000579,167929315,385689,87328,0
21:27:17:236,120000578,168623414,386320,81624,0
21:27:17:436,120000569,167820410,384300,88964,0
21:27:17:636,120000569,168810953,385714,80070,0
21:27:17:836,120000568,167679110,385484,89927,0
21:27:18:036,120000572,168136245,385261,85364,0
21:27:18:236,120000559,168423971,386507,84125,0
21:27:18:436,120000569,167881970,386447,87914,0
21:27:18:636,120000559,168664298,385926,81134,0
21:27:18:836,120000577,167801826,384426,89188,0
21:27:19:036,120000559,168488594,385288,79728,0
21:27:19:236,120000573,168015118,386901,89829,0
21:27:19:436,120000514,168047714,385479,86433,0
21:27:19:636,120000564,168544562,386317,82657,0
21:27:19:836,120000450,167867191,385073,88442,0
21:27:20:036,120000572,168710174,386131,80540,0
21:27:20:236,120000566,167760288,385617,89591,0
21:27:20:436,120000583,168298956,385452,82368,0
21:27:20:636,120000575,168197970,387358,87369,0
21:27:20:836,120000577,168008276,383897,87211,0
21:27:21:036,120000577,168584510,385959,81847,0
21:27:21:236,120000560,167830008,385436,88682,0
21:27:21:436,120000569,168749037,386294,80289,0
21:27:21:636,120000568,167732539,385748,89765,0
21:27:21:836,120000567,168149937,385534,84936,0
21:27:22:036,120000562,168362111,386605,84801,0
21:27:22:236,120000568,167929876,385024,87571,0
21:27:22:436,120000467,168657683,384862,81536,0
21:27:22:636,120000580,167767795,386396,89033,0
21:27:22:836,120000451,168810058,386676,79860,0
21:27:23:036,120000565,167674835,386617,90007,0
21:27:23:236,120000446,168114409,384099,85841,0
21:27:23:436,120000572,168464436,385638,83539,0
21:27:23:636,120000572,167878647,385869,88113,0
21:27:23:836,120000563,168714626,385243,80911,0
21:27:24:036,120000577,167750004,386656,89286,0
21:27:24:236,120000573,168402154,384103,81310,0
21:27:24:436,120000565,168105554,386104,88534,0
21:27:24:636,120000567,168019967,385700,86738,0
21:27:24:836,120000572,168574446,385085,82478,0
21:27:25:036,120000577,167830672,385586,88563,0
21:27:25:236,120000580,168753367,386328,80349,0
21:27:25:436,120000560,167725030,385372,89654,0
21:27:25:636,120000569,168251900,385671,83375,0
21:27:25:836,120000565,168272082,385401,86268,0
21:27:26:036,120000574,167969211,386058,87353,0
21:27:26:236,120000470,168624795,386490,81643,0
21:27:26:436,120000560,167812682,386703,88761,0
21:27:26:636,120000480,168779671,385546,80072,0
21:27:26:836,120000568,167717385,384897,89777,0
21:27:27:036,120000560,168104279,385923,85383,0
21:27:27:236,120000571,168407925,386325,84097,0
21:27:27:436,120000571,167941095,385187,87706,0
21:27:27:636,120000579,168668690,385474,81290,0
21:27:27:836,120000578,167739188,386651,89159,0
21:27:28:036,120000574,168626484,384450,79913,0
21:27:28:636,120000451,265141591,401,160,0
21:27:28:636,120000451,265141591,401,160,0
21:27:28:836,120000592,211284284,210650,52520,0
21:27:29:036,120000589,168827022,386079,79831,0
21:27:29:236,120000589,167683917,384948,89934,0
21:27:29:436,120000570,168090069,385108,85819,0
21:27:29:636,120000550,168489811,386583,83485,0
21:27:29:836,120000598,167878101,385049,88022,0
21:27:30:036,120000582,168684851,385814,80869,0
21:27:30:236,120000576,167766689,386113,89291,0
21:27:30:436,120000505,168419191,384787,81237,0
21:27:30:636,120000577,168089253,386431,88537,0
21:27:30:836,120000557,168031962,384152,86776,0
21:27:31:036,120000569,168564368,385435,82425,0
21:27:31:236,120000471,167854184,385446,88566,0
21:27:31:436,120000580,168703788,386856,80435,0
21:27:31:636,120000447,167759847,385854,89638,0
21:27:31:836,120000574,168228105,385483,83394,0
21:27:32:036,120000566,168282522,385821,86264,0
21:27:32:236,120000566,167994510,385132,87314,0
21:27:32:436,120000580,168607783,384977,81713,0
21:27:32:636,120000565,167793142,386370,88800,0
21:27:32:836,120000573,168766824,387077,80126,0
21:27:33:036,120000553,167732311,385068,89797,0
21:27:33:236,120000570,168128698,385252,85501,0
21:27:33:436,120000566,168412037,385377,84043,0
21:27:33:636,120000571,167889327,387016,87831,0
21:27:33:836,120000465,168674611,385947,81304,0
21:27:34:036,120000580,167759943,386839,89117,0
21:27:34:236,120000474,168670565,384997,79884,0
21:27:34:436,120000581,167853556,385190,89896,0
21:27:34:636,120000468,168048477,386006,86263,0
21:27:34:836,120000574,168516965,385515,83088,0
21:27:35:036,120000453,167862187,386403,88305,0
21:27:35:236,120000582,168716656,386681,80706,0
21:27:35:436,120000455,167737345,386004,89493,0
21:27:35:636,120000574,168361467,383313,82476,0
21:27:35:836,120000582,168170520,385847,87245,0
21:27:36:036,120000567,167998434,386374,87065,0
21:27:36:236,120000574,168593514,385201,82110,0
21:27:36:436,120000577,167827705,385740,88690,0
21:27:36:636,120000570,168761128,386248,80374,0
21:27:36:836,120000563,167717873,385024,89759,0
21:27:37:036,120000580,168183182,386789,84195,0
21:27:37:236,120000557,168315866,386622,85404,0
21:27:37:436,120000577,167968069,386751,87519,0
21:27:37:636,120000563,168624383,386747,81484,0
21:27:37:836,120000566,167786782,386319,88971,0
21:27:38:036,120000483,168803865,386101,80014,0
21:27:38:236,120000569,167716714,384453,90016,0
21:27:38:436,120000467,168065312,385520,85911,0
21:27:38:636,120000578,168437342,386824,83529,0
21:27:38:836,120000450,167896577,386104,87941,0
21:27:39:036,120000573,168720088,385263,81188,0
21:27:39:236,120000580,167731917,385326,89283,0
21:27:39:436,120000567,168485591,386135,79845,0
21:27:39:636,120000574,168052562,385141,90025,0
21:27:39:836,120000563,168015117,386416,86587,0
21:27:40:036,120000577,168527474,385589,82771,0
21:27:40:236,120000568,167853605,385276,88439,0
21:27:40:436,120000566,168771412,385434,80585,0
21:27:40:636,120000552,167705115,385770,89507,0
21:27:40:836,120000566,168289334,385430,83439,0
21:27:41:036,120000460,168208845,387195,86293,0
21:27:41:236,120000574,167982795,386810,87233,0
21:27:41:436,120000486,168611346,385364,81881,0
21:27:41:636,120000577,167830423,385038,88853,0
21:27:41:836,120000483,168785903,387122,80176,0
21:27:42:036,120000574,167680212,386071,89764,0
21:27:42:236,120000451,168149278,386162,84784,0
21:27:42:436,120000572,168370854,385580,84640,0
21:27:42:636,120000576,167949734,385744,87632,0
21:27:42:836,120000580,168653476,385089,81257,0
21:27:43:036,120000572,167822245,384725,89045,0
21:27:43:236,120000579,168793526,386771,79733,0
21:27:43:436,120000569,167683987,385122,89956,0
21:27:44:036,120000457,265133964,403,159,0
21:27:44:036,120000457,265133964,403,159,0
21:27:44:236,120000592,228169105,146664,32831,0
21:27:44:436,120000449,167724309,384380,89874,0
21:27:44:637,120000579,168107279,385898,85863,0
21:27:44:837,120000581,168421701,385937,83602,0
21:27:45:037,120000579,167894399,387109,87884,0
21:27:45:237,120000590,168700696,385110,81035,0
21:27:45:437,120000576,167756586,385814,89342,0
21:27:45:637,120000561,168476751,385601,79893,0
21:27:45:837,120000603,168023836,385761,89873,0
21:27:46:037,120000558,168026548,386946,86484,0
21:27:46:237,120000574,168538635,385050,82778,0
21:27:46:437,120000542,167851620,385534,88446,0
21:27:46:637,120000569,168745068,385768,80557,0
21:27:46:837,120000548,167729592,386108,89573,0
21:27:47:037,120000550,168321793,385696,82731,0
21:27:47:237,120000452,168180490,386135,86977,0
21:27:47:437,120000573,167994673,386123,87213,0
21:27:47:637,120000577,168612680,385151,81828,0
21:27:47:837,120000577,167831545,385486,88761,0
21:27:48:037,120000578,168778616,387098,80039,0
21:27:48:237,120000578,167691978,385289,89937,0
21:27:48:437,120000572,168138279,387634,84906,0
21:27:48:637,120000577,168372243,385239,84729,0
21:27:48:837,120000566,167969929,384855,87713,0
21:27:49:037,120000563,168648810,385278,81299,0
21:27:49:237,120000572,167784433,385757,89093,0
21:27:49:437,120000572,168817160,387101,79926,0
21:27:49:637,120000578,167684861,384853,90031,0
21:27:49:837,120000539,168054923,386533,86343,0
21:27:50:037,120000561,168452306,386323,83123,0
21:27:50:237,120000461,167878995,385642,88135,0
21:27:50:437,120000572,168729026,386501,81048,0
21:27:50:637,120000460,167718422,385904,89312,0
21:27:50:837,120000574,168393320,386377,81278,0
21:27:51:037,120000577,168120079,385877,88529,0
21:27:51:237,120000573,167994629,386857,86797,0
21:27:51:437,120000561,168567378,385210,82459,0
21:27:51:637,120000565,167836698,386450,88597,0
21:27:51:837,120000573,168778756,386502,80375,0
21:27:52:037,120000569,167696536,385483,89579,0
21:27:52:237,120000575,168268971,386506,83395,0
21:27:52:437,120000572,168228369,386112,86282,0
21:27:52:637,120000579,167963708,387002,87428,0
21:27:52:837,120000559,168625823,385437,81721,0
21:27:53:037,120000572,167814086,385267,89023,0
21:27:53:237,120000564,168801412,386919,80083,0
21:27:53:437,120000563,167679463,385113,89804,0
21:27:53:637,120000519,168104354,386820,85544,0
21:27:53:837,120000578,168424242,384835,84090,0
21:27:54:037,120000462,167960848,385012,87981,0
21:27:54:237,120000565,168650143,386284,81057,0
21:27:54:437,120000575,167791819,385423,89222,0
21:27:54:637,120000539,168515674,386678,79986,0
21:27:54:837,120000576,167965890,386319,89944,0
21:27:55:037,120000571,168041408,386912,86606,0
21:27:55:237,120000579,168489256,385610,82734,0
21:27:55:437,120000558,167856868,386455,88325,0
21:27:55:637,120000576,168729102,386935,80792,0
21:27:55:837,120000568,167733623,384388,89401,0
21:27:56:037,120000571,168335672,385761,82512,0
21:27:56:237,120000566,168230116,383761,87280,0
21:27:56:437,120000585,167956196,386977,87013,0
21:27:56:637,120000531,168580293,385891,82201,0
21:27:56:837,120000563,167841210,384615,88749,0
21:27:57:037,120000466,168775186,386483,80306,0
21:27:57:237,120000577,167696451,385857,89736,0
21:27:57:437,120000550,168218648,386131,84175,0
21:27:57:637,120000575,168317219,385273,85419,0
21:27:57:837,120000560,167941217,386611,87518,0
21:27:58:037,120000571,168639529,385498,81412,0
21:27:58:237,120000572,167800170,385181,89079,0
21:27:58:437,120000571,168814558,387703,79834,0
21:27:58:637,120000575,167694053,384060,89974,0
21:27:58:837,120000568,168088316,385666,85832,0
21:27:59:437,120000468,265141261,401,162,0
21:27:59:437,120000468,265141261,401,162,0
21:27:59:837,120000572,168106955,387169,85404,0
21:28:00:037,120000576,168411947,386058,84016,0
21:28:00:237,120000575,167949485,385284,87844,0
21:28:00:437,120000577,168652702,386007,81136,0
21:28:00:637,120000578,167786016,384416,89151,0
21:28:00:837,120000576,168564270,385336,79965,0
21:28:01:037,120000578,167970399,385193,89883,0
21:28:01:237,120000559,168042470,385917,86462,0
21:28:01:437,120000597,168475358,386685,82836,0
21:28:01:637,120000457,167869330,385353,88224,0
21:28:01:837,120000577,168746347,386046,80690,0
21:28:02:037,120000450,167719081,386487,89394,0
21:28:02:237,120000568,168332998,385456,82477,0
21:28:02:437,120000544,168210314,385224,87259,0
21:28:02:637,120000576,167962021,386640,86898,0
21:28:02:837,120000576,168580485,386557,82184,0
21:28:03:037,120000571,167848183,384585,88606,0
21:28:03:237,120000570,168783988,385650,80288,0
21:28:03:437,120000570,167708655,385397,89766,0
21:28:03:637,120000577,168226478,385798,84111,0
21:28:03:837,120000458,168306016,386686,85380,0
21:28:04:037,120000574,167941134,386228,87594,0
21:28:04:237,120000579,168644052,385327,81475,0
21:28:04:437,120000563,167803999,385187,89106,0
21:28:04:637,120000546,168811629,386576,79843,0
21:28:04:837,120000564,167693236,384803,89857,0
21:28:05:037,120000523,168090829,385849,85803,0
21:28:05:237,120000569,168466878,384572,83506,0
21:28:05:437,120000464,167918541,385689,88153,0
21:28:05:637,120000579,168669582,386932,80868,0
21:28:05:837,120000458,167799911,384418,89222,0
21:28:06:037,120000555,168448616,386292,80365,0
21:28:06:237,120000570,168050329,385347,89346,0
21:28:06:437,120000575,168039570,384800,86635,0
21:28:06:637,120000578,168506693,387271,82402,0
21:28:06:837,120000463,167886853,384916,88442,0
21:28:07:037,120000574,168714226,388290,80504,0
21:28:07:237,120000555,167766325,383046,89524,0
21:28:07:437,120000572,168236618,387584,83457,0
21:28:07:637,120000573,168274352,385492,86242,0
21:28:07:837,120000572,167969061,386067,87196,0
21:28:08:037,120000521,168582586,386696,81837,0
21:28:08:237,120000579,167825905,384830,88854,0
21:28:08:437,120000565,168781729,387818,80132,0
21:28:08:637,120000576,167699774,384110,89804,0
21:28:08:837,120000565,168179785,385059,85218,0
21:28:09:037,120000582,168386746,386134,84476,0
21:28:09:237,120000450,167888449,386066,87760,0
21:28:09:437,120000572,168657478,385982,81248,0
21:28:09:637,120000451,167800477,384786,89176,0
21:28:09:837,120000533,168712421,385031,79896,0
21:28:10:037,120000571,167781460,386320,89992,0
21:28:10:237,120000578,168065493,385857,86197,0
21:28:10:437,120000579,168516631,386662,83157,0
21:28:10:637,120000569,167863705,384923,88272,0
21:28:10:837,120000570,168693277,387385,80746,0
21:28:11:037,120000569,167774378,384019,89408,0
21:28:11:237,120000567,168390077,385460,81705,0
21:28:11:437,120000576,168099238,388111,88100,0
21:28:11:637,120000572,168018017,383637,86991,0
21:28:11:837,120000554,168589965,385036,82179,0
21:28:12:037,120000555,167850240,384948,88688,0
21:28:12:237,120000436,168714591,386517,80438,0
21:28:12:437,120000572,167763187,385132,89715,0
21:28:12:637,120000453,168160501,386976,84297,0
21:28:12:837,120000570,168332677,386175,85453,0
21:28:13:037,120000546,167976733,384880,87403,0
21:28:13:237,120000561,168615465,386694,81678,0
21:28:13:437,120000580,167781135,385363,89012,0
21:28:13:637,120000571,168792432,386907,80048,0
21:28:13:837,120000583,167713051,385051,89980,0
21:28:14:037,120000573,168130637,384871,85823,0
21:28:14:237,120000569,168425488,385965,83718,0
21:28:14:437,120000572,167882106,386934,87978,0
21:28:14:837,120000501,260422273,19963,2922,0
21:28:15:037,120000480,258584987,419,6076,0
21:28:15:237,120000445,184396149,0,185497,0
21:28:15:437,120000457,184398439,0,185530,0
21:28:15:637,120000454,184393081,0,185627,0
21:28:15:837,120000457,184372254,0,185776,0
21:28:16:037,120000456,184389214,0,185649,0
21:28:16:237,120000462,184357044,0,186238,0
21:28:16:437,120000463,184366088,0,186406,0
21:28:16:637,120000446,184345576,0,186339,0
21:28:16:837,120000456,184362251,0,186343,0
21:28:17:037,120000450,184395943,0,185568,0
21:28:17:237,120000458,184374838,0,185956,0
21:28:17:437,120000454,184315941,0,186709,0
21:28:17:637,120000449,184338941,0,186558,0
21:28:17:837,120000459,184297221,0,186943,0
21:28:18:037,120000459,184354715,0,186356,0
21:28:18:237,120000457,184315952,0,186800,0
21:28:18:437,120000604,184313065,0,186758,0
21:28:18:637,120000448,184308681,1,186826,0
21:28:18:837,120000457,184391240,0,185541,0
21:28:19:037,120000446,184330056,0,186678,0
21:28:19:237,120000441,184285314,0,187366,0
21:28:19:437,120000463,184294257,0,187153,0
21:28:19:637,120000457,184317533,0,186556,0
21:28:19:837,120000462,184297087,0,186959,0
21:28:20:037,120000457,184289599,0,187340,0
21:28:20:237,120000458,184324217,0,186603,0
21:28:20:437,120000450,184346211,0,186138,0
21:28:20:637,120000448,184285809,0,187300,0
21:28:20:837,120000461,184365888,0,185809,0
21:28:21:037,120000455,184351133,0,186599,0
21:28:21:237,120000448,184380174,0,185838,0
21:28:21:437,120000454,184385289,0,185752,0
21:28:21:637,120000459,184327670,0,186602,0
21:28:21:837,120000465,184286340,0,187287,0
21:28:22:037,120000447,184309103,0,186682,0
21:28:22:237,120000453,184277129,0,187553,0
21:28:22:437,120000462,184281350,0,187458,0
21:28:22:637,120000440,184291893,0,187104,0
21:28:22:837,120000449,184308723,0,186642,0
21:28:23:037,120000457,184296713,1,187048,0
21:28:23:237,120000462,184378182,0,185735,0
21:28:23:437,120000446,184400061,0,185420,0
21:28:23:637,120000449,184396966,0,185435,0
21:28:23:837,120000449,184394366,0,185629,0
21:28:24:037,120000453,184392323,0,185636,0
21:28:24:237,120000456,184394522,0,185586,0
21:28:24:437,120000446,184400235,0,185455,0
21:28:24:637,120000444,184328140,0,186850,0
21:28:24:837,120000442,184269913,0,187818,0
21:28:25:037,120000450,184363016,0,185879,0
21:28:25:237,120000450,184394016,0,185612,0
21:28:25:437,120000448,184358917,0,185872,0
21:28:25:637,120000438,184274448,0,187572,0
21:28:25:837,120000458,184300595,0,186945,0
21:28:26:037,120000448,184297805,0,186931,0
21:28:26:237,120000451,184331299,0,186023,0
21:28:26:437,120000461,184349030,0,186526,0
21:28:26:637,120000454,184311139,0,187070,0
21:28:26:837,120000462,184390273,0,185665,0
21:28:27:037,120000448,184326990,0,186679,0
21:28:27:237,120000451,184339732,0,186127,0
21:28:27:437,120000440,184305698,1,187056,0
21:28:27:637,120000451,184395983,0,185586,0
21:28:27:837,120000448,184398981,0,185409,0
21:28:28:037,120000446,184298424,0,187164,0
21:28:28:237,120000453,184293803,0,187129,0
21:28:28:437,120000451,184312912,0,186695,0
21:28:28:637,120000458,184313065,0,186735,0
21:28:28:837,120000446,184301650,0,186932,0
21:28:29:037,120000457,184369150,0,185642,0
21:28:29:237,120000454,184400496,0,185470,0
21:28:29:437,120000459,184393183,0,185674,0
21:28:29:637,120000459,184400003,0,185432,0
21:28:29:837,120000445,184398492,0,185463,0
21:28:30:237,120000497,256734924,360,19449,0
21:28:30:437,120000491,264139149,400,2455,0
21:28:30:637,120000445,184391949,0,185581,0
21:28:30:837,120000461,184329966,0,186242,0
21:28:31:037,120000449,184310595,0,186626,0
21:28:31:237,120000458,184294724,0,187106,0
21:28:31:437,120000455,184333242,0,186478,0
21:28:31:637,120000459,184283113,0,187341,0
21:28:31:837,120000459,184304018,0,186989,0
21:28:32:037,120000450,184268674,1,187741,0
21:28:32:237,120000455,184303044,0,186857,0
21:28:32:437,120000464,184286008,0,187287,0
21:28:32:637,120000466,184281710,0,187425,0
21:28:32:837,120000458,184306724,0,187009,0
21:28:33:037,120000454,184283505,0,187401,0
21:28:33:237,120000453,184288454,0,187310,0
21:28:33:437,120000459,184307990,0,186641,0
21:28:33:637,120000455,184287168,0,187337,0
21:28:33:837,120000442,184290943,0,187142,0
21:28:34:037,120000461,184281643,0,187370,0
21:28:34:237,120000457,184297582,0,187056,0
21:28:34:437,120000462,184310825,0,186872,0
21:28:34:637,120000449,184395404,0,185660,0
21:28:34:837,120000453,184386052,0,185835,0
21:28:35:037,120000453,184391252,0,185606,0
21:28:35:237,120000464,184396303,0,185557,0
21:28:35:437,120000453,184398628,0,185529,0
21:28:35:637,120000449,184398042,0,185620,0
21:28:35:837,120000454,184358134,0,186425,0
21:28:36:037,120000459,184358149,0,185852,0
21:28:36:237,120000459,184298345,1,187007,0
21:28:36:437,120000449,184291307,0,187134,0
21:28:36:637,120000450,184279138,0,187446,0
21:28:36:837,120000454,184360859,3,186224,0
21:28:37:037,120000461,184395840,0,185598,0
21:28:37:237,120000448,184383748,0,185766,0
21:28:37:437,120000446,184322441,0,186482,0
21:28:37:637,120000453,184380557,0,185983,0
21:28:37:837,120000454,184378266,0,185879,0
21:28:38:037,120000462,184284534,0,187374,0
21:28:38:237,120000452,184358437,0,186207,0
21:28:38:437,120000447,184397959,0,185412,0
21:28:38:637,120000451,184399827,0,185420,0
21:28:38:837,120000450,184395597,0,185540,0
21:28:39:037,120000453,184399342,0,185449,0
21:28:39:237,120000448,184388088,0,185695,0
21:28:39:437,120000452,184372773,0,186120,0
21:28:39:637,120000455,184392914,0,185617,0
21:28:39:837,120000455,184393336,0,185699,0
21:28:40:037,120000446,184370607,0,186202,0
21:28:40:237,120000444,184385317,0,185486,0
21:28:40:437,120000457,184363198,0,186050,0
21:28:40:637,120000435,184396473,0,185645,0
21:28:40:837,120000457,184399340,0,185438,0
21:28:41:037,120000455,184395517,0,185644,0
21:28:41:237,120000459,184332642,0,186410,0
21:28:41:437,120000458,184273434,0,187726,0
21:28:41:637,120000463,184275662,0,187578,0
21:28:41:837,120000452,184316163,0,186581,0
21:28:42:037,120000450,184360606,0,186034,0
21:28:42:237,120000464,184341752,0,186562,0
21:28:42:437,120000450,184373425,0,185877,0
21:28:42:637,120000453,184304199,0,187111,0
21:28:42:837,120000465,184347627,0,185959,0
21:28:43:037,120000446,184338463,0,186513,0
21:28:43:237,120000444,184327141,0,186599,0
21:28:43:437,120000455,184295404,0,187173,0
21:28:43:637,120000450,184329985,0,186619,0
21:28:43:837,120000462,184398541,0,185469,0
21:28:44:037,120000447,184322754,0,186636,0
21:28:44:237,120000460,184272447,0,187595,0
21:28:44:437,120000457,184307819,0,186776,0
21:28:44:637,120000438,184269192,0,187714,0
21:28:44:837,120000456,184297912,0,186936,0
21:28:45:037,120000449,184306059,0,186764,0
21:28:45:237,120000456,184295642,0,187015,0
21:28:45:837,120000446,265141884,401,153,0
21:28:45:837,120000446,265141884,401,153,0
21:28:46:037,120000487,196864272,68,158004,0
21:28:46:237,120000454,184338984,0,186189,0
21:28:46:437,120000466,184290150,0,187270,0
21:28:46:637,120000457,184369568,0,185847,0
21:28:46:837,120000454,184363636,0,185876,0
21:28:47:037,120000480,184399165,0,185440,0
21:28:47:237,120000443,184392873,0,185594,0
21:28:47:437,120000447,184398673,0,185507,0
21:28:47:637,120000467,184367371,0,185902,0
21:28:47:837,120000455,184305836,0,187012,0
21:28:48:037,120000445,184397687,0,185477,0
21:28:48:237,120000457,184345826,0,186315,0
21:28:48:437,120000457,184307462,0,186753,0
21:28:48:637,120000450,184322169,0,186426,0
21:28:48:837,120000454,184305338,0,186862,0
21:28:49:037,120000460,184315557,0,187034,0
21:28:49:237,120000458,184392404,0,185661,0
21:28:49:437,120000446,184397046,0,185509,0
21:28:49:637,120000462,184302082,0,186893,0
21:28:49:837,120000456,184283254,0,187470,0
21:28:50:037,120000458,184295494,0,187206,0
21:28:50:237,120000450,184368102,0,185923,0
21:28:50:437,120000456,184289190,0,187196,0
21:28:50:637,120000458,184354560,0,186246,0
21:28:50:837,120000456,184378566,0,185775,0
21:28:51:037,120000461,184331420,0,186160,0
21:28:51:237,120000441,184294622,0,187112,0
21:28:51:437,120000445,184300318,0,186856,0
21:28:51:637,120000449,184338006,0,186548,0
21:28:51:837,120000454,184396490,0,185629,0
21:28:52:037,120000446,184391937,0,185647,0
21:28:52:237,120000452,184337386,0,186539,0
21:28:52:437,120000462,184271591,0,187669,0
21:28:52:637,120000451,184305059,0,187036,0
21:28:52:837,120000461,184320808,0,186643,0
21:28:53:037,120000458,184358564,0,186094,0
21:28:53:237,120000446,184396537,0,185433,0
21:28:53:437,120000461,184362710,0,185959,0
21:28:53:637,120000463,184393374,0,185611,0
21:28:53:837,120000451,184400569,0,185426,0
21:28:54:037,120000452,184394006,0,185609,0
21:28:54:237,120000458,184392305,0,185673,0
21:28:54:437,120000445,184398438,0,185504,0
21:28:54:637,120000449,184394194,0,185699,0
21:28:54:837,120000457,184323425,0,186716,0
21:28:55:037,120000462,184300571,0,187111,0
21:28:55:237,120000451,184320242,0,186608,0
21:28:55:437,120000460,184281770,0,187392,0
21:28:55:637,120000463,184323645,0,186399,0
21:28:55:837,120000448,184379746,0,185804,0
21:28:56:037,120000457,184397509,0,185515,0
21:28:56:237,120000449,184393072,0,185617,0
21:28:56:437,120000459,184298022,0,186939,0
21:28:56:637,120000459,184294095,0,187064,0
21:28:56:837,120000449,184318288,0,186749,0
21:28:57:037,120000454,184399239,0,185446,0
21:28:57:237,120000465,184396233,0,185593,0
21:28:57:437,120000446,184336974,0,186647,0
21:28:57:637,120000444,184299236,0,187061,0
21:28:57:837,120000453,184290127,0,187183,0
21:28:58:037,120000453,184307995,0,186927,0
21:28:58:237,120000457,184360949,1,185795,0
21:28:58:437,120000454,184375386,0,185924,0
21:28:58:637,120000454,184305551,0,187014,0
21:28:58:837,120000455,184351009,0,186264,0
21:28:59:037,120000456,184396251,0,185621,0
21:28:59:237,120000457,184348805,1,186095,0
21:28:59:437,120000447,184375550,0,185538,0
21:28:59:637,120000440,184307233,0,186717,0
21:28:59:837,120000453,184307125,0,186669,0
21:29:00:037,120000464,184278065,0,187542,0
21:29:00:237,120000450,184317025,0,186669,0
21:29:00:437,120000449,184310996,0,186630,0
21:29:00:637,120000463,184291105,0,187216,0
21:29:01:237,120000441,265134124,403,154,0
21:29:01:237,120000441,265134124,403,154,0
21:29:01:437,120000447,210464178,134,126283,0
21:29:01:637,120000456,184379040,0,185991,0
21:29:01:837,120000453,184396351,0,185514,0
21:29:02:037,120000464,184396953,0,185465,0
21:29:02:237,120000447,184296331,0,187307,0
21:29:02:437,120000484,184315992,0,186470,0
21:29:02:637,120000443,184383836,0,185668,0
21:29:02:837,120000448,184391530,0,185534,0
21:29:03:037,120000454,184306434,0,186889,0
21:29:03:237,120000465,184358270,0,186125,0
21:29:03:437,120000458,184362271,0,186172,0
21:29:03:637,120000459,184337384,1,186215,0
21:29:03:837,120000449,184310852,0,187022,0
21:29:04:037,120000453,184398688,0,185457,0
21:29:04:237,120000457,184394189,0,185597,0
21:29:04:437,120000454,184391960,0,185642,0
21:29:04:637,120000453,184394086,0,185484,0
21:29:04:837,120000457,184347780,0,186204,0
21:29:05:037,120000458,184304917,0,186834,0
21:29:05:237,120000451,184310558,0,186864,0
21:29:05:437,120000450,184333849,0,186380,0
21:29:05:637,120000452,184290588,0,187145,0
21:29:05:837,120000454,184305780,0,186718,0
21:29:06:037,120000453,184305407,0,186804,0
21:29:06:237,120000440,184300658,0,186861,0
21:29:06:437,120000441,184307954,0,186918,0
21:29:06:637,120000458,184397191,0,185425,0
21:29:06:837,120000457,184344564,0,186147,0
21:29:07:037,120000460,184382291,0,185795,0
21:29:07:237,120000446,184304908,0,186880,0
21:29:07:437,120000475,184290298,0,187191,0
21:29:07:637,120000451,184291362,0,187086,0
21:29:07:837,120000454,184362969,0,186078,0
21:29:08:037,120000454,184392856,0,185617,0
21:29:08:237,120000465,184391806,0,185636,0
21:29:08:437,120000458,184395618,0,185589,0
21:29:08:637,120000445,184398038,0,185396,0
21:29:08:837,120000461,184396854,0,185607,0
21:29:09:037,120000450,184399250,0,185415,0
21:29:09:237,120000450,184392851,0,185605,0
21:29:09:437,120000448,184311156,0,186897,0
21:29:09:637,120000452,184314102,0,186618,0
21:29:09:837,120000452,184305833,0,186767,0
21:29:10:037,120000465,184322226,0,186281,0
21:29:10:237,120000450,184277101,0,187541,0
21:29:10:437,120000450,184328266,0,186131,0
21:29:10:637,120000457,184323996,0,186961,0
21:29:10:837,120000446,184400265,0,185374,0
21:29:11:037,120000439,184398181,0,185425,0
21:29:11:237,120000448,184396362,0,185552,0
21:29:11:437,120000458,184395216,0,185619,0
21:29:11:637,120000449,184388447,0,185804,0
21:29:11:837,120000456,184400709,0,185423,0
21:29:12:037,120000452,184398365,0,185448,0
21:29:12:237,120000448,184396605,0,185636,0
21:29:12:437,120000458,184398770,1,185446,0
21:29:12:637,120000452,184373890,0,185754,0
21:29:12:837,120000452,184274408,0,187696,0
21:29:13:037,120000448,184314125,0,186686,0
21:29:13:237,120000449,184303561,0,186861,0
21:29:13:437,120000459,184295656,0,187089,0
21:29:13:637,120000449,184299593,0,186918,0
21:29:13:837,120000464,184328278,0,186166,0
21:29:14:037,120000446,184311258,0,186925,0
21:29:14:237,120000460,184401834,0,185450,0
21:29:14:437,120000441,184352691,0,186000,0
21:29:14:637,120000449,184304079,0,187220,0
21:29:14:837,120000461,184301184,0,186948,0
21:29:15:037,120000454,184324056,0,186406,0
21:29:15:237,120000459,184318645,1,186723,0
21:29:15:437,120000457,184351887,0,186331,0
21:29:15:637,120000450,184316799,0,186788,0
21:29:15:837,120000459,184274072,0,187636,0
21:29:16:037,120000460,184300085,0,186882,0
21:29:16:637,120000461,265141885,401,159,0
21:29:16:637,120000461,265141885,401,159,0
21:29:16:837,120000454,223984588,202,95387,0
21:29:17:037,120000467,184310920,0,186843,0
21:29:17:237,120000462,184313384,0,186574,0
21:29:17:437,120000452,184282094,0,187290,0
21:29:17:637,120000442,184383614,0,185724,0
21:29:17:837,120000470,184395893,0,185424,0
21:29:18:037,120000458,184399675,0,185418,0
21:29:18:237,120000450,184387342,0,185816,0
21:29:18:437,120000450,184367828,0,186010,0
21:29:18:637,120000451,184289351,0,187260,0
21:29:18:837,120000450,184319822,0,186585,0
21:29:19:037,120000459,184283267,0,187338,0
21:29:19:237,120000459,184299243,0,186961,0
21:29:19:437,120000458,184296740,0,186968,0
21:29:19:637,120000454,184304509,0,187058,0
21:29:19:837,120000456,184346259,0,186282,0
21:29:20:037,120000461,184295373,0,186993,0
21:29:20:237,120000442,184316802,0,186449,0
21:29:20:437,120000452,184334592,0,186382,0
21:29:20:637,120000453,184391606,0,185688,0
21:29:20:837,120000462,184398683,0,185457,0
21:29:21:037,120000466,184344949,0,186486,0
21:29:21:237,120000466,184277066,0,187488,0
21:29:21:437,120000457,184349494,0,186296,0
21:29:21:637,120000461,184385767,0,185839,0
21:29:21:837,120000446,184349640,0,185886,0
21:29:22:037,120000458,184284347,0,187396,0
21:29:22:237,120000464,184381914,0,185821,0
21:29:22:437,120000454,184391626,0,185638,0
21:29:22:637,120000459,184400849,0,185445,0
21:29:22:837,120000451,184394518,0,185638,0
21:29:23:037,120000449,184400661,0,185442,0
21:29:23:237,120000446,184368388,0,186277,0
21:29:23:437,120000457,184396912,0,185538,0
21:29:23:637,120000459,184397547,0,185434,0
21:29:23:837,120000449,184398326,0,185412,0
21:29:24:037,120000449,184396535,0,185621,0
21:29:24:237,120000445,184394001,0,185590,0
21:29:24:437,120000449,184302545,0,186819,0
21:29:24:637,120000446,184313465,0,186583,0
21:29:24:837,120000452,184378244,0,185737,0
21:29:25:037,120000453,184400590,0,185507,0
21:29:25:237,120000458,184338269,0,186412,0
21:29:25:437,120000446,184381528,0,185834,0
21:29:25:637,120000457,184295093,1,187092,0
21:29:25:837,120000453,184321906,0,186612,0
21:29:26:037,120000459,184372489,0,185891,0
21:29:26:237,120000461,184376642,0,185554,0
21:29:26:437,120000451,184297851,0,186994,0
21:29:26:637,120000450,184323811,0,186378,0
21:29:26:837,120000453,184382604,0,185814,0
21:29:27:037,120000460,184396596,0,185507,0
21:29:27:237,120000455,184387140,0,185753,0
21:29:27:437,120000456,184395920,0,185619,0
21:29:27:637,120000457,184391695,0,185647,0
21:29:27:837,120000461,184383332,0,185893,0
21:29:28:037,120000450,184300927,0,187015,0
21:29:28:237,120000455,184382245,0,185740,0
21:29:28:437,120000459,184395599,0,185619,0
21:29:28:637,120000455,184388857,0,185676,0
21:29:28:837,120000457,184398398,0,185393,0
21:29:29:037,120000441,184392729,0,185611,0
21:29:29:237,120000454,184283133,0,187348,0
21:29:29:437,120000457,184315766,0,186543,0
21:29:29:637,120000448,184380908,0,185682,0
21:29:29:837,120000451,184392876,0,185651,0
21:29:30:037,120000453,184361741,1,186028,0
21:29:30:237,120000445,184397308,0,185532,0
21:29:30:437,120000456,184361042,0,185872,0
21:29:30:637,120000453,184307241,0,186701,0
21:29:30:837,120000464,184284461,0,187369,0
21:29:31:037,120000450,184291608,0,187181,0
21:29:31:237,120000442,184286176,0,187337,0
21:29:31:437,120000453,184295964,0,187158,0
21:29:32:037,120000462,265134158,403,164,0
21:29:32:037,120000462,265134158,403,164,0
21:29:32:437,120000452,184380900,0,185995,0
21:29:32:637,120000445,184293172,0,187291,0
21:29:32:837,120000459,184302995,0,186853,0
21:29:33:037,120000452,184308609,0,186654,0
21:29:33:237,120000461,184332822,0,186458,0
21:29:33:437,120000476,184363995,0,185854,0
21:29:33:637,120000456,184286994,0,187285,0
21:29:33:837,120000440,184303814,0,187238,0
21:29:34:037,120000455,184360017,0,186203,0
21:29:34:237,120000453,184360564,0,185894,0
21:29:34:437,120000451,184395903,1,185593,0
21:29:34:637,120000450,184398510,0,185427,0
21:29:34:837,120000454,184367762,0,186412,0
21:29:35:037,120000456,184347125,0,186518,0
21:29:35:237,120000449,184335769,0,186720,0
21:29:35:437,120000457,184393753,0,185498,0
21:29:35:637,120000461,184293180,0,187072,0
21:29:35:837,120000450,184293980,0,187330,0
21:29:36:037,120000452,184318852,0,186638,0
21:29:36:237,120000456,184328769,0,186488,0
21:29:36:437,120000447,184280260,0,187431,0
21:29:36:637,120000456,184394218,0,185511,0
21:29:36:837,120000465,184396972,0,185601,0
21:29:37:037,120000457,184358327,0,186114,0
21:29:37:237,120000454,184360361,0,186024,0
21:29:37:437,120000454,184326754,0,186227,0
21:29:37:637,120000448,184313847,0,186688,0
21:29:37:837,120000450,184311490,0,186597,0
21:29:38:037,120000451,184311616,0,186512,0
21:29:38:237,120000448,184309057,0,186704,0
21:29:38:437,120000446,184286822,0,187222,0
21:29:38:637,120000444,184286160,0,187238,0
21:29:38:837,120000450,184296682,0,187014,0
21:29:39:037,120000450,184296389,0,187283,0
21:29:39:237,120000449,184398727,0,185541,0
21:29:39:437,120000457,184399250,0,185477,0
21:29:39:637,120000451,184317341,0,186827,0
21:29:39:837,120000456,184301306,0,186861,0
21:29:40:037,120000464,184315086,0,186613,0
21:29:40:237,120000454,184309967,0,186879,0
21:29:40:437,120000456,184306656,0,186875,0
21:29:40:637,120000464,184312001,0,186611,0
21:29:40:837,120000462,184324710,0,186432,0
21:29:41:037,120000458,184389158,0,185515,0
21:29:41:237,120000449,184275067,0,187694,0
21:29:41:437,120000451,184315576,0,186809,0
21:29:41:637,120000461,184289000,0,187349,0
21:29:41:837,120000440,184305651,0,186725,0
21:29:42:037,120000449,184338531,0,186296,0
21:29:42:237,120000453,184358427,0,186024,0
21:29:42:437,120000459,184303092,0,187063,0
21:29:42:637,120000458,184278784,0,187567,0
21:29:42:837,120000459,184289442,0,187185,0
21:29:43:037,120000458,184383964,0,185740,0
21:29:43:237,120000449,184395339,0,185626,0
21:29:43:437,120000456,184312960,0,186619,0
21:29:43:637,120000451,184361311,0,186005,0
21:29:43:837,120000464,184396550,0,185436,0
21:29:44:037,120000449,184398554,0,185437,0
21:29:44:237,120000462,184393933,1,185606,0
21:29:44:437,120000449,184386236,0,185837,0
21:29:44:637,120000447,184375528,0,185893,0
21:29:44:837,120000467,184391683,0,185620,0
21:29:45:037,120000458,184399222,0,185421,0
21:29:45:237,120000453,184398273,0,185409,0
21:29:45:437,120000453,184397429,0,185429,0
21:29:45:637,120000460,184357844,0,186522,0
21:29:45:837,120000458,184318754,0,186523,0
21:29:46:037,120000458,184323077,0,186439,0
21:29:46:237,120000454,184283548,0,187320,0
21:29:46:437,120000458,184309824,0,186603,0
21:29:46:637,120000460,184317845,0,186460,0
21:29:46:837,120000466,184339394,0,186420,0
21:29:47:037,120000458,184395041,0,185583,0
21:29:47:437,120000470,265134194,404,161,0
21:29:47:637,120000454,250720299,332,33484,0
21:29:47:837,120000445,184288411,0,187238,0
21:29:48:037,120000456,184297219,0,187016,0
21:29:48:237,120000458,184305555,0,186783,0
21:29:48:437,120000454,184274622,0,187692,0
21:29:48:637,120000462,184368686,0,186041,0
21:29:48:837,120000464,184310332,0,186857,0
21:29:49:037,120000458,184388509,0,185944,0
21:29:49:237,120000462,184388810,0,185655,0
21:29:49:437,120000449,184376278,0,185920,0
21:29:49:637,120000454,184325935,0,186611,0
21:29:49:837,120000456,184305313,0,186785,0
21:29:50:037,120000450,184279430,0,187657,0
21:29:50:237,120000456,184320556,0,186646,0
21:29:50:437,120000445,184294145,0,187120,0
21:29:50:637,120000453,184328845,0,186418,0
21:29:50:837,120000462,184319275,0,186412,0
21:29:51:037,120000454,184309867,0,186674,0
21:29:51:237,120000457,184280544,0,187388,0
21:29:51:437,120000457,184330547,0,186361,0
21:29:51:637,120000446,184393972,0,185594,0
21:29:51:837,120000457,184396234,0,185545,0
21:29:52:037,120000443,184399633,0,185499,0
21:29:52:237,120000449,184392779,0,185611,0
21:29:52:437,120000465,184380010,0,185843,0
21:29:52:637,120000450,184311418,0,186827,0
21:29:52:837,120000442,184367590,0,185814,0
21:29:53:037,120000450,184393659,0,185593,0
21:29:53:237,120000452,184392112,0,185612,0
21:29:53:437,120000459,184323772,0,186571,0
21:29:53:637,120000460,184342174,0,185800,0
21:29:53:837,120000453,184375356,0,185679,0
21:29:54:037,120000461,184288072,0,187216,0
21:29:54:237,120000441,184293894,0,187020,0
21:29:54:437,120000449,184385919,0,185635,0
21:29:54:637,120000458,184392961,0,185584,0
21:29:54:837,120000451,184311487,0,187087,0
21:29:55:037,120000451,184296889,0,186999,0
21:29:55:237,120000443,184302416,0,186853,0
21:29:55:437,120000455,184298243,0,187001,0
21:29:55:637,120000456,184381923,0,185851,0
21:29:55:837,120000453,184382213,0,185716,0
21:29:56:037,120000462,184302917,0,187010,0
21:29:56:237,120000454,184285239,0,187302,0
21:29:56:437,120000453,184386830,0,185706,0
21:29:56:637,120000465,184371042,0,186379,0
21:29:56:837,120000462,184398240,0,185612,0
21:29:57:037,120000465,184345047,0,186223,0
21:29:57:237,120000458,184313935,0,186580,0
21:29:57:437,120000459,184319787,0,186512,0
21:29:57:637,120000454,184292760,0,187257,0
21:29:57:837,120000454,184391598,0,185497,0
21:29:58:037,120000443,184398020,0,185440,0
21:29:58:237,120000452,184389102,0,185713,0
21:29:58:437,120000460,184375231,0,185699,0
21:29:58:637,120000441,184312217,0,186990,0
21:29:58:837,120000441,184401092,0,185479,0
21:29:59:037,120000461,184390956,0,185699,0
21:29:59:237,120000434,184389460,0,185813,0
21:29:59:437,120000456,184310430,0,186829,0
21:29:59:637,120000445,184387701,0,185787,0
21:29:59:837,120000453,184393901,0,185648,0
21:30:00:037,120000453,184382784,0,185814,0
21:30:00:237,120000458,184400569,0,185398,0
21:30:00:437,120000464,184349766,0,186456,0
21:30:00:637,120000455,184384237,0,185666,0
21:30:00:837,120000457,184400702,0,185442,0
21:30:01:037,120000454,184392943,0,185583,0
21:30:01:237,120000453,184391519,0,185776,0
21:30:01:437,120000457,184371301,0,185781,0
21:30:01:637,120000465,184303128,0,186856,0
21:30:01:837,120000454,184393169,0,185390,0
21:30:02:037,120000449,184399096,0,185471,0
21:30:02:237,120000441,184396193,0,185608,0
21:30:02:437,120000463,184351140,0,186303,0
21:30:02:837,120000469,265133966,404,167,0
21:30:03:037,120000443,264279632,400,2125,0
21:30:03:237,120000461,184292115,0,187188,0
21:30:03:437,120000450,184316959,0,186471,0
21:30:03:637,120000453,184299708,0,186979,0
21:30:03:837,120000453,184310560,0,186598,0
21:30:04:037,120000462,184277905,0,187497,0
21:30:04:237,120000470,184285791,0,187320,0
21:30:04:437,120000461,184260927,0,187925,0
21:30:04:637,120000448,184352502,0,186312,0
21:30:04:837,120000461,184309535,0,186615,0
21:30:05:037,120000459,184321003,0,186724,0
21:30:05:237,120000463,184284320,0,187381,0
21:30:05:437,120000450,184271933,0,187681,0
21:30:05:637,120000453,184303029,0,186910,0
21:30:05:837,120000447,184273120,0,187612,0
21:30:06:037,120000458,184392403,0,185635,0
21:30:06:237,120000443,184300259,0,187794,0
21:30:06:437,120000455,184326613,0,186453,0
21:30:06:637,120000451,184303867,0,186875,0
21:30:06:837,120000449,184298945,0,186927,0
21:30:07:037,120000454,184326131,0,186261,0
21:30:07:237,120000443,184282071,0,187364,0
21:30:07:437,120000459,184319803,0,186430,0
21:30:07:637,120000447,184312315,0,186640,0
21:30:07:837,120000456,184390349,0,185554,0
21:30:08:037,120000458,184401290,0,185454,0
21:30:08:237,120000446,184336490,0,186575,0
21:30:08:437,120000461,184273114,0,187646,0
21:30:08:637,120000458,184311840,1,186662,0
21:30:08:837,120000445,184369165,0,186038,0
21:30:09:037,120000444,184323546,1,186824,0
21:30:09:237,120000458,184307719,0,186664,0
21:30:09:437,120000445,184285462,0,187311,0
21:30:09:637,120000465,184303174,1,186991,0
21:30:09:837,120000462,184356999,0,186023,0
21:30:10:037,120000445,184315745,0,186514,0
21:30:10:237,120000461,184312805,0,186796,0
21:30:10:437,120000451,184293210,0,187137,0
21:30:10:637,120000447,184355330,0,185978,0
21:30:10:837,120000452,184385897,0,185887,0
21:30:11:037,120000461,184318990,0,186584,0
21:30:11:237,120000450,184298558,0,186959,0
21:30:11:437,120000450,184288305,0,187248,0
21:30:11:637,120000463,184314330,0,186440,0
21:30:11:837,120000448,184287950,0,187247,0
21:30:12:037,120000465,184305888,0,186807,0
21:30:12:237,120000454,184309452,0,186704,0
21:30:12:437,120000462,184311857,0,186750,0
21:30:12:637,120000441,184304170,0,186764,0
21:30:12:837,120000458,184311323,0,186570,0
21:30:13:037,120000446,184380787,0,185769,0
21:30:13:237,120000457,184398096,0,185450,0
21:30:13:437,120000445,184396305,0,185606,0
21:30:13:637,120000452,184353563,0,186064,0
21:30:13:837,120000450,184370851,0,186134,0
21:30:14:037,120000448,184288943,0,187282,0
21:30:14:237,120000453,184297238,0,187007,0
21:30:14:437,120000456,184373058,0,185984,0
21:30:14:637,120000442,184394011,0,185472,0
21:30:14:837,120000444,184400527,0,185434,0
21:30:15:037,120000444,184396998,1,185436,0
21:30:15:237,120000441,184392897,0,185620,0
21:30:15:437,120000453,184366929,0,186431,0
21:30:15:637,120000462,184396870,0,185632,0
21:30:15:837,120000446,184393326,0,185669,0
21:30:16:037,120000460,184351114,0,186191,0
21:30:16:237,120000460,184365780,0,186017,0
21:30:16:437,120000452,184313719,0,186643,0
21:30:16:637,120000451,184388616,0,185639,0
21:30:16:837,120000451,184397145,0,185589,0
21:30:17:037,120000440,184386302,0,185802,0
21:30:17:237,120000444,184359578,0,185643,0
21:30:17:437,120000441,184301589,0,186944,0
21:30:17:637,120000449,184370508,0,185733,0
21:30:17:837,120000457,184397620,0,185582,0
21:30:18:437,120000465,265141817,401,161,0
21:30:18:437,120000465,265141817,401,161,0
21:30:18:637,120000485,197071399,68,156754,0
21:30:18:837,120000453,184310312,0,186950,0
21:30:19:037,120000456,184312020,0,186584,0
21:30:19:237,120000454,184313991,0,186563,0
21:30:19:437,120000453,184303661,1,186853,0
21:30:19:637,120000470,184308326,0,186755,0
21:30:19:837,120000458,184287260,0,187289,0
21:30:20:037,120000445,184275573,0,187612,0
21:30:20:237,120000455,184327816,0,186453,0
21:30:20:437,120000442,184323187,0,186437,0
21:30:20:637,120000447,184335212,0,186294,0
21:30:20:837,120000448,184365415,0,186021,0
21:30:21:037,120000465,184384762,0,185828,0
21:30:21:237,120000454,184395002,0,185609,0
21:30:21:437,120000451,184303993,0,186779,0
21:30:21:637,120000466,184380251,0,185687,0
21:30:21:837,120000458,184387766,0,185879,0
21:30:22:037,120000453,184388947,0,185471,0
21:30:22:237,120000451,184317570,0,186495,0
21:30:22:437,120000443,184312265,0,186905,0
21:30:22:637,120000457,184330805,0,186445,0
21:30:22:837,120000450,184390267,0,185671,0
21:30:23:037,120000450,184327528,0,187404,0
21:30:23:237,120000457,184370275,0,185850,0
21:30:23:437,120000462,184351442,0,186465,0
21:30:23:637,120000463,184396973,0,185515,0
21:30:23:837,120000448,184387073,1,185932,0
21:30:24:037,120000454,184297487,0,187063,0
21:30:24:237,120000465,184284561,0,187371,0
21:30:24:437,120000449,184303052,0,186841,0
21:30:24:637,120000452,184297938,0,186996,0
21:30:24:837,120000449,184306041,0,187146,0
21:30:25:037,120000449,184286296,0,187283,0
21:30:25:237,120000459,184302938,0,186864,0
21:30:25:437,120000452,184293927,0,187040,0
21:30:25:637,120000445,184309359,0,186679,0
21:30:25:837,120000452,184315518,0,186700,0
21:30:26:037,120000459,184294246,0,187006,0
21:30:26:237,120000448,184279382,0,187526,0
21:30:26:437,120000454,184301859,0,187181,0
21:30:26:637,120000457,184280031,0,187507,0
21:30:26:837,120000458,184339482,0,186380,0
21:30:27:037,120000442,184291748,0,187082,0
21:30:27:237,120000461,184305704,0,187217,0
21:30:27:437,120000468,184279072,0,187433,0
21:30:27:637,120000460,184286731,0,187319,0
21:30:27:837,120000445,184308057,0,186661,0
21:30:28:037,120000663,184283071,0,187365,0
21:30:28:237,120000450,184327628,1,186345,0
21:30:28:437,120000466,184309552,0,186922,0
21:30:28:637,120000449,184358856,0,186146,0
21:30:28:837,120000458,184341794,0,186282,0
21:30:29:037,120000449,184318324,0,186472,0
21:30:29:237,120000460,184282634,0,187372,0
21:30:29:437,120000448,184290610,0,187131,0
21:30:29:637,120000462,184336432,0,186604,0
21:30:29:837,120000440,184303336,0,186806,0
21:30:30:037,120000442,184387542,0,185620,0
21:30:30:237,120000445,184354376,0,186044,0
21:30:30:437,120000458,184292323,0,187103,0
21:30:30:637,120000455,184285814,0,187318,0
21:30:30:837,120000448,184311320,0,187159,0
21:30:31:037,120000456,184324199,0,186753,0
21:30:31:237,120000448,184360183,0,186105,0
21:30:31:437,120000450,184354398,0,186234,0
21:30:31:637,120000462,184315641,0,186882,0
21:30:31:837,120000451,184396419,0,185450,0
21:30:32:037,120000460,184398503,0,185437,0
21:30:32:237,120000456,184384375,0,185886,0
21:30:32:437,120000449,184389673,0,185689,0
21:30:32:637,120000462,184400867,1,185410,0
21:30:32:837,120000450,184363654,0,186130,0
21:30:33:037,120000448,184399725,0,185423,0
21:30:33:237,120000463,184397562,0,185396,0
21:30:33:837,120000454,265134194,403,159,0
21:30:33:837,120000454,265134194,403,159,0
21:30:34:037,120000453,210230776,132,126286,0
21:30:34:237,120000451,184331827,0,186426,0
21:30:34:437,120000446,184380565,0,185896,0
21:30:34:637,120000460,184298160,0,187236,0
21:30:34:837,120000463,184320859,0,186849,0
21:30:35:037,120000463,184401913,0,185426,0
21:30:35:237,120000456,184365675,0,185955,0
21:30:35:437,120000453,184318189,0,186589,0
21:30:35:637,120000453,184308010,0,186631,0
21:30:35:837,120000460,184353462,0,186277,0
21:30:36:037,120000458,184323165,0,186643,0
21:30:36:237,120000466,184327318,0,186642,0
21:30:36:437,120000465,184310951,0,186633,0
21:30:36:637,120000463,184309364,0,186634,0
21:30:36:837,120000451,184301549,0,186841,0
21:30:37:037,120000453,184296708,0,187004,0
21:30:37:237,120000453,184280454,0,187407,0
21:30:37:437,120000454,184303372,0,186902,0
21:30:37:637,120000462,184310320,0,186552,0
21:30:37:837,120000445,184332592,0,186150,0
21:30:38:037,120000455,184334736,0,186393,0
21:30:38:237,120000456,184318800,0,186452,0
21:30:38:437,120000449,184343320,0,186406,0
21:30:38:637,120000461,184397365,0,185373,0
21:30:38:837,120000464,184399827,0,185450,0
21:30:39:037,120000445,184375789,0,186118,0
21:30:39:237,120000459,184398060,0,185431,0
21:30:39:437,120000449,184395658,0,185642,0
21:30:39:637,120000445,184386854,0,185777,0
21:30:39:837,120000465,184389661,0,185824,0
21:30:40:037,120000457,184386534,0,185797,0
21:30:40:237,120000464,184387965,0,185768,0
21:30:40:437,120000439,184391939,0,185642,0
21:30:40:637,120000444,184338023,0,186493,0
21:30:40:837,120000461,184270955,0,187708,0
21:30:41:037,120000466,184302603,0,186790,0
21:30:41:237,120000463,184281223,0,187400,0
21:30:41:437,120000445,184278874,0,187513,0
21:30:41:637,120000464,184288460,0,187176,0
21:30:41:837,120000449,184301515,0,186885,0
21:30:42:037,120000461,184316934,0,186590,0
21:30:42:237,120000465,184290943,0,187428,0
21:30:42:437,120000460,184320525,0,186324,0
21:30:42:637,120000457,184284510,0,187314,0
21:30:42:837,120000448,184382202,0,185876,0
21:30:43:037,120000461,184352403,0,186058,0
21:30:43:237,120000451,184292693,0,187216,0
21:30:43:437,120000461,184286874,0,187409,0
21:30:43:637,120000445,184399102,0,185435,0
21:30:43:837,120000460,184394984,0,185592,0
21:30:44:037,120000450,184282961,0,187480,0
21:30:44:237,120000454,184400217,0,185394,0
21:30:44:437,120000460,184393900,0,185647,0
21:30:44:637,120000450,184388676,0,185471,0
21:30:44:837,120000461,184396774,0,185581,0
21:30:45:037,120000445,184371293,0,185919,0
21:30:45:237,120000453,184319918,0,186669,0
21:30:45:437,120000448,184358788,0,186278,0
21:30:45:637,120000459,184346780,0,186411,0
21:30:45:837,120000445,184304002,0,187127,0
21:30:46:038,120000460,184321172,0,186657,0
21:30:46:238,120000458,184389382,0,185807,0
21:30:46:438,120000446,184333561,0,186400,0
21:30:46:638,120000442,184298119,0,186967,0
21:30:46:838,120000453,184287397,0,187233,0
21:30:47:038,120000446,184278411,0,187510,0
21:30:47:238,120000445,184304033,0,186843,0
21:30:47:438,120000450,184293162,0,187058,0
21:30:47:638,120000449,184284379,0,187398,0
21:30:47:838,120000449,184299182,0,186904,0
21:30:48:038,120000454,184302792,0,187031,0
21:30:48:238,120000457,184286245,0,187363,0
21:30:48:438,120000464,184302306,0,186836,0
21:30:48:638,120000446,184297036,0,187061,0
21:30:49:238,120000467,265141587,401,148,0
21:30:49:238,120000467,265141587,401,148,0
21:30:49:438,120000457,223773114,200,95233,0
21:30:49:638,120000437,184399459,0,185408,0
21:30:49:838,120000457,184394348,0,185557,0
21:30:50:038,120000464,184401131,0,185414,0
21:30:50:238,120000454,184364184,0,185986,0
21:30:50:438,120000481,184306183,0,186696,0
21:30:50:638,120000454,184334853,0,186424,0
21:30:50:838,120000465,184296708,0,186959,0
21:30:51:038,120000454,184283881,0,187399,0
21:30:51:238,120000454,184297037,0,187047,0
21:30:51:438,120000449,184299457,0,186930,0
21:30:51:638,120000455,184279615,0,187463,0
21:30:51:838,120000448,184281664,0,187356,0
21:30:52:038,120000465,184374145,0,185895,0
21:30:52:238,120000460,184398256,0,185480,0
21:30:52:438,120000445,184394354,0,185533,0
21:30:52:638,120000446,184395674,0,185606,0
21:30:52:838,120000437,184338919,0,186381,0
21:30:53:038,120000452,184308979,0,186823,0
21:30:53:238,120000445,184311428,0,186683,0
21:30:53:438,120000454,184291357,0,187184,0
21:30:53:638,120000462,184396746,0,185464,0
21:30:53:838,120000442,184319864,0,186669,0
21:30:54:038,120000450,184372843,0,185717,0
21:30:54:238,120000447,184306834,0,186678,0
21:30:54:438,120000457,184350224,0,186139,0
21:30:54:638,120000441,184399116,0,185519,0
21:30:54:838,120000452,184290347,0,187161,0
21:30:55:038,120000456,184303867,0,186864,0
21:30:55:238,120000453,184288647,0,187252,0
21:30:55:438,120000450,184322108,0,186912,0
21:30:55:638,120000449,184317214,0,186404,0
21:30:55:838,120000461,184328078,0,186507,0
21:30:56:038,120000441,184273775,0,187641,0
21:30:56:238,120000458,184310354,0,186777,0
21:30:56:438,120000453,184298391,0,186942,0
21:30:56:638,120000449,184328018,0,186304,0
21:30:56:838,120000462,184396811,0,185479,0
21:30:57:038,120000439,184363239,0,185884,0
21:30:57:238,120000447,184352910,0,186166,0
21:30:57:438,120000441,184353882,0,186686,0
21:30:57:638,120000445,184305420,1,186758,0
21:30:57:838,120000450,184322519,0,186407,0
21:30:58:038,120000456,184334303,0,186352,0
21:30:58:238,120000452,184340091,0,186319,0
21:30:58:438,120000461,184386523,0,185814,0
21:30:58:638,120000453,184378377,0,185931,0
21:30:58:838,120000453,184395855,0,185403,0
21:30:59:038,120000454,184398438,0,185397,0
21:30:59:238,120000451,184322262,0,186518,0
21:30:59:438,120000454,184312040,0,187131,0
21:30:59:638,120000462,184395782,0,185564,0
21:30:59:838,120000454,184331982,0,186504,0
21:31:00:038,120000448,184398889,0,185368,0
21:31:00:238,120000462,184397992,0,185494,0
21:31:00:438,120000441,184393649,0,185628,0
21:31:00:638,120000452,184392054,0,185650,0
21:31:00:838,120000447,184329824,0,186630,0
21:31:01:038,120000440,184387813,0,185640,0
21:31:01:238,120000444,184391912,0,185619,0
21:31:01:438,120000453,184371495,0,185956,0
21:31:01:638,120000445,184398358,0,185388,0
21:31:01:838,120000454,184399365,0,185439,0
21:31:02:038,120000449,184296365,0,186982,0
21:31:02:238,120000459,184322364,0,186285,0
21:31:02:438,120000443,184271769,0,187711,0
21:31:02:638,120000448,184296946,0,186963,0
21:31:02:838,120000450,184350898,0,186397,0
21:31:03:038,120000450,184345667,0,186130,0
21:31:03:238,120000450,184301459,0,186860,0
21:31:03:438,120000457,184353019,0,186313,0
21:31:03:638,120000457,184396684,0,185425,0
21:31:03:838,120000450,184391854,0,185595,0
21:31:04:038,120000441,184357277,0,186169,0
21:31:04:638,120000465,265134351,403,160,0
21:31:04:638,120000465,265134351,403,160,0
21:31:05:038,120000444,184373307,0,185762,0
21:31:05:238,120000460,184395535,0,185597,0
21:31:05:438,120000450,184358291,0,186103,0
21:31:05:638,120000454,184396822,0,185449,0
21:31:05:838,120000446,184398336,0,185449,0
21:31:06:038,120000462,184398098,0,185418,0
21:31:06:238,120000448,184394751,0,185664,0
21:31:06:438,120000460,184389913,0,185631,0
21:31:06:638,120000458,184397713,0,185435,0
21:31:06:838,120000448,184394975,0,185593,0
21:31:07:038,120000452,184396922,0,185394,0
21:31:07:238,120000453,184400961,0,185438,0
21:31:07:438,120000458,184396370,0,185465,0
21:31:07:638,120000449,184393114,0,185614,0
21:31:07:838,120000460,184391035,0,185785,0
21:31:08:038,120000452,184386388,0,185843,0
21:31:08:238,120000447,184400253,0,185393,0
21:31:08:438,120000455,184396715,0,185568,0
21:31:08:638,120000446,184401541,0,185439,0
21:31:08:838,120000456,184336161,0,186712,0
21:31:09:038,120000457,184292494,0,187155,0
21:31:09:238,120000454,184300455,1,187150,0
21:31:09:438,120000464,184400236,0,185374,0
21:31:09:638,120000448,184397150,0,185542,0
21:31:09:838,120000461,184397517,0,185421,0
21:31:10:038,120000463,184397622,0,185445,0
21:31:10:238,120000454,184397040,0,185564,0
21:31:10:438,120000449,184393489,0,185618,0
21:31:10:638,120000465,184390197,0,185803,0
21:31:10:838,120000480,184397292,0,185546,0
21:31:11:038,120000460,184355771,0,186380,0
21:31:11:238,120000451,184306505,0,186765,0
21:31:11:438,120000445,184311483,0,187108,0
21:31:11:638,120000453,184388761,0,185505,0
21:31:11:838,120000450,184294828,0,187055,0
21:31:12:038,120000453,184268075,0,187784,0
21:31:12:238,120000441,184270921,0,187753,0
21:31:12:438,120000449,184294319,0,187039,0
21:31:12:638,120000459,184292815,0,187153,0
21:31:12:838,120000448,184393893,0,185449,0
21:31:13:038,120000439,184374369,0,186000,0
21:31:13:238,120000444,184274571,1,187584,0
21:31:13:438,120000458,184320631,0,186315,0
21:31:13:638,120000444,184294274,0,187091,0
21:31:13:838,120000441,184305939,0,186923,0
21:31:14:038,120000453,184293797,1,187193,0
21:31:14:238,120000452,184374289,0,185920,0
21:31:14:438,120000456,184374546,0,185900,0
21:31:14:638,120000461,184400838,0,185458,0
21:31:14:838,120000453,184398462,0,185454,0
21:31:15:038,120000450,184396562,0,185503,0
21:31:15:238,120000454,184396653,0,185404,0
21:31:15:438,120000462,184393398,0,185604,0
21:31:15:638,120000445,184290477,0,187255,0
21:31:15:838,120000457,184284980,0,187296,0
21:31:16:038,120000454,184333761,0,186051,0
21:31:16:238,120000451,184331157,0,186445,0
21:31:16:438,120000456,184315147,0,186758,0
21:31:16:638,120000457,184318236,0,186486,0
21:31:16:838,120000467,184295769,0,186969,0
21:31:17:038,120000446,184346755,0,186454,0
21:31:17:238,120000460,184310359,0,186710,0
21:31:17:438,120000460,184319736,0,186808,0
21:31:17:638,120000453,184360971,1,186147,0
21:31:17:838,120000454,184327851,0,186163,0
21:31:18:038,120000449,184286453,0,187886,0
21:31:18:238,120000441,184339270,0,186446,0
21:31:18:438,120000452,184392368,0,185634,0
21:31:18:638,120000456,184397616,0,185498,0
21:31:18:838,120000442,184327997,0,186889,0
21:31:19:038,120000457,184314877,0,186709,0
21:31:19:238,120000448,184301340,0,186879,0
21:31:19:438,120000454,184302082,1,186882,0
21:31:19:638,120000448,184278309,0,187484,0
21:31:20:038,120000463,265141425,402,161,0
21:31:20:238,120000464,250855256,334,33169,0
21:31:20:438,120000441,184324180,0,186488,0
21:31:20:638,120000460,184291635,0,187099,0
21:31:20:838,120000458,184295041,0,186994,0
21:31:21:038,120000451,184367428,0,185919,0
21:31:21:238,120000453,184386630,0,185807,0
21:31:21:438,120000477,184394992,0,185631,0
21:31:21:638,120000458,184372255,0,185763,0
21:31:21:838,120000449,184342395,0,186521,0
21:31:22:038,120000462,184387705,1,185577,0
21:31:22:238,120000445,184355180,0,186038,0
21:31:22:438,120000453,184317488,0,186475,0
21:31:22:638,120000448,184309242,0,186773,0
21:31:22:838,120000450,184314851,0,186713,0
21:31:23:038,120000457,184372460,0,185669,0
21:31:23:238,120000461,184284687,0,187311,0
21:31:23:438,120000454,184396442,0,185389,0
21:31:23:638,120000448,184288990,0,187175,0
21:31:23:838,120000454,184286199,0,187382,0
21:31:24:038,120000453,184307650,0,186784,0
21:31:24:238,120000459,184312020,0,186619,0
21:31:24:438,120000458,184397550,0,185479,0
21:31:24:638,120000458,184393261,0,185648,0
21:31:24:838,120000454,184392787,0,185629,0
21:31:25:038,120000446,184393695,0,185588,0
21:31:25:238,120000450,184387055,0,185713,0
21:31:25:438,120000448,184399015,0,185393,0
21:31:25:638,120000446,184397036,0,185350,0
21:31:25:838,120000457,184283761,0,187445,0
21:31:26:038,120000449,184396563,0,185373,0
21:31:26:238,120000454,184391253,0,185666,0
21:31:26:438,120000458,184396437,1,185478,0
21:31:26:638,120000446,184398162,0,185414,0
21:31:26:838,120000466,184395286,0,185623,0
21:31:27:038,120000457,184318577,0,186946,0
21:31:27:238,120000456,184387370,0,185953,0
21:31:27:438,120000453,184391765,0,185611,0
21:31:27:638,120000454,184399056,0,185435,0
21:31:27:838,120000448,184394198,0,185609,0
21:31:28:038,120000457,184382970,0,185533,0
21:31:28:238,120000454,184368670,0,185871,0
21:31:28:438,120000448,184393384,0,185512,0
21:31:28:638,120000446,184398586,0,185428,0
21:31:28:838,120000452,184307370,0,186954,0
21:31:29:038,120000451,184315285,0,186671,0
21:31:29:238,120000448,184281314,0,187499,0
21:31:29:438,120000459,184303758,0,186800,0
21:31:29:638,120000452,184308649,0,186663,0
21:31:29:838,120000462,184287575,0,187321,0
21:31:30:038,120000458,184289280,0,187266,0
21:31:30:238,120000462,184314243,0,186953,0
21:31:30:438,120000450,184351276,0,186318,0
21:31:30:638,120000440,184399208,0,185446,0
21:31:30:838,120000455,184346404,1,186403,0
21:31:31:038,120000455,184385576,0,185632,0
21:31:31:238,120000462,184374587,0,186042,0
21:31:31:438,120000469,184317601,0,186676,0
21:31:31:638,120000464,184304112,0,186820,0
21:31:31:838,120000464,184304701,0,186930,0
21:31:32:038,120000440,184348486,0,186723,0
21:31:32:238,120000453,184397456,0,185560,0
21:31:32:438,120000453,184376998,0,185861,0
21:31:32:638,120000453,184313967,0,186581,0
21:31:32:838,120000465,184283406,0,187364,0
21:31:33:038,120000454,184390671,0,185694,0
21:31:33:238,120000459,184294900,0,187171,0
21:31:33:438,120000452,184301577,0,186830,0
21:31:33:638,120000453,184278641,0,187547,0
21:31:33:838,120000457,184327649,0,186581,0
21:31:34:038,120000446,184276472,0,187538,0
21:31:34:238,120000455,184291032,0,187205,0
21:31:34:438,120000453,184268810,0,187709,0
21:31:34:638,120000450,184276997,0,187561,0
21:31:34:838,120000448,184352092,0,186348,0
21:31:35:038,120000480,184397474,0,185606,0
21:31:35:438,120000464,265133640,404,174,0
21:31:35:638,120000458,264424078,400,1832,0
21:31:35:838,120000447,184304792,0,186746,0
21:31:36:038,120000450,184292785,0,187121,0
21:31:36:238,120000457,184304131,0,187194,0
21:31:36:438,120000446,184358492,0,185977,0
21:31:36:638,120000450,184282525,0,188002,0
21:31:36:838,120000493,184310280,0,186604,0
21:31:37:038,120000457,184278186,0,187560,0
21:31:37:238,120000454,184318163,0,186388,0
21:31:37:438,120000457,184380513,0,185882,0
21:31:37:638,120000449,184401265,0,185468,0
21:31:37:838,120000454,184298366,0,187103,0
21:31:38:038,120000444,184310980,0,186600,0
21:31:38:238,120000447,184380331,0,185670,0
21:31:38:438,120000461,184329641,0,186482,0
21:31:38:638,120000457,184400813,0,185436,0
21:31:38:838,120000449,184392210,0,185670,0
21:31:39:038,120000443,184315035,0,186820,0
21:31:39:238,120000448,184286089,0,187274,0
21:31:39:438,120000816,184328216,0,186501,0
21:31:39:638,120000445,184336386,1,186439,0
21:31:39:838,120000457,184332685,0,186581,0
21:31:40:038,120000465,184367671,0,186160,0
21:31:40:238,120000456,184305355,0,186770,0
21:31:40:438,120000461,184309318,0,186660,0
21:31:40:638,120000448,184292131,0,187069,0
21:31:40:838,120000448,184331781,0,186439,0
21:31:41:038,120000450,184378131,0,185808,0
21:31:41:238,120000457,184396212,0,185401,0
21:31:41:438,120000461,184302985,0,186941,0
21:31:41:638,120000465,184284344,0,187311,0
21:31:41:838,120000463,184337862,0,186331,0
21:31:42:038,120000448,184352563,0,186310,0
21:31:42:238,120000462,184398321,0,185490,0
21:31:42:438,120000445,184299532,0,187130,0
21:31:42:638,120000437,184312076,0,186563,0
21:31:42:838,120000441,184288846,0,187174,0
21:31:43:038,120000453,184288135,0,187258,0
21:31:43:238,120000465,184318606,0,186690,0
21:31:43:438,120000458,184300439,0,187007,0
21:31:43:638,120000451,184300630,0,186876,0
21:31:43:838,120000452,184311931,0,186613,0
21:31:44:038,120000443,184304457,0,186880,0
21:31:44:238,120000456,184313037,0,187401,0
21:31:44:438,120000442,184398651,0,185415,0
21:31:44:638,120000449,184397529,0,185413,0
21:31:44:838,120000465,184329953,0,186500,0
21:31:45:038,120000458,184280223,0,187389,0
21:31:45:238,120000445,184393716,0,185582,0
21:31:45:438,120000453,184384625,0,185702,0
21:31:45:638,120000461,184291674,0,187123,0
21:31:45:838,120000458,184324475,0,186311,0
21:31:46:038,120000456,184300958,0,186892,0
21:31:46:238,120000456,184358235,0,186052,0
21:31:46:438,120000478,184400599,0,185485,0
21:31:46:638,120000444,184394807,0,185600,0
21:31:46:838,120000444,184389134,0,185735,0
21:31:47:038,120000452,184400664,0,185426,0
21:31:47:238,120000442,184391608,0,185586,0
21:31:47:438,120000458,184401964,0,185424,0
21:31:47:638,120000456,184393681,0,185635,0
21:31:47:838,120000450,184401115,0,185425,0
21:31:48:038,120000449,184396290,0,185440,0
21:31:48:238,120000457,184394199,0,185612,0
21:31:48:438,120000459,184283355,0,187452,0
21:31:48:638,120000450,184380905,0,185690,0
21:31:48:838,120000452,184382329,0,185766,0
21:31:49:038,120000458,184353210,0,186096,0
21:31:49:238,120000458,184293453,0,187120,0
21:31:49:438,120000442,184286114,0,187267,0
21:31:49:638,120000463,184281228,0,187450,0
21:31:49:838,120000462,184283905,0,187540,0
21:31:50:038,120000466,184331184,0,186693,0
21:31:50:238,120000461,184397238,0,185610,0
21:31:50:438,120000453,184346061,0,186287,0
21:31:51:038,120000453,265134410,403,150,0
21:31:51:038,120000453,265134410,403,150,0
21:31:51:238,120000449,196742118,66,158280,0
21:31:51:438,120000455,184318331,0,186773,0
21:31:51:638,120000446,184333862,0,186395,0
21:31:51:838,120000453,184309843,0,187145,0
21:31:52:038,120000453,184371690,0,186049,0
21:31:52:238,120000479,184389260,0,185816,0
21:31:52:438,120000437,184398083,0,185425,0
21:31:52:638,120000453,184393368,0,185622,0
21:31:52:838,120000454,184392975,0,185706,0
21:31:53:038,120000467,184393180,0,185609,0
21:31:53:238,120000454,184393953,0,185717,0
21:31:53:438,120000456,184394987,0,185580,0
21:31:53:638,120000454,184396442,0,185600,0
21:31:53:838,120000445,184301847,0,187695,0
21:31:54:038,120000452,184271765,0,187735,0
21:31:54:238,120000454,184298679,0,186970,0
21:31:54:438,120000462,184292008,0,187117,0
21:31:54:638,120000452,184315323,0,186856,0
21:31:54:838,120000459,184391845,0,185578,0
21:31:55:038,120000438,184305708,0,186991,0
21:31:55:238,120000445,184362874,0,185984,0
21:31:55:438,120000450,184392688,0,185633,0
21:31:55:638,120000447,184311828,0,186655,0
21:31:55:838,120000456,184278910,0,187448,0
21:31:56:038,120000464,184295092,0,187038,0
21:31:56:238,120000452,184393800,0,185646,0
21:31:56:438,120000451,184304824,0,186855,0
21:31:56:638,120000444,184370394,0,186049,0
21:31:56:838,120000457,184393314,0,185590,0
21:31:57:038,120000456,184388529,0,185780,0
21:31:57:238,120000441,184383651,1,185981,0
21:31:57:438,120000442,184372514,0,186147,0
21:31:57:638,120000452,184391922,0,185488,0
21:31:57:838,120000454,184396284,0,185488,0
21:31:58:038,120000465,184379520,0,186073,0
21:31:58:238,120000460,184398115,0,185487,0
21:31:58:438,120000460,184392034,0,185599,0
21:31:58:638,120000452,184389428,0,185889,0
21:31:58:838,120000454,184311858,0,186776,0
21:31:59:038,120000445,184294374,0,187264,0
21:31:59:238,120000459,184398354,0,185448,0
21:31:59:438,120000440,184378061,0,185768,0
21:31:59:638,120000443,184298820,0,187000,0
21:31:59:838,120000460,184296356,0,187273,0
21:32:00:038,120000460,184397075,0,185626,0
21:32:00:238,120000461,184397813,0,185418,0
21:32:00:438,120000459,184394035,0,185505,0
21:32:00:638,120000445,184403916,0,185423,0
21:32:00:838,120000467,184325208,0,186474,0
21:32:01:038,120000466,184360871,0,186370,0
21:32:01:238,120000459,184288917,0,187278,0
21:32:01:438,120000454,184304158,0,186792,0
21:32:01:638,120000450,184323469,1,186360,0
21:32:01:838,120000459,184309019,0,186703,0
21:32:02:038,120000453,184287248,0,187335,0
21:32:02:238,120000462,184298854,0,186921,0
21:32:02:438,120000446,184299335,0,186984,0
21:32:02:638,120000461,184309427,1,186625,0
21:32:02:838,120000449,184323600,0,186259,0
21:32:03:038,120000460,184327099,0,186212,0
21:32:03:238,120000453,184287687,0,187279,0
21:32:03:438,120000454,184345609,0,186236,0
21:32:03:638,120000458,184396351,0,185446,0
21:32:03:838,120000453,184312280,0,186894,0
21:32:04:038,120000463,184389398,0,185646,0
21:32:04:238,120000449,184307585,0,186687,0
21:32:04:438,120000448,184298265,0,187024,0
21:32:04:638,120000461,184299680,0,186880,0
21:32:04:838,120000446,184366436,0,185822,0
21:32:05:038,120000458,184396671,0,185618,0
21:32:05:238,120000459,184299226,0,187013,0
21:32:05:438,120000447,184298713,0,187006,0
21:32:05:638,120000467,184307294,0,186665,0
21:32:05:838,120000449,184270842,0,187738,0
21:32:06:438,120000449,265141302,401,155,0
21:32:06:438,120000449,265141302,401,155,0
21:32:06:638,120000470,210364130,134,125975,0
21:32:06:838,120000458,184393062,0,185657,0
21:32:07:038,120000454,184391654,0,185627,0
21:32:07:238,120000461,184399928,0,185421,0
21:32:07:438,120000446,184398285,0,185572,0
21:32:07:638,120000474,184393330,0,185629,0
21:32:07:838,120000442,184304579,0,186862,0
21:32:08:038,120000452,184287552,0,187226,0
21:32:08:238,120000464,184312304,0,186543,0
21:32:08:438,120000463,184313395,0,186658,0
21:32:08:638,120000454,184288992,0,187142,0
21:32:08:838,120000457,184356003,0,186231,0
21:32:09:038,120000453,184281112,0,187448,0
21:32:09:238,120000449,184333722,0,186564,0
21:32:09:438,120000455,184397840,0,185601,0
21:32:09:638,120000455,184397567,0,185468,0
21:32:09:838,120000456,184313091,0,186795,0
21:32:10:038,120000450,184355648,0,186223,0
21:32:10:238,120000445,184397802,0,185434,0
21:32:10:438,120000457,184396139,0,185602,0
21:32:10:638,120000459,184389576,0,185791,0
21:32:10:838,120000451,184400557,0,185435,0
21:32:11:038,120000448,184389947,0,185618,0
21:32:11:238,120000453,184324687,0,186729,0
21:32:11:438,120000453,184275861,0,187541,0
21:32:11:638,120000461,184296400,0,186999,0
21:32:11:838,120000448,184313943,0,186573,0
21:32:12:038,120000462,184282414,0,187383,0
21:32:12:238,120000457,184303936,0,186814,0
21:32:12:438,120000455,184269839,0,187700,0
21:32:12:638,120000457,184317038,0,186833,0
21:32:12:838,120000464,184399778,0,185520,0
21:32:13:038,120000456,184393198,0,185628,0
21:32:13:238,120000463,184400172,0,185418,0
21:32:13:438,120000449,184381778,0,185726,0
21:32:13:638,120000461,184326162,0,186197,0
21:32:13:838,120000445,184321375,0,186374,0
21:32:14:038,120000464,184322355,0,186441,0
21:32:14:238,120000463,184301496,0,186899,0
21:32:14:438,120000441,184291962,0,187098,0
21:32:14:638,120000452,184302325,0,187062,0
21:32:14:838,120000464,184369757,0,185871,0
21:32:15:038,120000460,184400041,0,185471,0
21:32:15:238,120000452,184393606,0,185627,0
21:32:15:438,120000456,184396683,0,185422,0
21:32:15:638,120000451,184399152,0,185366,0
21:32:15:838,120000446,184398567,1,185491,0
21:32:16:038,120000461,184398012,0,185461,0
21:32:16:238,120000458,184368152,0,186498,0
21:32:16:438,120000454,184396739,0,185512,0
21:32:16:638,120000454,184400889,0,185473,0
21:32:16:838,120000445,184359776,0,186027,0
21:32:17:038,120000450,184306144,0,186683,0
21:32:17:238,120000448,184322908,0,186339,0
21:32:17:438,120000453,184288889,0,187172,0
21:32:17:638,120000479,184296558,0,187151,0
21:32:17:838,120000454,184300260,0,186972,0
21:32:18:038,120000445,184379487,0,185927,0
21:32:18:238,120000453,184400021,0,185497,0
21:32:18:438,120000446,184393155,0,185636,0
21:32:18:638,120000453,184398672,0,185435,0
21:32:18:838,120000457,184398935,0,185394,0
21:32:19:038,120000450,184396428,0,185425,0
21:32:19:238,120000454,184398713,0,185457,0
21:32:19:438,120000459,184393056,0,185609,0
21:32:19:638,120000447,184389892,0,185804,0
21:32:19:838,120000444,184387185,0,185825,0
21:32:20:038,120000458,184320097,0,186823,0
21:32:20:238,120000456,184333407,1,186403,0
21:32:20:438,120000450,184300755,0,186837,0
21:32:20:638,120000442,184322376,0,186667,0
21:32:20:838,120000455,184299261,0,186999,0
21:32:21:038,120000450,184286248,0,187448,0
21:32:21:238,120000454,184328050,0,186209,0
21:32:21:838,120000465,265133700,403,146,0
21:32:21:838,120000465,265133700,403,146,0
21:32:22:038,120000453,223917036,200,94889,0
21:32:22:238,120000456,184385721,0,185592,0
21:32:22:438,120000460,184398892,0,185474,0
21:32:22:638,120000453,184396973,0,185500,0
21:32:22:838,120000455,184397733,0,185387,0
21:32:23:038,120000465,184392024,0,185668,0
21:32:23:238,120000464,184394014,0,185627,0
21:32:23:438,120000449,184394078,0,185598,0
21:32:23:638,120000450,184389911,0,185819,0
21:32:23:838,120000459,184319913,0,186755,0
21:32:24:038,120000450,184360789,0,186233,0
21:32:24:238,120000458,184261719,0,188060,0
21:32:24:438,120000456,184286275,0,187314,0
21:32:24:638,120000440,184286394,1,187272,0
21:32:24:838,120000450,184289138,0,187198,0
21:32:25:038,120000460,184322325,0,186785,0
21:32:25:238,120000453,184397949,0,185425,0
21:32:25:438,120000453,184398722,0,185467,0
21:32:25:638,120000447,184367702,1,185788,0
21:32:25:838,120000448,184295504,0,186997,0
21:32:26:038,120000462,184291477,0,187297,0
21:32:26:238,120000446,184366867,0,186031,0
21:32:26:438,120000457,184389341,0,185719,0
21:32:26:638,120000459,184383724,0,185938,0
21:32:26:838,120000445,184330865,0,186835,0
21:32:27:038,120000451,184403041,0,185453,0
21:32:27:238,120000450,184391786,0,185608,0
21:32:27:438,120000448,184403910,0,185416,0
21:32:27:638,120000457,184393075,0,185562,0
21:32:27:838,120000445,184394076,0,185610,0
21:32:28:038,120000459,184393993,0,185658,0
21:32:28:238,120000461,184392060,0,185737,0
21:32:28:438,120000451,184392371,0,185702,0
21:32:28:638,120000460,184376450,0,185676,0
21:32:28:838,120000450,184334028,0,186430,0
21:32:29:038,120000444,184337093,0,185888,0
21:32:29:238,120000460,184308828,0,186773,0
21:32:29:438,120000450,184284307,0,187388,0
21:32:29:638,120000442,184289758,0,187238,0
21:32:29:838,120000455,184291455,0,187145,0
21:32:30:038,120000453,184276094,0,187535,0
21:32:30:238,120000457,184288061,0,187185,0
21:32:30:438,120000448,184358823,0,186400,0
21:32:30:638,120000446,184393999,0,185632,0
21:32:30:838,120000449,184400753,0,185417,0
21:32:31:038,120000450,184394076,0,185611,0
21:32:31:238,120000457,184388766,0,185724,0
21:32:31:438,120000457,184400661,0,185487,0
21:32:31:638,120000442,184392350,0,185622,0
21:32:31:838,120000461,184394617,0,185616,0
21:32:32:038,120000458,184393960,0,185519,0
21:32:32:238,120000463,184393924,0,185619,0
21:32:32:438,120000450,184333204,0,186531,0
21:32:32:638,120000454,184351509,0,186275,0
21:32:32:838,120000442,184396289,0,185589,0
21:32:33:038,120000461,184348039,0,186255,0
21:32:33:238,120000462,184321564,0,186409,0
21:32:33:438,120000454,184350826,1,186112,0
21:32:33:638,120000449,184291259,0,187146,0
21:32:33:838,120000453,184294032,0,187118,0
21:32:34:038,120000465,184309234,0,186654,0
21:32:34:238,120000450,184285667,0,187322,0
21:32:34:438,120000452,184300614,0,186889,0
21:32:34:638,120000458,184282812,0,187323,0
21:32:34:838,120000449,184325558,0,186773,0
21:32:35:038,120000457,184396987,0,185451,0
21:32:35:238,120000455,184395214,0,185609,0
21:32:35:438,120000452,184339262,0,186647,0
21:32:35:638,120000459,184367851,0,186153,0
21:32:35:838,120000449,184383132,0,186007,0
21:32:36:038,120000448,184394049,0,185599,0
21:32:36:238,120000442,184372676,0,185801,0
21:32:36:438,120000450,184395633,0,185574,0
21:32:36:638,120000445,184396654,0,185456,0
21:32:37:238,120000475,265141486,401,166,0
21:32:37:238,120000475,265141486,401,166,0
21:32:37:638,120000454,184380513,0,185725,0
21:32:37:838,120000451,184396122,1,185522,0
21:32:38:038,120000454,184393903,0,185589,0
21:32:38:238,120000454,184392464,0,185664,0
21:32:38:438,120000463,184394912,0,185571,0
21:32:38:638,120000460,184402294,0,185425,0
21:32:38:838,120000463,184392442,0,185594,0
21:32:39:038,120000448,184398476,0,185438,0
21:32:39:238,120000459,184299225,0,187090,0
21:32:39:438,120000455,184291602,0,187076,0
21:32:39:638,120000442,184315069,0,186595,0
21:32:39:838,120000452,184377646,0,185615,0
21:32:40:038,120000458,184367738,0,185926,0
21:32:40:238,120000455,184380553,0,185714,0
21:32:40:438,120000454,184286999,0,187208,0
21:32:40:638,120000451,184307818,0,186703,0
21:32:40:838,120000454,184320424,0,186604,0
21:32:41:038,120000449,184396685,0,185414,0
21:32:41:238,120000441,184308150,0,186708,0
21:32:41:438,120000442,184334881,0,186493,0
21:32:41:638,120000445,184295546,0,187053,0
21:32:41:838,120000448,184357828,0,186137,0
21:32:42:038,120000466,184359865,0,186111,0
21:32:42:238,120000465,184276522,1,187562,0
21:32:42:438,120000454,184296379,0,187060,0
21:32:42:638,120000450,184363454,0,186117,0
21:32:42:838,120000452,184328848,0,186635,0
21:32:43:038,120000454,184275859,0,187619,0
21:32:43:238,120000454,184386396,0,185504,0
21:32:43:438,120000460,184395284,0,185621,0
21:32:43:638,120000442,184400452,0,185418,0
21:32:43:838,120000460,184357910,0,186114,0
21:32:44:038,120000453,184332721,0,186531,0
21:32:44:238,120000449,184392979,0,185657,0
21:32:44:438,120000456,184381167,0,185760,0
21:32:44:638,120000461,184400785,0,185561,0
21:32:44:838,120000449,184393119,0,185607,0
21:32:45:038,120000462,184401927,0,185403,0
21:32:45:238,120000442,184394481,0,185605,0
21:32:45:438,120000456,184393339,0,185634,0
21:32:45:638,120000441,184351572,0,186240,0
21:32:45:838,120000454,184349560,0,186295,0
21:32:46:038,120000448,184397658,0,185611,0
21:32:46:238,120000448,184390106,0,185704,0
21:32:46:438,120000463,184388526,0,185690,0
21:32:46:638,120000485,184301316,1,187068,0
21:32:46:838,120000448,184394347,0,185609,0
21:32:47:038,120000453,184391932,0,185676,0
21:32:47:238,120000462,184352752,0,186046,0
21:32:47:438,120000443,184319503,0,186463,0
21:32:47:638,120000450,184311995,0,186598,0
21:32:47:838,120000450,184277273,1,187510,0
21:32:48:038,120000456,184339877,0,186567,0
21:32:48:238,120000462,184303178,0,186800,0
21:32:48:438,120000446,184302105,0,186944,0
21:32:48:638,120000457,184310347,0,186626,0
21:32:48:838,120000453,184322783,0,186727,0
21:32:49:038,120000446,184400217,0,185435,0
21:32:49:238,120000445,184389371,0,185493,0
21:32:49:438,120000451,184355618,0,185923,0
21:32:49:638,120000454,184371822,0,185850,0
21:32:49:838,120000463,184395835,0,185451,0
21:32:50:038,120000457,184353436,0,186093,0
21:32:50:238,120000461,184372894,0,185961,0
21:32:50:438,120000457,184323115,0,186991,0
21:32:50:638,120000461,184398803,0,185418,0
21:32:50:838,120000450,184396548,0,185511,0
21:32:51:038,120000461,184389080,0,185786,0
21:32:51:238,120000456,184398072,0,185517,0
21:32:51:438,120000451,184399755,0,185595,0
21:32:51:638,120000463,184391517,0,185616,0
21:32:51:838,120000460,184399027,0,185385,0
21:32:52:038,120000450,184398029,0,185459,0
21:32:52:238,120000461,184397168,0,185445,0
21:32:52:638,120000475,265134157,404,158,0
21:32:52:838,120000466,250607258,332,33667,0
21:32:53:038,120000453,184398240,0,185432,0
21:32:53:238,120000460,184396422,0,185445,0
21:32:53:438,120000447,184398039,0,185537,0
21:32:53:638,120000454,184391250,0,185777,0
21:32:53:838,120000460,184394495,0,185668,0
21:32:54:038,120000478,184399518,0,185454,0
21:32:54:238,120000454,184383065,0,185817,0
21:32:54:438,120000460,184332034,0,186725,0
21:32:54:638,120000450,184318139,0,186547,0
21:32:54:838,120000457,184303098,0,186920,0
21:32:55:038,120000445,184303049,0,186845,0
21:32:55:238,120000450,184349884,0,185941,0
21:32:55:438,120000459,184285270,0,187354,0
21:32:55:638,120000459,184389732,0,185664,0
21:32:55:838,120000458,184396696,0,185507,0
21:32:56:038,120000454,184340887,0,186315,0
21:32:56:238,120000455,184293944,0,187098,0
21:32:56:438,120000461,184300067,0,186881,0
21:32:56:638,120000441,184303716,0,186759,0
21:32:56:838,120000441,184367911,0,185989,0
21:32:57:038,120000454,184394103,0,185633,0
21:32:57:238,120000458,184401392,0,185405,0
21:32:57:438,120000452,184396566,0,185481,0
21:32:57:638,120000445,184398376,0,185483,0
21:32:57:838,120000458,184394131,0,185578,0
21:32:58:038,120000453,184401125,0,185414,0
21:32:58:238,120000449,184396464,0,185615,0
21:32:58:438,120000446,184394448,0,185582,0
21:32:58:638,120000461,184296024,0,187204,0
21:32:58:838,120000468,184303088,0,186912,0
21:32:59:038,120000457,184286909,0,187263,0
21:32:59:238,120000462,184382121,0,185733,0
21:32:59:438,120000449,184371840,0,185733,0
21:32:59:638,120000458,184301602,0,186874,0
21:32:59:838,120000440,184298203,1,187006,0
21:33:00:038,120000453,184285209,0,187277,0
21:33:00:238,120000459,184305062,0,186902,0
21:33:00:438,120000451,184353940,0,186060,0
21:33:00:638,120000452,184388650,0,185650,0
21:33:00:838,120000456,184354364,0,186100,0
21:33:01:038,120000446,184281671,0,187385,0
21:33:01:238,120000445,184312081,0,186604,0
21:33:01:438,120000450,184393690,0,185605,0
21:33:01:638,120000462,184401406,0,185362,0
21:33:01:838,120000457,184288203,0,187217,0
21:33:02:038,120000453,184386631,0,185826,0
21:33:02:238,120000454,184290450,0,187343,0
21:33:02:438,120000454,184343733,0,186242,0
21:33:02:638,120000458,184373570,0,186023,0
21:33:02:838,120000457,184394469,0,185651,0
21:33:03:038,120000446,184399696,0,185423,0
21:33:03:238,120000453,184396322,0,185663,0
21:33:03:438,120000454,184390540,0,185617,0
21:33:03:638,120000456,184338397,0,186285,0
21:33:03:838,120000452,184392928,0,185631,0
21:33:04:038,120000461,184381448,0,185773,0
21:33:04:238,120000444,184339086,0,186355,0
21:33:04:438,120000449,184294799,0,187227,0
21:33:04:638,120000450,184292841,0,187177,0
21:33:04:838,120000448,184303451,0,186768,0
21:33:05:038,120000454,184302506,0,186890,0
21:33:05:238,120000459,184338397,0,186165,0
21:33:05:438,120000456,184386176,0,185632,0
21:33:05:638,120000449,184380122,0,185974,0
21:33:05:838,120000462,184398558,0,185421,0
21:33:06:038,120000445,184393976,0,185637,0
21:33:06:238,120000456,184378568,0,185806,0
21:33:06:438,120000453,184291533,0,187142,0
21:33:06:638,120000454,184303096,0,186992,0
21:33:06:838,120000462,184292673,0,187548,0
21:33:07:038,120000457,184400549,0,185463,0
21:33:07:238,120000462,184396196,0,185528,0
21:33:07:438,120000454,184394048,0,185680,0
21:33:07:638,120000444,184402207,0,185400,0
21:33:08:038,120000459,265141004,402,169,0
21:33:08:238,120000456,264154747,400,2409,0
21:33:08:438,120000445,184334399,0,186731,0
21:33:08:638,120000476,184293306,1,187138,0
21:33:08:838,120000454,184291593,0,187123,0
21:33:09:038,120000460,184294841,0,187128,0
21:33:09:238,120000455,184329991,0,186749,0
21:33:09:438,120000462,184391186,0,185680,0
21:33:09:638,120000464,184398468,0,185455,0
21:33:09:838,120000447,184393031,0,185589,0
21:33:10:038,120000466,184381451,0,185871,0
21:33:10:238,120000466,184396033,0,185465,0
21:33:10:438,120000454,184397566,0,185571,0
21:33:10:638,120000461,184398745,0,185450,0
21:33:10:838,120000453,184395464,0,185537,0
21:33:11:038,120000446,184400659,0,185446,0
21:33:11:238,120000457,184393324,0,185576,0
21:33:11:438,120000458,184400437,0,185425,0
21:33:11:638,120000454,184396146,0,185469,0
21:33:11:838,120000452,184359945,0,185930,0
21:33:12:038,120000456,184310950,0,186675,0
21:33:12:238,120000458,184308979,0,186648,0
21:33:12:438,120000448,184332278,0,186603,0
21:33:12:638,120000454,184398459,0,185448,0
21:33:12:838,120000454,184377648,0,186027,0
21:33:13:038,120000449,184398552,0,185513,0
21:33:13:238,120000454,184392954,0,185608,0
21:33:13:438,120000441,184394122,0,185676,0
21:33:13:638,120000452,184393042,0,185608,0
21:33:13:838,120000459,184284351,0,187438,0
21:33:14:038,120000460,184388897,0,185631,0
21:33:14:238,120000465,184394551,0,185559,0
21:33:14:438,120000466,184391862,0,185642,0
21:33:14:638,120000458,184329886,0,186745,0
21:33:14:838,120000453,184301905,0,186946,0
21:33:15:038,120000464,184307906,0,186724,0
21:33:15:238,120000446,184287050,0,187260,0
21:33:15:438,120000465,184276231,0,187594,0
21:33:15:638,120000465,184293746,0,187100,0
21:33:15:838,120000450,184297640,0,187050,0
21:33:16:038,120000446,184280238,0,187410,0
21:33:16:238,120000440,184307912,0,186623,0
21:33:16:438,120000458,184374668,0,185866,0
21:33:16:638,120000459,184391774,0,185658,0
21:33:16:838,120000465,184374541,0,185742,0
21:33:17:038,120000466,184362850,0,185846,0
21:33:17:238,120000465,184306688,0,186696,0
21:33:17:438,120000455,184298637,0,187039,0
21:33:17:638,120000457,184295210,0,187005,0
21:33:17:838,120000461,184304923,1,186786,0
21:33:18:038,120000451,184290854,0,187118,0
21:33:18:238,120000461,184290117,0,187191,0
21:33:18:438,120000465,184347028,0,186331,0
21:33:18:638,120000462,184398832,0,185454,0
21:33:18:838,120000457,184387155,0,185842,0
21:33:19:038,120000446,184393380,0,185640,0
21:33:19:238,120000449,184365056,0,186237,0
21:33:19:438,120000450,184285254,0,187279,0
21:33:19:638,120000457,184284401,0,187312,0
21:33:19:838,120000456,184305651,0,186735,0
21:33:20:038,120000475,184310005,0,186614,0
21:33:20:238,120000460,184302939,0,187048,0
21:33:20:438,120000455,184397543,0,185377,0
21:33:20:638,120000456,184397254,0,185459,0
21:33:20:838,120000456,184401238,0,185457,0
21:33:21:038,120000462,184360215,0,186062,0
21:33:21:238,120000441,184317184,0,186641,0
21:33:21:438,120000458,184359704,0,185975,0
21:33:21:638,120000448,184393018,0,185672,0
21:33:21:838,120000454,184323923,0,186700,0
21:33:22:038,120000459,184284847,0,187275,0
21:33:22:238,120000452,184298816,0,186986,0
21:33:22:438,120000454,184274513,0,187631,0
21:33:22:638,120000445,184402331,0,185395,0
21:33:22:838,120000456,184395488,0,185572,0
21:33:23:038,120000450,184309405,0,186664,0
21:33:23:638,120000441,265141558,401,158,0
21:33:23:638,120000441,265141558,401,158,0
21:33:23:838,120000444,196889215,68,157757,0
21:33:24:038,120000453,184369038,0,186004,0
21:33:24:238,120000465,184395585,0,185638,0
21:33:24:438,120000450,184388178,0,185811,0
21:33:24:638,120000452,184402506,0,185453,0
21:33:24:838,120000470,184362208,0,186069,0
21:33:25:038,120000455,184341992,0,186443,0
21:33:25:238,120000452,184401304,0,185439,0
21:33:25:438,120000454,184395117,0,185609,0
21:33:25:638,120000454,184299931,0,186984,0
21:33:25:838,120000453,184297023,0,186970,0
21:33:26:038,120000450,184330516,0,186422,0
21:33:26:238,120000445,184317269,0,187658,0
21:33:26:438,120000445,184390477,0,185650,0
21:33:26:638,120000449,184387972,0,185726,0
21:33:26:838,120000445,184397496,0,185440,0
21:33:27:038,120000453,184398599,0,185583,0
21:33:27:238,120000450,184397448,1,185507,0
21:33:27:438,120000464,184338692,0,186483,0
21:33:27:638,120000449,184362018,0,186161,0
21:33:27:838,120000465,184393339,0,185621,0
21:33:28:038,120000462,184387977,0,185800,0
21:33:28:238,120000454,184391744,0,185638,0
21:33:28:438,120000449,184392151,0,185605,0
21:33:28:638,120000461,184302132,0,187021,0
21:33:28:838,120000457,184298796,0,186901,0
21:33:29:038,120000459,184307181,0,186775,0
21:33:29:238,120000460,184389472,0,185605,0
21:33:29:438,120000457,184354505,0,186060,0
21:33:29:638,120000445,184395726,0,185600,0
21:33:29:838,120000450,184373968,0,185930,0
21:33:30:038,120000448,184310245,0,186666,0
21:33:30:238,120000450,184351116,0,186140,0
21:33:30:438,120000459,184305582,0,186751,0
21:33:30:638,120000444,184304720,1,186828,0
21:33:30:838,120000442,184295454,0,187009,0
21:33:31:038,120000453,184303753,0,186933,0
21:33:31:238,120000456,184374347,0,185701,0
21:33:31:438,120000463,184384653,0,185850,0
21:33:31:638,120000455,184398492,0,185471,0
21:33:31:838,120000446,184392585,0,185577,0
21:33:32:038,120000458,184402061,0,185406,0
21:33:32:238,120000444,184396397,0,185489,0
21:33:32:438,120000449,184386358,0,185632,0
21:33:32:638,120000460,184288065,0,187201,0
21:33:32:838,120000447,184344498,0,186036,0
21:33:33:038,120000445,184370403,0,185979,0
21:33:33:238,120000464,184383810,0,185701,0
21:33:33:438,120000457,184316697,0,186718,0
21:33:33:638,120000459,184378508,0,185696,0
21:33:33:838,120000446,184387795,0,185803,0
21:33:34:038,120000453,184398479,0,185630,0
21:33:34:238,120000446,184343805,0,186440,0
21:33:34:438,120000448,184323573,0,186565,0
21:33:34:638,120000454,184320407,0,186704,0
21:33:34:838,120000448,184303843,0,186923,0
21:33:35:038,120000452,184292467,0,187155,0
21:33:35:238,120000454,184292081,0,187268,0
21:33:35:438,120000456,184308273,0,186743,0
21:33:35:638,120000453,184277186,0,187515,0
21:33:35:838,120000465,184326567,0,186562,0
21:33:36:038,120000462,184392015,0,185626,0
21:33:36:238,120000455,184395147,0,185635,0
21:33:36:438,120000456,184401452,0,185418,0
21:33:36:638,120000458,184392732,0,185643,0
21:33:36:838,120000454,184295092,0,187130,0
21:33:37:038,120000446,184295919,0,186980,0
21:33:37:238,120000458,184325004,0,186487,0
21:33:37:438,120000449,184317561,0,186718,0
21:33:37:638,120000454,184297035,0,186997,0
21:33:37:838,120000457,184292868,0,187150,0
21:33:38:038,120000454,184286801,0,187244,0
21:33:38:238,120000454,184302880,0,186783,0
21:33:38:438,120000449,184339441,0,186513,0
21:33:39:038,120000461,265134009,403,163,0
21:33:39:038,120000461,265134009,403,163,0
21:33:39:238,120000449,210458375,134,126197,0
21:33:39:438,120000448,184272969,0,187634,0
21:33:39:638,120000460,184369280,0,185939,0
21:33:39:838,120000466,184318199,0,186696,0
21:33:40:038,120000466,184367128,0,186083,0
21:33:40:238,120000480,184394181,0,185646,0
21:33:40:438,120000458,184399111,1,185387,0
21:33:40:638,120000454,184396586,0,185462,0
21:33:40:838,120000447,184358649,0,185784,0
21:33:41:038,120000464,184284565,0,187367,0
21:33:41:238,120000452,184381447,0,185820,0
21:33:41:438,120000450,184365077,0,185928,0
21:33:41:638,120000462,184370175,0,186024,0
21:33:41:838,120000448,184397651,0,185608,0
21:33:42:038,120000453,184393412,0,185609,0
21:33:42:238,120000454,184388981,0,185811,0
21:33:42:438,120000454,184349131,0,186279,0
21:33:42:638,120000461,184315188,0,186832,0
21:33:42:838,120000449,184309528,0,187000,0
21:33:43:038,120000461,184388924,0,185591,0
21:33:43:238,120000453,184396438,0,185548,0
21:33:43:438,120000449,184399873,0,185416,0
21:33:43:638,120000448,184396334,0,185564,0
21:33:43:838,120000457,184395370,0,185579,0
21:33:44:038,120000460,184395948,0,185405,0
21:33:44:238,120000446,184401128,0,185379,0
21:33:44:438,120000452,184393696,0,185616,0
21:33:44:638,120000446,184401666,0,185428,0
21:33:44:838,120000452,184396384,0,185442,0
21:33:45:038,120000446,184392801,0,185614,0
21:33:45:238,120000450,184392185,0,185739,0
21:33:45:438,120000457,184360792,0,186063,0
21:33:45:638,120000462,184313324,0,186623,0
21:33:45:838,120000453,184289170,0,187201,0
21:33:46:038,120000449,184278060,0,187483,0
21:33:46:238,120000446,184311254,0,186656,0
21:33:46:438,120000457,184326118,0,186540,0
21:33:46:638,120000456,184330204,0,186744,0
21:33:46:838,120000453,184343749,0,186291,0
21:33:47:038,120000448,184295696,0,186954,0
21:33:47:238,120000448,184381409,0,185922,0
21:33:47:438,120000450,184398152,0,185440,0
21:33:47:638,120000447,184390456,0,185608,0
21:33:47:838,120000452,184292567,0,187219,0
21:33:48:038,120000450,184288132,0,187248,0
21:33:48:238,120000451,184350716,0,186211,0
21:33:48:438,120000461,184398429,0,185456,0
21:33:48:638,120000459,184400238,0,185525,0
21:33:48:838,120000452,184393303,0,185616,0
21:33:49:038,120000462,184401875,0,185436,0
21:33:49:238,120000453,184316302,1,187693,0
21:33:49:438,120000438,184326157,0,186666,0
21:33:49:638,120000444,184303328,0,186840,0
21:33:49:838,120000505,184312715,0,186573,0
21:33:50:038,120000454,184300362,0,186918,0
21:33:50:238,120000457,184278340,0,187469,0
21:33:50:438,120000451,184360309,0,186084,0
21:33:50:638,120000464,184397804,0,185613,0
21:33:50:838,120000457,184395733,0,185424,0
21:33:51:038,120000465,184400609,0,185389,0
21:33:51:238,120000451,184396103,0,185457,0
21:33:51:438,120000447,184397627,0,185419,0
21:33:51:638,120000440,184395036,0,185604,0
21:33:51:838,120000450,184317298,0,186671,0
21:33:52:038,120000456,184298857,0,187013,0
21:33:52:239,120000454,184357874,0,186321,0
21:33:52:439,120000458,184351322,0,186335,0
21:33:52:639,120000438,184351132,0,186018,0
21:33:52:839,120000464,184396580,0,185462,0
21:33:53:039,120000451,184312317,0,186621,0
21:33:53:239,120000448,184307186,0,186726,0
21:33:53:439,120000449,184353078,0,186314,0
21:33:53:639,120000445,184395973,1,185602,0
21:33:53:839,120000441,184390806,0,185689,0
21:33:54:439,120000460,265142271,401,157,0
21:33:54:439,120000460,265142271,401,157,0
21:33:54:639,120000491,223600722,200,96157,0
21:33:54:839,120000465,184285781,1,187315,0
21:33:55:039,120000460,184295741,0,187060,0
21:33:55:239,120000448,184309472,0,186674,0
21:33:55:439,120000464,184289105,0,187353,0
21:33:55:639,120000471,184388173,0,185706,0
21:33:55:839,120000462,184393085,0,185631,0
21:33:56:039,120000464,184293492,0,187161,0
21:33:56:239,120000455,184303982,0,186771,0
21:33:56:439,120000445,184302940,0,186878,0
21:33:56:639,120000459,184286164,0,187268,0
21:33:56:839,120000455,184376305,0,185807,0
21:33:57:039,120000451,184382836,0,185670,0
21:33:57:239,120000456,184307688,0,186720,0
21:33:57:439,120000451,184278209,0,187540,0
21:33:57:639,120000467,184304166,0,186768,0
21:33:57:839,120000458,184282345,0,187381,0
21:33:58:039,120000454,184313154,1,186830,0
21:33:58:239,120000446,184318486,0,186878,0
21:33:58:439,120000453,184315350,0,186546,0
21:33:58:639,120000462,184266971,0,187802,0
21:33:58:839,120000451,184311813,0,186608,0
21:33:59:039,120000457,184327982,0,186606,0
21:33:59:239,120000457,184396900,0,185404,0
21:33:59:439,120000454,184367302,0,185791,0
21:33:59:639,120000447,184303397,0,186768,0
21:33:59:839,120000456,184382261,0,185807,0
21:34:00:039,120000459,184393982,0,185601,0
21:34:00:239,120000443,184396396,0,185430,0
21:34:00:439,120000460,184399214,0,185408,0
21:34:00:639,120000458,184398920,0,185422,0
21:34:00:839,120000454,184397054,0,185571,0
21:34:01:039,120000454,184316620,0,186680,0
21:34:01:239,120000449,184371594,0,185752,0
21:34:01:439,120000442,184401541,0,185395,0
21:34:01:639,120000453,184392946,0,185599,0
21:34:01:839,120000446,184401011,0,185517,0
21:34:02:039,120000460,184355743,0,186059,0
21:34:02:239,120000466,184277980,0,187523,0
21:34:02:439,120000458,184281300,0,187472,0
21:34:02:639,120000453,184306654,0,186710,0
21:34:02:839,120000448,184293512,0,187119,0
21:34:03:039,120000460,184293255,0,187064,0
21:34:03:239,120000456,184324049,0,186666,0
21:34:03:439,120000462,184299635,0,186994,0
21:34:03:639,120000441,184300466,0,186871,0
21:34:03:839,120000458,184325138,0,186805,0
21:34:04:039,120000445,184396418,0,185406,0
21:34:04:239,120000449,184372989,0,186189,0
21:34:04:439,120000458,184383520,0,185687,0
21:34:04:639,120000457,184310178,0,186833,0
21:34:04:839,120000449,184333162,0,186186,0
21:34:05:039,120000452,184378854,0,185736,0
21:34:05:239,120000459,184323648,0,186884,0
21:34:05:439,120000452,184384586,0,185616,0
21:34:05:639,120000446,184397046,0,185389,0
21:34:05:839,120000461,184323556,0,186528,0
21:34:06:039,120000457,184318119,0,186592,0
21:34:06:239,120000443,184383143,0,185818,0
21:34:06:439,120000454,184397831,0,185457,0
21:34:06:639,120000455,184392467,0,185591,0
21:34:06:839,120000446,184320797,1,186471,0
21:34:07:039,120000455,184390872,0,185468,0
21:34:07:239,120000454,184324773,0,186547,0
21:34:07:439,120000458,184307232,0,186733,0
21:34:07:639,120000438,184304669,0,187025,0
21:34:07:839,120000454,184394151,1,185597,0
21:34:08:039,120000445,184379499,0,186038,0
21:34:08:239,120000456,184398847,0,185413,0
21:34:08:439,120000442,184394720,0,185597,0
21:34:08:639,120000457,184391175,0,185804,0
21:34:08:839,120000441,184394144,0,185564,0
21:34:09:039,120000453,184398857,0,185409,0
21:34:09:239,120000451,184396651,0,185613,0
21:34:09:839,120000474,265134240,403,157,0
21:34:09:839,120000474,265134240,403,157,0
21:34:10:239,120000450,184395788,0,185616,0
21:34:10:439,120000458,184393633,0,185414,0
21:34:10:639,120000446,184344575,0,186322,0
21:34:10:839,120000462,184347942,0,186114,0
21:34:11:039,120000456,184298502,0,186960,0
21:34:11:239,120000469,184293899,1,187108,0
21:34:11:439,120000454,184288098,0,187196,0
21:34:11:639,120000454,184307543,0,186724,0
21:34:11:839,120000457,184295870,0,187009,0
21:34:12:039,120000451,184332971,0,186481,0
21:34:12:239,120000448,184284356,0,187369,0
21:34:12:439,120000464,184346276,0,186208,0
21:34:12:639,120000457,184399222,0,185417,0
21:34:12:839,120000445,184324024,0,186537,0
21:34:13:039,120000442,184300110,0,186935,0
21:34:13:239,120000458,184298118,0,186981,0
21:34:13:439,120000438,184294867,0,187193,0
21:34:13:639,120000464,184401156,0,185483,0
21:34:13:839,120000440,184391786,0,185582,0
21:34:14:039,120000444,184358379,0,186065,0
21:34:14:239,120000458,184294950,0,187079,0
21:34:14:439,120000449,184310467,0,187007,0
21:34:14:639,120000450,184400824,0,185428,0
21:34:14:839,120000448,184398317,0,185461,0
21:34:15:039,120000453,184384536,0,185668,0
21:34:15:239,120000461,184311053,0,186992,0
21:34:15:439,120000448,184371711,0,185766,0
21:34:15:639,120000454,184350879,0,186678,0
21:34:15:839,120000461,184315591,0,186550,0
21:34:16:039,120000440,184311726,0,186659,0
21:34:16:239,120000457,184297964,0,186896,0
21:34:16:439,120000437,184398937,0,185501,0
21:34:16:639,120000457,184376372,1,185797,0
21:34:16:839,120000449,184300886,0,186870,0
21:34:17:039,120000454,184299383,0,186956,0
21:34:17:239,120000464,184299872,0,186853,0
21:34:17:439,120000452,184356301,0,186008,0
21:34:17:639,120000449,184330823,0,186357,0
21:34:17:839,120000454,184274519,0,187564,0
21:34:18:039,120000457,184291288,0,187200,0
21:34:18:239,120000453,184291160,0,187114,0
21:34:18:439,120000454,184291046,0,187206,0
21:34:18:639,120000457,184372870,0,186095,0
21:34:18:839,120000461,184357418,0,186163,0
21:34:19:039,120000446,184389077,0,185646,0
21:34:19:239,120000457,184308932,0,186710,0
21:34:19:439,120000442,184294620,0,187174,0
21:34:19:639,120000445,184369095,0,186028,0
21:34:19:839,120000452,184394284,0,185602,0
21:34:20:039,120000446,184358889,0,186096,0
21:34:20:239,120000453,184343669,0,186189,0
21:34:20:439,120000454,184395064,0,185636,0
21:34:20:639,120000462,184391790,0,185641,0
21:34:20:839,120000451,184379883,0,185716,0
21:34:21:039,120000444,184297545,0,186948,0
21:34:21:239,120000461,184271882,0,187660,0
21:34:21:439,120000459,184287152,0,187319,0
21:34:21:639,120000451,184275936,0,187533,0
21:34:21:839,120000453,184286475,0,187334,0
21:34:22:039,120000449,184290182,0,187120,0
21:34:22:239,120000452,184280890,0,187375,0
21:34:22:439,120000445,184292453,0,187148,0
21:34:22:639,120000449,184319778,0,186734,0
21:34:22:839,120000440,184361071,0,185924,0
21:34:23:039,120000442,184302646,1,186786,0
21:34:23:239,120000453,184384630,0,185868,0
21:34:23:439,120000446,184366691,0,185887,0
21:34:23:639,120000445,184318494,0,186404,0
21:34:23:839,120000449,184383120,0,185690,0
21:34:24:039,120000460,184398225,0,185473,0
21:34:24:239,120000453,184378074,0,185840,0
21:34:24:439,120000442,184400611,0,185430,0
21:34:24:639,120000453,184394582,0,185619,0
21:34:24:839,120000450,184366173,0,185981,0
21:34:25:239,120000479,265141465,402,176,0
21:34:25:439,120000457,250742432,334,33320,0
21:34:25:639,120000450,184344520,0,186556,0
21:34:25:839,120000455,184325772,0,186772,0
21:34:26:039,120000454,184391526,0,185651,0
21:34:26:239,120000460,184386157,0,185676,0
21:34:26:439,120000458,184301089,0,187007,0
21:34:26:639,120000482,184396366,0,185396,0
21:34:26:839,120000459,184400710,0,185409,0
21:34:27:039,120000456,184297543,0,187110,0
21:34:27:239,120000448,184335977,0,186651,0
21:34:27:439,120000462,184368259,0,186161,0
21:34:27:639,120000450,184316170,0,186498,0
21:34:27:839,120000458,184328149,0,186197,0
21:34:28:039,120000440,184288876,0,187193,0
21:34:28:239,120000454,184317677,0,186770,0
21:34:28:439,120000457,184354780,0,186060,0
21:34:28:639,120000446,184399431,0,185416,0
21:34:28:839,120000450,184397155,0,185613,0
21:34:29:039,120000445,184397127,0,185436,0
21:34:29:239,120000453,184300494,0,187164,0
21:34:29:439,120000453,184287622,0,187261,0
21:34:29:639,120000445,184293327,0,187125,0
21:34:29:839,120000449,184311477,0,186928,0
21:34:30:039,120000479,184315958,0,186856,0
21:34:30:239,120000465,184294894,0,187087,0
21:34:30:439,120000459,184300664,0,186903,0
21:34:30:639,120000461,184310183,0,186691,0
21:34:30:839,120000455,184311516,0,186574,0
21:34:31:039,120000453,184290719,0,187166,0
21:34:31:239,120000457,184288077,0,187238,0
21:34:31:439,120000457,184298200,0,186900,0
21:34:31:639,120000453,184361569,0,186243,0
21:34:31:839,120000456,184355259,0,186132,0
21:34:32:039,120000463,184312604,0,186553,0
21:34:32:239,120000465,184288001,0,187271,0
21:34:32:439,120000462,184317672,0,186630,0
21:34:32:639,120000439,184312655,0,186842,0
21:34:32:839,120000460,184286612,0,187396,0
21:34:33:039,120000449,184393144,0,185626,0
21:34:33:239,120000446,184398470,0,185406,0
21:34:33:439,120000444,184394675,0,185449,0
21:34:33:639,120000457,184364444,0,185864,0
21:34:33:839,120000438,184320901,0,186356,0
21:34:34:039,120000461,184322702,0,186819,0
21:34:34:239,120000454,184374573,0,185808,0
21:34:34:439,120000449,184316425,0,186873,0
21:34:34:639,120000454,184365453,0,186364,0
21:34:34:839,120000456,184400448,0,185420,0
21:34:35:039,120000453,184392941,0,185740,0
21:34:35:239,120000457,184384899,0,185826,0
21:34:35:439,120000461,184328127,0,186551,0
21:34:35:639,120000449,184304110,0,187133,0
21:34:35:839,120000441,184301496,0,186866,0
21:34:36:039,120000452,184313445,0,186571,0
21:34:36:239,120000464,184297378,0,186987,0
21:34:36:439,120000465,184349940,0,186277,0
21:34:36:639,120000467,184384674,0,185712,0
21:34:36:839,120000457,184311074,0,186595,0
21:34:37:039,120000453,184335548,0,186265,0
21:34:37:239,120000464,184315745,0,186495,0
21:34:37:439,120000451,184306441,0,186727,0
21:34:37:639,120000453,184310983,0,186674,0
21:34:37:839,120000448,184328960,0,186648,0
21:34:38:039,120000450,184400787,0,185437,0
21:34:38:239,120000456,184366572,0,185898,0
21:34:38:439,120000450,184327651,0,186242,0
21:34:38:639,120000450,184290204,1,187156,0
21:34:38:839,120000462,184356212,0,186143,0
21:34:39:039,120000457,184396459,0,185637,0
21:34:39:239,120000440,184355314,0,186078,0
21:34:39:439,120000452,184391939,0,185704,0
21:34:39:639,120000453,184399016,0,185361,0
21:34:39:839,120000454,184398731,0,185468,0
21:34:40:039,120000462,184393198,0,185641,0
21:34:40:239,120000446,184390608,0,185633,0
21:34:40:639,120000470,265133881,404,173,0
21:34:40:839,120000480,264298452,400,2070,0
21:34:41:039,120000440,184386967,0,185897,0
21:34:41:239,120000449,184393442,0,185613,0
21:34:41:439,120000449,184343842,0,186441,0
21:34:41:639,120000453,184345662,0,186622,0
21:34:41:839,120000450,184299749,0,186912,0
21:34:42:039,120000466,184325098,0,186698,0
21:34:42:239,120000457,184338114,0,186372,0
21:34:42:439,120000450,184375039,0,185913,0
21:34:42:639,120000454,184393705,0,185660,0
21:34:42:839,120000444,184380770,0,185943,0
21:34:43:039,120000457,184391420,0,185674,0
21:34:43:239,120000448,184308147,0,186775,0
21:34:43:439,120000451,184377442,0,186068,0
21:34:43:639,120000448,184397127,0,185427,0
21:34:43:839,120000453,184398490,0,185526,0
21:34:44:039,120000454,184375823,0,186222,0
21:34:44:239,120000462,184358927,0,186202,0
21:34:44:439,120000448,184301355,0,187012,0
21:34:44:639,120000459,184285274,0,187313,0
21:34:44:839,120000454,184368822,0,186175,0
21:34:45:039,120000451,184310153,0,186806,0
21:34:45:239,120000465,184373777,0,185887,0
21:34:45:439,120000462,184317052,0,186736,0
21:34:45:639,120000449,184398318,0,185430,0
21:34:45:839,120000460,184396690,0,185616,0
21:34:46:039,120000458,184391219,0,185640,0
21:34:46:239,120000458,184308905,0,187148,0
21:34:46:439,120000448,184289944,0,187251,0
21:34:46:639,120000446,184341501,0,186316,0
21:34:46:839,120000461,184278114,0,187547,0
21:34:47:039,120000455,184288120,0,187185,0
21:34:47:239,120000448,184317383,0,186509,0
21:34:47:439,120000445,184361773,0,186050,0
21:34:47:639,120000450,184312761,0,186554,0
21:34:47:839,120000445,184289863,0,187222,0
21:34:48:039,120000453,184300319,0,186908,0
21:34:48:239,120000449,184291050,0,187288,0
21:34:48:439,120000446,184399672,0,185413,0
21:34:48:639,120000456,184391856,0,185627,0
21:34:48:839,120000461,184358101,0,186094,0
21:34:49:039,120000458,184322542,0,186488,0
21:34:49:239,120000451,184328435,0,186531,0
21:34:49:439,120000462,184316170,0,186797,0
21:34:49:639,120000449,184377526,0,185638,0
21:34:49:839,120000458,184397553,0,185612,0
21:34:50:039,120000447,184353807,0,186093,0
21:34:50:239,120000459,184309818,0,186693,0
21:34:50:439,120000456,184315705,0,186455,0
21:34:50:639,120000445,184273119,0,187651,0
21:34:50:839,120000483,184322390,0,186331,0
21:34:51:039,120000449,184333672,0,186453,0
21:34:51:239,120000449,184399366,0,185504,0
21:34:51:439,120000450,184393239,0,185647,0
21:34:51:639,120000460,184393796,0,185680,0
21:34:51:839,120000455,184362789,1,185846,0
21:34:52:039,120000452,184289018,0,187218,0
21:34:52:239,120000455,184289310,0,187358,0
21:34:52:439,120000451,184362679,0,185762,0
21:34:52:639,120000462,184299155,0,187012,0
21:34:52:839,120000450,184299510,0,186876,0
21:34:53:039,120000458,184293094,0,187102,0
21:34:53:239,120000440,184373951,0,186051,0
21:34:53:439,120000458,184364768,0,186028,0
21:34:53:639,120000451,184362296,0,186168,0
21:34:53:839,120000459,184393587,0,185613,0
21:34:54:039,120000448,184330252,0,186459,0
21:34:54:239,120000464,184292319,0,187197,0
21:34:54:439,120000458,184305857,0,186755,0
21:34:54:639,120000460,184368984,0,185911,0
21:34:54:839,120000448,184397274,0,185465,0
21:34:55:039,120000454,184353394,0,186244,0
21:34:55:239,120000457,184315720,0,186739,0
21:34:55:439,120000462,184283331,0,187359,0
21:34:55:639,120000442,184290911,0,187250,0
21:34:56:239,120000453,265133700,403,154,0
21:34:56:239,120000453,265133700,403,154,0
21:34:56:439,120000494,196634630,66,158080,0
21:34:56:639,120000454,184326036,0,186338,0
21:34:56:839,120000453,184398344,0,185420,0
21:34:57:039,120000457,184395512,0,185691,0
21:34:57:239,120000443,184364678,0,186212,0
21:34:57:439,120000459,184340888,0,186311,0
21:34:57:639,120000463,184300943,0,186895,0
21:34:57:839,120000466,184375488,0,185756,0
21:34:58:039,120000462,184395349,0,185640,0
21:34:58:239,120000452,184362645,0,186176,0
21:34:58:439,120000450,184393756,0,185600,0
21:34:58:639,120000465,184342070,0,186106,0
21:34:58:839,120000457,184302525,0,186830,0
21:34:59:039,120000454,184358472,0,186210,0
21:34:59:239,120000462,184277982,0,187494,0
21:34:59:439,120000453,184296362,0,186991,0
21:34:59:639,120000456,184289086,0,187342,0
21:34:59:839,120000455,184310213,0,186782,0
21:35:00:039,120000464,184309833,0,186705,0
21:35:00:239,120000454,184282247,0,187365,0
21:35:00:439,120000448,184300162,0,187137,0
21:35:00:639,120000461,184389758,1,185569,0
21:35:00:839,120000466,184388606,0,185711,0
21:35:01:039,120000452,184390874,0,185713,0
21:35:01:239,120000441,184385704,0,185873,0
21:35:01:439,120000456,184395390,0,185618,0
21:35:01:639,120000450,184295223,0,187010,0
21:35:01:839,120000465,184299145,0,187069,0
21:35:02:039,120000457,184302673,0,186879,0
21:35:02:239,120000445,184313712,0,186726,0
21:35:02:439,120000447,184398885,0,185460,0
21:35:02:639,120000456,184396188,0,185466,0
21:35:02:839,120000445,184393660,0,185599,0
21:35:03:039,120000456,184293139,0,187287,0
21:35:03:239,120000453,184362007,0,186142,0
21:35:03:439,120000454,184400598,0,185424,0
21:35:03:639,120000459,184385502,0,185768,0
21:35:03:839,120000460,184394078,0,185569,0
21:35:04:039,120000466,184354478,0,186048,0
21:35:04:239,120000450,184324911,0,186648,0
21:35:04:439,120000457,184288463,0,187285,0
21:35:04:639,120000453,184339128,0,186599,0
21:35:04:839,120001024,184398611,0,185587,0
21:35:05:039,120000453,184314425,1,186741,0
21:35:05:239,120000442,184341491,0,186175,0
21:35:05:439,120000448,184335919,0,186621,0
21:35:05:639,120000446,184393966,0,185603,0
21:35:05:839,120000456,184389706,0,185696,0
21:35:06:039,120000450,184376873,0,186024,0
21:35:06:239,120000458,184327757,0,186461,0
21:35:06:439,120000452,184316585,0,186502,0
21:35:06:639,120000474,184397108,0,185441,0
21:35:06:839,120000459,184397203,0,185663,0
21:35:07:039,120000454,184398506,0,185395,0
21:35:07:239,120000453,184393206,0,185646,0
21:35:07:439,120000459,184389884,0,185726,0
21:35:07:639,120000452,184399357,0,185413,0
21:35:07:839,120000452,184393705,0,185624,0
21:35:08:039,120000453,184303442,0,186763,0
21:35:08:239,120000454,184288286,0,187197,0
21:35:08:439,120000442,184282433,0,187404,0
21:35:08:639,120000456,184305878,0,186741,0
21:35:08:839,120000453,184291373,0,187199,0
21:35:09:039,120000461,184290634,0,187187,0
21:35:09:239,120000457,184317682,0,186586,0
21:35:09:439,120000460,184308806,1,186702,0
21:35:09:639,120000451,184301727,0,186883,0
21:35:09:839,120000445,184286491,0,187463,0
21:35:10:039,120000466,184389837,0,185640,0
21:35:10:239,120000457,184376320,0,185675,0
21:35:10:439,120000456,184326208,0,186560,0
21:35:10:639,120000456,184337278,0,186302,0
21:35:10:839,120000440,184350729,0,186070,0
21:35:11:039,120000453,184396893,0,185513,0
21:35:11:639,120000450,265134210,403,152,0
21:35:11:639,120000450,265134210,403,152,0
21:35:11:839,120000452,210192266,132,127317,0
21:35:12:039,120000453,184393895,0,185631,0
21:35:12:239,120000441,184389153,0,185837,0
21:35:12:439,120000445,184391875,0,185718,0
21:35:12:639,120000441,184358824,0,185855,0
21:35:12:839,120000478,184305015,0,186838,0
21:35:13:039,120000462,184293357,0,187071,0
21:35:13:239,120000448,184313076,0,186643,0
21:35:13:439,120000454,184309118,0,186799,0
21:35:13:639,120000459,184346000,0,186130,0
21:35:13:839,120000451,184400982,0,185433,0
21:35:14:039,120000446,184384367,0,185702,0
21:35:14:239,120000441,184281505,0,187435,0
21:35:14:439,120000453,184293789,0,187089,0
21:35:14:639,120000450,184294129,0,187077,0
21:35:14:839,120000457,184285018,0,187294,0
21:35:15:039,120000453,184286361,0,187264,0
21:35:15:239,120000448,184364013,0,186152,0
21:35:15:439,120000456,184398599,0,185451,0
21:35:15:639,120000451,184375094,0,185852,0
21:35:15:839,120000464,184357590,0,186424,0
21:35:16:039,120000462,184390690,0,185625,0
21:35:16:239,120000456,184395198,0,185624,0
21:35:16:439,120000459,184386927,0,185813,0
21:35:16:639,120000452,184390193,0,185786,0
21:35:16:839,120000454,184396660,0,185409,0
21:35:17:039,120000458,184388751,0,185757,0
21:35:17:239,120000453,184398540,0,185418,0
21:35:17:439,120000454,184398396,0,185480,0
21:35:17:639,120000449,184338907,0,186573,0
21:35:17:839,120000450,184282432,0,187421,0
21:35:18:039,120000453,184372528,0,185938,0
21:35:18:239,120000457,184289157,1,187249,0
21:35:18:439,120000454,184301237,0,186965,0
21:35:18:639,120000446,184288352,0,187233,0
21:35:18:839,120000461,184317686,0,186880,0
21:35:19:039,120000466,184395905,0,185617,0
21:35:19:239,120000465,184387031,0,185755,0
21:35:19:439,120000457,184391568,0,185727,0
21:35:19:639,120000453,184397176,0,185540,0
21:35:19:839,120000467,184393886,0,185611,0
21:35:20:039,120000451,184363679,0,185936,0
21:35:20:239,120000461,184287687,0,187231,0
21:35:20:439,120000458,184360324,0,186076,0
21:35:20:639,120000440,184391380,0,185664,0
21:35:20:839,120000449,184398392,0,185441,0
21:35:21:039,120000456,184395362,0,185592,0
21:35:21:239,120000461,184398063,0,185434,0
21:35:21:439,120000449,184395068,0,185500,0
21:35:21:639,120000462,184301663,0,187069,0
21:35:21:839,120000456,184324956,0,186378,0
21:35:22:039,120000459,184303876,0,186823,0
21:35:22:239,120000452,184307525,0,186696,0
21:35:22:439,120000462,184286586,0,187355,0
21:35:22:639,120000465,184296363,1,187063,0
21:35:22:839,120000459,184298380,0,186906,0
21:35:23:039,120000455,184386835,0,185537,0
21:35:23:239,120000443,184396078,0,185494,0
21:35:23:439,120000445,184369741,0,186081,0
21:35:23:639,120000445,184301299,0,186997,0
21:35:23:839,120000447,184397172,0,185424,0
21:35:24:039,120000464,184390414,0,185807,0
21:35:24:239,120000449,184392491,0,185604,0
21:35:24:439,120000464,184352679,0,186833,0
21:35:24:639,120000437,184369551,0,185861,0
21:35:24:839,120000452,184392062,0,185615,0
21:35:25:039,120000456,184352873,0,186818,0
21:35:25:239,120000448,184297296,0,187123,0
21:35:25:439,120000441,184336485,0,186422,0
21:35:25:639,120000453,184398703,0,185462,0
21:35:25:839,120000451,184367503,0,186321,0
21:35:26:039,120000448,184281339,0,187562,0
21:35:26:239,120000448,184295500,0,187131,0
21:35:26:439,120000457,184306734,0,186890,0
21:35:27:039,120000478,265141590,401,159,0
21:35:27:039,120000478,265141590,401,159,0
21:35:27:239,120000441,223791472,200,95183,0
21:35:27:439,120000456,184364468,0,185965,0
21:35:27:639,120000465,184311953,0,186582,0
21:35:27:839,120000457,184308473,0,186915,0
21:35:28:039,120000453,184311594,0,186657,0
21:35:28:239,120000468,184287768,0,187173,0
21:35:28:439,120000456,184304077,0,186861,0
21:35:28:639,120000446,184339410,0,186229,0
21:35:28:839,120000456,184324493,0,186720,0
21:35:29:039,120000479,184385599,0,185813,0
21:35:29:239,120000451,184388379,0,185544,0
21:35:29:439,120000444,184281054,0,187473,0
21:35:29:639,120000460,184290020,0,187145,0
21:35:29:839,120000449,184277983,0,187585,0
21:35:30:039,120000448,184321472,0,186717,0
21:35:30:239,120000456,184281718,0,187375,0
21:35:30:439,120000464,184381577,0,185768,0
21:35:30:639,120000458,184394339,0,185563,0
21:35:30:839,120000453,184341345,0,186436,0
21:35:31:039,120000454,184299378,0,186853,0
21:35:31:239,120000465,184295183,0,187098,0
21:35:31:439,120000458,184298518,1,186955,0
21:35:31:639,120000457,184285951,0,187286,0
21:35:31:839,120000458,184267840,0,187784,0
21:35:32:039,120000449,184267322,0,187828,0
21:35:32:239,120000445,184304200,0,187029,0
21:35:32:439,120000442,184393802,0,185576,0
21:35:32:639,120000452,184318919,0,186805,0
21:35:32:839,120000454,184305294,0,186838,0
21:35:33:039,120000462,184308963,0,186717,0
21:35:33:239,120000438,184328188,0,186811,0
21:35:33:439,120000453,184380446,0,185651,0
21:35:33:639,120000464,184393805,0,185596,0
21:35:33:839,120000450,184392235,0,185744,0
21:35:34:039,120000452,184384165,0,185798,0
21:35:34:239,120000461,184400262,0,185371,0
21:35:34:439,120000463,184397929,0,185448,0
21:35:34:639,120000449,184298532,0,186918,0
21:35:34:839,120000459,184277685,0,187578,0
21:35:35:039,120000453,184317088,0,186404,0
21:35:35:239,120000452,184288746,0,187253,0
21:35:35:439,120000473,184295570,0,187010,0
21:35:35:639,120000463,184324899,0,186243,0
21:35:35:839,120000449,184389242,1,185688,0
21:35:36:039,120000446,184376281,0,185675,0
21:35:36:239,120000461,184283554,0,187385,0
21:35:36:439,120000450,184330067,0,186565,0
21:35:36:639,120000458,184398515,0,185422,0
21:35:36:839,120000449,184314373,1,186737,0
21:35:37:039,120000456,184301001,0,186902,0
21:35:37:239,120000457,184359545,0,186058,0
21:35:37:439,120000452,184392781,0,185603,0
21:35:37:639,120000461,184305874,0,186803,0
21:35:37:839,120000450,184305241,0,186776,0
21:35:38:039,120000441,184315357,0,186673,0
21:35:38:239,120000455,184382335,0,185908,0
21:35:38:439,120000442,184396112,0,185459,0
21:35:38:639,120000454,184395964,0,185609,0
21:35:38:839,120000445,184383662,0,185964,0
21:35:39:039,120000450,184336298,0,186539,0
21:35:39:239,120000447,184275734,0,187652,0
21:35:39:439,120000459,184308986,0,187030,0
21:35:39:639,120000453,184298168,0,187028,0
21:35:39:839,120000452,184313474,0,186538,0
21:35:40:039,120000463,184301495,0,187078,0
21:35:40:239,120000466,184349387,0,186320,0
21:35:40:439,120000455,184301356,0,186838,0
21:35:40:639,120000465,184334643,0,186514,0
21:35:40:839,120000458,184301242,0,187100,0
21:35:41:039,120000464,184318551,0,186780,0
21:35:41:239,120000462,184282738,1,187406,0
21:35:41:439,120000447,184305539,0,186718,0
21:35:41:639,120000458,184283982,0,187385,0
21:35:41:839,120000461,184289439,0,187164,0
21:35:42:439,120000479,265134132,403,165,0
21:35:42:439,120000479,265134132,403,165,0
21:35:42:639,120000453,237343432,266,64103,0
21:35:43:039,120000446,184306699,0,186807,0
21:35:43:239,120000463,184309763,0,186868,0
21:35:43:439,120000459,184370594,0,185806,0
21:35:43:639,120000453,184336251,0,186398,0
21:35:43:839,120000477,184300786,0,186880,0
21:35:44:039,120000461,184374451,0,185955,0
21:35:44:239,120000437,184289370,0,187206,0
21:35:44:439,120000461,184275126,0,187560,0
21:35:44:639,120000466,184346713,0,186436,0
21:35:44:839,120000458,184336045,0,186516,0
21:35:45:039,120000454,184288802,0,187332,0
21:35:45:239,120000450,184385536,0,185823,0
21:35:45:439,120000467,184396530,0,185582,0
21:35:45:639,120000452,184301013,0,186971,0
21:35:45:839,120000457,184283581,0,187532,0
21:35:46:039,120000449,184325148,0,186589,0
21:35:46:239,120000453,184277362,0,187539,0
21:35:46:439,120000446,184302484,0,186901,0
21:35:46:639,120000452,184287669,0,187221,0
21:35:46:839,120000461,184286296,0,187252,0
21:35:47:039,120000438,184271439,0,187773,0
21:35:47:239,120000448,184302012,0,186859,0
21:35:47:439,120000441,184277491,0,187600,0
21:35:47:639,120000451,184381501,0,185889,0
21:35:47:839,120000449,184393290,0,185641,0
21:35:48:039,120000456,184392640,0,185719,0
21:35:48:239,120000456,184393416,0,185612,0
21:35:48:439,120000458,184377243,0,185646,0
21:35:48:639,120000460,184360768,0,186119,0
21:35:48:839,120000457,184308928,0,186873,0
21:35:49:039,120000454,184282968,0,187373,0
21:35:49:239,120000456,184286849,0,187240,0
21:35:49:439,120000462,184287869,0,187275,0
21:35:49:639,120000454,184317917,1,186724,0
21:35:49:839,120000468,184307336,0,186751,0
21:35:50:039,120000462,184278780,0,187465,0
21:35:50:239,120000459,184300167,0,186862,0
21:35:50:439,120000449,184293399,0,187231,0
21:35:50:639,120000443,184291677,0,187154,0
21:35:50:839,120000450,184329277,0,186399,0
21:35:51:039,120000452,184280797,0,187379,0
21:35:51:239,120000458,184361818,0,185878,0
21:35:51:439,120000451,184311758,0,186802,0
21:35:51:639,120000454,184369703,0,185853,0
21:35:51:839,120000464,184400700,0,185490,0
21:35:52:039,120000462,184398598,0,185462,0
21:35:52:239,120000445,184392746,0,185607,0
21:35:52:439,120000450,184401728,0,185405,0
21:35:52:639,120000451,184386322,0,185720,0
21:35:52:839,120000459,184321440,0,186357,0
21:35:53:039,120000452,184284286,0,187348,0
21:35:53:239,120000453,184337331,0,186525,0
21:35:53:439,120000459,184325987,0,186519,0
21:35:53:639,120000438,184293898,0,187049,0
21:35:53:839,120000455,184353096,0,186119,0
21:35:54:039,120000446,184296042,0,187158,0
21:35:54:239,120000464,184298168,0,187106,0
21:35:54:439,120000454,184306927,0,186725,0
21:35:54:639,120000454,184328365,0,186387,0
21:35:54:839,120000458,184316040,1,186510,0
21:35:55:039,120000451,184353984,0,185838,0
21:35:55:239,120000459,184334305,0,186266,0
21:35:55:439,120000449,184302212,0,186852,0
21:35:55:639,120000453,184291344,1,187095,0
21:35:55:839,120000462,184310045,0,186644,0
21:35:56:039,120000457,184368346,0,185929,0
21:35:56:239,120000450,184395429,0,185627,0
21:35:56:439,120000441,184393065,0,185598,0
21:35:56:639,120000453,184391425,0,185619,0
21:35:56:839,120000451,184389065,0,185573,0
21:35:57:039,120000459,184325687,0,186504,0
21:35:57:239,120000459,184357374,0,186237,0
21:35:57:439,120000459,184360638,0,185948,0
21:35:57:839,120000480,265141673,402,175,0
21:35:58:039,120000447,250886830,334,32975,0
21:35:58:239,120000457,184340932,0,186529,0
21:35:58:439,120000451,184337865,0,186406,0
21:35:58:639,120000457,184382910,0,185767,0
21:35:58:839,120000450,184317728,1,186572,0
21:35:59:039,120000465,184310994,0,186644,0
21:35:59:239,120000485,184308608,0,186724,0
21:35:59:439,120000455,184291925,1,187156,0
21:35:59:639,120000439,184338376,0,186542,0
21:35:59:839,120000452,184396249,0,185386,0
21:36:00:039,120000453,184377867,1,185791,0
21:36:00:239,120000460,184313984,0,186765,0
21:36:00:439,120000460,184305690,0,186720,0
21:36:00:639,120000457,184316373,0,186526,0
21:36:00:839,120000459,184323813,0,186295,0
21:36:01:039,120000449,184302649,0,186803,0
21:36:01:239,120000462,184308496,1,186721,0
21:36:01:439,120000448,184287371,0,187238,0
21:36:01:639,120000456,184325940,0,186551,0
21:36:01:839,120000456,184386813,0,185726,0
21:36:02:039,120000446,184370774,0,186308,0
21:36:02:239,120000453,184398461,1,185469,0
21:36:02:439,120000447,184393383,0,185615,0
21:36:02:639,120000457,184392496,0,185664,0
21:36:02:839,120000459,184371694,0,185698,0
21:36:03:039,120000454,184288429,0,187285,0
21:36:03:239,120000454,184329096,1,186971,0
21:36:03:439,120000455,184387693,0,185725,0
21:36:03:639,120000448,184400600,0,185417,0
21:36:03:839,120000441,184393242,0,185602,0
21:36:04:039,120000445,184394897,0,185716,0
21:36:04:239,120000458,184344698,0,186213,0
21:36:04:439,120000449,184293454,0,187103,0
21:36:04:639,120000461,184322933,0,186768,0
21:36:04:839,120000447,184373612,0,186221,0
21:36:05:039,120000445,184358433,0,186089,0
21:36:05:239,120000463,184278712,0,187507,0
21:36:05:439,120000453,184282272,0,187385,0
21:36:05:639,120000449,184295287,0,187096,0
21:36:05:839,120000456,184289472,0,187143,0
21:36:06:039,120000453,184352767,0,186490,0
21:36:06:239,120000450,184398164,0,185464,0
21:36:06:439,120000451,184379231,0,185809,0
21:36:06:639,120000442,184319663,0,186470,0
21:36:06:839,120000444,184392853,0,185487,0
21:36:07:039,120000450,184400534,0,185423,0
21:36:07:239,120000465,184397146,0,185500,0
21:36:07:439,120000450,184398790,0,185419,0
21:36:07:639,120000453,184302491,0,186926,0
21:36:07:839,120000461,184309855,0,186633,0
21:36:08:039,120000466,184300304,0,186930,0
21:36:08:239,120000462,184296498,0,186987,0
21:36:08:439,120000456,184328297,0,186505,0
21:36:08:639,120000457,184360333,0,185939,0
21:36:08:839,120000445,184298786,0,186979,0
21:36:09:039,120000465,184392397,0,185494,0
21:36:09:239,120000450,184392824,0,185650,0
21:36:09:439,120000454,184391949,0,185671,0
21:36:09:639,120000457,184399399,0,185508,0
21:36:09:839,120000441,184393668,0,185632,0
21:36:10:039,120000461,184386236,0,185881,0
21:36:10:239,120000454,184387294,0,185799,0
21:36:10:439,120000464,184394112,0,185635,0
21:36:10:639,120000458,184384429,0,185874,0
21:36:10:839,120000456,184398452,0,185503,0
21:36:11:039,120000451,184395227,0,185582,0
21:36:11:239,120000467,184385366,0,185848,0
21:36:11:439,120000454,184392117,0,185730,0
21:36:11:639,120000450,184395085,0,185652,0
21:36:11:839,120000733,184387402,0,185841,0
21:36:12:039,120000437,184397038,1,185399,0
21:36:12:239,120000460,184399849,0,185391,0
21:36:12:439,120000445,184394927,0,185628,0
21:36:12:639,120000457,184391013,0,185722,0
21:36:12:839,120000451,184360683,0,186795,0
21:36:13:239,120000467,265133386,404,172,0
21:36:13:439,120000457,264039729,398,2676,0
21:36:13:639,120000456,184390773,0,185651,0
21:36:13:839,120000459,184370820,0,186191,0
21:36:14:039,120000453,184388606,0,185672,0
21:36:14:239,120000451,184398626,0,185452,0
21:36:14:439,120000456,184394229,0,185609,0
21:36:14:639,120000483,184350844,0,186353,0
21:36:14:839,120000457,184315036,0,186793,0
21:36:15:039,120000449,184315185,0,187093,0
21:36:15:239,120000454,184311001,0,186957,0
21:36:15:439,120000460,184345224,0,186481,0
21:36:15:639,120000454,184396430,0,185492,0
21:36:15:839,120000451,184396587,0,185637,0
21:36:16:039,120000456,184386332,0,185832,0
21:36:16:239,120000456,184392103,0,185692,0
21:36:16:439,120000456,184394925,1,185483,0
21:36:16:639,120000453,184398103,0,185404,0
21:36:16:839,120000445,184398853,0,185559,0
21:36:17:039,120000447,184344674,0,186230,0
21:36:17:239,120000452,184315659,0,186577,0
21:36:17:439,120000454,184302952,0,186921,0
21:36:17:639,120000450,184348036,0,185960,0
21:36:17:839,120000456,184287999,0,187258,0
21:36:18:039,120000459,184395276,0,185515,0
21:36:18:239,120000445,184298727,0,187072,0
21:36:18:439,120000452,184302400,0,187143,0
21:36:18:639,120000445,184320542,0,186666,0
21:36:18:839,120000455,184306556,0,187048,0
21:36:19:039,120000459,184392673,0,185618,0
21:36:19:239,120000458,184350647,0,186037,0
21:36:19:439,120000446,184294670,0,187086,0
21:36:19:639,120000453,184286084,0,187255,0
21:36:19:839,120000464,184303383,0,186854,0
21:36:20:039,120000451,184292364,0,187111,0
21:36:20:239,120000452,184278030,0,187558,0
21:36:20:439,120000459,184340197,0,186436,0
21:36:20:639,120000448,184339824,0,186193,0
21:36:20:839,120000459,184353093,1,186234,0
21:36:21:039,120000453,184390186,0,185668,0
21:36:21:239,120000444,184295079,0,187142,0
21:36:21:439,120000455,184326476,0,186184,0
21:36:21:639,120000454,184321541,0,186581,0
21:36:21:839,120000459,184346944,0,186353,0
21:36:22:039,120000446,184305494,0,187100,0
21:36:22:239,120000449,184393773,0,185674,0
21:36:22:439,120000457,184327046,0,186435,0
21:36:22:639,120000453,184305898,0,186795,0
21:36:22:839,120000457,184285100,0,187623,0
21:36:23:039,120000450,184368747,0,185734,0
21:36:23:239,120000455,184317719,0,186451,0
21:36:23:439,120000443,184313573,0,186508,0
21:36:23:639,120000458,184310975,0,186675,0
21:36:23:839,120000445,184318945,0,186371,0
21:36:24:039,120000464,184303477,0,186803,0
21:36:24:239,120000453,184301962,0,186857,0
21:36:24:439,120000456,184343845,0,186358,0
21:36:24:639,120000460,184340195,0,186313,0
21:36:24:839,120000448,184397495,0,185489,0
21:36:25:039,120000457,184394266,0,185537,0
21:36:25:239,120000449,184400635,1,185434,0
21:36:25:439,120000456,184395169,0,185590,0
21:36:25:639,120000458,184313934,0,186687,0
21:36:25:839,120000449,184286008,0,187275,0
21:36:26:039,120000460,184393609,0,185584,0
21:36:26:239,120000440,184376134,0,185612,0
21:36:26:439,120000453,184311910,0,186651,0
21:36:26:639,120000458,184313263,0,186801,0
21:36:26:839,120000455,184318294,0,186389,0
21:36:27:039,120000458,184341739,0,185818,0
21:36:27:239,120000447,184313460,0,186570,0
21:36:27:439,120000456,184352312,0,186385,0
21:36:27:639,120000461,184375675,0,185904,0
21:36:27:839,120000451,184317882,0,186436,0
21:36:28:039,120000458,184323353,0,186348,0
21:36:28:239,120000456,184381469,0,185723,0
21:36:28:839,120000457,265133511,403,152,0
21:36:28:839,120000457,265133511,403,152,0
21:36:29:039,120000445,196775997,66,157807,0
21:36:29:239,120000459,184348136,0,186251,0
21:36:29:439,120000465,184398740,0,185546,0
21:36:29:639,120000455,184395139,1,185581,0
21:36:29:839,120000437,184366758,0,186244,0
21:36:30:039,120000461,184363287,0,185773,0
21:36:30:239,120000441,184348846,0,186165,0
21:36:30:439,120000445,184342663,0,186306,0
21:36:30:639,120000457,184315366,0,186471,0
21:36:30:839,120000452,184352532,0,185990,0
21:36:31:039,120000450,184396302,0,185597,0
21:36:31:239,120000457,184389347,0,185721,0
21:36:31:439,120000448,184347077,0,186233,0
21:36:31:639,120000458,184292880,0,187112,0
21:36:31:839,120000454,184312203,3,186626,0
21:36:32:039,120000463,184352324,1,186358,0
21:36:32:239,120000447,184397228,0,185520,0
21:36:32:439,120000461,184395405,0,185636,0
21:36:32:639,120000440,184387856,0,185839,0
21:36:32:839,120000444,184395804,0,185434,0
21:36:33:039,120000442,184401342,0,185376,0
21:36:33:239,120000461,184398830,0,185442,0
21:36:33:439,120000453,184396650,0,185619,0
21:36:33:639,120000446,184396942,0,185532,0
21:36:33:839,120000456,184396315,0,185430,0
21:36:34:039,120000451,184396610,0,185577,0
21:36:34:239,120000451,184337150,0,186399,0
21:36:34:439,120000450,184355835,0,186090,0
21:36:34:639,120000453,184349876,0,186269,0
21:36:34:839,120000456,184306041,2,186814,0
21:36:35:039,120000467,184280728,1,187459,0
21:36:35:239,120000462,184303646,0,186800,0
21:36:35:439,120000447,184296943,0,187006,0
21:36:35:639,120000463,184292057,0,187106,0
21:36:35:839,120000467,184380380,0,185761,0
21:36:36:039,120000458,184321750,0,186379,0
21:36:36:239,120000465,184321912,0,186305,0
21:36:36:439,120000462,184377101,0,185900,0
21:36:36:639,120000458,184393326,0,185618,0
21:36:36:839,120000453,184393163,0,185735,0
21:36:37:039,120000445,184376429,0,185899,0
21:36:37:239,120000453,184382837,0,185627,0
21:36:37:439,120000462,184336043,0,186370,0
21:36:37:639,120000451,184394176,0,185600,0
21:36:37:839,120000444,184340004,0,186379,0
21:36:38:039,120000449,184391232,0,185585,0
21:36:38:239,120000448,184358506,0,186140,0
21:36:38:439,120000462,184318706,0,186409,0
21:36:38:639,120000449,184303121,0,186895,0
21:36:38:839,120000454,184309958,0,186870,0
21:36:39:039,120000460,184339040,0,186214,0
21:36:39:239,120000456,184309565,0,186749,0
21:36:39:439,120000450,184304745,0,186767,0
21:36:39:639,120000451,184299913,0,186895,0
21:36:39:839,120000459,184307604,0,186820,0
21:36:40:039,120000443,184302816,0,187054,0
21:36:40:239,120000441,184359662,0,186213,0
21:36:40:439,120000452,184308933,0,186692,0
21:36:40:639,120000451,184300824,0,186832,0
21:36:40:839,120000442,184343411,0,186041,0
21:36:41:039,120000457,184278726,0,187446,0
21:36:41:239,120000448,184310816,0,186646,0
21:36:41:439,120000456,184366901,0,186029,0
21:36:41:639,120000445,184368074,0,185874,0
21:36:41:839,120000461,184312772,0,186663,0
21:36:42:039,120000457,184279108,0,187445,0
21:36:42:239,120000462,184294022,0,187123,0
21:36:42:439,120000449,184330394,0,186384,0
21:36:42:639,120000445,184389498,0,185660,0
21:36:42:839,120000450,184398821,0,185445,0
21:36:43:039,120000456,184396487,0,185519,0
21:36:43:239,120000461,184397707,0,185644,0
21:36:43:439,120000459,184331644,0,186395,0
21:36:43:639,120000453,184328664,0,186520,0
21:36:44:239,120000438,265141531,401,157,0
21:36:44:239,120000438,265141531,401,157,0
21:36:44:439,120000455,210319779,134,126892,0
21:36:44:639,120000440,184347184,0,186331,0
21:36:44:839,120000453,184390192,0,185640,0
21:36:45:039,120000459,184299329,0,187121,0
21:36:45:239,120000452,184300927,0,187029,0
21:36:45:439,120000475,184331052,0,186029,0
21:36:45:639,120000449,184293555,0,187134,0
21:36:45:839,120000457,184343688,0,186267,0
21:36:46:039,120000443,184394182,0,185553,0
21:36:46:239,120000459,184322372,0,186809,0
21:36:46:439,120000459,184343442,0,186414,0
21:36:46:639,120000443,184395336,0,185646,0
21:36:46:839,120000454,184398362,0,185464,0
21:36:47:039,120000440,184394957,0,185613,0
21:36:47:239,120000442,184400383,0,185418,0
21:36:47:439,120000446,184393051,0,185638,0
21:36:47:639,120000449,184394607,0,185620,0
21:36:47:839,120000456,184373371,0,185847,0
21:36:48:039,120000454,184349924,0,185983,0
21:36:48:239,120000465,184378610,0,185782,0
21:36:48:439,120000459,184396144,0,185587,0
21:36:48:639,120000452,184295724,1,187330,0
21:36:48:839,120000449,184298009,0,186948,0
21:36:49:039,120000457,184308544,0,186731,0
21:36:49:239,120000445,184306946,0,186717,0
21:36:49:439,120000459,184304792,0,187178,0
21:36:49:639,120000457,184395668,0,185629,0
21:36:49:839,120000454,184392398,0,185712,0
21:36:50:039,120000452,184307389,0,187131,0
21:36:50:239,120000445,184391322,0,185696,0
21:36:50:439,120000441,184395618,0,185596,0
21:36:50:639,120000455,184394989,0,185618,0
21:36:50:839,120000461,184390762,0,185625,0
21:36:51:039,120000445,184360812,0,186346,0
21:36:51:239,120000464,184392187,0,185594,0
21:36:51:439,120000466,184333629,0,186598,0
21:36:51:639,120000468,184379714,0,186089,0
21:36:51:839,120000459,184386704,0,185809,0
21:36:52:039,120000451,184397434,0,185605,0
21:36:52:239,120000450,184389827,0,185485,0
21:36:52:439,120000465,184299935,0,186952,0
21:36:52:639,120000458,184291959,0,187126,0
21:36:52:839,120000456,184276993,0,187514,0
21:36:53:039,120000453,184337729,0,186631,0
21:36:53:239,120000445,184398308,0,185464,0
21:36:53:439,120000460,184386335,0,185765,0
21:36:53:639,120000448,184311836,0,187039,0
21:36:53:839,120000453,184388389,0,185691,0
21:36:54:039,120000453,184396290,0,185625,0
21:36:54:239,120000445,184387015,0,185788,0
21:36:54:439,120000442,184349894,0,186081,0
21:36:54:639,120000455,184294133,0,187115,0
21:36:54:839,120000456,184367449,0,185949,0
21:36:55:039,120000442,184394738,0,185653,0
21:36:55:239,120000455,184394872,0,185591,0
21:36:55:439,120000461,184394384,0,185632,0
21:36:55:639,120000450,184350910,0,186373,0
21:36:55:839,120000442,184322536,0,186571,0
21:36:56:039,120000453,184292309,0,187161,0
21:36:56:239,120000464,184291203,0,187134,0
21:36:56:439,120000456,184309468,0,186730,0
21:36:56:639,120000455,184342632,0,186404,0
21:36:56:839,120000475,184399988,0,185457,0
21:36:57:039,120000463,184397362,0,185443,0
21:36:57:239,120000457,184394997,0,185520,0
21:36:57:439,120000459,184399756,0,185509,0
21:36:57:639,120000445,184325402,0,186595,0
21:36:57:839,120000456,184289754,0,187232,0
21:36:58:039,120000464,184281555,0,187569,0
21:36:58:240,120000448,184394248,0,185608,0
21:36:58:440,120000454,184398663,0,185428,0
21:36:58:640,120000454,184398693,0,185431,0
21:36:58:840,120000465,184395751,0,185642,0
21:36:59:040,120000455,184343132,0,186459,0
21:36:59:640,120000466,265134133,403,166,0
21:36:59:640,120000466,265134133,403,166,0
21:36:59:840,120000456,223885585,200,95646,0
21:37:00:040,120000460,184292975,0,187069,0
21:37:00:240,120000454,184274439,0,187624,0
21:37:00:440,120000461,184294427,1,187159,0
21:37:00:640,120000449,184288969,0,187208,0
21:37:00:840,120000475,184355217,0,186280,0
21:37:01:040,120000456,184295037,0,187188,0
21:37:01:240,120000458,184343680,0,186482,0
21:37:01:440,120000453,184311876,1,186580,0
21:37:01:640,120000457,184310906,0,186618,0
21:37:01:840,120000458,184304174,0,186880,0
21:37:02:040,120000457,184306891,0,186727,0
21:37:02:240,120000453,184395871,0,185566,0
21:37:02:440,120000441,184395423,0,185523,0
21:37:02:640,120000450,184328158,0,186236,0
21:37:02:840,120000454,184399864,0,185487,0
21:37:03:040,120000465,184398235,0,185408,0
21:37:03:240,120000466,184400901,0,185488,0
21:37:03:440,120000457,184393735,0,185614,0
21:37:03:640,120000462,184393796,0,185600,0
21:37:03:840,120000455,184389076,0,185847,0
21:37:04:040,120000456,184386416,0,185811,0
21:37:04:240,120000457,184390735,0,185812,0
21:37:04:440,120000445,184387986,0,185760,0
21:37:04:640,120000457,184340346,0,187063,0
21:37:04:840,120000454,184395847,0,185620,0
21:37:05:040,120000448,184392649,0,185643,0
21:37:05:240,120000453,184396956,0,185612,0
21:37:05:440,120000462,184397716,0,185439,0
21:37:05:640,120000448,184394795,0,185610,0
21:37:05:840,120000461,184398978,0,185368,0
21:37:06:040,120000448,184396061,0,185466,0
21:37:06:240,120000461,184398464,0,185480,0
21:37:06:440,120000452,184393916,0,185606,0
21:37:06:640,120000454,184401964,0,185392,0
21:37:06:840,120000451,184397598,0,185467,0
21:37:07:040,120000455,184317691,0,186426,0
21:37:07:240,120000449,184372911,0,185838,0
21:37:07:440,120000462,184392678,0,185616,0
21:37:07:640,120000457,184402751,0,185419,0
21:37:07:840,120000450,184395068,0,185571,0
21:37:08:040,120000450,184395775,0,185521,0
21:37:08:240,120000465,184398896,0,185504,0
21:37:08:440,120000455,184393862,0,185594,0
21:37:08:640,120000450,184399861,0,185511,0
21:37:08:840,120000452,184386440,0,185596,0
21:37:09:040,120000454,184398306,0,185420,0
21:37:09:240,120000453,184396393,0,185627,0
21:37:09:440,120000459,184386332,0,185805,0
21:37:09:640,120000462,184361631,0,186035,0
21:37:09:840,120000454,184293277,0,187100,0
21:37:10:040,120000461,184273395,0,187741,0
21:37:10:240,120000448,184377605,0,186023,0
21:37:10:440,120000456,184351261,0,186312,0
21:37:10:640,120000446,184400812,0,185435,0
21:37:10:840,120000442,184394766,0,185619,0
21:37:11:040,120000452,184398602,0,185598,0
21:37:11:240,120000457,184382737,0,185779,0
21:37:11:440,120000461,184325247,0,186547,0
21:37:11:640,120000465,184301984,0,186930,0
21:37:11:840,120000463,184296961,0,187155,0
21:37:12:040,120000453,184298023,0,186987,0
21:37:12:240,120000457,184285467,0,187363,0
21:37:12:440,120000451,184307758,0,186831,0
21:37:12:640,120000454,184318748,0,186486,0
21:37:12:840,120000455,184312178,0,186932,0
21:37:13:040,120000453,184293254,0,187145,0
21:37:13:240,120000460,184322650,0,186598,0
21:37:13:440,120000439,184396974,0,185403,0
21:37:13:640,120000452,184391050,0,185636,0
21:37:13:840,120000465,184398449,0,185463,0
21:37:14:040,120000465,184325773,0,186810,0
21:37:14:240,120000465,184278516,0,187481,0
21:37:14:440,120000466,184305817,0,186808,0
21:37:15:040,120000459,265141485,401,153,0
21:37:15:040,120000459,265141485,401,153,0
21:37:15:240,120000464,237046028,266,65030,0
21:37:15:640,120000467,184387998,0,185674,0
21:37:15:840,120000457,184342269,0,186238,0
21:37:16:040,120000442,184398069,0,185503,0
21:37:16:240,120000461,184392493,0,185626,0
21:37:16:440,120000474,184360730,0,185902,0
21:37:16:640,120000453,184281612,0,187360,0
21:37:16:840,120000446,184263790,0,187862,0
21:37:17:040,120000458,184351609,0,186057,0
21:37:17:240,120000441,184398461,0,185435,0
21:37:17:440,120000448,184398243,0,185553,0
21:37:17:640,120000461,184394993,0,185592,0
21:37:17:840,120000450,184398794,0,185423,0
21:37:18:040,120000446,184400935,0,185532,0
21:37:18:240,120000460,184386431,0,185789,0
21:37:18:440,120000447,184384536,0,185993,0
21:37:18:640,120000468,184387312,0,185799,0
21:37:18:840,120000454,184388861,0,185826,0
21:37:19:040,120000449,184380195,0,185810,0
21:37:19:240,120000443,184356549,0,186187,0
21:37:19:440,120000450,184393002,0,185633,0
21:37:19:640,120000447,184375373,0,185870,0
21:37:19:840,120000444,184395284,0,185423,0
21:37:20:040,120000444,184342858,0,186440,0
21:37:20:240,120000447,184396492,0,185449,0
21:37:20:440,120000464,184399410,0,185424,0
21:37:20:640,120000446,184393112,0,185598,0
21:37:20:840,120000456,184316264,0,186924,0
21:37:21:040,120000465,184296096,0,187007,0
21:37:21:240,120000462,184301669,0,186825,0
21:37:21:440,120000457,184293645,0,187105,0
21:37:21:640,120000463,184285425,0,187272,0
21:37:21:840,120000456,184311701,0,186928,0
21:37:22:040,120000453,184287699,0,187265,0
21:37:22:240,120000454,184390983,0,185670,0
21:37:22:440,120000449,184392125,0,185696,0
21:37:22:640,120000451,184346393,0,186242,0
21:37:22:840,120000445,184293234,0,187088,0
21:37:23:040,120000457,184291815,0,187096,0
21:37:23:240,120000592,184362742,0,186134,0
21:37:23:440,120000443,184373916,1,185857,0
21:37:23:640,120000442,184313028,0,186903,0
21:37:23:840,120000456,184399848,0,185421,0
21:37:24:040,120000450,184398603,0,185490,0
21:37:24:240,120000457,184397100,0,185573,0
21:37:24:440,120000450,184398668,0,185451,0
21:37:24:640,120000456,184391696,0,185696,0
21:37:24:840,120000452,184402098,0,185422,0
21:37:25:040,120000450,184364162,0,185928,0
21:37:25:240,120000444,184328129,0,186412,0
21:37:25:440,120000444,184291336,0,187124,0
21:37:25:640,120000445,184346072,0,186257,0
21:37:25:840,120000450,184398099,0,185537,0
21:37:26:040,120000451,184399955,0,185447,0
21:37:26:240,120000448,184393892,0,185637,0
21:37:26:440,120000453,184370014,0,185775,0
21:37:26:640,120000465,184358154,0,185966,0
21:37:26:840,120000468,184396755,0,185611,0
21:37:27:040,120000456,184387246,0,185843,0
21:37:27:240,120000452,184401443,0,185434,0
21:37:27:440,120000448,184393395,0,185619,0
21:37:27:640,120000452,184310027,0,186832,0
21:37:27:840,120000451,184293496,1,187135,0
21:37:28:040,120000467,184392195,0,185633,0
21:37:28:240,120000447,184396781,0,185612,0
21:37:28:440,120000461,184395729,0,185565,0
21:37:28:640,120000461,184400163,0,185477,0
21:37:28:840,120000444,184393081,0,185640,0
21:37:29:040,120000452,184387280,0,185796,0
21:37:29:240,120000456,184394426,0,185708,0
21:37:29:440,120000461,184392449,0,185624,0
21:37:29:640,120000446,184398679,0,185403,0
21:37:29:840,120000453,184398869,0,185401,0
21:37:30:040,120000462,184396398,0,185462,0
21:37:30:440,120000475,265134107,404,163,0
21:37:30:640,120000457,250620226,332,33819,0
21:37:30:840,120000440,184299135,0,187156,0
21:37:31:040,120000445,184400232,0,185415,0
21:37:31:240,120000454,184349238,1,186397,0
21:37:31:440,120000452,184354895,2,186119,0
21:37:31:640,120000454,184312316,0,186840,0
21:37:31:840,120000474,184302664,0,187025,0
21:37:32:040,120000442,184282003,0,187362,0
21:37:32:240,120000450,184302046,0,186910,0
21:37:32:440,120000440,184375065,0,186112,0
21:37:32:640,120000452,184385826,0,185833,0
21:37:32:840,120000455,184396331,0,185591,0
21:37:33:040,120000459,184399680,0,185400,0
21:37:33:240,120000457,184393054,0,185643,0
21:37:33:440,120000437,184391978,0,185644,0
21:37:33:640,120000453,184395140,0,185606,0
21:37:33:840,120000453,184396156,0,185394,0
21:37:34:040,120000461,184358946,0,186124,0
21:37:34:240,120000451,184302798,0,186874,0
21:37:34:440,120000444,184398676,0,185444,0
21:37:34:640,120000450,184395779,0,185652,0
21:37:34:840,120000445,184380673,0,185919,0
21:37:35:040,120000464,184346300,0,186463,0
21:37:35:240,120000450,184333939,0,186479,0
21:37:35:440,120000449,184393616,0,185603,0
21:37:35:640,120000447,184293727,0,187139,0
21:37:35:840,120000449,184293591,0,187039,0
21:37:36:040,120000451,184372209,0,185837,0
21:37:36:240,120000449,184393427,0,185606,0
21:37:36:440,120000451,184398882,0,185420,0
21:37:36:640,120000439,184396893,0,185573,0
21:37:36:840,120000460,184398375,0,185429,0
21:37:37:040,120000457,184313445,0,186763,0
21:37:37:240,120000460,184396374,0,185459,0
21:37:37:440,120000455,184398555,0,185514,0
21:37:37:640,120000447,184392306,0,185518,0
21:37:37:840,120000444,184279278,0,187437,0
21:37:38:040,120000452,184377020,0,185837,0
21:37:38:240,120000451,184316487,0,187166,0
21:37:38:440,120000451,184304514,0,186847,0
21:37:38:640,120000457,184305637,0,186697,0
21:37:38:840,120000448,184288128,0,187162,0
21:37:39:040,120000454,184302989,0,186837,0
21:37:39:240,120000461,184370832,0,185833,0
21:37:39:440,120000449,184303835,0,186872,0
21:37:39:640,120000453,184393744,0,185588,0
21:37:39:840,120000454,184379577,0,185709,0
21:37:40:040,120000456,184387174,0,185677,0
21:37:40:240,120000461,184310852,0,186590,0
21:37:40:440,120000450,184330175,0,186145,0
21:37:40:640,120000450,184284098,0,187342,0
21:37:40:840,120000465,184311635,0,186900,0
21:37:41:040,120000469,184376388,0,185577,0
21:37:41:240,120000454,184282326,0,187353,0
21:37:41:440,120000446,184295381,0,187092,0
21:37:41:640,120000460,184392890,0,185468,0
21:37:41:840,120000457,184396599,0,185606,0
21:37:42:040,120000461,184398993,0,185438,0
21:37:42:240,120000458,184390093,0,185517,0
21:37:42:440,120000454,184295861,0,187076,0
21:37:42:640,120000459,184294039,0,187274,0
21:37:42:840,120000443,184398486,0,185550,0
21:37:43:040,120000441,184393828,0,185614,0
21:37:43:240,120000450,184398454,0,185412,0
21:37:43:440,120000456,184397936,0,185603,0
21:37:43:640,120000449,184397836,0,185429,0
21:37:43:840,120000447,184395740,0,185616,0
21:37:44:040,120000448,184376893,0,185708,0
21:37:44:240,120000454,184303533,0,186799,0
21:37:44:440,120000453,184314004,0,186710,0
21:37:44:640,120000453,184305617,0,187091,0
21:37:44:840,120000457,184309237,0,186899,0
21:37:45:040,120000446,184377513,0,185676,0
21:37:45:240,120000449,184394207,0,185556,0
21:37:45:440,120000445,184398635,0,185411,0
21:37:45:840,120000476,265141085,402,169,0
21:37:46:040,120000465,264174516,400,2333,0
21:37:46:240,120000440,184335932,0,186464,0
21:37:46:440,120000454,184328673,0,186516,0
21:37:46:640,120000451,184306144,0,186835,0
21:37:46:840,120000462,184298161,0,186979,0
21:37:47:040,120000454,184302664,0,187045,0
21:37:47:240,120000473,184399885,0,185404,0
21:37:47:440,120000446,184397072,0,185404,0
21:37:47:640,120000458,184369566,0,185886,0
21:37:47:840,120000457,184394863,0,185634,0
21:37:48:040,120000450,184399475,0,185397,0
21:37:48:240,120000453,184395823,0,185637,0
21:37:48:440,120000454,184375730,0,185899,0
21:37:48:640,120000453,184352382,0,186302,0
21:37:48:840,120000465,184368816,0,186192,0
21:37:49:040,120000462,184379278,0,185708,0
21:37:49:240,120000456,184397968,0,185536,0
21:37:49:440,120000446,184325641,0,186456,0
21:37:49:640,120000459,184306084,0,186732,0
21:37:49:840,120000454,184293435,0,187138,0
21:37:50:040,120000453,184279069,0,187497,0
21:37:50:240,120000462,184393115,0,185635,0
21:37:50:440,120000441,184393091,0,185632,0
21:37:50:640,120000453,184392083,0,185634,0
21:37:50:840,120000501,184318148,1,187296,0
21:37:51:040,120000454,184353612,0,186339,0
21:37:51:240,120000462,184394297,0,185626,0
21:37:51:440,120000449,184399888,0,185416,0
21:37:51:640,120000445,184395070,0,185632,0
21:37:51:840,120000449,184398734,0,185422,0
21:37:52:040,120000454,184397423,0,185499,0
21:37:52:240,120000456,184401027,0,185514,0
21:37:52:440,120000451,184354736,0,186864,0
21:37:52:640,120000440,184396811,0,185630,0
21:37:52:840,120000458,184372404,0,185893,0
21:37:53:040,120000438,184295506,0,187000,0
21:37:53:240,120000455,184352934,0,186058,0
21:37:53:440,120000454,184398608,0,185441,0
21:37:53:640,120000459,184395480,0,185609,0
21:37:53:840,120000441,184387532,0,185677,0
21:37:54:040,120000453,184347147,0,186265,0
21:37:54:240,120000453,184315790,0,186684,0
21:37:54:440,120000454,184285220,0,187247,0
21:37:54:640,120000456,184297182,0,187026,0
21:37:54:840,120000458,184282575,0,187383,0
21:37:55:040,120000460,184295148,0,187203,0
21:37:55:240,120000455,184390720,0,185639,0
21:37:55:440,120000462,184348373,0,186244,0
21:37:55:640,120000449,184348065,0,186407,0
21:37:55:840,120000463,184375380,0,185972,0
21:37:56:040,120000449,184310651,0,186674,0
21:37:56:240,120000441,184277819,0,187539,0
21:37:56:440,120000445,184284472,0,187340,0
21:37:56:640,120000461,184309328,0,186800,0
21:37:56:840,120000468,184311913,0,186635,0
21:37:57:040,120000456,184294470,0,187094,0
21:37:57:240,120000454,184274008,0,187657,0
21:37:57:440,120000450,184330769,0,186788,0
21:37:57:640,120000446,184398870,0,185480,0
21:37:57:840,120000460,184393114,0,185635,0
21:37:58:040,120000448,184395635,0,185629,0
21:37:58:240,120000456,184391365,0,185605,0
21:37:58:440,120000446,184395473,0,185633,0
21:37:58:640,120000442,184389169,0,185810,0
21:37:58:840,120000461,184387956,0,185812,0
21:37:59:040,120000446,184398670,0,185407,0
21:37:59:240,120000457,184298797,0,187166,0
21:37:59:440,120000446,184302273,0,186937,0
21:37:59:640,120000458,184293026,0,187031,0
21:37:59:840,120000449,184275583,0,187607,0
21:38:00:040,120000454,184294688,0,187088,0
21:38:00:240,120000459,184301779,0,186871,0
21:38:00:440,120000452,184297541,0,187016,0
21:38:00:640,120000449,184274956,0,187587,0
21:38:00:840,120000457,184301003,0,186875,0
21:38:01:440,120000465,265141714,401,153,0
21:38:01:440,120000465,265141714,401,153,0
21:38:01:640,120000475,196895266,68,157904,0
21:38:01:840,120000458,184302946,0,186810,0
21:38:02:040,120000441,184371037,0,185681,0
21:38:02:240,120000452,184295262,0,186994,0
21:38:02:440,120000458,184344973,0,186237,0
21:38:02:640,120000458,184296624,0,187127,0
21:38:02:840,120000454,184397504,0,185440,0
21:38:03:040,120000457,184400535,0,185460,0
21:38:03:240,120000454,184318529,1,186660,0
21:38:03:440,120000449,184400970,0,185447,0
21:38:03:640,120000457,184361639,0,186018,0
21:38:03:840,120000445,184289024,1,187296,0
21:38:04:040,120000450,184298887,0,186909,0
21:38:04:240,120000465,184341122,0,186343,0
21:38:04:440,120000461,184401295,0,185450,0
21:38:04:640,120000450,184392399,0,185606,0
21:38:04:840,120000454,184400326,0,185494,0
21:38:05:040,120000457,184395584,0,185595,0
21:38:05:240,120000454,184302359,0,187140,0
21:38:05:440,120000461,184352327,0,186337,0
21:38:05:640,120000457,184391836,0,185672,0
21:38:05:840,120000446,184390866,0,185571,0
21:38:06:040,120000453,184399850,0,185466,0
21:38:06:240,120000461,184391565,0,185629,0
21:38:06:440,120000457,184393836,0,185611,0
21:38:06:640,120000458,184392291,0,185617,0
21:38:06:840,120000461,184393321,0,185639,0
21:38:07:040,120000440,184391806,0,185613,0
21:38:07:240,120000445,184285977,0,187271,0
21:38:07:440,120000453,184308327,0,186717,0
21:38:07:640,120000461,184301837,0,186845,0
21:38:07:840,120000457,184301977,0,186856,0
21:38:08:040,120000461,184304708,0,186744,0
21:38:08:240,120000449,184379815,0,185924,0
21:38:08:440,120000452,184313066,1,186510,0
21:38:08:640,120000456,184277791,0,187497,0
21:38:08:840,120000459,184307412,0,186913,0
21:38:09:040,120000451,184299242,0,187026,0
21:38:09:240,120000445,184304002,0,187157,0
21:38:09:440,120000447,184298317,0,187088,0
21:38:09:640,120000437,184343279,0,186118,0
21:38:09:840,120000452,184343275,0,186421,0
21:38:10:040,120000465,184384293,0,185813,0
21:38:10:240,120000449,184400785,0,185403,0
21:38:10:440,120000450,184395572,0,185553,0
21:38:10:640,120000460,184321474,0,186606,0
21:38:10:840,120000442,184359131,0,186228,0
21:38:11:040,120000450,184360412,0,186079,0
21:38:11:240,120000457,184401280,0,185453,0
21:38:11:440,120000448,184392965,0,185599,0
21:38:11:640,120000460,184367362,0,185701,0
21:38:11:840,120000458,184323979,0,186478,0
21:38:12:040,120000462,184336386,0,186455,0
21:38:12:240,120000457,184390298,0,185820,0
21:38:12:440,120000454,184398715,0,185412,0
21:38:12:640,120000459,184395523,0,185621,0
21:38:12:840,120000451,184390460,0,185696,0
21:38:13:040,120000456,184393050,0,185615,0
21:38:13:240,120000442,184335227,0,186725,0
21:38:13:440,120000452,184385406,0,185647,0
21:38:13:640,120000446,184361907,0,186178,0
21:38:13:840,120000445,184393028,0,185606,0
21:38:14:040,120000458,184379122,0,185960,0
21:38:14:240,120000452,184400661,0,185429,0
21:38:14:440,120000452,184396149,0,185509,0
21:38:14:640,120000453,184401201,0,185450,0
21:38:14:840,120000452,184378431,0,185881,0
21:38:15:040,120000467,184293071,0,187184,0
21:38:15:240,120000453,184315953,0,186929,0
21:38:15:440,120000447,184396652,0,185399,0
21:38:15:640,120000456,184401011,0,185442,0
21:38:15:840,120000462,184391805,0,185510,0
21:38:16:040,120000454,184300041,0,186898,0
21:38:16:240,120000445,184295097,0,187125,0
21:38:16:440,120000468,209198669,597,33351,0
21:38:16:640,120000465,214802538,598,16933,0
21:38:16:840,120000440,214801816,601,16949,0
21:38:17:040,120000452,214802574,598,16940,0
21:38:17:240,120000467,214801417,603,16951,0
21:38:17:440,120000456,214800158,601,16947,0
21:38:17:640,120000450,214804565,598,16939,0
21:38:17:840,120000455,214799719,602,16942,0
21:38:18:040,120000464,214804328,598,16939,0
21:38:18:240,120000439,214800327,601,16937,0
21:38:18:440,120000458,214801806,601,16936,0
21:38:18:640,120000452,214803072,598,16937,0
21:38:18:840,120000451,214802006,601,16937,0
21:38:19:040,120000435,214802515,598,16938,0
21:38:19:240,120000445,214802193,601,16936,0
21:38:19:440,120000443,214799933,601,16941,0
21:38:19:640,120000460,214804650,598,16943,0
21:38:19:840,120000447,214800275,601,16934,0
21:38:20:040,120000442,214804465,598,16941,0
21:38:20:240,120000434,214799966,601,16936,0
21:38:20:440,120000450,214801568,601,16937,0
21:38:20:640,120000445,214802902,598,16946,0
21:38:20:840,120000441,214801590,602,16933,0
21:38:21:040,120000444,214802702,598,16946,0
21:38:21:240,120000455,214801677,603,16939,0
21:38:21:440,120000437,214802840,598,16941,0
21:38:21:640,120000437,214801308,602,16942,0
21:38:21:840,120000434,214800688,601,16933,0
21:38:22:040,120000447,214804398,598,16933,0
21:38:22:240,120000452,214799845,603,16937,0
21:38:22:440,120000433,214804987,599,16932,0
21:38:22:640,120000450,214799772,601,16944,0
21:38:22:840,120000453,214801416,601,16937,0
21:38:23:040,120000448,214803027,598,16952,0
21:38:23:240,120000450,214801627,601,16940,0
21:38:23:440,120000443,214803222,598,16944,0
21:38:23:640,120000449,214801971,602,16941,0
21:38:23:840,120000432,214800192,601,16934,0
21:38:24:040,120000437,214804503,598,16939,0
21:38:24:240,120000436,214800415,601,16945,0
21:38:24:440,120000460,214804957,598,16943,0
21:38:24:640,120000446,214799447,601,16944,0
21:38:24:840,120000451,214801159,601,16933,0
21:38:25:040,120000442,214803047,598,16946,0
21:38:25:240,120000437,214801731,601,16936,0
21:38:25:440,120000428,214803641,598,16938,0
21:38:25:640,120000440,214801390,601,16940,0
21:38:25:840,120000456,214803241,598,16933,0
21:38:26:040,120000447,214802108,601,16938,0
21:38:26:240,120000441,214800074,601,16935,0
21:38:26:440,120000439,214804604,598,16934,0
21:38:26:640,120000435,214799394,601,16944,0
21:38:26:840,120000462,214804539,598,16939,0
21:38:27:040,120000444,214800542,601,16941,0
21:38:27:240,120000470,214801418,601,16941,0
21:38:27:440,120000451,214802978,598,16936,0
21:38:27:640,120000443,214801450,601,16936,0
21:38:27:840,120000451,214802871,598,16945,0
21:38:28:040,120000455,214801228,601,16940,0
21:38:28:240,120000449,214800973,601,16938,0
21:38:28:440,120000436,214804369,598,16944,0
21:38:28:640,120000450,214800156,601,16938,0
21:38:28:840,120000455,214804527,598,16943,0
21:38:29:040,120000444,214800616,601,16937,0
21:38:29:240,120000445,214801333,601,16942,0
21:38:29:440,120000440,214803390,598,16940,0
21:38:29:640,120000447,214801474,601,16939,0
21:38:29:840,120000458,214803533,598,16938,0
21:38:30:040,120000445,214801909,601,16939,0
21:38:30:240,120000456,214803106,598,16935,0
21:38:30:440,120000455,214802473,601,16937,0
21:38:30:640,120000453,214800339,601,16944,0
21:38:30:840,120000445,214804917,598,16935,0
21:38:31:040,120000444,214800473,601,16932,0
21:38:32:040,120000470,265134465,403,166,0
21:38:32:040,120000470,265134465,403,166,0
21:38:32:040,120000470,265134465,403,166,0
21:38:32:040,120000470,265134465,403,166,0
21:38:32:240,120000450,216755016,600,16291,0
21:38:32:440,120000440,214800876,601,16940,0
21:38:32:640,120000449,214800648,601,16943,0
21:38:32:840,120000452,214804255,598,16941,0
21:38:33:040,120000458,214801259,601,16937,0
21:38:33:240,120000450,214803704,598,16939,0
21:38:33:440,120000447,214801115,601,16943,0
21:38:33:640,120000454,214803379,598,16943,0
21:38:33:840,120000461,214801540,601,16938,0
21:38:34:040,120000450,214800442,601,16939,0
21:38:34:240,120000444,214804414,598,16935,0
21:38:34:440,120000448,214800660,601,16934,0
21:38:34:640,120000456,214804626,598,16936,0
21:38:34:840,120000448,214800287,601,16943,0
21:38:35:040,120000449,214801641,601,16941,0
21:38:35:240,120000455,214803546,598,16938,0
21:38:35:440,120000456,214801771,601,16937,0
21:38:35:640,120000445,214803502,598,16933,0
21:38:35:840,120000450,214802104,601,16933,0
21:38:36:040,120000458,214800599,601,16936,0
21:38:36:240,120000447,214805137,598,16943,0
21:38:36:440,120000454,214800304,601,16936,0
21:38:36:640,120000439,214804862,598,16943,0
21:38:36:840,120000451,214799874,601,16935,0
21:38:37:040,120000459,214800991,601,16940,0
21:38:37:240,120000447,214803086,598,16939,0
21:38:37:440,120000452,214801583,601,16937,0
21:38:37:640,120000451,214802715,598,16931,0
21:38:37:840,120000451,214802293,601,16936,0
21:38:38:040,120000450,214803096,598,16944,0
21:38:38:240,120000450,214801972,601,16944,0
21:38:38:440,120000458,214800270,601,16931,0
21:38:38:640,120000465,214804804,598,16936,0
21:38:38:840,120000454,214800208,601,16930,0
21:38:39:040,120000444,214804691,598,16941,0
21:38:39:240,120000451,214800184,601,16933,0
21:38:39:440,120000457,214801997,601,16934,0
21:38:39:640,120000446,214802892,598,16936,0
21:38:39:840,120000462,214802077,601,16939,0
21:38:40:040,120000451,214802919,598,16934,0
21:38:40:240,120000456,214802059,601,16943,0
21:38:40:440,120000453,214800507,601,16935,0
21:38:40:640,120000443,214804064,598,16939,0
21:38:40:840,120000457,214799843,601,16938,0
21:38:41:040,120000457,214805172,598,16944,0
21:38:41:240,120000461,214799938,601,16940,0
21:38:41:440,120000465,214801830,601,16933,0
21:38:41:640,120000457,214802434,598,16939,0
21:38:41:840,120000463,214801979,601,16933,0
21:38:42:040,120000441,214802564,598,16935,0
21:38:42:240,120000457,214802499,601,16934,0
21:38:42:440,120000437,214802774,598,16934,0
21:38:42:640,120000449,214802019,601,16937,0
21:38:42:840,120000436,214800270,601,16937,0
21:38:43:040,120000447,214804635,598,16943,0
21:38:43:240,120000454,214800285,601,16934,0
21:38:43:440,120000450,214805095,598,16935,0
21:38:43:640,120000451,214799967,601,16931,0
21:38:43:840,120000450,214802153,601,16943,0
21:38:44:040,120000444,214802932,598,16933,0
21:38:44:240,120000436,214802418,601,16934,0
21:38:44:440,120000452,214801904,598,16941,0
21:38:44:640,120000456,214802434,601,16942,0
21:38:44:840,120000461,214800177,601,16935,0
21:38:45:040,120000465,214804452,598,16938,0
21:38:45:240,120000462,214800177,601,16936,0
21:38:45:440,120000453,214804712,598,16944,0
21:38:45:640,120000453,214800224,601,16930,0
21:38:45:840,120000443,214801758,601,16936,0
21:38:46:040,120000454,214802426,598,16939,0
21:38:46:240,120000448,214802096,601,16945,0
21:38:46:440,120000464,214802647,598,16944,0
21:38:46:640,120000457,214801764,601,16940,0
21:38:46:840,120000445,214803111,598,16939,0
21:38:47:440,120000468,265141682,401,162,0
21:38:47:440,120000468,265141682,401,162,0
21:38:47:640,120000458,251182071,466,4806,0
21:38:47:840,120000456,214804846,598,16940,0
21:38:48:240,120000463,214801916,601,16933,0
21:38:48:440,120000437,214802435,598,16934,0
21:38:48:640,120000447,214802130,601,16932,0
21:38:48:840,120000458,214802696,598,16940,0
21:38:49:040,120000461,214802280,601,16942,0
21:38:49:240,120000453,214799911,601,16933,0
21:38:49:440,120000444,214804364,598,16939,0
21:38:49:640,120000438,214799926,601,16934,0
21:38:49:840,120000454,214805031,598,16944,0
21:38:50:040,120000451,214800554,601,16936,0
21:38:50:240,120000448,214803031,600,16944,0
21:38:50:440,120000447,214801737,601,16932,0
21:38:50:640,120000451,214801973,601,16941,0
21:38:50:840,120000464,214802426,598,16936,0
21:38:51:040,120000453,214802234,601,16932,0
21:38:51:240,120000456,214802765,598,16937,0
21:38:51:440,120000465,214801805,601,16949,0
21:38:51:640,120000452,214800123,601,16938,0
21:38:51:840,120000446,214805025,598,16943,0
21:38:52:040,120000461,214799825,601,16938,0
21:38:52:240,120000453,214804267,598,16939,0
21:38:52:440,120000430,214800238,601,16936,0
21:38:52:640,120000440,214802103,601,16942,0
21:38:52:840,120000444,214803062,598,16935,0
21:38:53:040,120000446,214801950,601,16941,0
21:38:53:240,120000450,214802392,598,16941,0
21:38:53:440,120000432,214801949,601,16939,0
21:38:53:640,120000446,214800475,601,16932,0
21:38:53:840,120000435,214804520,598,16941,0
21:38:54:040,120000447,214799656,601,16930,0
21:38:54:240,120000443,214804603,598,16942,0
21:38:54:440,120000444,214799739,601,16934,0
21:38:54:640,120000451,214804367,598,16943,0
21:38:54:840,120000442,214800069,602,16931,0
21:38:55:040,120000450,214802018,601,16943,0
21:38:55:240,120000450,214802640,598,16939,0
21:38:55:440,120000449,214802207,601,16934,0
21:38:55:640,120000450,214802711,598,16931,0
21:38:55:840,120000443,214802031,601,16940,0
21:38:56:040,120000441,214800483,601,16938,0
21:38:56:240,120000441,214804867,598,16939,0
21:38:56:440,120000441,214799956,601,16939,0
21:38:56:640,120000454,214804925,598,16933,0
21:38:56:840,120000439,214799807,601,16935,0
21:38:57:040,120000439,214802149,601,16935,0
21:38:57:240,120000441,214802931,598,16941,0
21:38:57:440,120000442,214802257,601,16944,0
21:38:57:640,120000446,214802923,598,16940,0
21:38:57:840,120000440,214801336,601,16944,0
21:38:58:040,120000441,214799447,601,16936,0
21:38:58:240,120000444,214804849,598,16934,0
21:38:58:440,120000433,214799902,601,16938,0
21:38:58:640,120000434,214805097,598,16937,0
21:38:58:840,120000447,214800004,601,16942,0
21:38:59:040,120000442,214804950,598,16943,0
21:38:59:240,120000434,214800049,601,16937,0
21:38:59:440,120000431,214802014,601,16945,0
21:38:59:640,120000437,214802505,598,16942,0
21:38:59:840,120000434,214801969,601,16944,0
21:39:00:040,120000442,214802921,598,16941,0
21:39:00:240,120000451,214802258,601,16938,0
21:39:00:440,120000452,214799977,601,16939,0
21:39:00:640,120000449,214804537,598,16941,0
21:39:00:840,120000450,214799807,601,16939,0
21:39:01:040,120000443,214804612,598,16941,0
21:39:01:240,120000451,214800638,601,16932,0
21:39:01:440,120000447,214801848,601,16945,0
21:39:01:640,120000438,214803116,598,16938,0
21:39:01:840,120000448,214801971,601,16928,0
21:39:02:040,120000458,214802989,598,16936,0
21:39:02:240,120000452,214801790,601,16939,0
21:39:02:440,120000450,214799741,601,16942,0
21:39:02:840,120000463,265133671,404,159,0
21:39:03:040,120000449,257628027,438,2659,0
21:39:03:240,120000443,214800863,601,16940,0
21:39:03:440,120000448,214803426,598,16934,0
21:39:03:640,120000446,214801526,601,16938,0
21:39:03:840,120000456,214801022,601,16936,0
21:39:04:040,120000450,214803570,598,16940,0
21:39:04:240,120000459,214800935,601,16935,0
21:39:04:440,120000451,214803981,598,16941,0
21:39:04:640,120000450,214800298,601,16939,0
21:39:04:840,120000464,214800635,601,16932,0
21:39:05:040,120000440,214804320,598,16941,0
21:39:05:240,120000460,214800800,601,16937,0
21:39:05:440,120000454,214803594,598,16938,0
21:39:05:640,120000457,214801156,601,16938,0
21:39:05:840,120000447,214801281,601,16938,0
21:39:06:040,120000457,214803817,598,16941,0
21:39:06:240,120000462,214800760,601,16941,0
21:39:06:440,120000440,214804106,598,16942,0
21:39:06:640,120000457,214800304,601,16938,0
21:39:06:840,120000451,214800369,601,16936,0
21:39:07:040,120000442,214803688,598,16945,0
21:39:07:240,120000452,214801157,601,16941,0
21:39:07:440,120000450,214804071,598,16937,0
21:39:07:640,120000452,214801484,601,16942,0
21:39:07:840,120000451,214803428,598,16946,0
21:39:08:040,120000461,214801720,601,16938,0
21:39:08:240,120000462,214800699,601,16943,0
21:39:08:440,120000460,214804196,598,16935,0
21:39:08:640,120000458,214800506,601,16938,0
21:39:08:840,120000448,214804322,598,16945,0
21:39:09:040,120000453,214800406,601,16933,0
21:39:09:240,120000448,214800782,601,16941,0
21:39:09:440,120000449,214803390,598,16941,0
21:39:09:640,120000461,214801424,601,16937,0
21:39:09:840,120000449,214803644,598,16937,0
21:39:10:040,120000455,214801170,601,16935,0
21:39:10:240,120000445,214801179,601,16934,0
21:39:10:440,120000449,214804151,598,16928,0
21:39:10:640,120000461,214800759,601,16940,0
21:39:10:840,120000460,214804338,598,16940,0
21:39:11:040,120000453,214799880,601,16941,0
21:39:11:240,120000764,214803652,599,16941,0
21:39:11:440,120000454,214801225,603,16938,0
21:39:11:640,120000507,214801023,601,16937,0
21:39:11:840,120000453,214803815,598,16931,0
21:39:12:040,120000512,214800555,601,16940,0
21:39:12:240,120000438,214803526,598,16939,0
21:39:12:440,120000445,214801154,601,16941,0
21:39:12:640,120000448,214801226,601,16937,0
21:39:12:840,120000444,214804087,598,16935,0
21:39:13:040,120000448,214800968,601,16930,0
21:39:13:240,120000458,214804203,598,16939,0
21:39:13:440,120000445,214800311,601,16942,0
21:39:13:640,120000449,214800816,601,16931,0
21:39:13:840,120000432,214803864,598,16934,0
21:39:14:040,120000445,214801454,601,16936,0
21:39:14:240,120000448,214803463,598,16942,0
21:39:14:440,120000450,214801658,601,16935,0
21:39:14:640,120000451,214800378,601,16935,0
21:39:14:840,120000453,214803950,598,16937,0
21:39:15:040,120000448,214800557,601,16940,0
21:39:15:240,120000450,214804222,599,16939,0
21:39:15:440,120000448,214800285,601,16942,0
21:39:15:640,120000452,214804189,598,16937,0
21:39:15:840,120000452,214800592,601,16941,0
21:39:16:040,120000455,214801046,601,16934,0
21:39:16:240,120000455,214803703,598,16935,0
21:39:16:440,120000453,214801075,601,16942,0
21:39:16:640,120000435,214803837,598,16931,0
21:39:16:840,120000447,214801755,601,16940,0
21:39:17:040,120000450,214800517,601,16939,0
21:39:17:240,120000451,214803601,598,16936,0
21:39:17:440,120000447,214800863,601,16933,0
21:39:17:640,120000446,214804185,598,16942,0
21:39:17:840,120000441,214800151,601,16936,0
21:39:18:440,120000444,265134125,403,162,0
21:39:18:440,120000444,265134125,403,162,0
21:39:18:640,120000455,215749661,604,16615,0
21:39:18:840,120000455,214800542,609,16938,0
21:39:19:040,120000455,214798553,617,16941,0
21:39:19:240,120000455,214804453,603,16944,0
21:39:19:440,120000458,214799590,606,16945,0
21:39:19:640,120000463,214803534,610,16948,0
21:39:19:840,120000449,214797915,617,16944,0
21:39:20:040,120000464,214803676,608,16953,0
21:39:20:240,120000449,214797746,613,16952,0
21:39:20:440,120000439,214799169,610,16947,0
21:39:20:640,120000445,214802806,610,16942,0
21:39:20:840,120000447,214800285,601,16937,0
21:39:21:040,120000448,214804244,598,16938,0
21:39:21:240,120000455,214800934,601,16937,0
21:39:21:440,120000474,214801818,601,16946,0
21:39:21:640,120000436,214803816,598,16939,0
21:39:21:840,120000454,214800897,601,16937,0
21:39:22:040,120000458,214804084,598,16934,0
21:39:22:240,120000452,214800411,601,16940,0
21:39:22:440,120000433,214800431,601,16937,0
21:39:22:640,120000447,214804012,598,16941,0
21:39:22:840,120000450,214800172,601,16937,0
21:39:23:040,120000440,214804425,598,16943,0
21:39:23:240,120000457,214800481,601,16940,0
21:39:23:440,120000442,214801699,600,16941,0
21:39:23:640,120000452,214803785,600,16936,0
21:39:23:840,120000448,214801178,601,16944,0
21:39:24:040,120000445,214802948,598,16936,0
21:39:24:240,120000436,214801127,601,16931,0
21:39:24:440,120000438,214803601,598,16935,0
21:39:24:640,120000444,214801379,601,16937,0
21:39:24:840,120000444,214800732,601,16936,0
21:39:25:040,120000451,214804272,598,16943,0
21:39:25:240,120000447,214800318,601,16944,0
21:39:25:440,120000451,214804116,598,16933,0
21:39:25:640,120000441,214800855,601,16931,0
21:39:25:840,120000451,214801462,601,16943,0
21:39:26:040,120000447,214803274,598,16935,0
21:39:26:240,120000454,214801691,601,16938,0
21:39:26:440,120000450,214803236,598,16943,0
21:39:26:640,120000435,214801382,601,16940,0
21:39:26:840,120000447,214800391,601,16930,0
21:39:27:040,120000438,214804236,598,16942,0
21:39:27:240,120000438,214800915,601,16934,0
21:39:27:440,120000450,214804273,598,16940,0
21:39:27:640,120000447,214800586,601,16937,0
21:39:27:840,120000454,214803862,598,16945,0
21:39:28:040,120000447,214800873,602,16935,0
21:39:28:240,120000446,214801210,601,16942,0
21:39:28:440,120000451,214803755,598,16940,0
21:39:28:640,120000440,214801512,601,16941,0
21:39:28:840,120000447,214803828,598,16934,0
21:39:29:040,120000455,214800495,601,16940,0
21:39:29:240,120000453,214800063,601,16932,0
21:39:29:440,120000440,214803970,598,16937,0
21:39:29:640,120000454,214799471,601,16944,0
21:39:29:840,120000442,214804631,598,16936,0
21:39:30:040,120000437,214800218,601,16943,0
21:39:30:240,120000448,214801689,601,16947,0
21:39:30:440,120000443,214803363,598,16944,0
21:39:30:640,120000441,214801490,601,16929,0
21:39:30:840,120000431,214803185,598,16940,0
21:39:31:040,120000444,214801396,601,16931,0
21:39:31:240,120000441,214800443,601,16934,0
21:39:31:440,120000454,214804975,598,16933,0
21:39:31:640,120000450,214800683,601,16935,0
21:39:31:840,120000435,214803620,598,16943,0
21:39:32:040,120000445,214801108,601,16936,0
21:39:32:240,120000440,214803972,598,16934,0
21:39:32:440,120000441,214800681,601,16936,0
21:39:32:640,120000447,214801235,601,16943,0
21:39:32:840,120000455,214804042,598,16936,0
21:39:33:040,120000455,214800910,601,16939,0
21:39:33:240,120000453,214803559,598,16939,0
21:39:33:840,120000443,265141635,401,145,0
21:39:33:840,120000443,265141635,401,145,0
21:39:34:040,120000457,223953577,574,13889,0
21:39:34:240,120000450,214803817,598,16941,0
21:39:34:440,120000447,214800822,601,16934,0
21:39:34:640,120000446,214800385,602,16933,0
21:39:34:840,120000443,214804279,598,16938,0
21:39:35:040,120000464,214800837,601,16940,0
21:39:35:240,120000445,214803722,598,16942,0
21:39:35:440,120000439,214800410,601,16950,0
21:39:35:640,120000446,214801473,601,16943,0
21:39:35:840,120000458,214803377,598,16941,0
21:39:36:040,120000433,214801246,601,16936,0
21:39:36:240,120000448,214803892,598,16938,0
21:39:36:440,120000448,214801216,601,16941,0
21:39:36:640,120000458,214803604,598,16941,0
21:39:36:840,120000453,214800818,601,16934,0
21:39:37:040,120000450,214800405,601,16935,0
21:39:37:240,120000443,214804093,598,16939,0
21:39:37:440,120000449,214799493,601,16958,0
21:39:37:640,120000448,214804456,598,16940,0
21:39:37:840,120000439,214800801,601,16937,0
21:39:38:040,120000439,214801496,601,16948,0
21:39:38:240,120000457,214803349,599,16934,0
21:39:38:440,120000445,214801400,601,16943,0
21:39:38:640,120000441,214803814,598,16936,0
21:39:38:840,120000454,214801074,601,16938,0
21:39:39:040,120000453,214800743,601,16931,0
21:39:39:240,120000448,214804521,598,16929,0
21:39:39:440,120000442,214801225,601,16933,0
21:39:39:640,120000447,214803985,599,16936,0
21:39:39:840,120000455,214800739,601,16944,0
21:39:40:040,120000450,214801901,601,16930,0
21:39:40:240,120000443,214803854,598,16939,0
21:39:40:440,120000454,214801167,601,16938,0
21:39:40:640,120000442,214804699,598,16943,0
21:39:40:840,120000436,214800843,601,16930,0
21:39:41:040,120000441,214804737,598,16937,0
21:39:41:240,120000439,214800488,601,16934,0
21:39:41:440,120000446,214801239,601,16936,0
21:39:41:640,120000454,214802887,598,16942,0
21:39:41:840,120000450,214801278,601,16938,0
21:39:42:040,120000451,214803560,598,16938,0
21:39:42:240,120000450,214801355,601,16942,0
21:39:42:440,120000438,214800363,601,16944,0
21:39:42:640,120000442,214804314,598,16935,0
21:39:42:840,120000440,214800734,601,16932,0
21:39:43:040,120000438,214805056,598,16940,0
21:39:43:240,120000442,214799939,601,16944,0
21:39:43:440,120000435,214801603,601,16937,0
21:39:43:640,120000442,214803861,598,16943,0
21:39:43:840,120000449,214801672,601,16937,0
21:39:44:040,120000448,214802902,598,16938,0
21:39:44:240,120000450,214801593,601,16934,0
21:39:44:440,120000432,214800928,599,16941,0
21:39:44:640,120000443,214803296,602,16933,0
21:39:44:840,120000448,214800744,601,16940,0
21:39:45:040,120000435,214804420,598,16938,0
21:39:45:240,120000434,214799968,601,16942,0
21:39:45:440,120000434,214805042,598,16933,0
21:39:45:640,120000444,214800076,601,16930,0
21:39:45:840,120000433,214801559,601,16940,0
21:39:46:040,120000450,214803129,598,16940,0
21:39:46:240,120000453,214801820,601,16937,0
21:39:46:440,120000437,214803267,598,16941,0
21:39:46:640,120000449,214801850,601,16942,0
21:39:46:840,120000451,214800159,601,16939,0
21:39:47:040,120000458,214805117,598,16942,0
21:39:47:240,120000439,214799531,601,16942,0
21:39:47:440,120000456,214804509,598,16944,0
21:39:47:640,120000445,214799831,601,16937,0
21:39:47:840,120000446,214801353,601,16944,0
21:39:48:040,120000435,214803143,598,16936,0
21:39:48:240,120000447,214801083,601,16935,0
21:39:48:440,120000453,214803335,598,16943,0
21:39:48:640,120000442,214801833,601,16938,0
21:39:49:240,120000448,265134280,403,157,0
21:39:49:240,120000448,265134280,403,157,0
21:39:49:440,120000458,232416198,538,11057,0
21:39:49:640,120000453,214799902,601,16938,0
21:39:49:840,120000435,214804357,598,16932,0
21:39:50:040,120000454,214800039,601,16937,0
21:39:50:240,120000438,214801711,601,16942,0
21:39:50:440,120000448,214802581,598,16935,0
21:39:50:640,120000454,214801902,601,16940,0
21:39:50:840,120000493,214802666,598,16941,0
21:39:51:040,120000461,214802169,601,16935,0
21:39:51:240,120000443,214799631,601,16941,0
21:39:51:440,120000438,214804546,598,16938,0
21:39:51:640,120000447,214800128,601,16937,0
21:39:51:840,120000439,214804848,598,16941,0
21:39:52:040,120000434,214800192,601,16936,0
21:39:52:240,120000442,214802154,601,16943,0
21:39:52:440,120000446,214802013,598,16942,0
21:39:52:640,120000451,214802183,601,16943,0
21:39:52:840,120000442,214802512,598,16947,0
21:39:53:040,120000447,214801803,601,16938,0
21:39:53:240,120000442,214802153,598,16936,0
21:39:53:440,120000442,214802481,601,16934,0
21:39:53:640,120000443,214799913,601,16935,0
21:39:53:840,120000454,214804612,598,16939,0
21:39:54:040,120000444,214799643,601,16943,0
21:39:54:240,120000457,214805130,598,16935,0
21:39:54:440,120000455,214799851,601,16931,0
21:39:54:640,120000452,214802431,601,16936,0
21:39:54:840,120000449,214802885,598,16936,0
21:39:55:040,120000455,214802257,601,16930,0
21:39:55:240,120000450,214802695,598,16937,0
21:39:55:440,120000443,214801846,601,16932,0
21:39:55:640,120000446,214800431,601,16934,0
21:39:55:840,120000445,214804120,598,16946,0
21:39:56:040,120000439,214799250,601,16942,0
21:39:56:240,120000441,214804380,598,16938,0
21:39:56:440,120000449,214799595,601,16940,0
21:39:56:640,120000450,214801988,601,16933,0
21:39:56:840,120000440,214802800,598,16941,0
21:39:57:040,120000458,214802133,601,16935,0
21:39:57:240,120000455,214802823,598,16937,0
21:39:57:440,120000449,214802278,601,16934,0
21:39:57:640,120000476,214803084,598,16936,0
21:39:57:840,120000455,214801905,601,16932,0
21:39:58:040,120000452,214799692,601,16944,0
21:39:58:240,120000446,214804803,599,16937,0
21:39:58:440,120000445,214800254,601,16939,0
21:39:58:640,120000447,214804613,598,16936,0
21:39:58:840,120000439,214800281,601,16929,0
21:39:59:040,120000444,214801965,601,16939,0
21:39:59:240,120000449,214802710,598,16938,0
21:39:59:440,120000445,214801519,601,16938,0
21:39:59:640,120000431,214802455,598,16941,0
21:39:59:840,120000439,214801843,601,16941,0
21:40:00:040,120000454,214799452,602,16941,0
21:40:00:240,120000452,214804875,598,16936,0
21:40:00:440,120000446,214800207,601,16941,0
21:40:00:640,120000446,214804641,599,16941,0
21:40:00:840,120000450,214800683,601,16935,0
21:40:01:040,120000502,214801965,601,16935,0
21:40:01:240,120000451,214802757,598,16934,0
21:40:01:440,120000450,214802054,601,16949,0
21:40:01:640,120000438,214802465,598,16945,0
21:40:01:840,120000442,214801925,601,16939,0
21:40:02:040,120000451,214802613,598,16947,0
21:40:02:240,120000452,214802159,601,16939,0
21:40:02:440,120000449,214799929,601,16942,0
21:40:02:640,120000455,214804454,598,16941,0
21:40:02:840,120000452,214800022,601,16929,0
21:40:03:040,120000443,214804911,598,16942,0
21:40:03:240,120000436,214799839,601,16929,0
21:40:03:440,120000431,214801651,601,16944,0
21:40:03:640,120000431,214802715,598,16932,0
21:40:03:840,120000437,214802395,601,16937,0
21:40:04:040,120000444,214802554,598,16941,0
21:40:04:640,120000481,265141364,401,158,0
21:40:04:640,120000481,265141364,401,158,0
21:40:04:840,120000467,240868292,507,8252,0
21:40:05:040,120000440,214802375,598,16937,0
21:40:05:240,120000450,214802052,601,16931,0
21:40:05:441,120000232,214802293,598,16930,0
21:40:05:641,120000428,214802539,603,16938,0
21:40:05:841,120000455,214799631,601,16939,0
21:40:06:041,120000446,214805130,598,16936,0
21:40:06:241,120000441,214799692,601,16946,0
21:40:06:441,120000454,214804803,598,16936,0
21:40:06:641,120000444,214799961,601,16935,0
21:40:06:841,120000464,214802400,601,16933,0
21:40:07:041,120000465,214803166,598,16934,0
21:40:07:241,120000465,214802387,601,16938,0
21:40:07:441,120000457,214802365,598,16935,0
21:40:07:641,120000450,214802286,601,16937,0
21:40:07:841,120000439,214800154,601,16934,0
21:40:08:041,120000457,214804634,598,16936,0
21:40:08:241,120000447,214799942,601,16939,0
21:40:08:441,120000462,214805254,598,16935,0
21:40:08:641,120000465,214800396,601,16935,0
21:40:08:841,120000459,214801872,601,16933,0
21:40:09:041,120000443,214802696,598,16929,0
21:40:09:241,120000460,214801915,601,16939,0
21:40:09:441,120000465,214802717,598,16942,0
21:40:09:641,120000445,214801945,601,16939,0
21:40:09:841,120000428,214803003,598,16939,0
21:40:10:041,120000437,214801590,602,16944,0
21:40:10:241,120000434,214800072,601,16940,0
21:40:10:441,120000436,214804904,598,16939,0
21:40:10:641,120000446,214799907,601,16934,0
21:40:10:841,120000435,214804619,598,16937,0
21:40:11:041,120000434,214799870,601,16932,0
21:40:11:241,120000437,214802301,601,16933,0
21:40:11:441,120000442,214802909,598,16932,0
21:40:11:641,120000451,214802033,601,16936,0
21:40:11:841,120000453,214803268,598,16940,0
21:40:12:041,120000432,214801727,601,16936,0
21:40:12:241,120000447,214800008,601,16940,0
21:40:12:441,120000449,214804751,598,16943,0
21:40:12:641,120000455,214799554,601,16937,0
21:40:12:841,120000455,214805239,598,16930,0
21:40:13:041,120000458,214800284,601,16935,0
21:40:13:241,120000439,214802349,601,16940,0
21:40:13:441,120000450,214802900,598,16950,0
21:40:13:641,120000436,214802018,601,16934,0
21:40:13:841,120000453,214802537,598,16940,0
21:40:14:041,120000442,214801106,601,16934,0
21:40:14:241,120000439,214802957,598,16934,0
21:40:14:441,120000438,214801835,601,16935,0
21:40:14:641,120000447,214800399,601,16939,0
21:40:14:841,120000442,214804465,598,16933,0
21:40:15:041,120000450,214799688,601,16941,0
21:40:15:241,120000444,214804371,598,16933,0
21:40:15:441,120000457,214800427,601,16938,0
21:40:15:641,120000439,214802045,601,16937,0
21:40:15:841,120000450,214802163,598,16940,0
21:40:16:041,120000447,214802248,601,16938,0
21:40:16:241,120000451,214803089,598,16934,0
21:40:16:441,120000440,214802182,601,16934,0
21:40:16:641,120000444,214799948,601,16931,0
21:40:16:841,120000435,214805185,598,16937,0
21:40:17:041,120000439,214799824,601,16932,0
21:40:17:241,120000441,214804435,598,16942,0
21:40:17:441,120000447,214799778,601,16938,0
21:40:17:641,120000440,214802202,601,16941,0
21:40:17:841,120000452,214802362,598,16940,0
21:40:18:041,120000449,214801943,601,16940,0
21:40:18:241,120000452,214802389,598,16946,0
21:40:18:441,120000455,214801788,601,16944,0
21:40:18:641,120000452,214802945,598,16939,0
21:40:18:841,120000433,214801994,601,16934,0
21:40:19:041,120000437,214800376,601,16932,0
21:40:19:241,120000439,214804895,598,16934,0
21:40:19:441,120000435,214799640,601,16935,0
21:40:20:041,120000469,265133825,403,161,0
21:40:20:041,120000469,265133825,403,161,0
21:40:20:241,120000459,249330578,471,5432,0
21:40:20:441,120000431,214800701,601,16935,0
21:40:20:841,120000443,214801037,602,16936,0
21:40:21:041,120000438,214800505,601,16936,0
21:40:21:241,120000442,214804459,598,16932,0
21:40:21:441,120000467,214801068,601,16942,0
21:40:21:641,120000460,214804231,598,16939,0
21:40:21:841,120000459,214801209,601,16938,0
21:40:22:041,120000459,214800967,600,16939,0
21:40:22:241,120000461,214803953,600,16932,0
21:40:22:441,120000465,214800803,601,16938,0
21:40:22:641,120000465,214804247,598,16936,0
21:40:22:841,120000465,214799877,601,16938,0
21:40:23:041,120000465,214803945,598,16939,0
21:40:23:241,120000449,214800694,601,16936,0
21:40:23:441,120000481,214800374,601,16941,0
21:40:23:641,120000465,214804269,598,16935,0
21:40:23:841,120000452,214801086,601,16940,0
21:40:24:041,120000454,214803970,598,16933,0
21:40:24:241,120000451,214801136,601,16947,0
21:40:24:441,120000443,214801115,602,16940,0
21:40:24:641,120000435,214804080,598,16936,0
21:40:24:841,120000445,214800441,601,16945,0
21:40:25:041,120000435,214804345,598,16942,0
21:40:25:241,120000448,214800892,601,16934,0
21:40:25:441,120000458,214800585,601,16938,0
21:40:25:641,120000452,214803985,598,16938,0
21:40:25:841,120000453,214801162,601,16939,0
21:40:26:041,120000448,214803733,598,16938,0
21:40:26:241,120000461,214800950,601,16930,0
21:40:26:441,120000351,214803470,598,16933,0
21:40:26:641,120000454,214800863,603,16942,0
21:40:26:841,120000446,214800504,601,16938,0
21:40:27:041,120000461,214804042,598,16944,0
21:40:27:241,120000439,214800959,601,16932,0
21:40:27:441,120000450,214804196,598,16939,0
21:40:27:641,120000449,214800626,601,16942,0
21:40:27:841,120000447,214800785,601,16937,0
21:40:28:041,120000437,214804017,598,16937,0
21:40:28:241,120000460,214800795,601,16933,0
21:40:28:441,120000446,214803817,598,16935,0
21:40:28:641,120000447,214801674,601,16929,0
21:40:28:841,120000435,214800407,602,16947,0
21:40:29:041,120000447,214803334,598,16944,0
21:40:29:241,120000439,214800839,601,16935,0
21:40:29:441,120000445,214804314,598,16925,0
21:40:29:641,120000440,214800405,601,16936,0
21:40:29:841,120000452,214800503,601,16935,0
21:40:30:041,120000442,214804400,598,16931,0
21:40:30:241,120000436,214800862,601,16940,0
21:40:30:441,120000447,214803535,598,16939,0
21:40:30:641,120000453,214801169,601,16933,0
21:40:30:841,120000448,214803918,598,16931,0
21:40:31:041,120000445,214801857,601,16940,0
21:40:31:241,120000448,214800859,601,16934,0
21:40:31:441,120000439,214804138,598,16942,0
21:40:31:641,120000447,214800602,601,16945,0
21:40:31:841,120000450,214803609,598,16941,0
21:40:32:041,120000451,214800393,602,16951,0
21:40:32:241,120000447,214801070,601,16937,0
21:40:32:441,120000435,214803809,598,16938,0
21:40:32:641,120000456,214801084,601,16944,0
21:40:32:841,120000452,214804011,598,16934,0
21:40:33:041,120000455,214801157,601,16933,0
21:40:33:241,120000447,214800760,601,16937,0
21:40:33:441,120000446,214803860,598,16935,0
21:40:33:641,120000454,214800791,601,16939,0
21:40:33:841,120000442,214804175,598,16949,0
21:40:34:041,120000447,214800820,601,16941,0
21:40:34:241,120000450,214801475,601,16938,0
21:40:34:441,120000451,214803591,598,16936,0
21:40:34:641,120000450,214801093,602,16939,0
21:40:34:841,120000445,214803892,598,16929,0
21:40:35:041,120000444,214801268,601,16935,0
21:40:35:441,120000467,265134153,404,169,0
21:40:35:641,120000446,257531145,441,2678,0
21:40:35:841,120000441,214803326,598,16932,0
21:40:36:041,120000451,214801595,601,16931,0
21:40:36:241,120000445,214803243,598,16937,0
21:40:36:441,120000431,214801923,601,16937,0
21:40:36:641,120000439,214800355,601,16932,0
21:40:36:841,120000461,214805088,598,16941,0
21:40:37:041,120000451,214799901,601,16939,0
21:40:37:241,120000462,214804403,598,16944,0
21:40:37:441,120000457,214799903,601,16939,0
21:40:37:641,120000459,214801618,601,16938,0
21:40:37:841,120000450,214803287,598,16942,0
21:40:38:041,120000456,214801157,601,16945,0
21:40:38:241,120000458,214803518,598,16932,0
21:40:38:441,120000456,214801852,601,16935,0
21:40:38:641,120000453,214800428,601,16938,0
21:40:38:841,120000448,214804727,598,16938,0
21:40:39:041,120000461,214800223,601,16937,0
21:40:39:241,120000452,214804630,598,16931,0
21:40:39:441,120000435,214799932,601,16936,0
21:40:39:641,120000440,214804850,598,16941,0
21:40:39:841,120000444,214800224,601,16932,0
21:40:40:041,120000439,214801716,601,16934,0
21:40:40:241,120000444,214802968,598,16933,0
21:40:40:441,120000449,214802189,601,16935,0
21:40:40:641,120000458,214802753,598,16929,0
21:40:40:841,120000448,214801201,601,16946,0
21:40:41:041,120000464,214800168,601,16938,0
21:40:41:241,120000452,214805058,598,16939,0
21:40:41:441,120000447,214799784,602,16932,0
21:40:41:641,120000439,214804972,598,16936,0
21:40:41:841,120000437,214800235,601,16930,0
21:40:42:041,120000431,214802176,601,16934,0
21:40:42:241,120000439,214802883,598,16929,0
21:40:42:441,120000457,214802386,601,16951,0
21:40:42:641,120000452,214802686,598,16936,0
21:40:42:841,120000450,214801551,601,16942,0
21:40:43:041,120000443,214799908,600,16929,0
21:40:43:241,120000439,214804842,600,16937,0
21:40:43:441,120000444,214800076,601,16934,0
21:40:43:641,120000441,214804880,598,16945,0
21:40:43:841,120000446,214800346,601,16937,0
21:40:44:041,120000451,214805139,598,16935,0
21:40:44:241,120000441,214800324,601,16936,0
21:40:44:441,120000438,214801834,601,16934,0
21:40:44:641,120000447,214802731,598,16941,0
21:40:44:841,120000452,214802164,601,16936,0
21:40:45:041,120000449,214802503,598,16939,0
21:40:45:241,120000442,214802460,601,16937,0
21:40:45:441,120000444,214799870,601,16935,0
21:40:45:641,120000449,214805065,598,16934,0
21:40:45:841,120000447,214799863,601,16933,0
21:40:46:041,120000454,214804686,598,16941,0
21:40:46:241,120000455,214800155,601,16930,0
21:40:46:441,120000447,214801838,601,16949,0
21:40:46:641,120000438,214802812,598,16935,0
21:40:46:841,120000437,214801879,601,16937,0
21:40:47:041,120000431,214802835,598,16945,0
21:40:47:241,120000441,214801899,601,16944,0
21:40:47:441,120000478,214803010,598,16937,0
21:40:47:641,120000447,214801709,602,16944,0
21:40:47:841,120000441,214800150,601,16930,0
21:40:48:041,120000448,214804523,598,16944,0
21:40:48:241,120000441,214799778,601,16937,0
21:40:48:441,120000441,214804751,599,16940,0
21:40:48:641,120000447,214799632,601,16940,0
21:40:48:841,120000442,214802262,601,16935,0
21:40:49:041,120000431,214802517,598,16935,0
21:40:49:241,120000442,214802294,601,16944,0
21:40:49:441,120000457,214802959,598,16938,0
21:40:49:641,120000449,214802113,601,16936,0
21:40:49:841,120000446,214799116,601,16938,0
21:40:50:041,120000442,214804882,598,16936,0
21:40:50:241,120000450,214800048,601,16937,0
21:40:50:441,120000442,214804656,598,16934,0
21:40:51:041,120000460,265141501,401,165,0
21:40:51:041,120000460,265141501,401,165,0
21:40:51:241,120000456,215652288,607,16645,0
21:40:51:441,120000451,214803633,598,16931,0
21:40:51:641,120000447,214800902,601,16938,0
21:40:51:841,120000446,214804338,598,16932,0
21:40:52:041,120000435,214800634,601,16939,0
21:40:52:241,120000469,214800458,601,16943,0
21:40:52:441,120000457,214804247,598,16937,0
21:40:52:641,120000460,214800593,601,16935,0
21:40:52:841,120000460,214803765,598,16934,0
21:40:53:041,120000459,214800930,601,16938,0
21:40:53:241,120000452,214801138,601,16937,0
21:40:53:441,120000444,214803296,598,16944,0
21:40:53:641,120000454,214801121,601,16937,0
21:40:53:841,120000449,214803805,598,16938,0
21:40:54:041,120000457,214800805,601,16948,0
21:40:54:241,120000448,214800387,601,16935,0
21:40:54:441,120000461,214804380,598,16938,0
21:40:54:641,120000449,214800357,601,16938,0
21:40:54:841,120000445,214804178,599,16939,0
21:40:55:041,120000438,214800902,601,16942,0
21:40:55:241,120000454,214801714,601,16935,0
21:40:55:441,120000458,214803745,598,16940,0
21:40:55:641,120000455,214801081,601,16941,0
21:40:55:841,120000450,214803832,598,16931,0
21:40:56:041,120000443,214801172,601,16935,0
21:40:56:241,120000449,214803966,598,16937,0
21:40:56:441,120000429,214800514,601,16941,0
21:40:56:641,120000448,214800907,601,16930,0
21:40:56:841,120000432,214803659,599,16945,0
21:40:57:041,120000437,214800983,601,16935,0
21:40:57:241,120000444,214804151,598,16932,0
21:40:57:441,120000444,214801275,601,16933,0
21:40:57:641,120000451,214801024,601,16934,0
21:40:57:841,120000447,214803985,598,16948,0
21:40:58:041,120000451,214800475,601,16946,0
21:40:58:241,120000453,214804284,598,16936,0
21:40:58:441,120000448,214800984,601,16934,0
21:40:58:641,120000450,214799938,601,16941,0
21:40:58:841,120000432,214803910,598,16935,0
21:40:59:041,120000448,214800724,602,16939,0
21:40:59:241,120000435,214804087,598,16933,0
21:40:59:441,120000445,214801255,601,16938,0
21:40:59:641,120000432,214800987,601,16935,0
21:40:59:841,120000445,214803695,598,16939,0
21:41:00:041,120000445,214801038,601,16934,0
21:41:00:241,120000449,214804014,598,16937,0
21:41:00:441,120000445,214801005,601,16936,0
21:41:00:641,120000457,214804090,598,16940,0
21:41:00:841,120000452,214800694,601,16940,0
21:41:01:041,120000453,214801668,601,16931,0
21:41:01:241,120000432,214803429,599,16940,0
21:41:01:441,120000442,214800920,601,16935,0
21:41:01:641,120000448,214803332,598,16943,0
21:41:01:841,120000444,214800973,602,16945,0
21:41:02:041,120000448,214800992,601,16933,0
21:41:02:241,120000441,214804643,598,16939,0
21:41:02:441,120000451,214800423,601,16941,0
21:41:02:641,120000447,214804318,598,16937,0
21:41:02:841,120000451,214800207,601,16940,0
21:41:03:041,120000441,214800973,601,16936,0
21:41:03:241,120000449,214803562,598,16944,0
21:41:03:441,120000447,214801242,601,16936,0
21:41:03:641,120000454,214803707,598,16949,0
21:41:03:841,120000450,214801235,601,16943,0
21:41:04:041,120000440,214800868,600,16944,0
21:41:04:241,120000454,214804071,600,16934,0
21:41:04:441,120000447,214800525,601,16938,0
21:41:04:641,120000438,214803975,598,16938,0
21:41:04:841,120000437,214800818,601,16939,0
21:41:05:041,120000450,214804083,598,16938,0
21:41:05:241,120000444,214800805,601,16933,0
21:41:05:441,120000441,214801408,601,16935,0
21:41:05:641,120000457,214803603,598,16934,0
21:41:05:841,120000439,214801799,601,16937,0
21:41:06:441,120000455,265134036,403,161,0
21:41:06:441,120000455,265134036,403,161,0
21:41:06:641,120000453,224115391,571,13827,0
21:41:06:841,120000445,214800032,601,16944,0
21:41:07:041,120000443,214805079,598,16938,0
21:41:07:241,120000449,214800137,601,16941,0
21:41:07:441,120000445,214801788,601,16941,0
21:41:07:641,120000514,214802149,598,16944,0
21:41:07:841,120000445,214801559,601,16946,0
21:41:08:041,120000455,214803229,598,16934,0
21:41:08:241,120000454,214801912,601,16940,0
21:41:08:441,120000452,214802246,598,16940,0
21:41:08:641,120000435,214801602,602,16939,0
21:41:08:841,120000437,214800260,601,16937,0
21:41:09:041,120000447,214804639,598,16947,0
21:41:09:241,120000447,214800555,601,16934,0
21:41:09:441,120000438,214804856,598,16930,0
21:41:09:641,120000445,214799906,601,16946,0
21:41:09:841,120000451,214801984,601,16930,0
21:41:10:041,120000455,214803009,598,16939,0
21:41:10:241,120000444,214801655,601,16944,0
21:41:10:441,120000441,214802787,598,16935,0
21:41:10:641,120000437,214801834,601,16937,0
21:41:10:841,120000428,214800014,602,16944,0
21:41:11:041,120000450,214804595,598,16943,0
21:41:11:241,120000458,214800284,601,16936,0
21:41:11:441,120000447,214804974,598,16935,0
21:41:11:641,120000438,214800013,601,16942,0
21:41:11:841,120000436,214802105,601,16940,0
21:41:12:041,120000437,214802883,598,16937,0
21:41:12:241,120000444,214801996,601,16945,0
21:41:12:441,120000446,214803068,598,16935,0
21:41:12:641,120000438,214801694,601,16946,0
21:41:12:841,120000447,214803372,598,16942,0
21:41:13:041,120000437,214801553,601,16942,0
21:41:13:241,120000447,214800067,601,16939,0
21:41:13:441,120000443,214804648,599,16941,0
21:41:13:641,120000441,214800373,601,16934,0
21:41:13:841,120000446,214804714,598,16941,0
21:41:14:041,120000452,214800861,601,16933,0
21:41:14:241,120000455,214802171,601,16932,0
21:41:14:441,120000439,214803833,598,16939,0
21:41:14:641,120000434,214801062,601,16936,0
21:41:14:841,120000440,214803360,598,16942,0
21:41:15:041,120000445,214800907,602,16933,0
21:41:15:241,120000444,214800219,601,16939,0
21:41:15:441,120000440,214804653,598,16937,0
21:41:15:641,120000447,214800223,601,16935,0
21:41:15:841,120000458,214804763,598,16942,0
21:41:16:041,120000455,214801214,601,16936,0
21:41:16:241,120000437,214801180,602,16939,0
21:41:16:441,120000445,214803945,598,16941,0
21:41:16:641,120000443,214801121,601,16938,0
21:41:16:841,120000454,214803630,599,16932,0
21:41:17:041,120000452,214801095,601,16939,0
21:41:17:241,120000461,214804006,598,16936,0
21:41:17:441,120000444,214800523,601,16942,0
21:41:17:641,120000454,214800976,601,16935,0
21:41:17:841,120000442,214804194,598,16944,0
21:41:18:041,120000442,214800751,601,16932,0
21:41:18:241,120000451,214803949,598,16934,0
21:41:18:441,120000455,214801009,601,16936,0
21:41:18:641,120000455,214800959,601,16938,0
21:41:18:841,120000442,214803699,598,16947,0
21:41:19:041,120000431,214800667,601,16941,0
21:41:19:241,120000453,214804239,598,16941,0
21:41:19:441,120000444,214801248,601,16928,0
21:41:19:641,120000449,214800705,602,16943,0
21:41:19:841,120000448,214803660,598,16942,0
21:41:20:041,120000461,214801148,601,16929,0
21:41:20:241,120000441,214804077,598,16933,0
21:41:20:441,120000449,214801513,601,16940,0
21:41:20:641,120000451,214801065,601,16941,0
21:41:20:841,120000453,214803866,598,16938,0
21:41:21:041,120000440,214800866,601,16943,0
21:41:21:241,120000449,214803994,598,16939,0
21:41:21:841,120000443,265133834,403,155,0
21:41:21:841,120000443,265133834,403,155,0
21:41:22:041,120000460,232315171,540,11098,0
21:41:22:241,120000439,214803700,598,16938,0
21:41:22:441,120000432,214801198,601,16935,0
21:41:22:641,120000440,214803548,598,16940,0
21:41:22:841,120000431,214800895,601,16935,0
21:41:23:041,120000456,214800087,601,16940,0
21:41:23:241,120000458,214804099,598,16940,0
21:41:23:441,120000449,214800581,601,16941,0
21:41:23:641,120000462,214804565,598,16938,0
21:41:23:841,120000448,214800304,601,16938,0
21:41:24:041,120000464,214801254,601,16936,0
21:41:24:241,120000460,214803873,598,16935,0
21:41:24:441,120000448,214801433,602,16934,0
21:41:24:641,120000438,214804168,598,16935,0
21:41:24:841,120000455,214801141,601,16933,0
21:41:25:041,120000758,214803808,598,16935,0
21:41:25:241,120000442,214802112,603,16946,0
21:41:25:441,120000446,214800936,601,16933,0
21:41:25:641,120000448,214803641,598,16940,0
21:41:25:841,120000441,214800598,601,16941,0
21:41:26:041,120000451,214803731,598,16928,0
21:41:26:241,120000447,214802063,601,16935,0
21:41:26:441,120000454,214800343,601,16946,0
21:41:26:641,120000458,214803957,598,16938,0
21:41:26:841,120000452,214800334,601,16936,0
21:41:27:041,120000485,214804455,598,16935,0
21:41:27:241,120000449,214800033,601,16938,0
21:41:27:441,120000455,214800697,601,16941,0
21:41:27:641,120000442,214803925,598,16936,0
21:41:27:841,120000476,214800682,601,16940,0
21:41:28:041,120000443,214804390,598,16942,0
21:41:28:241,120000441,214800941,601,16938,0
21:41:28:441,120000456,214801255,601,16945,0
21:41:28:641,120000452,214804453,598,16935,0
21:41:28:841,120000441,214800832,601,16940,0
21:41:29:041,120000446,214804357,598,16933,0
21:41:29:241,120000443,214801084,601,16936,0
21:41:29:441,120000454,214804373,598,16938,0
21:41:29:641,120000442,214800207,601,16939,0
21:41:29:841,120000444,214800393,602,16955,0
21:41:30:041,120000445,214803743,598,16948,0
21:41:30:241,120000449,214800967,602,16944,0
21:41:30:441,120000451,214803798,598,16940,0
21:41:30:641,120000452,214800723,602,16946,0
21:41:30:841,120000436,214801165,602,16939,0
21:41:31:041,120000451,214803759,598,16938,0
21:41:31:241,120000433,214800504,601,16944,0
21:41:31:441,120000450,214804522,598,16935,0
21:41:31:641,120000453,214800331,601,16935,0
21:41:31:841,120000439,214801335,601,16932,0
21:41:32:041,120000443,214803699,598,16938,0
21:41:32:241,120000441,214801212,601,16938,0
21:41:32:441,120000450,214803192,598,16941,0
21:41:32:641,120000433,214801496,601,16935,0
21:41:32:841,120000447,214800990,601,16935,0
21:41:33:041,120000452,214804561,598,16936,0
21:41:33:241,120000452,214800409,601,16941,0
21:41:33:441,120000458,214804926,598,16940,0
21:41:33:641,120000452,214800456,601,16939,0
21:41:33:841,120000458,214804178,599,16936,0
21:41:34:041,120000447,214799640,601,16935,0
21:41:34:241,120000449,214801096,601,16940,0
21:41:34:441,120000429,214803227,598,16940,0
21:41:34:641,120000453,214800874,601,16942,0
21:41:34:841,120000453,214802734,598,16948,0
21:41:35:041,120000453,214800835,602,16936,0
21:41:35:241,120000432,214800661,601,16946,0
21:41:35:441,120000445,214803947,598,16937,0
21:41:35:641,120000446,214800903,601,16941,0
21:41:35:841,120000440,214803871,598,16936,0
21:41:36:041,120000435,214800487,601,16934,0
21:41:36:241,120000453,214800215,601,16947,0
21:41:36:441,120000455,214804060,598,16941,0
21:41:36:641,120000455,214800930,601,16933,0
21:41:37:241,120000473,265133980,403,162,0
21:41:37:241,120000473,265133980,403,162,0
21:41:37:441,120000456,240779339,505,8279,0
21:41:37:641,120000451,214800290,601,16932,0
21:41:37:841,120000447,214804574,598,16943,0
21:41:38:041,120000435,214800022,601,16937,0
21:41:38:241,120000445,214804613,598,16944,0
21:41:38:441,120000451,214799861,601,16943,0
21:41:38:641,120000450,214802110,601,16941,0
21:41:38:841,120000458,214802911,598,16945,0
21:41:39:041,120000453,214801820,601,16940,0
21:41:39:241,120000461,214802747,598,16938,0
21:41:39:441,120000465,214802219,601,16937,0
21:41:39:641,120000458,214799694,602,16936,0
21:41:39:841,120000439,214804371,598,16944,0
21:41:40:041,120000446,214800408,601,16937,0
21:41:40:241,120000452,214804828,598,16937,0
21:41:40:441,120000440,214800418,601,16933,0
21:41:40:641,120000457,214801578,601,16937,0
21:41:40:841,120000446,214802418,598,16944,0
21:41:41:041,120000455,214802493,601,16933,0
21:41:41:241,120000433,214802762,598,16942,0
21:41:41:441,120000508,214801926,601,16941,0
21:41:41:641,120000438,214800300,600,16938,0
21:41:41:841,120000428,214804925,600,16941,0
21:41:42:041,120000445,214800238,601,16935,0
21:41:42:241,120000443,214804919,598,16934,0
21:41:42:441,120000454,214800024,601,16933,0
21:41:42:641,120000444,214804610,598,16933,0
21:41:42:841,120000457,214799844,602,16938,0
21:41:43:041,120000442,214802289,602,16939,0
21:41:43:241,120000434,214802211,599,16949,0
21:41:43:441,120000447,214801473,601,16945,0
21:41:43:641,120000437,214803077,598,16945,0
21:41:43:841,120000437,214802309,601,16935,0
21:41:44:041,120000447,214799833,601,16931,0
21:41:44:241,120000455,214805006,598,16933,0
21:41:44:441,120000445,214799824,601,16942,0
21:41:44:641,120000444,214804683,598,16945,0
21:41:44:841,120000452,214799916,601,16932,0
21:41:45:041,120000441,214801768,601,16940,0
21:41:45:241,120000454,214802427,598,16942,0
21:41:45:441,120000455,214802247,602,16932,0
21:41:45:641,120000455,214802457,598,16942,0
21:41:45:841,120000458,214801734,601,16940,0
21:41:46:041,120000455,214803266,598,16927,0
21:41:46:241,120000447,214802421,602,16946,0
21:41:46:441,120000448,214799817,601,16941,0
21:41:46:641,120000449,214805138,598,16943,0
21:41:46:841,120000458,214800096,601,16927,0
21:41:47:041,120000452,214805102,598,16945,0
21:41:47:241,120000438,214800100,601,16937,0
21:41:47:441,120000444,214801526,601,16950,0
21:41:47:641,120000449,214802710,598,16932,0
21:41:47:841,120000448,214802101,601,16945,0
21:41:48:041,120000449,214802931,598,16934,0
21:41:48:241,120000447,214802294,601,16936,0
21:41:48:441,120000454,214800018,601,16940,0
21:41:48:641,120000442,214804441,598,16941,0
21:41:48:841,120000447,214799716,601,16947,0
21:41:49:041,120000450,214804704,598,16937,0
21:41:49:241,120000438,214800089,601,16941,0
21:41:49:441,120000431,214801456,601,16940,0
21:41:49:641,120000434,214802365,598,16944,0
21:41:49:841,120000442,214801968,601,16942,0
21:41:50:041,120000443,214802977,598,16933,0
21:41:50:241,120000451,214802027,602,16936,0
21:41:50:441,120000446,214802840,598,16935,0
21:41:50:641,120000442,214802247,601,16939,0
21:41:50:841,120000447,214800389,601,16932,0
21:41:51:041,120000452,214804398,598,16943,0
21:41:51:241,120000433,214800165,601,16932,0
21:41:51:441,120000434,214804799,598,16934,0
21:41:51:641,120000442,214800033,601,16936,0
21:41:51:841,120000451,214802223,601,16931,0
21:41:52:041,120000438,214803086,598,16933,0
21:41:52:641,120000477,265134432,403,162,0
21:41:52:641,120000477,265134432,403,162,0
21:41:52:841,120000444,249230673,474,5453,0
21:41:53:041,120000443,214804189,599,16951,0
21:41:53:441,120000430,214804868,598,16941,0
21:41:53:641,120000450,214799700,601,16938,0
21:41:53:841,120000442,214802513,601,16937,0
21:41:54:041,120000463,214802234,598,16936,0
21:41:54:241,120000450,214802645,601,16936,0
21:41:54:441,120000449,214802961,598,16939,0
21:41:54:641,120000464,214802025,601,16939,0
21:41:54:841,120000459,214803251,598,16937,0
21:41:55:041,120000440,214801860,601,16938,0
21:41:55:241,120000454,214800185,601,16934,0
21:41:55:441,120000459,214804801,598,16939,0
21:41:55:641,120000465,214799655,601,16945,0
21:41:55:841,120000459,214804761,598,16935,0
21:41:56:041,120000509,214800021,601,16943,0
21:41:56:241,120000445,214801807,601,16943,0
21:41:56:441,120000444,214802793,598,16933,0
21:41:56:641,120000460,214801661,601,16937,0
21:41:56:841,120000465,214803733,598,16936,0
21:41:57:041,120000462,214801408,601,16935,0
21:41:57:241,120000443,214800267,601,16934,0
21:41:57:441,120000457,214804832,598,16939,0
21:41:57:641,120000450,214800317,601,16941,0
21:41:57:841,120000449,214805036,598,16940,0
21:41:58:041,120000445,214800595,601,16937,0
21:41:58:241,120000446,214801762,601,16937,0
21:41:58:441,120000441,214803235,598,16941,0
21:41:58:641,120000439,214801607,601,16943,0
21:41:58:841,120000443,214803714,598,16936,0
21:41:59:041,120000454,214801273,601,16938,0
21:41:59:241,120000455,214803713,598,16935,0
21:41:59:441,120000455,214800852,601,16941,0
21:41:59:641,120000445,214799917,601,16940,0
21:41:59:841,120000434,214804449,598,16935,0
21:42:00:041,120000431,214800144,601,16946,0
21:42:00:241,120000457,214804346,598,16943,0
21:42:00:441,120000439,214799976,601,16952,0
21:42:00:641,120000442,214801813,601,16937,0
21:42:00:841,120000446,214804246,598,16928,0
21:42:01:041,120000451,214801036,601,16940,0
21:42:01:241,120000461,214803501,598,16938,0
21:42:01:441,120000444,214800821,602,16938,0
21:42:01:641,120000445,214799729,601,16938,0
21:42:01:841,120000436,214804753,598,16938,0
21:42:02:041,120000450,214800464,601,16942,0
21:42:02:241,120000452,214804623,598,16942,0
21:42:02:441,120000444,214800373,602,16939,0
21:42:02:641,120000463,214801822,600,16938,0
21:42:02:841,120000444,214803241,601,16941,0
21:42:03:041,120000449,214801164,601,16937,0
21:42:03:241,120000435,214803878,598,16936,0
21:42:03:441,120000431,214801131,601,16936,0
21:42:03:641,120000445,214804071,598,16930,0
21:42:03:841,120000451,214800508,601,16947,0
21:42:04:041,120000452,214800207,601,16939,0
21:42:04:241,120000446,214804792,598,16940,0
21:42:04:441,120000441,214800676,602,16938,0
21:42:04:641,120000435,214804479,598,16938,0
21:42:04:841,120000434,214800539,601,16935,0
21:42:05:041,120000447,214801380,601,16945,0
21:42:05:241,120000441,214803559,598,16940,0
21:42:05:441,120000432,214801788,601,16931,0
21:42:05:641,120000445,214803587,598,16937,0
21:42:05:841,120000451,214801234,601,16935,0
21:42:06:041,120000442,214800552,601,16941,0
21:42:06:241,120000437,214803771,598,16941,0
21:42:06:441,120000439,214800569,601,16944,0
21:42:06:641,120000443,214804469,598,16934,0
21:42:06:841,120000446,214800477,601,16939,0
21:42:07:041,120000445,214804171,598,16938,0
21:42:07:241,120000439,214801219,602,16927,0
21:42:07:441,120000431,214801175,601,16936,0
21:42:07:641,120000453,214803665,598,16937,0
21:42:08:041,120000481,265141827,402,156,0
21:42:08:241,120000460,257686251,440,2632,0
21:42:08:441,120000456,214802143,601,16925,0
21:42:08:641,120000428,214802889,598,16947,0
21:42:08:841,120000445,214801372,602,16940,0
21:42:09:041,120000446,214803040,598,16931,0
21:42:09:241,120000451,214802062,601,16940,0
21:42:09:441,120000455,214799627,601,16939,0
21:42:09:641,120000450,214804230,598,16936,0
21:42:09:841,120000453,214800184,601,16941,0
21:42:10:041,120000453,214805135,599,16930,0
21:42:10:241,120000444,214799176,601,16931,0
21:42:10:441,120000460,214801718,601,16936,0
21:42:10:641,120000455,214803366,598,16942,0
21:42:10:841,120000444,214800710,602,16941,0
21:42:11:041,120000440,214803549,598,16939,0
21:42:11:241,120000449,214802037,601,16944,0
21:42:11:441,120000443,214803277,598,16934,0
21:42:11:641,120000446,214801965,602,16940,0
21:42:11:841,120000445,214800570,601,16931,0
21:42:12:041,120000441,214804773,598,16940,0
21:42:12:241,120000454,214799649,601,16947,0
21:42:12:441,120000455,214804318,598,16938,0
21:42:12:641,120000433,214800082,601,16937,0
21:42:12:841,120000442,214801775,601,16942,0
21:42:13:041,120000451,214803408,598,16944,0
21:42:13:241,120000450,214802349,601,16937,0
21:42:13:441,120000451,214802890,598,16938,0
21:42:13:641,120000455,214802047,601,16940,0
21:42:13:841,120000455,214800287,601,16937,0
21:42:14:041,120000455,214804827,599,16939,0
21:42:14:241,120000458,214799746,602,16934,0
21:42:14:441,120000452,214804397,598,16940,0
21:42:14:641,120000446,214800421,601,16939,0
21:42:14:841,120000453,214801638,601,16935,0
21:42:15:041,120000451,214802626,598,16937,0
21:42:15:241,120000442,214801927,601,16937,0
21:42:15:441,120000478,214803294,598,16929,0
21:42:15:641,120000444,214801787,601,16949,0
21:42:15:841,120000457,214802425,598,16943,0
21:42:16:041,120000464,214802008,602,16944,0
21:42:16:241,120000436,214800226,601,16935,0
21:42:16:441,120000444,214804779,598,16937,0
21:42:16:641,120000444,214799793,601,16942,0
21:42:16:841,120000433,214805003,598,16932,0
21:42:17:041,120000434,214800250,601,16939,0
21:42:17:241,120000442,214802152,601,16937,0
21:42:17:441,120000451,214802717,598,16936,0
21:42:17:641,120000451,214802009,601,16932,0
21:42:17:841,120000435,214803069,598,16939,0
21:42:18:041,120000434,214801911,601,16936,0
21:42:18:241,120000439,214799720,601,16936,0
21:42:18:441,120000443,214804509,598,16943,0
21:42:18:641,120000454,214799930,601,16934,0
21:42:18:841,120000450,214804527,598,16938,0
21:42:19:041,120000451,214800033,601,16940,0
21:42:19:241,120000453,214801588,601,16941,0
21:42:19:441,120000448,214803284,598,16933,0
21:42:19:641,120000515,214802103,601,16936,0
21:42:19:841,120000438,214802837,598,16936,0
21:42:20:041,120000442,214802165,601,16941,0
21:42:20:241,120000454,214802462,598,16939,0
21:42:20:441,120000436,214802447,601,16936,0
21:42:20:641,120000437,214800454,601,16935,0
21:42:20:841,120000450,214804527,598,16932,0
21:42:21:041,120000455,214800090,601,16933,0
21:42:21:241,120000442,214805177,598,16934,0
21:42:21:441,120000441,214800072,601,16936,0
21:42:21:641,120000441,214801972,601,16932,0
21:42:21:841,120000454,214802287,598,16944,0
21:42:22:041,120000458,214802008,601,16929,0
21:42:22:241,120000450,214802841,598,16935,0
21:42:22:441,120000435,214802309,601,16939,0
21:42:22:641,120000447,214800323,601,16933,0
21:42:22:841,120000442,214804672,598,16943,0
21:42:23:041,120000450,214799692,601,16944,0
21:42:23:641,120000440,265141963,401,161,0
21:42:23:641,120000440,265141963,401,161,0
21:42:23:841,120000460,215556179,607,16675,0
21:42:24:041,120000439,214800192,601,16948,0
21:42:24:241,120000451,214804803,598,16931,0
21:42:24:441,120000449,214799926,601,16939,0
21:42:24:641,120000445,214804671,598,16934,0
21:42:24:841,120000459,214800313,601,16941,0
21:42:25:041,120000451,214801505,601,16940,0
21:42:25:241,120000453,214803476,598,16937,0
21:42:25:441,120000456,214801092,602,16934,0
21:42:25:641,120000443,214803351,598,16935,0
21:42:25:841,120000451,214801292,601,16942,0
21:42:26:041,120000459,214800341,601,16932,0
21:42:26:241,120000462,214804196,598,16938,0
21:42:26:441,120000457,214799605,601,16943,0
21:42:26:641,120000453,214804150,598,16939,0
21:42:26:841,120000458,214800707,601,16938,0
21:42:27:041,120000456,214801399,601,16940,0
21:42:27:241,120000451,214802645,598,16937,0
21:42:27:441,120000450,214801992,601,16938,0
21:42:27:641,120000464,214803433,598,16934,0
21:42:27:841,120000465,214801580,601,16932,0
21:42:28:041,120000450,214803337,598,16937,0
21:42:28:241,120000443,214800866,601,16934,0
21:42:28:441,120000454,214799512,601,16942,0
21:42:28:641,120000439,214805161,598,16937,0
21:42:28:841,120000476,214800115,601,16940,0
21:42:29:041,120000453,214804571,598,16936,0
21:42:29:241,120000439,214800499,601,16940,0
21:42:29:441,120000450,214801882,601,16936,0
21:42:29:641,120000439,214802845,598,16946,0
21:42:29:841,120000450,214802212,601,16938,0
21:42:30:041,120000455,214803000,598,16940,0
21:42:30:241,120000450,214801052,601,16945,0
21:42:30:441,120000451,214799890,601,16937,0
21:42:30:641,120000452,214804431,598,16941,0
21:42:30:841,120000433,214800045,601,16934,0
21:42:31:041,120000439,214804895,598,16941,0
21:42:31:241,120000449,214799567,601,16945,0
21:42:31:441,120000435,214802321,601,16934,0
21:42:31:641,120000445,214802557,598,16938,0
21:42:31:841,120000443,214802109,601,16936,0
21:42:32:041,120000454,214803377,598,16934,0
21:42:32:241,120000441,214801404,601,16940,0
21:42:32:441,120000452,214803658,598,16935,0
21:42:32:641,120000435,214801850,601,16934,0
21:42:32:841,120000442,214800252,601,16940,0
21:42:33:041,120000448,214804713,598,16936,0
21:42:33:241,120000449,214800163,601,16939,0
21:42:33:441,120000455,214804659,598,16933,0
21:42:33:641,120000450,214800475,601,16941,0
21:42:33:841,120000451,214801536,601,16945,0
21:42:34:041,120000447,214802982,598,16939,0
21:42:34:241,120000454,214801635,601,16934,0
21:42:34:441,120000447,214803347,598,16940,0
21:42:34:641,120000432,214801615,601,16939,0
21:42:34:841,120000440,214800218,601,16943,0
21:42:35:041,120000439,214804838,598,16933,0
21:42:35:241,120000441,214800795,601,16934,0
21:42:35:441,120000449,214803641,598,16945,0
21:42:35:641,120000438,214800614,601,16945,0
21:42:35:841,120000457,214801681,601,16941,0
21:42:36:041,120000458,214803416,598,16938,0
21:42:36:241,120000444,214801133,602,16939,0
21:42:36:441,120000449,214803384,598,16939,0
21:42:36:641,120000432,214801618,601,16932,0
21:42:36:841,120000445,214803433,598,16940,0
21:42:37:041,120000448,214800758,601,16949,0
21:42:37:241,120000443,214800030,601,16941,0
21:42:37:441,120000439,214804345,599,16936,0
21:42:37:641,120000449,214800784,601,16935,0
21:42:37:841,120000448,214804258,598,16940,0
21:42:38:041,120000455,214800567,601,16946,0
21:42:38:241,120000442,214801480,601,16939,0
21:42:38:441,120000450,214803315,598,16928,0
21:42:39:041,120000447,265133871,403,156,0
21:42:39:041,120000447,265133871,403,156,0
21:42:39:241,120000460,224016314,574,13853,0
21:42:39:441,120000439,214803090,598,16926,0
21:42:39:641,120000435,214801534,601,16936,0
21:42:39:841,120000450,214802885,598,16939,0
21:42:40:041,120000450,214801644,601,16948,0
21:42:40:241,120000442,214800520,600,16931,0
21:42:40:441,120000448,214804467,600,16943,0
21:42:40:641,120000451,214800055,601,16947,0
21:42:40:841,120000450,214804956,598,16939,0
21:42:41:041,120000454,214800244,601,16939,0
21:42:41:241,120000447,214805121,598,16932,0
21:42:41:441,120000462,214799917,601,16935,0
21:42:41:641,120000468,214801979,601,16940,0
21:42:41:841,120000459,214802650,598,16932,0
21:42:42:041,120000448,214801571,601,16943,0
21:42:42:241,120000453,214803228,598,16946,0
21:42:42:441,120000464,214801835,601,16941,0
21:42:42:641,120000459,214799839,601,16942,0
21:42:42:841,120000459,214804835,598,16931,0
21:42:43:041,120000452,214800193,601,16936,0
21:42:43:241,120000448,214804528,598,16934,0
21:42:43:441,120000454,214799932,601,16941,0
21:42:43:641,120000454,214802078,601,16938,0
21:42:43:841,120000442,214803055,598,16939,0
21:42:44:041,120000449,214802122,601,16938,0
21:42:44:241,120000440,214802705,598,16938,0
21:42:44:441,120000439,214802048,601,16938,0
21:42:44:641,120000446,214802793,598,16934,0
21:42:44:841,120000441,214801887,601,16942,0
21:42:45:041,120000446,214799473,601,16936,0
21:42:45:241,120000451,214804365,598,16943,0
21:42:45:441,120000447,214800269,601,16937,0
21:42:45:641,120000457,214804506,598,16934,0
21:42:45:841,120000442,214800198,601,16935,0
21:42:46:041,120000439,214801207,601,16943,0
21:42:46:241,120000440,214803220,598,16935,0
21:42:46:441,120000452,214801732,601,16938,0
21:42:46:641,120000442,214802834,598,16934,0
21:42:46:841,120000452,214802235,601,16933,0
21:42:47:041,120000455,214800217,601,16929,0
21:42:47:241,120000458,214804221,598,16949,0
21:42:47:441,120000452,214800119,601,16931,0
21:42:47:641,120000430,214804251,598,16934,0
21:42:47:841,120000434,214800252,601,16938,0
21:42:48:041,120000434,214801639,601,16943,0
21:42:48:241,120000432,214803041,598,16936,0
21:42:48:441,120000445,214801610,601,16941,0
21:42:48:641,120000440,214802964,599,16941,0
21:42:48:841,120000449,214801838,601,16941,0
21:42:49:041,120000448,214802866,598,16935,0
21:42:49:241,120000435,214802401,601,16943,0
21:42:49:441,120000438,214799778,601,16935,0
21:42:49:641,120000437,214804858,598,16944,0
21:42:49:841,120000450,214800280,601,16935,0
21:42:50:041,120000439,214804982,598,16927,0
21:42:50:241,120000437,214800269,601,16931,0
21:42:50:441,120000447,214802348,601,16937,0
21:42:50:641,120000455,214802579,598,16937,0
21:42:50:841,120000444,214801765,601,16934,0
21:42:51:041,120000457,214802954,598,16938,0
21:42:51:241,120000455,214802041,601,16945,0
21:42:51:441,120000458,214799897,601,16925,0
21:42:51:641,120000455,214804570,598,16936,0
21:42:51:841,120000439,214800397,601,16933,0
21:42:52:041,120000442,214804735,598,16932,0
21:42:52:241,120000438,214799907,601,16939,0
21:42:52:441,120000439,214801500,602,16936,0
21:42:52:641,120000438,214802515,598,16938,0
21:42:52:841,120000445,214801585,601,16935,0
21:42:53:041,120000442,214802734,598,16937,0
21:42:53:241,120000441,214802340,601,16944,0
21:42:53:441,120000441,214802708,598,16939,0
21:42:53:641,120000434,214802273,602,16933,0
21:42:53:841,120000444,214800100,601,16939,0
21:42:54:441,120000451,265141196,401,159,0
21:42:54:441,120000451,265141196,401,159,0
21:42:54:641,120000459,232471547,540,11033,0
21:42:54:841,120000442,214801597,601,16930,0
21:42:55:041,120000449,214803069,598,16935,0
21:42:55:241,120000451,214801379,601,16932,0
21:42:55:441,120000450,214803713,598,16930,0
21:42:55:641,120000459,214800918,601,16932,0
21:42:55:841,120000456,214800081,601,16939,0
21:42:56:041,120000440,214804684,598,16938,0
21:42:56:241,120000443,214800349,601,16938,0
21:42:56:441,120000462,214804227,598,16934,0
21:42:56:641,120000457,214800037,601,16936,0
21:42:56:841,120000461,214801792,601,16945,0
21:42:57:041,120000459,214802805,598,16942,0
21:42:57:241,120000459,214801839,601,16939,0
21:42:57:441,120000453,214803642,598,16937,0
21:42:57:641,120000437,214801585,601,16934,0
21:42:57:841,120000455,214803932,598,16937,0
21:42:58:041,120000442,214801203,601,16939,0
21:42:58:241,120000455,214800706,601,16932,0
21:42:58:441,120000461,214804469,598,16935,0
21:42:58:641,120000460,214800412,601,16940,0
21:42:58:841,120000458,214804079,598,16933,0
21:42:59:041,120000445,214800809,601,16942,0
21:42:59:241,120000451,214801270,601,16937,0
21:42:59:441,120000443,214803660,598,16946,0
21:42:59:641,120000446,214800875,601,16936,0
21:42:59:841,120000444,214803818,598,16934,0
21:43:00:041,120000451,214801085,601,16939,0
21:43:00:241,120000447,214800493,601,16940,0
21:43:00:441,120000441,214804196,598,16925,0
21:43:00:641,120000447,214800289,601,16941,0
21:43:00:841,120000434,214804169,598,16943,0
21:43:01:041,120000450,214801055,601,16936,0
21:43:01:241,120000433,214801216,600,16935,0
21:43:01:441,120000439,214804235,600,16944,0
21:43:01:641,120000451,214801036,601,16935,0
21:43:01:841,120000449,214804054,598,16943,0
21:43:02:041,120000447,214800945,601,16937,0
21:43:02:241,120000446,214803819,598,16936,0
21:43:02:441,120000451,214800709,601,16940,0
21:43:02:641,120000447,214800698,601,16939,0
21:43:02:841,120000446,214804147,598,16945,0
21:43:03:041,120000449,214800487,602,16930,0
21:43:03:241,120000435,214803603,598,16936,0
21:43:03:441,120000442,214801019,601,16937,0
21:43:03:641,120000451,214801117,601,16933,0
21:43:03:841,120000447,214804011,598,16939,0
21:43:04:041,120000451,214800712,601,16943,0
21:43:04:241,120000458,214804014,598,16937,0
21:43:04:441,120000439,214800653,601,16942,0
21:43:04:641,120000450,214800295,601,16938,0
21:43:04:841,120000447,214804762,598,16927,0
21:43:05:041,120000454,214801235,601,16937,0
21:43:05:241,120000444,214803921,598,16939,0
21:43:05:441,120000444,214801130,601,16931,0
21:43:05:641,120000441,214803902,598,16939,0
21:43:05:841,120000444,214801691,602,16941,0
21:43:06:041,120000451,214800927,601,16938,0
21:43:06:241,120000458,214804301,598,16940,0
21:43:06:441,120000441,214800732,601,16936,0
21:43:06:641,120000457,214804312,598,16935,0
21:43:06:841,120000445,214800517,601,16934,0
21:43:07:041,120000449,214801667,601,16935,0
21:43:07:241,120000440,214803809,598,16939,0
21:43:07:441,120000446,214801321,602,16931,0
21:43:07:641,120000448,214803312,598,16938,0
21:43:07:841,120000441,214802080,601,16935,0
21:43:08:041,120000451,214800706,601,16942,0
21:43:08:241,120000447,214805208,598,16941,0
21:43:08:441,120000457,214800339,601,16934,0
21:43:08:641,120000436,214804595,598,16935,0
21:43:08:841,120000453,214800128,601,16934,0
21:43:09:041,120000439,214801843,601,16933,0
21:43:09:241,120000447,214803308,598,16936,0
21:43:09:841,120000466,265133906,403,163,0
21:43:09:841,120000466,265133906,403,163,0
21:43:10:041,120000456,240933310,504,8226,0
21:43:10:241,120000450,214801718,601,16933,0
21:43:10:441,120000455,214800288,601,16938,0
21:43:10:641,120000439,214805047,598,16929,0
21:43:10:841,120000431,214799993,601,16934,0
21:43:11:041,120000453,214804687,598,16938,0
21:43:11:241,120000450,214799535,601,16939,0
21:43:11:441,120000458,214801970,601,16939,0
21:43:11:641,120000525,214802862,598,16937,0
21:43:11:841,120000443,214801316,601,16946,0
21:43:12:041,120000459,214802973,598,16935,0
21:43:12:241,120000447,214801481,601,16941,0
21:43:12:441,120000447,214800322,601,16933,0
21:43:12:641,120000455,214805203,598,16940,0
21:43:12:841,120000443,214799614,601,16937,0
21:43:13:041,120000444,214804436,598,16942,0
21:43:13:241,120000460,214799938,601,16934,0
21:43:13:441,120000454,214802233,601,16937,0
21:43:13:641,120000451,214802693,598,16936,0
21:43:13:842,120000446,214801814,601,16937,0
21:43:14:042,120000459,214802578,598,16939,0
21:43:14:242,120000439,214802118,601,16944,0
21:43:14:442,120000450,214802445,598,16940,0
21:43:14:642,120000448,214801464,601,16937,0
21:43:14:842,120000452,214800139,601,16932,0
21:43:15:042,120000450,214804936,598,16936,0
21:43:15:242,120000448,214800679,601,16938,0
21:43:15:442,120000446,214804711,598,16934,0
21:43:15:642,120000430,214799687,602,16935,0
21:43:15:842,120000431,214802354,601,16929,0
21:43:16:042,120000447,214802410,598,16938,0
21:43:16:242,120000446,214801849,601,16940,0
21:43:16:442,120000449,214802162,598,16938,0
21:43:16:642,120000455,214801714,601,16944,0
21:43:16:842,120000430,214799892,601,16932,0
21:43:17:042,120000434,214804432,598,16939,0
21:43:17:242,120000442,214800305,601,16945,0
21:43:17:442,120000441,214804864,598,16937,0
21:43:17:642,120000447,214799916,601,16934,0
21:43:17:842,120000455,214802058,601,16938,0
21:43:18:042,120000455,214802606,598,16935,0
21:43:18:242,120000447,214802355,601,16937,0
21:43:18:442,120000449,214802602,598,16927,0
21:43:18:642,120000435,214801765,601,16936,0
21:43:18:842,120000444,214802303,598,16942,0
21:43:19:042,120000449,214801815,601,16939,0
21:43:19:242,120000439,214800455,601,16934,0
21:43:19:442,120000434,214804720,598,16942,0
21:43:19:642,120000450,214799713,601,16939,0
21:43:19:842,120000436,214804859,598,16944,0
21:43:20:042,120000453,214800343,601,16932,0
21:43:20:242,120000450,214801742,601,16940,0
21:43:20:442,120000435,214803249,598,16934,0
21:43:20:642,120000434,214801779,601,16937,0
21:43:20:842,120000450,214802435,598,16942,0
21:43:21:042,120000452,214802238,601,16939,0
21:43:21:242,120000449,214800254,601,16935,0
21:43:21:442,120000436,214804435,598,16937,0
21:43:21:642,120000445,214799723,601,16939,0
21:43:21:842,120000454,214803962,598,16938,0
21:43:22:042,120000455,214800152,601,16938,0
21:43:22:242,120000445,214802035,601,16943,0
21:43:22:442,120000456,214802454,599,16946,0
21:43:22:642,120000447,214801571,601,16939,0
21:43:22:842,120000454,214802831,598,16933,0
21:43:23:042,120000439,214801731,601,16939,0
21:43:23:242,120000450,214802682,598,16942,0
21:43:23:442,120000456,214802004,601,16930,0
21:43:23:642,120000444,214800185,601,16943,0
21:43:23:842,120000449,214804800,598,16942,0
21:43:24:042,120000435,214799935,601,16939,0
21:43:24:242,120000437,214804082,598,16940,0
21:43:24:442,120000439,214799892,601,16945,0
21:43:24:642,120000444,214801614,601,16936,0
21:43:25:242,120000468,265141737,401,146,0
21:43:25:242,120000468,265141737,401,146,0
21:43:25:442,120000456,249133379,474,5478,0
21:43:25:642,120000444,214801042,601,16937,0
21:43:26:042,120000449,214801030,601,16936,0
21:43:26:242,120000450,214804194,598,16935,0
21:43:26:442,120000443,214800528,601,16938,0
21:43:26:642,120000464,214804318,598,16937,0
21:43:26:842,120000444,214800010,601,16944,0
21:43:27:042,120000440,214801177,601,16935,0
21:43:27:242,120000455,214803772,598,16941,0
21:43:27:442,120000454,214800857,601,16939,0
21:43:27:642,120000453,214803628,598,16934,0
21:43:27:842,120000458,214801945,601,16934,0
21:43:28:042,120000456,214800733,601,16939,0
21:43:28:242,120000451,214804211,598,16932,0
21:43:28:442,120000453,214800779,601,16943,0
21:43:28:642,120000448,214804341,598,16942,0
21:43:28:842,120000449,214800655,601,16941,0
21:43:29:042,120000453,214801335,601,16939,0
21:43:29:242,120000458,214803409,598,16948,0
21:43:29:442,120000448,214801735,601,16933,0
21:43:29:642,120000453,214803093,598,16935,0
21:43:29:842,120000458,214801584,601,16943,0
21:43:30:042,120000453,214800321,601,16933,0
21:43:30:242,120000452,214803865,598,16939,0
21:43:30:442,120000434,214800854,601,16935,0
21:43:30:642,120000453,214803944,598,16936,0
21:43:30:842,120000439,214800002,601,16935,0
21:43:31:042,120000445,214804458,598,16937,0
21:43:31:242,120000451,214800230,601,16935,0
21:43:31:442,120000450,214801205,601,16934,0
21:43:31:642,120000443,214803208,598,16937,0
21:43:31:842,120000446,214801333,601,16939,0
21:43:32:042,120000443,214803300,598,16943,0
21:43:32:242,120000443,214800878,601,16940,0
21:43:32:442,120000435,214801056,601,16931,0
21:43:32:642,120000448,214804001,598,16935,0
21:43:32:842,120000445,214800856,601,16928,0
21:43:33:042,120000444,214804435,598,16936,0
21:43:33:242,120000448,214800109,601,16943,0
21:43:33:442,120000453,214801181,601,16938,0
21:43:33:642,120000432,214803713,598,16933,0
21:43:33:842,120000445,214801017,601,16932,0
21:43:34:042,120000448,214803380,598,16942,0
21:43:34:242,120000444,214801187,601,16943,0
21:43:34:442,120000442,214800793,601,16939,0
21:43:34:642,120000444,214803921,598,16938,0
21:43:34:842,120000448,214801136,601,16933,0
21:43:35:042,120000441,214804316,598,16932,0
21:43:35:242,120000448,214800663,602,16938,0
21:43:35:442,120000441,214804791,598,16935,0
21:43:35:642,120000454,214800128,601,16942,0
21:43:35:842,120000447,214801291,601,16931,0
21:43:36:042,120000448,214803719,598,16936,0
21:43:36:242,120000439,214801730,601,16938,0
21:43:36:442,120000456,214803060,598,16939,0
21:43:36:642,120000450,214801357,601,16936,0
21:43:36:842,120000451,214800714,601,16934,0
21:43:37:042,120000450,214804545,598,16935,0
21:43:37:242,120000448,214800170,601,16938,0
21:43:37:442,120000450,214804976,598,16935,0
21:43:37:642,120000432,214800520,601,16933,0
21:43:37:842,120000437,214801073,602,16940,0
21:43:38:042,120000442,214803370,598,16931,0
21:43:38:242,120000436,214801430,601,16930,0
21:43:38:442,120000450,214803436,598,16936,0
21:43:38:642,120000458,214801945,601,16937,0
21:43:38:842,120000452,214800066,601,16939,0
21:43:39:042,120000450,214804285,598,16944,0
21:43:39:242,120000443,214800493,601,16931,0
21:43:39:442,120000441,214804870,598,16935,0
21:43:39:642,120000447,214799726,601,16933,0
21:43:39:842,120000448,214804374,598,16943,0
21:43:40:042,120000451,214800114,601,16933,0
21:43:40:242,120000450,214801361,601,16940,0
21:43:40:642,120000461,265133496,404,163,0
21:43:40:842,120000451,257595757,438,2669,0
21:43:41:042,120000452,214801239,601,16931,0
21:43:41:242,120000450,214800331,601,16939,0
21:43:41:442,120000449,214804806,598,16940,0
21:43:41:642,120000458,214800289,601,16936,0
21:43:41:842,120000447,214804472,598,16932,0
21:43:42:042,120000461,214800382,601,16936,0
21:43:42:242,120000446,214801383,601,16949,0
21:43:42:442,120000452,214803252,598,16944,0
21:43:42:642,120000454,214801247,601,16936,0
21:43:42:842,120000458,214803637,598,16937,0
21:43:43:042,120000462,214801437,601,16937,0
21:43:43:242,120000446,214800760,600,16947,0
21:43:43:442,120000445,214804313,601,16937,0
21:43:43:642,120000449,214800955,601,16938,0
21:43:43:842,120000451,214804307,598,16944,0
21:43:44:042,120000452,214800770,601,16943,0
21:43:44:242,120000449,214803605,598,16936,0
21:43:44:442,120000447,214800766,601,16933,0
21:43:44:642,120000451,214801435,601,16930,0
21:43:44:842,120000458,214803957,598,16939,0
21:43:45:042,120000442,214801038,601,16933,0
21:43:45:242,120000442,214803722,598,16935,0
21:43:45:442,120000435,214800828,601,16936,0
21:43:45:642,120000431,214801171,601,16939,0
21:43:45:842,120000443,214804599,598,16938,0
21:43:46:042,120000435,214800989,601,16936,0
21:43:46:242,120000434,214804068,598,16937,0
21:43:46:442,120000440,214801070,602,16943,0
21:43:46:642,120000445,214800840,601,16935,0
21:43:46:842,120000438,214804568,598,16934,0
21:43:47:042,120000442,214800543,601,16930,0
21:43:47:242,120000446,214804505,598,16931,0
21:43:47:442,120000448,214800329,601,16938,0
21:43:47:642,120000433,214804284,598,16940,0
21:43:47:842,120000447,214800351,601,16937,0
21:43:48:042,120000458,214801432,601,16938,0
21:43:48:242,120000447,214803501,598,16933,0
21:43:48:442,120000451,214801037,601,16944,0
21:43:48:642,120000448,214803008,598,16936,0
21:43:48:842,120000448,214800836,601,16933,0
21:43:49:042,120000433,214801016,601,16939,0
21:43:49:242,120000442,214804259,598,16939,0
21:43:49:442,120000440,214801100,601,16931,0
21:43:49:642,120000460,214804571,598,16938,0
21:43:49:842,120000439,214800602,601,16935,0
21:43:50:042,120000450,214801559,601,16936,0
21:43:50:242,120000433,214803473,598,16945,0
21:43:50:442,120000453,214801021,601,16948,0
21:43:50:642,120000453,214803422,598,16935,0
21:43:50:842,120000450,214801500,601,16928,0
21:43:51:042,120000451,214800428,601,16942,0
21:43:51:242,120000453,214804208,598,16937,0
21:43:51:442,120000432,214800493,601,16944,0
21:43:51:642,120000442,214804825,598,16938,0
21:43:51:842,120000441,214800179,601,16940,0
21:43:52:042,120000442,214804222,599,16943,0
21:43:52:242,120000448,214800440,601,16942,0
21:43:52:442,120000450,214800240,601,16935,0
21:43:52:642,120000451,214803621,599,16938,0
21:43:52:842,120000455,214801541,601,16936,0
21:43:53:042,120000442,214803488,598,16932,0
21:43:53:242,120000453,214801635,601,16930,0
21:43:53:442,120000449,214800612,602,16938,0
21:43:53:642,120000443,214804147,598,16933,0
21:43:53:842,120000449,214800710,601,16932,0
21:43:54:042,120000445,214804732,598,16941,0
21:43:54:242,120000437,214800217,601,16935,0
21:43:54:442,120000456,214801453,601,16938,0
21:43:54:642,120000449,214803772,598,16938,0
21:43:54:842,120000449,214800920,601,16940,0
21:43:55:042,120000439,214803205,598,16944,0
21:43:55:242,120000440,214801149,601,16940,0
21:43:55:442,120000442,214800491,601,16940,0
21:43:55:642,120000449,214804078,598,16935,0
21:43:56:242,120000440,265133873,403,156,0
21:43:56:242,120000440,265133873,403,156,0
21:43:56:442,120000452,215717875,604,16628,0
21:43:56:642,120000458,214799732,601,16945,0
21:43:56:842,120000439,214802018,601,16946,0
21:43:57:042,120000442,214803084,598,16939,0
21:43:57:242,120000446,214802156,601,16943,0
21:43:57:442,120000465,214802397,598,16941,0
21:43:57:642,120000476,214801709,601,16940,0
21:43:57:842,120000443,214799971,601,16929,0
21:43:58:042,120000456,214804201,598,16940,0
21:43:58:242,120000442,214800279,601,16935,0
21:43:58:442,120000436,214804726,598,16944,0
21:43:58:642,120000442,214800047,601,16934,0
21:43:58:842,120000446,214802072,601,16934,0
21:43:59:042,120000432,214802792,598,16932,0
21:43:59:242,120000450,214802675,601,16937,0
21:43:59:442,120000450,214802741,598,16937,0
21:43:59:642,120000451,214802216,602,16940,0
21:43:59:842,120000458,214800560,600,16934,0
21:44:00:042,120000455,214804905,600,16938,0
21:44:00:242,120000439,214799824,601,16935,0
21:44:00:442,120000450,214804256,598,16942,0
21:44:00:642,120000447,214800326,601,16933,0
21:44:00:842,120000454,214804500,598,16938,0
21:44:01:042,120000447,214800187,601,16937,0
21:44:01:242,120000438,214802326,601,16935,0
21:44:01:442,120000442,214802577,598,16940,0
21:44:01:642,120000443,214802156,601,16942,0
21:44:01:842,120000438,214802521,598,16934,0
21:44:02:042,120000442,214802045,602,16935,0
21:44:02:242,120000451,214800376,601,16929,0
21:44:02:442,120000452,214804588,598,16939,0
21:44:02:642,120000438,214799971,601,16935,0
21:44:02:842,120000457,214804687,598,16937,0
21:44:03:042,120000455,214800023,601,16927,0
21:44:03:242,120000439,214802255,601,16942,0
21:44:03:442,120000450,214802715,598,16932,0
21:44:03:642,120000450,214802004,601,16937,0
21:44:03:842,120000446,214802585,598,16934,0
21:44:04:042,120000451,214802191,601,16940,0
21:44:04:242,120000531,214802087,598,16935,0
21:44:04:442,120000452,214803039,603,16935,0
21:44:04:642,120000441,214800044,601,16931,0
21:44:04:842,120000445,214805248,598,16941,0
21:44:05:042,120000444,214799668,601,16942,0
21:44:05:242,120000446,214804698,598,16945,0
21:44:05:442,120000435,214800376,601,16941,0
21:44:05:642,120000450,214801625,601,16941,0
21:44:05:842,120000450,214802480,598,16933,0
21:44:06:042,120000446,214801935,601,16935,0
21:44:06:242,120000451,214803228,598,16934,0
21:44:06:442,120000455,214801382,601,16934,0
21:44:06:642,120000450,214799565,601,16936,0
21:44:06:842,120000451,214804559,598,16941,0
21:44:07:042,120000439,214800153,601,16938,0
21:44:07:242,120000431,214804679,598,16941,0
21:44:07:442,120000440,214800070,601,16934,0
21:44:07:642,120000447,214802462,601,16942,0
21:44:07:842,120000540,214802960,598,16938,0
21:44:08:042,120000450,214801783,601,16940,0
21:44:08:242,120000450,214803098,598,16937,0
21:44:08:442,120000443,214802088,601,16933,0
21:44:08:642,120000451,214803160,598,16940,0
21:44:08:842,120000458,214801476,601,16941,0
21:44:09:042,120000439,214799954,601,16932,0
21:44:09:242,120000442,214804637,598,16934,0
21:44:09:442,120000443,214799599,601,16949,0
21:44:09:642,120000451,214805102,598,16931,0
21:44:09:842,120000444,214800299,601,16929,0
21:44:10:042,120000432,214802339,601,16934,0
21:44:10:242,120000453,214803407,598,16938,0
21:44:10:442,120000449,214801174,601,16943,0
21:44:10:642,120000436,214803290,598,16937,0
21:44:10:842,120000441,214801383,601,16937,0
21:44:11:042,120000452,214800122,601,16928,0
21:44:11:642,120000447,265141707,401,156,0
21:44:11:642,120000447,265141707,401,156,0
21:44:11:842,120000456,223918480,574,13893,0
21:44:12:042,120000459,214799886,601,16927,0
21:44:12:242,120000447,214804833,598,16937,0
21:44:12:442,120000455,214799644,601,16942,0
21:44:12:642,120000445,214804856,598,16933,0
21:44:12:842,120000452,214800038,601,16936,0
21:44:13:042,120000446,214804292,598,16950,0
21:44:13:242,120000454,214799886,601,16937,0
21:44:13:442,120000445,214801979,601,16944,0
21:44:13:642,120000457,214802478,598,16936,0
21:44:13:842,120000441,214802039,602,16941,0
21:44:14:042,120000453,214803085,598,16937,0
21:44:14:242,120000447,214802145,601,16937,0
21:44:14:442,120000455,214800193,601,16932,0
21:44:14:642,120000465,214804660,598,16934,0
21:44:14:842,120000457,214799947,601,16937,0
21:44:15:042,120000442,214804259,598,16942,0
21:44:15:242,120000463,214800116,601,16940,0
21:44:15:442,120000454,214801605,601,16941,0
21:44:15:642,120000447,214802327,598,16936,0
21:44:15:842,120000454,214801735,601,16939,0
21:44:16:042,120000479,214802449,598,16939,0
21:44:16:242,120000455,214802251,601,16946,0
21:44:16:442,120000439,214800041,600,16938,0
21:44:16:642,120000450,214805192,600,16940,0
21:44:16:842,120000436,214800171,601,16933,0
21:44:17:042,120000450,214804573,598,16945,0
21:44:17:242,120000436,214800177,601,16930,0
21:44:17:442,120000444,214804726,598,16937,0
21:44:17:642,120000458,214800289,601,16933,0
21:44:17:842,120000444,214802137,601,16942,0
21:44:18:042,120000446,214802209,598,16937,0
21:44:18:242,120000454,214802064,601,16941,0
21:44:18:442,120000458,214803188,598,16936,0
21:44:18:642,120000455,214801436,601,16940,0
21:44:18:842,120000447,214799965,601,16939,0
21:44:19:042,120000454,214805019,598,16940,0
21:44:19:242,120000439,214799924,601,16939,0
21:44:19:442,120000437,214805251,598,16937,0
21:44:19:642,120000428,214800214,601,16941,0
21:44:19:842,120000440,214802272,601,16941,0
21:44:20:042,120000439,214802611,598,16941,0
21:44:20:242,120000445,214801896,601,16937,0
21:44:20:442,120000447,214803425,598,16935,0
21:44:20:642,120000429,214801524,601,16935,0
21:44:20:842,120000447,214799732,600,16939,0
21:44:21:042,120000452,214804591,600,16939,0
21:44:21:242,120000442,214800082,601,16940,0
21:44:21:442,120000436,214804788,598,16943,0
21:44:21:642,120000454,214800109,601,16944,0
21:44:21:842,120000450,214804818,598,16934,0
21:44:22:042,120000451,214800317,601,16942,0
21:44:22:242,120000437,214801286,601,16944,0
21:44:22:442,120000507,214802503,598,16936,0
21:44:22:642,120000448,214801664,601,16935,0
21:44:22:842,120000501,214802347,598,16945,0
21:44:23:042,120000436,214801438,601,16941,0
21:44:23:242,120000451,214799762,601,16934,0
21:44:23:442,120000433,214804229,598,16943,0
21:44:23:642,120000444,214800198,601,16939,0
21:44:23:842,120000433,214804757,598,16936,0
21:44:24:042,120000434,214799741,601,16940,0
21:44:24:242,120000445,214801900,601,16939,0
21:44:24:442,120000448,214802198,598,16938,0
21:44:24:642,120000445,214801783,601,16936,0
21:44:24:842,120000441,214803042,598,16932,0
21:44:25:042,120000433,214802073,601,16944,0
21:44:25:242,120000450,214802778,598,16935,0
21:44:25:442,120000449,214802162,602,16943,0
21:44:25:642,120000441,214800376,601,16935,0
21:44:25:842,120000451,214804067,598,16951,0
21:44:26:042,120000441,214800116,601,16935,0
21:44:26:242,120000454,214804735,598,16945,0
21:44:26:442,120000444,214800198,601,16932,0
21:44:27:042,120000456,265134328,403,163,0
21:44:27:042,120000456,265134328,403,163,0
21:44:27:242,120000451,232381256,538,11078,0
21:44:27:442,120000438,214800224,601,16936,0
21:44:27:642,120000442,214800511,601,16940,0
21:44:27:842,120000451,214803152,598,16947,0
21:44:28:042,120000450,214801281,601,16939,0
21:44:28:242,120000445,214803636,598,16936,0
21:44:28:442,120000458,214801304,601,16943,0
21:44:28:642,120000453,214800401,601,16941,0
21:44:28:842,120000456,214804071,598,16941,0
21:44:29:042,120000458,214800029,601,16944,0
21:44:29:242,120000465,214804509,598,16937,0
21:44:29:442,120000462,214800249,601,16943,0
21:44:29:642,120000433,214804470,598,16933,0
21:44:29:842,120000442,214800634,601,16939,0
21:44:30:042,120000452,214800952,601,16938,0
21:44:30:242,120000458,214803769,598,16941,0
21:44:30:442,120000445,214800936,601,16941,0
21:44:30:642,120000464,214803281,598,16940,0
21:44:30:842,120000449,214800915,601,16944,0
21:44:31:042,120000446,214800483,601,16940,0
21:44:31:242,120000448,214804248,598,16937,0
21:44:31:442,120000444,214800664,601,16945,0
21:44:31:642,120000448,214803750,598,16933,0
21:44:31:842,120000448,214800561,601,16940,0
21:44:32:042,120000450,214800467,601,16933,0
21:44:32:242,120000435,214804353,598,16932,0
21:44:32:442,120000434,214800815,601,16930,0
21:44:32:642,120000439,214803803,598,16938,0
21:44:32:842,120000449,214800948,601,16941,0
21:44:33:042,120000443,214801170,601,16938,0
21:44:33:242,120000441,214803916,598,16939,0
21:44:33:442,120000444,214800226,601,16933,0
21:44:33:642,120000455,214803769,598,16944,0
21:44:33:842,120000428,214801191,601,16931,0
21:44:34:042,120000442,214804090,598,16935,0
21:44:34:242,120000446,214801089,601,16936,0
21:44:34:442,120000446,214801073,601,16945,0
21:44:34:642,120000438,214803967,598,16929,0
21:44:34:842,120000447,214800570,601,16937,0
21:44:35:042,120000455,214803652,598,16941,0
21:44:35:242,120000439,214801084,601,16945,0
21:44:35:442,120000437,214801114,601,16939,0
21:44:35:642,120000447,214804156,598,16927,0
21:44:35:842,120000436,214800305,601,16945,0
21:44:36:042,120000453,214804490,598,16939,0
21:44:36:242,120000445,214800775,601,16938,0
21:44:36:442,120000442,214800865,601,16935,0
21:44:36:642,120000442,214804090,598,16938,0
21:44:36:842,120000436,214801044,601,16936,0
21:44:37:042,120000450,214803951,598,16941,0
21:44:37:242,120000447,214800597,601,16940,0
21:44:37:442,120000435,214800739,601,16942,0
21:44:37:642,120000445,214803604,598,16942,0
21:44:37:842,120000451,214800609,601,16935,0
21:44:38:042,120000447,214804277,598,16939,0
21:44:38:242,120000438,214800442,601,16937,0
21:44:38:442,120000453,214804399,598,16935,0
21:44:38:642,120000444,214800646,601,16948,0
21:44:38:842,120000446,214800975,601,16936,0
21:44:39:042,120000440,214803786,598,16939,0
21:44:39:242,120000444,214801443,601,16932,0
21:44:39:442,120000447,214803537,598,16940,0
21:44:39:642,120000447,214801003,601,16937,0
21:44:39:842,120000441,214800824,601,16945,0
21:44:40:042,120000431,214804084,598,16943,0
21:44:40:242,120000445,214800494,601,16938,0
21:44:40:442,120000442,214804483,598,16937,0
21:44:40:642,120000445,214800837,601,16934,0
21:44:40:842,120000442,214800842,601,16943,0
21:44:41:042,120000450,214803640,598,16934,0
21:44:41:242,120000450,214801418,601,16939,0
21:44:41:442,120000442,214803737,598,16940,0
21:44:41:642,120000447,214800991,601,16939,0
21:44:41:842,120000435,214800575,600,16936,0
21:44:42:442,120000476,265141555,401,164,0
21:44:42:442,120000476,265141555,401,164,0
21:44:42:642,120000457,240832684,507,8259,0
21:44:42:842,120000461,214804690,598,16933,0
21:44:43:042,120000451,214800768,601,16930,0
21:44:43:242,120000445,214801438,601,16944,0
21:44:43:442,120000439,214803597,598,16936,0
21:44:43:642,120000459,214801137,601,16940,0
21:44:43:842,120000459,214802737,598,16941,0
21:44:44:042,120000459,214801251,601,16941,0
21:44:44:242,120000447,214800008,601,16938,0
21:44:44:442,120000451,214804452,598,16950,0
21:44:44:642,120000456,214800056,601,16931,0
21:44:44:842,120000456,214804447,598,16945,0
21:44:45:042,120000468,214800141,601,16938,0
21:44:45:242,120000462,214801891,601,16939,0
21:44:45:442,120000460,214803017,598,16941,0
21:44:45:642,120000445,214802102,601,16939,0
21:44:45:842,120000452,214803302,598,16937,0
21:44:46:042,120000458,214801570,601,16949,0
21:44:46:242,120000443,214804320,598,16934,0
21:44:46:442,120000454,214801175,602,16943,0
21:44:46:642,120000460,214800406,601,16941,0
21:44:46:842,120000450,214804659,598,16939,0
21:44:47:042,120000456,214800385,601,16940,0
21:44:47:242,120000461,214804165,598,16936,0
21:44:47:442,120000458,214800414,601,16950,0
21:44:47:642,120000445,214801657,601,16935,0
21:44:47:842,120000446,214803624,598,16941,0
21:44:48:042,120000440,214801371,601,16938,0
21:44:48:242,120000457,214803543,598,16936,0
21:44:48:442,120000447,214801544,601,16930,0
21:44:48:642,120000441,214800538,601,16934,0
21:44:48:842,120000447,214804470,598,16942,0
21:44:49:042,120000455,214801289,601,16939,0
21:44:49:242,120000449,214803914,598,16929,0
21:44:49:442,120000442,214801113,602,16938,0
21:44:49:642,120000442,214801428,601,16941,0
21:44:49:842,120000444,214804171,598,16938,0
21:44:50:042,120000441,214800723,601,16945,0
21:44:50:242,120000446,214804001,598,16951,0
21:44:50:442,120000441,214800587,601,16929,0
21:44:50:642,120000449,214804415,598,16936,0
21:44:50:842,120000440,214800283,602,16938,0
21:44:51:042,120000441,214800767,601,16941,0
21:44:51:242,120000436,214803506,598,16939,0
21:44:51:442,120000454,214800909,601,16944,0
21:44:51:642,120000442,214803948,598,16931,0
21:44:51:842,120000445,214800606,602,16933,0
21:44:52:042,120000445,214801268,601,16943,0
21:44:52:242,120000451,214803357,598,16939,0
21:44:52:442,120000449,214800791,601,16937,0
21:44:52:642,120000450,214803844,598,16934,0
21:44:52:842,120000445,214801215,601,16934,0
21:44:53:042,120000444,214800629,602,16938,0
21:44:53:242,120000451,214804375,598,16931,0
21:44:53:442,120000458,214800513,601,16945,0
21:44:53:642,120000446,214804028,598,16932,0
21:44:53:842,120000452,214801187,601,16938,0
21:44:54:042,120000445,214801094,601,16937,0
21:44:54:242,120000454,214803718,599,16937,0
21:44:54:442,120000455,214800832,601,16946,0
21:44:54:642,120000445,214804302,598,16934,0
21:44:54:842,120000444,214800674,601,16931,0
21:44:55:042,120000458,214804549,598,16944,0
21:44:55:242,120000479,214800446,601,16932,0
21:44:55:442,120000450,214801130,601,16941,0
21:44:55:642,120000448,214803946,598,16935,0
21:44:55:842,120000450,214801322,601,16937,0
21:44:56:042,120000438,214803602,598,16940,0
21:44:56:242,120000434,214801366,601,16942,0
21:44:56:442,120000428,214800767,601,16942,0
21:44:56:642,120000453,214803892,598,16930,0
21:44:56:842,120000444,214800859,601,16943,0
21:44:57:042,120000460,214804952,598,16929,0
21:44:57:242,120000444,214799859,601,16951,0
21:44:57:842,120000472,265134409,403,156,0
21:44:57:842,120000472,265134409,403,156,0
21:44:58:042,120000454,249294526,471,5431,0
21:44:58:242,120000462,214802392,601,16930,0
21:44:58:642,120000444,214805025,600,16943,0
21:44:58:842,120000446,214799970,601,16938,0
21:44:59:042,120000439,214804855,598,16940,0
21:44:59:242,120000458,214799994,601,16938,0
21:44:59:442,120000441,214804833,598,16935,0
21:44:59:642,120000435,214799839,601,16932,0
21:44:59:842,120000463,214802043,601,16947,0
21:45:00:042,120000443,214802491,598,16939,0
21:45:00:242,120000448,214801680,601,16937,0
21:45:00:442,120000450,214802378,598,16939,0
21:45:00:642,120000443,214802037,601,16936,0
21:45:00:842,120000443,214799747,601,16937,0
21:45:01:042,120000448,214804849,598,16940,0
21:45:01:242,120000446,214799824,601,16939,0
21:45:01:442,120000441,214805533,598,16937,0
21:45:01:642,120000446,214800152,601,16936,0
21:45:01:842,120000454,214802023,601,16939,0
21:45:02:042,120000439,214802838,598,16940,0
21:45:02:242,120000437,214801824,601,16943,0
21:45:02:442,120000434,214802858,598,16936,0
21:45:02:642,120000441,214801757,601,16932,0
21:45:02:842,120000453,214800740,598,16935,0
21:45:03:042,120000431,214804227,603,16937,0
21:45:03:242,120000453,214800105,601,16936,0
21:45:03:442,120000450,214805028,598,16935,0
21:45:03:642,120000451,214799787,601,16942,0
21:45:03:842,120000452,214804963,598,16943,0
21:45:04:042,120000441,214799698,601,16945,0
21:45:04:242,120000448,214801960,601,16944,0
21:45:04:442,120000436,214803443,598,16934,0
21:45:04:642,120000431,214801935,602,16944,0
21:45:04:842,120000434,214802845,598,16937,0
21:45:05:042,120000434,214801538,601,16940,0
21:45:05:242,120000445,214800107,601,16940,0
21:45:05:442,120000432,214804262,598,16939,0
21:45:05:642,120000434,214800103,601,16937,0
21:45:05:842,120000439,214804322,598,16943,0
21:45:06:042,120000449,214799617,601,16942,0
21:45:06:242,120000440,214802570,601,16940,0
21:45:06:442,120000452,214803090,598,16941,0
21:45:06:642,120000448,214801721,601,16942,0
21:45:06:842,120000442,214803271,598,16934,0
21:45:07:042,120000440,214801673,601,16943,0
21:45:07:242,120000443,214802412,598,16942,0
21:45:07:442,120000441,214801951,602,16940,0
21:45:07:642,120000442,214799893,601,16944,0
21:45:07:842,120000432,214804810,598,16941,0
21:45:08:042,120000450,214799607,601,16933,0
21:45:08:242,120000447,214805045,598,16939,0
21:45:08:442,120000446,214800726,601,16938,0
21:45:08:642,120000454,214802171,601,16935,0
21:45:08:842,120000450,214803552,598,16933,0
21:45:09:042,120000448,214801453,601,16933,0
21:45:09:242,120000450,214802948,598,16940,0
21:45:09:442,120000430,214801279,601,16947,0
21:45:09:642,120000453,214799945,601,16935,0
21:45:09:842,120000442,214804958,598,16939,0
21:45:10:042,120000470,214800149,601,16932,0
21:45:10:242,120000444,214804859,598,16934,0
21:45:10:442,120000458,214800065,601,16938,0
21:45:10:642,120000453,214801933,601,16939,0
21:45:10:842,120000447,214803112,598,16938,0
21:45:11:042,120000438,214801378,601,16939,0
21:45:11:242,120000442,214802753,598,16938,0
21:45:11:442,120000435,214801842,601,16933,0
21:45:11:642,120000442,214802961,598,16934,0
21:45:11:842,120000448,214801651,601,16931,0
21:45:12:042,120000446,214800316,601,16939,0
21:45:12:242,120000430,214804863,598,16937,0
21:45:12:442,120000443,214800274,601,16941,0
21:45:12:642,120000447,214804644,598,16937,0
21:45:12:842,120000447,214800909,601,16939,0
21:45:13:242,120000476,265141802,402,160,0
21:45:13:442,120000461,257495179,441,2696,0
21:45:13:642,120000436,214804663,598,16932,0
21:45:13:842,120000450,214800467,601,16938,0
21:45:14:042,120000447,214801170,601,16938,0
21:45:14:242,120000438,214802910,598,16945,0
21:45:14:442,120000450,214801318,601,16933,0
21:45:14:642,120000465,214803587,598,16940,0
21:45:14:842,120000455,214801309,601,16941,0
21:45:15:042,120000445,214800726,601,16938,0
21:45:15:242,120000470,214804720,598,16933,0
21:45:15:442,120000456,214800379,601,16936,0
21:45:15:642,120000456,214804329,598,16932,0
21:45:15:842,120000452,214800339,601,16939,0
21:45:16:042,120000441,214804082,598,16943,0
21:45:16:242,120000441,214800004,601,16943,0
21:45:16:442,120000460,214801516,601,16932,0
21:45:16:642,120000468,214803923,598,16936,0
21:45:16:842,120000462,214801330,601,16939,0
21:45:17:042,120000449,214803365,598,16934,0
21:45:17:242,120000449,214801379,601,16934,0
21:45:17:442,120000451,214800540,601,16936,0
21:45:17:642,120000443,214804195,598,16936,0
21:45:17:842,120000452,214800831,601,16935,0
21:45:18:042,120000448,214803301,598,16944,0
21:45:18:242,120000464,214800467,601,16935,0
21:45:18:442,120000459,214801653,601,16942,0
21:45:18:642,120000454,214803300,598,16939,0
21:45:18:842,120000458,214801618,601,16937,0
21:45:19:042,120000455,214803619,598,16937,0
21:45:19:242,120000448,214801126,601,16943,0
21:45:19:442,120000443,214800079,601,16942,0
21:45:19:642,120000444,214804673,598,16942,0
21:45:19:842,120000454,214800900,601,16940,0
21:45:20:042,120000440,214804254,598,16937,0
21:45:20:242,120000457,214800423,601,16935,0
21:45:20:442,120000450,214803957,598,16932,0
21:45:20:642,120000454,214800380,601,16942,0
21:45:20:842,120000458,214800559,601,16950,0
21:45:21:042,120000448,214803259,598,16928,0
21:45:21:242,120000442,214801355,601,16941,0
21:45:21:442,120000450,214803732,598,16936,0
21:45:21:642,120000441,214801449,601,16944,0
21:45:21:842,120000450,214800278,601,16941,0
21:45:22:042,120000460,214804549,598,16936,0
21:45:22:242,120000449,214800307,602,16940,0
21:45:22:442,120000449,214804475,598,16939,0
21:45:22:642,120000449,214800649,601,16935,0
21:45:22:842,120000453,214801302,601,16939,0
21:45:23:042,120000456,214803550,598,16939,0
21:45:23:242,120000442,214801186,601,16943,0
21:45:23:442,120000460,214803546,598,16936,0
21:45:23:642,120000459,214801513,601,16935,0
21:45:23:842,120000461,214800979,598,16940,0
21:45:24:042,120000435,214802943,603,16940,0
21:45:24:242,120000451,214800114,601,16938,0
21:45:24:442,120000445,214804455,598,16938,0
21:45:24:642,120000464,214800342,601,16947,0
21:45:24:842,120000465,214804260,598,16936,0
21:45:25:042,120000460,214800137,601,16938,0
21:45:25:242,120000458,214801692,601,16940,0
21:45:25:442,120000443,214803199,598,16933,0
21:45:25:642,120000451,214801854,601,16937,0
21:45:25:842,120000448,214803497,598,16937,0
21:45:26:042,120000464,214801589,601,16933,0
21:45:26:242,120000460,214800287,601,16939,0
21:45:26:442,120000458,214804657,598,16934,0
21:45:26:642,120000457,214800647,601,16933,0
21:45:26:842,120000445,214804130,598,16942,0
21:45:27:042,120000452,214800131,601,16937,0
21:45:27:242,120000461,214801355,601,16939,0
21:45:27:442,120000445,214803979,598,16936,0
21:45:27:642,120000451,214800671,601,16935,0
21:45:27:842,120000431,214803699,598,16940,0
21:45:28:042,120000455,214801238,601,16934,0
21:45:28:242,120000448,214803886,598,16941,0
21:45:28:842,120000460,265141723,401,156,0
21:45:28:842,120000460,265141723,401,156,0
21:45:29:042,120000463,215617032,607,16658,0
21:45:29:242,120000453,214803046,598,16940,0
21:45:29:442,120000433,214801842,601,16936,0
21:45:29:642,120000442,214799955,601,16937,0
21:45:29:842,120000457,214805152,598,16935,0
21:45:30:042,120000471,214799958,601,16939,0
21:45:30:242,120000452,214805217,598,16931,0
21:45:30:442,120000456,214800552,601,16938,0
21:45:30:642,120000466,214801674,601,16937,0
21:45:30:842,120000450,214803041,599,16937,0
21:45:31:042,120000435,214801411,601,16937,0
21:45:31:242,120000442,214803148,598,16931,0
21:45:31:442,120000454,214801774,602,16934,0
21:45:31:642,120000442,214799950,601,16942,0
21:45:31:842,120000439,214804518,598,16943,0
21:45:32:042,120000443,214800400,601,16933,0
21:45:32:242,120000451,214804496,598,16935,0
21:45:32:442,120000441,214799771,601,16938,0
21:45:32:642,120000451,214804842,598,16947,0
21:45:32:842,120000450,214799627,601,16938,0
21:45:33:042,120000451,214801741,601,16940,0
21:45:33:242,120000455,214802633,598,16940,0
21:45:33:442,120000453,214802053,601,16938,0
21:45:33:642,120000453,214803283,598,16938,0
21:45:33:842,120000448,214801789,601,16931,0
21:45:34:042,120000439,214799762,601,16940,0
21:45:34:242,120000440,214804987,598,16932,0
21:45:34:442,120000496,214800588,601,16935,0
21:45:34:642,120000445,214804576,598,16936,0
21:45:34:842,120000438,214800692,601,16946,0
21:45:35:042,120000451,214801763,601,16936,0
21:45:35:242,120000433,214803759,598,16941,0
21:45:35:442,120000450,214801488,601,16943,0
21:45:35:642,120000453,214803456,598,16935,0
21:45:35:842,120000448,214801062,601,16939,0
21:45:36:042,120000452,214799436,601,16934,0
21:45:36:242,120000433,214804459,598,16939,0
21:45:36:442,120000442,214799663,601,16940,0
21:45:36:642,120000448,214804112,598,16943,0
21:45:36:842,120000436,214800223,601,16930,0
21:45:37:042,120000447,214804751,598,16939,0
21:45:37:242,120000442,214800389,601,16934,0
21:45:37:442,120000449,214802330,601,16930,0
21:45:37:642,120000451,214803307,598,16935,0
21:45:37:842,120000456,214801991,601,16936,0
21:45:38:042,120000455,214802988,598,16942,0
21:45:38:242,120000452,214801415,601,16930,0
21:45:38:442,120000449,214799973,601,16935,0
21:45:38:642,120000455,214804464,598,16947,0
21:45:38:842,120000450,214799974,601,16936,0
21:45:39:042,120000443,214804629,598,16941,0
21:45:39:242,120000438,214800497,601,16936,0
21:45:39:442,120000437,214802004,601,16932,0
21:45:39:642,120000454,214803695,598,16942,0
21:45:39:842,120000439,214801269,601,16938,0
21:45:40:042,120000442,214803288,598,16939,0
21:45:40:242,120000443,214801325,601,16938,0
21:45:40:442,120000441,214800138,601,16938,0
21:45:40:642,120000436,214804319,598,16942,0
21:45:40:842,120000452,214800056,601,16939,0
21:45:41:042,120000435,214804433,599,16938,0
21:45:41:242,120000450,214800379,601,16935,0
21:45:41:442,120000439,214804004,598,16942,0
21:45:41:642,120000445,214800585,601,16936,0
21:45:41:842,120000448,214801809,601,16937,0
21:45:42:042,120000447,214803377,598,16936,0
21:45:42:242,120000446,214801556,601,16931,0
21:45:42:442,120000454,214803236,598,16943,0
21:45:42:642,120000455,214801453,601,16936,0
21:45:42:842,120000439,214799798,601,16935,0
21:45:43:042,120000434,214805013,598,16942,0
21:45:43:242,120000442,214800145,601,16943,0
21:45:43:442,120000438,214804895,598,16935,0
21:45:43:642,120000447,214800550,601,16944,0
21:45:44:242,120000456,265133879,403,154,0
21:45:44:242,120000456,265133879,403,154,0
21:45:44:442,120000448,224080183,571,13838,0
21:45:44:642,120000450,214799585,602,16942,0
21:45:44:842,120000451,214804099,598,16940,0
21:45:45:042,120000452,214799880,603,16938,0
21:45:45:242,120000444,214801988,601,16932,0
21:45:45:442,120000453,214802939,598,16927,0
21:45:45:642,120000457,214802023,601,16937,0
21:45:45:842,120000458,214802582,598,16938,0
21:45:46:042,120000453,214801972,601,16946,0
21:45:46:242,120000448,214800147,601,16932,0
21:45:46:442,120000442,214804298,598,16945,0
21:45:46:642,120000463,214800119,601,16932,0
21:45:46:842,120000442,214804969,599,16938,0
21:45:47:042,120000447,214799906,601,16937,0
21:45:47:242,120000442,214801133,601,16946,0
21:45:47:442,120000440,214803090,598,16939,0
21:45:47:642,120000446,214802159,601,16931,0
21:45:47:842,120000451,214803355,598,16934,0
21:45:48:042,120000452,214802106,601,16936,0
21:45:48:242,120000449,214799621,601,16942,0
21:45:48:442,120000455,214804537,598,16940,0
21:45:48:642,120000442,214799944,601,16931,0
21:45:48:842,120000434,214805051,598,16934,0
21:45:49:042,120000439,214800132,601,16946,0
21:45:49:242,120000438,214804756,598,16938,0
21:45:49:442,120000450,214800361,602,16933,0
21:45:49:642,120000442,214801907,601,16944,0
21:45:49:842,120000446,214802874,598,16933,0
21:45:50:042,120000448,214801695,601,16941,0
21:45:50:242,120000439,214802425,598,16933,0
21:45:50:442,120000428,214802309,601,16944,0
21:45:50:642,120000434,214800040,601,16939,0
21:45:50:842,120000450,214804863,598,16945,0
21:45:51:042,120000436,214799916,601,16935,0
21:45:51:242,120000445,214804935,598,16944,0
21:45:51:442,120000454,214799797,601,16941,0
21:45:51:642,120000445,214801990,601,16935,0
21:45:51:842,120000448,214802725,599,16939,0
21:45:52:042,120000438,214801374,601,16941,0
21:45:52:242,120000439,214803008,598,16933,0
21:45:52:442,120000455,214802031,601,16938,0
21:45:52:642,120000452,214800447,601,16931,0
21:45:52:842,120000441,214805005,598,16936,0
21:45:53:042,120000451,214799752,601,16942,0
21:45:53:242,120000458,214805233,598,16942,0
21:45:53:442,120000447,214800073,601,16932,0
21:45:53:642,120000443,214804683,598,16937,0
21:45:53:842,120000438,214799456,601,16944,0
21:45:54:042,120000442,214802168,601,16940,0
21:45:54:242,120000446,214802987,599,16937,0
21:45:54:442,120000435,214802103,601,16937,0
21:45:54:642,120000434,214802793,598,16941,0
21:45:54:842,120000439,214802018,601,16942,0
21:45:55:042,120000448,214800315,601,16932,0
21:45:55:242,120000444,214804512,598,16938,0
21:45:55:442,120000446,214799815,601,16942,0
21:45:55:642,120000443,214804575,598,16943,0
21:45:55:842,120000454,214800153,601,16932,0
21:45:56:042,120000449,214801910,601,16935,0
21:45:56:242,120000452,214802640,598,16938,0
21:45:56:442,120000449,214802294,601,16939,0
21:45:56:642,120000439,214802532,598,16939,0
21:45:56:842,120000428,214801774,601,16935,0
21:45:57:042,120000447,214799746,601,16941,0
21:45:57:242,120000449,214804494,598,16939,0
21:45:57:442,120000455,214799949,602,16937,0
21:45:57:642,120000445,214804693,598,16935,0
21:45:57:842,120000428,214799658,601,16932,0
21:45:58:042,120000450,214804640,598,16938,0
21:45:58:242,120000439,214800110,602,16936,0
21:45:58:442,120000434,214801815,601,16935,0
21:45:58:642,120000444,214802919,598,16935,0
21:45:58:842,120000452,214802142,601,16936,0
21:45:59:042,120000447,214802774,598,16929,0
21:45:59:642,120000457,265141034,401,155,0
21:45:59:642,120000457,265141034,401,155,0
21:45:59:842,120000488,232531156,540,11025,0
21:46:00:042,120000444,214803570,598,16934,0
21:46:00:242,120000445,214801163,601,16930,0
21:46:00:442,120000434,214801135,601,16932,0
21:46:00:642,120000437,214804136,598,16938,0
21:46:00:842,120000460,214800403,601,16933,0
21:46:01:042,120000460,214804341,598,16940,0
21:46:01:242,120000449,214800122,601,16941,0
21:46:01:442,120000454,214800697,601,16942,0
21:46:01:642,120000446,214803614,598,16943,0
21:46:01:842,120000432,214800826,601,16939,0
21:46:02:042,120000439,214803977,598,16938,0
21:46:02:242,120000452,214800847,601,16937,0
21:46:02:442,120000446,214803650,599,16943,0
21:46:02:642,120000451,214801180,601,16933,0
21:46:02:842,120000445,214800502,601,16941,0
21:46:03:042,120000447,214803871,598,16947,0
21:46:03:242,120000439,214800725,602,16932,0
21:46:03:442,120000453,214804295,598,16938,0
21:46:03:642,120000446,214800624,601,16928,0
21:46:03:842,120000447,214801086,601,16935,0
21:46:04:042,120000435,214803541,598,16948,0
21:46:04:242,120000442,214801083,601,16933,0
21:46:04:442,120000435,214803522,598,16946,0
21:46:04:642,120000434,214801293,601,16937,0
21:46:04:842,120000445,214801355,601,16936,0
21:46:05:042,120000448,214804278,598,16935,0
21:46:05:242,120000453,214801099,601,16938,0
21:46:05:442,120000448,214804596,598,16933,0
21:46:05:642,120000445,214800560,601,16937,0
21:46:05:842,120000449,214804748,598,16940,0
21:46:06:042,120000437,214800284,603,16933,0
21:46:06:242,120000452,214801336,602,16932,0
21:46:06:442,120000448,214803331,598,16941,0
21:46:06:642,120000450,214801610,601,16936,0
21:46:06:842,120000443,214802993,598,16943,0
21:46:07:042,120000441,214801611,601,16940,0
21:46:07:242,120000446,214800863,601,16935,0
21:46:07:442,120000446,214804124,598,16940,0
21:46:07:642,120000454,214800291,601,16942,0
21:46:07:842,120000458,214804725,598,16933,0
21:46:08:042,120000444,214799767,601,16947,0
21:46:08:242,120000449,214800744,601,16935,0
21:46:08:442,120000448,214803408,598,16944,0
21:46:08:642,120000458,214801531,602,16942,0
21:46:08:842,120000442,214803440,598,16940,0
21:46:09:042,120000449,214801968,601,16939,0
21:46:09:242,120000443,214800403,601,16941,0
21:46:09:442,120000444,214804975,598,16934,0
21:46:09:642,120000445,214800379,601,16941,0
21:46:09:842,120000441,214804720,598,16940,0
21:46:10:042,120000439,214799957,601,16933,0
21:46:10:242,120000451,214804509,598,16938,0
21:46:10:442,120000447,214800077,602,16938,0
21:46:10:642,120000454,214801860,601,16938,0
21:46:10:842,120000458,214803028,598,16942,0
21:46:11:042,120000455,214801584,601,16939,0
21:46:11:242,120000447,214803647,598,16935,0
21:46:11:442,120000436,214802298,601,16939,0
21:46:11:642,120000450,214800147,601,16939,0
21:46:11:842,120000455,214804527,598,16936,0
21:46:12:042,120000449,214799697,601,16939,0
21:46:12:242,120000452,214804930,598,16938,0
21:46:12:442,120000455,214799916,601,16935,0
21:46:12:642,120000450,214801344,601,16937,0
21:46:12:842,120000438,214802987,598,16937,0
21:46:13:042,120000442,214801923,601,16931,0
21:46:13:242,120000440,214803008,599,16939,0
21:46:13:442,120000438,214801758,601,16939,0
21:46:13:642,120000448,214800008,601,16940,0
21:46:13:842,120000450,214804989,598,16931,0
21:46:14:042,120000435,214799894,601,16945,0
21:46:14:242,120000434,214804702,598,16939,0
21:46:14:442,120000447,214800105,601,16944,0
21:46:15:042,120000479,265133799,403,154,0
21:46:15:042,120000479,265133799,403,154,0
21:46:15:242,120000457,240742175,505,8297,0
21:46:15:442,120000456,214800321,601,16930,0
21:46:15:642,120000447,214804543,598,16936,0
21:46:15:842,120000433,214799978,601,16934,0
21:46:16:042,120000442,214802132,601,16938,0
21:46:16:242,120000461,214802771,598,16932,0
21:46:16:442,120000450,214802121,601,16942,0
21:46:16:642,120000447,214802658,598,16938,0
21:46:16:842,120000463,214801997,601,16939,0
21:46:17:042,120000435,214799793,601,16941,0
21:46:17:242,120000447,214805009,598,16938,0
21:46:17:442,120000436,214800115,601,16936,0
21:46:17:642,120000437,214804735,598,16940,0
21:46:17:842,120000437,214800395,601,16934,0
21:46:18:042,120000434,214802294,601,16938,0
21:46:18:242,120000431,214802631,598,16944,0
21:46:18:442,120000450,214801990,601,16939,0
21:46:18:642,120000442,214802615,598,16939,0
21:46:18:842,120000444,214801883,601,16944,0
21:46:19:042,120000438,214802748,598,16940,0
21:46:19:242,120000454,214802087,601,16940,0
21:46:19:442,120000455,214799717,601,16935,0
21:46:19:642,120000458,214804625,598,16936,0
21:46:19:842,120000447,214800100,601,16935,0
21:46:20:042,120000446,214804751,598,16946,0
21:46:20:242,120000440,214800198,601,16939,0
21:46:20:442,120000446,214801589,601,16939,0
21:46:20:642,120000454,214802246,598,16938,0
21:46:20:842,120000442,214802313,601,16931,0
21:46:21:042,120000436,214802232,598,16937,0
21:46:21:242,120000445,214801809,601,16941,0
21:46:21:442,120000445,214800478,601,16937,0
21:46:21:642,120000441,214804435,598,16937,0
21:46:21:842,120000441,214800002,601,16939,0
21:46:22:042,120000454,214804726,598,16943,0
21:46:22:243,120000436,214800014,601,16934,0
21:46:22:443,120000456,214801107,601,16948,0
21:46:22:643,120000459,214802807,599,16939,0
21:46:22:843,120000448,214802072,601,16939,0
21:46:23:043,120000453,214802949,598,16934,0
21:46:23:243,120000453,214802418,601,16934,0
21:46:23:443,120000445,214802886,598,16936,0
21:46:23:643,120000460,214802411,601,16938,0
21:46:23:843,120000462,214800184,601,16941,0
21:46:24:043,120000456,214804789,598,16944,0
21:46:24:243,120000445,214799688,601,16944,0
21:46:24:443,120000445,214804726,598,16933,0
21:46:24:643,120000444,214800340,601,16941,0
21:46:24:843,120000460,214802234,601,16933,0
21:46:25:043,120000449,214803076,598,16938,0
21:46:25:243,120000450,214801647,601,16940,0
21:46:25:443,120000445,214802798,598,16934,0
21:46:25:643,120000439,214802225,601,16937,0
21:46:25:843,120000443,214799946,601,16940,0
21:46:26:043,120000446,214804864,598,16943,0
21:46:26:243,120000432,214800168,601,16935,0
21:46:26:443,120000437,214804481,598,16940,0
21:46:26:643,120000444,214800146,601,16935,0
21:46:26:843,120000436,214804442,598,16938,0
21:46:27:043,120000434,214799916,602,16929,0
21:46:27:243,120000439,214801950,601,16944,0
21:46:27:443,120000435,214802701,598,16936,0
21:46:27:643,120000437,214802546,601,16935,0
21:46:27:843,120000442,214803297,598,16937,0
21:46:28:043,120000435,214802059,601,16938,0
21:46:28:243,120000450,214799860,601,16940,0
21:46:28:443,120000458,214805015,598,16933,0
21:46:28:643,120000447,214799224,601,16938,0
21:46:28:843,120000438,214805079,598,16937,0
21:46:29:043,120000434,214800023,601,16935,0
21:46:29:243,120000439,214802033,601,16935,0
21:46:29:443,120000454,214802226,598,16941,0
21:46:29:643,120000439,214801766,601,16933,0
21:46:29:843,120000442,214803205,599,16936,0
21:46:30:443,120000476,265142384,401,153,0
21:46:30:443,120000476,265142384,401,153,0
21:46:30:643,120000458,249194385,474,5467,0
21:46:30:843,120000450,214803504,598,16941,0
21:46:31:243,120000438,214803386,598,16942,0
21:46:31:443,120000434,214801371,601,16932,0
21:46:31:643,120000431,214800857,601,16937,0
21:46:31:843,120000466,214804315,598,16934,0
21:46:32:043,120000450,214800942,601,16935,0
21:46:32:243,120000453,214804645,598,16933,0
21:46:32:443,120000451,214799720,601,16940,0
21:46:32:643,120000441,214801206,601,16940,0
21:46:32:843,120000444,214803513,598,16939,0
21:46:33:043,120000444,214800702,601,16941,0
21:46:33:243,120000451,214803965,598,16935,0
21:46:33:443,120000455,214801283,601,16949,0
21:46:33:643,120000444,214800965,601,16939,0
21:46:33:843,120000452,214804291,598,16936,0
21:46:34:043,120000451,214800442,601,16944,0
21:46:34:243,120000455,214804554,598,16934,0
21:46:34:443,120000447,214800564,601,16945,0
21:46:34:643,120000457,214800729,601,16938,0
21:46:34:843,120000436,214803714,598,16937,0
21:46:35:043,120000445,214800944,601,16938,0
21:46:35:243,120000440,214803454,598,16941,0
21:46:35:443,120000449,214801463,601,16931,0
21:46:35:643,120000443,214803550,598,16931,0
21:46:35:843,120000443,214801935,601,16938,0
21:46:36:043,120000435,214800501,602,16931,0
21:46:36:243,120000450,214804057,598,16934,0
21:46:36:443,120000450,214799774,601,16941,0
21:46:36:643,120000457,214803737,598,16948,0
21:46:36:843,120000444,214801092,601,16933,0
21:46:37:043,120000441,214801305,601,16942,0
21:46:37:243,120000431,214803548,598,16943,0
21:46:37:443,120000431,214801560,601,16934,0
21:46:37:643,120000450,214803624,598,16941,0
21:46:37:843,120000450,214802324,601,16935,0
21:46:38:043,120000451,214800810,601,16935,0
21:46:38:243,120000453,214804916,598,16930,0
21:46:38:443,120000440,214799939,601,16936,0
21:46:38:643,120000451,214804216,598,16943,0
21:46:38:843,120000450,214800022,601,16929,0
21:46:39:043,120000454,214801862,601,16940,0
21:46:39:243,120000439,214803009,598,16940,0
21:46:39:443,120000442,214801822,601,16938,0
21:46:39:643,120000445,214803081,598,16938,0
21:46:39:843,120000455,214802092,601,16936,0
21:46:40:043,120000452,214802602,598,16933,0
21:46:40:243,120000455,214801968,601,16933,0
21:46:40:443,120000455,214799755,601,16933,0
21:46:40:643,120000450,214804453,598,16944,0
21:46:40:843,120000446,214799805,601,16933,0
21:46:41:043,120000451,214804754,599,16934,0
21:46:41:243,120000455,214800172,601,16933,0
21:46:41:443,120000455,214801537,601,16936,0
21:46:41:643,120000448,214803374,598,16932,0
21:46:41:843,120000443,214801614,601,16935,0
21:46:42:043,120000443,214803357,598,16940,0
21:46:42:243,120000449,214802270,601,16941,0
21:46:42:443,120000435,214800110,601,16945,0
21:46:42:643,120000447,214804557,599,16943,0
21:46:42:843,120000441,214800176,601,16934,0
21:46:43:043,120000438,214804941,598,16943,0
21:46:43:243,120000447,214800254,601,16936,0
21:46:43:443,120000442,214802313,601,16930,0
21:46:43:643,120000454,214803071,599,16945,0
21:46:43:843,120000456,214802290,601,16938,0
21:46:44:043,120000449,214802583,598,16939,0
21:46:44:243,120000451,214802230,601,16939,0
21:46:44:443,120000451,214802809,598,16928,0
21:46:44:643,120000464,214802111,601,16934,0
21:46:44:843,120000465,214800018,601,16931,0
21:46:45:043,120000442,214804550,598,16942,0
21:46:45:243,120000442,214800200,601,16942,0
21:46:45:443,120000445,214804717,598,16933,0
21:46:45:843,120000469,265133983,404,169,0
21:46:46:043,120000449,257655838,438,2654,0
21:46:46:243,120000455,214801572,601,16938,0
21:46:46:443,120000455,214803738,598,16936,0
21:46:46:643,120000442,214800897,601,16942,0
21:46:46:843,120000434,214800367,601,16933,0
21:46:47:043,120000436,214804466,598,16936,0
21:46:47:243,120000468,214799992,601,16946,0
21:46:47:443,120000449,214803799,598,16936,0
21:46:47:643,120000452,214800331,601,16937,0
21:46:47:843,120000452,214804621,598,16936,0
21:46:48:043,120000438,214800674,603,16936,0
21:46:48:243,120000456,214801177,601,16944,0
21:46:48:443,120000454,214803749,598,16930,0
21:46:48:643,120000445,214801354,601,16928,0
21:46:48:843,120000460,214804159,598,16936,0
21:46:49:043,120000465,214801203,601,16948,0
21:46:49:243,120000460,214800072,601,16940,0
21:46:49:443,120000455,214804574,598,16945,0
21:46:49:643,120000433,214799898,601,16945,0
21:46:49:843,120000447,214804453,598,16931,0
21:46:50:043,120000441,214800823,601,16930,0
21:46:50:243,120000438,214801829,601,16932,0
21:46:50:443,120000434,214803560,598,16939,0
21:46:50:643,120000439,214800671,601,16946,0
21:46:50:843,120000438,214803713,598,16934,0
21:46:51:043,120000444,214801052,601,16937,0
21:46:51:243,120000444,214800343,601,16943,0
21:46:51:443,120000443,214804576,598,16939,0
21:46:51:643,120000446,214799850,601,16942,0
21:46:51:843,120000440,214804448,598,16943,0
21:46:52:043,120000446,214800863,601,16938,0
21:46:52:243,120000451,214804408,598,16937,0
21:46:52:443,120000444,214800720,601,16942,0
21:46:52:643,120000445,214801329,601,16939,0
21:46:52:843,120000452,214803428,598,16941,0
21:46:53:043,120000452,214801189,601,16936,0
21:46:53:243,120000450,214803748,598,16933,0
21:46:53:443,120000451,214800989,601,16933,0
21:46:53:643,120000450,214800091,601,16932,0
21:46:53:843,120000451,214804238,598,16939,0
21:46:54:043,120000447,214800707,601,16940,0
21:46:54:243,120000448,214804592,598,16936,0
21:46:54:443,120000444,214800344,601,16935,0
21:46:54:643,120000435,214801045,601,16941,0
21:46:54:843,120000445,214803401,598,16938,0
21:46:55:043,120000445,214801219,601,16932,0
21:46:55:243,120000452,214803469,598,16942,0
21:46:55:443,120000439,214801542,601,16935,0
21:46:55:643,120000442,214800409,601,16933,0
21:46:55:843,120000435,214804441,598,16940,0
21:46:56:043,120000447,214800207,601,16925,0
21:46:56:243,120000455,214804627,598,16938,0
21:46:56:443,120000441,214800373,601,16935,0
21:46:56:643,120000440,214803992,598,16936,0
21:46:56:843,120000457,214800469,601,16940,0
21:46:57:043,120000452,214801465,601,16937,0
21:46:57:243,120000433,214803630,598,16944,0
21:46:57:443,120000445,214801240,601,16935,0
21:46:57:643,120000453,214803877,599,16933,0
21:46:57:843,120000440,214800930,601,16932,0
21:46:58:043,120000451,214801203,601,16934,0
21:46:58:243,120000433,214804639,598,16938,0
21:46:58:443,120000442,214801614,601,16938,0
21:46:58:643,120000435,214803798,599,16942,0
21:46:58:843,120000450,214800914,601,16937,0
21:46:59:043,120000442,214800890,601,16943,0
21:46:59:243,120000431,214803666,598,16944,0
21:46:59:443,120000434,214801023,601,16938,0
21:46:59:643,120000437,214804627,598,16933,0
21:46:59:843,120000447,214800184,601,16941,0
21:47:00:043,120000447,214800695,601,16932,0
21:47:00:243,120000451,214803568,598,16943,0
21:47:00:443,120000461,214800605,601,16933,0
21:47:00:643,120000444,214804144,598,16943,0
21:47:00:843,120000449,214800742,601,16942,0
21:47:01:443,120000448,265134045,403,166,0
21:47:01:443,120000448,265134045,403,166,0
21:47:01:643,120000445,215777953,604,16607,0
21:47:01:843,120000448,214800440,601,16935,0
21:47:02:043,120000443,214805156,598,16938,0
21:47:02:243,120000460,214800197,601,16946,0
21:47:02:443,120000451,214801844,601,16942,0
21:47:02:643,120000460,214802924,598,16940,0
21:47:02:843,120000460,214801467,601,16936,0
21:47:03:043,120000453,214802879,598,16938,0
21:47:03:243,120000463,214801792,601,16935,0
21:47:03:443,120000456,214799949,601,16941,0
21:47:03:643,120000465,214804761,598,16941,0
21:47:03:843,120000452,214799724,601,16946,0
21:47:04:043,120000454,214804804,598,16943,0
21:47:04:243,120000442,214799993,601,16932,0
21:47:04:443,120000449,214802325,600,16944,0
21:47:04:643,120000454,214802574,600,16939,0
21:47:04:843,120000453,214801748,601,16935,0
21:47:05:043,120000451,214802617,598,16943,0
21:47:05:243,120000454,214801883,601,16934,0
21:47:05:443,120000440,214802617,598,16942,0
21:47:05:643,120000454,214801759,601,16939,0
21:47:05:843,120000451,214799931,601,16938,0
21:47:06:043,120000455,214804666,598,16942,0
21:47:06:243,120000452,214799993,602,16940,0
21:47:06:443,120000442,214804963,598,16942,0
21:47:06:643,120000436,214800056,601,16944,0
21:47:06:843,120000457,214802095,601,16937,0
21:47:07:043,120000455,214802662,598,16935,0
21:47:07:243,120000445,214802401,602,16938,0
21:47:07:443,120000447,214803149,598,16938,0
21:47:07:643,120000442,214801508,601,16942,0
21:47:07:843,120000434,214800100,601,16944,0
21:47:08:043,120000436,214804972,598,16937,0
21:47:08:243,120000454,214800523,601,16944,0
21:47:08:443,120000439,214804772,598,16933,0
21:47:08:643,120000442,214800719,601,16940,0
21:47:08:843,120000448,214804175,598,16935,0
21:47:09:043,120000444,214800705,602,16936,0
21:47:09:243,120000443,214801650,601,16938,0
21:47:09:443,120000444,214803227,598,16937,0
21:47:09:643,120000453,214801961,601,16930,0
21:47:09:843,120000450,214803661,598,16940,0
21:47:10:043,120000438,214801610,602,16928,0
21:47:10:243,120000442,214799982,601,16943,0
21:47:10:443,120000445,214804675,598,16937,0
21:47:10:643,120000444,214799885,601,16936,0
21:47:10:843,120000451,214804498,599,16929,0
21:47:11:043,120000439,214800872,601,16935,0
21:47:11:243,120000442,214801490,601,16942,0
21:47:11:443,120000441,214803232,599,16944,0
21:47:11:643,120000433,214801947,601,16937,0
21:47:11:843,120000452,214804014,598,16933,0
21:47:12:043,120000442,214800598,601,16944,0
21:47:12:243,120000447,214800775,601,16933,0
21:47:12:443,120000451,214804128,598,16945,0
21:47:12:643,120000458,214801103,601,16939,0
21:47:12:843,120000452,214804342,598,16932,0
21:47:13:043,120000453,214801035,601,16944,0
21:47:13:243,120000448,214803731,598,16926,0
21:47:13:443,120000447,214800802,601,16948,0
21:47:13:643,120000451,214800880,601,16931,0
21:47:13:843,120000436,214804448,598,16938,0
21:47:14:043,120000454,214800578,601,16937,0
21:47:14:243,120000439,214804172,598,16938,0
21:47:14:443,120000447,214800516,602,16940,0
21:47:14:643,120000436,214800437,601,16943,0
21:47:14:843,120000436,214803960,598,16936,0
21:47:15:043,120000441,214800813,601,16939,0
21:47:15:243,120000441,214803864,598,16938,0
21:47:15:443,120000445,214800967,601,16935,0
21:47:15:643,120000448,214800815,601,16934,0
21:47:15:843,120000453,214803264,598,16941,0
21:47:16:043,120000448,214800815,601,16937,0
21:47:16:243,120000442,214803655,598,16939,0
21:47:16:843,120000456,265142014,401,151,0
21:47:16:843,120000456,265142014,401,151,0
21:47:17:043,120000467,223978330,574,13867,0
21:47:17:243,120000439,214803750,598,16936,0
21:47:17:443,120000439,214800945,601,16938,0
21:47:17:643,120000431,214804770,598,16932,0
21:47:17:843,120000447,214800655,601,16936,0
21:47:18:043,120000463,214800780,601,16934,0
21:47:18:243,120000436,214803847,598,16932,0
21:47:18:443,120000453,214800790,601,16936,0
21:47:18:643,120000445,214803882,598,16939,0
21:47:18:843,120000458,214801573,601,16944,0
21:47:19:043,120000439,214800652,601,16940,0
21:47:19:243,120000431,214804161,599,16932,0
21:47:19:443,120000442,214801003,601,16940,0
21:47:19:643,120000446,214804232,598,16942,0
21:47:19:843,120000438,214800686,601,16939,0
21:47:20:043,120000444,214800600,602,16942,0
21:47:20:243,120000435,214803981,598,16936,0
21:47:20:443,120000452,214800652,601,16936,0
21:47:20:643,120000440,214804091,598,16938,0
21:47:20:843,120000454,214801216,601,16942,0
21:47:21:043,120000440,214800860,601,16934,0
21:47:21:243,120000442,214804203,598,16938,0
21:47:21:443,120000443,214800344,601,16938,0
21:47:21:643,120000451,214803648,598,16944,0
21:47:21:843,120000458,214800903,601,16935,0
21:47:22:043,120000455,214804247,598,16936,0
21:47:22:243,120000437,214800264,601,16938,0
21:47:22:443,120000434,214801168,601,16936,0
21:47:22:643,120000434,214803988,598,16935,0
21:47:22:843,120000437,214800882,601,16942,0
21:47:23:043,120000428,214803997,598,16937,0
21:47:23:243,120000448,214801054,601,16931,0
21:47:23:443,120000442,214801125,601,16934,0
21:47:23:643,120000449,214803703,598,16941,0
21:47:23:843,120000443,214800311,601,16938,0
21:47:24:043,120000441,214804544,598,16933,0
21:47:24:243,120000438,214800506,601,16932,0
21:47:24:443,120000442,214801247,601,16936,0
21:47:24:643,120000451,214804105,598,16935,0
21:47:24:843,120000450,214800983,601,16931,0
21:47:25:043,120000435,214803116,598,16943,0
21:47:25:243,120000453,214801401,601,16938,0
21:47:25:443,120000382,214802378,598,16932,0
21:47:25:643,120000437,214802791,603,16949,0
21:47:25:843,120000454,214800438,601,16939,0
21:47:26:043,120000450,214804734,598,16938,0
21:47:26:243,120000445,214800482,601,16943,0
21:47:26:443,120000447,214804634,598,16948,0
21:47:26:643,120000448,214799788,602,16935,0
21:47:26:843,120000455,214801552,601,16937,0
21:47:27:043,120000452,214803893,598,16942,0
21:47:27:243,120000449,214801485,601,16936,0
21:47:27:443,120000458,214803565,598,16945,0
21:47:27:643,120000447,214802803,601,16937,0
21:47:27:843,120000435,214800180,601,16938,0
21:47:28:043,120000434,214804543,598,16931,0
21:47:28:243,120000450,214799992,601,16932,0
21:47:28:443,120000455,214804276,598,16938,0
21:47:28:643,120000478,214799646,601,16944,0
21:47:28:843,120000439,214801111,601,16931,0
21:47:29:043,120000440,214803669,598,16935,0
21:47:29:243,120000441,214801914,601,16944,0
21:47:29:443,120000450,214802603,598,16936,0
21:47:29:643,120000439,214800992,601,16937,0
21:47:29:843,120000447,214803271,598,16935,0
21:47:30:043,120000449,214801330,601,16936,0
21:47:30:243,120000448,214800243,601,16940,0
21:47:30:443,120000440,214804026,598,16938,0
21:47:30:643,120000443,214800470,601,16941,0
21:47:30:843,120000449,214804442,598,16933,0
21:47:31:043,120000435,214800146,601,16936,0
21:47:31:243,120000444,214800790,601,16949,0
21:47:31:443,120000436,214803653,598,16931,0
21:47:31:643,120000445,214801298,601,16934,0
21:47:32:243,120000471,265133724,403,155,0
21:47:32:243,120000471,265133724,403,155,0
21:47:32:443,120000460,232441418,538,11056,0
21:47:32:643,120000439,214799605,601,16935,0
21:47:32:843,120000441,214805037,598,16937,0
21:47:33:043,120000447,214800182,601,16936,0
21:47:33:243,120000447,214801530,601,16934,0
21:47:33:443,120000470,214802870,598,16935,0
21:47:33:643,120000447,214800973,601,16941,0
21:47:33:843,120000451,214803175,598,16936,0
21:47:34:043,120000461,214801903,601,16939,0
21:47:34:243,120000445,214803139,598,16934,0
21:47:34:443,120000447,214801752,601,16937,0
21:47:34:643,120000453,214800276,601,16933,0
21:47:34:843,120000456,214804632,598,16935,0
21:47:35:043,120000452,214799997,601,16938,0
21:47:35:243,120000454,214803789,598,16943,0
21:47:35:443,120000455,214800334,601,16935,0
21:47:35:643,120000454,214801214,601,16934,0
21:47:35:843,120000445,214802986,598,16936,0
21:47:36:043,120000442,214801714,601,16938,0
21:47:36:243,120000443,214803766,598,16936,0
21:47:36:443,120000445,214801359,602,16940,0
21:47:36:643,120000452,214800475,601,16936,0
21:47:36:843,120000439,214804830,598,16939,0
21:47:37:043,120000448,214800482,601,16936,0
21:47:37:243,120000444,214804826,598,16937,0
21:47:37:443,120000451,214799487,601,16933,0
21:47:37:643,120000454,214801468,601,16937,0
21:47:37:843,120000450,214803477,598,16934,0
21:47:38:043,120000464,214801526,601,16940,0
21:47:38:243,120000449,214803017,598,16936,0
21:47:38:443,120000444,214801318,601,16936,0
21:47:38:643,120000441,214803223,598,16933,0
21:47:38:843,120000452,214801837,601,16937,0
21:47:39:043,120000448,214800310,601,16943,0
21:47:39:243,120000434,214804681,598,16934,0
21:47:39:443,120000461,214800146,601,16941,0
21:47:39:643,120000448,214804533,598,16938,0
21:47:39:843,120000461,214799955,601,16934,0
21:47:40:043,120000448,214801542,601,16935,0
21:47:40:243,120000453,214803094,598,16946,0
21:47:40:443,120000448,214801774,601,16937,0
21:47:40:643,120000457,214803099,598,16942,0
21:47:40:843,120000460,214801541,601,16943,0
21:47:41:043,120000455,214800607,601,16935,0
21:47:41:243,120000441,214804326,598,16936,0
21:47:41:443,120000456,214800472,601,16934,0
21:47:41:643,120000456,214804449,598,16940,0
21:47:41:843,120000450,214800148,601,16935,0
21:47:42:043,120000443,214802005,601,16931,0
21:47:42:243,120000457,214803446,599,16932,0
21:47:42:443,120000446,214801278,601,16937,0
21:47:42:643,120000451,214802967,598,16941,0
21:47:42:843,120000448,214801779,601,16935,0
21:47:43:043,120000453,214802934,598,16931,0
21:47:43:243,120000448,214802118,601,16939,0
21:47:43:443,120000457,214800103,601,16935,0
21:47:43:643,120000454,214804902,598,16935,0
21:47:43:843,120000445,214800028,602,16933,0
21:47:44:043,120000449,214805060,598,16937,0
21:47:44:243,120000449,214799788,601,16942,0
21:47:44:443,120000459,214801509,601,16941,0
21:47:44:643,120000445,214803264,598,16943,0
21:47:44:843,120000444,214801440,601,16939,0
21:47:45:043,120000451,214802821,598,16940,0
21:47:45:243,120000451,214801829,601,16934,0
21:47:45:443,120000448,214800368,601,16928,0
21:47:45:643,120000437,214804095,599,16942,0
21:47:45:843,120000453,214800188,601,16936,0
21:47:46:043,120000430,214804642,598,16939,0
21:47:46:243,120000442,214800053,601,16935,0
21:47:46:443,120000454,214804739,598,16936,0
21:47:46:643,120000447,214800008,603,16933,0
21:47:46:843,120000446,214801039,601,16942,0
21:47:47:043,120000448,214803100,598,16937,0
21:47:47:643,120000472,265134438,403,156,0
21:47:47:643,120000472,265134438,403,156,0
21:47:47:843,120000463,240892962,507,8246,0
21:47:48:043,120000433,214804558,598,16934,0
21:47:48:243,120000457,214800057,601,16937,0
21:47:48:443,120000444,214804494,598,16942,0
21:47:48:643,120000457,214800300,601,16936,0
21:47:48:843,120000463,214801848,601,16934,0
21:47:49:043,120000447,214803127,598,16946,0
21:47:49:243,120000463,214801388,601,16931,0
21:47:49:443,120000454,214803962,598,16936,0
21:47:49:643,120000454,214801455,601,16934,0
21:47:49:843,120000446,214799960,601,16945,0
21:47:50:043,120000451,214804186,598,16942,0
21:47:50:243,120000453,214800500,601,16940,0
21:47:50:443,120000451,214804428,598,16934,0
21:47:50:643,120000461,214800304,601,16937,0
21:47:50:843,120000457,214804214,598,16940,0
21:47:51:043,120000454,214800517,601,16939,0
21:47:51:243,120000452,214801161,601,16946,0
21:47:51:443,120000459,214803371,598,16932,0
21:47:51:643,120000455,214801548,601,16935,0
21:47:51:843,120000453,214803584,598,16943,0
21:47:52:043,120000443,214801444,601,16935,0
21:47:52:243,120000457,214800352,601,16931,0
21:47:52:443,120000433,214804323,598,16946,0
21:47:52:643,120000442,214800129,601,16937,0
21:47:52:843,120000443,214804516,599,16930,0
21:47:53:043,120000457,214800785,601,16936,0
21:47:53:243,120000452,214801669,601,16940,0
21:47:53:443,120000458,214804077,598,16937,0
21:47:53:643,120000452,214801078,601,16935,0
21:47:53:843,120000458,214803970,599,16943,0
21:47:54:043,120000439,214801071,601,16939,0
21:47:54:243,120000434,214800304,601,16933,0
21:47:54:443,120000442,214804142,598,16939,0
21:47:54:643,120000446,214801043,601,16938,0
21:47:54:843,120000432,214803894,598,16943,0
21:47:55:043,120000445,214800927,601,16934,0
21:47:55:243,120000451,214803737,598,16941,0
21:47:55:443,120000453,214800665,601,16934,0
21:47:55:643,120000448,214801361,601,16935,0
21:47:55:843,120000450,214803648,598,16939,0
21:47:56:043,120000435,214801102,601,16942,0
21:47:56:243,120000447,214804052,598,16937,0
21:47:56:443,120000441,214801014,601,16936,0
21:47:56:643,120000451,214800583,601,16931,0
21:47:56:843,120000442,214803966,598,16943,0
21:47:57:043,120000447,214800413,601,16942,0
21:47:57:243,120000447,214804030,598,16935,0
21:47:57:443,120000441,214800759,601,16939,0
21:47:57:643,120000449,214801727,601,16941,0
21:47:57:843,120000441,214803966,598,16941,0
21:47:58:043,120000436,214800992,601,16937,0
21:47:58:243,120000446,214803752,598,16937,0
21:47:58:443,120000454,214800560,601,16945,0
21:47:58:643,120000447,214800751,601,16936,0
21:47:58:843,120000451,214804252,598,16945,0
21:47:59:043,120000445,214800291,601,16932,0
21:47:59:243,120000454,214804298,598,16934,0
21:47:59:443,120000458,214801458,601,16935,0
21:47:59:643,120000434,214803398,599,16937,0
21:47:59:843,120000437,214801043,601,16949,0
21:48:00:043,120000437,214801486,602,16937,0
21:48:00:243,120000436,214803854,598,16943,0
21:48:00:443,120000435,214801021,601,16934,0
21:48:00:643,120000445,214804010,598,16946,0
21:48:00:843,120000454,214800626,601,16938,0
21:48:01:043,120000455,214801154,601,16940,0
21:48:01:243,120000455,214803745,598,16933,0
21:48:01:443,120000439,214801230,601,16940,0
21:48:01:643,120000445,214803745,598,16937,0
21:48:01:843,120000444,214801197,601,16934,0
21:48:02:043,120000448,214800286,601,16939,0
21:48:02:243,120000442,214804015,598,16937,0
21:48:02:443,120000442,214800947,601,16934,0
21:48:03:043,120000475,265138417,402,162,0
21:48:03:043,120000475,265138417,402,162,0
21:48:03:243,120000453,249100457,473,5504,0
21:48:03:443,120000441,214800633,601,16928,0
21:48:03:843,120000458,214800513,601,16940,0
21:48:04:043,120000481,214804715,598,16935,0
21:48:04:243,120000447,214799795,601,16939,0
21:48:04:443,120000465,214801311,602,16939,0
21:48:04:643,120000450,214803730,598,16937,0
21:48:04:843,120000444,214801159,601,16940,0
21:48:05:043,120000461,214803509,598,16940,0
21:48:05:243,120000452,214801654,601,16941,0
21:48:05:443,120000448,214800409,601,16941,0
21:48:05:643,120000447,214804283,598,16937,0
21:48:05:843,120000452,214800599,601,16943,0
21:48:06:043,120000447,214804809,598,16943,0
21:48:06:243,120000451,214800544,601,16931,0
21:48:06:443,120000433,214801409,602,16938,0
21:48:06:643,120000447,214803515,598,16933,0
21:48:06:843,120000458,214801579,601,16934,0
21:48:07:043,120000453,214803037,598,16943,0
21:48:07:243,120000450,214801061,601,16943,0
21:48:07:443,120000443,214803120,599,16939,0
21:48:07:643,120000438,214801833,601,16938,0
21:48:07:843,120000428,214800261,601,16932,0
21:48:08:043,120000456,214804219,598,16935,0
21:48:08:243,120000476,214800249,601,16935,0
21:48:08:443,120000447,214804266,598,16931,0
21:48:08:643,120000446,214799870,601,16946,0
21:48:08:843,120000443,214801024,601,16933,0
21:48:09:043,120000454,214803319,598,16938,0
21:48:09:243,120000450,214800719,601,16930,0
21:48:09:443,120000438,214804214,598,16936,0
21:48:09:643,120000447,214801087,601,16933,0
21:48:09:843,120000442,214800916,601,16934,0
21:48:10:043,120000442,214804206,598,16942,0
21:48:10:243,120000434,214800452,601,16931,0
21:48:10:443,120000448,214804738,598,16928,0
21:48:10:643,120000445,214800249,601,16933,0
21:48:10:843,120000436,214801598,601,16934,0
21:48:11:043,120000435,214803151,598,16945,0
21:48:11:243,120000453,214801579,601,16938,0
21:48:11:443,120000434,214803370,598,16944,0
21:48:11:643,120000453,214801184,601,16938,0
21:48:11:843,120000453,214803924,598,16935,0
21:48:12:043,120000453,214802132,601,16942,0
21:48:12:243,120000440,214800088,601,16946,0
21:48:12:443,120000449,214804707,598,16942,0
21:48:12:643,120000440,214799997,601,16930,0
21:48:12:843,120000438,214804607,598,16935,0
21:48:13:043,120000434,214799958,601,16939,0
21:48:13:243,120000453,214802124,601,16934,0
21:48:13:443,120000452,214803122,598,16936,0
21:48:13:643,120000455,214801392,601,16935,0
21:48:13:843,120000458,214802993,598,16940,0
21:48:14:043,120000450,214801781,601,16938,0
21:48:14:243,120000435,214800368,601,16933,0
21:48:14:443,120000434,214804682,598,16943,0
21:48:14:643,120000445,214800436,601,16939,0
21:48:14:843,120000450,214804956,598,16939,0
21:48:15:043,120000443,214799724,601,16945,0
21:48:15:243,120000454,214801904,601,16933,0
21:48:15:443,120000455,214803099,598,16937,0
21:48:15:643,120000447,214802104,601,16935,0
21:48:15:843,120000446,214802707,598,16938,0
21:48:16:043,120000449,214802170,601,16932,0
21:48:16:243,120000432,214802651,598,16934,0
21:48:16:443,120000437,214802088,601,16941,0
21:48:16:643,120000444,214799897,601,16937,0
21:48:16:843,120000446,214804172,598,16951,0
21:48:17:043,120000458,214799766,601,16933,0
21:48:17:243,120000455,214804503,598,16940,0
21:48:17:443,120000455,214799718,601,16939,0
21:48:17:643,120000474,228255541,73521,70615,0
21:48:17:843,120000579,236815017,100171,89967,0
21:48:18:043,120000576,236842969,99591,90123,0
21:48:18:243,120000588,236888686,100199,90049,0
21:48:18:443,120000569,236837565,99584,90127,0
21:48:18:643,120000572,236819631,100278,90100,0
21:48:18:843,120000560,236886861,99939,89998,0
21:48:19:043,120000542,236848648,99289,90031,0
21:48:19:243,120000572,236824060,99930,90089,0
21:48:19:443,120000574,236897366,99150,90059,0
21:48:19:643,120000585,236835212,99884,90097,0
21:48:19:843,120000548,236835166,99122,90113,0
21:48:20:043,120000560,236867646,100215,90268,0
21:48:20:243,120000549,236800904,100105,90324,0
21:48:20:443,120000568,236870862,99125,90096,0
21:48:20:643,120000519,236870390,99826,89966,0
21:48:20:843,120000571,236833063,99778,90139,0
21:48:21:043,120000445,236848185,99712,90208,0
21:48:21:243,120000573,236864927,99883,89993,0
21:48:21:443,120000569,236831775,99739,90109,0
21:48:21:643,120000574,236856556,100001,90096,0
21:48:21:843,120000567,236893105,99230,89925,0
21:48:22:043,120000580,236808956,100193,90098,0
21:48:22:243,120000576,236862127,99698,90086,0
21:48:22:443,120000577,236873458,99497,90044,0
21:48:22:643,120000582,236817514,100131,90108,0
21:48:22:843,120000547,236862847,99551,90095,0
21:48:23:043,120000567,236868900,99379,90065,0
21:48:23:243,120000552,236849556,99015,90116,0
21:48:23:443,120000566,236855217,99625,89957,0
21:48:23:643,120000533,236873350,99903,90042,0
21:48:23:843,120000577,236812797,99556,90476,0
21:48:24:043,120000472,236861016,100044,89930,0
21:48:24:243,120000577,236865315,99582,90011,0
21:48:24:443,120000451,236822301,99794,90091,0
21:48:24:643,120000576,236869514,99744,90014,0
21:48:24:843,120000572,236861780,100008,90056,0
21:48:25:043,120000577,236826890,99638,90100,0
21:48:25:243,120000575,236868443,99577,90021,0
21:48:25:443,120000579,236860964,99627,90049,0
21:48:25:643,120000580,236837398,99276,90109,0
21:48:25:843,120000576,236850549,100593,89927,0
21:48:26:043,120000577,236861518,99229,90072,0
21:48:26:243,120000540,236810276,100233,90098,0
21:48:26:443,120000572,236879537,100223,89975,0
21:48:26:643,120000580,236858643,99284,90093,0
21:48:26:843,120000573,236832839,99508,90092,0
21:48:27:043,120000481,236865779,100074,90055,0
21:48:27:243,120000582,236840241,99819,90083,0
21:48:27:443,120000469,236832662,99873,90037,0
21:48:27:643,120000571,236885967,99984,89962,0
21:48:27:843,120000500,236825299,100014,90070,0
21:48:28:043,120000584,236853273,99321,90024,0
21:48:28:243,120000441,236877054,100066,90036,0
21:48:28:443,120000580,236841146,99468,90098,0
21:48:28:643,120000578,236827003,99667,89987,0
21:48:28:843,120000573,236876506,100072,90037,0
21:48:29:043,120000571,236855087,99220,90107,0
21:48:29:243,120000543,236830040,99686,90105,0
21:48:29:443,120000578,236879768,99899,90040,0
21:48:29:643,120000554,236838338,99484,90102,0
21:48:29:843,120000574,236827936,100034,90107,0
21:48:30:043,120000561,236890557,99589,90202,0
21:48:30:243,120000572,236819466,99527,90475,0
21:48:30:443,120000467,236838767,99698,90104,0
21:48:30:643,120000571,236898498,99874,90033,0
21:48:30:843,120000539,236811880,99989,90097,0
21:48:31:043,120000582,236829634,99598,90111,0
21:48:31:243,120000449,236880922,100062,90035,0
21:48:31:443,120000585,236848836,99146,90109,0
21:48:31:643,120000448,236803081,100283,90080,0
21:48:31:843,120000569,236913058,99463,90036,0
21:48:32:043,120000582,236820394,100017,90093,0
21:48:32:243,120000580,236824300,100025,90101,0
21:48:32:443,120000578,236889924,99734,90026,0
21:48:33:243,120000456,265134030,403,157,0
21:48:33:243,120000456,265134030,403,157,0
21:48:33:243,120000456,265134030,403,157,0
21:48:33:443,120000598,253679847,40536,36578,0
21:48:33:643,120000543,236829871,99640,90103,0
21:48:33:843,120000572,236863254,99394,90055,0
21:48:34:043,120000538,236847400,99555,90068,0
21:48:34:243,120000591,236816488,99944,90107,0
21:48:34:443,120000482,236882116,99763,90062,0
21:48:34:643,120000579,236861876,99252,90095,0
21:48:34:843,120000467,236831871,99520,90109,0
21:48:35:043,120000570,236870082,99873,90051,0
21:48:35:243,120000577,236845814,99806,90062,0
21:48:35:443,120000576,236853135,99061,90112,0
21:48:35:643,120000572,236864363,99841,90055,0
21:48:35:843,120000571,236872690,99477,89985,0
21:48:36:043,120000581,236848245,98924,90107,0
21:48:36:243,120000591,236842431,100553,90127,0
21:48:36:443,120000569,236871118,99330,90149,0
21:48:36:643,120000471,236824073,99863,90101,0
21:48:36:843,120000574,236864542,99808,90065,0
21:48:37:043,120000574,236852859,100144,90044,0
21:48:37:243,120000570,236833192,99790,90115,0
21:48:37:443,120000471,236863382,99847,90065,0
21:48:37:643,120000585,236822424,100350,90049,0
21:48:37:843,120000461,236846108,99310,90110,0
21:48:38:043,120000582,236889140,99747,90072,0
21:48:38:243,120000465,236848410,99432,90061,0
21:48:38:443,120000576,236834626,100072,89977,0
21:48:38:643,120001212,236872421,100045,90088,0
21:48:38:843,120000583,236815398,99689,90503,0
21:48:39:043,120000569,236817091,99805,90327,0
21:48:39:243,120000572,236895707,99622,90035,0
21:48:39:443,120000586,236827299,99749,90103,0
21:48:39:643,120000546,236786971,99970,90526,0
21:48:39:843,120000589,236867305,99896,90251,0
21:48:40:043,120000545,236820263,99964,90096,0
21:48:40:243,120000570,236846257,99403,90100,0
21:48:40:443,120000572,236885557,99641,90000,0
21:48:40:643,120000566,236826706,100007,90115,0
21:48:40:843,120000536,236842023,99653,90085,0
21:48:41:043,120000582,236875417,99865,90030,0
21:48:41:243,120000471,236834311,99804,90112,0
21:48:41:443,120000568,236847520,99547,90079,0
21:48:41:643,120000453,236879054,99726,90038,0
21:48:41:843,120000571,236835676,99577,90094,0
21:48:42:043,120000512,236842427,99725,90097,0
21:48:42:243,120000571,236894389,99225,90053,0
21:48:42:443,120000573,236838700,99827,90111,0
21:48:42:643,120000571,236864174,98825,90111,0
21:48:42:843,120000579,236888523,100110,90030,0
21:48:43:043,120000548,236833754,99528,90107,0
21:48:43:243,120000569,236821090,100280,90107,0
21:48:43:443,120000574,236895362,99835,90029,0
21:48:43:643,120000573,236848230,99041,90105,0
21:48:43:843,120000545,236815588,100269,90106,0
21:48:44:043,120000560,236907284,99220,90039,0
21:48:44:243,120000560,236808598,99725,90313,0
21:48:44:443,120000576,236830661,99977,90098,0
21:48:44:643,120000541,236884192,99883,90030,0
21:48:44:843,120000582,236812257,100397,90106,0
21:48:45:043,120000477,236847824,99837,90083,0
21:48:45:243,120000579,236873093,99600,90045,0
21:48:45:443,120000460,236843614,99210,90109,0
21:48:45:643,120000574,236840325,100001,90083,0
21:48:45:843,120000572,236868220,100141,90046,0
21:48:46:043,120000574,236834692,99609,89985,0
21:48:46:243,120000570,236852947,99894,90084,0
21:48:46:443,120000569,236871918,99515,89928,0
21:48:46:643,120000566,236838351,99630,90106,0
21:48:46:843,120000560,236851812,99710,90082,0
21:48:47:043,120000578,236871051,99800,89967,0
21:48:47:243,120000478,236810401,99660,90514,0
21:48:47:443,120000579,236855625,99761,90408,0
21:48:47:643,120000550,236819567,100147,90061,0
21:48:47:843,120000567,236825215,99841,90165,0
21:48:48:043,120000449,236897093,99608,90061,0
21:48:48:243,120000583,236837239,99704,90107,0
21:48:48:843,120000445,265134325,403,153,0
21:48:48:843,120000445,265134325,403,153,0
21:48:49:043,120000595,245024185,71133,64086,0
21:48:49:243,120000536,236827617,99845,90099,0
21:48:49:443,120000577,236815102,99662,90510,0
21:48:49:643,120000573,236848451,100083,90482,0
21:48:49:843,120000574,236814203,99626,90567,0
21:48:50:043,120000586,236840646,100231,90446,0
21:48:50:243,120000573,236831495,99962,90501,0
21:48:50:443,120000457,236834610,99248,90523,0
21:48:50:643,120000605,236867970,100055,90376,0
21:48:50:843,120000455,236821383,99487,90192,0
21:48:51:043,120000584,236810197,99972,90505,0
21:48:51:243,120000572,236883593,99513,90488,0
21:48:51:443,120000581,236809733,99870,90355,0
21:48:51:643,120000581,236828583,99849,90057,0
21:48:51:843,120000564,236883458,99774,89981,0
21:48:52:043,120000578,236840150,99431,90101,0
21:48:52:243,120000550,236835445,99541,90106,0
21:48:52:443,120000567,236884290,99951,90034,0
21:48:52:643,120000538,236825159,99851,90097,0
21:48:52:843,120000575,236837102,99533,90100,0
21:48:53:043,120000572,236881452,100095,90192,0
21:48:53:243,120000573,236826315,99493,90568,0
21:48:53:443,120000544,236824017,100135,90533,0
21:48:53:643,120000567,236839326,99681,90498,0
21:48:53:843,120000451,236815146,99271,90531,0
21:48:54:043,120000579,236856773,100033,90449,0
21:48:54:243,120000468,236819259,99334,90484,0
21:48:54:443,120000571,236795679,100163,90447,0
21:48:54:643,120000954,236902950,99373,90031,0
21:48:54:843,120000567,236821121,100207,90033,0
21:48:55:043,120000566,236815077,100135,90139,0
21:48:55:243,120000572,236881849,99449,90205,0
21:48:55:443,120000578,236826747,99736,90097,0
21:48:55:643,120000575,236843628,99544,90071,0
21:48:55:843,120000571,236894664,99861,90045,0
21:48:56:043,120000545,236825635,99863,90107,0
21:48:56:243,120000579,236844564,99423,90102,0
21:48:56:443,120000572,236872534,99918,90027,0
21:48:56:643,120000563,236837726,99397,90114,0
21:48:56:843,120000539,236839069,99899,90077,0
21:48:57:043,120000566,236896670,99540,89943,0
21:48:57:243,120000521,236807482,100192,90240,0
21:48:57:443,120000572,236839873,100029,90545,0
21:48:57:643,120000459,236844189,99308,90439,0
21:48:57:843,120000576,236832178,99889,90094,0
21:48:58:043,120000460,236882278,99500,90078,0
21:48:58:243,120000571,236863800,99252,90056,0
21:48:58:443,120000571,236820305,99886,90165,0
21:48:58:643,120000582,236848873,99763,90493,0
21:48:58:843,120000580,236804888,100047,90485,0
21:48:59:043,120000543,236823429,99029,90496,0
21:48:59:243,120000583,236862013,99862,90497,0
21:48:59:443,120000533,236797253,99980,90548,0
21:48:59:643,120000572,236826274,100289,90356,0
21:48:59:843,120000581,236864832,99688,90064,0
21:49:00:043,120000570,236839607,99521,90113,0
21:49:00:243,120000536,236848508,100143,90067,0
21:49:00:443,120000563,236869962,99255,90073,0
21:49:00:643,120000524,236836578,99429,90102,0
21:49:00:843,120000577,236865218,99388,90091,0
21:49:01:043,120000517,236878208,99334,90040,0
21:49:01:243,120000585,236794039,100090,90498,0
21:49:01:443,120000469,236875083,99673,90098,0
21:49:01:643,120000568,236867995,99833,90016,0
21:49:01:843,120000574,236818033,100137,90091,0
21:49:02:043,120000575,236871495,99788,90064,0
21:49:02:243,120000573,236864532,99796,90002,0
21:49:02:443,120000572,236841295,99629,90075,0
21:49:02:643,120000572,236854709,100036,90059,0
21:49:02:843,120000575,236883125,99060,90052,0
21:49:03:043,120000569,236847420,99459,90162,0
21:49:03:243,120000481,236839110,100017,90066,0
21:49:03:443,120000567,236878758,99950,89952,0
21:49:03:643,120000542,236853428,99447,90086,0
21:49:03:843,120000569,236834006,100055,90085,0
21:49:04:443,120000458,265134077,403,159,0
21:49:04:443,120000458,265134077,403,159,0
21:49:04:643,120000581,249249612,56397,50635,0
21:49:04:843,120000575,236843222,99049,90098,0
21:49:05:043,120000575,236848000,100097,90174,0
21:49:05:243,120000574,236856150,99307,90258,0
21:49:05:443,120000570,236823288,99868,90102,0
21:49:05:643,120000574,236868425,100149,90024,0
21:49:05:843,120000568,236849578,99446,90091,0
21:49:06:043,120000466,236804901,100175,90095,0
21:49:06:243,120000598,236889500,99916,90037,0
21:49:06:443,120000538,236821534,99798,90021,0
21:49:06:643,120000575,236811991,100395,90104,0
21:49:06:843,120000459,236896264,99627,89909,0
21:49:07:043,120000576,236819859,100192,90109,0
21:49:07:243,120000441,236828231,99012,90568,0
21:49:07:443,120000581,236864526,99837,90483,0
21:49:07:643,120000575,236816136,99932,90471,0
21:49:07:843,120000575,236829603,99662,90373,0
21:49:08:043,120000566,236860272,99868,90047,0
21:49:08:243,120000566,236837077,99460,90113,0
21:49:08:443,120000575,236860134,100059,90084,0
21:49:08:643,120000578,236860526,99789,90038,0
21:49:08:843,120000581,236812222,99972,90298,0
21:49:09:043,120000547,236857876,100176,90440,0
21:49:09:243,120000576,236845968,99151,90158,0
21:49:09:443,120000466,236832034,99639,90085,0
21:49:09:643,120000575,236883511,99794,89947,0
21:49:09:843,120000543,236835530,99805,90083,0
21:49:10:043,120000582,236835112,99681,90115,0
21:49:10:243,120000482,236885649,99836,89918,0
21:49:10:443,120000579,236833170,99729,90088,0
21:49:10:643,120000463,236846614,99352,90119,0
21:49:10:843,120000580,236877482,100307,89890,0
21:49:11:043,120000572,236836239,99821,90104,0
21:49:11:243,120000559,236834094,99567,90132,0
21:49:11:443,120000579,236891208,100270,89938,0
21:49:11:643,120000539,236835914,99888,90048,0
21:49:11:843,120000566,236831851,99774,90101,0
21:49:12:043,120000572,236887720,99727,90041,0
21:49:12:243,120000583,236841938,99920,90021,0
21:49:12:443,120000542,236824487,99823,90121,0
21:49:12:643,120000578,236894263,99415,90058,0
21:49:12:843,120000552,236833242,99683,90085,0
21:49:13:043,120000574,236844655,99579,90132,0
21:49:13:243,120000546,236873084,99487,90479,0
21:49:13:443,120000575,236825670,99774,90115,0
21:49:13:643,120000465,236842167,99595,90110,0
21:49:13:843,120000580,236889196,99652,90033,0
21:49:14:043,120000463,236850922,99383,89956,0
21:49:14:243,120000584,236823533,99981,90085,0
21:49:14:443,120000449,236891209,99612,90048,0
21:49:14:643,120000564,236831621,99817,90084,0
21:49:14:843,120000578,236830675,100081,89962,0
21:49:15:043,120000574,236880008,99829,89993,0
21:49:15:243,120000578,236796611,100357,90340,0
21:49:15:443,120000561,236798340,99814,90563,0
21:49:15:643,120000563,236862208,99944,90455,0
21:49:15:843,120000544,236818483,99625,90490,0
21:49:16:043,120000579,236837448,100200,90520,0
21:49:16:243,120000553,236831591,99811,90459,0
21:49:16:443,120000581,236797579,99988,90550,0
21:49:16:643,120000540,236857308,100240,90429,0
21:49:16:843,120000574,236831463,99085,90489,0
21:49:17:043,120000481,236811860,99718,90508,0
21:49:17:243,120000577,236852943,99976,90480,0
21:49:17:443,120000451,236804480,99368,90562,0
21:49:17:643,120000578,236853780,99934,90476,0
21:49:17:843,120000459,236829462,99531,90535,0
21:49:18:043,120000577,236811639,100120,90193,0
21:49:18:243,120000592,236901328,99401,90050,0
21:49:18:443,120000577,236837231,99423,90109,0
21:49:18:643,120000573,236830981,99744,90111,0
21:49:18:843,120000575,236884836,99810,90015,0
21:49:19:043,120000572,236838867,99692,90105,0
21:49:19:243,120000544,236839563,99298,90118,0
21:49:19:443,120000579,236871250,100351,90028,0
21:49:20:043,120000473,265134151,403,159,0
21:49:20:043,120000473,265134151,403,159,0
21:49:20:243,120000471,254054115,39086,35349,0
21:49:20:444,120000566,236836211,99691,90112,0
21:49:20:644,120000563,236873104,100019,90027,0
21:49:20:844,120000542,236824895,99541,90391,0
21:49:21:044,120000578,236799759,99776,90624,0
21:49:21:244,120000605,236871417,99786,90390,0
21:49:21:444,120000568,236807947,100162,90104,0
21:49:21:644,120000544,236834567,99503,90093,0
21:49:21:844,120000598,236892361,99837,90035,0
21:49:22:044,120000538,236818106,99903,90095,0
21:49:22:244,120000563,236834359,99509,90046,0
21:49:22:444,120000558,236870689,100044,90012,0
21:49:22:644,120000571,236812427,100195,90103,0
21:49:22:844,120000477,236856704,99750,90077,0
21:49:23:044,120000579,236843240,99788,90382,0
21:49:23:244,120000458,236806844,99387,90559,0
21:49:23:444,120000575,236862763,100086,90427,0
21:49:23:644,120000469,236837427,99550,89902,0
21:49:23:844,120000564,236801314,100062,90399,0
21:49:24:044,120000582,236872048,100082,90454,0
21:49:24:244,120000578,236813702,99923,90213,0
21:49:24:444,120000572,236820227,100366,90093,0
21:49:24:644,120000566,236877149,99870,89977,0
21:49:24:844,120000574,236833616,99964,90045,0
21:49:25:044,120000562,236832983,100027,90087,0
21:49:25:244,120000583,236855450,100321,90037,0
21:49:25:444,120000475,236806370,100264,90093,0
21:49:25:644,120000581,236883229,99311,90072,0
21:49:25:844,120000573,236856730,99854,89896,0
21:49:26:044,120000574,236856622,98707,90115,0
21:49:26:244,120000540,236852928,99752,90068,0
21:49:26:444,120000575,236870072,99734,89967,0
21:49:26:644,120000452,236831178,99345,90106,0
21:49:26:844,120000577,236856945,99669,90074,0
21:49:27:044,120000444,236884143,99002,90053,0
21:49:27:244,120000568,236824917,99865,90104,0
21:49:27:444,120000581,236856556,99823,90014,0
21:49:27:644,120000578,236856901,100047,90033,0
21:49:27:844,120000582,236808275,100211,90104,0
21:49:28:044,120000574,236884234,99437,90074,0
21:49:28:244,120000581,236845174,99993,90056,0
21:49:28:444,120000578,236833441,99815,90104,0
21:49:28:644,120000576,236876416,99433,90062,0
21:49:28:844,120000572,236847994,99986,90061,0
21:49:29:044,120000574,236819131,99884,90082,0
21:49:29:244,120000551,236869028,100234,90023,0
21:49:29:444,120000582,236848950,99053,90121,0
21:49:29:644,120000469,236801774,100043,90318,0
21:49:29:844,120000567,236884258,99545,90410,0
21:49:30:044,120000532,236816993,100090,90096,0
21:49:30:244,120000570,236831898,99916,90086,0
21:49:30:444,120000456,236918192,99521,89788,0
21:49:30:644,120000570,236839853,99446,90098,0
21:49:30:844,120000450,236813179,99728,90376,0
21:49:31:044,120000561,236866062,99718,90487,0
21:49:31:244,120000577,236805408,100297,90510,0
21:49:31:444,120000577,236821858,99427,90437,0
21:49:31:644,120000571,236848258,99895,90479,0
21:49:31:844,120000579,236811570,99700,90522,0
21:49:32:044,120000575,236864889,99712,90504,0
21:49:32:244,120000545,236810301,99750,90532,0
21:49:32:444,120000571,236803554,99778,90571,0
21:49:32:644,120000576,236868800,99796,90237,0
21:49:32:844,120000581,236843354,99251,90110,0
21:49:33:044,120000483,236825768,99811,90088,0
21:49:33:244,120000582,236900266,99846,90047,0
21:49:33:444,120000476,236812206,100080,90110,0
21:49:33:644,120000579,236827100,100055,90070,0
21:49:33:844,120000468,236902015,99504,90050,0
21:49:34:044,120000580,236832276,99508,90091,0
21:49:34:244,120000448,236818729,99907,90105,0
21:49:34:444,120000567,236892765,99578,90028,0
21:49:34:644,120000575,236831953,99791,90109,0
21:49:34:844,120000572,236822014,99346,90468,0
21:49:35:044,120000572,236873304,99660,90129,0
21:49:35:644,120000479,265133411,403,156,0
21:49:35:644,120000479,265133411,403,156,0
21:49:35:844,120000557,258861787,22329,20068,0
21:49:36:044,120000590,236835038,99801,90107,0
21:49:36:244,120000472,236892046,99148,90059,0
21:49:36:644,120000446,236821327,99952,90099,0
21:49:36:844,120000572,236863247,99768,90357,0
21:49:37:044,120000596,236813116,100043,90541,0
21:49:37:244,120000560,236832893,99673,90033,0
21:49:37:444,120000588,236871054,100393,90001,0
21:49:37:644,120000562,236816012,99792,90383,0
21:49:37:844,120000582,236817878,99716,90354,0
21:49:38:044,120000570,236886540,100177,90035,0
21:49:38:244,120000574,236863755,99195,90109,0
21:49:38:444,120000540,236822617,99934,90104,0
21:49:38:644,120000563,236899771,99602,89982,0
21:49:38:844,120000533,236815553,99889,90188,0
21:49:39:044,120000580,236832366,99198,90572,0
21:49:39:244,120000514,236880851,99651,90190,0
21:49:39:444,120000571,236843184,99467,90102,0
21:49:39:644,120000449,236831899,99590,90109,0
21:49:39:844,120000575,236873879,100192,90008,0
21:49:40:044,120000451,236841670,99625,90103,0
21:49:40:244,120000575,236822311,99707,90093,0
21:49:40:444,120000567,236879227,100112,90030,0
21:49:40:644,120000569,236832099,99582,90095,0
21:49:40:844,120000569,236838299,99983,90028,0
21:49:41:044,120000571,236892513,99373,90052,0
21:49:41:244,120000581,236828015,99656,90110,0
21:49:41:444,120000540,236832736,100240,90082,0
21:49:41:644,120000569,236889997,99344,90041,0
21:49:41:844,120000541,236838986,99712,90106,0
21:49:42:044,120000564,236850580,99281,90105,0
21:49:42:244,120000559,236897637,99719,90028,0
21:49:42:444,120000572,236829119,99847,90017,0
21:49:42:644,120000478,236842946,99668,90056,0
21:49:42:844,120000576,236883732,99888,90034,0
21:49:43:044,120000444,236851741,98914,90112,0
21:49:43:244,120000574,236837271,99661,90093,0
21:49:43:444,120000441,236887185,99482,90031,0
21:49:43:644,120000572,236818785,100020,90108,0
21:49:43:844,120000578,236846454,99336,90110,0
21:49:44:044,120000575,236920875,99035,90043,0
21:49:44:244,120000587,236822190,99911,90102,0
21:49:44:444,120000568,236835695,99637,90060,0
21:49:44:644,120000573,236890314,100244,90024,0
21:49:44:844,120000541,236827715,99586,90098,0
21:49:45:044,120000579,236827381,100070,90030,0
21:49:45:244,120000577,236861457,99884,90483,0
21:49:45:444,120000581,236842631,99198,90173,0
21:49:45:644,120000548,236831142,99702,90098,0
21:49:45:844,120000564,236901647,99572,90027,0
21:49:46:044,120000548,236809779,100061,90098,0
21:49:46:244,120000566,236833043,99615,90089,0
21:49:46:444,120000530,236865458,99915,90276,0
21:49:46:644,120000563,236810708,99853,90562,0
21:49:46:844,120000474,236858469,99226,90474,0
21:49:47:044,120000565,236850136,100048,90080,0
21:49:47:244,120000456,236828702,99752,90110,0
21:49:47:444,120000571,236852443,100111,90331,0
21:49:47:644,120000575,236818395,100113,90208,0
21:49:47:844,120000562,236834783,99343,90105,0
21:49:48:044,120000573,236856259,100255,90458,0
21:49:48:244,120000559,236793358,99615,90551,0
21:49:48:444,120000573,236824158,99864,90362,0
21:49:48:644,120000575,236836749,100042,90442,0
21:49:48:844,120000580,236831117,99645,90113,0
21:49:49:044,120000545,236862170,100002,90291,0
21:49:49:244,120000579,236861377,98886,90264,0
21:49:49:444,120000466,236829304,99686,90088,0
21:49:49:644,120000575,236879420,99689,90020,0
21:49:49:844,120000543,236863809,99469,90048,0
21:49:50:044,120000577,236818567,99810,90108,0
21:49:50:244,120000464,236871921,99663,90023,0
21:49:50:444,120000567,236825658,99839,90496,0
21:49:50:644,120000451,236808282,99610,90566,0
21:49:50:844,120000566,236878635,99945,90223,0
21:49:51:244,120000476,265141935,402,157,0
21:49:51:444,120000579,263527556,6192,5222,0
21:49:51:644,120000572,236833566,99628,90105,0
21:49:51:844,120000471,236843121,99282,90099,0
21:49:52:044,120000582,236889398,100301,89874,0
21:49:52:244,120000469,236834843,99764,90125,0
21:49:52:444,120000574,236818514,100121,90095,0
21:49:52:644,120000489,236879501,99847,90056,0
21:49:52:844,120000574,236834265,99533,90096,0
21:49:53:044,120000457,236830209,100075,90088,0
21:49:53:244,120000606,236873884,99373,90047,0
21:49:53:444,120000575,236822222,99934,90095,0
21:49:53:644,120000579,236861877,99153,90094,0
21:49:53:844,120000572,236870277,100054,89970,0
21:49:54:044,120000571,236817556,99721,90474,0
21:49:54:244,120000578,236851489,99688,90473,0
21:49:54:444,120000551,236800952,99874,90486,0
21:49:54:644,120000572,236815920,99289,90560,0
21:49:54:844,120000579,236874805,100221,90097,0
21:49:55:044,120000574,236834290,99172,90568,0
21:49:55:244,120000475,236824846,99413,90342,0
21:49:55:444,120000568,236844611,100347,90377,0
21:49:55:644,120000528,236824152,99482,90298,0
21:49:55:844,120000582,236846634,99936,90093,0
21:49:56:044,120000469,236885170,99485,90054,0
21:49:56:244,120000576,236835018,99883,90004,0
21:49:56:444,120000452,236833405,100157,90068,0
21:49:56:644,120000570,236870205,99648,90048,0
21:49:56:844,120000572,236815904,100403,90109,0
21:49:57:044,120000575,236862268,99573,90076,0
21:49:57:244,120000581,236822981,100052,90396,0
21:49:57:444,120000539,236803477,100094,90494,0
21:49:57:644,120000572,236887071,99905,90026,0
21:49:57:844,120000542,236826578,100074,90116,0
21:49:58:044,120000578,236840352,99268,90105,0
21:49:58:244,120000574,236861725,100074,90437,0
21:49:58:444,120000567,236836828,99822,90010,0
21:49:58:644,120000536,236809448,100195,90098,0
21:49:58:844,120000583,236906161,99720,89991,0
21:49:59:044,120000473,236847261,99566,90111,0
21:49:59:244,120000582,236825283,100109,90014,0
21:49:59:444,120000448,236879108,100137,90028,0
21:49:59:644,120000569,236838679,99935,90036,0
21:49:59:844,120000463,236823644,99905,90115,0
21:50:00:044,120000574,236904103,99557,90034,0
21:50:00:244,120000569,236832276,99657,90113,0
21:50:00:444,120000578,236831611,99401,90126,0
21:50:00:644,120000578,236881488,99893,90031,0
21:50:00:844,120000580,236833221,99653,90100,0
21:50:01:044,120000570,236814694,100340,90074,0
21:50:01:244,120000566,236911171,99461,90047,0
21:50:01:444,120000574,236838717,99834,90091,0
21:50:01:644,120000540,236809959,100423,90108,0
21:50:01:844,120000572,236913476,99232,90051,0
21:50:02:044,120000550,236814444,100299,90053,0
21:50:02:244,120000561,236829586,99908,90102,0
21:50:02:444,120000536,236889668,99614,90027,0
21:50:02:644,120000572,236836181,99666,90058,0
21:50:02:844,120000462,236841880,99440,90055,0
21:50:03:044,120000568,236871624,100255,90020,0
21:50:03:244,120000443,236836246,99777,89951,0
21:50:03:444,120000569,236836996,99841,90089,0
21:50:03:644,120000443,236890582,99540,90050,0
21:50:03:844,120000575,236807195,100022,90171,0
21:50:04:044,120000578,236845078,100062,90293,0
21:50:04:244,120000577,236879228,99318,90069,0
21:50:04:444,120000579,236811364,99980,90102,0
21:50:04:644,120000572,236862850,99935,90073,0
21:50:04:844,120000578,236857402,100004,90070,0
21:50:05:044,120000541,236837719,99557,90111,0
21:50:05:244,120000573,236865549,99672,90173,0
21:50:05:444,120000519,236833847,99721,90457,0
21:50:05:644,120000592,236824390,99475,90567,0
21:50:05:844,120000546,236864113,100071,90414,0
21:50:06:044,120000572,236818424,99279,90511,0
21:50:06:244,120000457,236810117,99877,90079,0
21:50:06:444,120000570,236886328,99942,90164,0
21:50:07:044,120000446,265134340,403,145,0
21:50:07:044,120000446,265134340,403,145,0
21:50:07:244,120000595,240156449,87466,79880,0
21:50:07:444,120000572,236848580,100912,90148,0
21:50:07:644,120000566,236843466,99648,90106,0
21:50:07:844,120000536,236815766,99821,90093,0
21:50:08:044,120000574,236882377,99911,90034,0
21:50:08:244,120000570,236844342,99363,90106,0
21:50:08:444,120000582,236828270,99838,90108,0
21:50:08:644,120000513,236896337,99885,89990,0
21:50:08:844,120000585,236814757,99651,90311,0
21:50:09:044,120000440,236841575,99900,90090,0
21:50:09:244,120000575,236915559,99032,90008,0
21:50:09:444,120000460,236835550,99386,90105,0
21:50:09:644,120000568,236860504,99197,90110,0
21:50:09:844,120000569,236884709,99921,90018,0
21:50:10:044,120000566,236834366,99614,90101,0
21:50:10:244,120000574,236823566,99911,90111,0
21:50:10:444,120000564,236875320,99858,90029,0
21:50:10:644,120000575,236836979,99441,90107,0
21:50:10:844,120000544,236821806,99601,90089,0
21:50:11:044,120000567,236895154,100027,89979,0
21:50:11:244,120000499,236827677,99731,90099,0
21:50:11:444,120000575,236834918,99999,90017,0
21:50:11:644,120000539,236885151,100068,89896,0
21:50:11:844,120000572,236826147,99853,90096,0
21:50:12:044,120000478,236839276,99903,90031,0
21:50:12:244,120000577,236881970,100015,90028,0
21:50:12:444,120000451,236833316,99417,90107,0
21:50:12:644,120000572,236843147,99737,90088,0
21:50:12:844,120000460,236856508,99733,90410,0
21:50:13:044,120000574,236816793,99644,90477,0
21:50:13:244,120000577,236854352,100212,90273,0
21:50:13:444,120000526,236846685,99519,90064,0
21:50:13:644,120000579,236824670,99823,90103,0
21:50:13:844,120000567,236878967,99839,90043,0
21:50:14:044,120000577,236853180,99254,90089,0
21:50:14:244,120000542,236804025,100546,90072,0
21:50:14:444,120000579,236902391,99266,90058,0
21:50:14:644,120000550,236828325,100018,90068,0
21:50:14:844,120000573,236823645,99971,90127,0
21:50:15:044,120000548,236895810,99670,90037,0
21:50:15:244,120000569,236816872,100506,90099,0
21:50:15:444,120000463,236830897,99651,90105,0
21:50:15:644,120000570,236895742,99876,90017,0
21:50:15:844,120000471,236845667,99698,89904,0
21:50:16:044,120000566,236828154,99868,90101,0
21:50:16:244,120000462,236889037,99927,90036,0
21:50:16:444,120000578,236843365,99136,90114,0
21:50:16:644,120000576,236797314,100286,90331,0
21:50:16:844,120000572,236880907,99703,90489,0
21:50:17:044,120000574,236804914,99836,90289,0
21:50:17:244,120000578,236842892,99498,90110,0
21:50:17:444,120000570,236881440,99732,90071,0
21:50:17:644,120000541,236857004,99452,90044,0
21:50:17:844,120000581,236847249,99388,90028,0
21:50:18:044,120000575,236866353,99847,90231,0
21:50:18:244,120000579,236818352,100044,90263,0
21:50:18:444,120000561,236817734,99968,90435,0
21:50:18:644,120000572,236879117,99989,90042,0
21:50:18:844,120000550,236849381,99406,90120,0
21:50:19:044,120000567,236834897,100054,90091,0
21:50:19:244,120000516,236904799,99069,90034,0
21:50:19:444,120000574,236817627,100172,89998,0
21:50:19:644,120000440,236833339,99343,90555,0
21:50:19:844,120000572,236858684,99917,90203,0
21:50:20:044,120000450,236804163,100132,90412,0
21:50:20:244,120000577,236877818,99470,90077,0
21:50:20:444,120000582,236877787,99409,90041,0
21:50:20:644,120000566,236820816,99698,90274,0
21:50:20:844,120000572,236864917,100040,89933,0
21:50:21:044,120000571,236846480,99817,90302,0
21:50:21:244,120000579,236831677,99768,90089,0
21:50:21:444,120000542,236869470,100103,90063,0
21:50:21:644,120000568,236865339,98937,90056,0
21:50:21:844,120000548,236836994,99767,90085,0
21:50:22:044,120000573,236869201,99663,90019,0
21:50:22:644,120000447,265134340,403,165,0
21:50:22:644,120000447,265134340,403,165,0
21:50:22:844,120000594,244840666,71676,64626,0
21:50:23:044,120000570,236845883,99843,90091,0
21:50:23:244,120000566,236872194,99708,90005,0
21:50:23:444,120000575,236825205,100186,90114,0
21:50:23:644,120000580,236867556,99274,90102,0
21:50:23:844,120000606,236885922,99575,90040,0
21:50:24:044,120000573,236831578,99967,90042,0
21:50:24:244,120000542,236851333,99713,89910,0
21:50:24:444,120000600,236888459,100030,90050,0
21:50:24:644,120000544,236838309,99539,90089,0
21:50:24:844,120000577,236832676,99812,90087,0
21:50:25:044,120000520,236879631,99805,90033,0
21:50:25:244,120000574,236832557,99622,90102,0
21:50:25:444,120000451,236838973,99826,90091,0
21:50:25:644,120000564,236874654,99426,90053,0
21:50:25:844,120000437,236817309,100177,90090,0
21:50:26:044,120000572,236848055,99964,90352,0
21:50:26:244,120000580,236822452,99847,90488,0
21:50:26:444,120000542,236813155,99835,90175,0
21:50:26:644,120000573,236895974,99635,90021,0
21:50:26:844,120000535,236800001,100100,90439,0
21:50:27:044,120000572,236810521,99785,90452,0
21:50:27:244,120000575,236863534,100112,90434,0
21:50:27:444,120000584,236827027,99579,90289,0
21:50:27:644,120000548,236832064,99870,90092,0
21:50:27:844,120000573,236899808,99449,90044,0
21:50:28:044,120000550,236846819,99273,90130,0
21:50:28:244,120000567,236833267,99496,90107,0
21:50:28:444,120000521,236902347,99317,90032,0
21:50:28:644,120000566,236813392,100024,90101,0
21:50:28:844,120000448,236826995,99480,90099,0
21:50:29:044,120000572,236868444,99951,90285,0
21:50:29:244,120000457,236794778,99718,90568,0
21:50:29:444,120000576,236869339,99328,90208,0
21:50:29:644,120000573,236841111,99904,90166,0
21:50:29:844,120000520,236825318,100114,90117,0
21:50:30:044,120000570,236881845,99462,90062,0
21:50:30:244,120000539,236815305,100004,90067,0
21:50:30:444,120000582,236842599,99299,90121,0
21:50:30:644,120000567,236872252,100291,90240,0
21:50:30:844,120000571,236826799,99441,90558,0
21:50:31:044,120000549,236804212,99661,90532,0
21:50:31:244,120000569,236855649,100066,90490,0
21:50:31:444,120000535,236838605,99711,90140,0
21:50:31:644,120000567,236818657,100456,90068,0
21:50:31:844,120000535,236879438,99859,89960,0
21:50:32:044,120000581,236832856,99626,90105,0
21:50:32:244,120000469,236847662,99568,90096,0
21:50:32:444,120000571,236864415,100024,90141,0
21:50:32:644,120000513,236824359,100012,90101,0
21:50:32:844,120000574,236857052,99813,90008,0
21:50:33:044,120000569,236857308,100161,90047,0
21:50:33:244,120000566,236822736,99896,90118,0
21:50:33:444,120000575,236870588,99559,90076,0
21:50:33:644,120000577,236866491,99642,89953,0
21:50:33:844,120000573,236859237,99049,90114,0
21:50:34:044,120000572,236829691,100548,90052,0
21:50:34:244,120000578,236892681,98978,90074,0
21:50:34:444,120000538,236822599,99927,90095,0
21:50:34:644,120000567,236866218,99789,89765,0
21:50:34:844,120000575,236879994,99616,90033,0
21:50:35:044,120000578,236849623,99647,90056,0
21:50:35:244,120000481,236838180,99479,90097,0
21:50:35:444,120000567,236898744,99969,89988,0
21:50:35:644,120000455,236831787,99766,90059,0
21:50:35:844,120000569,236827504,99793,90091,0
21:50:36:044,120000515,236884558,99693,90032,0
21:50:36:244,120000583,236817440,99529,90402,0
21:50:36:444,120000497,236843553,99942,90149,0
21:50:36:644,120000570,236878164,99393,90045,0
21:50:36:844,120000575,236823195,100013,90099,0
21:50:37:044,120000580,236839255,100466,90067,0
21:50:37:244,120000578,236853131,99981,90060,0
21:50:37:444,120000523,236809694,100176,90097,0
21:50:37:644,120000574,236892756,99620,89938,0
21:50:38:244,120000448,265133883,403,158,0
21:50:38:244,120000448,265133883,403,158,0
21:50:38:444,120000472,249627883,54915,49358,0
21:50:38:644,120000566,236877491,99433,90052,0
21:50:38:844,120000572,236849692,99994,89927,0
21:50:39:044,120000580,236834766,99656,90130,0
21:50:39:244,120000576,236867528,100226,89932,0
21:50:39:444,120000558,236837060,100204,90061,0
21:50:39:644,120000574,236851856,99284,90132,0
21:50:39:844,120000573,236853374,100584,89990,0
21:50:40:044,120000591,236854458,99235,90129,0
21:50:40:244,120000540,236826266,99606,90102,0
21:50:40:444,120000579,236876856,100362,90030,0
21:50:40:644,120000545,236835212,99316,90118,0
21:50:40:844,120000574,236818726,100219,90061,0
21:50:41:044,120000538,236898812,99452,90037,0
21:50:41:244,120000577,236839638,99718,89913,0
21:50:41:444,120000471,236817808,99968,90103,0
21:50:41:644,120000576,236886101,99897,90027,0
21:50:41:844,120000457,236804903,100210,90090,0
21:50:42:044,120000579,236839307,99542,90098,0
21:50:42:244,120000357,236849540,100350,90367,0
21:50:42:444,120000571,236812406,99425,90536,0
21:50:42:644,120000579,236834311,99605,90400,0
21:50:42:844,120000569,236866244,99724,90025,0
21:50:43:044,120000584,236849239,99323,90062,0
21:50:43:244,120000571,236841923,100250,90036,0
21:50:43:444,120000579,236873110,99376,90011,0
21:50:43:644,120000542,236797971,99818,90392,0
21:50:43:844,120000580,236866159,100156,90242,0
21:50:44:044,120000526,236849714,99211,90072,0
21:50:44:244,120000568,236816962,100327,90008,0
21:50:44:444,120000536,236880149,99950,89995,0
21:50:44:644,120000574,236805759,100062,90358,0
21:50:44:844,120000447,236804840,99987,90566,0
21:50:45:044,120000568,236890181,100048,90101,0
21:50:45:244,120000508,236814643,100121,90109,0
21:50:45:444,120000574,236839626,99397,90117,0
21:50:45:644,120000443,236878353,100051,90009,0
21:50:45:844,120000583,236843640,99156,90110,0
21:50:46:044,120000576,236832539,99875,90020,0
21:50:46:244,120000580,236887715,100148,90019,0
21:50:46:444,120000576,236841915,99289,90109,0
21:50:46:644,120000565,236827320,99869,90091,0
21:50:46:844,120000575,236912929,99415,90035,0
21:50:47:044,120000539,236813261,100061,90285,0
21:50:47:244,120000573,236818684,99783,90465,0
21:50:47:444,120000570,236860004,99908,90374,0
21:50:47:644,120000574,236819682,100144,90111,0
21:50:47:844,120000537,236863070,99586,90094,0
21:50:48:044,120000583,236838562,100333,90378,0
21:50:48:244,120000460,236809038,99726,90567,0
21:50:48:444,120000572,236871212,100369,90057,0
21:50:48:644,120000470,236819617,99998,90091,0
21:50:48:844,120000578,236823754,99721,90091,0
21:50:49:044,120000441,236889999,99676,90022,0
21:50:49:244,120000580,236848401,99428,90090,0
21:50:49:444,120000570,236819877,99982,90012,0
21:50:49:644,120000563,236897212,99597,90027,0
21:50:49:844,120000578,236830946,99720,90097,0
21:50:50:044,120000543,236845566,99455,90113,0
21:50:50:244,120000581,236898250,99640,90036,0
21:50:50:444,120000549,236831221,99851,90106,0
21:50:50:644,120000574,236841897,99369,90105,0
21:50:50:844,120000577,236856580,100136,90341,0
21:50:51:044,120000577,236818073,99879,90371,0
21:50:51:244,120000543,236793561,100103,90549,0
21:50:51:444,120000576,236882464,99386,90450,0
21:50:51:644,120000523,236806157,99549,90486,0
21:50:51:844,120000573,236833431,100248,90475,0
21:50:52:044,120000470,236852316,99699,90085,0
21:50:52:244,120000578,236823032,99977,90096,0
21:50:52:444,120000475,236878879,100524,89882,0
21:50:52:644,120000571,236857516,99090,90097,0
21:50:52:844,120000574,236837054,99826,90107,0
21:50:53:044,120000578,236882086,99553,90070,0
21:50:53:244,120000570,236840523,100181,90045,0
21:50:53:844,120000484,265141837,401,161,0
21:50:53:844,120000484,265141837,401,161,0
21:50:54:044,120000474,254430163,37982,34080,0
21:50:54:244,120000583,236883029,99696,90038,0
21:50:54:444,120000475,236830823,99879,90083,0
21:50:54:644,120000579,236838125,99602,90058,0
21:50:54:844,120000462,236888069,99926,90071,0
21:50:55:044,120000607,236860352,99466,90098,0
21:50:55:244,120000578,236822722,99975,90121,0
21:50:55:444,120000578,236867457,100156,90484,0
21:50:55:644,120000601,236831326,99174,90495,0
21:50:55:844,120000560,236794305,100051,90316,0
21:50:56:044,120000573,236905387,99136,90095,0
21:50:56:244,120000508,236805640,99730,90561,0
21:50:56:444,120000577,236803332,100031,90563,0
21:50:56:644,120000566,236860391,99539,90485,0
21:50:56:844,120000574,236820012,99874,90305,0
21:50:57:044,120000545,236862805,99426,90093,0
21:50:57:244,120000576,236870344,100047,90042,0
21:50:57:444,120000528,236818200,100007,90162,0
21:50:57:644,120000571,236856223,99682,90419,0
21:50:57:844,120000469,236821961,99965,90519,0
21:50:58:044,120000569,236839421,99369,90208,0
21:50:58:244,120000475,236879995,100145,90026,0
21:50:58:444,120000573,236853703,99187,90104,0
21:50:58:644,120000570,236836711,99379,90098,0
21:50:58:844,120000569,236867784,100050,90244,0
21:50:59:044,120000563,236846066,99373,90098,0
21:50:59:244,120000548,236824817,99831,90016,0
21:50:59:444,120000566,236884411,99855,90038,0
21:50:59:644,120000544,236830627,99758,90091,0
21:50:59:844,120000567,236827702,99706,90108,0
21:51:00:044,120000569,236893089,99588,90034,0
21:51:00:244,120000566,236841078,99748,90055,0
21:51:00:444,120000466,236837138,99235,90117,0
21:51:00:644,120000576,236874559,100370,90028,0
21:51:00:844,120000551,236849460,99195,90108,0
21:51:01:044,120000563,236837790,99429,90121,0
21:51:01:244,120000459,236883387,99886,90030,0
21:51:01:444,120000577,236829062,99844,90022,0
21:51:01:644,120000459,236827639,99568,90115,0
21:51:01:844,120000582,236891226,99587,90051,0
21:51:02:044,120000457,236814606,100133,90111,0
21:51:02:244,120000574,236825028,99909,90106,0
21:51:02:444,120000572,236900487,99753,90024,0
21:51:02:644,120000577,236823430,99857,90108,0
21:51:02:844,120000578,236855181,99164,90069,0
21:51:03:044,120000575,236879701,100270,90018,0
21:51:03:244,120000573,236828518,99309,90492,0
21:51:03:444,120000536,236808456,99974,90339,0
21:51:03:644,120000560,236896810,99706,89977,0
21:51:03:844,120000545,236833375,99435,90134,0
21:51:04:044,120000572,236826050,100094,90100,0
21:51:04:244,120000527,236892148,99489,90028,0
21:51:04:444,120000577,236811798,100019,90316,0
21:51:04:644,120000484,236815141,100095,90526,0
21:51:04:844,120000573,236843447,99863,90452,0
21:51:05:044,120000467,236808954,100081,90481,0
21:51:05:244,120000578,236884435,99304,90081,0
21:51:05:444,120000454,236844396,99988,90015,0
21:51:05:644,120000582,236827850,99686,90078,0
21:51:05:844,120000576,236883633,99649,90053,0
21:51:06:044,120000572,236855461,99569,90068,0
21:51:06:244,120000575,236846014,99816,90108,0
21:51:06:444,120000578,236859998,100199,89999,0
21:51:06:644,120000572,236876023,99068,90082,0
21:51:06:844,120000575,236816004,100050,90101,0
21:51:07:044,120000575,236881233,99173,90093,0
21:51:07:244,120000574,236876795,99489,90044,0
21:51:07:444,120000570,236805676,100503,90106,0
21:51:07:644,120000544,236875276,98912,90084,0
21:51:07:844,120000573,236848692,100027,90075,0
21:51:08:044,120000465,236819143,99650,90288,0
21:51:08:244,120000576,236876140,99901,89982,0
21:51:08:444,120000476,236842826,100004,90068,0
21:51:08:644,120000579,236818784,100179,89960,0
21:51:08:844,120000465,236863267,100341,90020,0
21:51:09:444,120000468,265141425,402,156,0
21:51:09:644,120000552,259113437,21372,19238,0
21:51:09:844,120000590,236829720,99784,90107,0
21:51:10:044,120000536,236881835,100115,90032,0
21:51:10:244,120000581,236824495,99872,90105,0
21:51:10:444,120000475,236825456,100442,90025,0
21:51:10:644,120000571,236888214,99635,90037,0
21:51:10:844,120000495,236824497,100084,90063,0
21:51:11:044,120000570,236838416,99949,90078,0
21:51:11:244,120000446,236848601,100024,90044,0
21:51:11:444,120000592,236844019,99309,90107,0
21:51:11:644,120000575,236858477,100020,89962,0
21:51:11:844,120000580,236838188,100051,90056,0
21:51:12:044,120000578,236831394,99575,90099,0
21:51:12:244,120000578,236865405,100300,89981,0
21:51:12:444,120000578,236847366,99750,90102,0
21:51:12:644,120000542,236825391,99753,90113,0
21:51:12:844,120000576,236896606,99378,90078,0
21:51:13:044,120000571,236859115,99160,90078,0
21:51:13:244,120000581,236831070,99784,90102,0
21:51:13:444,120000543,236869092,99703,90067,0
21:51:13:644,120000575,236847429,99930,90075,0
21:51:13:844,120000457,236821536,100139,90103,0
21:51:14:044,120000578,236880576,99540,90449,0
21:51:14:244,120000526,236814473,100174,90167,0
21:51:14:444,120000579,236860751,99034,90097,0
21:51:14:644,120000455,236865536,99983,90020,0
21:51:14:844,120000573,236852488,99639,90000,0
21:51:15:044,120000566,236828267,99852,89955,0
21:51:15:244,120000582,236890485,99516,90152,0
21:51:15:444,120000563,236843822,99505,90109,0
21:51:15:644,120000541,236829212,99991,90089,0
21:51:15:844,120000579,236890640,99352,90110,0
21:51:16:044,120000550,236803607,99859,90381,0
21:51:16:244,120000573,236838410,99646,90115,0
21:51:16:444,120000572,236901650,99691,90029,0
21:51:16:644,120000574,236825646,99857,90095,0
21:51:16:844,120000549,236811327,99958,90106,0
21:51:17:044,120000574,236883716,100127,90008,0
21:51:17:244,120000539,236830131,99440,90103,0
21:51:17:444,120000582,236815646,100252,90090,0
21:51:17:644,120000519,236862643,100230,90018,0
21:51:17:844,120000582,236840150,99685,90108,0
21:51:18:044,120000449,236830038,100117,90078,0
21:51:18:244,120000573,236880725,99899,90048,0
21:51:18:444,120000459,236837867,99490,90122,0
21:51:18:644,120000568,236849132,99302,90096,0
21:51:18:844,120000563,236903392,99573,90036,0
21:51:19:044,120000569,236834432,99754,90099,0
21:51:19:244,120000577,236854756,99282,90115,0
21:51:19:444,120000570,236898365,99549,90017,0
21:51:19:644,120000575,236833861,99886,90109,0
21:51:19:844,120000551,236807354,100021,90102,0
21:51:20:044,120000575,236885552,100208,90026,0
21:51:20:244,120000536,236835668,99453,90105,0
21:51:20:444,120000568,236841561,99476,90099,0
21:51:20:644,120000545,236880557,99559,90032,0
21:51:20:844,120000576,236821624,99794,90145,0
21:51:21:044,120000477,236831345,100017,90041,0
21:51:21:244,120000574,236881291,99835,90021,0
21:51:21:444,120000459,236846124,99377,90096,0
21:51:21:644,120000574,236852290,99031,90126,0
21:51:21:844,120000459,236882556,100294,90014,0
21:51:22:044,120000568,236817576,99965,90117,0
21:51:22:244,120000577,236841345,99665,90103,0
21:51:22:444,120000576,236865029,100000,90171,0
21:51:22:644,120000577,236830036,99608,90348,0
21:51:22:844,120000579,236839629,99762,90414,0
21:51:23:044,120000578,236853011,99606,90256,0
21:51:23:244,120000528,236802990,100489,90091,0
21:51:23:444,120000571,236874114,100082,90031,0
21:51:23:644,120000550,236819611,99966,90250,0
21:51:23:844,120000569,236837555,99452,90173,0
21:51:24:044,120000540,236887518,99686,90023,0
21:51:24:244,120000581,236823168,99765,90102,0
21:51:24:444,120000466,236836798,99950,90010,0
21:51:24:644,120000576,236889387,100101,90208,0
21:51:25:044,120000476,265141329,402,165,0
21:51:25:244,120000584,263909609,4778,3983,0
21:51:25:444,120000576,236836490,99388,90468,0
21:51:25:644,120000563,236908513,98776,90048,0
21:51:25:844,120000574,236826110,99881,90044,0
21:51:26:044,120000543,236836548,99500,90128,0
21:51:26:244,120000571,236897302,99593,90022,0
21:51:26:444,120000572,236820851,99884,90097,0
21:51:26:644,120000566,236828240,99846,90101,0
21:51:26:844,120000519,236894941,99493,90039,0
21:51:27:044,120000597,236848994,99071,90111,0
21:51:27:244,120000451,236842826,99441,90096,0
21:51:27:444,120000574,236908713,99399,90022,0
21:51:27:644,120000453,236818844,99841,90005,0
21:51:27:844,120000573,236836404,99798,90099,0
21:51:28:044,120000582,236910391,99442,90031,0
21:51:28:244,120000578,236833147,99943,90102,0
21:51:28:444,120000572,236831663,99433,90104,0
21:51:28:644,120000566,236872411,99903,90039,0
21:51:28:844,120000572,236841655,99740,90123,0
21:51:29:044,120000551,236834841,99883,90041,0
21:51:29:244,120000566,236863054,100136,90385,0
21:51:29:444,120000545,236833140,99689,90149,0
21:51:29:644,120000572,236824000,100109,90095,0
21:51:29:844,120000572,236878965,99822,90037,0
21:51:30:044,120000578,236833232,99803,90100,0
21:51:30:244,120000477,236841511,99542,90093,0
21:51:30:444,120000568,236904525,99101,90035,0
21:51:30:644,120000456,236827152,99983,90084,0
21:51:30:844,120000568,236832478,99767,90113,0
21:51:31:044,120000445,236881006,100047,89974,0
21:51:31:244,120000567,236822706,99975,90050,0
21:51:31:444,120000574,236842275,99888,90092,0
21:51:31:644,120000575,236859309,100155,89957,0
21:51:31:844,120000582,236856181,99129,90133,0
21:51:32:044,120000569,236845862,99885,90046,0
21:51:32:244,120000569,236889404,99305,90033,0
21:51:32:444,120000574,236803218,99766,90405,0
21:51:32:644,120000576,236843202,99968,90463,0
21:51:32:844,120000525,236837275,98993,90538,0
21:51:33:044,120000571,236818033,99788,90324,0
21:51:33:244,120000542,236892230,99850,89925,0
21:51:33:444,120000569,236832541,99870,90091,0
21:51:33:644,120000471,236822959,100017,90057,0
21:51:33:844,120000579,236856833,100041,90436,0
21:51:34:044,120000459,236800114,100109,90492,0
21:51:34:244,120000575,236826678,99138,90558,0
21:51:34:444,120000459,236861017,100031,90454,0
21:51:34:644,120000568,236833807,98999,90527,0
21:51:34:844,120000448,236826587,100213,90501,0
21:51:35:044,120000572,236850257,99171,90534,0
21:51:35:244,120000586,236802139,99861,90561,0
21:51:35:444,120000571,236864322,99976,90402,0
21:51:35:644,120000578,236814355,99291,90561,0
21:51:35:844,120000549,236818733,99879,90135,0
21:51:36:044,120000566,236889556,100007,90041,0
21:51:36:244,120000539,236831625,99269,90114,0
21:51:36:444,120000581,236843266,99875,90049,0
21:51:36:644,120000577,236890759,99933,90030,0
21:51:36:844,120000579,236816805,99881,90105,0
21:51:37:044,120000477,236841643,99527,90107,0
21:51:37:244,120000582,236874524,99698,90140,0
21:51:37:444,120000473,236835878,99895,90106,0
21:51:37:644,120000581,236855357,99023,90110,0
21:51:37:844,120000511,236883013,99743,90013,0
21:51:38:044,120000571,236818675,100031,90160,0
21:51:38:244,120000447,236819967,100077,90208,0
21:51:38:444,120000583,236859075,99764,90456,0
21:51:38:644,120000578,236809498,99889,90457,0
21:51:38:844,120000578,236860072,100096,90079,0
21:51:39:044,120000580,236858670,99550,90054,0
21:51:39:244,120000524,236810148,99784,90549,0
21:51:39:444,120000573,236874266,99640,90361,0
21:51:39:644,120000550,236812659,99770,90532,0
21:51:39:844,120000567,236830682,99728,90213,0
21:51:40:044,120000548,236900313,99314,90031,0
21:51:40:244,120000574,236841485,99852,90052,0
21:51:40:844,120000444,265133718,403,160,0
21:51:40:844,120000444,265133718,403,160,0
21:51:41:044,120000595,240298620,87378,79083,0
21:51:41:244,120000564,236868815,100115,90034,0
21:51:41:444,120000577,236830388,99643,90197,0
21:51:41:644,120000539,236841448,99306,90110,0
21:51:41:844,120000570,236877490,100210,90063,0
21:51:42:044,120000565,236796999,99679,90541,0
21:51:42:244,120000574,236816172,100070,90250,0
21:51:42:444,120000576,236887404,99850,90032,0
21:51:42:644,120000595,236831633,99762,90060,0
21:51:42:844,120000475,236815801,100022,90258,0
21:51:43:044,120000571,236890148,99331,90497,0
21:51:43:244,120000528,236811476,99868,90318,0
21:51:43:444,120000568,236842714,99803,90089,0
21:51:43:644,120000521,236869715,99993,90033,0
21:51:43:844,120000574,236826824,100107,89978,0
21:51:44:044,120000449,236853865,99642,90038,0
21:51:44:244,120000575,236867874,100031,90051,0
21:51:44:444,120000570,236844941,99306,90112,0
21:51:44:644,120000563,236852369,99721,90026,0
21:51:44:844,120000566,236870830,99796,90032,0
21:51:45:044,120000572,236823496,99762,90097,0
21:51:45:244,120000566,236851633,100295,90081,0
21:51:45:444,120000569,236864870,99377,90052,0
21:51:45:644,120000572,236819195,100199,89984,0
21:51:45:844,120000545,236877657,99564,90062,0
21:51:46:044,120000572,236846860,99809,90253,0
21:51:46:244,120000535,236819154,99727,90343,0
21:51:46:444,120000564,236869581,99418,90451,0
21:51:46:644,120000548,236797019,99811,90455,0
21:51:46:844,120000572,236842607,99192,90290,0
21:51:47:044,120000459,236881949,99916,90027,0
21:51:47:244,120000574,236841600,99772,90057,0
21:51:47:444,120000459,236818485,99890,90109,0
21:51:47:644,120000568,236906765,99346,90024,0
21:51:47:844,120000575,236843048,99318,90100,0
21:51:48:044,120000580,236798166,100049,90433,0
21:51:48:244,120000570,236878047,99261,90494,0
21:51:48:444,120000572,236799688,99778,90538,0
21:51:48:644,120000572,236814364,100086,90536,0
21:51:48:844,120000574,236845709,99652,90258,0
21:51:49:044,120000578,236837758,99337,90095,0
21:51:49:244,120000548,236876616,99414,90097,0
21:51:49:444,120000573,236860975,100150,89911,0
21:51:49:644,120000544,236832254,99878,90103,0
21:51:49:844,120000573,236865065,99746,90086,0
21:51:50:044,120000561,236858625,99985,90058,0
21:51:50:244,120000574,236814938,99842,90111,0
21:51:50:444,120000471,236868840,100231,90235,0
21:51:50:644,120000582,236825288,99631,90538,0
21:51:50:844,120000449,236795381,100307,90533,0
21:51:51:044,120000572,236857769,100098,90498,0
21:51:51:244,120000460,236802331,99625,90516,0
21:51:51:444,120000568,236827830,100045,90555,0
21:51:51:644,120000571,236859016,99716,90348,0
21:51:51:844,120000528,236793916,100029,90538,0
21:51:52:044,120000573,236862251,99726,90480,0
21:51:52:244,120000542,236801757,99802,90372,0
21:51:52:444,120000582,236819284,100084,90109,0
21:51:52:644,120000566,236914396,99078,90045,0
21:51:52:844,120000572,236822066,100168,90081,0
21:51:53:044,120000538,236818799,99653,90115,0
21:51:53:244,120000573,236896193,100001,89938,0
21:51:53:444,120000530,236838747,99720,90046,0
21:51:53:644,120000572,236832219,99667,90017,0
21:51:53:844,120000521,236884683,100011,89919,0
21:51:54:044,120000577,236854857,98986,90119,0
21:51:54:244,120000449,236838080,99711,90103,0
21:51:54:444,120000564,236881218,100191,90033,0
21:51:54:644,120000443,236827341,99733,90111,0
21:51:54:844,120000575,236842684,99515,90114,0
21:51:55:044,120000580,236904484,99408,90032,0
21:51:55:244,120000575,236814318,100471,90031,0
21:51:55:444,120000579,236850208,99379,90119,0
21:51:55:644,120000572,236871453,100222,90030,0
21:51:55:844,120000569,236829229,99569,90113,0
21:51:56:444,120000456,265134355,403,158,0
21:51:56:444,120000456,265134355,403,158,0
21:51:56:644,120000479,245247778,70020,63359,0
21:51:56:844,120000572,236864056,99741,90054,0
21:51:57:044,120000443,236827522,99734,90202,0
21:51:57:244,120000581,236850614,99889,90498,0
21:51:57:444,120000578,236847004,99397,90404,0
21:51:57:644,120000605,236830510,99452,90094,0
21:51:57:844,120000571,236870182,100219,90010,0
21:51:58:044,120000528,236847233,99545,90091,0
21:51:58:244,120000599,236834880,99854,90097,0
21:51:58:444,120000546,236894575,99292,89871,0
21:51:58:644,120000570,236862221,99526,90050,0
21:51:58:844,120000541,236855629,99258,90114,0
21:51:59:044,120000573,236856790,99322,90110,0
21:51:59:244,120000558,236872179,99754,90029,0
21:51:59:444,120000582,236821082,99409,90345,0
21:51:59:644,120000472,236853916,99946,90034,0
21:51:59:844,120000593,236845780,100108,90300,0
21:52:00:044,120000468,236826890,99393,90136,0
21:52:00:244,120000580,236869021,100110,89975,0
21:52:00:444,120000451,236849783,99542,90070,0
21:52:00:644,120000581,236814824,100512,90103,0
21:52:00:844,120000578,236888725,99640,90056,0
21:52:01:044,120000566,236826842,100011,90067,0
21:52:01:244,120000573,236840745,99544,90109,0
21:52:01:444,120000574,236895435,99256,90058,0
21:52:01:644,120000575,236854475,99461,90066,0
21:52:01:844,120000576,236842088,99427,90111,0
21:52:02:044,120000537,236869182,99995,90016,0
21:52:02:244,120000553,236813028,100209,90308,0
21:52:02:444,120000575,236800348,99943,90438,0
21:52:02:644,120000527,236870134,100265,90033,0
21:52:02:844,120000571,236835032,99492,90106,0
21:52:03:044,120000479,236812394,100077,90091,0
21:52:03:244,120000570,236891200,99891,89968,0
21:52:03:445,120000437,236832189,99565,90107,0
21:52:03:645,120000563,236837936,99597,90110,0
21:52:03:845,120000443,236869632,99945,90036,0
21:52:04:045,120000566,236833213,99783,90104,0
21:52:04:245,120000572,236834973,99554,90041,0
21:52:04:445,120000566,236884592,100051,89985,0
21:52:04:645,120000566,236853729,99314,90109,0
21:52:04:845,120000578,236834517,99463,90105,0
21:52:05:045,120000580,236883588,100226,90031,0
21:52:05:245,120000540,236825475,99425,90117,0
21:52:05:445,120000572,236824906,100356,90083,0
21:52:05:645,120000560,236858854,100035,90050,0
21:52:05:845,120000575,236826575,99916,90103,0
21:52:06:045,120000544,236866222,99489,90086,0
21:52:06:245,120000569,236874762,99574,90045,0
21:52:06:445,120000476,236809612,100254,90108,0
21:52:06:645,120000561,236857381,99899,90057,0
21:52:06:845,120000558,236829116,99979,90064,0
21:52:07:045,120000577,236813371,99829,90430,0
21:52:07:245,120000454,236861432,99739,90488,0
21:52:07:445,120000580,236801140,99917,90564,0
21:52:07:645,120000459,236819172,99271,90515,0
21:52:07:845,120000576,236877793,99801,90364,0
21:52:08:045,120000575,236820717,99521,90510,0
21:52:08:245,120000527,236832361,99800,90511,0
21:52:08:445,120000578,236834038,99851,90432,0
21:52:08:645,120000526,236824673,99904,90249,0
21:52:08:845,120000577,236878383,100205,90033,0
21:52:09:045,120000545,236837476,99401,90167,0
21:52:09:245,120000563,236789094,100322,90390,0
21:52:09:445,120000560,236886598,100134,90045,0
21:52:09:645,120000572,236815846,99869,90297,0
21:52:09:845,120000478,236836881,99419,90113,0
21:52:10:045,120000579,236906889,99288,90029,0
21:52:10:245,120000474,236816397,100181,90073,0
21:52:10:445,120000583,236842092,99450,90121,0
21:52:10:645,120000524,236880542,100090,89964,0
21:52:10:845,120000566,236834382,99817,90042,0
21:52:11:045,120000450,236846170,99257,90090,0
21:52:11:245,120000577,236895942,99775,90030,0
21:52:11:445,120000583,236843336,99394,90113,0
21:52:12:045,120000448,265141721,401,151,0
21:52:12:045,120000448,265141721,401,151,0
21:52:12:245,120000490,249895544,53953,48511,0
21:52:12:445,120000567,236889984,99709,90040,0
21:52:12:645,120000455,236792398,100136,90280,0
21:52:12:845,120000580,236815625,99853,90415,0
21:52:13:045,120000516,236885029,99791,90082,0
21:52:13:245,120000599,236830924,100043,90091,0
21:52:13:445,120000451,236842165,99480,90110,0
21:52:13:645,120000574,236902578,99646,90030,0
21:52:13:845,120000596,236817927,100002,90120,0
21:52:14:045,120000575,236828251,99993,89977,0
21:52:14:245,120000573,236872913,100124,90029,0
21:52:14:445,120000582,236826277,99624,90106,0
21:52:14:645,120000563,236846189,100409,89923,0
21:52:14:845,120000566,236888362,99326,90062,0
21:52:15:045,120000571,236832245,99926,90095,0
21:52:15:245,120000542,236843332,99958,90045,0
21:52:15:445,120000567,236878915,99661,90150,0
21:52:15:645,120000516,236825718,99502,90433,0
21:52:15:845,120000565,236857530,99470,89994,0
21:52:16:045,120000539,236869687,100235,90183,0
21:52:16:245,120000584,236800476,99989,90562,0
21:52:16:445,120000446,236845061,100052,90482,0
21:52:16:645,120000574,236843263,99604,90046,0
21:52:16:845,120000461,236836489,99461,90012,0
21:52:17:045,120000567,236882332,100350,90019,0
21:52:17:245,120000579,236842255,99530,90102,0
21:52:17:445,120000522,236838832,99702,90105,0
21:52:17:645,120000574,236893596,99416,90063,0
21:52:17:845,120000580,236858704,99504,90064,0
21:52:18:045,120000570,236845640,99564,90099,0
21:52:18:245,120000541,236872090,99192,90088,0
21:52:18:445,120000570,236859113,99987,90042,0
21:52:18:645,120000530,236829171,99611,90365,0
21:52:18:845,120000566,236850443,99893,90334,0
21:52:19:045,120000528,236833039,99860,90074,0
21:52:19:245,120000585,236839801,99478,90007,0
21:52:19:445,120000475,236873220,100211,90022,0
21:52:19:645,120000582,236821548,99968,90154,0
21:52:19:845,120000460,236829797,99862,90099,0
21:52:20:045,120000571,236901681,99981,89967,0
21:52:20:245,120000460,236801256,100291,89985,0
21:52:20:445,120000576,236827872,99889,90089,0
21:52:20:645,120000569,236909408,99362,90041,0
21:52:20:845,120000593,236832450,99525,90113,0
21:52:21:045,120000572,236827693,99960,90098,0
21:52:21:245,120000564,236876019,99732,90042,0
21:52:21:445,120000583,236822609,99932,90102,0
21:52:21:645,120000548,236832379,99444,90086,0
21:52:21:845,120000561,236903249,99228,90025,0
21:52:22:045,120000541,236826014,99674,90109,0
21:52:22:245,120000584,236818372,99822,90293,0
21:52:22:445,120000576,236857338,100255,90438,0
21:52:22:645,120000578,236819504,99271,90565,0
21:52:22:845,120000550,236829136,100767,90283,0
21:52:23:045,120000575,236859570,99255,90067,0
21:52:23:245,120000463,236803867,100439,90096,0
21:52:23:445,120000579,236887692,99720,90058,0
21:52:23:645,120000466,236835133,100148,90075,0
21:52:23:845,120000583,236816620,100031,90110,0
21:52:24:045,120000456,236896843,99724,90048,0
21:52:24:245,120000569,236820771,99813,90106,0
21:52:24:445,120000575,236816706,100331,90114,0
21:52:24:645,120000564,236885943,99586,90018,0
21:52:24:845,120000580,236805256,100092,90110,0
21:52:25:045,120000548,236812981,100211,90033,0
21:52:25:245,120000567,236897910,100042,90023,0
21:52:25:445,120000538,236847728,99095,90101,0
21:52:25:645,120000573,236824263,100002,90018,0
21:52:25:845,120000573,236880042,100082,90025,0
21:52:26:045,120000577,236838114,99703,90115,0
21:52:26:245,120000480,236822213,100237,90029,0
21:52:26:445,120000577,236891736,99521,90050,0
21:52:26:645,120000466,236827250,100055,90041,0
21:52:26:845,120000570,236837301,99836,90102,0
21:52:27:045,120000459,236888335,99682,90034,0
21:52:27:645,120000465,265141535,401,163,0
21:52:27:645,120000465,265141535,401,163,0
21:52:27:845,120000560,254685002,37385,33246,0
21:52:28:045,120000572,236892022,99420,90035,0
21:52:28:245,120000546,236825665,99864,90119,0
21:52:28:445,120000580,236841416,99224,90108,0
21:52:28:645,120000534,236892726,99732,89963,0
21:52:28:845,120000605,236817185,99965,90267,0
21:52:29:045,120000486,236810130,99852,90459,0
21:52:29:245,120000567,236863935,99997,90416,0
21:52:29:445,120000466,236823713,99249,90228,0
21:52:29:645,120000573,236848736,100218,90261,0
21:52:29:845,120000447,236880235,99139,90070,0
21:52:30:045,120000580,236815844,100360,90093,0
21:52:30:245,120000572,236845693,100515,90364,0
21:52:30:445,120000558,236803841,99613,90557,0
21:52:30:645,120000567,236811355,99993,90298,0
21:52:30:845,120000575,236889296,99667,90044,0
21:52:31:045,120000570,236835967,99446,90100,0
21:52:31:245,120000539,236838060,100036,90043,0
21:52:31:445,120000572,236893127,99540,90029,0
21:52:31:645,120000527,236819727,99922,90098,0
21:52:31:845,120000583,236860779,98994,90106,0
21:52:32:045,120000546,236903831,99472,90022,0
21:52:32:245,120000572,236835690,99680,90101,0
21:52:32:445,120000459,236804989,100204,90154,0
21:52:32:645,120000576,236889301,99712,90174,0
21:52:32:845,120000452,236834160,99607,90119,0
21:52:33:045,120000570,236827746,99973,90108,0
21:52:33:245,120000459,236880099,99767,89934,0
21:52:33:445,120000571,236784313,100112,90433,0
21:52:33:645,120000572,236841312,100095,89916,0
21:52:33:845,120000572,236867418,99606,90037,0
21:52:34:045,120000572,236817714,100013,90092,0
21:52:34:245,120000572,236862284,99410,90082,0
21:52:34:445,120000569,236857266,99780,89998,0
21:52:34:645,120000519,236809551,99778,90487,0
21:52:34:845,120000577,236869141,100360,90044,0
21:52:35:045,120000551,236835873,99495,90089,0
21:52:35:245,120000568,236845127,99614,90012,0
21:52:35:445,120000555,236873155,100192,90010,0
21:52:35:645,120000566,236853790,99272,90118,0
21:52:35:845,120000452,236824132,99796,90098,0
21:52:36:045,120000566,236892607,99902,89944,0
21:52:36:245,120000466,236822600,100191,90086,0
21:52:36:445,120000576,236804117,100253,90239,0
21:52:36:645,120000446,236888324,99627,90198,0
21:52:36:845,120000577,236840858,99738,90104,0
21:52:37:045,120000581,236831803,99677,90122,0
21:52:37:245,120000570,236877621,100032,90036,0
21:52:37:445,120000575,236820050,100064,90109,0
21:52:37:645,120000575,236823055,99685,90109,0
21:52:37:845,120000578,236894875,99827,90020,0
21:52:38:045,120000545,236839235,99260,90105,0
21:52:38:245,120000580,236836673,99424,90096,0
21:52:38:445,120000574,236883510,100035,90030,0
21:52:38:645,120000583,236828217,99439,90106,0
21:52:38:845,120000542,236826589,100041,90089,0
21:52:39:045,120000587,236903146,99796,89998,0
21:52:39:245,120000527,236830370,99507,90105,0
21:52:39:445,120000572,236845795,99018,90106,0
21:52:39:645,120000459,236870419,100109,89943,0
21:52:39:845,120000580,236828820,99877,90106,0
21:52:40:045,120000459,236828547,99648,90182,0
21:52:40:245,120000576,236864250,100313,90376,0
21:52:40:445,120000765,236820390,99559,90512,0
21:52:40:645,120000576,236839366,100357,90195,0
21:52:40:845,120000581,236834376,99908,90403,0
21:52:41:045,120000549,236808895,99754,90498,0
21:52:41:245,120000566,236867998,100068,90271,0
21:52:41:445,120000548,236828560,98931,90494,0
21:52:41:645,120000580,236790539,100088,90554,0
21:52:42:045,120000577,236842308,99637,90141,0
21:52:42:245,120000556,236821107,100019,90092,0
21:52:42:445,120000569,236907178,99526,89894,0
21:52:42:645,120000547,236826867,99984,90217,0
21:52:42:845,120000567,236835074,99478,90109,0
21:52:43:245,120000457,265141544,402,162,0
21:52:43:445,120000582,259501731,19981,17971,0
21:52:43:645,120000574,236900578,99602,90033,0
21:52:43:845,120000544,236822875,99814,90058,0
21:52:44:045,120000573,236809917,99771,90400,0
21:52:44:245,120000560,236846953,99883,90479,0
21:52:44:445,120000583,236817534,99309,90548,0
21:52:44:645,120000575,236857894,99543,90498,0
21:52:44:845,120000572,236818723,100037,90363,0
21:52:45:045,120000463,236841372,99414,90096,0
21:52:45:245,120000595,236892343,99504,90035,0
21:52:45:445,120000471,236840707,99651,90083,0
21:52:45:645,120000584,236818448,100044,90111,0
21:52:45:845,120000475,236901254,99152,90049,0
21:52:46:045,120000577,236817363,100083,90083,0
21:52:46:245,120000563,236815057,100290,90087,0
21:52:46:445,120000571,236897669,99715,90069,0
21:52:46:645,120000580,236815788,100126,90095,0
21:52:46:845,120000542,236860657,98680,90115,0
21:52:47:045,120000576,236906305,99772,90033,0
21:52:47:245,120000519,236849810,99228,90114,0
21:52:47:445,120000570,236840941,99423,90107,0
21:52:47:645,120000568,236876537,100038,90042,0
21:52:47:845,120000583,236852209,99583,90103,0
21:52:48:045,120000466,236818693,100115,90098,0
21:52:48:245,120000570,236895641,99058,90082,0
21:52:48:445,120000520,236839170,99702,90058,0
21:52:48:645,120000567,236852244,99916,89901,0
21:52:48:845,120000475,236862179,99934,90032,0
21:52:49:045,120000581,236831442,99777,90070,0
21:52:49:245,120000456,236844377,99518,90074,0
21:52:49:445,120000575,236880134,99875,90054,0
21:52:49:645,120000453,236849325,99714,90080,0
21:52:49:845,120000585,236802771,100216,90095,0
21:52:50:045,120000567,236886113,99976,89880,0
21:52:50:245,120000577,236803453,99848,90399,0
21:52:50:445,120000578,236798025,100084,90433,0
21:52:50:645,120000575,236863570,99721,90309,0
21:52:50:845,120000576,236821642,99869,90100,0
21:52:51:045,120000542,236844679,100167,90034,0
21:52:51:245,120000571,236873924,99694,90048,0
21:52:51:445,120000546,236826950,99703,90094,0
21:52:51:645,120000569,236849291,100044,90069,0
21:52:51:845,120000528,236831970,100257,90053,0
21:52:52:045,120000582,236851006,99514,90112,0
21:52:52:245,120000475,236872833,99479,90077,0
21:52:52:445,120000583,236868828,99650,90049,0
21:52:52:645,120000471,236854003,98830,90119,0
21:52:52:845,120000568,236848244,99921,90096,0
21:52:53:045,120000439,236884047,99542,89977,0
21:52:53:245,120000581,236807258,100130,90105,0
21:52:53:445,120000567,236859756,99554,90085,0
21:52:53:645,120000575,236886199,99767,89790,0
21:52:53:845,120000574,236806332,100402,90349,0
21:52:54:045,120000579,236851088,99167,90515,0
21:52:54:245,120000583,236820374,99993,90450,0
21:52:54:445,120000548,236792485,99924,90518,0
21:52:54:645,120000573,236863015,99762,90469,0
21:52:54:845,120000544,236797462,99923,90503,0
21:52:55:045,120000573,236830156,99447,90549,0
21:52:55:245,120000574,236845623,99638,90429,0
21:52:55:445,120000578,236823880,99501,90518,0
21:52:55:645,120000478,236864747,99486,90421,0
21:52:55:845,120000577,236825133,99812,90295,0
21:52:56:045,120000458,236831002,99849,90100,0
21:52:56:245,120000575,236890315,100084,90029,0
21:52:56:445,120000474,236826165,99393,90492,0
21:52:56:645,120000577,236804408,99849,90544,0
21:52:56:845,120000571,236901289,99770,90029,0
21:52:57:045,120000582,236829936,99933,90035,0
21:52:57:245,120000577,236819245,99942,90100,0
21:52:57:445,120000578,236921490,99185,89757,0
21:52:57:645,120000579,236832227,99661,90080,0
21:52:57:845,120000542,236842540,99178,90113,0
21:52:58:045,120000577,236896983,99828,90017,0
21:52:58:245,120000551,236833031,99751,90104,0
21:52:58:445,120000573,236843888,99507,90120,0
21:52:58:845,120000456,265141135,402,166,0
21:52:59:045,120000599,264169242,3821,3119,0
21:52:59:245,120000572,236879958,99634,90072,0
21:52:59:445,120000566,236871056,98657,90068,0
21:52:59:645,120000572,236827213,99938,90048,0
21:52:59:845,120000578,236870760,99529,90050,0
21:53:00:045,120000578,236866778,99936,89962,0
21:53:00:245,120000608,236823807,99835,90119,0
21:53:00:445,120000583,236858219,99786,90060,0
21:53:00:645,120000572,236852426,99704,89946,0
21:53:00:845,120000589,236821765,99475,90148,0
21:53:01:045,120000549,236857852,100239,90382,0
21:53:01:245,120000574,236814663,99676,90560,0
21:53:01:445,120000475,236793705,99863,90486,0
21:53:01:645,120000592,236865996,99821,90441,0
21:53:01:845,120000472,236823335,99540,90167,0
21:53:02:045,120000574,236843919,99794,90089,0
21:53:02:245,120000456,236892938,99232,90028,0
21:53:02:445,120000576,236814385,100015,90107,0
21:53:02:645,120000570,236845279,99636,90093,0
21:53:02:845,120000569,236884116,99631,90101,0
21:53:03:045,120000582,236796736,99874,90513,0
21:53:03:245,120000581,236853410,99672,90350,0
21:53:03:445,120000580,236851967,100026,90168,0
21:53:03:645,120000570,236829103,99803,90111,0
21:53:03:845,120000583,236875287,99770,90009,0
21:53:04:045,120000525,236830266,100465,89998,0
21:53:04:245,120000574,236850353,99266,90109,0
21:53:04:445,120000545,236870832,100242,90037,0
21:53:04:645,120000578,236830373,99661,90407,0
21:53:04:845,120000469,236807548,99907,90483,0
21:53:05:045,120000570,236876683,100080,90115,0
21:53:05:245,120000521,236829527,99397,90106,0
21:53:05:445,120000569,236828826,99720,90084,0
21:53:05:645,120000462,236912518,99928,89729,0
21:53:05:845,120000574,236831235,100247,89751,0
21:53:06:045,120000445,236824985,99612,90120,0
21:53:06:245,120000569,236906427,99378,90031,0
21:53:06:445,120000584,236837955,99690,90107,0
21:53:06:645,120000557,236843575,99306,90120,0
21:53:06:845,120000561,236890053,100341,89855,0
21:53:07:045,120000553,236821908,99584,90114,0
21:53:07:245,120000572,236814042,100388,90094,0
21:53:07:445,120000576,236885901,99998,90028,0
21:53:07:645,120000572,236830761,99603,90109,0
21:53:07:845,120000548,236831429,99478,90096,0
21:53:08:045,120000574,236905735,99309,90039,0
21:53:08:245,120000534,236814733,99963,90099,0
21:53:08:445,120000577,236834012,99831,90117,0
21:53:08:645,120000522,236901355,99600,90034,0
21:53:08:845,120000580,236833247,99475,90100,0
21:53:09:045,120000457,236845104,99202,90027,0
21:53:09:245,120000568,236884757,100242,89991,0
21:53:09:445,120000447,236798339,99746,90563,0
21:53:09:645,120000565,236815391,99536,90579,0
21:53:09:845,120000571,236854877,100510,90316,0
21:53:10:045,120000572,236825261,99302,90571,0
21:53:10:245,120000566,236849239,100223,90178,0
21:53:10:445,120000577,236875161,99104,90058,0
21:53:10:645,120000579,236836206,99649,90093,0
21:53:10:845,120000556,236859350,99445,90083,0
21:53:11:045,120000567,236870699,99962,90043,0
21:53:11:245,120000542,236819892,100080,90118,0
21:53:11:445,120000572,236867077,99208,90092,0
21:53:11:645,120000573,236877368,99473,90037,0
21:53:11:845,120000571,236825452,99863,90036,0
21:53:12:045,120000544,236851279,99713,90023,0
21:53:12:245,120000572,236873136,99621,90043,0
21:53:12:445,120000450,236828559,99794,90041,0
21:53:12:645,120000566,236852604,99932,90067,0
21:53:12:845,120000451,236862723,99872,89977,0
21:53:13:045,120000582,236818209,99549,90520,0
21:53:13:245,120000572,236855715,100152,90428,0
21:53:13:445,120000572,236792539,100003,90513,0
21:53:13:645,120000580,236805955,100062,90410,0
21:53:13:845,120000578,236881915,99651,89986,0
21:53:14:045,120000578,236828994,99914,90068,0
21:53:14:645,120000443,265141956,401,161,0
21:53:14:645,120000443,265141956,401,161,0
21:53:14:845,120000494,240724657,86324,77750,0
21:53:15:045,120000595,236815637,100118,90098,0
21:53:15:245,120000466,236843436,99489,90120,0
21:53:15:445,120000572,236904369,99270,90062,0
21:53:15:645,120000574,236824824,99979,90049,0
21:53:15:845,120000603,236833932,99750,90029,0
21:53:16:045,120000579,236895587,99425,90045,0
21:53:16:245,120000539,236837294,99557,90096,0
21:53:16:445,120000597,236823834,99857,90082,0
21:53:16:645,120000571,236893675,99577,90039,0
21:53:16:845,120000574,236842576,99502,90263,0
21:53:17:045,120000549,236785419,100310,90523,0
21:53:17:245,120000574,236872488,99808,90435,0
21:53:17:445,120000476,236798759,99725,90478,0
21:53:17:645,120000576,236818536,99953,90476,0
21:53:17:845,120000551,236820917,100198,90467,0
21:53:18:045,120000577,236805241,99804,90557,0
21:53:18:245,120000453,236885697,99498,90492,0
21:53:18:445,120000583,236804124,100320,90206,0
21:53:18:645,120000441,236825161,99915,90059,0
21:53:18:845,120000577,236890077,99618,90038,0
21:53:19:045,120000584,236832691,99474,90107,0
21:53:19:245,120000578,236861355,98997,89981,0
21:53:19:445,120000567,236882463,99841,90011,0
21:53:19:645,120000548,236849034,99615,89970,0
21:53:19:845,120000572,236807913,99839,90315,0
21:53:20:045,120000569,236857102,99994,90432,0
21:53:20:245,120000569,236840935,99731,90083,0
21:53:20:445,120000542,236826369,100026,90105,0
21:53:20:645,120000574,236906923,99674,90042,0
21:53:20:845,120000537,236815405,100067,90099,0
21:53:21:045,120000581,236831405,100191,90032,0
21:53:21:245,120000539,236893092,99614,90030,0
21:53:21:445,120000575,236834045,99696,90053,0
21:53:21:645,120000463,236823227,99877,90021,0
21:53:21:845,120000575,236906968,99728,89644,0
21:53:22:045,120000514,236835171,99389,90116,0
21:53:22:245,120000561,236845810,99328,90098,0
21:53:22:445,120000440,236883015,99929,89990,0
21:53:22:645,120000576,236834237,99544,90112,0
21:53:22:845,120000577,236827261,99769,90095,0
21:53:23:045,120000573,236900064,99703,90030,0
21:53:23:245,120000575,236825599,99824,90102,0
21:53:23:445,120000560,236830700,99724,90111,0
21:53:23:645,120000566,236912087,99971,89900,0
21:53:23:845,120000532,236825781,99728,90106,0
21:53:24:045,120000573,236829810,99600,90102,0
21:53:24:245,120000581,236871756,100131,89985,0
21:53:24:445,120000580,236839837,99508,90131,0
21:53:24:645,120000479,236833929,99667,90104,0
21:53:24:845,120000567,236895575,99574,90027,0
21:53:25:045,120000472,236823124,99795,90079,0
21:53:25:245,120000573,236829748,99947,90091,0
21:53:25:445,120000454,236882678,99712,90043,0
21:53:25:645,120000570,236822753,99862,90115,0
21:53:25:845,120000445,236842048,100296,89997,0
21:53:26:045,120000564,236876208,99740,90045,0
21:53:26:245,120000569,236831224,99451,90105,0
21:53:26:445,120000569,236848536,99664,90209,0
21:53:26:645,120000572,236852616,100064,90307,0
21:53:26:845,120000572,236850422,99592,89989,0
21:53:27:045,120000566,236851197,99907,90076,0
21:53:27:245,120000574,236878052,99487,90050,0
21:53:27:445,120000573,236838092,99415,90126,0
21:53:27:645,120000544,236850167,99531,90086,0
21:53:27:845,120000572,236889782,99140,90039,0
21:53:28:045,120000542,236808813,100281,90089,0
21:53:28:245,120000576,236856080,99738,90140,0
21:53:28:445,120000558,236842557,99742,90486,0
21:53:28:645,120000583,236795955,100029,90565,0
21:53:28:845,120000510,236856071,99746,90460,0
21:53:29:045,120000571,236801462,100135,90488,0
21:53:29:245,120000448,236812552,99843,90467,0
21:53:29:445,120000576,236860498,99999,90509,0
21:53:29:645,120000569,236804001,99767,90565,0
21:53:30:245,120000448,265142203,401,154,0
21:53:30:245,120000448,265142203,401,154,0
21:53:30:445,120000563,245337403,69360,63283,0
21:53:30:645,120000565,236864286,100127,90426,0
21:53:30:845,120000550,236845334,99085,90112,0
21:53:31:045,120000567,236834125,100469,89991,0
21:53:31:245,120000513,236856789,100065,90052,0
21:53:31:445,120000600,236823929,99788,90129,0
21:53:31:645,120000450,236867175,99706,90068,0
21:53:31:845,120000577,236871785,99418,89943,0
21:53:32:045,120000606,236813470,100370,90099,0
21:53:32:245,120000577,236879686,98967,90092,0
21:53:32:445,120000572,236875483,99739,90038,0
21:53:32:645,120000566,236826060,99667,90100,0
21:53:32:845,120000566,236857954,99773,89993,0
21:53:33:045,120000569,236879092,99482,90052,0
21:53:33:245,120000574,236836326,99265,90123,0
21:53:33:445,120000548,236839266,100307,90072,0
21:53:33:645,120000573,236880917,100038,89829,0
21:53:33:845,120000544,236823775,100102,90111,0
21:53:34:045,120000573,236859924,99326,90104,0
21:53:34:245,120000539,236881530,99465,90004,0
21:53:34:445,120000566,236825212,100152,90229,0
21:53:34:645,120000483,236837898,99947,90535,0
21:53:34:845,120000568,236847273,99847,90357,0
21:53:35:045,120000456,236849439,99426,90114,0
21:53:35:245,120000568,236867758,99365,90071,0
21:53:35:445,120000574,236851096,99969,89991,0
21:53:35:645,120000578,236834508,99418,90105,0
21:53:35:845,120000567,236859013,100143,90389,0
21:53:36:045,120000551,236810944,99532,90523,0
21:53:36:245,120000571,236846079,98951,90146,0
21:53:36:445,120000573,236874216,100398,89965,0
21:53:36:645,120000574,236824655,99497,90100,0
21:53:36:845,120000549,236806757,100325,90100,0
21:53:37:045,120000560,236891662,99560,90052,0
21:53:37:245,120000474,236828518,99898,90105,0
21:53:37:445,120000571,236831109,99800,90111,0
21:53:37:645,120000536,236890296,99668,90031,0
21:53:37:845,120000572,236813520,100154,90094,0
21:53:38:045,120000452,236839649,99539,89999,0
21:53:38:245,120000569,236894510,100401,89918,0
21:53:38:445,120000445,236835832,99563,90116,0
21:53:38:645,120000573,236834685,99434,90112,0
21:53:38:845,120000446,236869646,100413,89988,0
21:53:39:045,120000580,236840466,99573,90119,0
21:53:39:245,120000572,236823322,100103,90098,0
21:53:39:445,120000576,236889880,99588,90044,0
21:53:39:645,120000566,236831084,99426,90103,0
21:53:39:845,120000557,236845851,99683,90050,0
21:53:40:045,120000571,236914694,99421,90035,0
21:53:40:245,120000545,236816020,100166,90006,0
21:53:40:445,120000587,236825400,99785,90105,0
21:53:40:645,120000581,236905327,99692,89983,0
21:53:40:845,120000579,236835548,99501,90105,0
21:53:41:045,120000542,236813788,100108,90097,0
21:53:41:245,120000575,236884821,99867,90026,0
21:53:41:445,120000469,236845228,99353,90111,0
21:53:41:645,120000573,236827163,99827,90090,0
21:53:41:845,120000456,236901648,99275,90033,0
21:53:42:045,120000576,236821648,99700,90094,0
21:53:42:245,120000454,236833354,99946,90102,0
21:53:42:445,120000568,236899587,99593,90034,0
21:53:42:645,120000588,236849044,99724,90097,0
21:53:42:845,120000583,236832990,99610,90106,0
21:53:43:045,120000576,236892240,99852,90040,0
21:53:43:245,120000572,236827735,99685,90117,0
21:53:43:445,120000572,236842476,99597,90099,0
21:53:43:645,120000572,236898066,99394,90030,0
21:53:43:845,120000574,236838943,99304,90105,0
21:53:44:045,120000550,236811515,100104,90093,0
21:53:44:245,120000574,236917647,99175,90035,0
21:53:44:445,120000536,236823893,99698,90085,0
21:53:44:645,120000580,236844266,99961,89950,0
21:53:44:845,120000531,236876883,99765,90034,0
21:53:45:045,120000572,236839794,99500,90112,0
21:53:45:245,120000437,236846020,99230,90129,0
21:53:45:845,120000464,265141894,401,158,0
21:53:45:845,120000464,265141894,401,158,0
21:53:46:045,120000590,250326671,52520,47189,0
21:53:46:245,120000578,236846299,99575,90103,0
21:53:46:445,120000539,236812250,100262,90020,0
21:53:46:645,120000566,236905034,99839,90038,0
21:53:46:845,120000545,236837345,99243,90114,0
21:53:47:045,120000601,236817623,100220,90054,0
21:53:47:245,120000437,236898563,99507,90037,0
21:53:47:445,120000580,236845635,99269,90102,0
21:53:47:645,120000472,236818020,99728,90103,0
21:53:47:845,120000576,236894081,99700,89857,0
21:53:48:045,120000467,236833877,99452,90098,0
21:53:48:245,120000578,236833739,99432,90095,0
21:53:48:445,120000567,236897876,99882,89968,0
21:53:48:645,120000569,236826041,99138,90570,0
21:53:48:845,120000577,236816258,99655,90463,0
21:53:49:045,120000576,236851480,100138,90333,0
21:53:49:245,120000578,236848622,99320,90120,0
21:53:49:445,120000551,236830779,99514,90098,0
21:53:49:645,120000566,236922058,99036,90051,0
21:53:49:845,120000500,236814388,99894,90105,0
21:53:50:045,120000563,236812738,100467,90090,0
21:53:50:245,120000577,236876283,99803,90035,0
21:53:50:445,120000575,236825085,99841,90097,0
21:53:50:645,120000481,236848204,99758,90086,0
21:53:50:845,120000571,236868748,99814,90041,0
21:53:51:045,120000462,236833880,99897,90106,0
21:53:51:245,120000571,236850050,100044,90085,0
21:53:51:445,120000456,236870096,99721,90059,0
21:53:51:645,120000565,236841069,99365,90109,0
21:53:51:845,120000572,236846505,99853,90198,0
21:53:52:045,120000574,236858705,99189,90375,0
21:53:52:245,120000576,236798311,99936,90519,0
21:53:52:445,120000578,236870389,99558,90392,0
21:53:52:645,120000572,236832561,99558,90104,0
21:53:52:845,120000544,236795357,100363,90371,0
21:53:53:045,120000573,236891907,99191,90496,0
21:53:53:245,120000560,236802166,99989,90228,0
21:53:53:445,120000578,236821923,100003,90095,0
21:53:53:645,120000573,236899158,99565,90048,0
21:53:53:845,120000581,236824075,99764,90101,0
21:53:54:045,120000468,236826748,99511,90287,0
21:53:54:245,120000577,236872660,99993,90051,0
21:53:54:445,120000475,236851353,99572,89987,0
21:53:54:645,120000568,236827000,100458,90032,0
21:53:54:845,120000523,236866939,100191,90034,0
21:53:55:045,120000578,236822238,99536,90418,0
21:53:55:245,120000454,236846820,99935,90382,0
21:53:55:445,120000597,236874735,99119,90068,0
21:53:55:645,120000570,236833200,99742,90093,0
21:53:55:845,120000572,236861681,99553,90075,0
21:53:56:045,120000572,236873515,99797,90002,0
21:53:56:245,120000535,236788552,100439,90417,0
21:53:56:445,120000571,236880758,99355,90360,0
21:53:56:645,120000528,236843269,99175,90531,0
21:53:56:845,120000568,236804293,99602,90573,0
21:53:57:045,120000559,236864763,99682,90486,0
21:53:57:245,120000576,236831308,99907,90249,0
21:53:57:445,120000477,236825569,99687,90108,0
21:53:57:645,120000573,236881648,99928,90011,0
21:53:57:845,120000470,236829957,99396,90118,0
21:53:58:045,120000576,236802561,100160,90101,0
21:53:58:245,120000459,236896312,99683,90029,0
21:53:58:445,120000573,236829915,99509,90103,0
21:53:58:645,120000460,236843409,99692,90068,0
21:53:58:845,120000565,236902730,99768,89957,0
21:53:59:045,120000578,236806966,100307,90441,0
21:53:59:245,120000584,236831462,99963,90123,0
21:53:59:445,120000568,236902788,99689,89891,0
21:53:59:645,120000569,236830425,99418,90105,0
21:53:59:845,120000578,236848481,99131,90105,0
21:54:00:045,120000573,236897187,99662,90021,0
21:54:00:245,120000575,236852560,99141,90008,0
21:54:00:445,120000542,236815035,100643,89839,0
21:54:00:645,120000572,236892807,99822,90033,0
21:54:00:845,120000533,236836846,99209,90093,0
21:54:01:445,120000461,265141329,401,162,0
21:54:01:445,120000461,265141329,401,162,0
21:54:01:645,120000587,254969389,36225,32410,0
21:54:01:845,120000594,236900758,99091,90073,0
21:54:02:045,120000585,236815791,100058,90093,0
21:54:02:245,120000572,236846186,100042,90087,0
21:54:02:445,120000574,236855210,100023,90035,0
21:54:02:645,120000608,236826050,99635,90259,0
21:54:02:845,120000539,236852506,100155,90076,0
21:54:03:045,120000569,236856476,99894,90074,0
21:54:03:245,120000489,236829254,99473,90114,0
21:54:03:445,120000577,236868789,100124,90049,0
21:54:03:645,120000536,236850645,99493,90090,0
21:54:03:845,120000574,236817193,99697,90101,0
21:54:04:045,120000455,236877872,100428,90028,0
21:54:04:245,120000584,236863588,98727,90109,0
21:54:04:445,120000457,236828373,99667,90095,0
21:54:04:645,120000573,236895192,99063,90084,0
21:54:04:845,120000581,236865944,99691,90053,0
21:54:05:045,120000578,236819297,100080,90107,0
21:54:05:245,120000575,236862961,99554,90404,0
21:54:05:445,120000551,236803810,100493,90350,0
21:54:05:645,120000575,236839742,99501,90162,0
21:54:05:845,120000578,236889137,99980,90014,0
21:54:06:045,120000579,236841648,99309,90109,0
21:54:06:245,120000542,236797593,100289,90085,0
21:54:06:445,120000566,236886841,100134,89999,0
21:54:06:645,120000541,236828134,99644,90109,0
21:54:06:845,120000575,236841444,99534,90104,0
21:54:07:045,120000548,236902550,99383,90032,0
21:54:07:245,120000575,236848041,99535,89966,0
21:54:07:445,120000444,236808583,100180,90084,0
21:54:07:645,120000569,236897658,99441,90035,0
21:54:07:845,120000453,236818287,100034,90030,0
21:54:08:045,120000580,236844539,99457,90113,0
21:54:08:245,120000569,236885291,100113,90034,0
21:54:08:445,120000574,236840510,99632,90109,0
21:54:08:645,120000573,236821351,100010,90103,0
21:54:08:845,120000563,236876771,99899,90025,0
21:54:09:045,120000575,236827805,99591,90092,0
21:54:09:245,120000550,236821575,100390,90023,0
21:54:09:445,120000569,236899068,99607,90035,0
21:54:09:645,120000540,236830780,99826,90104,0
21:54:09:845,120000578,236833182,99802,90120,0
21:54:10:045,120000561,236892948,99658,89986,0
21:54:10:245,120000582,236849918,99723,90117,0
21:54:10:445,120000481,236820820,99330,90465,0
21:54:10:645,120000573,236866771,99918,90478,0
21:54:10:845,120000470,236846136,99203,90228,0
21:54:11:045,120000570,236838071,99918,89932,0
21:54:11:245,120000507,236878127,100021,90033,0
21:54:11:445,120000571,236837186,99518,90121,0
21:54:11:645,120000445,236831626,99663,90114,0
21:54:11:845,120000572,236884347,99631,90135,0
21:54:12:045,120000573,236813354,100314,90099,0
21:54:12:245,120000566,236841456,100050,90092,0
21:54:12:445,120000569,236882758,99126,90063,0
21:54:12:645,120000574,236826986,99633,90111,0
21:54:12:845,120000576,236865677,99044,90056,0
21:54:13:045,120000572,236883196,100018,90019,0
21:54:13:245,120000569,236829485,99797,90172,0
21:54:13:445,120000544,236824421,100207,90487,0
21:54:13:645,120000576,236838467,99645,90460,0
21:54:13:845,120000466,236804049,99504,90576,0
21:54:14:045,120000570,236852608,100204,90476,0
21:54:14:245,120000474,236804802,99625,90442,0
21:54:14:645,120000512,236891193,99712,90031,0
21:54:14:845,120000575,236841244,99232,90105,0
21:54:15:045,120000459,236827881,99843,90043,0
21:54:15:245,120000573,236901624,99605,89988,0
21:54:15:445,120000579,236802324,100502,90085,0
21:54:15:645,120000578,236832089,100014,90088,0
21:54:15:845,120000572,236886539,99543,90037,0
21:54:16:045,120000574,236797274,100265,90108,0
21:54:16:245,120000573,236863289,99638,90048,0
21:54:16:445,120000574,236852324,99817,90051,0
21:54:16:645,120000579,236829291,99913,90074,0
21:54:17:045,120000476,265141655,402,159,0
21:54:17:245,120000582,259948269,18614,16623,0
21:54:17:445,120000456,236829548,99768,90115,0
21:54:17:645,120000572,236844190,99211,90116,0
21:54:17:845,120000575,236906257,99353,89974,0
21:54:18:045,120000566,236810886,100703,90024,0
21:54:18:245,120000574,236838971,99286,90126,0
21:54:18:445,120000607,236869802,100279,90016,0
21:54:18:645,120000576,236837288,99680,90110,0
21:54:18:845,120000542,236835876,99645,90097,0
21:54:19:045,120000592,236903032,99577,90029,0
21:54:19:245,120000542,236856860,99092,90012,0
21:54:19:445,120000587,236826506,99655,90094,0
21:54:19:645,120000543,236876920,99853,90035,0
21:54:19:845,120000566,236841207,99507,90055,0
21:54:20:045,120000454,236830170,99828,90085,0
21:54:20:245,120000564,236882959,99713,90441,0
21:54:20:445,120000448,236807936,99727,90560,0
21:54:20:645,120000567,236833637,99336,90406,0
21:54:20:845,120000434,236828726,100637,90461,0
21:54:21:045,120000577,236803827,99859,90569,0
21:54:21:245,120000573,236883957,99588,90322,0
21:54:21:445,120000580,236818812,100174,90191,0
21:54:21:645,120000576,236845727,99379,90098,0
21:54:21:845,120000577,236870535,100500,90005,0
21:54:22:045,120000581,236857429,99296,90111,0
21:54:22:245,120000539,236821652,100106,90108,0
21:54:22:445,120000572,236895937,99671,90029,0
21:54:22:645,120000546,236832258,99355,90111,0
21:54:22:845,120000580,236843252,99392,90115,0
21:54:23:045,120000540,236893533,99140,90068,0
21:54:23:245,120000575,236839654,99800,90066,0
21:54:23:445,120000452,236827990,99826,90093,0
21:54:23:645,120000570,236881711,99867,90033,0
21:54:23:845,120000524,236812044,100196,90084,0
21:54:24:045,120000568,236829179,99813,90100,0
21:54:24:245,120000451,236869861,100341,89946,0
21:54:24:445,120000577,236823844,99915,90176,0
21:54:24:645,120000583,236806886,99675,90556,0
21:54:24:845,120000575,236867941,100070,90425,0
21:54:25:045,120000575,236808456,99531,90569,0
21:54:25:245,120000579,236841322,100261,90156,0
21:54:25:445,120000572,236864993,99383,90017,0
21:54:25:645,120000539,236793042,100539,90085,0
21:54:25:845,120000572,236885575,100203,89921,0
21:54:26:045,120000545,236820126,99784,90107,0
21:54:26:245,120000575,236815266,100071,90105,0
21:54:26:445,120000536,236891842,99753,90038,0
21:54:26:645,120000566,236815981,99826,90478,0
21:54:26:845,120000487,236802139,99690,90440,0
21:54:27:045,120000567,236873907,100368,90140,0
21:54:27:245,120000452,236781414,100306,90467,0
21:54:27:445,120000581,236861020,99436,90535,0
21:54:27:645,120000469,236806388,100395,90482,0
21:54:27:845,120000567,236820868,99166,90563,0
21:54:28:045,120000456,236866626,100347,90134,0
21:54:28:245,120000573,236814917,99991,90093,0
21:54:28:445,120000587,236823769,99819,90086,0
21:54:28:645,120000570,236883673,100213,89931,0
21:54:28:845,120000569,236836415,99720,90060,0
21:54:29:045,120000572,236815007,100325,90047,0
21:54:29:245,120000566,236881797,99367,90028,0
21:54:29:445,120000533,236841747,99565,90103,0
21:54:29:645,120000575,236840620,99853,90095,0
21:54:29:845,120000578,236875757,99567,90229,0
21:54:30:045,120000580,236830366,99303,90565,0
21:54:30:245,120000540,236824875,99664,90523,0
21:54:30:445,120000575,236814898,100345,90512,0
21:54:30:645,120000459,236814047,99555,90504,0
21:54:30:845,120000574,236874821,99637,90448,0
21:54:31:045,120000453,236791677,100125,90560,0
21:54:31:245,120000577,236815621,99615,90544,0
21:54:31:445,120000459,236853212,99797,90495,0
21:54:31:645,120000576,236805935,99762,90552,0
21:54:31:845,120000570,236857089,99978,90455,0
21:54:32:045,120000566,236792170,100033,90482,0
21:54:32:245,120000574,236820532,99392,90500,0
21:54:32:645,120000466,265134081,404,176,0
21:54:32:845,120000590,264605234,2393,1814,0
21:54:33:045,120000476,236838344,99716,90071,0
21:54:33:245,120000576,236836521,99709,90120,0
21:54:33:445,120000474,236873807,99937,90041,0
21:54:33:645,120000574,236841353,99793,90084,0
21:54:33:845,120000440,236814621,100044,90102,0
21:54:34:045,120000607,236887407,100340,90003,0
21:54:34:245,120000582,236839840,99614,90062,0
21:54:34:445,120000561,236819619,100087,90102,0
21:54:34:645,120000595,236915802,99174,90058,0
21:54:34:845,120000527,236849686,99483,90087,0
21:54:35:045,120000578,236834831,99470,90122,0
21:54:35:245,120000562,236876518,99511,90050,0
21:54:35:445,120000583,236841635,99830,90088,0
21:54:35:645,120000471,236824659,99657,90111,0
21:54:35:845,120000582,236879140,100182,89994,0
21:54:36:045,120000552,236847059,99191,90116,0
21:54:36:245,120000571,236816636,99878,90046,0
21:54:36:445,120000466,236875631,100154,90037,0
21:54:36:645,120000582,236838479,99404,90102,0
21:54:36:845,120000449,236824428,100194,90100,0
21:54:37:045,120000572,236903064,99618,90030,0
21:54:37:245,120000450,236836882,99683,90093,0
21:54:37:445,120000568,236808691,99869,90259,0
21:54:37:645,120000572,236876276,99600,90461,0
21:54:37:845,120000570,236810958,99466,90566,0
21:54:38:045,120000577,236827599,99326,90564,0
21:54:38:245,120000578,236875579,100083,90182,0
21:54:38:445,120000579,236837093,99254,90574,0
21:54:38:645,120000547,236820875,100126,90460,0
21:54:38:845,120000575,236858836,99816,90004,0
21:54:39:045,120000539,236843961,99563,90053,0
21:54:39:245,120000576,236849316,100021,90069,0
21:54:39:445,120000572,236867783,99642,90047,0
21:54:39:645,120000577,236830502,99906,89952,0
21:54:39:845,120000543,236856681,99942,90078,0
21:54:40:045,120000560,236868998,99677,90007,0
21:54:40:245,120000468,236802157,100403,90100,0
21:54:40:445,120000577,236879441,99461,90066,0
21:54:40:645,120000458,236833942,100014,90047,0
21:54:40:845,120000574,236851075,99190,90114,0
21:54:41:045,120000573,236868874,100173,89882,0
21:54:41:245,120000574,236854071,99932,89876,0
21:54:41:445,120000576,236870083,99098,89927,0
21:54:41:645,120000578,236848675,100237,90034,0
21:54:41:845,120000572,236859616,99289,90343,0
21:54:42:045,120000577,236835990,99582,90135,0
21:54:42:245,120000576,236861642,100066,90078,0
21:54:42:445,120000578,236853191,99759,90061,0
21:54:42:645,120000586,236841035,99703,90098,0
21:54:42:845,120000554,236861851,99734,89999,0
21:54:43:045,120000572,236848540,100003,90064,0
21:54:43:245,120000469,236835656,99686,90065,0
21:54:43:445,120000573,236862022,100355,90053,0
21:54:43:645,120000546,236829828,100028,90059,0
21:54:43:845,120000580,236829806,99485,90117,0
21:54:44:045,120000454,236864306,100247,90013,0
21:54:44:245,120000582,236837610,99441,90117,0
21:54:44:445,120000455,236817978,100020,90087,0
21:54:44:645,120000577,236893502,99821,90034,0
21:54:44:845,120000580,236863782,99104,90106,0
21:54:45:045,120000562,236812421,100258,90098,0
21:54:45:245,120000579,236897330,99717,90037,0
21:54:45:445,120000543,236813443,100068,90096,0
21:54:45:645,120000572,236826237,100132,90161,0
21:54:45:845,120000578,236874923,99807,90198,0
21:54:46:045,120000580,236826030,100360,90115,0
21:54:46:246,120000542,236843021,99405,90129,0
21:54:46:446,120000573,236875104,100247,90010,0
21:54:46:646,120000536,236844293,99465,90118,0
21:54:46:846,120000583,236837715,99967,90113,0
21:54:47:046,120000517,236900141,99424,90045,0
21:54:47:246,120000583,236828831,99796,90039,0
21:54:47:446,120000451,236840592,100030,89933,0
21:54:47:646,120000576,236904298,99523,89886,0
21:54:47:846,120000453,236815265,99895,90087,0
21:54:48:446,120000448,265141573,401,155,0
21:54:48:446,120000448,265141573,401,155,0
21:54:48:646,120000543,241123545,84875,76513,0
21:54:48:846,120000578,236831231,99456,90100,0
21:54:49:046,120000520,236870982,100353,90012,0
21:54:49:246,120000577,236839720,99278,90108,0
21:54:49:446,120000465,236811678,100174,90047,0
21:54:49:646,120000607,236906488,99342,90044,0
21:54:49:846,120000469,236824727,99542,90093,0
21:54:50:046,120000585,236817700,100380,90098,0
21:54:50:246,120000480,236908617,99113,90034,0
21:54:50:446,120000577,236842579,99506,90114,0
21:54:50:646,120000578,236838736,99547,90082,0
21:54:50:846,120000578,236866838,99959,90440,0
21:54:51:046,120000573,236814419,99698,90464,0
21:54:51:246,120000545,236800552,99809,90505,0
21:54:51:446,120000566,236885920,99782,90328,0
21:54:51:646,120000535,236854900,99045,90062,0
21:54:51:846,120000585,236820123,100389,90054,0
21:54:52:046,120000560,236918018,99450,89865,0
21:54:52:246,120000574,236837423,99803,89998,0
21:54:52:446,120000481,236798891,100004,90495,0
21:54:52:646,120000562,236871179,99934,90481,0
21:54:52:846,120000531,236817867,99827,90500,0
21:54:53:046,120000577,236841147,99635,90517,0
21:54:53:246,120000469,236825192,100344,90419,0
21:54:53:446,120000582,236831151,99257,90481,0
21:54:53:646,120000443,236878847,99975,90077,0
21:54:53:846,120000578,236817135,99847,90531,0
21:54:54:046,120000575,236830505,99797,90155,0
21:54:54:246,120000566,236884676,99817,90016,0
21:54:54:446,120000569,236846846,99504,90112,0
21:54:54:646,120000536,236812490,100051,90088,0
21:54:54:846,120000578,236910166,99050,90029,0
21:54:55:046,120000548,236832063,99348,90102,0
21:54:55:246,120000569,236821274,100112,90011,0
21:54:55:446,120000542,236906248,99318,90034,0
21:54:55:646,120000578,236839085,99600,90092,0
21:54:55:846,120000477,236825695,99788,90096,0
21:54:56:046,120000579,236888597,99845,90024,0
21:54:56:246,120000539,236821534,100027,90096,0
21:54:56:446,120000576,236855657,99117,90111,0
21:54:56:646,120000457,236879297,100322,89976,0
21:54:56:846,120000567,236826460,99795,89999,0
21:54:57:046,120000453,236803990,100368,90051,0
21:54:57:246,120000570,236897262,99807,89964,0
21:54:57:446,120000569,236834396,99860,89928,0
21:54:57:646,120000573,236812389,100254,90095,0
21:54:57:846,120000575,236931010,98866,90038,0
21:54:58:046,120000545,236824267,99654,90100,0
21:54:58:246,120000574,236841645,99352,90104,0
21:54:58:446,120000578,236876837,99852,90017,0
21:54:58:646,120000564,236838228,99706,90110,0
21:54:58:846,120000542,236820795,99722,90103,0
21:54:59:046,120000566,236887911,100171,90032,0
21:54:59:246,120000544,236842109,99441,90123,0
21:54:59:446,120000581,236841624,99919,90033,0
21:54:59:646,120000540,236905307,99889,89912,0
21:54:59:846,120000583,236836420,99525,90021,0
21:55:00:046,120000457,236806182,99689,90519,0
21:55:00:246,120000568,236896338,99441,90301,0
21:55:00:446,120000440,236810440,100045,90089,0
21:55:00:646,120000580,236853785,99400,90108,0
21:55:00:846,120000451,236894184,99735,89977,0
21:55:01:046,120000581,236831223,99871,90053,0
21:55:01:246,120000579,236826362,99561,90312,0
21:55:01:446,120000572,236881110,100275,89989,0
21:55:01:646,120000575,236839330,99176,90125,0
21:55:01:846,120000548,236796727,100370,90085,0
21:55:02:046,120000571,236875589,100259,90021,0
21:55:02:246,120000540,236822159,99618,90105,0
21:55:02:446,120000563,236836312,100036,90311,0
21:55:02:646,120000577,236838487,99585,90494,0
21:55:02:846,120000578,236820512,99820,90121,0
21:55:03:046,120000549,236878023,99841,90054,0
21:55:03:246,120000574,236849040,99182,90101,0
21:55:03:446,120000450,236828658,99749,90059,0
21:55:04:046,120000464,265141530,401,157,0
21:55:04:046,120000464,265141530,401,157,0
21:55:04:246,120000584,245782051,68215,61912,0
21:55:04:446,120000592,236811045,100122,90523,0
21:55:04:646,120000536,236834393,99801,90501,0
21:55:04:846,120000581,236868384,99020,90456,0
21:55:05:046,120000477,236803021,99765,90400,0
21:55:05:246,120000604,236873750,99981,90065,0
21:55:05:446,120000561,236829419,100004,90065,0
21:55:05:646,120000581,236850415,99221,90104,0
21:55:05:846,120000498,236878654,99747,89992,0
21:55:06:046,120000574,236824021,99973,90424,0
21:55:06:246,120000441,236792358,99917,90545,0
21:55:06:446,120000578,236883892,99885,90242,0
21:55:06:646,120000571,236833011,99421,90102,0
21:55:06:846,120000576,236805049,100558,90088,0
21:55:07:046,120000570,236882151,100037,90106,0
21:55:07:246,120000566,236804565,100184,90455,0
21:55:07:446,120000566,236837777,100010,90335,0
21:55:07:646,120000571,236872256,100107,89971,0
21:55:07:846,120000576,236813027,100088,90102,0
21:55:08:046,120000530,236856388,100013,90074,0
21:55:08:246,120000577,236848327,99808,90049,0
21:55:08:446,120000467,236815440,99993,90119,0
21:55:08:646,120000570,236871634,100323,90011,0
21:55:08:846,120000545,236838380,99717,90118,0
21:55:09:046,120000571,236847731,99199,90108,0
21:55:09:246,120000484,236885369,99551,90036,0
21:55:09:446,120000574,236862077,99177,90091,0
21:55:09:646,120000465,236814232,100134,90121,0
21:55:09:846,120000571,236885664,100135,90052,0
21:55:10:046,120000453,236848277,99293,90072,0
21:55:10:246,120000582,236813151,100243,90069,0
21:55:10:446,120000570,236898234,99204,90057,0
21:55:10:646,120000539,236829073,99994,89961,0
21:55:10:846,120000580,236835093,99830,90025,0
21:55:11:046,120000570,236874868,100204,90021,0
21:55:11:246,120000566,236807528,100152,90094,0
21:55:11:446,120000547,236812767,99650,90108,0
21:55:11:646,120000573,236904168,99421,90021,0
21:55:11:846,120000551,236848682,99088,90102,0
21:55:12:046,120000568,236814560,100417,90076,0
21:55:12:246,120000546,236895200,99811,90035,0
21:55:12:446,120000580,236839634,99534,90103,0
21:55:12:646,120000484,236822328,99847,90107,0
21:55:12:846,120000582,236896171,99637,90035,0
21:55:13:046,120000444,236810532,100409,90054,0
21:55:13:246,120000583,236843568,99763,90041,0
21:55:13:446,120000449,236880431,99981,89980,0
21:55:13:646,120000581,236833787,99498,90086,0
21:55:13:846,120000581,236834655,99804,89967,0
21:55:14:046,120000575,236882119,100164,90023,0
21:55:14:246,120000578,236843010,99306,90081,0
21:55:14:446,120000551,236822604,99879,90098,0
21:55:14:646,120000567,236858128,99974,90483,0
21:55:14:846,120000559,236806589,99615,90427,0
21:55:15:046,120000581,236852110,100314,90248,0
21:55:15:246,120000573,236878676,99279,89973,0
21:55:15:446,120000572,236823216,99929,90097,0
21:55:15:646,120000547,236859999,99730,90099,0
21:55:15:846,120000576,236844724,99781,90281,0
21:55:16:046,120000474,236814170,99933,90205,0
21:55:16:246,120000583,236884431,99638,90053,0
21:55:16:446,120000550,236822593,100126,90065,0
21:55:16:646,120000567,236852512,99626,89967,0
21:55:16:846,120000471,236875665,100157,90035,0
21:55:17:046,120000582,236829056,99598,90098,0
21:55:17:246,120000579,236838414,99518,90118,0
21:55:17:446,120000571,236865713,100455,90010,0
21:55:17:646,120000582,236841097,99270,90117,0
21:55:17:846,120000559,236812575,100223,90031,0
21:55:18:046,120000567,236891806,100245,89877,0
21:55:18:246,120000547,236832805,99586,90093,0
21:55:18:446,120000575,236837890,99541,90102,0
21:55:18:646,120000570,236888802,99658,90012,0
21:55:18:846,120000566,236817576,99878,90096,0
21:55:19:046,120000538,236822887,99739,90110,0
21:55:19:646,120000472,265141273,401,140,0
21:55:19:646,120000472,265141273,401,140,0
21:55:19:846,120000591,250595362,51534,46357,0
21:55:20:046,120000582,236837846,99680,90133,0
21:55:20:246,120000569,236835913,99707,90109,0
21:55:20:446,120000569,236863716,100205,90026,0
21:55:20:646,120000559,236831342,99735,90044,0
21:55:20:846,120000606,236843012,100245,90072,0
21:55:21:046,120000575,236850118,99737,90062,0
21:55:21:246,120000578,236821868,100019,90096,0
21:55:21:446,120000568,236870489,100029,90041,0
21:55:21:646,120000579,236860930,99262,90083,0
21:55:21:846,120000455,236831109,99903,90090,0
21:55:22:046,120000570,236878124,99680,90009,0
21:55:22:246,120000463,236842190,100099,90071,0
21:55:22:446,120000579,236844757,99222,90107,0
21:55:22:646,120000460,236874350,99332,90079,0
21:55:22:846,120000576,236851323,99946,90051,0
21:55:23:046,120000575,236843404,99427,90051,0
21:55:23:246,120000578,236851516,100056,90045,0
21:55:23:446,120000583,236866362,99829,89994,0
21:55:23:646,120000551,236811382,99951,90108,0
21:55:23:846,120000573,236889151,99492,90070,0
21:55:24:046,120000577,236850398,99751,90066,0
21:55:24:246,120000578,236808156,100321,90099,0
21:55:24:446,120000570,236875907,99916,90199,0
21:55:24:646,120000572,236808631,99875,90453,0
21:55:24:846,120000548,236826471,99639,90091,0
21:55:25:046,120000575,236884613,99948,90028,0
21:55:25:246,120000542,236819523,100016,90110,0
21:55:25:446,120000577,236849207,99190,89969,0
21:55:25:646,120000528,236873388,100263,90000,0
21:55:25:846,120000575,236837353,99412,90116,0
21:55:26:046,120000451,236838674,99427,90056,0
21:55:26:246,120000573,236865895,99920,90402,0
21:55:26:446,120000443,236836377,99344,90360,0
21:55:26:646,120000580,236828812,99791,90007,0
21:55:26:846,120000573,236911962,99395,90036,0
21:55:27:046,120000566,236811515,100010,90106,0
21:55:27:246,120000574,236830682,99889,90056,0
21:55:27:446,120000570,236898746,99740,90040,0
21:55:27:646,120000577,236841478,99798,90106,0
21:55:27:846,120000542,236837108,99471,90105,0
21:55:28:046,120000573,236899929,99584,90029,0
21:55:28:246,120000536,236824665,99816,90240,0
21:55:28:446,120000581,236812013,99915,90239,0
21:55:28:646,120000558,236878973,100133,90037,0
21:55:28:846,120000574,236850537,98994,90111,0
21:55:29:046,120000481,236823254,100276,90072,0
21:55:29:246,120000576,236893974,99493,90044,0
21:55:29:446,120000459,236824919,99671,90098,0
21:55:29:646,120000568,236836052,100263,90084,0
21:55:29:846,120000453,236883276,99594,90053,0
21:55:30:046,120000576,236833641,99863,90118,0
21:55:30:246,120000578,236858841,99023,90103,0
21:55:30:446,120000578,236903728,99250,90025,0
21:55:30:646,120000579,236850210,99202,90105,0
21:55:30:846,120000551,236836898,99593,90102,0
21:55:31:046,120000572,236882347,99866,90026,0
21:55:31:246,120000542,236835630,99416,90111,0
21:55:31:446,120000569,236822538,100354,90093,0
21:55:31:646,120000575,236906580,99482,90028,0
21:55:31:846,120000566,236837158,99629,90126,0
21:55:32:046,120000477,236820383,99543,90562,0
21:55:32:246,120000568,236876279,99662,90331,0
21:55:32:446,120000530,236816279,99782,90103,0
21:55:32:646,120000569,236835090,99784,90067,0
21:55:32:846,120000519,236881176,99846,90018,0
21:55:33:046,120000577,236860690,99238,90116,0
21:55:33:246,120000446,236831745,99630,90117,0
21:55:33:446,120000580,236895042,99788,90022,0
21:55:33:646,120000564,236849715,99536,90075,0
21:55:33:846,120000578,236793931,100077,90507,0
21:55:34:046,120000572,236884935,99303,90499,0
21:55:34:246,120000566,236836263,99965,90026,0
21:55:34:446,120000569,236838414,100012,89914,0
21:55:34:646,120000572,236900315,99610,89898,0
21:55:35:246,120000468,265133822,403,151,0
21:55:35:246,120000468,265133822,403,151,0
21:55:35:446,120000582,255400518,34818,31082,0
21:55:35:646,120000445,236839029,99317,90111,0
21:55:35:846,120000577,236855818,99586,90087,0
21:55:36:046,120000567,236866456,100213,90026,0
21:55:36:246,120000580,236829258,99624,90100,0
21:55:36:446,120000600,236856787,99721,90073,0
21:55:36:646,120000578,236883693,99784,89825,0
21:55:36:846,120000575,236803830,99854,90551,0
21:55:37:046,120000593,236849952,99900,90496,0
21:55:37:246,120000582,236829955,99649,90395,0
21:55:37:446,120000538,236827897,99639,90100,0
21:55:37:646,120000573,236896045,99647,89962,0
21:55:37:846,120000542,236802019,100376,90303,0
21:55:38:046,120000580,236832816,99296,90378,0
21:55:38:246,120000517,236872205,100166,90018,0
21:55:38:446,120000577,236843266,99562,90148,0
21:55:38:646,120000460,236778092,99888,90550,0
21:55:38:846,120000576,236856132,100015,90417,0
21:55:39:046,120000440,236825537,99205,90421,0
21:55:39:246,120000577,236853064,99391,90527,0
21:55:39:446,120000582,236863593,99508,90133,0
21:55:39:646,120000594,236834127,99729,90134,0
21:55:39:846,120000575,236858984,99977,90082,0
21:55:40:046,120000572,236853603,99733,90054,0
21:55:40:246,120000560,236831941,99553,90105,0
21:55:40:446,120000569,236864585,99661,90134,0
21:55:40:646,120000580,236809003,99885,90513,0
21:55:40:846,120000542,236806209,99669,90534,0
21:55:41:046,120000570,236846104,100304,90483,0
21:55:41:246,120000533,236823324,99784,90484,0
21:55:41:446,120000566,236834092,99116,90413,0
21:55:41:646,120000533,236880467,99865,90193,0
21:55:41:846,120000580,236833156,99496,90225,0
21:55:42:046,120000475,236826049,99983,90539,0
21:55:42:246,120000580,236849841,99710,90388,0
21:55:42:446,120000456,236821978,100006,90118,0
21:55:42:646,120000577,236868381,100205,90066,0
21:55:42:846,120000459,236827226,99932,90062,0
21:55:43:046,120000576,236818980,100183,90122,0
21:55:43:246,120000576,236907532,99359,90050,0
21:55:43:446,120000525,236835966,99592,90075,0
21:55:43:646,120000576,236838704,99752,89929,0
21:55:43:846,120000576,236885071,100039,89905,0
21:55:44:046,120000583,236834563,100005,90075,0
21:55:44:246,120000542,236833078,99563,90021,0
21:55:44:446,120000567,236880407,100003,90027,0
21:55:44:646,120000542,236846772,99591,90107,0
21:55:44:846,120000578,236810315,99848,90095,0
21:55:45:046,120000554,236884393,99989,90023,0
21:55:45:246,120000568,236847286,99054,90104,0
21:55:45:446,120000470,236806256,100326,90014,0
21:55:45:646,120000573,236900977,99677,89987,0
21:55:45:846,120000532,236817802,100195,90108,0
21:55:46:046,120000575,236832637,99710,90112,0
21:55:46:246,120000449,236897688,99376,89995,0
21:55:46:446,120000567,236812044,100288,90077,0
21:55:46:646,120000572,236852994,99226,90113,0
21:55:46:846,120000528,236876156,100136,90041,0
21:55:47:046,120000573,236827331,99870,90101,0
21:55:47:446,120000579,236879991,100476,89930,0
21:55:47:646,120000544,236859314,98758,90107,0
21:55:47:846,120000570,236832795,99956,90103,0
21:55:48:046,120000575,236898274,99362,90030,0
21:55:48:246,120000580,236799379,99999,90412,0
21:55:48:446,120000548,236816770,100222,90125,0
21:55:48:646,120000564,236893119,99210,90036,0
21:55:48:846,120000550,236820715,100021,90019,0
21:55:49:046,120000567,236841007,99582,90095,0
21:55:49:246,120000513,236895407,99388,90030,0
21:55:49:446,120000580,236814295,100085,90128,0
21:55:49:646,120000443,236838061,99623,90487,0
21:55:49:846,120000572,236850799,99848,90476,0
21:55:50:046,120000577,236824617,99585,90402,0
21:55:50:246,120000575,236863011,99493,90481,0
21:55:50:446,120000581,236830440,99682,90514,0
21:55:50:846,120000475,265133461,404,165,0
21:55:51:046,120000582,260207271,17678,15881,0
21:55:51:246,120000467,236809475,99356,90563,0
21:55:51:446,120000585,236866577,99517,90503,0
21:55:51:646,120000494,236829672,99825,90134,0
21:55:51:846,120000570,236834863,99757,90100,0
21:55:52:046,120000462,236880559,99681,90320,0
21:55:52:246,120000604,236824898,99513,90559,0
21:55:52:446,120000575,236814367,99548,90525,0
21:55:52:646,120000570,236868720,99463,90501,0
21:55:52:846,120000597,236812697,99922,90555,0
21:55:53:046,120000574,236821723,99607,90505,0
21:55:53:246,120000574,236866447,99668,90427,0
21:55:53:446,120000557,236823090,99445,90464,0
21:55:53:646,120000570,236846094,99755,90520,0
21:55:53:846,120000553,236830609,99672,90505,0
21:55:54:046,120000579,236830058,99504,90150,0
21:55:54:246,120000545,236872716,100046,90052,0
21:55:54:446,120000577,236841535,99437,90175,0
21:55:54:646,120000478,236787840,100248,90497,0
21:55:54:846,120000573,236859448,99986,90444,0
21:55:55:046,120000467,236789862,99865,90556,0
21:55:55:246,120000573,236837190,100052,90398,0
21:55:55:446,120000454,236850048,99566,90055,0
21:55:55:646,120000570,236829081,99894,90133,0
21:55:55:846,120000571,236872387,99845,90071,0
21:55:56:046,120000579,236843065,100280,90034,0
21:55:56:246,120000580,236825681,99894,90101,0
21:55:56:446,120000573,236887259,99383,90027,0
21:55:56:646,120000566,236820128,100136,90508,0
21:55:56:846,120000539,236819305,99415,90560,0
21:55:57:046,120000572,236867437,99959,90452,0
21:55:57:246,120000538,236829890,99312,90562,0
21:55:57:446,120000579,236832989,99574,90156,0
21:55:57:646,120000564,236862709,100262,90252,0
21:55:57:846,120000579,236842287,99417,90071,0
21:55:58:046,120000484,236824133,100116,90098,0
21:55:58:246,120000574,236903008,99333,90023,0
21:55:58:446,120000465,236821159,100051,90018,0
21:55:58:646,120000582,236831908,99913,90110,0
21:55:58:846,120000457,236897529,99012,90031,0
21:55:59:046,120000574,236798390,100334,90327,0
21:55:59:246,120000446,236832901,99392,90504,0
21:55:59:446,120000556,236874144,99225,90494,0
21:55:59:646,120000573,236799818,99589,90518,0
21:55:59:846,120000571,236861803,99976,90117,0
21:56:00:046,120000581,236862620,99556,90064,0
21:56:00:246,120000570,236843338,99180,90111,0
21:56:00:446,120000566,236856515,99927,90072,0
21:56:00:646,120000569,236850445,99882,90060,0
21:56:00:846,120000574,236823915,99720,90102,0
21:56:01:046,120000549,236867858,100283,90057,0
21:56:01:246,120000574,236852260,99310,90097,0
21:56:01:446,120000473,236806188,100407,90030,0
21:56:01:646,120000570,236884667,100015,89974,0
21:56:01:846,120000542,236827190,99608,90090,0
21:56:02:046,120000574,236831966,99525,90115,0
21:56:02:246,120000455,236903345,99743,89982,0
21:56:02:446,120000578,236829696,99906,90071,0
21:56:02:646,120000464,236832357,99436,90083,0
21:56:02:846,120000579,236899816,99631,90038,0
21:56:03:046,120000572,236844529,99623,90100,0
21:56:03:246,120000579,236809874,100055,90151,0
21:56:03:446,120000559,236866598,100252,90179,0
21:56:03:646,120000545,236842836,99323,90122,0
21:56:03:846,120000580,236813146,100420,90048,0
21:56:04:046,120000573,236909646,99535,90042,0
21:56:04:246,120000566,236808785,100121,90100,0
21:56:04:446,120000545,236818847,100282,90071,0
21:56:04:646,120000566,236863699,99942,90484,0
21:56:04:846,120000530,236799155,99964,90564,0
21:56:05:046,120000577,236855808,99713,90254,0
21:56:05:246,120000565,236848863,100116,90059,0
21:56:05:446,120000574,236843012,99507,90009,0
21:56:05:646,120000474,236858734,100013,89992,0
21:56:05:846,120000577,236842148,99895,90054,0
21:56:06:046,120000458,236833733,99384,90113,0
21:56:06:446,120000456,265134100,404,170,0
21:56:06:646,120000598,265017529,683,540,0
21:56:06:846,120000469,236834133,99980,90120,0
21:56:07:046,120000571,236869446,99763,90010,0
21:56:07:246,120000520,236834506,99896,90066,0
21:56:07:446,120000570,236851234,99230,90109,0
21:56:07:646,120000456,236853843,100535,90033,0
21:56:07:846,120000612,236822292,100032,90050,0
21:56:08:046,120000456,236828065,99540,90262,0
21:56:08:246,120000582,236846977,100231,90438,0
21:56:08:446,120000477,236809696,99793,90564,0
21:56:08:646,120000571,236833896,99678,90158,0
21:56:08:846,120000576,236874923,100107,90024,0
21:56:09:046,120000572,236826214,99792,90026,0
21:56:09:246,120000569,236840452,100007,90076,0
21:56:09:446,120000566,236883914,99552,90000,0
21:56:09:646,120000566,236843235,99587,90097,0
21:56:09:846,120000539,236828658,100241,90077,0
21:56:10:046,120000577,236878577,99369,90043,0
21:56:10:246,120000540,236818699,100026,90098,0
21:56:10:446,120000575,236861222,99333,90092,0
21:56:10:646,120000577,236872432,99628,89983,0
21:56:10:846,120000578,236833169,99805,90106,0
21:56:11:046,120000478,236852561,99688,90087,0
21:56:11:246,120000574,236876021,99431,90045,0
21:56:11:446,120000459,236803202,99697,90286,0
21:56:11:646,120000580,236850233,99979,90489,0
21:56:11:846,120000483,236814154,99502,90461,0
21:56:12:046,120000524,236820254,99611,90235,0
21:56:12:246,120000583,236865507,99933,90419,0
21:56:12:446,120000580,236834595,99609,90100,0
21:56:12:646,120000578,236830362,100180,90102,0
21:56:12:846,120000576,236922700,98840,90039,0
21:56:13:046,120000572,236830026,99908,90095,0
21:56:13:246,120000545,236824655,99815,90098,0
21:56:13:446,120000572,236922383,99281,89987,0
21:56:13:646,120000542,236826948,99780,90118,0
21:56:13:846,120000566,236825324,99743,90117,0
21:56:14:046,120000545,236907547,99685,90017,0
21:56:14:246,120000575,236846241,99124,90104,0
21:56:14:446,120000466,236820111,100120,90052,0
21:56:14:646,120000570,236886393,100140,90028,0
21:56:14:846,120000544,236852131,99173,90105,0
21:56:15:046,120000567,236835818,99869,90103,0
21:56:15:246,120000469,236894760,99260,90064,0
21:56:15:446,120000558,236857878,99311,90068,0
21:56:15:646,120000454,236843235,99263,90107,0
21:56:15:846,120000570,236856167,100167,90047,0
21:56:16:046,120000572,236848826,99713,90071,0
21:56:16:246,120000577,236839642,99111,90117,0
21:56:16:446,120000567,236874284,100384,89972,0
21:56:16:646,120000545,236827038,99737,90434,0
21:56:16:846,120000569,236818035,99966,90116,0
21:56:17:046,120000574,236878524,100237,90010,0
21:56:17:246,120000576,236831977,99682,90104,0
21:56:17:446,120000550,236815594,100265,90002,0
21:56:17:646,120000567,236878722,99826,90367,0
21:56:17:846,120000533,236788417,99981,90539,0
21:56:18:046,120000569,236828673,99636,90526,0
21:56:18:246,120000524,236847153,99737,90479,0
21:56:18:446,120000566,236790614,100278,90430,0
21:56:18:646,120000459,236871434,99495,90416,0
21:56:18:846,120000583,236816753,99913,90111,0
21:56:19:046,120000443,236820680,99944,90086,0
21:56:19:246,120000526,236880253,100010,90034,0
21:56:19:446,120000572,236836787,99906,89992,0
21:56:19:646,120000573,236827896,99887,90073,0
21:56:19:846,120000574,236896073,99723,90034,0
21:56:20:046,120000576,236808255,99829,90122,0
21:56:20:246,120000580,236849398,99273,90096,0
21:56:20:446,120000573,236898591,99504,90039,0
21:56:20:646,120000574,236849000,99069,90116,0
21:56:20:846,120000542,236837914,99373,90107,0
21:56:21:046,120000579,236906724,99212,90035,0
21:56:21:246,120000550,236832205,99883,90098,0
21:56:21:446,120000573,236837649,99641,90109,0
21:56:21:646,120000519,236883319,99870,90018,0
21:56:22:246,120000453,265141884,401,155,0
21:56:22:246,120000453,265141884,401,155,0
21:56:22:446,120000562,241379076,83726,75643,0
21:56:22:646,120000589,236844953,99622,90110,0
21:56:22:846,120000575,236892914,99650,90030,0
21:56:23:046,120000571,236859674,98807,90111,0
21:56:23:246,120000544,236815656,99871,90093,0
21:56:23:446,120000607,236899815,99832,89901,0
21:56:23:646,120000546,236813867,99811,90105,0
21:56:23:846,120000573,236832764,99627,90125,0
21:56:24:046,120000475,236899743,99519,90052,0
21:56:24:246,120000572,236834129,99370,90102,0
21:56:24:446,120000460,236839389,99231,90115,0
21:56:24:646,120000565,236870430,100086,90042,0
21:56:24:846,120000456,236811165,99983,90100,0
21:56:25:046,120000576,236835376,99762,90102,0
21:56:25:246,120000570,236894640,99748,90029,0
21:56:25:446,120000575,236836660,99514,90115,0
21:56:25:646,120000580,236828873,100017,90101,0
21:56:25:846,120000576,236905147,99548,89696,0
21:56:26:046,120000574,236845255,99985,89698,0
21:56:26:246,120000555,236830789,99685,90109,0
21:56:26:446,120000571,236901481,99610,89953,0
21:56:26:646,120000539,236827225,99995,90092,0
21:56:26:846,120000569,236843942,99451,90106,0
21:56:27:046,120000536,236882278,99892,90018,0
21:56:27:246,120000573,236820833,99784,90269,0
21:56:27:446,120000481,236800876,99995,90503,0
21:56:27:646,120000564,236847359,100303,90405,0
21:56:27:846,120000461,236814204,99641,90250,0
21:56:28:046,120000580,236871961,99750,90072,0
21:56:28:246,120000459,236865389,99510,89955,0
21:56:28:446,120000568,236829250,100106,89984,0
21:56:28:646,120000566,236860514,99603,90073,0
21:56:28:846,120000575,236864037,99191,90015,0
21:56:29:046,120000572,236811301,100223,90088,0
21:56:29:246,120000572,236873187,99714,90050,0
21:56:29:446,120000580,236838012,100088,90061,0
21:56:29:646,120000557,236837261,99495,90104,0
21:56:29:846,120000576,236875397,99994,90050,0
21:56:30:046,120000551,236827208,99823,90077,0
21:56:30:246,120000566,236852729,98970,90105,0
21:56:30:446,120000544,236882476,99731,90042,0
21:56:30:646,120000567,236840306,99788,90068,0
21:56:30:846,120000469,236821330,99890,90105,0
21:56:31:046,120000576,236893869,99531,89999,0
21:56:31:246,120000468,236839329,99627,90008,0
21:56:31:446,120000583,236831916,99819,90096,0
21:56:31:646,120000477,236889220,99576,90061,0
21:56:31:846,120000586,236815609,100242,90067,0
21:56:32:046,120000453,236822534,100105,90097,0
21:56:32:246,120000568,236889520,99592,90040,0
21:56:32:446,120000566,236816693,99975,90100,0
21:56:32:646,120000566,236822902,99572,90115,0
21:56:32:846,120000575,236890340,99947,90032,0
21:56:33:046,120000542,236823490,99755,90111,0
21:56:33:246,120000581,236832984,99348,90098,0
21:56:33:446,120000572,236884302,99808,90019,0
21:56:33:646,120000572,236829655,99525,90097,0
21:56:33:846,120000545,236830776,100094,89949,0
21:56:34:046,120000578,236885125,99726,90030,0
21:56:34:246,120000550,236811142,100315,90092,0
21:56:34:446,120000572,236838271,99788,90100,0
21:56:34:646,120000543,236892625,99320,90046,0
21:56:34:846,120000568,236834122,99788,90047,0
21:56:35:046,120000449,236837325,99571,90073,0
21:56:35:246,120000576,236883092,99697,90042,0
21:56:35:446,120000451,236825279,99858,90099,0
21:56:35:646,120000567,236841523,100054,90087,0
21:56:35:846,120000574,236886874,99676,90047,0
21:56:36:046,120000533,236809116,99867,90104,0
21:56:36:246,120000570,236854736,99707,90072,0
21:56:36:446,120000569,236860869,99470,90237,0
21:56:36:646,120000572,236817711,99733,90266,0
21:56:36:846,120000572,236868916,100084,90069,0
21:56:37:046,120000574,236861905,99103,90072,0
21:56:37:246,120000472,236822487,100022,89998,0
21:56:37:846,120000454,265141997,401,153,0
21:56:37:846,120000454,265141997,401,153,0
21:56:38:046,120000584,246042622,67033,61042,0
21:56:38:246,120000566,236834422,99591,90098,0
21:56:38:446,120000577,236868109,99931,90090,0
21:56:38:646,120000575,236852671,99692,90061,0
21:56:38:846,120000523,236818462,100052,90056,0
21:56:39:046,120000595,236874499,100125,90074,0
21:56:39:246,120000533,236836836,99672,90192,0
21:56:39:446,120000586,236820928,99324,90599,0
21:56:39:646,120000565,236871460,100263,90132,0
21:56:39:846,120000575,236842614,99298,90110,0
21:56:40:046,120000461,236823946,99847,90093,0
21:56:40:246,120000570,236876539,100223,90029,0
21:56:40:446,120000521,236839131,99279,90107,0
21:56:40:646,120000577,236817096,100071,90098,0
21:56:40:846,120000457,236908354,99056,90039,0
21:56:41:046,120000580,236827712,99929,90115,0
21:56:41:246,120000456,236811730,100182,90254,0
21:56:41:446,120000574,236882402,99420,90452,0
21:56:41:646,120000577,236793010,100167,90492,0
21:56:41:846,120000581,236838813,99382,90514,0
21:56:42:046,120000576,236855421,99673,90501,0
21:56:42:246,120000569,236833457,99457,90323,0
21:56:42:446,120000566,236850041,99917,90246,0
21:56:42:646,120000525,236837873,99992,90066,0
21:56:42:846,120000577,236848990,99422,90116,0
21:56:43:046,120000539,236868166,99705,90052,0
21:56:43:246,120000571,236868048,99129,90081,0
21:56:43:446,120000478,236812690,99964,90088,0
21:56:43:646,120000568,236880231,99830,90077,0
21:56:43:846,120000564,236850454,99711,90015,0
21:56:44:046,120000576,236835182,99894,90067,0
21:56:44:246,120000481,236869273,100078,90062,0
21:56:44:446,120000580,236850475,99935,89927,0
21:56:44:646,120000458,236831754,99777,90095,0
21:56:44:846,120000575,236869980,99456,90503,0
21:56:45:046,120000581,236821033,100041,90240,0
21:56:45:246,120000577,236846939,99020,90107,0
21:56:45:446,120000576,236885073,100000,90018,0
21:56:45:646,120000551,236818933,99545,90491,0
21:56:45:846,120000566,236803389,100252,90450,0
21:56:46:046,120000572,236891095,99699,90138,0
21:56:46:246,120000574,236824122,100128,89946,0
21:56:46:446,120000546,236820284,100358,90089,0
21:56:46:646,120000566,236889797,99630,90183,0
21:56:46:846,120000527,236821564,99807,90104,0
21:56:47:046,120000578,236823727,100073,90096,0
21:56:47:246,120000539,236895175,99703,90042,0
21:56:47:446,120000566,236832693,99901,90104,0
21:56:47:646,120000448,236847842,99156,90102,0
21:56:47:846,120000570,236900330,99919,89958,0
21:56:48:046,120000454,236853820,99318,89969,0
21:56:48:246,120000563,236832715,99692,89997,0
21:56:48:446,120000443,236849659,100165,90307,0
21:56:48:646,120000575,236833450,99530,90273,0
21:56:48:846,120000573,236849105,99610,90110,0
21:56:49:046,120000563,236895994,99488,90028,0
21:56:49:246,120000577,236830739,99897,90038,0
21:56:49:446,120000540,236819131,100076,90121,0
21:56:49:646,120000577,236879687,99811,90035,0
21:56:49:846,120000539,236813274,100028,90094,0
21:56:50:046,120000573,236843293,99782,90091,0
21:56:50:246,120000566,236868053,100157,89974,0
21:56:50:446,120000574,236834194,99568,90284,0
21:56:50:646,120000479,236833962,100223,90503,0
21:56:50:846,120000578,236823971,99750,90526,0
21:56:51:046,120000461,236797747,99919,90460,0
21:56:51:246,120000564,236861737,100175,90389,0
21:56:51:446,120000456,236818504,99339,90528,0
21:56:51:646,120000568,236814886,99950,90563,0
21:56:51:846,120000444,236849873,99961,90451,0
21:56:52:046,120000567,236824719,99760,90152,0
21:56:52:246,120000568,236862589,99890,90065,0
21:56:52:446,120000572,236857479,99535,90063,0
21:56:52:646,120000581,236831108,100015,90007,0
21:56:52:846,120000575,236871968,99482,90078,0
21:56:53:446,120000452,265134215,403,151,0
21:56:53:446,120000452,265134215,403,151,0
21:56:53:646,120000605,250989024,50139,45093,0
21:56:53:846,120000446,236836248,99810,90094,0
21:56:54:046,120000577,236897744,99404,90031,0
21:56:54:246,120000452,236837036,99581,90024,0
21:56:54:446,120000572,236848679,99744,90010,0
21:56:54:646,120000597,236868160,99897,90342,0
21:56:54:846,120000573,236835112,99746,90136,0
21:56:55:046,120000576,236838631,100024,89905,0
21:56:55:246,120000591,236886601,99825,90028,0
21:56:55:446,120000578,236849977,99259,90121,0
21:56:55:646,120000540,236823585,99912,90116,0
21:56:55:846,120000572,236892908,99883,90063,0
21:56:56:046,120000544,236812792,100011,90105,0
21:56:56:246,120000573,236838097,100251,90373,0
21:56:56:446,120000558,236871915,99139,90371,0
21:56:56:646,120000583,236813989,100174,90003,0
21:56:56:846,120000474,236868941,99221,90084,0
21:56:57:046,120000580,236846182,100486,89956,0
21:56:57:246,120000452,236826108,99844,90100,0
21:56:57:446,120000572,236866526,99666,90217,0
21:56:57:646,120000443,236831335,100003,90064,0
21:56:57:846,120000578,236837136,99998,89930,0
21:56:58:046,120000578,236874343,100049,90035,0
21:56:58:246,120000565,236837232,99644,90126,0
21:56:58:446,120000584,236815443,99883,90090,0
21:56:58:646,120000567,236890942,99847,90023,0
21:56:58:846,120000578,236833110,99324,90102,0
21:56:59:046,120000539,236830284,99484,90091,0
21:56:59:246,120000578,236915532,99107,90041,0
21:56:59:446,120000533,236809116,100267,90079,0
21:56:59:646,120000566,236837788,99516,90096,0
21:56:59:846,120000533,236905771,99377,90035,0
21:57:00:046,120000569,236844754,99526,90104,0
21:57:00:246,120000456,236841968,99359,89998,0
21:57:00:446,120000580,236888677,99896,90012,0
21:57:00:646,120000475,236833495,99968,90244,0
21:57:00:846,120000572,236800111,99723,90570,0
21:57:01:046,120000457,236862523,100028,90421,0
21:57:01:246,120000576,236832206,99226,90496,0
21:57:01:446,120000582,236806077,99701,90564,0
21:57:01:646,120000569,236877392,99797,90421,0
21:57:01:846,120000569,236797667,99812,90516,0
21:57:02:046,120000572,236842610,99982,90457,0
21:57:02:246,120000578,236853585,99069,90543,0
21:57:02:446,120000525,236810936,99919,90291,0
21:57:02:646,120000571,236881829,98813,90505,0
21:57:02:846,120000541,236827210,99586,90534,0
21:57:03:046,120000575,236820781,99644,90289,0
21:57:03:246,120000549,236880665,99711,90050,0
21:57:03:446,120000574,236810719,100063,90111,0
21:57:03:646,120000472,236835478,99525,90110,0
21:57:03:846,120000577,236891041,100021,89952,0
21:57:04:046,120000529,236853672,99150,90057,0
21:57:04:246,120000578,236813101,100192,90094,0
21:57:04:446,120000454,236905310,99406,90031,0
21:57:04:646,120000580,236838765,99416,90106,0
21:57:04:846,120000459,236819940,100101,90080,0
21:57:05:046,120000573,236895338,99627,90230,0
21:57:05:246,120000572,236805277,99805,90547,0
21:57:05:446,120000572,236796853,99858,90555,0
21:57:05:646,120000572,236855646,99911,90426,0
21:57:05:846,120000523,236797936,99975,90572,0
21:57:06:046,120000564,236870542,99712,90365,0
21:57:06:246,120000550,236816567,99580,90531,0
21:57:06:446,120000572,236795908,100103,90554,0
21:57:06:646,120000579,236865873,99601,90482,0
21:57:06:846,120000580,236804265,99713,90574,0
21:57:07:046,120000541,236832180,99483,90493,0
21:57:07:246,120000580,236846558,99828,90501,0
21:57:07:446,120000465,236824403,99419,90566,0
21:57:07:646,120000571,236852773,100392,90067,0
21:57:07:846,120000472,236839636,99586,90035,0
21:57:08:046,120000584,236835265,99925,90109,0
21:57:08:246,120000460,236876072,99996,90027,0
21:57:08:446,120000585,236837420,99436,90108,0
21:57:09:046,120000477,265134280,403,160,0
21:57:09:046,120000477,265134280,403,160,0
21:57:09:246,120000587,255658945,33804,30244,0
21:57:09:446,120000477,236834949,99470,90114,0
21:57:09:646,120000574,236884065,100228,89949,0
21:57:09:846,120000545,236845497,99691,90110,0
21:57:10:046,120000571,236832339,99678,90121,0
21:57:10:246,120000493,236885310,99968,90022,0
21:57:10:446,120000575,236854856,99345,90110,0
21:57:10:646,120000821,236799354,99824,90553,0
21:57:10:846,120000602,236885458,99402,90492,0
21:57:11:046,120000579,236787497,100211,90545,0
21:57:11:246,120000578,236810883,100036,90281,0
21:57:11:446,120000575,236902426,99132,90038,0
21:57:11:646,120000542,236820428,99948,90079,0
21:57:11:846,120000575,236857883,99422,90046,0
21:57:12:046,120000570,236895134,99707,90233,0
21:57:12:246,120000566,236817429,99679,90488,0
21:57:12:446,120000544,236816392,99866,90482,0
21:57:12:646,120000572,236878412,99494,90153,0
21:57:12:846,120000526,236836433,99316,90172,0
21:57:13:046,120000583,236840921,100091,90084,0
21:57:13:246,120000539,236876268,99985,89971,0
21:57:13:446,120000581,236814853,99865,90098,0
21:57:13:646,120000471,236858334,99739,90079,0
21:57:13:846,120000577,236854138,99715,90246,0
21:57:14:046,120000462,236781733,100205,90547,0
21:57:14:246,120000574,236887302,99110,90497,0
21:57:14:446,120000574,236802800,100153,90339,0
21:57:14:646,120000567,236820562,100043,90100,0
21:57:14:846,120000577,236881681,100047,90027,0
21:57:15:046,120000561,236820440,100083,90072,0
21:57:15:246,120000574,236830600,99742,90052,0
21:57:15:446,120000570,236868154,100235,90024,0
21:57:15:646,120000571,236833964,99439,90112,0
21:57:15:846,120000551,236831256,100387,90005,0
21:57:16:046,120000573,236878122,99864,90038,0
21:57:16:246,120000527,236821211,99929,90203,0
21:57:16:446,120000580,236841568,99791,90525,0
21:57:16:646,120000539,236850784,99229,90526,0
21:57:16:846,120000584,236821824,100211,90323,0
21:57:17:046,120000479,236877371,99963,90057,0
21:57:17:246,120000576,236847371,99533,90073,0
21:57:17:446,120000459,236841173,99281,90109,0
21:57:17:646,120000573,236877908,99247,90081,0
21:57:17:846,120000581,236858627,99881,89923,0
21:57:18:046,120000573,236829563,99879,90125,0
21:57:18:246,120000560,236866028,100067,90070,0
21:57:18:446,120000528,236843629,100016,90077,0
21:57:18:646,120000583,236816640,100023,90103,0
21:57:18:846,120000577,236880071,99887,90019,0
21:57:19:046,120000573,236831960,99448,90104,0
21:57:19:246,120000538,236821096,99915,90099,0
21:57:19:446,120000581,236885139,100057,90039,0
21:57:19:646,120000546,236811905,99561,90398,0
21:57:19:846,120000574,236806437,100001,90315,0
21:57:20:246,120000574,236820402,99989,90148,0
21:57:20:446,120000461,236818838,99892,90435,0
21:57:20:646,120000576,236856658,100201,90381,0
21:57:20:846,120000447,236831119,99548,90115,0
21:57:21:046,120000574,236862075,99139,90096,0
21:57:21:246,120000545,236874601,99789,90040,0
21:57:21:446,120000569,236836443,99468,90178,0
21:57:21:646,120000568,236827782,99874,90515,0
21:57:21:846,120000532,236844823,99375,90351,0
21:57:22:046,120000573,236828313,99824,90098,0
21:57:22:246,120000578,236871566,99667,90039,0
21:57:22:446,120000575,236866521,98978,90086,0
21:57:22:646,120000540,236834037,99681,90093,0
21:57:22:846,120000572,236872977,99746,90078,0
21:57:23:046,120000565,236844729,99955,90055,0
21:57:23:246,120000564,236845422,99476,90110,0
21:57:23:446,120000474,236860475,100349,89973,0
21:57:23:646,120000579,236840859,99665,90082,0
21:57:23:846,120000461,236834807,99606,90112,0
21:57:24:046,120000573,236883734,100326,89901,0
21:57:24:246,120000475,236837130,99766,90074,0
21:57:24:646,120000459,265133857,404,160,0
21:57:24:846,120000598,260462553,16872,14964,0
21:57:25:046,120000545,236831837,99489,90096,0
21:57:25:246,120000581,236887184,100159,89963,0
21:57:25:446,120000548,236850507,99483,89992,0
21:57:25:646,120000575,236815973,100109,90132,0
21:57:25:846,120000548,236899178,99947,89961,0
21:57:26:046,120000602,236823136,99772,90171,0
21:57:26:246,120000462,236808939,100015,90331,0
21:57:26:446,120000568,236893727,99612,90044,0
21:57:26:646,120000476,236822137,100017,90036,0
21:57:26:846,120000578,236857104,99232,89998,0
21:57:27:046,120000572,236898868,100003,90016,0
21:57:27:246,120000566,236844026,99585,90095,0
21:57:27:446,120000577,236834717,99721,90101,0
21:57:27:646,120000578,236874477,100124,90032,0
21:57:27:846,120000572,236842010,99643,90061,0
21:57:28:046,120000555,236810791,100225,90107,0
21:57:28:246,120000566,236889754,99576,90099,0
21:57:28:446,120000496,236809297,99542,90508,0
21:57:28:646,120000570,236812198,99947,90535,0
21:57:28:846,120000577,236859968,99542,90386,0
21:57:29:046,120000576,236814218,99985,90335,0
21:57:29:247,120000540,236873294,99252,90078,0
21:57:29:447,120000577,236876127,99616,90050,0
21:57:29:647,120000513,236835003,99535,90104,0
21:57:29:847,120000568,236860768,99245,89998,0
21:57:30:047,120000453,236880947,99636,90048,0
21:57:30:247,120000576,236851502,99081,90108,0
21:57:30:447,120000441,236826763,100163,90094,0
21:57:30:647,120000575,236899731,99129,90053,0
21:57:30:847,120000572,236819158,99773,90114,0
21:57:31:047,120000569,236833836,100353,90069,0
21:57:31:247,120000578,236896780,98979,90052,0
21:57:31:447,120000578,236824790,100149,90097,0
21:57:31:647,120000577,236839502,99668,90097,0
21:57:31:847,120000573,236865218,100227,90031,0
21:57:32:047,120000566,236807134,100042,90380,0
21:57:32:247,120000541,236857654,100297,90059,0
21:57:32:447,120000578,236861923,99107,90095,0
21:57:32:647,120000467,236830966,99450,90102,0
21:57:32:847,120000576,236865356,100278,90026,0
21:57:33:047,120000542,236825710,100220,90074,0
21:57:33:247,120000555,236832313,99735,90116,0
21:57:33:447,120000488,236893028,99625,90039,0
21:57:33:647,120000575,236843646,99866,90052,0
21:57:33:847,120000457,236850264,99561,89881,0
21:57:34:047,120000574,236881251,99777,90072,0
21:57:34:247,120000578,236838394,99896,90355,0
21:57:34:447,120000578,236795564,100424,90496,0
21:57:34:647,120000594,236905039,99208,90448,0
21:57:34:847,120000548,236808354,100017,90410,0
21:57:35:047,120000566,236854977,99178,90113,0
21:57:35:247,120000560,236869251,100204,90003,0
21:57:35:447,120000578,236840343,99751,90124,0
21:57:35:647,120000551,236813901,99933,90100,0
21:57:35:847,120000571,236883181,99916,90039,0
21:57:36:047,120000549,236847173,99436,90107,0
21:57:36:247,120000577,236845331,99881,90107,0
21:57:36:447,120000447,236910863,99067,90037,0
21:57:36:647,120000569,236834296,99767,90094,0
21:57:36:847,120000454,236824356,99933,90104,0
21:57:37:047,120000564,236886885,100117,90036,0
21:57:37:247,120000469,236824689,100040,90109,0
21:57:37:447,120000576,236846197,99230,90105,0
21:57:37:647,120000578,236905383,99995,89702,0
21:57:37:847,120000580,236821935,99464,90420,0
21:57:38:047,120000570,236832365,99451,90118,0
21:57:38:247,120000566,236869350,99561,90484,0
21:57:38:447,120000572,236825274,99694,90251,0
21:57:38:647,120000545,236815774,99996,90086,0
21:57:38:847,120000578,236909270,99198,90026,0
21:57:39:047,120000536,236815153,99696,90261,0
21:57:39:247,120000577,236813533,99606,90559,0
21:57:39:447,120000565,236907652,99710,90047,0
21:57:39:647,120000576,236829064,99898,90111,0
21:57:39:847,120000472,236828687,99620,90101,0
21:57:40:447,120000443,265141885,401,157,0
21:57:40:447,120000443,265141885,401,157,0
21:57:40:647,120000565,236954341,99248,89643,0
21:57:40:847,120000566,236896192,99718,90097,0
21:57:41:047,120000499,236783529,100223,90542,0
21:57:41:247,120000567,236827212,99561,90526,0
21:57:41:447,120000569,236863551,99715,90347,0
21:57:41:647,120000590,236807905,100032,90238,0
21:57:41:847,120000543,236854596,99620,90513,0
21:57:42:047,120000566,236834598,99923,90082,0
21:57:42:247,120000483,236827780,99761,90110,0
21:57:42:447,120000580,236879608,99807,90025,0
21:57:42:647,120000538,236811522,100378,90107,0
21:57:42:847,120000578,236849431,99305,90046,0
21:57:43:047,120000457,236858909,100033,90352,0
21:57:43:247,120000590,236797749,99887,90555,0
21:57:43:447,120000569,236822140,100071,90071,0
21:57:43:647,120000566,236872103,100116,90229,0
21:57:43:847,120000571,236824539,99715,90121,0
21:57:44:047,120000573,236844888,100409,90001,0
21:57:44:247,120000569,236873385,99556,90064,0
21:57:44:447,120000572,236808828,100223,90096,0
21:57:44:647,120000572,236866716,99777,90082,0
21:57:44:847,120000572,236874970,99287,90053,0
21:57:45:047,120000578,236831076,99922,90107,0
21:57:45:247,120000548,236855253,99705,90070,0
21:57:45:447,120000569,236854288,99737,90052,0
21:57:45:647,120000462,236829231,99622,90118,0
21:57:45:847,120000574,236871589,99847,89987,0
21:57:46:047,120000468,236848072,99777,90050,0
21:57:46:247,120000573,236831414,99740,90066,0
21:57:46:447,120000481,236866841,100066,90051,0
21:57:46:647,120000573,236846435,99405,90083,0
21:57:46:847,120000459,236827543,99737,90216,0
21:57:47:047,120000562,236879891,99724,90327,0
21:57:47:247,120000569,236821053,99631,90446,0
21:57:47:447,120000577,236800174,100095,90105,0
21:57:47:647,120000581,236901803,99234,90041,0
21:57:47:847,120000545,236829072,99944,90080,0
21:57:48:047,120000578,236831176,100101,90134,0
21:57:48:247,120000562,236885037,100012,90031,0
21:57:48:447,120000580,236825612,99980,90115,0
21:57:48:647,120000545,236836358,99464,90139,0
21:57:48:847,120000577,236911655,99233,90024,0
21:57:49:047,120000551,236850850,99233,90115,0
21:57:49:247,120000573,236837594,99487,90096,0
21:57:49:447,120000457,236894316,99762,90028,0
21:57:49:647,120000579,236835640,99700,90100,0
21:57:49:847,120000454,236803457,100669,90105,0
21:57:50:047,120000575,236897490,99671,90035,0
21:57:50:247,120000473,236826369,99868,90113,0
21:57:50:447,120000579,236837063,99574,90067,0
21:57:50:647,120000575,236907190,99635,89974,0
21:57:50:847,120000580,236810289,100138,90106,0
21:57:51:047,120000576,236837482,99181,90108,0
21:57:51:247,120000572,236887299,99912,89973,0
21:57:51:447,120000572,236822026,99329,90453,0
21:57:51:647,120000551,236831326,99599,90376,0
21:57:51:847,120000572,236893811,99378,90302,0
21:57:52:047,120000542,236820814,100026,90041,0
21:57:52:247,120000581,236813388,100208,90096,0
21:57:52:447,120000564,236893818,99471,90032,0
21:57:52:647,120000577,236823489,100220,90103,0
21:57:52:847,120000471,236829821,99697,90104,0
21:57:53:047,120000576,236894781,100075,89907,0
21:57:53:247,120000472,236814029,100012,90112,0
21:57:53:447,120000576,236840733,99795,90072,0
21:57:53:647,120000449,236869608,100021,90037,0
21:57:53:847,120000572,236838793,99376,90128,0
21:57:54:047,120000573,236834992,100480,90068,0
21:57:54:247,120000574,236863853,99762,90075,0
21:57:54:447,120000570,236849461,99337,89909,0
21:57:54:647,120000574,236858669,99685,90029,0
21:57:54:847,120000573,236883429,99629,90048,0
21:57:55:047,120000571,236820866,100119,90089,0
21:57:55:247,120000573,236858384,99438,90086,0
21:57:55:447,120000558,236875343,99980,89918,0
21:57:56:047,120000440,265133557,403,154,0
21:57:56:047,120000440,265133557,403,154,0
21:57:56:247,120000592,241764131,82359,74375,0
21:57:56:447,120000589,236900222,99371,90034,0
21:57:56:647,120000588,236815467,100201,90100,0
21:57:56:847,120000572,236825998,99512,90455,0
21:57:57:047,120000574,236854116,100224,90372,0
21:57:57:247,120000608,236815155,99585,90572,0
21:57:57:447,120000566,236855035,99875,90126,0
21:57:57:647,120000572,236865897,99791,90064,0
21:57:57:847,120000564,236841691,99353,90114,0
21:57:58:047,120000568,236851234,99726,90063,0
21:57:58:247,120000574,236862076,99783,90067,0
21:57:58:447,120000570,236797842,100412,90092,0
21:57:58:647,120000478,236882818,99624,90045,0
21:57:58:847,120000567,236839951,99720,90078,0
21:57:59:047,120000449,236813650,100093,90104,0
21:57:59:247,120000575,236890855,99757,90044,0
21:57:59:447,120000469,236825291,99620,90101,0
21:57:59:647,120000573,236829720,99732,90102,0
21:57:59:847,120000572,236889996,99392,90444,0
21:58:00:047,120000568,236811559,99699,90430,0
21:58:00:247,120000576,236824936,99181,90486,0
21:58:00:447,120000566,236894339,99980,90016,0
21:58:00:647,120000574,236830297,100026,90041,0
21:58:00:847,120000543,236825574,99855,90098,0
21:58:01:047,120000572,236899586,99831,90022,0
21:58:01:247,120000538,236834164,100101,89915,0
21:58:01:447,120000581,236806507,100145,90098,0
21:58:01:647,120000576,236897453,99461,90044,0
21:58:01:847,120000580,236842113,99533,90091,0
21:58:02:047,120000482,236823135,99715,90108,0
21:58:02:247,120000567,236888227,100035,89994,0
21:58:02:447,120000463,236826485,99930,90110,0
21:58:02:647,120000582,236830172,99546,90085,0
21:58:02:847,120000507,236890514,100051,90044,0
21:58:03:047,120000577,236838989,99642,90132,0
21:58:03:247,120000443,236821846,100024,90055,0
21:58:03:447,120000584,236877309,100045,90036,0
21:58:03:647,120000577,236860258,99223,90115,0
21:58:03:847,120000570,236818309,100210,90084,0
21:58:04:047,120000566,236880301,99648,90048,0
21:58:04:247,120000574,236803196,100325,90113,0
21:58:04:447,120000579,236856964,100007,90089,0
21:58:04:647,120000572,236862531,99865,90007,0
21:58:04:847,120000572,236833381,99714,90116,0
21:58:05:047,120000550,236850841,100056,90066,0
21:58:05:247,120000575,236852411,99517,90058,0
21:58:05:447,120000473,236828287,99716,90115,0
21:58:05:647,120000582,236869353,100057,90143,0
21:58:05:847,120000541,236824637,100037,90265,0
21:58:06:047,120000582,236828513,99707,90113,0
21:58:06:247,120000449,236896009,99667,90016,0
21:58:06:447,120000566,236853540,99110,90064,0
21:58:06:647,120000462,236807366,100320,90109,0
21:58:06:847,120000574,236895989,99519,90035,0
21:58:07:047,120000572,236825216,99761,90095,0
21:58:07:247,120000580,236832781,99801,90110,0
21:58:07:447,120000564,236900604,99430,90039,0
21:58:07:647,120000551,236828647,99952,90089,0
21:58:07:847,120000575,236830661,99811,90115,0
21:58:08:047,120000562,236876841,99910,90012,0
21:58:08:247,120000584,236828021,99629,90115,0
21:58:08:447,120000542,236833171,99374,90106,0
21:58:08:647,120000573,236884295,100314,89928,0
21:58:08:847,120000539,236848202,99098,90123,0
21:58:09:047,120000581,236819452,99978,90345,0
21:58:09:247,120000510,236886436,100007,89983,0
21:58:09:447,120000582,236834379,99567,90118,0
21:58:09:647,120000447,236822893,99758,90103,0
21:58:09:847,120000566,236905706,99461,90040,0
21:58:10:047,120000440,236812824,100045,90098,0
21:58:10:247,120000572,236814005,99710,90369,0
21:58:10:447,120000569,236879959,99917,90127,0
21:58:10:647,120000572,236819960,100045,90109,0
21:58:10:847,120000578,236841301,99657,90026,0
21:58:11:047,120000580,236841386,100385,90333,0
21:58:11:647,120000466,265134186,403,162,0
21:58:11:647,120000466,265134186,403,162,0
21:58:11:847,120000590,246583928,65072,59098,0
21:58:12:047,120000460,236868657,99994,90020,0
21:58:12:247,120000568,236822748,99864,90096,0
21:58:12:447,120000437,236842127,98959,90115,0
21:58:12:647,120000580,236905776,99461,90046,0
21:58:12:847,120000608,236850701,99023,90135,0
21:58:13:047,120000572,236809780,99970,90105,0
21:58:13:247,120000569,236898381,99736,90038,0
21:58:13:447,120000589,236820748,100103,90103,0
21:58:13:647,120000575,236827114,100021,90104,0
21:58:13:847,120000581,236890620,99268,90033,0
21:58:14:047,120000575,236831334,99878,90026,0
21:58:14:247,120000543,236856618,99265,90047,0
21:58:14:447,120000568,236859349,100077,90449,0
21:58:14:647,120000545,236817312,99968,90193,0
21:58:14:847,120000579,236850007,99615,90072,0
21:58:15:047,120000530,236857113,100261,89934,0
21:58:15:247,120000574,236846774,99278,90107,0
21:58:15:447,120000475,236847489,100355,89965,0
21:58:15:647,120000574,236874271,99761,89986,0
21:58:15:847,120000515,236829493,99768,90107,0
21:58:16:047,120000572,236858770,99769,90076,0
21:58:16:247,120000569,236879326,99274,90019,0
21:58:16:447,120000566,236810778,100321,90097,0
21:58:16:647,120000566,236871281,99143,90099,0
21:58:16:847,120000575,236853022,100120,90038,0
21:58:17:047,120000566,236828730,99896,90113,0
21:58:17:247,120000572,236870963,99326,90079,0
21:58:17:447,120000566,236882207,99486,89996,0
21:58:17:647,120000539,236833504,99771,90039,0
21:58:17:847,120000575,236853353,99677,90039,0
21:58:18:047,120000572,236885206,99624,90107,0
21:58:18:247,120000580,236801758,99585,90539,0
21:58:18:447,120000481,236840386,100344,90507,0
21:58:18:647,120000576,236821786,99373,90546,0
21:58:18:847,120000464,236799898,99820,90482,0
21:58:19:047,120000579,236900739,99626,90028,0
21:58:19:247,120000446,215966733,27314,106414,0
21:58:19:447,120000510,212170837,2964,120662,0
21:58:19:647,120000509,212344815,2980,116316,0
21:58:19:847,120000515,212371419,2959,115056,0
21:58:20:047,120000452,212347909,2967,115965,0
21:58:20:247,120000515,212331064,2967,116053,0
21:58:20:447,120000444,212397717,2959,112989,0
21:58:20:647,120000505,212319969,2970,115174,0
21:58:20:847,120000503,212159084,2972,121548,0
21:58:21:047,120000455,212173547,2965,119212,0
21:58:21:247,120000515,212307103,2963,116237,0
21:58:21:447,120000506,212359366,2976,114570,0
21:58:21:647,120000503,212229702,2981,118347,0
21:58:21:847,120000436,212348060,2963,115907,0
21:58:22:047,120000509,212201307,2970,120199,0
21:58:22:247,120000503,212196709,2982,119478,0
21:58:22:447,120000507,212134870,2963,120765,0
21:58:22:647,120000446,212445050,2961,112575,0
21:58:22:847,120000515,212509653,2969,114324,0
21:58:23:047,120000508,212110140,2974,122699,0
21:58:23:247,120000506,212373999,2981,115090,0
21:58:23:447,120000507,212160543,2962,119521,0
21:58:23:647,120000449,212295840,2976,116760,0
21:58:23:847,120000512,212420750,2966,113232,0
21:58:24:047,120000517,212136350,2976,120750,0
21:58:24:247,120000499,212151873,2966,119952,0
21:58:24:447,120000446,212396397,2961,113328,0
21:58:24:647,120000517,212113285,2973,121630,0
21:58:24:847,120000513,212277136,2983,118072,0
21:58:25:047,120000503,212398971,2961,115762,0
21:58:25:247,120000506,212343207,2975,115933,0
21:58:25:447,120000444,212301384,2967,117924,0
21:58:25:647,120000514,212345032,2963,115228,0
21:58:25:847,120000446,212457495,2971,112586,0
21:58:26:047,120000503,212380843,2969,115035,0
21:58:26:247,120000500,212311489,2986,117312,0
21:58:26:447,120000502,212279141,2964,118269,0
21:58:26:647,120000447,212197361,2968,119449,0
21:58:26:847,120000515,212281473,2974,118259,0
21:58:27:047,120000512,212375671,2979,115599,0
21:58:27:247,120000505,212273583,2971,117229,0
21:58:27:447,120000447,212231483,2966,117873,0
21:58:27:647,120000439,212423526,2980,114269,0
21:58:27:847,120000439,212434763,2962,115041,0
21:58:28:047,120000514,212259699,2975,117904,0
21:58:28:247,120000506,212481825,2962,114744,0
21:58:28:447,120000506,212350414,2983,115305,0
21:58:28:647,120000500,212251794,2962,118730,0
21:58:28:847,120000444,212299535,2966,117413,0
21:58:29:047,120000513,212174277,2963,121231,0
21:58:29:247,120000504,212159548,2975,120892,0
21:58:29:447,120000503,212120019,2961,121316,0
21:58:29:647,120000512,212269231,2980,118584,0
21:58:29:847,120000460,212244099,2964,118064,0
21:58:30:047,120000513,212241107,2973,118745,0
21:58:30:247,120000446,212424885,2961,113957,0
21:58:30:447,120000508,212166921,2963,121694,0
21:58:30:647,120000507,212514565,2980,111969,0
21:58:30:847,120000518,212431388,2966,113736,0
21:58:31:047,120000433,212551731,2979,112126,0
21:58:31:247,120000510,212283004,2969,117550,0
21:58:31:447,120000506,212388196,2977,113110,0
21:58:31:647,120000518,212518898,2968,110418,0
21:58:31:847,120000514,212214362,2975,120404,0
21:58:32:047,120000506,212317442,2961,116575,0
21:58:32:247,120000513,212284837,2963,118163,0
21:58:32:447,120000449,212332874,2974,116752,0
21:58:32:647,120000509,212402201,2977,114935,0
21:58:32:847,120000438,212360330,2967,114069,0
21:58:33:047,120000504,212434152,2964,113771,0
21:58:33:247,120000450,212400919,2965,114593,0
21:58:33:447,120000500,212423807,2977,112572,0
21:58:33:647,120000449,212431931,2974,113268,0
21:58:33:847,120000514,212430443,2969,115440,0
21:58:34:647,120000452,265133696,403,155,0
21:58:34:647,120000452,265133696,403,155,0
21:58:34:647,120000452,265133696,403,155,0
21:58:34:847,120000513,232008231,2017,76509,0
21:58:35:047,120000522,212473789,2976,113102,0
21:58:35:247,120000513,212376423,2967,116060,0
21:58:35:447,120000512,212406671,2987,114787,0
21:58:35:647,120000522,212309017,2962,116062,0
21:58:35:847,120000448,212284758,2973,117814,0
21:58:36:047,120000443,212289727,2972,115977,0
21:58:36:247,120000518,212397771,2972,115085,0
21:58:36:447,120000499,212300293,2980,116068,0
21:58:36:647,120000508,212280687,2965,117196,0
21:58:36:847,120000447,212279009,2963,118647,0
21:58:37:047,120000503,212181358,2968,120737,0
21:58:37:247,120000518,212228153,2985,117535,0
21:58:37:447,120000506,212283356,2970,118852,0
21:58:37:647,120000447,212207176,2970,120091,0
21:58:37:847,120000508,212364028,2969,115933,0
21:58:38:047,120000518,212179726,2977,120380,0
21:58:38:247,120000439,212155639,2967,120009,0
21:58:38:447,120000428,212293631,2960,116839,0
21:58:38:647,120000450,212411623,2975,115024,0
21:58:38:847,120000512,212261966,2978,117554,0
21:58:39:047,120000447,212160081,2969,120714,0
21:58:39:247,120000514,212381468,2971,114405,0
21:58:39:447,120000452,212248978,2960,118057,0
21:58:39:647,120000509,212405405,2969,114246,0
21:58:39:847,120000509,212368682,2981,113974,0
21:58:40:047,120000509,212102084,2966,121569,0
21:58:40:247,120000449,212387294,2979,115335,0
21:58:40:447,120000497,212095416,2960,121855,0
21:58:40:647,120000512,212337000,2974,115065,0
21:58:40:847,120000449,212110246,2965,121867,0
21:58:41:047,120000450,212424181,2959,113932,0
21:58:41:247,120000502,212181652,2977,119365,0
21:58:41:447,120000509,212279663,2965,117525,0
21:58:41:647,120000506,212496838,2978,113004,0
21:58:41:847,120000512,212394154,2965,113901,0
21:58:42:047,120000458,212257727,2959,118152,0
21:58:42:247,120000509,212438712,2973,113782,0
21:58:42:447,120000450,212439012,2964,112927,0
21:58:42:647,120000510,212502895,2974,111436,0
21:58:42:847,120000507,212166700,2971,120199,0
21:58:43:047,120000435,212270778,2969,118773,0
21:58:43:247,120000517,212041084,2966,122748,0
21:58:43:447,120000436,212486263,2975,111073,0
21:58:43:647,120000504,212331968,2976,117032,0
21:58:43:847,120000455,212102480,2978,122228,0
21:58:44:047,120000506,212389108,2969,113887,0
21:58:44:247,120000452,212354611,2958,114992,0
21:58:44:447,120000515,212245830,2972,118065,0
21:58:44:647,120000506,212358291,2981,114228,0
21:58:44:847,120000512,212469310,2968,113271,0
21:58:45:047,120000515,212233148,2974,119230,0
21:58:45:247,120000444,212248226,2973,118567,0
21:58:45:447,120000438,212388573,2967,114407,0
21:58:45:647,120000504,212270692,2977,116559,0
21:58:45:847,120000517,212430357,2974,114438,0
21:58:46:047,120000509,212282458,2980,117620,0
21:58:46:247,120000507,212192950,2966,119760,0
21:58:46:447,120000446,212347788,2962,116538,0
21:58:46:647,120000518,212284957,2975,118865,0
21:58:46:847,120000508,212104796,2979,122688,0
21:58:47:047,120000512,212322024,2965,115719,0
21:58:47:247,120000507,212042210,2971,123697,0
21:58:47:447,120000458,212245685,2967,118567,0
21:58:47:647,120000512,212459398,2964,113036,0
21:58:47:847,120000455,212243742,2967,118458,0
21:58:48:047,120000506,212456571,2970,113762,0
21:58:48:247,120000443,212432839,2968,112637,0
21:58:48:447,120000512,212189413,2969,119806,0
21:58:48:647,120000512,212349494,2989,115841,0
21:58:48:847,120000512,212365859,2965,114672,0
21:58:49:047,120000503,212496341,2981,112952,0
21:58:49:247,120000500,212455673,2956,113440,0
21:58:49:447,120000509,212465982,2971,111675,0
21:58:50:047,120000460,265133264,403,157,0
21:58:50:047,120000460,265133264,403,157,0
21:58:50:247,120000522,251600165,1066,32380,0
21:58:50:447,120000504,212419990,2980,114461,0
21:58:50:647,120000511,212189432,2969,118715,0
21:58:50:847,120000445,212493580,2978,113428,0
21:58:51:047,120000508,212193065,2969,119884,0
21:58:51:247,120000527,212426589,2971,113672,0
21:58:51:447,120000454,212144650,2973,120612,0
21:58:51:647,120000439,212186327,2959,120483,0
21:58:51:847,120000509,212185408,2982,119449,0
21:58:52:047,120000517,212374781,2962,114418,0
21:58:52:247,120000426,212172440,2958,119557,0
21:58:52:447,120000501,212245025,2968,117646,0
21:58:52:847,120000506,212322292,2959,115054,0
21:58:53:047,120000446,212234259,2967,118094,0
21:58:53:247,120000514,212493894,2971,112699,0
21:58:53:447,120000440,212451557,2967,113762,0
21:58:53:647,120000442,212311772,2974,117254,0
21:58:53:847,120000511,212369475,2963,114062,0
21:58:54:047,120000449,212204760,2967,118680,0
21:58:54:247,120000500,212301874,2966,116072,0
21:58:54:447,120000436,212348853,2970,116634,0
21:58:54:647,120000495,212356593,2967,115046,0
21:58:54:847,120000511,212361330,2981,115970,0
21:58:55:047,120000501,212449489,2974,113444,0
21:58:55:247,120000508,212247279,2976,119402,0
21:58:55:447,120000512,212157650,2961,121130,0
21:58:55:647,120000450,212456687,2965,113282,0
21:58:55:847,120000449,212197776,2969,121054,0
21:58:56:047,120000506,212466221,2969,113283,0
21:58:56:247,120000446,212199813,2971,120583,0
21:58:56:447,120000503,212372083,2966,114584,0
21:58:56:647,120000452,212463951,2966,112254,0
21:58:56:847,120000506,212356158,2974,115377,0
21:58:57:047,120000439,212398164,2958,114085,0
21:58:57:247,120000507,212220403,2973,119575,0
21:58:57:447,120000515,212414570,2972,114598,0
21:58:57:647,120000503,212408130,2974,114433,0
21:58:57:847,120000503,212384962,2981,113737,0
21:58:58:047,120000455,212466321,2969,112594,0
21:58:58:247,120000518,212279291,2973,117380,0
21:58:58:447,120000446,212446719,2969,113625,0
21:58:58:647,120000446,212203449,2963,119386,0
21:58:58:847,120000503,212302424,2974,117895,0
21:58:59:047,120000509,212528360,2975,111449,0
21:58:59:247,120000500,212123292,2983,121700,0
21:58:59:447,120000503,212271301,2961,117024,0
21:58:59:647,120000503,212108691,2976,121887,0
21:58:59:847,120000506,212608129,2967,109777,0
21:59:00:047,120000441,212509211,2968,112129,0
21:59:00:247,120000451,212336894,2973,116818,0
21:59:00:447,120000509,212378626,2969,114584,0
21:59:00:647,120000449,212164734,2977,120242,0
21:59:00:847,120000512,212510006,2971,111592,0
21:59:01:047,120000455,212180401,2965,120613,0
21:59:01:247,120000514,212176661,2970,120015,0
21:59:01:447,120000440,212040766,2971,124224,0
21:59:01:647,120000506,212369086,2975,115910,0
21:59:01:847,120000510,212332421,2971,116087,0
21:59:02:047,120000506,212304933,2971,116241,0
21:59:02:247,120000505,212275961,2986,117725,0
21:59:02:447,120000437,212253216,2973,117373,0
21:59:02:647,120000450,212345059,2969,117100,0
21:59:02:847,120000444,212334275,2978,116085,0
21:59:03:047,120000513,212237354,2971,119001,0
21:59:03:247,120000448,212249024,2961,118117,0
21:59:03:447,120000502,212318995,2977,117027,0
21:59:03:647,120000430,212407189,2970,114308,0
21:59:03:847,120000507,212386472,2971,113884,0
21:59:04:047,120000508,212410682,2972,112496,0
21:59:04:247,120000510,212355749,2965,116184,0
21:59:04:447,120000506,212420870,2977,113164,0
21:59:04:647,120000450,212207469,2982,117790,0
21:59:04:847,120000507,212121977,2959,121706,0
21:59:05:047,120000447,212418987,2974,112914,0
21:59:05:447,120000465,265133757,404,164,0
21:59:05:647,120000524,259342769,690,13384,0
21:59:05:847,120000450,212179395,2969,119910,0
21:59:06:047,120000503,212188967,2971,119379,0
21:59:06:247,120000506,212327815,2971,115890,0
21:59:06:447,120000511,212290098,2977,118416,0
21:59:06:647,120000507,212461285,2974,114264,0
21:59:06:847,120000468,212256846,2965,117901,0
21:59:07:047,120000506,212416290,2977,115865,0
21:59:07:247,120000453,212187692,2970,119605,0
21:59:07:447,120000520,212248910,2964,118402,0
21:59:07:647,120000450,212160387,2967,121752,0
21:59:07:847,120000514,212279725,2967,118063,0
21:59:08:047,120000513,212160843,2971,120370,0
21:59:08:247,120000506,212130343,2961,121699,0
21:59:08:447,120000450,212273183,2965,117059,0
21:59:08:647,120000505,212438630,2968,113873,0
21:59:08:847,120000502,212446328,2972,113946,0
21:59:09:047,120000498,212276372,2981,118092,0
21:59:09:247,120000508,212402903,2968,114763,0
21:59:09:447,120000434,212274929,2970,116746,0
21:59:09:647,120000506,212103079,2966,122130,0
21:59:09:847,120000504,212126481,2980,121916,0
21:59:10:047,120000514,212266021,2963,116545,0
21:59:10:247,120000507,212158661,2973,120800,0
21:59:10:447,120000515,212260377,2972,118843,0
21:59:10:647,120000500,212302946,2969,116817,0
21:59:10:847,120000514,212317052,2964,117342,0
21:59:11:047,120000447,212308468,2972,116057,0
21:59:11:247,120000458,212318276,2973,117080,0
21:59:11:447,120000517,212411826,2969,112577,0
21:59:11:647,120000506,212392445,2981,113742,0
21:59:11:847,120000510,212242632,2965,117883,0
21:59:12:047,120000447,212266249,2961,117108,0
21:59:12:247,120000523,212271006,2971,117822,0
21:59:12:447,120000510,212210932,2974,117936,0
21:59:12:647,120000506,212345389,2962,115036,0
21:59:12:847,120000505,212402160,2977,116017,0
21:59:13:047,120000501,212196373,2964,120157,0
21:59:13:247,120000503,212316328,2965,115817,0
21:59:13:447,120000436,212357655,2979,116845,0
21:59:13:647,120000504,212440973,2976,112252,0
21:59:13:847,120000446,212302371,2970,116885,0
21:59:14:047,120000512,212429004,2973,113416,0
21:59:14:247,120000455,212246729,2965,120410,0
21:59:14:447,120000518,212346276,2977,115880,0
21:59:14:647,120000441,212481761,2967,113993,0
21:59:14:847,120000508,212195116,2963,119553,0
21:59:15:047,120000505,212239512,2982,117799,0
21:59:15:247,120000510,212477080,2954,113618,0
21:59:15:447,120000455,212202445,2962,120996,0
21:59:15:647,120000514,212230240,2982,118386,0
21:59:15:847,120000515,212139186,2975,121024,0
21:59:16:047,120000434,212475954,2966,112776,0
21:59:16:247,120000504,212377619,2971,116105,0
21:59:16:447,120000450,212269695,2962,117903,0
21:59:16:647,120000505,212501236,2969,113803,0
21:59:16:847,120000455,212361346,2967,114919,0
21:59:17:047,120000506,212461696,2970,113456,0
21:59:17:247,120000503,212415270,2973,115097,0
21:59:17:447,120000503,212140910,2968,120726,0
21:59:17:647,120000433,212228054,2973,120815,0
21:59:17:847,120000444,212341807,2983,115749,0
21:59:18:047,120000508,212337529,2970,115844,0
21:59:18:247,120000507,212259614,2984,118126,0
21:59:18:447,120000514,212426040,2969,113716,0
21:59:18:647,120000434,212226026,2962,119031,0
21:59:18:847,120000513,212350207,2974,115238,0
21:59:19:047,120000500,212143540,2965,120228,0
21:59:19:247,120000506,212308955,2962,116556,0
21:59:19:447,120000500,212347177,2974,118105,0
21:59:19:647,120000500,212414073,2964,114935,0
21:59:19:847,120000508,212404287,2972,113930,0
21:59:20:047,120000447,212068764,2962,122159,0
21:59:20:247,120000511,212282150,2976,116311,0
21:59:20:447,120000434,212367692,2958,115005,0
21:59:21:047,120000464,265141250,401,155,0
21:59:21:047,120000464,265141250,401,155,0
21:59:21:247,120000449,215481783,2824,109866,0
21:59:21:447,120000509,212272615,2972,117747,0
21:59:21:647,120000512,212536958,2983,110797,0
21:59:21:847,120000512,212260194,2985,116545,0
21:59:22:047,120000515,212280245,2966,116562,0
21:59:22:247,120000460,212304902,2972,117236,0
21:59:22:447,120000506,212396087,2971,114189,0
21:59:22:647,120000449,212272482,2971,117904,0
21:59:22:847,120000513,212380853,2964,114029,0
21:59:23:047,120000507,212400606,2981,113968,0
21:59:23:247,120000509,212250733,2970,117902,0
21:59:23:447,120000495,212386314,2978,114095,0
21:59:23:647,120000512,212616795,2960,108615,0
21:59:23:847,120000444,212051590,2965,122847,0
21:59:24:047,120000443,212263252,2974,118070,0
21:59:24:247,120000514,212370538,2966,114578,0
21:59:24:447,120000449,212335927,2978,118107,0
21:59:24:647,120000512,212376058,2972,114535,0
21:59:24:847,120000458,212375330,2968,114755,0
21:59:25:047,120000509,212416286,2970,114250,0
21:59:25:247,120000442,212338391,2965,115061,0
21:59:25:447,120000510,212288350,2964,116400,0
21:59:25:647,120000503,212257448,2978,120167,0
21:59:25:847,120000500,212165129,2968,120812,0
21:59:26:047,120000441,212306151,2959,117063,0
21:59:26:247,120000451,212185884,2966,120733,0
21:59:26:447,120000514,212549915,2969,112805,0
21:59:26:647,120000445,212313073,2971,116389,0
21:59:26:847,120000508,212300064,2972,116751,0
21:59:27:047,120000517,212074211,2967,122326,0
21:59:27:247,120000510,212235752,2964,120203,0
21:59:27:447,120000441,212233179,2966,118758,0
21:59:27:647,120000508,212257144,2977,116852,0
21:59:27:847,120000441,212492811,2965,113714,0
21:59:28:047,120000513,212292611,2974,116493,0
21:59:28:247,120000504,212132431,2980,122729,0
21:59:28:447,120000435,212337526,2964,115894,0
21:59:28:647,120000505,212397630,2968,115087,0
21:59:28:847,120000433,212299368,2975,115912,0
21:59:29:047,120000507,212305865,2964,118085,0
21:59:29:247,120000450,212216138,2976,119096,0
21:59:29:447,120000511,212180435,2972,120182,0
21:59:29:647,120000512,212229000,2973,118878,0
21:59:29:847,120000503,212303827,2967,117224,0
21:59:30:047,120000503,212295282,2974,116933,0
21:59:30:247,120000517,212350225,2968,117260,0
21:59:30:447,120000504,212537380,2968,111977,0
21:59:30:647,120000353,212444047,2968,114616,0
21:59:30:847,120000506,212364881,2978,114244,0
21:59:31:047,120000452,212257287,2974,119087,0
21:59:31:247,120000512,212105184,2969,122867,0
21:59:31:447,120000442,212159430,2968,120712,0
21:59:31:647,120000510,212178118,2968,119681,0
21:59:31:847,120000504,212246584,2980,117191,0
21:59:32:047,120000511,212601067,2968,109793,0
21:59:32:247,120000512,212304639,2984,117651,0
21:59:32:447,120000504,212215957,2961,120382,0
21:59:32:647,120000439,212403152,2965,115612,0
21:59:32:847,120000501,212256793,2968,117219,0
21:59:33:047,120000506,212272590,2977,117052,0
21:59:33:247,120000450,212320696,2962,117615,0
21:59:33:447,120000443,212211375,2968,120008,0
21:59:33:647,120000454,212424102,2975,114091,0
21:59:33:847,120000506,212234654,2965,118231,0
21:59:34:047,120000503,212529957,2974,109956,0
21:59:34:247,120000503,212489429,2963,112560,0
21:59:34:447,120000512,212330290,2977,116243,0
21:59:34:647,120000509,212462630,2966,114096,0
21:59:34:847,120000515,212401268,2968,114843,0
21:59:35:047,120000509,212316072,2957,117025,0
21:59:35:247,120000509,212347973,2975,114993,0
21:59:35:447,120000430,212424332,2963,113662,0
21:59:35:647,120000450,212356267,2962,115958,0
21:59:35:847,120000518,212247860,2979,117331,0
21:59:36:447,120000448,265141438,401,154,0
21:59:36:447,120000448,265141438,401,154,0
21:59:36:647,120000467,224331607,2400,88612,0
21:59:36:847,120000510,212322939,2974,116750,0
21:59:37:047,120000510,212077902,2974,122783,0
21:59:37:247,120000444,212379159,2961,115515,0
21:59:37:447,120000510,212315686,2973,115826,0
21:59:37:647,120000466,212211813,2958,118944,0
21:59:37:847,120000516,212536810,2974,111246,0
21:59:38:047,120000444,212403888,2973,114676,0
21:59:38:247,120000521,212198263,2967,119420,0
21:59:38:447,120000514,212373001,2974,115286,0
21:59:38:647,120000511,212471154,2968,112266,0
21:59:38:847,120000442,212262869,2968,117742,0
21:59:39:047,120000508,212380922,2969,116261,0
21:59:39:247,120000450,212400095,2966,114002,0
21:59:39:447,120000505,212275650,2974,116807,0
21:59:39:647,120000505,212350412,2972,115577,0
21:59:39:847,120000442,212059535,2964,122899,0
21:59:40:047,120000511,212285249,2970,118388,0
21:59:40:247,120000517,212365047,2971,115254,0
21:59:40:447,120000507,212191157,2974,119717,0
21:59:40:647,120000511,212497968,2971,110250,0
21:59:40:847,120000504,212280295,2967,117915,0
21:59:41:047,120000441,212448983,2963,112241,0
21:59:41:247,120000511,212280093,2969,117377,0
21:59:41:447,120000458,212480068,2971,113887,0
21:59:41:647,120000503,212191877,2983,118627,0
21:59:41:847,120000511,212257566,2962,119065,0
21:59:42:047,120000445,212346928,2958,115440,0
21:59:42:247,120000505,212247807,2964,118375,0
21:59:42:447,120000509,212368188,2978,114407,0
21:59:42:647,120000509,212100398,2972,122039,0
21:59:42:847,120000452,212307723,2966,116382,0
21:59:43:047,120000514,212384971,2974,115893,0
21:59:43:247,120000453,212513601,2964,110145,0
21:59:43:447,120000512,212494238,2973,113210,0
21:59:43:647,120000455,212440979,2966,113263,0
21:59:43:847,120000445,212260572,2976,117392,0
21:59:44:047,120000495,212314408,2968,116592,0
21:59:44:247,120000449,212155485,2971,120007,0
21:59:44:447,120000518,212305859,2969,117888,0
21:59:44:647,120000444,212439639,2972,113432,0
21:59:44:847,120000506,212294334,2971,117734,0
21:59:45:047,120000506,212286759,2976,116566,0
21:59:45:247,120000512,212297175,2967,117243,0
21:59:45:447,120000439,212207643,2963,119719,0
21:59:45:647,120000507,212402075,2971,113921,0
21:59:45:847,120000511,212299174,2972,118348,0
21:59:46:047,120000450,212187621,2971,118887,0
21:59:46:247,120000518,212328156,2972,115908,0
21:59:46:447,120000449,212364087,2965,114931,0
21:59:46:647,120000517,212387710,2971,114166,0
21:59:46:847,120000513,212277041,2973,116473,0
21:59:47:047,120000503,212324801,2967,115860,0
21:59:47:247,120000449,212207444,2965,118548,0
21:59:47:447,120000506,212053222,2967,123023,0
21:59:47:647,120000500,212270663,2985,118582,0
21:59:47:847,120000505,212170065,2967,120032,0
21:59:48:047,120000456,212272682,2965,118428,0
21:59:48:247,120000444,212426773,2978,112575,0
21:59:48:447,120000516,212299464,2974,116730,0
21:59:48:647,120000513,212491395,2981,111784,0
21:59:48:847,120000503,212646346,2980,110662,0
21:59:49:047,120000506,212352655,2978,115972,0
21:59:49:247,120000503,212204510,2967,120137,0
21:59:49:447,120000449,212344115,2970,115505,0
21:59:49:647,120000512,212241687,2966,118355,0
21:59:49:847,120000444,212346144,2965,114485,0
21:59:50:047,120000504,212405593,2967,115379,0
21:59:50:247,120000512,212249422,2977,118838,0
21:59:50:447,120000453,212112145,2963,121265,0
21:59:50:647,120000514,212254668,2963,118392,0
21:59:50:847,120000509,212292014,2978,116248,0
21:59:51:047,120000510,212211559,2964,119203,0
21:59:51:247,120000452,212337777,2963,115906,0
21:59:51:847,120000443,265141900,401,164,0
21:59:51:847,120000443,265141900,401,164,0
21:59:52:047,120000442,232983044,1973,70039,0
21:59:52:247,120000448,212344891,2971,115324,0
21:59:52:447,120000503,212276707,2973,117738,0
21:59:52:647,120000458,212373419,2970,114762,0
21:59:52:847,120000515,212306658,2976,117073,0
21:59:53:047,120000452,212340913,2969,115576,0
21:59:53:247,120000505,212254614,2965,117563,0
21:59:53:447,120000506,212274627,2982,118793,0
21:59:53:647,120000528,212276197,2966,116374,0
21:59:53:847,120000454,212123873,2963,120725,0
21:59:54:047,120000509,212324167,2971,116883,0
21:59:54:247,120000500,212330797,2978,114986,0
21:59:54:447,120000500,212259028,2966,119005,0
21:59:54:647,120000500,212322039,2970,116316,0
21:59:54:847,120000449,212237249,2978,118577,0
21:59:55:047,120000515,212263286,2967,117656,0
21:59:55:247,120000449,212232319,2968,118304,0
21:59:55:447,120000509,212332573,2976,114870,0
21:59:55:647,120000436,212257682,2965,117736,0
21:59:55:847,120000512,212458607,2975,112927,0
21:59:56:047,120000498,212326545,2980,115060,0
21:59:56:247,120000503,212231918,2964,117882,0
21:59:56:447,120000449,212123060,2962,121364,0
21:59:56:647,120000515,212540972,2976,112391,0
21:59:56:847,120000452,212366093,2971,115845,0
21:59:57:047,120000509,212276089,2975,117045,0
21:59:57:247,120000518,212468241,2969,114287,0
21:59:57:447,120000436,212130851,2976,120201,0
21:59:57:647,120000509,212338968,2973,116595,0
21:59:57:847,120000442,212349157,2962,116113,0
21:59:58:047,120000508,212002137,2964,124776,0
21:59:58:247,120000518,212402294,2977,114263,0
21:59:58:447,120000508,212306404,2968,116073,0
21:59:58:647,120000445,212340715,2962,114970,0
21:59:58:847,120000510,212362163,2963,115172,0
21:59:59:047,120000516,212351749,2971,115154,0
21:59:59:247,120000433,212190583,2972,119294,0
21:59:59:447,120000510,212330648,2970,114564,0
21:59:59:647,120000444,212330674,2970,116491,0
21:59:59:847,120000508,212439618,2972,113836,0
22:00:00:047,120000455,212344056,2977,117570,0
22:00:00:247,120000518,212259794,2981,117852,0
22:00:00:447,120000436,212175869,2976,119885,0
22:00:00:647,120000495,212300009,2975,116658,0
22:00:00:847,120000515,212237222,2969,119073,0
22:00:01:047,120000509,212189759,2968,119367,0
22:00:01:247,120000508,212222240,2979,119136,0
22:00:01:447,120000444,212234924,2971,118136,0
22:00:01:647,120000512,212404349,2973,114932,0
22:00:01:847,120000452,212012497,2977,125184,0
22:00:02:047,120000503,212174932,2967,119759,0
22:00:02:247,120000518,212261227,2984,118546,0
22:00:02:447,120000512,212408116,2970,114861,0
22:00:02:647,120000449,212184811,2966,120745,0
22:00:02:847,120000512,212265348,2966,116524,0
22:00:03:047,120000458,212481843,2968,112626,0
22:00:03:247,120000509,212142791,2968,120700,0
22:00:03:447,120000512,212397834,2972,114249,0
22:00:03:647,120000455,212389567,2962,115685,0
22:00:03:847,120000512,212213599,2970,121007,0
22:00:04:047,120000455,212394866,2969,114257,0
22:00:04:247,120000515,212185916,2970,120717,0
22:00:04:447,120000509,212486287,2984,112963,0
22:00:04:647,120000514,212283132,2973,117070,0
22:00:04:847,120000445,212012973,2970,124676,0
22:00:05:047,120000508,212318007,2964,115388,0
22:00:05:247,120000514,212286753,2976,118074,0
22:00:05:447,120000507,212265968,2955,117032,0
22:00:05:647,120000497,212188724,2976,120051,0
22:00:05:847,120000446,212307640,2974,116076,0
22:00:06:047,120000511,212344490,2970,115913,0
22:00:06:247,120000450,212410352,2974,112216,0
22:00:06:447,120000515,212434807,2967,113599,0
22:00:06:647,120000452,212198721,2972,119915,0
22:00:07:247,120000473,265141501,401,162,0
22:00:07:247,120000473,265141501,401,162,0
22:00:07:447,120000515,241947348,1539,52755,0
22:00:07:647,120000437,212238621,2976,117796,0
22:00:07:847,120000439,212206932,2962,119059,0
22:00:08:047,120000508,212150528,2976,119951,0
22:00:08:247,120000512,212374027,2959,113884,0
22:00:08:447,120000449,212185408,2964,119250,0
22:00:08:647,120000514,212400946,2970,116048,0
22:00:08:847,120000452,212506881,2961,111992,0
22:00:09:047,120000516,212230218,2972,119309,0
22:00:09:247,120000508,212378442,2971,114480,0
22:00:09:447,120000509,212094697,2970,121792,0
22:00:09:647,120000506,212017924,2972,124359,0
22:00:09:847,120000452,212245322,2973,118214,0
22:00:10:047,120000509,212381852,2969,114749,0
22:00:10:247,120000458,212413302,2962,114015,0
22:00:10:447,120000515,212448627,2970,112199,0
22:00:10:647,120000436,212381508,2968,113325,0
22:00:10:847,120000504,212390312,2971,115405,0
22:00:11:047,120000436,212443957,2967,112919,0
22:00:11:247,120000513,212359344,2965,115069,0
22:00:11:447,120000508,212246652,2977,118913,0
22:00:11:647,120000503,212264895,2968,118076,0
22:00:11:847,120000437,212177776,2980,120818,0
22:00:12:047,120000450,212361046,2978,115678,0
22:00:12:247,120000517,212294035,2968,118942,0
22:00:12:447,120000507,212379877,2983,115447,0
22:00:12:647,120000509,212405862,2967,114567,0
22:00:12:847,120000517,212459030,2974,113440,0
22:00:13:047,120000512,212425489,2970,114055,0
22:00:13:247,120000439,212422267,2963,113119,0
22:00:13:447,120000511,212332038,2969,117756,0
22:00:13:647,120000450,212422469,2963,113590,0
22:00:13:847,120000505,212465728,2973,111765,0
22:00:14:047,120000500,212270760,2966,117048,0
22:00:14:247,120000446,212134533,2973,120841,0
22:00:14:447,120000518,212223103,2975,118638,0
22:00:14:647,120000511,212124634,2967,121947,0
22:00:14:847,120000507,212249065,2976,118373,0
22:00:15:047,120000455,212366598,2965,114910,0
22:00:15:247,120000515,212495559,2977,112375,0
22:00:15:447,120000441,212220135,2976,118407,0
22:00:15:647,120000505,212413782,2973,113087,0
22:00:15:847,120000500,212220377,2969,118598,0
22:00:16:047,120000500,212291358,2959,116845,0
22:00:16:247,120000506,212376369,2977,116961,0
22:00:16:447,120000438,212328516,2964,117429,0
22:00:16:647,120000454,212257554,2968,117901,0
22:00:16:847,120000447,212455013,2972,112596,0
22:00:17:047,120000508,212325859,2970,116232,0
22:00:17:247,120000517,212473791,2978,112806,0
22:00:17:447,120000504,212306005,2970,116736,0
22:00:17:647,120000435,212258831,2963,118070,0
22:00:17:847,120000504,212391975,2977,115754,0
22:00:18:047,120000510,212163988,2977,121552,0
22:00:18:247,120000509,212088144,2967,123544,0
22:00:18:447,120000515,212329141,2966,115135,0
22:00:18:647,120000514,212232201,2976,118813,0
22:00:18:847,120000450,212539478,2970,111962,0
22:00:19:047,120000458,212108957,2967,121023,0
22:00:19:247,120000511,212198824,2970,118305,0
22:00:19:447,120000456,212381634,2961,115683,0
22:00:19:647,120000512,212419918,2968,113904,0
22:00:19:847,120000515,212272688,2966,116763,0
22:00:20:047,120000512,212340070,2970,115993,0
22:00:20:247,120000500,212240912,2987,117957,0
22:00:20:447,120000506,212317999,2958,116393,0
22:00:20:647,120000509,212201822,2972,119238,0
22:00:20:847,120000506,212237132,2964,119393,0
22:00:21:047,120000500,212470201,2971,114304,0
22:00:21:247,120000452,212276433,2969,117216,0
22:00:21:447,120000514,212407853,2967,115096,0
22:00:21:647,120000448,212262814,2968,117224,0
22:00:21:847,120000505,212492436,2973,111939,0
22:00:22:047,120000450,212359810,2968,115071,0
22:00:22:648,120000463,265141729,401,156,0
22:00:22:648,120000463,265141729,401,156,0
22:00:22:848,120000515,250686824,1116,31993,0
22:00:23:048,120000444,212347136,2967,115578,0
22:00:23:248,120000509,212266883,2980,118508,0
22:00:23:448,120000452,212361661,2961,115402,0
22:00:23:648,120000511,212240366,2967,119036,0
22:00:23:848,120000526,212191571,2983,118755,0
22:00:24:048,120000513,212138547,2964,120610,0
22:00:24:248,120000509,212189384,2970,119545,0
22:00:24:448,120000509,212316018,2966,117075,0
22:00:24:648,120000527,212397853,2971,114599,0
22:00:24:848,120000512,212333479,2961,115233,0
22:00:25:048,120000512,212149916,2970,120174,0
22:00:25:448,120000517,212338983,2973,115228,0
22:00:25:648,120000445,212210007,2965,120918,0
22:00:25:848,120000505,212298312,2971,117913,0
22:00:26:048,120000512,212317450,2973,116398,0
22:00:26:248,120000520,212202678,2968,118662,0
22:00:26:448,120000447,212216513,2958,117564,0
22:00:26:648,120000520,212234195,2964,118397,0
22:00:26:848,120000504,212392901,2983,113821,0
22:00:27:048,120000509,212265431,2964,118171,0
22:00:27:248,120000503,212373962,2973,114575,0
22:00:27:448,120000455,212394870,2965,113575,0
22:00:27:648,120000442,212241189,2966,120083,0
22:00:27:848,120000450,212354099,2980,115927,0
22:00:28:048,120000515,212289223,2976,117915,0
22:00:28:248,120000452,212227131,2976,118699,0
22:00:28:448,120000509,212389720,2972,114432,0
22:00:28:648,120000455,212180067,2972,119870,0
22:00:28:848,120000500,212338299,2966,116423,0
22:00:29:048,120000506,212248315,2977,118059,0
22:00:29:248,120000500,211936886,2959,127672,0
22:00:29:448,120000500,212368585,2967,115845,0
22:00:29:648,120000452,212296282,2974,117664,0
22:00:29:848,120000518,212157539,2971,121310,0
22:00:30:048,120000452,212226085,2968,119284,0
22:00:30:248,120000509,212514155,2971,111888,0
22:00:30:448,120000442,212484206,2976,111982,0
22:00:30:648,120000509,212252994,2963,118390,0
22:00:30:848,120000439,212191160,2968,119072,0
22:00:31:048,120000516,212383860,2973,114733,0
22:00:31:248,120000445,212322908,2961,116757,0
22:00:31:448,120000520,212381886,2977,115257,0
22:00:31:648,120000518,212222601,2984,119321,0
22:00:31:848,120000450,212385430,2966,114827,0
22:00:32:048,120000515,212303676,2968,116912,0
22:00:32:248,120000452,212223931,2965,119809,0
22:00:32:448,120000515,212222915,2965,119019,0
22:00:32:648,120000506,212353389,2987,116249,0
22:00:32:848,120000512,212418721,2969,113552,0
22:00:33:048,120000517,212470447,2977,113037,0
22:00:33:248,120000510,212164289,2963,122298,0
22:00:33:448,120000452,212431712,2959,114948,0
22:00:33:648,120000509,212262089,2974,119582,0
22:00:33:848,120000503,212172623,2978,120128,0
22:00:34:048,120000447,212449493,2958,111837,0
22:00:34:248,120000508,212352312,2967,114995,0
22:00:34:448,120000450,212405362,2968,113305,0
22:00:34:648,120000505,212136418,2969,121983,0
22:00:34:848,120000500,212406344,2980,115164,0
22:00:35:048,120000506,212504157,2968,112611,0
22:00:35:248,120000436,212099218,2981,121444,0
22:00:35:448,120000504,212203917,2966,119853,0
22:00:35:648,120000514,212363707,2975,115254,0
22:00:35:848,120000512,212326130,2967,115898,0
22:00:36:048,120000515,212464533,2978,112277,0
22:00:36:248,120000439,212514882,2973,112459,0
22:00:36:448,120000516,212172059,2970,120301,0
22:00:36:648,120000445,212295778,2970,116642,0
22:00:36:848,120000505,212280532,2967,117229,0
22:00:37:048,120000435,212483156,2974,113149,0
22:00:37:248,120000505,212365439,2974,117131,0
22:00:37:448,120000506,212299380,2980,116956,0
22:00:37:648,120000512,212528390,2969,112463,0
22:00:38:048,120000473,265141392,402,157,0
22:00:38:248,120000514,259473855,693,11631,0
22:00:38:448,120000456,212173545,2965,120722,0
22:00:38:648,120000509,212393147,2975,115888,0
22:00:38:848,120000453,212330873,2970,116004,0
22:00:39:048,120000511,212447364,2974,113732,0
22:00:39:248,120000504,212337196,2972,115272,0
22:00:39:448,120000516,212262744,2964,118317,0
22:00:39:648,120000504,212265323,2971,117086,0
22:00:39:848,120000506,212361189,2969,115417,0
22:00:40:048,120000462,212385009,2963,114760,0
22:00:40:248,120000457,212133872,2969,119510,0
22:00:40:448,120000517,212117569,2976,120357,0
22:00:40:648,120000450,212576721,2964,110805,0
22:00:40:848,120000506,212190896,2966,119818,0
22:00:41:048,120000508,212232744,2979,119468,0
22:00:41:248,120000507,212330817,2975,117422,0
22:00:41:448,120000512,212428892,2969,112415,0
22:00:41:648,120000512,212463626,2966,113095,0
22:00:41:848,120000455,212231662,2962,119464,0
22:00:42:048,120000509,212404849,2971,114361,0
22:00:42:248,120000441,212412816,2963,113584,0
22:00:42:448,120000505,212366267,2970,115073,0
22:00:42:648,120000506,212263623,2970,118401,0
22:00:42:848,120000444,212215318,2967,119235,0
22:00:43:048,120000508,212224979,2968,118811,0
22:00:43:248,120000512,212229598,2970,118725,0
22:00:43:448,120000511,212263331,2963,119200,0
22:00:43:648,120000504,212398363,2976,115110,0
22:00:43:848,120000511,212313616,2976,117410,0
22:00:44:048,120000507,212120257,2969,121056,0
22:00:44:248,120000520,212506890,2967,111775,0
22:00:44:448,120000509,212434277,2973,114103,0
22:00:44:648,120000498,212102756,2960,122049,0
22:00:44:848,120000509,212315046,2973,116708,0
22:00:45:048,120000455,212395779,2969,114588,0
22:00:45:248,120000515,212263522,2964,118577,0
22:00:45:448,120000506,212375922,2982,114786,0
22:00:45:648,120000503,212305972,2967,116494,0
22:00:45:848,120000447,212225960,2970,118595,0
22:00:46:048,120000508,212285114,2963,117913,0
22:00:46:248,120000442,212427887,2962,113815,0
22:00:46:448,120000510,212389198,2970,113860,0
22:00:46:648,120000497,212473994,2973,112439,0
22:00:46:848,120000509,212236149,2972,118052,0
22:00:47:048,120000509,212319471,2978,116908,0
22:00:47:248,120000446,212419235,2964,113416,0
22:00:47:448,120000518,212543553,2970,112305,0
22:00:47:648,120000449,212351048,2961,114589,0
22:00:47:848,120000512,212324897,2973,115367,0
22:00:48:048,120000445,212271418,2969,117573,0
22:00:48:248,120000504,212362299,2969,116056,0
22:00:48:448,120000503,212159923,2981,121989,0
22:00:48:648,120000503,212264446,2967,116643,0
22:00:48:848,120000500,212294538,2964,116562,0
22:00:49:048,120000505,212353990,2968,116764,0
22:00:49:248,120000501,212160715,2974,120555,0
22:00:49:448,120000439,212234677,2974,118394,0
22:00:49:648,120000501,212186615,2972,119801,0
22:00:49:848,120000500,212374614,2981,115743,0
22:00:50:048,120000509,212461771,2970,113584,0
22:00:50:248,120000438,212238440,2971,118092,0
22:00:50:448,120000493,212066761,2970,122788,0
22:00:50:648,120000512,212348912,2986,117287,0
22:00:50:848,120000512,212404337,2959,113590,0
22:00:51:048,120000503,212392363,2981,113077,0
22:00:51:248,120000509,212397120,2963,114592,0
22:00:51:448,120000506,212277528,2981,117077,0
22:00:51:648,120000458,212252848,2972,117231,0
22:00:51:848,120000511,212192816,2963,120156,0
22:00:52:048,120000456,212333627,2968,116131,0
22:00:52:248,120000514,212361230,2967,114866,0
22:00:52:448,120000437,212146095,2968,121432,0
22:00:52:648,120000509,212338702,2961,115409,0
22:00:52:848,120000513,212346101,2984,115900,0
22:00:53:048,120000509,212213602,2962,120168,0
22:00:53:648,120000457,265135967,403,160,0
22:00:53:648,120000457,265135967,403,160,0
22:00:53:848,120000515,215395022,2821,115045,0
22:00:54:048,120000514,212459662,2969,114447,0
22:00:54:248,120000509,212416643,2980,112907,0
22:00:54:448,120000506,212265230,2968,118195,0
22:00:54:648,120000449,212151154,2971,121045,0
22:00:54:848,120000531,212372223,2971,115754,0
22:00:55:048,120000509,212222364,2970,119039,0
22:00:55:248,120000513,212451903,2964,113774,0
22:00:55:448,120000522,212301464,2988,117422,0
22:00:55:648,120000446,212439301,2968,113424,0
22:00:55:848,120000508,212302679,2966,116484,0
22:00:56:048,120000455,212363790,2970,115824,0
22:00:56:248,120000512,212350926,2966,115689,0
22:00:56:448,120000512,212282563,2981,116951,0
22:00:56:648,120000517,212433978,2970,115802,0
22:00:56:848,120000504,212352482,2974,114909,0
22:00:57:048,120000512,212181261,2968,119685,0
22:00:57:248,120000442,212269690,2967,119108,0
22:00:57:448,120000504,212295587,2964,116734,0
22:00:57:648,120000515,212282413,2982,116541,0
22:00:57:848,120000444,212332995,2967,114731,0
22:00:58:048,120000508,212489850,2979,113555,0
22:00:58:248,120000445,212232965,2967,118284,0
22:00:58:448,120000501,212528976,2974,110632,0
22:00:58:648,120000509,212120424,2975,121715,0
22:00:58:848,120000500,212239011,2971,117685,0
22:00:59:048,120000449,212298302,2964,117290,0
22:00:59:248,120000514,212357926,2983,116231,0
22:00:59:448,120000445,212417459,2965,114969,0
22:00:59:648,120000511,212328970,2975,116237,0
22:00:59:848,120000506,212368544,2984,114750,0
22:01:00:048,120000455,212190199,2972,119027,0
22:01:00:248,120000505,212348853,2964,116351,0
22:01:00:448,120000453,212174111,2977,120135,0
22:01:00:648,120000518,212279131,2967,116724,0
22:01:00:848,120000511,212341434,2977,115070,0
22:01:01:048,120000510,212170655,2967,121184,0
22:01:01:248,120000444,212349479,2974,117345,0
22:01:01:448,120000508,212262002,2965,118371,0
22:01:01:648,120000515,212254022,2976,118310,0
22:01:01:848,120000506,212294334,2964,117057,0
22:01:02:048,120000512,212075636,2970,123213,0
22:01:02:248,120000442,212257818,2964,117896,0
22:01:02:448,120000504,212196455,2973,119557,0
22:01:02:648,120000455,212445187,2968,113085,0
22:01:02:848,120000515,212426793,2976,114409,0
22:01:03:048,120000452,212471984,2972,113277,0
22:01:03:248,120000518,212456530,2977,113224,0
22:01:03:448,120000511,212190664,2974,118909,0
22:01:03:648,120000504,212154949,2962,120723,0
22:01:03:848,120000449,212349205,2966,115780,0
22:01:04:048,120000509,212446314,2967,113248,0
22:01:04:248,120000458,212392500,2967,116631,0
22:01:04:448,120000449,212337512,2970,115234,0
22:01:04:648,120000503,212416758,2970,115112,0
22:01:04:848,120000433,212205167,2974,120478,0
22:01:05:048,120000498,212129573,2975,121544,0
22:01:05:248,120000444,212490301,2972,112954,0
22:01:05:448,120000511,212196762,2973,120001,0
22:01:05:648,120000512,212382389,2983,115655,0
22:01:05:848,120000511,212301164,2972,116384,0
22:01:06:048,120000445,212305190,2967,116092,0
22:01:06:248,120000511,212374764,2963,113735,0
22:01:06:448,120000452,212494197,2963,112275,0
22:01:06:648,120000320,212275175,2974,116894,0
22:01:06:848,120000506,212293349,2972,118003,0
22:01:07:048,120000444,212304630,2964,117420,0
22:01:07:248,120000508,212203843,2971,120068,0
22:01:07:448,120000455,212277332,2969,117745,0
22:01:07:648,120000512,212330626,2969,117149,0
22:01:07:848,120000512,212276306,2977,119171,0
22:01:08:048,120000517,212167428,2968,120151,0
22:01:08:248,120000450,212466426,2963,113703,0
22:01:08:448,120000512,212192259,2971,120222,0
22:01:09:048,120000452,265142301,401,155,0
22:01:09:048,120000452,265142301,401,155,0
22:01:09:248,120000454,224361147,2400,88635,0
22:01:09:448,120000507,212205997,2968,118664,0
22:01:09:648,120000520,212266362,2980,117440,0
22:01:09:848,120000506,212207295,2962,118895,0
22:01:10:048,120000445,212307476,2969,117074,0
22:01:10:248,120000524,212408583,2971,113392,0
22:01:10:448,120000512,212462136,2974,113796,0
22:01:10:648,120000507,212389217,2973,115600,0
22:01:10:848,120000527,212317421,2973,115558,0
22:01:11:048,120000443,212265661,2969,117222,0
22:01:11:248,120000493,212494153,2967,112201,0
22:01:11:448,120000444,212091027,2967,122970,0
22:01:11:648,120000508,212274908,2967,116869,0
22:01:11:848,120000506,212283815,2982,116779,0
22:01:12:048,120000508,212437915,2964,114076,0
22:01:12:248,120000510,212426225,2982,113599,0
22:01:12:448,120000512,212217272,2966,118723,0
22:01:12:648,120000455,212417197,2967,114258,0
22:01:12:848,120000517,212164466,2970,119619,0
22:01:13:048,120000510,212216233,2977,118063,0
22:01:13:248,120000441,212224661,2966,118891,0
22:01:13:448,120000517,212308388,2966,117242,0
22:01:13:648,120000512,212242340,2979,117623,0
22:01:13:848,120000500,212323306,2962,116912,0
22:01:14:048,120000439,212179789,2973,121383,0
22:01:14:248,120000492,212218939,2965,119730,0
22:01:14:448,120000514,212446291,2974,112435,0
22:01:14:648,120000509,212402938,2963,113377,0
22:01:14:848,120000513,212409639,2972,114592,0
22:01:15:048,120000509,212403897,2963,113240,0
22:01:15:248,120000509,212323390,2978,116237,0
22:01:15:448,120000452,212132631,2969,121906,0
22:01:15:648,120000500,212060310,2968,122937,0
22:01:15:848,120000441,212323841,2958,115793,0
22:01:16:048,120000505,212326934,2976,116580,0
22:01:16:248,120000449,212591838,2974,110974,0
22:01:16:448,120000509,212168058,2967,120374,0
22:01:16:648,120000500,212231316,2986,119273,0
22:01:16:848,120000500,212390044,2962,115204,0
22:01:17:048,120000446,212196105,2968,120230,0
22:01:17:248,120000518,212362575,2971,116091,0
22:01:17:448,120000511,212338552,2970,117358,0
22:01:17:648,120000507,212387759,2976,115848,0
22:01:17:848,120000509,212263318,2958,118170,0
22:01:18:048,120000435,212183196,2976,118945,0
22:01:18:248,120000505,212358287,2967,117078,0
22:01:18:448,120000511,212200185,2979,119737,0
22:01:18:648,120000507,212184513,2962,120549,0
22:01:18:848,120000450,212198542,2970,119856,0
22:01:19:048,120000505,212302185,2966,116059,0
22:01:19:248,120000505,212296282,2987,117925,0
22:01:19:448,120000513,212234457,2970,118381,0
22:01:19:648,120000444,212289431,2966,115892,0
22:01:19:848,120000454,212449066,2968,113099,0
22:01:20:048,120000506,212344328,2967,115895,0
22:01:20:248,120000441,212179052,2969,120759,0
22:01:20:448,120000513,212138972,2966,119641,0
22:01:20:648,120000504,212149152,2977,120395,0
22:01:20:848,120000500,212347117,2962,115556,0
22:01:21:048,120000449,212321041,2966,114589,0
22:01:21:248,120000511,212153688,2974,120833,0
22:01:21:448,120000510,212326259,2976,115732,0
22:01:21:648,120000509,212140343,2971,121194,0
22:01:21:848,120000503,212311576,2980,116395,0
22:01:22:048,120000455,212325303,2972,117093,0
22:01:22:248,120000514,212193871,2974,120044,0
22:01:22:448,120000453,212127926,2967,121957,0
22:01:22:648,120000518,212273829,2975,119372,0
22:01:22:848,120000506,212225756,2972,118097,0
22:01:23:048,120000509,212272821,2975,117168,0
22:01:23:248,120000443,212291589,2965,117789,0
22:01:23:448,120000503,212187369,2974,120350,0
22:01:23:648,120000512,212375214,2969,115183,0
22:01:23:848,120000515,212143289,2964,120954,0
22:01:24:448,120000456,265141684,401,142,0
22:01:24:448,120000456,265141684,401,142,0
22:01:24:648,120000456,233097605,1976,68544,0
22:01:24:848,120000521,212304757,2969,116533,0
22:01:25:048,120000501,212352652,2980,116253,0
22:01:25:248,120000497,212564036,2963,112286,0
22:01:25:448,120000503,212382479,2973,114782,0
22:01:25:648,120000525,212405516,2969,113917,0
22:01:25:848,120000501,212306752,2975,117394,0
22:01:26:048,120000446,212408784,2963,114684,0
22:01:26:248,120000452,212205650,2966,119226,0
22:01:26:448,120000449,212563988,2970,110796,0
22:01:26:648,120000512,212483394,2967,113101,0
22:01:26:848,120000455,212275508,2964,118608,0
22:01:27:048,120000517,212317477,2975,116668,0
22:01:27:248,120000504,212389626,2983,116360,0
22:01:27:448,120000509,212295782,2962,117013,0
22:01:27:648,120000509,212495190,2978,112785,0
22:01:27:848,120000508,212383002,2962,114577,0
22:01:28:048,120000443,212309592,2967,115298,0
22:01:28:248,120000431,212345638,2977,115511,0
22:01:28:448,120000510,212077130,2971,122722,0
22:01:28:648,120000452,212280389,2964,117586,0
22:01:28:848,120000503,212398047,2970,115101,0
22:01:29:048,120000452,212375975,2973,115246,0
22:01:29:248,120000506,212409616,2978,115426,0
22:01:29:448,120000509,212180758,2973,119867,0
22:01:29:648,120000512,212345836,2964,117905,0
22:01:29:848,120000452,212335142,2968,116588,0
22:01:30:048,120000506,212314765,2976,117545,0
22:01:30:248,120000508,212220444,2976,118280,0
22:01:30:448,120000513,212308081,2961,115465,0
22:01:30:648,120000444,212020527,2962,123261,0
22:01:30:848,120000435,212273008,2971,117751,0
22:01:31:048,120000512,212384500,2969,114008,0
22:01:31:248,120000437,212260794,2969,117106,0
22:01:31:448,120000507,212225464,2973,118804,0
22:01:31:648,120000452,212400511,2963,114288,0
22:01:31:848,120000515,212400414,2967,114678,0
22:01:32:048,120000506,212365723,2972,116968,0
22:01:32:248,120000518,212309675,2969,115885,0
22:01:32:448,120000511,212252216,2981,118500,0
22:01:32:648,120000498,212314087,2954,117936,0
22:01:32:848,120000514,212193806,2969,120398,0
22:01:33:048,120000506,212358438,2977,116946,0
22:01:33:248,120000498,212335532,2976,118374,0
22:01:33:448,120000441,212374961,2968,114338,0
22:01:33:648,120000511,212258559,2970,118379,0
22:01:33:848,120000446,212350527,2968,116254,0
22:01:34:048,120000506,212269546,2974,117885,0
22:01:34:248,120000515,212443017,2976,112318,0
22:01:34:448,120000512,212198723,2966,119970,0
22:01:34:648,120000452,212215095,2963,120665,0
22:01:34:848,120000515,212206605,2978,119817,0
22:01:35:048,120000509,212345450,2978,115757,0
22:01:35:248,120000455,212388607,2970,114747,0
22:01:35:448,120000514,212285797,2967,117748,0
22:01:35:648,120000453,212278614,2970,117416,0
22:01:35:848,120000509,212425539,2970,113754,0
22:01:36:048,120000506,212267765,2974,117267,0
22:01:36:248,120000511,212246935,2971,117676,0
22:01:36:448,120000445,212176294,2962,119601,0
22:01:36:648,120000513,212145709,2967,122004,0
22:01:36:848,120000512,212341865,2987,115756,0
22:01:37:048,120000504,212053361,2967,123689,0
22:01:37:248,120000458,212344426,2963,115991,0
22:01:37:448,120000506,212274513,2978,117490,0
22:01:37:648,120000497,212240829,2975,117326,0
22:01:37:848,120000444,212179494,2961,119942,0
22:01:38:048,120000513,212397571,2964,114711,0
22:01:38:248,120000437,212441855,2972,113654,0
22:01:38:448,120000512,212520762,2970,113648,0
22:01:38:648,120000450,212330984,2967,114735,0
22:01:38:848,120000512,212351476,2967,115407,0
22:01:39:048,120000515,212274264,2985,117801,0
22:01:39:248,120000509,212318853,2966,116055,0
22:01:39:848,120000467,265141342,401,151,0
22:01:39:848,120000467,265141342,401,151,0
22:01:40:048,120000517,241707635,1552,53039,0
22:01:40:248,120000496,212144021,2974,120504,0
22:01:40:448,120000506,212413597,2971,113292,0
22:01:40:648,120000518,212415598,2969,114241,0
22:01:40:848,120000441,212368809,2973,115445,0
22:01:41:048,120000526,212371976,2978,115262,0
22:01:41:248,120000508,212352989,2967,115904,0
22:01:41:448,120000455,212306405,2972,116409,0
22:01:41:648,120000527,212201376,2973,119732,0
22:01:41:848,120000446,212246001,2964,116881,0
22:01:42:048,120000508,212431234,2972,113419,0
22:01:42:248,120000506,212028659,2983,125186,0
22:01:42:448,120000511,212256953,2968,118237,0
22:01:42:648,120000431,212454166,2968,113485,0
22:01:42:848,120000507,212251587,2969,117525,0
22:01:43:048,120000430,212574305,2964,110817,0
22:01:43:248,120000504,212365384,2971,115061,0
22:01:43:448,120000500,212372305,2980,115258,0
22:01:43:648,120000441,212064594,2978,122174,0
22:01:43:848,120000511,212054613,2960,123018,0
22:01:44:048,120000511,212299084,2985,116416,0
22:01:44:248,120000501,212307262,2969,116854,0
22:01:44:448,120000452,212236615,2959,117641,0
22:01:44:648,120000506,212386738,2983,114251,0
22:01:44:848,120000503,212200813,2977,119956,0
22:01:45:048,120000505,212482556,2967,112412,0
22:01:45:248,120000512,212303091,2983,118085,0
22:01:45:448,120000513,212387846,2968,114569,0
22:01:45:648,120000508,212325349,2979,116151,0
22:01:45:848,120000437,212163360,2969,120473,0
22:01:46:048,120000509,212233638,2970,118206,0
22:01:46:248,120000453,212386852,2971,113820,0
22:01:46:448,120000517,212282284,2972,116869,0
22:01:46:648,120000450,212441721,2975,113943,0
22:01:46:848,120000514,212395444,2971,114593,0
22:01:47:048,120000453,212408893,2963,113620,0
22:01:47:248,120000512,212368823,2974,114845,0
22:01:47:448,120000512,212231558,2971,118157,0
22:01:47:648,120000506,212152415,2961,120134,0
22:01:47:848,120000449,212375596,2968,116529,0
22:01:48:048,120000455,212308157,2974,115988,0
22:01:48:248,120000500,212260346,2975,118006,0
22:01:48:448,120000446,212204864,2968,118622,0
22:01:48:648,120000517,212303352,2963,117723,0
22:01:48:848,120000437,212266294,2962,117236,0
22:01:49:048,120000507,212188857,2970,119377,0
22:01:49:248,120000446,212282568,2975,117745,0
22:01:49:448,120000503,212281100,2968,117393,0
22:01:49:648,120000509,212250203,2968,117794,0
22:01:49:848,120000514,212272267,2971,116832,0
22:01:50:048,120000504,212300511,2975,117163,0
22:01:50:248,120000447,212249733,2971,119343,0
22:01:50:448,120000502,212198557,2967,119203,0
22:01:50:648,120000476,212511817,2978,110606,0
22:01:50:848,120000515,212300396,2971,115826,0
22:01:51:048,120000444,212207876,2970,119231,0
22:01:51:248,120000510,212434101,2967,111694,0
22:01:51:448,120000434,212266690,2973,117431,0
22:01:51:648,120000515,212566451,2970,110922,0
22:01:51:848,120000450,212396786,2962,114457,0
22:01:52:048,120000515,212329276,2967,116085,0
22:01:52:248,120000509,212106130,2974,122088,0
22:01:52:448,120000455,212363518,2965,116532,0
22:01:52:648,120000503,212312599,2970,116337,0
22:01:52:848,120000452,212634167,2976,110224,0
22:01:53:048,120000509,212522937,2970,110780,0
22:01:53:248,120000433,212453112,2974,113611,0
22:01:53:448,120000501,212391153,2967,114556,0
22:01:53:648,120000446,212436330,2964,113820,0
22:01:53:848,120000518,212241790,2966,119675,0
22:01:54:048,120000503,212265840,2977,118652,0
22:01:54:248,120000503,212323961,2967,116049,0
22:01:54:448,120000509,212355870,2973,114918,0
22:01:54:648,120000516,212370452,2957,114589,0
22:01:55:248,120000471,265142021,401,153,0
22:01:55:248,120000471,265142021,401,153,0
22:01:55:448,120000510,250519955,1131,31958,0
22:01:55:648,120000504,212199152,2972,120034,0
22:01:55:848,120000512,212445497,2972,113486,0
22:01:56:048,120000518,212225303,2959,118880,0
22:01:56:248,120000444,212297888,2966,117149,0
22:01:56:448,120000521,212306002,2971,115990,0
22:01:56:648,120000515,212237384,2977,118552,0
22:01:56:848,120000450,212489315,2959,111098,0
22:01:57:048,120000512,212195056,2968,119961,0
22:01:57:248,120000450,212248440,2972,118390,0
22:01:57:448,120000511,212247466,2971,118184,0
22:01:57:648,120000455,212182092,2974,120391,0
22:01:58:048,120000439,212457968,2966,112767,0
22:01:58:248,120000504,212358138,2976,114577,0
22:01:58:448,120000512,212385490,2986,115164,0
22:01:58:648,120000506,212118789,2966,120964,0
22:01:58:848,120000444,212240745,2963,117730,0
22:01:59:048,120000445,212360223,2976,114570,0
22:01:59:248,120000506,212441046,2971,114278,0
22:01:59:448,120000520,212275374,2984,116884,0
22:01:59:648,120000507,212268062,2969,117866,0
22:01:59:848,120000436,212279133,2964,117403,0
22:02:00:048,120000510,212613252,2970,108974,0
22:02:00:248,120000506,211949536,2968,125803,0
22:02:00:448,120000512,212291851,2965,117901,0
22:02:00:648,120000518,212283891,2968,116728,0
22:02:00:848,120000509,212329847,2962,115217,0
22:02:01:048,120000506,212233694,2973,117791,0
22:02:01:248,120000506,212300689,2984,118174,0
22:02:01:448,120000511,212443716,2962,112351,0
22:02:01:648,120000513,212486168,2979,112504,0
22:02:01:848,120000506,212305499,2964,116217,0
22:02:02:048,120000455,212386048,2965,116325,0
22:02:02:248,120000512,212331677,2966,117037,0
22:02:02:448,120000458,212276702,2968,118795,0
22:02:02:648,120000511,212360038,2970,114999,0
22:02:02:848,120000510,212287876,2981,117550,0
22:02:03:048,120000514,212293843,2973,116666,0
22:02:03:248,120000450,212168684,2974,120903,0
22:02:03:448,120000509,212228904,2978,118041,0
22:02:03:648,120000506,212422536,2974,112916,0
22:02:03:848,120000509,212456233,2974,112951,0
22:02:04:048,120000508,212527363,2974,112632,0
22:02:04:248,120000450,212286310,2971,116905,0
22:02:04:448,120000517,212202377,2975,119818,0
22:02:04:648,120000442,212317306,2962,115824,0
22:02:04:848,120000514,211948161,2973,128441,0
22:02:05:048,120000436,212221665,2969,119219,0
22:02:05:248,120000504,212370979,2970,116104,0
22:02:05:448,120000512,212308140,2970,117764,0
22:02:05:648,120000447,212309789,2975,117172,0
22:02:05:848,120000516,212390665,2975,115858,0
22:02:06:048,120000450,212137752,2972,121100,0
22:02:06:248,120000509,212144145,2967,120527,0
22:02:06:448,120000518,212392194,2972,115425,0
22:02:06:648,120000514,212545175,2966,110622,0
22:02:06:848,120000447,212233852,2969,119316,0
22:02:07:048,120000518,212252414,2970,117876,0
22:02:07:248,120000500,212155662,2968,120726,0
22:02:07:448,120000514,212285031,2969,117571,0
22:02:07:648,120000507,212311993,2970,117936,0
22:02:07:848,120000444,212281624,2969,116381,0
22:02:08:048,120000505,212303975,2981,117239,0
22:02:08:248,120000500,212320792,2976,117444,0
22:02:08:448,120000497,212172289,2971,120141,0
22:02:08:648,120000506,212126289,2970,121541,0
22:02:08:848,120000506,212186933,2964,119642,0
22:02:09:048,120000439,212310895,2963,117348,0
22:02:09:248,120000504,212331480,2967,116052,0
22:02:09:448,120000455,212323972,2965,115898,0
22:02:09:648,120000509,212341361,2968,114503,0
22:02:09:848,120000512,212304563,2971,117491,0
22:02:10:048,120000452,212258688,2970,116891,0
22:02:10:248,120000503,212352409,2971,115747,0
22:02:10:648,120000474,265141561,402,168,0
22:02:10:848,120000515,259521585,696,12168,0
22:02:11:048,120000495,212619563,2962,110146,0
22:02:11:248,120000500,212324892,2977,115900,0
22:02:11:448,120000503,212210584,2970,118372,0
22:02:11:648,120000503,212206238,2967,119648,0
22:02:11:848,120000450,212315187,2974,117489,0
22:02:12:048,120000518,212264161,2967,118069,0
22:02:12:248,120000436,212215304,2968,119222,0
22:02:12:448,120000511,212237784,2966,118408,0
22:02:12:648,120000520,212225198,2981,117524,0
22:02:12:848,120000506,212245787,2970,119042,0
22:02:13:048,120000503,212577156,2971,109954,0
22:02:13:248,120000512,212299155,2964,117893,0
22:02:13:448,120000453,212355657,2962,115669,0
22:02:13:648,120000515,212103508,2964,122475,0
22:02:13:848,120000509,212347696,2975,116338,0
22:02:14:048,120000452,212255447,2967,118141,0
22:02:14:248,120000506,212186175,2969,120135,0
22:02:14:448,120000446,212498240,2972,113869,0
22:02:14:648,120000506,212362827,2965,115069,0
22:02:14:848,120000518,212471857,2977,112941,0
22:02:15:048,120000509,212482250,2971,113796,0
22:02:15:248,120000511,212498105,2982,112277,0
22:02:15:448,120000507,212289471,2966,116353,0
22:02:15:648,120000512,212313624,2976,118622,0
22:02:15:848,120000515,212270880,2966,118745,0
22:02:16:048,120000444,212288534,2971,118167,0
22:02:16:248,120000438,212301653,2973,116827,0
22:02:16:448,120000504,212290186,2966,117408,0
22:02:16:648,120000442,212250189,2966,119574,0
22:02:16:848,120000504,212437578,2967,112916,0
22:02:17:048,120000455,212210306,2966,118885,0
22:02:17:248,120000514,212388313,2962,116092,0
22:02:17:448,120000507,212247115,2984,118630,0
22:02:17:648,120000503,212155427,2962,121824,0
22:02:17:848,120000455,212343792,2966,116489,0
22:02:18:048,120000520,212326968,2971,117027,0
22:02:18:248,120000501,212460940,2972,113786,0
22:02:18:448,120000436,212223086,2969,118026,0
22:02:18:648,120000505,212233039,2974,119396,0
22:02:18:848,120000503,211979251,2980,125495,0
22:02:19:048,120000500,212342649,2970,115585,0
22:02:19:248,120000430,212173419,2961,120202,0
22:02:19:448,120000504,212243668,2966,117697,0
22:02:19:648,120000508,212248429,2977,118446,0
22:02:19:848,120000501,212475706,2972,112752,0
22:02:20:048,120000441,212219372,2965,118388,0
22:02:20:248,120000513,212260263,2963,117546,0
22:02:20:448,120000453,212379131,2969,113738,0
22:02:20:648,120000509,212401844,2978,115932,0
22:02:20:848,120000512,212359747,2978,114741,0
22:02:21:048,120000518,212448753,2980,112585,0
22:02:21:248,120000506,212205441,2969,119034,0
22:02:21:448,120000452,212391549,2967,114968,0
22:02:21:648,120000514,212383250,2971,113541,0
22:02:21:848,120000450,212299778,2959,118257,0
22:02:22:048,120000509,212435418,2974,113225,0
22:02:22:248,120000518,212204349,2974,118793,0
22:02:22:448,120000512,212260850,2962,117829,0
22:02:22:648,120000438,212169250,2963,120536,0
22:02:22:848,120000504,212302674,2970,115571,0
22:02:23:048,120000509,212310164,2974,117757,0
22:02:23:248,120000448,212321714,2969,117753,0
22:02:23:448,120000514,212389185,2964,113565,0
22:02:23:648,120000443,212292912,2966,116224,0
22:02:23:848,120000514,212332546,2968,115908,0
22:02:24:048,120000507,212389726,2975,114914,0
22:02:24:248,120000514,212228298,2969,119298,0
22:02:24:448,120000439,212277549,2969,118827,0
22:02:24:648,120000511,212436899,2969,113592,0
22:02:24:848,120000445,212283885,2965,118245,0
22:02:25:048,120000507,212295090,2974,116890,0
22:02:25:248,120000508,212321714,2977,115897,0
22:02:25:448,120000437,212395822,2967,113918,0
22:02:25:648,120000504,212243712,2966,118140,0
22:02:26:248,120000443,265133523,403,152,0
22:02:26:248,120000443,265133523,403,152,0
22:02:26:448,120000514,215596799,2826,104641,0
22:02:26:648,120000507,212361380,2975,114674,0
22:02:26:848,120000509,212323570,2964,117184,0
22:02:27:048,120000503,212156777,2966,120614,0
22:02:27:248,120000439,212505496,2973,111690,0
22:02:27:448,120000520,212250213,2971,118147,0
22:02:27:648,120000456,212234963,2972,118204,0
22:02:27:848,120000509,212317896,2974,115511,0
22:02:28:048,120000524,212233473,2963,118055,0
22:02:28:248,120000509,212360208,2965,115245,0
22:02:28:448,120000502,212491864,2984,111433,0
22:02:28:648,120000498,212221163,2966,118195,0
22:02:28:848,120000441,212220993,2966,120313,0
22:02:29:048,120000505,212378926,2971,115018,0
22:02:29:248,120000506,212375074,2965,115597,0
22:02:29:448,120000452,212099307,2970,122219,0
22:02:29:648,120000515,212272684,2976,117592,0
22:02:29:848,120000452,212366813,2968,114894,0
22:02:30:048,120000515,212126742,2972,121042,0
22:02:30:248,120000452,212206160,2974,118760,0
22:02:30:448,120000512,212311709,2968,116880,0
22:02:30:648,120000455,212362618,2959,115748,0
22:02:30:848,120000517,212371534,2979,115228,0
22:02:31:048,120000509,212278504,2973,118077,0
22:02:31:248,120000507,212325356,2968,117591,0
22:02:31:448,120000497,212249496,2978,117729,0
22:02:31:648,120000449,212354177,2969,114058,0
22:02:31:848,120000517,212256318,2965,118558,0
22:02:32:048,120000453,212215142,2973,118206,0
22:02:32:248,120000512,212392583,2977,113843,0
22:02:32:448,120000439,212217900,2962,118097,0
22:02:32:648,120000507,212382296,2975,114556,0
22:02:32:848,120000436,212525553,2967,111716,0
22:02:33:048,120000510,212348932,2973,117029,0
22:02:33:248,120000506,212399290,2977,115032,0
22:02:33:448,120000520,212275124,2968,116831,0
22:02:33:648,120000504,212198230,2979,119741,0
22:02:33:848,120000455,212285511,2969,117753,0
22:02:34:048,120000515,212319857,2962,115895,0
22:02:34:248,120000439,212215535,2969,117694,0
22:02:34:448,120000498,212279419,2981,117895,0
22:02:34:648,120000452,212112979,2963,120676,0
22:02:34:848,120000509,212305399,2975,116742,0
22:02:35:048,120000458,212132021,2968,122221,0
22:02:35:248,120000515,212334690,2966,116249,0
22:02:35:448,120000452,212365438,2978,115838,0
22:02:35:648,120000509,212274792,2975,117826,0
22:02:35:848,120000512,212489502,2975,111425,0
22:02:36:048,120000452,212332212,2966,116059,0
22:02:36:248,120000500,212406876,2969,115276,0
22:02:36:448,120000509,212579224,2971,110474,0
22:02:36:648,120000511,212094529,2970,122307,0
22:02:36:848,120000453,212272684,2965,116713,0
22:02:37:048,120000515,212457040,2974,114914,0
22:02:37:248,120000500,212331699,2970,115157,0
22:02:37:448,120000514,212702719,2964,107766,0
22:02:37:648,120000506,212294483,2963,116108,0
22:02:37:848,120000510,212195094,2964,120158,0
22:02:38:048,120000512,212388275,2969,113403,0
22:02:38:248,120000449,212283547,2960,116655,0
22:02:38:448,120000444,212377543,2959,113499,0
22:02:38:648,120000446,212299056,2974,116144,0
22:02:38:848,120000508,212293055,2969,118526,0
22:02:39:048,120000436,212239146,2973,119083,0
22:02:39:248,120000507,212396964,2971,113975,0
22:02:39:448,120000450,212220330,2967,121289,0
22:02:39:648,120000502,212313251,2967,116402,0
22:02:39:848,120000441,211921148,2969,127308,0
22:02:40:048,120000513,212299315,2970,118021,0
22:02:40:248,120000513,212140933,2976,119606,0
22:02:40:448,120000446,212213394,2965,120149,0
22:02:40:648,120000497,212414709,2975,115099,0
22:02:40:848,120000444,212321692,2968,116234,0
22:02:41:048,120000516,212393231,2963,114549,0
22:02:41:648,120000464,265134284,403,166,0
22:02:41:648,120000464,265134284,403,166,0
22:02:41:848,120000510,224099829,2400,91339,0
22:02:42:048,120000501,212152505,2971,120504,0
22:02:42:248,120000918,212466751,2968,112260,0
22:02:42:448,120000508,212433996,2979,113526,0
22:02:42:648,120000458,212174130,2964,120464,0
22:02:42:848,120000530,212097146,2972,121812,0
22:02:43:048,120000502,212224457,2980,118450,0
22:02:43:248,120000506,212292848,2973,117399,0
22:02:43:448,120000462,212424806,2962,114773,0
22:02:43:648,120000502,212369713,2975,116276,0
22:02:43:848,120000447,212314318,2965,116067,0
22:02:44:048,120000514,212348351,2969,115411,0
22:02:44:248,120000508,212408432,2968,114090,0
22:02:44:448,120000521,212348533,2973,114732,0
22:02:44:648,120000498,212138559,2975,121541,0
22:02:44:848,120000427,212282984,2967,115876,0
22:02:45:048,120000504,212325854,2962,116730,0
22:02:45:248,120000509,212314314,2983,116431,0
22:02:45:448,120000512,212329311,2964,114646,0
22:02:45:648,120000506,212473852,2971,113161,0
22:02:45:848,120000506,212226089,2962,117874,0
22:02:46:048,120000441,212382857,2971,115935,0
22:02:46:248,120000511,212302337,2977,115898,0
22:02:46:448,120000509,212216304,2980,119152,0
22:02:46:648,120000506,212259182,2963,117817,0
22:02:46:848,120000506,212369500,2976,115240,0
22:02:47:048,120000435,212350071,2965,116092,0
22:02:47:248,120000496,212244805,2967,118895,0
22:02:47:448,120000441,211955596,2967,125874,0
22:02:47:648,120000516,212182256,2969,120862,0
22:02:47:848,120000447,212112911,2968,121365,0
22:02:48:048,120000500,212247376,2966,118393,0
22:02:48:248,120000443,212368727,2966,114128,0
22:02:48:448,120000503,212257753,2965,118147,0
22:02:48:648,120000509,212513782,2980,111614,0
22:02:48:848,120000508,212534536,2979,111616,0
22:02:49:048,120000507,212464928,2968,113591,0
22:02:49:248,120000506,212359551,2978,114236,0
22:02:49:448,120000509,212222811,2965,119303,0
22:02:49:648,120000433,212256503,2969,118659,0
22:02:49:848,120000512,212305014,2968,116535,0
22:02:50:048,120000507,212115922,2980,121740,0
22:02:50:248,120000517,212325456,2962,117396,0
22:02:50:448,120000453,212384914,2964,114787,0
22:02:50:648,120000506,212305668,2963,116351,0
22:02:50:848,120000509,211965286,2968,125363,0
22:02:51:048,120000511,212378999,2961,116097,0
22:02:51:248,120000450,212298861,2961,117572,0
22:02:51:448,120000430,212491815,2976,112109,0
22:02:51:648,120000504,212303113,2973,118074,0
22:02:51:848,120000506,212293590,2970,117760,0
22:02:52:048,120000514,212306196,2975,118397,0
22:02:52:248,120000510,212391848,2972,115477,0
22:02:52:448,120000512,212320780,2959,115906,0
22:02:52:648,120000444,212265297,2971,117891,0
22:02:52:848,120000511,212281438,2971,118221,0
22:02:53:048,120000506,212222080,2981,119258,0
22:02:53:248,120000512,212519130,2964,111931,0
22:02:53:448,120000515,212289983,2971,116835,0
22:02:53:648,120000452,212188004,2967,120152,0
22:02:53:848,120000517,212054534,2974,124537,0
22:02:54:048,120000453,212201829,2966,121431,0
22:02:54:248,120000514,212350126,2973,114569,0
22:02:54:448,120000515,212261824,2972,117784,0
22:02:54:648,120000507,212247431,2967,118883,0
22:02:54:848,120000506,212412829,2979,112964,0
22:02:55:048,120000506,212221156,2964,119038,0
22:02:55:248,120000436,212329741,2971,115672,0
22:02:55:448,120000504,212224162,2964,119146,0
22:02:55:648,120000517,212247382,2975,116867,0
22:02:55:848,120000445,212179878,2963,120231,0
22:02:56:048,120000511,212288648,2970,115867,0
22:02:56:248,120000506,212338769,2984,116422,0
22:02:56:448,120000517,212387146,2966,114424,0
22:02:57:048,120000452,265133834,403,167,0
22:02:57:048,120000452,265133834,403,167,0
22:02:57:248,120000518,233149222,1966,70221,0
22:02:57:448,120000439,212507449,2967,111105,0
22:02:57:648,120000454,212284051,2977,117076,0
22:02:57:848,120000518,212243968,2967,118408,0
22:02:58:048,120000452,212202139,2967,120900,0
22:02:58:248,120000530,212121682,2967,122019,0
22:02:58:448,120000508,212425066,2986,113635,0
22:02:58:648,120000511,212167355,2965,120382,0
22:02:58:848,120000458,212307417,2965,116232,0
22:02:59:048,120000507,212549273,2974,111455,0
22:02:59:248,120000500,212155907,2977,120742,0
22:02:59:448,120000509,212405759,2964,115449,0
22:02:59:648,120000506,212210415,2983,118404,0
22:02:59:848,120000439,212381933,2960,114925,0
22:03:00:048,120000504,212056002,2964,122550,0
22:03:00:248,120000455,212242469,2975,118717,0
22:03:00:448,120000509,212240821,2975,117829,0
22:03:00:648,120000500,211981126,2968,124577,0
22:03:00:848,120000497,212368027,2966,115680,0
22:03:01:048,120000455,212137063,2968,120544,0
22:03:01:248,120000509,212299421,2967,116736,0
22:03:01:448,120000442,212489273,2980,111675,0
22:03:01:648,120000501,212533533,2978,112068,0
22:03:01:848,120000500,212354701,2966,114728,0
22:03:02:048,120000503,212384799,2980,114915,0
22:03:02:248,120000509,212168381,2969,121547,0
22:03:02:448,120000443,212197287,2958,118710,0
22:03:02:648,120000503,212334629,2967,116346,0
22:03:02:848,120000500,212297511,2984,116416,0
22:03:03:048,120000506,212362578,2963,116083,0
22:03:03:248,120000452,212272323,2961,117231,0
22:03:03:448,120000512,212266011,2966,117986,0
22:03:03:648,120000511,212241986,2970,119822,0
22:03:03:848,120000503,212384221,2965,115358,0
22:03:04:048,120000515,212481596,2979,112171,0
22:03:04:248,120000431,212184537,2973,119465,0
22:03:04:448,120000513,212354713,2971,115577,0
22:03:04:648,120000436,212362842,2969,115748,0
22:03:04:848,120000501,212175942,2968,120490,0
22:03:05:048,120000441,212150825,2974,120249,0
22:03:05:248,120000502,212358121,2969,114838,0
22:03:05:448,120000446,212189238,2969,120437,0
22:03:05:648,120000503,212292476,2973,116183,0
22:03:05:848,120000512,212360433,2983,116116,0
22:03:06:048,120000517,212115246,2973,121709,0
22:03:06:248,120000450,212437382,2963,114361,0
22:03:06:448,120000442,212484641,2973,110926,0
22:03:06:648,120000510,212350079,2964,116342,0
22:03:06:848,120000511,212287822,2978,116825,0
22:03:07:048,120000504,212228020,2972,118665,0
22:03:07:248,120000446,212248593,2968,119957,0
22:03:07:448,120000520,212398846,2967,113860,0
22:03:07:648,120000501,212211318,2977,118272,0
22:03:07:848,120000494,212416351,2966,113890,0
22:03:08:048,120000439,212126755,2976,120230,0
22:03:08:248,120000507,212262066,2970,118335,0
22:03:08:448,120000512,212302176,2974,117398,0
22:03:08:648,120000506,212396004,2968,114516,0
22:03:08:848,120000512,212280835,2981,116891,0
22:03:09:048,120000450,212483655,2965,110923,0
22:03:09:248,120000510,212276925,2972,117018,0
22:03:09:448,120000437,212319955,2967,114927,0
22:03:09:648,120000504,212193448,2964,119521,0
22:03:09:848,120000458,212160238,2966,119792,0
22:03:10:048,120000509,212365459,2966,113842,0
22:03:10:248,120000455,212354955,2969,115645,0
22:03:10:448,120000506,212262964,2975,117613,0
22:03:10:648,120000506,212404826,2974,114958,0
22:03:10:848,120000508,212402682,2965,113419,0
22:03:11:048,120000501,212309391,2983,115215,0
22:03:11:248,120000430,212023307,2961,124517,0
22:03:11:448,120000512,212416913,2964,114090,0
22:03:11:648,120000507,212219705,2984,119766,0
22:03:11:848,120000514,212219319,2967,118329,0
22:03:12:448,120000482,265133938,403,166,0
22:03:12:448,120000482,265133938,403,166,0
22:03:12:648,120000516,241957455,1544,49134,0
22:03:12:848,120000498,212346871,2972,115396,0
22:03:13:048,120000435,212284647,2967,118429,0
22:03:13:248,120000513,212234059,2970,117703,0
22:03:13:448,120000453,212135464,2965,120545,0
22:03:13:648,120000513,212219561,2963,119641,0
22:03:13:848,120000509,212512046,2978,112714,0
22:03:14:048,120000506,212063177,2969,122308,0
22:03:14:248,120000457,212313685,2973,117454,0
22:03:14:448,120000506,212114168,2968,122184,0
22:03:14:648,120000510,212315865,2990,117608,0
22:03:14:848,120000512,212576710,2967,110294,0
22:03:15:048,120000506,212377112,2979,114575,0
22:03:15:248,120000439,212262004,2962,119080,0
22:03:15:448,120000498,212218776,2965,118546,0
22:03:15:648,120000514,212248097,2981,118906,0
22:03:15:848,120000501,212134908,2969,121121,0
22:03:16:048,120000503,212231481,2967,120352,0
22:03:16:248,120000509,212225751,2968,118080,0
22:03:16:448,120000505,212422538,2968,113597,0
22:03:16:648,120000507,212234408,2959,118901,0
22:03:16:848,120000449,212382193,2965,113588,0
22:03:17:048,120000506,212341244,2964,115405,0
22:03:17:248,120000503,212353673,2974,115239,0
22:03:17:448,120000449,212540601,2973,110866,0
22:03:17:648,120000509,212296823,2974,117517,0
22:03:17:848,120000512,212543364,2977,110365,0
22:03:18:048,120000518,212416798,2965,113731,0
22:03:18:248,120000506,212422235,2979,114264,0
22:03:18:448,120000509,212346863,2968,115914,0
22:03:18:648,120000443,212309263,2964,116502,0
22:03:18:848,120000508,212439561,2966,113524,0
22:03:19:048,120000437,212242946,2967,117223,0
22:03:19:249,120000504,212399363,2979,114260,0
22:03:19:449,120000512,212226386,2972,119646,0
22:03:19:649,120000447,212463053,2969,113348,0
22:03:19:849,120000510,212271021,2971,117732,0
22:03:20:049,120000510,212060182,2979,123543,0
22:03:20:249,120000518,212202933,2969,119236,0
22:03:20:449,120000433,212192623,2961,119607,0
22:03:20:649,120000510,212527820,2971,111447,0
22:03:20:849,120000452,212239039,2979,119237,0
22:03:21:049,120000514,212154440,2970,120881,0
22:03:21:249,120000507,212334018,2975,116127,0
22:03:21:449,120000512,212313605,2965,117073,0
22:03:21:649,120000506,212495629,2975,111511,0
22:03:21:849,120000452,212333693,2965,116315,0
22:03:22:049,120000447,212404398,2962,113742,0
22:03:22:249,120000438,212437218,2968,112585,0
22:03:22:449,120000510,212294467,2967,117349,0
22:03:22:649,120000503,212345336,2977,115846,0
22:03:22:849,120000500,212470512,2966,113611,0
22:03:23:049,120000449,212071360,2960,123032,0
22:03:23:249,120000509,212197153,2971,118847,0
22:03:23:449,120000512,212300770,2977,116428,0
22:03:23:649,120000511,212437239,2962,114787,0
22:03:23:849,120000501,212316832,2972,118105,0
22:03:24:049,120000447,212267059,2964,117648,0
22:03:24:249,120000435,212391107,2962,116454,0
22:03:24:449,120000445,212411751,2983,113760,0
22:03:24:649,120000513,212182598,2965,119184,0
22:03:24:849,120000442,212247717,2958,117210,0
22:03:25:049,120000514,212244522,2968,117721,0
22:03:25:249,120000503,212240357,2977,118287,0
22:03:25:449,120000503,212109912,2972,121683,0
22:03:25:649,120000458,212200438,2959,120059,0
22:03:25:849,120000509,212487030,2967,111438,0
22:03:26:049,120000512,212278159,2971,116723,0
22:03:26:249,120000447,212422910,2970,113592,0
22:03:26:449,120000514,212119169,2966,122368,0
22:03:26:649,120000452,212336763,2968,116440,0
22:03:26:849,120000515,212388631,2972,115018,0
22:03:27:049,120000506,212235983,2973,118276,0
22:03:27:249,120000512,212285285,2970,117220,0
22:03:27:849,120000464,265134393,403,158,0
22:03:27:849,120000464,265134393,403,158,0
22:03:28:049,120000456,250548721,1125,32650,0
22:03:28:249,120000504,212622552,2961,110310,0
22:03:28:449,120000445,212390581,2976,113755,0
22:03:28:649,120000504,212318256,2971,116851,0
22:03:28:849,120000452,212332842,2971,115661,0
22:03:29:049,120000522,212450916,2981,114573,0
22:03:29:249,120000441,212200680,2958,120110,0
22:03:29:449,120000508,212179529,2972,120223,0
22:03:29:649,120000515,212214409,2976,118479,0
22:03:29:849,120000519,212369775,2962,115591,0
22:03:30:049,120000509,212370652,2976,114080,0
22:03:30:249,120000450,212143353,2965,122065,0
22:03:30:649,120000512,212476526,2978,112120,0
22:03:30:849,120000507,212209357,2974,119559,0
22:03:31:049,120000450,212118956,2961,121731,0
22:03:31:249,120000511,212358209,2969,114704,0
22:03:31:449,120000512,212189655,2977,120200,0
22:03:31:649,120000511,212407509,2965,114091,0
22:03:31:849,120000513,212400761,2972,114927,0
22:03:32:049,120000506,212164071,2957,120532,0
22:03:32:249,120000509,212395335,2971,113595,0
22:03:32:449,120000505,212304179,2976,117512,0
22:03:32:649,120000513,212212175,2970,119407,0
22:03:32:849,120000436,212307770,2964,115906,0
22:03:33:049,120000507,212143220,2976,120687,0
22:03:33:249,120000455,212005512,2974,125193,0
22:03:33:449,120000517,212338033,2977,114947,0
22:03:33:649,120000510,212283122,2980,116963,0
22:03:33:849,120000506,212318749,2974,115911,0
22:03:34:049,120000445,212074034,2973,122527,0
22:03:34:249,120000495,212449219,2966,113255,0
22:03:34:449,120000506,212207521,2975,118871,0
22:03:34:649,120000517,212351772,2967,118128,0
22:03:34:849,120000506,212330748,2977,116077,0
22:03:35:049,120000444,212439130,2964,113940,0
22:03:35:249,120000518,212574686,2969,111796,0
22:03:35:449,120000436,212378779,2974,114426,0
22:03:35:649,120000495,212399980,2965,113703,0
22:03:35:849,120000452,212359690,2966,115275,0
22:03:36:049,120000506,212112866,2969,122671,0
22:03:36:249,120000509,212341306,2987,117768,0
22:03:36:449,120000509,212315278,2966,117850,0
22:03:36:649,120000447,212191525,2968,120141,0
22:03:36:849,120000508,212161002,2967,119871,0
22:03:37:049,120000509,212340999,2972,116158,0
22:03:37:249,120000446,212081146,2973,122271,0
22:03:37:449,120000505,212241916,2972,118694,0
22:03:37:649,120000513,212212153,2982,118226,0
22:03:37:849,120000509,212245868,2971,118867,0
22:03:38:049,120000447,212501865,2966,111645,0
22:03:38:249,120000499,212201951,2971,120914,0
22:03:38:449,120000455,212418712,2968,113303,0
22:03:38:649,120000506,212307890,2967,118041,0
22:03:38:849,120000503,212297852,2978,117930,0
22:03:39:049,120000512,212346474,2963,116587,0
22:03:39:249,120000450,212266129,2969,117150,0
22:03:39:449,120000451,212268285,2974,117815,0
22:03:39:649,120000515,212435782,2964,113923,0
22:03:39:849,120000503,212240095,2977,119352,0
22:03:40:049,120000503,212480626,2968,112966,0
22:03:40:249,120000446,212192336,2966,119255,0
22:03:40:449,120000517,212081880,2967,121990,0
22:03:40:649,120000507,212371530,2986,114736,0
22:03:40:849,120000515,212321172,2970,116236,0
22:03:41:049,120000441,212216795,2965,118546,0
22:03:41:249,120000511,212238924,2969,117369,0
22:03:41:449,120000518,212303160,2980,117068,0
22:03:41:649,120000433,212184991,2973,120400,0
22:03:41:849,120000509,212386364,2974,116106,0
22:03:42:049,120000434,212240526,2960,117740,0
22:03:42:249,120000507,212298150,2972,115538,0
22:03:42:449,120000509,212403088,2991,113579,0
22:03:42:649,120000503,212426378,2969,114609,0
22:03:42:849,120000450,212179004,2966,118932,0
22:03:43:249,120000479,265133914,404,165,0
22:03:43:449,120000456,259266781,703,13879,0
22:03:43:649,120000506,212151364,2976,120361,0
22:03:43:849,120000445,212275860,2966,118771,0
22:03:44:049,120000508,212247766,2972,118839,0
22:03:44:249,120000511,212283222,2977,117623,0
22:03:44:449,120000516,212274575,2961,118048,0
22:03:44:649,120000468,212107000,2959,122407,0
22:03:44:849,120000507,212479396,2970,113119,0
22:03:45:049,120000515,212341102,2978,115416,0
22:03:45:249,120000515,212338384,2969,115319,0
22:03:45:449,120000502,212335833,2971,114737,0
22:03:45:649,120000441,212198877,2958,119046,0
22:03:45:849,120000513,212502241,2971,112454,0
22:03:46:049,120000453,212283830,2968,117757,0
22:03:46:249,120000515,212466671,2975,113888,0
22:03:46:449,120000506,212320220,2980,118310,0
22:03:46:649,120000509,212378147,2968,115920,0
22:03:46:849,120000503,212389692,2984,114590,0
22:03:47:049,120000509,212336186,2968,115747,0
22:03:47:249,120000430,212389165,2963,114918,0
22:03:47:449,120000498,212255353,2969,119399,0
22:03:47:649,120000511,212061280,2978,122679,0
22:03:47:849,120000450,212353665,2967,114406,0
22:03:48:049,120000503,212302662,2972,116071,0
22:03:48:249,120000447,212340199,2971,115398,0
22:03:48:449,120000514,212146907,2969,120511,0
22:03:48:649,120000514,212510265,2985,111783,0
22:03:48:849,120000504,212389506,2959,115779,0
22:03:49:049,120000458,212240151,2974,117218,0
22:03:49:249,120000515,212475802,2973,111932,0
22:03:49:449,120000452,212267629,2963,117556,0
22:03:49:649,120000509,212282721,2969,117244,0
22:03:49:849,120000509,212332334,2978,115901,0
22:03:50:049,120000433,212245318,2973,118726,0
22:03:50:249,120000450,212218544,2955,120475,0
22:03:50:449,120000444,211907356,2967,127058,0
22:03:50:649,120000517,212414439,2971,115097,0
22:03:50:849,120000444,212312865,2963,116265,0
22:03:51:049,120000508,212457983,2969,112908,0
22:03:51:249,120000515,212294189,2967,119312,0
22:03:51:449,120000500,212392798,2967,116568,0
22:03:51:649,120000512,212290330,2984,117233,0
22:03:51:849,120000506,212275583,2960,117731,0
22:03:52:049,120000447,212290129,2973,116998,0
22:03:52:249,120000448,212303968,2978,117915,0
22:03:52:449,120000506,212427780,2965,114699,0
22:03:52:649,120000521,212245632,2975,118141,0
22:03:52:849,120000518,212316596,2983,116735,0
22:03:53:049,120000444,212268398,2960,118306,0
22:03:53:249,120000510,212186060,2964,119719,0
22:03:53:449,120000453,212127510,2969,121358,0
22:03:53:649,120000515,212341740,2970,116381,0
22:03:53:849,120000506,212165385,2963,119894,0
22:03:54:049,120000505,212346913,2965,115748,0
22:03:54:249,120000507,212198734,2993,120217,0
22:03:54:449,120000442,212131513,2966,121544,0
22:03:54:649,120000504,212168999,2967,121648,0
22:03:54:849,120000450,212052119,2971,122583,0
22:03:55:049,120000511,212239590,2967,118160,0
22:03:55:249,120000506,212393704,2977,114258,0
22:03:55:449,120000509,212340656,2976,115572,0
22:03:55:649,120000508,212403309,2977,114922,0
22:03:55:849,120000513,212342445,2962,115232,0
22:03:56:049,120000452,212122306,2962,121040,0
22:03:56:249,120000506,212257908,2965,118364,0
22:03:56:449,120000509,212297794,2995,117937,0
22:03:56:649,120000404,212219423,2963,119144,0
22:03:56:849,120000441,212379012,2973,114350,0
22:03:57:049,120000511,212115690,2978,121589,0
22:03:57:249,120000511,212347916,2964,116577,0
22:03:57:449,120000442,212147019,2960,120884,0
22:03:57:649,120000508,212187759,2971,119212,0
22:03:57:849,120000440,212122807,2973,122702,0
22:03:58:049,120000511,212198745,2969,120056,0
22:03:58:249,120000450,212454299,2976,113827,0
22:03:58:849,120000440,265134205,403,161,0
22:03:58:849,120000440,265134205,403,161,0
22:03:59:049,120000511,215372304,2827,112264,0
22:03:59:249,120000465,212470099,2968,113500,0
22:03:59:449,120000506,212290259,2966,118179,0
22:03:59:649,120000507,212359304,2980,114945,0
22:03:59:849,120000518,212350238,2974,116187,0
22:04:00:049,120000513,212291721,2973,116930,0
22:04:00:249,120000504,212228335,2962,120425,0
22:04:00:449,120000458,212404566,2968,114767,0
22:04:00:649,120000515,212224858,2969,119665,0
22:04:00:849,120000514,212285105,2988,115872,0
22:04:01:049,120000452,212044209,2965,124019,0
22:04:01:249,120000509,212452064,2965,113015,0
22:04:01:449,120000517,212303936,2977,117746,0
22:04:01:649,120000507,212306610,2968,118434,0
22:04:01:849,120000458,212342020,2972,116073,0
22:04:02:049,120000509,212447144,2968,112762,0
22:04:02:249,120000517,212473374,2970,113973,0
22:04:02:449,120000507,212364642,2972,117886,0
22:04:02:649,120000449,212306615,2961,117071,0
22:04:02:849,120000512,212247188,2971,118061,0
22:04:03:049,120000511,212273782,2976,118413,0
22:04:03:249,120000450,212255784,2960,118216,0
22:04:03:449,120000512,212162775,2962,120016,0
22:04:03:649,120000518,212266229,2986,118751,0
22:04:03:849,120000500,212457093,2974,114097,0
22:04:04:049,120000433,212270824,2972,117770,0
22:04:04:249,120000510,212352065,2970,117033,0
22:04:04:449,120000452,212241039,2965,117750,0
22:04:04:649,120000517,212299419,2976,116571,0
22:04:04:849,120000510,212231441,2979,118296,0
22:04:05:049,120000506,212338657,2966,116904,0
22:04:05:249,120000512,212161373,2973,122072,0
22:04:05:449,120000458,212300687,2978,116213,0
22:04:05:649,120000514,212304109,2966,116668,0
22:04:05:849,120000453,212200845,2958,119776,0
22:04:06:049,120000447,212308123,2968,117702,0
22:04:06:249,120000511,212290689,2983,118917,0
22:04:06:449,120000511,212316855,2972,116926,0
22:04:06:649,120000453,212272444,2959,117893,0
22:04:06:849,120000512,212372353,2967,114572,0
22:04:07:049,120000447,212246743,2969,118034,0
22:04:07:249,120000508,212293009,2975,117560,0
22:04:07:449,120000518,212450370,2971,113181,0
22:04:07:649,120000452,212347434,2973,115832,0
22:04:07:849,120000509,212303057,2978,118025,0
22:04:08:049,120000445,212280143,2965,117238,0
22:04:08:249,120000507,212391073,2966,114584,0
22:04:08:449,120000508,212112261,2978,120357,0
22:04:08:649,120000510,212364161,2971,116565,0
22:04:08:849,120000452,212111014,2973,121175,0
22:04:09:049,120000503,212160723,2970,119869,0
22:04:09:249,120000515,212185279,2974,119362,0
22:04:09:449,120000506,212359066,2964,114920,0
22:04:09:649,120000450,212311376,2959,116575,0
22:04:09:849,120000446,212374915,2973,114744,0
22:04:10:049,120000505,212439025,2966,113526,0
22:04:10:249,120000512,212372215,2979,115799,0
22:04:10:449,120000517,212488504,2963,113601,0
22:04:10:649,120000445,212235576,2984,117585,0
22:04:10:849,120000505,212465691,2966,112425,0
22:04:11:049,120000442,212293254,2964,117801,0
22:04:11:249,120000504,212282728,2971,117188,0
22:04:11:449,120000512,212278415,2975,116708,0
22:04:11:649,120000509,212342777,2967,116421,0
22:04:11:849,120000511,212528627,2980,111275,0
22:04:12:049,120000507,212477392,2982,113131,0
22:04:12:249,120000508,212451319,2965,112932,0
22:04:12:449,120000448,212288307,2965,119100,0
22:04:12:649,120000510,212265024,2967,117044,0
22:04:12:849,120000512,212098155,2968,121212,0
22:04:13:049,120000510,212403313,2972,114005,0
22:04:13:249,120000512,212472802,2982,113202,0
22:04:13:449,120000515,212058882,2969,122068,0
22:04:13:649,120000452,212378036,2965,115764,0
22:04:14:249,120000444,265134009,403,162,0
22:04:14:249,120000444,265134009,403,162,0
22:04:14:449,120000513,224201762,2407,89196,0
22:04:14:649,120000444,212344284,2967,114295,0
22:04:14:849,120000509,212434873,2974,115221,0
22:04:15:049,120000506,212222166,2978,118750,0
22:04:15:249,120000506,212312585,2963,115884,0
22:04:15:449,120000521,212430424,2971,113419,0
22:04:15:649,120000511,212356068,2967,115597,0
22:04:15:849,120000517,212067430,2980,122353,0
22:04:16:049,120000446,212150529,2969,120711,0
22:04:16:249,120000511,212289291,2967,116912,0
22:04:16:449,120000513,212132286,2967,120871,0
22:04:16:649,120000503,212299534,2976,118743,0
22:04:16:849,120000430,212344351,2970,116075,0
22:04:17:049,120000504,212385900,2973,115040,0
22:04:17:249,120000430,212206117,2964,118239,0
22:04:17:449,120000512,212250060,2969,119207,0
22:04:17:649,120000504,212290730,2983,116777,0
22:04:17:849,120000505,212441333,2970,114023,0
22:04:18:049,120000513,212469621,2972,112609,0
22:04:18:249,120000452,212369347,2961,114325,0
22:04:18:449,120000506,212542804,2975,112473,0
22:04:18:649,120000449,212303004,2969,115900,0
22:04:18:849,120000506,212397005,2972,114234,0
22:04:19:049,120000452,212525162,2973,110796,0
22:04:19:249,120000514,212400828,2971,114223,0
22:04:19:449,120000507,212237437,2967,118055,0
22:04:19:649,120000512,212502238,2967,112455,0
22:04:19:849,120000509,212462339,2970,114621,0
22:04:20:049,120000506,212168093,2967,120362,0
22:04:20:249,120000503,212341206,2974,116001,0
22:04:20:449,120000506,212157834,2964,119951,0
22:04:20:649,120000509,212187741,2974,119038,0
22:04:20:849,120000446,212411032,2974,113758,0
22:04:21:049,120000518,212410786,2968,115094,0
22:04:21:249,120000438,212179521,2962,120045,0
22:04:21:449,120000504,212275786,2970,117865,0
22:04:21:649,120000501,212427940,2972,113295,0
22:04:21:849,120000508,212244048,2972,120001,0
22:04:22:049,120000504,212447668,2980,115328,0
22:04:22:249,120000506,212257265,2966,117563,0
22:04:22:449,120000512,212525434,2971,110936,0
22:04:22:649,120000518,212409043,2966,115942,0
22:04:22:849,120000503,212436300,2974,113436,0
22:04:23:049,120000449,212254379,2967,118393,0
22:04:23:249,120000509,212251488,2970,118565,0
22:04:23:449,120000512,212351743,2981,114905,0
22:04:23:649,120000518,212360639,2969,114907,0
22:04:23:849,120000441,212265825,2964,118296,0
22:04:24:049,120000508,212107445,2971,121993,0
22:04:24:249,120000512,212418117,2974,115290,0
22:04:24:449,120000512,212299245,2967,118255,0
22:04:24:649,120000515,212363862,2969,115424,0
22:04:24:849,120000506,212335750,2967,116401,0
22:04:25:049,120000450,212427295,2969,112750,0
22:04:25:249,120000446,212478477,2974,112084,0
22:04:25:449,120000505,212333425,2970,116188,0
22:04:25:649,120000506,212149120,2992,121014,0
22:04:25:849,120000506,212298589,2965,116663,0
22:04:26:049,120000458,212246144,2964,117754,0
22:04:26:249,120000509,212195598,2967,119700,0
22:04:26:449,120000515,212336360,2985,116346,0
22:04:26:649,120000509,212353543,2959,115839,0
22:04:26:849,120000515,212402457,2974,113582,0
22:04:27:049,120000503,212276680,2972,117882,0
22:04:27:249,120000509,212284394,2968,118859,0
22:04:27:449,120000433,212427788,2978,113093,0
22:04:27:649,120000507,212239246,2973,118813,0
22:04:27:849,120000430,211919658,2964,127914,0
22:04:28:049,120000501,212240679,2970,119070,0
22:04:28:249,120000497,212451051,2977,112295,0
22:04:28:449,120000506,212433642,2962,114226,0
22:04:28:649,120000506,212344067,2976,115632,0
22:04:28:849,120000506,212209129,2968,118481,0
22:04:29:049,120000438,212354631,2962,114907,0
22:04:29:649,120000448,265133992,403,161,0
22:04:29:649,120000448,265133992,403,161,0
22:04:29:849,120000514,232924356,1978,71272,0
22:04:30:049,120000450,212331038,2968,116088,0
22:04:30:249,120000515,212293206,2974,117359,0
22:04:30:449,120000506,212318669,2980,115800,0
22:04:30:649,120000506,212315063,2968,115674,0
22:04:30:849,120000468,212374994,2963,114739,0
22:04:31:049,120000507,212280129,2970,117563,0
22:04:31:249,120000518,212225015,2969,119150,0
22:04:31:449,120000461,212299530,2969,117087,0
22:04:31:649,120000508,212359130,2969,116022,0
22:04:31:849,120000449,212299938,2958,116817,0
22:04:32:049,120000506,212265239,2971,120179,0
22:04:32:249,120000452,212450931,2975,114835,0
22:04:32:449,120000520,212157095,2968,121544,0
22:04:32:649,120000507,212375965,2970,115419,0
22:04:32:849,120000508,212199163,2967,118856,0
22:04:33:049,120000504,212321008,2973,116316,0
22:04:33:249,120000512,212334336,2964,116609,0
22:04:33:449,120000512,212444415,2989,113005,0
22:04:33:649,120000444,212325257,2975,115826,0
22:04:33:849,120000505,212356317,2970,115327,0
22:04:34:049,120000506,211946274,2970,125873,0
22:04:34:249,120000506,212467099,2974,113255,0
22:04:34:449,120000508,212475215,2985,114337,0
22:04:34:649,120000510,212248088,2965,118043,0
22:04:34:849,120000452,212233383,2967,118392,0
22:04:35:049,120000506,212327328,2971,116745,0
22:04:35:249,120000500,212239286,2974,118246,0
22:04:35:449,120000508,212212783,2968,119899,0
22:04:35:649,120000453,212186355,2967,119291,0
22:04:35:849,120000506,212238902,2974,119983,0
22:04:36:049,120000506,212402056,2966,113901,0
22:04:36:249,120000447,212303142,2974,118088,0
22:04:36:449,120000502,212291790,2967,118135,0
22:04:36:649,120000444,212401975,2962,115941,0
22:04:36:849,120000511,212263658,2966,118058,0
22:04:37:049,120000447,212452404,2963,114292,0
22:04:37:249,120000507,212294472,2971,117584,0
22:04:37:449,120000515,212140329,2981,120715,0
22:04:37:649,120000507,212468191,2961,113356,0
22:04:37:849,120000518,212456422,2978,114121,0
22:04:38:049,120000449,212248839,2969,118745,0
22:04:38:249,120000514,212255476,2966,118321,0
22:04:38:449,120000453,212297554,2975,116970,0
22:04:38:649,120000520,212355500,2969,116615,0
22:04:38:849,120000441,212067411,2966,123038,0
22:04:39:049,120000506,212441402,2965,113573,0
22:04:39:249,120000512,212361481,2980,115400,0
22:04:39:449,120000512,212182845,2966,119994,0
22:04:39:649,120000452,212337173,2973,116232,0
22:04:39:849,120000508,212122995,2973,121691,0
22:04:40:049,120000507,212249767,2972,119003,0
22:04:40:249,120000458,212329690,2975,115666,0
22:04:40:449,120000515,212383193,2978,115766,0
22:04:40:649,120000444,212289102,2972,116558,0
22:04:40:849,120000502,212153714,2967,121547,0
22:04:41:049,120000506,212335731,2984,114394,0
22:04:41:249,120000506,212284185,2961,117846,0
22:04:41:449,120000449,212392534,2959,115475,0
22:04:41:649,120000512,212389477,2969,113900,0
22:04:41:849,120000515,212194276,2971,119683,0
22:04:42:049,120000503,212213239,2971,118694,0
22:04:42:249,120000503,212374981,2977,116035,0
22:04:42:449,120000438,212289730,2962,117669,0
22:04:42:649,120000514,212268019,2963,117573,0
22:04:42:849,120000512,212295584,2979,116916,0
22:04:43:049,120000511,212329268,2967,115396,0
22:04:43:249,120000453,212392011,2972,113909,0
22:04:43:449,120000509,212339099,2962,115365,0
22:04:43:649,120000450,212220946,2972,117757,0
22:04:43:849,120000505,212123396,2965,121299,0
22:04:44:049,120000443,212244155,2968,118281,0
22:04:44:249,120000509,212394011,2973,114762,0
22:04:44:449,120000444,212311128,2962,117244,0
22:04:45:049,120000467,265133776,403,149,0
22:04:45:049,120000467,265133776,403,149,0
22:04:45:249,120000509,241944104,1539,50751,0
22:04:45:449,120000519,212294560,2983,116321,0
22:04:45:649,120000512,212301754,2964,117171,0
22:04:45:849,120000510,212466600,2971,113473,0
22:04:46:049,120000509,212311227,2972,117387,0
22:04:46:249,120000446,212504502,2965,112859,0
22:04:46:449,120000502,212133371,2964,122565,0
22:04:46:649,120000518,212315135,2976,116398,0
22:04:46:849,120000462,212113541,2970,123876,0
22:04:47:049,120000457,212346996,2956,115750,0
22:04:47:249,120000515,212136307,2988,122223,0
22:04:47:449,120000506,212197030,2967,120171,0
22:04:47:649,120000458,212309618,2961,118145,0
22:04:47:849,120000514,212269674,2969,116985,0
22:04:48:049,120000513,212480085,2974,112059,0
22:04:48:249,120000497,212311168,2967,116351,0
22:04:48:449,120000515,212294575,2974,117084,0
22:04:48:649,120000503,212473022,2961,113780,0
22:04:48:849,120000505,212234827,2974,117722,0
22:04:49:049,120000442,212324572,2963,115878,0
22:04:49:249,120000516,212286256,2969,116671,0
22:04:49:449,120000510,212290320,2982,117637,0
22:04:49:649,120000512,212369001,2966,114405,0
22:04:49:849,120000452,212390626,2968,116597,0
22:04:50:049,120000506,212328113,2965,116718,0
22:04:50:249,120000444,212386954,2965,115793,0
22:04:50:449,120000505,212291734,2967,117754,0
22:04:50:649,120000500,212220644,2977,118552,0
22:04:50:849,120000500,212459073,2967,112934,0
22:04:51:049,120000497,212308406,2971,116413,0
22:04:51:249,120000452,212210542,2963,119394,0
22:04:51:449,120000515,212343530,2962,115922,0
22:04:51:649,120000511,212276613,2977,118778,0
22:04:51:849,120000507,212354018,2973,116502,0
22:04:52:049,120000455,212396459,2974,115359,0
22:04:52:249,120000512,212346120,2970,117020,0
22:04:52:449,120000442,212275885,2962,117489,0
22:04:52:649,120000501,212226627,2966,118499,0
22:04:52:849,120000502,212509461,2987,111104,0
22:04:53:049,120000507,212507066,2968,113464,0
22:04:53:249,120000497,212295145,2978,116230,0
22:04:53:449,120000452,212284689,2976,116559,0
22:04:53:649,120000445,212155554,2962,119663,0
22:04:53:849,120000498,212229969,2979,118464,0
22:04:54:049,120000503,212188846,2962,119702,0
22:04:54:249,120000452,212334925,2961,115938,0
22:04:54:449,120000503,211981764,2966,125770,0
22:04:54:649,120000450,212252891,2969,119638,0
22:04:54:849,120000508,212206298,2969,118701,0
22:04:55:049,120000436,212392083,2962,115439,0
22:04:55:249,120000512,212354810,2970,114573,0
22:04:55:449,120000507,212149184,2973,120787,0
22:04:55:649,120000458,212444886,2971,112499,0
22:04:55:849,120000509,212403942,2973,115878,0
22:04:56:049,120000458,212342774,2961,115841,0
22:04:56:249,120000515,212295417,2962,116827,0
22:04:56:449,120000512,212389252,2980,114406,0
22:04:56:649,120000511,212276050,2964,118530,0
22:04:56:849,120000512,212403359,2972,113133,0
22:04:57:049,120000506,212293141,2959,116982,0
22:04:57:249,120000447,212239757,2974,118574,0
22:04:57:449,120000511,212275287,2968,117904,0
22:04:57:649,120000516,212428640,2976,113506,0
22:04:57:849,120000503,212422856,2984,114012,0
22:04:58:049,120000503,212104006,2963,122352,0
22:04:58:249,120000509,212151420,2969,121399,0
22:04:58:449,120000508,212303376,2966,116223,0
22:04:58:649,120000450,212166318,2967,121094,0
22:04:58:849,120000509,212288254,2965,116635,0
22:04:59:049,120000506,212327880,2967,116333,0
22:04:59:249,120000515,212413411,2963,114042,0
22:04:59:449,120000506,212548216,2982,111641,0
22:04:59:649,120000500,212318033,2965,115733,0
22:04:59:849,120000500,212229594,2981,119061,0
22:05:00:449,120000464,265133860,403,153,0
22:05:00:449,120000464,265133860,403,153,0
22:05:00:649,120000521,250674880,1114,31371,0
22:05:00:849,120000519,212360511,2983,116310,0
22:05:01:049,120000510,212512620,2962,113428,0
22:05:01:249,120000511,212203861,2980,118705,0
22:05:01:449,120000509,212235490,2968,119403,0
22:05:01:649,120000461,212394198,2965,113243,0
22:05:01:849,120000449,212384467,2980,115444,0
22:05:02:049,120000514,212147533,2971,121382,0
22:05:02:249,120000453,212359956,2961,117104,0
22:05:02:449,120000524,212225014,2976,118682,0
22:05:02:649,120000449,212390053,2972,114790,0
22:05:02:849,120000515,212267657,2968,117532,0
22:05:03:049,120000500,212245489,2978,118428,0
22:05:03:449,120000452,212355829,2965,115416,0
22:05:03:649,120000503,212248047,2971,118236,0
22:05:03:849,120000506,212199433,2983,118350,0
22:05:04:049,120000444,212271594,2964,117570,0
22:05:04:249,120000508,212156125,2965,120193,0
22:05:04:449,120000509,212380748,2976,115265,0
22:05:04:649,120000508,212166412,2965,119199,0
22:05:04:849,120000442,212224960,2968,119044,0
22:05:05:049,120000508,212088925,2968,123539,0
22:05:05:249,120000509,212378511,2986,115295,0
22:05:05:449,120000508,212290340,2962,117697,0
22:05:05:649,120000507,212522879,2977,111282,0
22:05:05:849,120000509,212296282,2960,116898,0
22:05:06:049,120000503,212226149,2966,117543,0
22:05:06:249,120000439,212419075,2985,114112,0
22:05:06:449,120000504,212237457,2975,118651,0
22:05:06:649,120000508,212548176,2982,111362,0
22:05:06:849,120000510,212311762,2966,117086,0
22:05:07:049,120000433,212345194,2958,115239,0
22:05:07:249,120000501,212281494,2970,118717,0
22:05:07:449,120000509,212157417,2980,119710,0
22:05:07:649,120000517,212448794,2965,113607,0
22:05:07:849,120000504,212595809,2979,110131,0
22:05:08:049,120000518,212266898,2964,117707,0
22:05:08:249,120000497,212316657,2977,116587,0
22:05:08:449,120001056,212487433,2965,113443,0
22:05:08:649,120000454,212241569,2960,118203,0
22:05:08:849,120000447,212287943,2974,117750,0
22:05:09:049,120000513,212652004,2974,107602,0
22:05:09:249,120000498,212153806,2972,120768,0
22:05:09:449,120000511,212504840,2970,112067,0
22:05:09:649,120000440,212152399,2974,120922,0
22:05:09:849,120000507,212404172,2971,113593,0
22:05:10:049,120000436,212387622,2970,114741,0
22:05:10:249,120000509,212369258,2966,115069,0
22:05:10:449,120000507,212341243,2971,115925,0
22:05:10:649,120000511,212161656,2976,120374,0
22:05:10:849,120000509,212509213,2974,111777,0
22:05:11:049,120000431,212151400,2978,120548,0
22:05:11:249,120000504,212270439,2971,118214,0
22:05:11:449,120000497,212288750,2976,117079,0
22:05:11:649,120000509,212181031,2965,119664,0
22:05:11:849,120000439,212173641,2965,120595,0
22:05:12:049,120000501,212302336,2969,117581,0
22:05:12:249,120000503,212388131,2984,115098,0
22:05:12:449,120000517,211876139,2966,127623,0
22:05:12:649,120000510,212276877,2973,117583,0
22:05:12:849,120000511,212283360,2963,118232,0
22:05:13:049,120000507,212328784,2968,116407,0
22:05:13:249,120000444,212184221,2974,119562,0
22:05:13:449,120000516,212026266,2967,123774,0
22:05:13:649,120000437,212457268,2967,112986,0
22:05:13:849,120000509,212200648,2973,120871,0
22:05:14:049,120000444,212423849,2965,116213,0
22:05:14:249,120000512,212188843,2971,120156,0
22:05:14:449,120000506,212243466,2980,117706,0
22:05:14:649,120000518,212346903,2961,115064,0
22:05:14:849,120000449,212271694,2968,117630,0
22:05:15:049,120000512,212341164,2977,115171,0
22:05:15:249,120000515,212305133,2974,116895,0
22:05:15:449,120000452,212347704,2972,116249,0
22:05:15:849,120000461,265133752,404,162,0
22:05:16:049,120000515,259408418,691,11915,0
22:05:16:249,120000519,212263085,2982,118235,0
22:05:16:449,120000522,212512655,2969,112267,0
22:05:16:649,120000504,212391159,2979,113942,0
22:05:16:849,120000507,212280089,2960,117072,0
22:05:17:049,120000518,212247726,2965,118758,0
22:05:17:249,120000462,212327835,2980,116938,0
22:05:17:449,120000504,212185169,2971,121320,0
22:05:17:649,120000447,212160078,2966,120644,0
22:05:17:849,120000520,212219233,2970,119381,0
22:05:18:049,120000511,212365867,2984,115792,0
22:05:18:249,120000512,212457947,2973,113539,0
22:05:18:449,120000447,212291519,2965,118141,0
22:05:18:649,120000513,212242904,2963,118318,0
22:05:18:849,120000515,212337111,2975,116666,0
22:05:19:049,120000507,212533299,2967,111110,0
22:05:19:249,120000515,212292145,2974,117042,0
22:05:19:449,120000441,212604984,2973,108121,0
22:05:19:649,120000510,212205288,2973,119722,0
22:05:19:849,120000516,212586441,2973,110496,0
22:05:20:049,120000506,212494806,2971,113611,0
22:05:20:249,120000511,212353491,2990,116105,0
22:05:20:449,120000498,212360069,2965,115583,0
22:05:20:649,120000449,212250172,2968,118065,0
22:05:20:849,120000514,212255715,2969,117720,0
22:05:21:049,120000512,212273815,2967,117499,0
22:05:21:249,120000507,212243194,2963,117484,0
22:05:21:449,120000511,212307050,2978,116065,0
22:05:21:649,120000436,212244619,2974,119588,0
22:05:21:849,120000510,212185687,2970,120223,0
22:05:22:049,120000448,212255231,2972,118068,0
22:05:22:249,120000511,212231816,2970,118711,0
22:05:22:449,120000506,212095836,2970,122197,0
22:05:22:649,120000512,212425381,2966,113764,0
22:05:22:849,120000458,212152770,2968,120932,0
22:05:23:049,120000509,212330891,2978,115689,0
22:05:23:249,120000458,212477016,2964,112631,0
22:05:23:449,120000514,212332422,2974,114729,0
22:05:23:649,120000513,212149762,2981,120360,0
22:05:23:849,120000444,212347668,2964,116929,0
22:05:24:049,120000510,212292104,2963,117073,0
22:05:24:249,120000513,212053696,2976,122846,0
22:05:24:449,120000512,212298238,2966,116896,0
22:05:24:649,120000452,212361005,2966,115420,0
22:05:24:849,120000514,212361282,2964,114060,0
22:05:25:049,120000442,212335577,2963,116244,0
22:05:25:249,120000508,212287003,2973,117068,0
22:05:25:449,120000449,212028640,2975,124014,0
22:05:25:649,120000514,212401969,2962,114246,0
22:05:25:849,120000437,212338847,2960,114981,0
22:05:26:049,120000437,212355195,2968,116691,0
22:05:26:249,120000498,212205785,2970,119566,0
22:05:26:449,120000441,212520393,2973,112155,0
22:05:26:649,120000510,212221444,2972,118035,0
22:05:26:849,120000445,212330213,2962,114927,0
22:05:27:049,120000508,212314590,2972,116169,0
22:05:27:249,120000509,212438387,2982,113590,0
22:05:27:449,120000500,212134496,2969,120831,0
22:05:27:649,120000509,212573663,2977,110965,0
22:05:27:849,120000503,212363210,2970,114578,0
22:05:28:049,120000500,212396422,2971,114941,0
22:05:28:249,120000449,212181992,2961,121055,0
22:05:28:449,120000509,212089553,2964,123001,0
22:05:28:649,120000445,212256842,2964,117894,0
22:05:28:849,120000500,211977636,2979,125841,0
22:05:29:049,120000447,212158205,2971,120195,0
22:05:29:249,120000515,212226056,2971,119363,0
22:05:29:449,120000444,212390323,2973,114828,0
22:05:29:649,120000505,212292005,2964,116662,0
22:05:29:849,120000500,212345597,2977,115222,0
22:05:30:049,120000509,212482393,2962,112283,0
22:05:30:249,120000500,212410043,2972,114263,0
22:05:30:449,120000441,212242838,2962,118393,0
22:05:30:649,120000511,212175909,2959,120813,0
22:05:30:849,120000436,212185540,2973,119462,0
22:05:31:449,120000464,265141330,401,162,0
22:05:31:449,120000464,265141330,401,162,0
22:05:31:649,120000440,215519784,2814,109737,0
22:05:31:849,120000511,212174605,2972,119663,0
22:05:32:049,120000503,212243892,2980,118633,0
22:05:32:249,120000509,212384281,2960,114684,0
22:05:32:449,120000433,212227611,2968,117302,0
22:05:32:649,120000525,212076689,2978,122591,0
22:05:32:849,120000511,212177900,2963,121239,0
22:05:33:049,120000446,212292123,2965,117245,0
22:05:33:249,120000524,212138274,2971,120701,0
22:05:33:449,120000503,212556235,2986,112312,0
22:05:33:649,120000503,212377650,2966,115728,0
22:05:33:849,120000515,212367661,2981,114980,0
22:05:34:049,120000506,212402355,2963,115033,0
22:05:34:249,120000514,212347786,2976,115417,0
22:05:34:449,120000510,212486508,2966,112787,0
22:05:34:649,120000517,212353639,2972,115678,0
22:05:34:849,120000450,212307596,2971,116819,0
22:05:35:049,120000517,212175675,2970,119471,0
22:05:35:249,120000447,212283855,2966,118427,0
22:05:35:449,120000508,212107036,2963,121943,0
22:05:35:649,120000510,212351028,2972,114320,0
22:05:35:849,120000515,212214355,2971,119011,0
22:05:36:049,120000509,212359063,2974,115144,0
22:05:36:249,120000506,212399681,2969,114765,0
22:05:36:449,120000446,212334810,2962,115736,0
22:05:36:649,120000518,212472049,2970,111087,0
22:05:36:849,120000508,212310585,2976,115729,0
22:05:37:049,120000507,212254374,2981,117390,0
22:05:37:249,120000500,212085192,2962,122688,0
22:05:37:449,120000430,212283915,2966,118443,0
22:05:37:649,120000504,212498845,2974,112282,0
22:05:37:849,120000430,212471251,2978,114119,0
22:05:38:049,120000504,212234950,2962,117544,0
22:05:38:249,120000503,212207108,2976,120055,0
22:05:38:449,120000506,212354524,2966,114884,0
22:05:38:649,120000441,212289522,2966,117998,0
22:05:38:849,120000505,212211140,2964,120011,0
22:05:39:049,120000503,212342867,2984,116593,0
22:05:39:249,120000447,212023864,2964,123869,0
22:05:39:449,120000508,212367618,2965,114892,0
22:05:39:649,120000506,212211539,2979,118372,0
22:05:39:849,120000506,212263086,2968,117883,0
22:05:40:049,120000446,212249646,2963,117716,0
22:05:40:249,120000512,212385327,2967,114763,0
22:05:40:449,120000512,212334360,2975,116482,0
22:05:40:649,120000509,212334518,2970,116358,0
22:05:40:849,120000506,212255417,2975,118229,0
22:05:41:049,120000509,212096540,2967,122706,0
22:05:41:249,120000503,212213985,2979,117949,0
22:05:41:449,120000433,212098538,2973,122963,0
22:05:41:649,120000513,212229570,2962,118983,0
22:05:41:849,120000512,212319657,2981,116142,0
22:05:42:049,120000511,212188291,2972,120234,0
22:05:42:249,120000451,212443065,2970,112283,0
22:05:42:449,120000520,212073609,2968,122642,0
22:05:42:649,120000510,212187114,2983,119543,0
22:05:42:849,120000503,212437514,2965,113924,0
22:05:43:049,120000435,212204338,2972,120134,0
22:05:43:249,120000504,212301883,2973,116819,0
22:05:43:449,120000515,212508209,2974,111617,0
22:05:43:649,120000450,212400148,2974,114777,0
22:05:43:849,120000515,212193522,2965,120547,0
22:05:44:049,120000441,212397097,2968,114282,0
22:05:44:249,120000516,212226766,2978,119022,0
22:05:44:449,120000442,212485113,2962,111977,0
22:05:44:649,120000513,212258589,2965,118064,0
22:05:44:849,120000513,212337680,2980,116804,0
22:05:45:049,120000512,212212682,2967,119046,0
22:05:45:249,120000446,212287569,2963,116932,0
22:05:45:449,120000503,212399338,2981,114075,0
22:05:45:649,120000512,212225142,2974,119207,0
22:05:45:849,120000458,212112635,2968,121951,0
22:05:46:049,120000515,212472712,2968,112024,0
22:05:46:249,120000452,212468129,2961,113167,0
22:05:46:849,120000447,265141609,401,168,0
22:05:46:849,120000447,265141609,401,168,0
22:05:47:049,120000449,224217435,2398,89958,0
22:05:47:249,120000512,212317988,2967,115656,0
22:05:47:449,120000512,212420974,2971,113596,0
22:05:47:649,120000442,212345360,2970,115579,0
22:05:47:849,120000504,212292195,2968,117572,0
22:05:48:049,120000465,212150661,2969,120698,0
22:05:48:249,120000506,212358409,2966,114905,0
22:05:48:449,120000453,212091573,2972,121548,0
22:05:48:649,120000523,212082325,2965,122774,0
22:05:48:849,120000501,212391555,2970,113166,0
22:05:49:049,120000500,212218634,2970,118553,0
22:05:49:249,120000502,212497535,2979,112451,0
22:05:49:449,120000503,212245510,2970,119063,0
22:05:49:649,120000450,212346080,2966,115150,0
22:05:49:849,120000506,212161150,2980,120471,0
22:05:50:049,120000511,212327832,2966,116733,0
22:05:50:249,120000456,212109981,2967,122066,0
22:05:50:449,120000514,212212952,2963,119397,0
22:05:50:649,120000507,212174500,2977,120581,0
22:05:50:849,120000509,212214923,2969,119029,0
22:05:51:049,120000506,212168314,2967,120607,0
22:05:51:249,120000503,212290638,2968,116167,0
22:05:51:449,120000503,212440352,2975,112827,0
22:05:51:649,120000509,212216948,2965,120081,0
22:05:51:849,120000449,212375320,2970,116253,0
22:05:52:049,120000447,212354794,2974,115004,0
22:05:52:249,120000513,212059894,2975,123271,0
22:05:52:449,120000453,212332915,2964,115574,0
22:05:52:649,120000455,212160676,2960,120698,0
22:05:52:849,120000458,212557079,2976,110316,0
22:05:53:049,120000506,212616715,2971,110302,0
22:05:53:249,120000441,212385049,2961,114133,0
22:05:53:449,120000510,212305584,2967,116710,0
22:05:53:649,120000512,212398006,2980,114595,0
22:05:53:849,120000512,212357394,2973,116767,0
22:05:54:049,120000507,212368618,2977,113899,0
22:05:54:249,120000450,212189518,2970,119889,0
22:05:54:449,120000435,212312148,2965,115910,0
22:05:54:649,120000450,212451619,2968,111940,0
22:05:54:849,120000506,212317532,2972,116396,0
22:05:55:049,120000506,212400353,2978,112451,0
22:05:55:249,120000518,212336997,2967,115487,0
22:05:55:449,120000503,212327940,2977,115997,0
22:05:55:649,120000500,212355756,2963,115834,0
22:05:55:849,120000449,212196571,2969,120084,0
22:05:56:049,120000515,212422287,2964,114945,0
22:05:56:249,120000512,212369192,2972,113579,0
22:05:56:449,120000508,212168261,2968,119879,0
22:05:56:649,120000509,212277134,2975,116045,0
22:05:56:849,120000425,212245330,2972,118230,0
22:05:57:049,120000507,212203338,2969,119370,0
22:05:57:249,120000446,212328599,2972,116065,0
22:05:57:449,120000517,212455639,2969,113562,0
22:05:57:649,120000442,212126233,2971,121469,0
22:05:57:849,120000514,212280614,2960,118870,0
22:05:58:049,120000506,212292848,2977,117410,0
22:05:58:249,120000512,212232116,2962,118889,0
22:05:58:449,120000509,212076742,2968,122590,0
22:05:58:649,120000503,212483035,2972,114390,0
22:05:58:849,120000514,212364253,2971,116007,0
22:05:59:049,120000437,212309259,2964,116464,0
22:05:59:249,120000507,212311948,2980,117430,0
22:05:59:449,120000442,212229082,2967,118905,0
22:05:59:649,120000509,212273268,2969,118235,0
22:05:59:849,120000510,212211618,2979,119741,0
22:06:00:049,120000509,212380095,2967,115231,0
22:06:00:249,120000511,212115506,2974,121239,0
22:06:00:449,120000509,212388412,2967,115177,0
22:06:00:649,120000507,212295041,2971,117149,0
22:06:00:849,120000509,212261659,2966,117659,0
22:06:01:049,120000506,212393161,2973,114852,0
22:06:01:249,120000447,212328785,2966,115476,0
22:06:01:449,120000441,212474308,2967,113101,0
22:06:01:649,120000507,212235041,2975,119601,0
22:06:02:249,120000453,265141786,401,167,0
22:06:02:249,120000453,265141786,401,167,0
22:06:02:449,120000463,232981301,1967,71808,0
22:06:02:649,120000501,212326617,2967,115729,0
22:06:02:849,120000512,212474451,2969,112270,0
22:06:03:049,120000442,212216544,2968,119207,0
22:06:03:249,120000498,212511427,2976,110186,0
22:06:03:449,120000468,212235184,2965,117627,0
22:06:03:649,120000507,212193773,2969,120518,0
22:06:03:849,120000445,212397117,2982,115651,0
22:06:04:049,120000508,212265849,2968,116541,0
22:06:04:249,120000510,212414756,2981,112831,0
22:06:04:449,120000509,212172682,2959,119816,0
22:06:04:649,120000434,212317812,2969,117592,0
22:06:04:849,120000507,212325632,2978,116754,0
22:06:05:049,120000512,212376198,2973,114221,0
22:06:05:249,120000506,212439122,2980,113087,0
22:06:05:449,120000503,212292715,2971,117183,0
22:06:05:649,120000449,212406771,2967,114690,0
22:06:05:849,120000509,212293831,2977,116149,0
22:06:06:049,120000458,212291898,2964,117148,0
22:06:06:249,120000509,212273727,2975,118555,0
22:06:06:449,120000450,212158360,2971,120250,0
22:06:06:649,120000505,212350183,2970,115677,0
22:06:06:849,120000430,212311095,2964,116305,0
22:06:07:049,120000504,212339873,2964,115841,0
22:06:07:249,120000505,212395378,2983,114668,0
22:06:07:449,120000437,212187615,2970,119631,0
22:06:07:649,120000504,212255848,2978,117057,0
22:06:07:849,120000458,212321540,2969,116789,0
22:06:08:049,120000509,212442528,2974,115071,0
22:06:08:249,120000500,212361426,2974,113910,0
22:06:08:449,120000505,212240806,2968,117028,0
22:06:08:649,120000512,212442146,2985,113773,0
22:06:08:849,120000513,212469556,2970,111923,0
22:06:09:049,120000436,212209143,2972,118882,0
22:06:09:249,120000510,212086478,2966,122184,0
22:06:09:449,120000503,212247183,2977,119573,0
22:06:09:649,120000441,212323718,2964,115747,0
22:06:09:849,120000443,212250726,2967,117812,0
22:06:10:049,120000513,212249293,2978,118478,0
22:06:10:249,120000507,212127827,2973,120319,0
22:06:10:449,120000447,212225822,2966,118990,0
22:06:10:649,120000514,212220527,2974,119644,0
22:06:10:849,120000506,212232192,2986,120448,0
22:06:11:049,120000512,212334437,2958,114720,0
22:06:11:249,120000515,212062403,2965,122910,0
22:06:11:449,120000512,212440997,2965,114884,0
22:06:11:649,120000500,212280658,2976,117325,0
22:06:11:849,120000446,212275194,2968,119339,0
22:06:12:049,120000446,212323201,2959,116400,0
22:06:12:249,120000449,212642002,2983,109838,0
22:06:12:449,120000518,212031415,2969,124663,0
22:06:12:649,120000509,212321210,2988,116245,0
22:06:12:849,120000512,212286747,2975,116553,0
22:06:13:049,120000503,212518353,2971,111280,0
22:06:13:249,120000503,212032751,2968,124687,0
22:06:13:449,120000512,212387377,2976,113732,0
22:06:13:649,120000506,212243160,2960,119364,0
22:06:13:849,120000506,212274030,2977,116141,0
22:06:14:049,120000458,212327657,2969,116074,0
22:06:14:249,120000515,212354545,2968,115686,0
22:06:14:449,120000506,212321625,2978,115650,0
22:06:14:649,120000512,212229293,2967,117490,0
22:06:14:849,120000455,212257212,2965,119182,0
22:06:15:049,120000520,212324117,2974,116217,0
22:06:15:249,120000436,212581963,2962,109946,0
22:06:15:449,120000507,212306921,2970,116870,0
22:06:15:649,120000507,212370479,2967,114982,0
22:06:15:850,120000512,212450582,2973,113718,0
22:06:16:050,120000515,212447882,2977,113257,0
22:06:16:250,120000433,212459492,2972,114118,0
22:06:16:450,120000504,212184121,2979,119552,0
22:06:16:650,120000441,212374942,2967,113394,0
22:06:16:850,120000451,212218786,2959,118376,0
22:06:17:050,120000442,212490566,2975,111627,0
22:06:17:650,120000465,265141899,401,159,0
22:06:17:650,120000465,265141899,401,159,0
22:06:17:850,120000459,241724624,1545,52433,0
22:06:18:050,120000458,212312321,2978,117692,0
22:06:18:250,120000511,212423411,2973,114765,0
22:06:18:450,120000458,212275523,2973,117883,0
22:06:18:650,120000509,212144857,2970,120996,0
22:06:18:850,120000528,212218045,2974,119176,0
22:06:19:050,120000513,212365853,2973,115932,0
22:06:19:250,120000512,212310202,2981,117596,0
22:06:19:450,120000516,212315981,2968,115840,0
22:06:19:650,120000510,212135237,2976,120853,0
22:06:19:850,120000504,212292833,2968,118361,0
22:06:20:050,120000512,212315537,2978,117094,0
22:06:20:250,120000509,212376020,2953,114921,0
22:06:20:450,120000497,212467441,2981,111920,0
22:06:20:650,120000449,212257427,2964,118250,0
22:06:20:850,120000520,212280457,2962,117502,0
22:06:21:050,120000450,212141570,2969,120566,0
22:06:21:250,120000515,212304317,2969,117213,0
22:06:21:450,120000446,212256997,2967,118407,0
22:06:21:650,120000509,212417553,2971,113251,0
22:06:21:850,120000512,212227599,2974,119074,0
22:06:22:050,120000506,212356116,2969,116416,0
22:06:22:250,120000518,212315136,2968,116255,0
22:06:22:450,120000503,212445085,2969,113938,0
22:06:22:650,120000449,212331332,2963,116504,0
22:06:22:850,120000436,212470437,2974,112339,0
22:06:23:050,120000515,212323775,2965,116248,0
22:06:23:250,120000450,212399124,2968,116281,0
22:06:23:450,120000509,212327231,2972,115690,0
22:06:23:650,120000447,212175841,2969,120092,0
22:06:23:850,120000502,212163518,2966,119850,0
22:06:24:050,120000506,212374013,2976,114965,0
22:06:24:250,120000500,212298769,2963,116149,0
22:06:24:450,120000506,212305114,2967,118092,0
22:06:24:650,120000509,212320516,2957,116392,0
22:06:24:850,120000509,212191832,2971,119397,0
22:06:25:050,120000518,212395586,2978,114601,0
22:06:25:250,120000506,212295915,2972,117327,0
22:06:25:450,120000452,212331342,2975,116344,0
22:06:25:650,120000500,212369396,2972,114203,0
22:06:25:850,120000449,212299275,2962,117114,0
22:06:26:050,120000512,212200658,2961,119018,0
22:06:26:250,120000515,212157268,2977,121428,0
22:06:26:450,120000512,212055784,2967,123847,0
22:06:26:650,120000506,212325231,2974,116067,0
22:06:26:850,120000518,212279065,2970,118250,0
22:06:27:050,120000512,212249757,2971,118387,0
22:06:27:250,120000438,212272321,2963,116562,0
22:06:27:450,120000508,212216227,2967,120745,0
22:06:27:650,120000505,212434788,2979,112254,0
22:06:27:850,120000515,212411052,2963,113216,0
22:06:28:050,120000437,212375746,2964,115310,0
22:06:28:250,120000510,212195057,2977,118837,0
22:06:28:450,120000503,212224068,2966,120127,0
22:06:28:650,120000503,212306069,2964,116700,0
22:06:28:850,120000515,212313228,2978,116240,0
22:06:29:050,120000506,212271836,2963,117225,0
22:06:29:250,120000512,212486527,2974,112465,0
22:06:29:450,120000458,212173919,2969,119210,0
22:06:29:650,120000509,212404929,2970,113420,0
22:06:29:850,120000514,212437024,2987,113951,0
22:06:30:050,120000515,212509106,2972,111437,0
22:06:30:250,120000509,212363701,2982,113788,0
22:06:30:450,120000510,212333744,2962,116563,0
22:06:30:650,120000452,212230668,2968,117906,0
22:06:30:850,120000503,212275348,2970,117236,0
22:06:31:050,120000455,212459824,2976,113442,0
22:06:31:250,120000518,212392647,2970,114748,0
22:06:31:450,120000497,212315124,2980,117422,0
22:06:31:650,120000452,212356518,2969,113897,0
22:06:31:850,120000518,212161141,2976,122196,0
22:06:32:050,120000452,211849044,2966,128635,0
22:06:32:250,120000509,212055212,2966,124006,0
22:06:32:450,120000518,212296198,2976,116713,0
22:06:33:050,120000472,265142037,401,156,0
22:06:33:050,120000472,265142037,401,156,0
22:06:33:250,120000519,250709450,1119,32042,0
22:06:33:450,120000446,212282062,2969,117238,0
22:06:33:650,120000508,212485174,2979,112945,0
22:06:33:850,120000458,212238938,2960,118412,0
22:06:34:050,120000514,212221462,2970,118999,0
22:06:34:250,120000523,212255972,2976,118027,0
22:06:34:450,120000510,212374841,2970,116564,0
22:06:34:650,120000439,212281909,2963,117899,0
22:06:34:850,120000509,212149057,2973,120700,0
22:06:35:050,120000524,212384593,2978,113914,0
22:06:35:250,120000509,212197170,2972,119465,0
22:06:35:450,120000515,212410332,2972,113680,0
22:06:35:650,120000444,212297223,2976,116659,0
22:06:36:050,120000520,212373038,2972,115591,0
22:06:36:250,120000501,212270124,2966,116736,0
22:06:36:450,120000446,212284153,2962,116243,0
22:06:36:650,120000512,212162635,2968,120347,0
22:06:36:850,120000518,212292725,2978,115537,0
22:06:37:050,120000508,212374268,2965,115070,0
22:06:37:250,120000513,212370667,2971,114471,0
22:06:37:450,120000503,212336887,2965,116183,0
22:06:37:650,120000506,212432231,2974,114952,0
22:06:37:850,120000455,212424640,2964,112742,0
22:06:38:050,120000447,212318190,2965,116577,0
22:06:38:250,120000514,212224966,2976,118411,0
22:06:38:450,120000509,212347032,2967,115847,0
22:06:38:650,120000452,212357404,2972,115638,0
22:06:38:850,120000512,212469561,2977,113073,0
22:06:39:050,120000512,212484218,2979,112360,0
22:06:39:250,120000515,212457463,2965,114371,0
22:06:39:450,120000506,212539442,2978,113860,0
22:06:39:650,120000512,212241367,2971,117888,0
22:06:39:850,120000515,212212935,2973,118971,0
22:06:40:050,120000446,212011653,2975,124243,0
22:06:40:250,120000452,212274743,2967,117232,0
22:06:40:450,120000439,212463344,2969,113624,0
22:06:40:650,120000504,212493902,2974,111087,0
22:06:40:850,120000430,212332249,2966,114729,0
22:06:41:050,120000509,212337532,2964,115190,0
22:06:41:250,120000512,212418124,2974,114134,0
22:06:41:450,120000507,212183323,2959,121164,0
22:06:41:650,120000458,212376041,2965,115459,0
22:06:41:850,120000509,212389789,2966,114417,0
22:06:42:050,120000455,212418507,2966,114183,0
22:06:42:250,120000430,212351262,2970,116514,0
22:06:42:450,120000509,212318108,2969,116243,0
22:06:42:650,120000453,212296502,2970,116741,0
22:06:42:850,120000506,212368719,2970,115589,0
22:06:43:050,120000449,212322647,2964,117433,0
22:06:43:250,120000518,212303862,2977,117880,0
22:06:43:450,120000449,212436863,2974,114498,0
22:06:43:650,120000506,212400376,2973,114058,0
22:06:43:850,120000506,212273546,2976,117086,0
22:06:44:050,120000518,212285001,2963,118241,0
22:06:44:250,120000506,212328074,2980,115398,0
22:06:44:450,120000509,212365147,2959,114065,0
22:06:44:650,120000446,212330893,2968,116325,0
22:06:44:850,120000458,212346915,2974,114660,0
22:06:45:050,120000447,212584818,2967,109768,0
22:06:45:250,120000510,212315845,2973,115723,0
22:06:45:450,120000513,212256483,2974,117153,0
22:06:45:650,120000449,212284875,2962,118684,0
22:06:45:850,120000503,212337456,2972,117554,0
22:06:46:050,120000458,212265455,2968,118281,0
22:06:46:250,120000511,212413461,2967,114187,0
22:06:46:450,120000510,212379396,2976,114072,0
22:06:46:650,120000518,212469000,2969,112766,0
22:06:46:850,120000509,212359672,2967,114826,0
22:06:47:050,120000444,212380348,2967,114475,0
22:06:47:250,120000505,212021769,2965,124281,0
22:06:47:450,120000503,212364846,2987,115258,0
22:06:47:650,120000517,212463979,2969,112767,0
22:06:47:850,120000498,212401943,2984,115934,0
22:06:48:050,120000514,212345544,2963,116902,0
22:06:48:450,120000474,265141458,402,163,0
22:06:48:650,120000524,259381035,693,14260,0
22:06:48:850,120000437,212283084,2971,117912,0
22:06:49:050,120000501,212417282,2975,114937,0
22:06:49:250,120000446,212480165,2966,112255,0
22:06:49:450,120000500,212397623,2975,116293,0
22:06:49:650,120000509,212228956,2966,119049,0
22:06:49:850,120000516,212289981,2963,117034,0
22:06:50:050,120000434,212143634,2969,121232,0
22:06:50:250,120000501,212166796,2972,120877,0
22:06:50:450,120000512,212363441,2977,116085,0
22:06:50:650,120000518,212298937,2968,116403,0
22:06:50:850,120000512,212470338,2972,112598,0
22:06:51:050,120000452,212324489,2963,115553,0
22:06:51:250,120000514,212292904,2975,117866,0
22:06:51:450,120000453,212348144,2969,115824,0
22:06:51:650,120000514,212192807,2960,119155,0
22:06:51:850,120000501,212300680,2980,117164,0
22:06:52:050,120000511,212380044,2964,114665,0
22:06:52:250,120000453,212219808,2965,118883,0
22:06:52:450,120000514,212235559,2969,118227,0
22:06:52:650,120000510,212216260,2982,119726,0
22:06:52:850,120000509,212226054,2957,119569,0
22:06:53:050,120000512,212228069,2969,118371,0
22:06:53:250,120000455,212213900,2972,119045,0
22:06:53:450,120000503,212418710,2977,113194,0
22:06:53:650,120000447,212249103,2970,119006,0
22:06:53:850,120000510,212357476,2971,115196,0
22:06:54:050,120000453,212330384,2970,116821,0
22:06:54:250,120000512,212402879,2967,114431,0
22:06:54:450,120000515,212374303,2986,115588,0
22:06:54:650,120000512,212310425,2963,117082,0
22:06:54:850,120000444,212233106,2965,117408,0
22:06:55:050,120000499,212314222,2975,116556,0
22:06:55:250,120000512,212296470,2967,116650,0
22:06:55:450,120000452,212249144,2968,120315,0
22:06:55:650,120000515,212542068,2973,111808,0
22:06:55:850,120000506,212461871,2973,113612,0
22:06:56:050,120000506,212344045,2967,115223,0
22:06:56:250,120000452,212280141,2964,116215,0
22:06:56:450,120000509,212265811,2974,116849,0
22:06:56:650,120000503,212288328,2977,118634,0
22:06:56:850,120000509,212516505,2970,111278,0
22:06:57:050,120000497,212168978,2980,121216,0
22:06:57:250,120000506,212502050,2967,112779,0
22:06:57:450,120000517,212452329,2976,112509,0
22:06:57:650,120000434,212370288,2962,115150,0
22:06:57:850,120000506,212332090,2967,116408,0
22:06:58:050,120000450,212265048,2973,117087,0
22:06:58:250,120000508,212253679,2961,117185,0
22:06:58:450,120000515,212314327,2977,116090,0
22:06:58:650,120000504,212338250,2964,116072,0
22:06:58:850,120000450,212422843,2963,113928,0
22:06:59:050,120000499,212184827,2967,119026,0
22:06:59:250,120000515,212397539,2980,113751,0
22:06:59:450,120000500,212208725,2961,119843,0
22:06:59:650,120000503,212451922,2978,114535,0
22:06:59:850,120000449,212207522,2967,119120,0
22:07:00:050,120000515,212168751,2968,119622,0
22:07:00:250,120000506,212297950,2981,118682,0
22:07:00:450,120000506,212246296,2959,117415,0
22:07:00:650,120000444,212255203,2966,118517,0
22:07:00:850,120000505,212299317,2961,117599,0
22:07:01:050,120000505,212310361,2981,115563,0
22:07:01:250,120000513,212289685,2966,117186,0
22:07:01:450,120000506,212473711,2982,113168,0
22:07:01:650,120000514,212455353,2957,113703,0
22:07:01:850,120000445,212183006,2970,120225,0
22:07:02:050,120000448,212360300,2973,114326,0
22:07:02:250,120000503,212306587,2973,116377,0
22:07:02:450,120000449,212325482,2969,116246,0
22:07:02:650,120000509,212189260,2975,119544,0
22:07:02:850,120000442,212263274,2963,116882,0
22:07:03:050,120000504,212409817,2966,115058,0
22:07:03:250,120000514,212213709,2982,117964,0
22:07:03:450,120000501,212182844,2966,120642,0
22:07:04:050,120000440,265133235,403,159,0
22:07:04:050,120000440,265133235,403,159,0
22:07:04:250,120000450,215238703,2827,112237,0
22:07:04:450,120000451,212281643,2962,117216,0
22:07:04:650,120000515,212208970,2986,118041,0
22:07:04:850,120000512,212298630,2959,118078,0
22:07:05:050,120000437,212346394,2970,115119,0
22:07:05:250,120000517,212459418,2962,112721,0
22:07:05:450,120000456,212390862,2970,114503,0
22:07:05:650,120000509,212336690,2970,116192,0
22:07:05:850,120000527,212328738,2966,116920,0
22:07:06:050,120000436,212231176,2972,118054,0
22:07:06:250,120000504,212300555,2970,118091,0
22:07:06:450,120000446,212281586,2967,118573,0
22:07:06:650,120000512,212095631,2971,122466,0
22:07:06:850,120000514,212339830,2982,115746,0
22:07:07:050,120000507,212288715,2966,118089,0
22:07:07:250,120000438,212276665,2966,116067,0
22:07:07:450,120000514,212015953,2969,123421,0
22:07:07:650,120000452,212270161,2969,117089,0
22:07:07:850,120000515,212301692,2963,116048,0
22:07:08:050,120000512,212136524,2969,121382,0
22:07:08:250,120000508,212360033,2966,115772,0
22:07:08:450,120000509,212271301,2975,116543,0
22:07:08:650,120000428,212368533,2965,114412,0
22:07:08:850,120000450,212342524,2962,116515,0
22:07:09:050,120000518,212284045,2977,116818,0
22:07:09:250,120000511,212387636,2972,114205,0
22:07:09:450,120000507,212414784,2989,115618,0
22:07:09:650,120000514,212362282,2963,114917,0
22:07:09:850,120000445,212329411,2963,116479,0
22:07:10:050,120000510,212090007,2968,122991,0
22:07:10:250,120000507,212163970,2974,120448,0
22:07:10:450,120000503,212396780,2961,113249,0
22:07:10:650,120000515,212420481,2977,113179,0
22:07:10:850,120000452,212080008,2962,122926,0
22:07:11:050,120000515,212163592,2973,120660,0
22:07:11:250,120000452,212243205,2958,116951,0
22:07:11:450,120000509,212249239,2960,119397,0
22:07:11:650,120000443,212413725,2971,114311,0
22:07:11:850,120000506,212355942,2967,115508,0
22:07:12:050,120000509,212346583,2984,115272,0
22:07:12:250,120000518,212231135,2966,119404,0
22:07:12:450,120000506,212462071,2974,114813,0
22:07:12:650,120000509,212264436,2966,117556,0
22:07:12:850,120000506,212210680,2970,120490,0
22:07:13:050,120000452,212330117,2966,116662,0
22:07:13:250,120000512,212159576,2976,120455,0
22:07:13:450,120000447,212249970,2963,118606,0
22:07:13:650,120000508,212391145,2960,117579,0
22:07:13:850,120000458,212052050,2972,123435,0
22:07:14:050,120000514,212314856,2965,115786,0
22:07:14:250,120000513,212080473,2971,122416,0
22:07:14:450,120000512,212554128,2965,111290,0
22:07:14:650,120000509,212364147,2980,115759,0
22:07:14:850,120000511,212389410,2968,114252,0
22:07:15:050,120000513,212357740,2979,114564,0
22:07:15:250,120000439,212576875,2962,109097,0
22:07:15:450,120000439,212087891,2964,121681,0
22:07:15:650,120000432,212474161,2975,111767,0
22:07:15:850,120000512,212299382,2965,116919,0
22:07:16:050,120000507,212232962,2985,118559,0
22:07:16:250,120000518,212350099,2969,116697,0
22:07:16:450,120000509,212444944,2978,112789,0
22:07:16:650,120000511,212297692,2968,117045,0
22:07:16:850,120000507,212170885,2966,119783,0
22:07:17:050,120000505,211914992,2966,127073,0
22:07:17:250,120000453,212364256,2966,116431,0
22:07:17:450,120000447,212401430,2976,114254,0
22:07:17:650,120000508,212302679,2964,117340,0
22:07:17:850,120000442,212141331,2970,120947,0
22:07:18:050,120000504,212463055,2963,111905,0
22:07:18:250,120000458,212363835,2964,115121,0
22:07:18:450,120000514,212324921,2973,116844,0
22:07:18:650,120000504,212312862,2967,116438,0
22:07:18:850,120000511,212448809,2971,114100,0
22:07:19:450,120000453,265133307,403,148,0
22:07:19:450,120000453,265133307,403,148,0
22:07:19:650,120000466,224067539,2401,91299,0
22:07:19:850,120000516,212446742,2978,113435,0
22:07:20:050,120000453,212341352,2968,115263,0
22:07:20:250,120000512,212467432,2971,114259,0
22:07:20:450,120000481,212374935,2965,113901,0
22:07:20:650,120000526,212017217,2964,124484,0
22:07:20:850,120000434,212245831,2960,119603,0
22:07:21:050,120000512,212223523,2966,119076,0
22:07:21:250,120000519,212505769,2982,112282,0
22:07:21:450,120000457,212241381,2969,117575,0
22:07:21:650,120000509,212381361,2975,114912,0
22:07:21:850,120000446,212372095,2971,114918,0
22:07:22:050,120000514,212461691,2963,112606,0
22:07:22:250,120000445,212248041,2962,119899,0
22:07:22:450,120000514,212258324,2967,117182,0
22:07:22:650,120000511,212235481,2979,118016,0
22:07:22:850,120000507,212222951,2959,118536,0
22:07:23:050,120000455,212302437,2973,117264,0
22:07:23:250,120000512,212432535,2971,114113,0
22:07:23:450,120000512,212348046,2972,116411,0
22:07:23:650,120000439,212203706,2968,119723,0
22:07:23:850,120000504,212160311,2968,120373,0
22:07:24:050,120000440,212203561,2976,121399,0
22:07:24:250,120000500,212278685,2968,117503,0
22:07:24:450,120000436,212276634,2973,117623,0
22:07:24:650,120000504,212313136,2967,116038,0
22:07:24:850,120000512,212168310,2966,121063,0
22:07:25:050,120000512,212358493,2967,114907,0
22:07:25:250,120000515,212222359,2984,118918,0
22:07:25:450,120000514,212403268,2961,114596,0
22:07:25:650,120000450,212258122,2962,118240,0
22:07:25:850,120000455,212217494,2970,118556,0
22:07:26:050,120000509,212536467,2966,112808,0
22:07:26:250,120000509,212451215,2975,112959,0
22:07:26:450,120000503,212196712,2967,119855,0
22:07:26:650,120000449,212266534,2966,117788,0
22:07:26:850,120000515,212183284,2967,121059,0
22:07:27:050,120000508,212303545,2980,116745,0
22:07:27:250,120000504,212249994,2970,118222,0
22:07:27:450,120000444,212188890,2969,119727,0
22:07:27:650,120000510,212254720,2967,118234,0
22:07:27:850,120000513,212409224,2971,113423,0
22:07:28:050,120000452,212647830,2971,109482,0
22:07:28:250,120000506,212157348,2971,119681,0
22:07:28:450,120000449,212250721,2970,118064,0
22:07:28:650,120000515,212286938,2967,117732,0
22:07:28:850,120000506,212287195,2970,117735,0
22:07:29:050,120000500,212353025,2967,115406,0
22:07:29:250,120000443,212173814,2977,120256,0
22:07:29:450,120000508,212270996,2970,116323,0
22:07:29:650,120000513,212183656,2968,119371,0
22:07:29:850,120000512,212199720,2964,119873,0
22:07:30:050,120000443,212183200,2967,119196,0
22:07:30:250,120000452,212243323,2974,118227,0
22:07:30:450,120000506,212156867,2970,120899,0
22:07:30:650,120000441,212168574,2968,119894,0
22:07:30:850,120000508,212169876,2964,121472,0
22:07:31:050,120000458,212272259,2974,118123,0
22:07:31:250,120000515,212176246,2970,119999,0
22:07:31:450,120000444,212289481,2963,117373,0
22:07:31:650,120000505,212476959,2974,111924,0
22:07:31:850,120000436,212501365,2965,113466,0
22:07:32:050,120000495,212476193,2976,111594,0
22:07:32:250,120000509,212199472,2967,119891,0
22:07:32:450,120000500,212199311,2968,119742,0
22:07:32:650,120000512,212380984,2976,116790,0
22:07:32:850,120000452,212189929,2962,119204,0
22:07:33:050,120000509,212350192,2974,117041,0
22:07:33:250,120000503,212371989,2978,115472,0
22:07:33:450,120000518,212284981,2958,117897,0
22:07:33:650,120000441,212491493,2960,111938,0
22:07:33:850,120000508,212343886,2973,116055,0
22:07:34:050,120000450,212402731,2966,113984,0
22:07:34:250,120000510,212217199,2967,117279,0
22:07:34:850,120000466,265141980,401,159,0
22:07:34:850,120000466,265141980,401,159,0
22:07:35:050,120000456,233169662,1976,68690,0
22:07:35:250,120000510,212322387,2968,115340,0
22:07:35:450,120000519,212182422,2977,119723,0
22:07:35:650,120000510,212240396,2973,117560,0
22:07:35:850,120000447,212225220,2965,118289,0
22:07:36:050,120000518,212429471,2974,113711,0
22:07:36:250,120000510,212320630,2979,115721,0
22:07:36:450,120000509,212351109,2968,116765,0
22:07:36:650,120000520,212531501,2974,111456,0
22:07:36:850,120000442,212050400,2969,123335,0
22:07:37:050,120000450,212368085,2965,114074,0
22:07:37:250,120000452,212392036,2975,116793,0
22:07:37:450,120000503,212076412,2965,123824,0
22:07:37:650,120000455,212242672,2970,118732,0
22:07:37:850,120000512,212379609,2976,115382,0
22:07:38:050,120000455,212421165,2963,113085,0
22:07:38:250,120000514,212126231,2964,121302,0
22:07:38:450,120000516,212347639,2972,115404,0
22:07:38:650,120000503,212396301,2954,115929,0
22:07:38:850,120000446,212156642,2962,120547,0
22:07:39:050,120000512,212320232,2983,116484,0
22:07:39:250,120000512,212323476,2963,117182,0
22:07:39:450,120000515,212448455,2983,115220,0
22:07:39:650,120000512,212341763,2966,115751,0
22:07:39:850,120000436,212374518,2969,115303,0
22:07:40:050,120000504,212427633,2969,114441,0
22:07:40:250,120000450,212425559,2965,113824,0
22:07:40:450,120000510,212434003,2966,114524,0
22:07:40:650,120000453,212460036,2967,113125,0
22:07:40:850,120000509,212248107,2966,118571,0
22:07:41:050,120000508,212407388,2971,114251,0
22:07:41:250,120000442,212246182,2974,119402,0
22:07:41:450,120000508,212290518,2971,116371,0
22:07:41:650,120000439,212414397,2959,113402,0
22:07:41:850,120000512,212230753,2964,117885,0
22:07:42:050,120000504,212264933,2980,118396,0
22:07:42:250,120000505,212239442,2959,118042,0
22:07:42:450,120000445,212320851,2969,117437,0
22:07:42:650,120000514,212351957,2969,115935,0
22:07:42:850,120000500,212119754,2981,122562,0
22:07:43:050,120000506,212416940,2968,113771,0
22:07:43:250,120000509,212451532,2975,114104,0
22:07:43:450,120000433,212391864,2975,115089,0
22:07:43:650,120000504,212376872,2968,115076,0
22:07:43:850,120000455,212114831,2965,120716,0
22:07:44:050,120000518,212310108,2972,117182,0
22:07:44:250,120000449,212138438,2977,121641,0
22:07:44:450,120000504,212207804,2965,119199,0
22:07:44:650,120000511,212261498,2962,117964,0
22:07:44:850,120000516,212270044,2964,118209,0
22:07:45:050,120000511,212255690,2973,116119,0
22:07:45:250,120000510,212176407,2970,120824,0
22:07:45:450,120000511,212361761,2982,115254,0
22:07:45:650,120000445,212254819,2965,117716,0
22:07:45:850,120000508,212355796,2972,115759,0
22:07:46:050,120000455,212306521,2968,117142,0
22:07:46:250,120000518,212393981,2971,115074,0
22:07:46:450,120000449,212341929,2972,115961,0
22:07:46:650,120000517,212490577,2970,111392,0
22:07:46:850,120000504,212388210,2972,115625,0
22:07:47:050,120000503,212219821,2965,118837,0
22:07:47:250,120000514,212421450,2974,112398,0
22:07:47:450,120000501,212163644,2958,120197,0
22:07:47:650,120000439,212371101,2965,116002,0
22:07:47:850,120000447,212390762,2971,114269,0
22:07:48:050,120000509,212318200,2971,115566,0
22:07:48:250,120000436,212218878,2970,118554,0
22:07:48:450,120000495,212257143,2967,117503,0
22:07:48:650,120000444,212346176,2972,114906,0
22:07:48:850,120000508,212481169,2975,112612,0
22:07:49:050,120000447,212377594,2965,114402,0
22:07:49:250,120000511,212227214,2965,118316,0
22:07:49:450,120000508,212385794,2981,115349,0
22:07:49:650,120000504,212345873,2961,115177,0
22:07:50:250,120000470,265141631,401,160,0
22:07:50:250,120000470,265141631,401,160,0
22:07:50:450,120000456,241780768,1548,52264,0
22:07:50:650,120000507,212446030,2976,112389,0
22:07:50:850,120000444,212537767,2971,110322,0
22:07:51:050,120000499,212498776,2967,112091,0
22:07:51:250,120000506,212394426,2969,114959,0
22:07:51:450,120000525,212346259,2970,115399,0
22:07:51:650,120000504,212365583,2986,114486,0
22:07:51:850,120000439,212356292,2966,115669,0
22:07:52:050,120000514,212308898,2968,117160,0
22:07:52:250,120000448,212289342,2959,116131,0
22:07:52:450,120000515,212165555,2967,121043,0
22:07:52:650,120000436,212300416,2978,116886,0
22:07:52:850,120000506,212332850,2967,116355,0
22:07:53:050,120000513,212117203,2969,122923,0
22:07:53:250,120000506,212374841,2961,115254,0
22:07:53:450,120000515,212309544,2980,117918,0
22:07:53:650,120000515,212266314,2970,117205,0
22:07:53:850,120000506,212569684,2968,111976,0
22:07:54:050,120000455,212336042,2964,116065,0
22:07:54:250,120000453,212358685,2964,116263,0
22:07:54:450,120000440,212246406,2982,117040,0
22:07:54:650,120000511,212334284,2968,117272,0
22:07:54:850,120000509,212354889,2984,116333,0
22:07:55:050,120000514,212419941,2968,113888,0
22:07:55:250,120000450,212353365,2966,116702,0
22:07:55:450,120000508,211906488,2959,127750,0
22:07:55:650,120000512,212288358,2981,116945,0
22:07:55:850,120000509,212379536,2960,115775,0
22:07:56:050,120000453,212214331,2966,119395,0
22:07:56:250,120000518,212369530,2973,115770,0
22:07:56:450,120000503,212409986,2976,114599,0
22:07:56:650,120000440,212267226,2967,118062,0
22:07:56:850,120000512,212211301,2971,118307,0
22:07:57:050,120000444,212347166,2962,115469,0
22:07:57:250,120000502,212429979,2967,113585,0
22:07:57:450,120000439,212415563,2966,113747,0
22:07:57:650,120000492,212282099,2962,118414,0
22:07:57:850,120000515,212204609,2980,119048,0
22:07:58:050,120000503,212311317,2960,117074,0
22:07:58:250,120000438,212237826,2968,118806,0
22:07:58:450,120000516,212517890,2965,111532,0
22:07:58:650,120000507,212363925,2968,115244,0
22:07:58:850,120000514,212284810,2982,116894,0
22:07:59:050,120000512,212328216,2973,117077,0
22:07:59:250,120000450,212397656,2964,114265,0
22:07:59:450,120000518,212232443,2969,118730,0
22:07:59:650,120000449,212289495,2963,118430,0
22:07:59:850,120000518,212455255,2967,112266,0
22:08:00:050,120000503,212334834,2977,117098,0
22:08:00:250,120000509,212242076,2960,119729,0
22:08:00:450,120000509,212329386,2974,116737,0
22:08:00:650,120000511,212530403,2965,113279,0
22:08:00:850,120000501,212364372,2972,114408,0
22:08:01:050,120000433,212200703,2971,119214,0
22:08:01:250,120000507,212106335,2970,123722,0
22:08:01:450,120000455,212332670,2969,116252,0
22:08:01:650,120000508,212054695,2966,124016,0
22:08:01:850,120000504,212215810,2974,118604,0
22:08:02:050,120000500,212324736,2963,116411,0
22:08:02:250,120000506,212133043,2969,120925,0
22:08:02:450,120000500,212348385,2965,115010,0
22:08:02:650,120000512,212278840,2981,117412,0
22:08:02:850,120000512,212269678,2960,116545,0
22:08:03:050,120000441,212250825,2958,118817,0
22:08:03:250,120000435,212347710,2977,117441,0
22:08:03:450,120000504,212238167,2971,118384,0
22:08:03:650,120000430,212302851,2962,116594,0
22:08:03:850,120000513,212270910,2968,118566,0
22:08:04:050,120000506,212208832,2966,118584,0
22:08:04:250,120000500,212219305,2968,120483,0
22:08:04:450,120000446,212331074,2966,116627,0
22:08:04:650,120000518,212325290,2970,117584,0
22:08:04:850,120000503,212258158,2985,119601,0
22:08:05:050,120000503,212301593,2969,117078,0
22:08:05:650,120000473,265141614,401,159,0
22:08:05:650,120000473,265141614,401,159,0
22:08:05:850,120000453,250587214,1125,31466,0
22:08:06:050,120000507,212316738,2968,117094,0
22:08:06:250,120000520,212261009,2981,119065,0
22:08:06:450,120000498,212442183,2964,113373,0
22:08:06:650,120000449,212234085,2970,118652,0
22:08:06:850,120000536,212469194,2972,113378,0
22:08:07:050,120000437,212293031,2964,118092,0
22:08:07:250,120000446,212526546,2975,111636,0
22:08:07:450,120000440,212442495,2959,113420,0
22:08:07:650,120000509,212201894,2977,118392,0
22:08:07:850,120000502,212228249,2968,119067,0
22:08:08:050,120000450,212339325,2961,116241,0
22:08:08:250,120000508,212328615,2970,116068,0
22:08:08:650,120000520,212255000,2968,117559,0
22:08:08:850,120000501,212212112,2977,120642,0
22:08:09:050,120000508,212358723,2960,115825,0
22:08:09:250,120000450,212306911,2966,116495,0
22:08:09:450,120000450,212188223,2971,119784,0
22:08:09:650,120000510,212340587,2966,115386,0
22:08:09:850,120000445,212221857,2971,119891,0
22:08:10:050,120000513,212281988,2973,117722,0
22:08:10:250,120000442,212391920,2967,113900,0
22:08:10:450,120000508,212430578,2966,113720,0
22:08:10:650,120000512,212326710,2976,115790,0
22:08:10:850,120000518,212309134,2967,117759,0
22:08:11:050,120000503,212277912,2974,116904,0
22:08:11:250,120000503,212275786,2961,118751,0
22:08:11:450,120000506,212304573,2967,117744,0
22:08:11:650,120000443,212570721,2975,108954,0
22:08:11:850,120000433,212448189,2962,112916,0
22:08:12:050,120000445,212491315,2979,112275,0
22:08:12:250,120000511,212252220,2968,119242,0
22:08:12:450,120000512,212300767,2980,116776,0
22:08:12:650,120000512,212154306,2963,120446,0
22:08:12:850,120000511,212025907,2971,124300,0
22:08:13:050,120000507,212456917,2965,112856,0
22:08:13:250,120000445,212207082,2965,118734,0
22:08:13:450,120000504,212161648,2968,121537,0
22:08:13:650,120000509,212216732,2973,118559,0
22:08:13:850,120000455,212130973,2973,120696,0
22:08:14:050,120000455,212344938,2958,115667,0
22:08:14:250,120000458,212365266,2974,116003,0
22:08:14:450,120000514,212275272,2964,117224,0
22:08:14:650,120000453,212172830,2967,119377,0
22:08:14:850,120000509,212394592,2968,114863,0
22:08:15:050,120000509,212140494,2966,120741,0
22:08:15:250,120000509,212356592,2968,114061,0
22:08:15:450,120000506,212349787,2980,114864,0
22:08:15:650,120000514,212175640,2964,120298,0
22:08:15:850,120000509,212109000,2968,122662,0
22:08:16:050,120000436,212407533,2973,113844,0
22:08:16:250,120000513,212242620,2976,117373,0
22:08:16:450,120000453,212198868,2967,119412,0
22:08:16:650,120000515,212217218,2967,118692,0
22:08:16:850,120000512,212479494,2981,112618,0
22:08:17:050,120000512,212290484,2964,115878,0
22:08:17:250,120000444,212336287,2971,115919,0
22:08:17:450,120000505,212278337,2963,116511,0
22:08:17:650,120000512,212203855,2970,119564,0
22:08:17:850,120000518,212504604,2969,111217,0
22:08:18:050,120000506,212243682,2977,117122,0
22:08:18:250,120000447,212280302,2977,117678,0
22:08:18:450,120000502,212457873,2969,112086,0
22:08:18:650,120000452,212326045,2961,118129,0
22:08:18:850,120000514,212294870,2964,117220,0
22:08:19:050,120000450,212432127,2972,114278,0
22:08:19:250,120000503,212533158,2965,112286,0
22:08:19:450,120000439,212400060,2969,114800,0
22:08:19:650,120000510,212255125,2961,117659,0
22:08:19:850,120000506,212299022,2986,117117,0
22:08:20:050,120000505,212165022,2967,121125,0
22:08:20:250,120000507,212294799,2969,116922,0
22:08:20:450,120000518,212370054,2970,114848,0
22:08:20:650,120000461,174094262,254,515685,0
22:08:20:850,120000440,173433246,0,547074,0
22:08:21:050,120000450,173450482,0,546160,0
22:08:21:250,120000449,173438612,0,546742,0
22:08:21:450,120000459,173418101,0,547689,0
22:08:21:650,120000448,173427015,0,547464,0
22:08:21:850,120000444,173392859,0,547880,0
22:08:22:050,120000444,173453849,1,546666,0
22:08:22:250,120000442,173624746,0,543189,0
22:08:22:450,120000447,173659971,0,542910,0
22:08:22:650,120000436,173521906,0,545984,0
22:08:22:850,120000449,173550194,0,545187,0
22:08:23:050,120000450,173564959,0,545121,0
22:08:23:250,120000443,173599432,0,545195,0
22:08:23:450,120000440,173616236,0,544594,0
22:08:23:650,120000454,173658907,0,543394,0
22:08:23:850,120000444,173750026,0,541735,0
22:08:24:050,120000451,173666056,1,542367,0
22:08:24:250,120000436,173826980,0,539693,0
22:08:24:450,120000445,173672802,0,542165,0
22:08:24:650,120000446,173726072,0,540905,0
22:08:24:850,120000441,173728694,0,541223,0
22:08:25:050,120000437,173797228,1,538845,0
22:08:25:250,120000440,173836166,0,538744,0
22:08:25:450,120000453,173883550,0,538206,0
22:08:25:650,120000447,173801343,0,538680,0
22:08:25:850,120000450,173745864,0,541095,0
22:08:26:050,120000451,173713887,0,540514,0
22:08:26:250,120000453,173731888,0,540969,0
22:08:26:450,120000459,173764585,1,539494,0
22:08:26:650,120000435,173825808,0,539083,0
22:08:26:850,120000462,173782473,0,538998,0
22:08:27:050,120000466,173860953,0,538002,0
22:08:27:250,120000449,173864935,0,536891,0
22:08:27:450,120000460,173839975,1,536715,0
22:08:27:650,120000442,173870583,0,537275,0
22:08:27:850,120000452,173812766,0,537452,0
22:08:28:050,120000449,173862962,0,537241,0
22:08:28:250,120000461,173912926,0,536191,0
22:08:28:450,120000454,173782373,0,539181,0
22:08:28:650,120000430,173862046,0,537937,0
22:08:28:850,120000451,173830509,0,538181,0
22:08:29:050,120000443,173695463,0,540671,0
22:08:29:250,120000466,173711626,0,539671,0
22:08:29:450,120000463,173821739,0,538822,0
22:08:29:650,120000432,173841174,0,538441,0
22:08:29:850,120000453,173839752,0,538649,0
22:08:30:050,120000441,173899251,0,538098,0
22:08:30:250,120000444,173853223,0,538603,0
22:08:30:450,120000456,173878948,0,538537,0
22:08:30:650,120000454,173939088,0,536331,0
22:08:30:850,120000453,173905562,0,536888,0
22:08:31:050,120000446,173907817,0,537135,0
22:08:31:250,120000446,173957244,0,536033,0
22:08:31:450,120000458,173909730,0,537243,0
22:08:31:650,120000432,173896886,0,536193,0
22:08:31:850,120000437,173871783,0,537293,0
22:08:32:050,120000437,173916654,0,536797,0
22:08:32:250,120000437,173921101,0,535836,0
22:08:32:450,120000450,173861442,0,537009,0
22:08:32:650,120000453,173846817,0,537735,0
22:08:32:850,120000453,173842109,0,536241,0
22:08:33:050,120000440,173958085,0,534520,0
22:08:33:250,120000456,173873979,0,536848,0
22:08:33:450,120000445,173822123,0,536862,0
22:08:33:650,120000449,173903354,1,535956,0
22:08:33:850,120000438,173927709,0,536233,0
22:08:34:050,120000447,173911900,0,536166,0
22:08:34:250,120000455,173954217,0,534116,0
22:08:34:450,120000433,174022138,0,532515,0
22:08:34:650,120000459,174023499,0,532448,0
22:08:34:850,120000442,173970549,0,534029,0
22:08:35:050,120000441,173859190,0,536196,0
22:08:35:250,120000440,173868895,0,535249,0